2025-08-11 07:08:00,929 [INFO] Activator:176 - 


2025-08-11 07:08:00,929 [INFO] Activator:177 - !SESSION log4j initialized
2025-08-11 07:08:06,945 [INFO] LogOutputStream:77 - [STDOUT_REDIRECT] 
2025-08-11 07:08:08,796 [INFO] ApplicationProperties:184 - Using Application install path: C:\ST\STM32CubeIDE_1.19.0\STM32CubeIDE\plugins\com.st.stm32cube.common.mx_6.15.0.202507011659
2025-08-11 07:08:08,818 [INFO] DbMcusXml:78 - Set database path to: C:\ST\STM32CubeIDE_1.19.0\STM32CubeIDE\plugins\com.st.stm32cube.common.mx_6.15.0.202507011659\\db\/mcu/
2025-08-11 07:08:08,819 [INFO] ApiDb:274 - Set plugin database path to: C:\ST\STM32CubeIDE_1.19.0\STM32CubeIDE\plugins\com.st.stm32cube.common.mx_6.15.0.202507011659\\db\/plugins/boardmanager/
2025-08-11 07:08:08,819 [WARN] ApiDb:259 - Overriding images path with different value:  => C:\ST\STM32CubeIDE_1.19.0\STM32CubeIDE\plugins\com.st.stm32cube.common.mx_6.15.0.202507011659\\db\/plugins/mcufinder/images/
2025-08-11 07:08:08,829 [INFO] ApiDb:250 - Set database path to: C:\Users\sumey\.stmcufinder\plugins\mcufinder//mcu/
2025-08-11 07:08:08,830 [INFO] DbMcusAds:125 - Set database path to: C:\Users\sumey\.stmcufinder\plugins\mcufinder//mcu/
2025-08-11 07:08:08,834 [INFO] CrossReferenceDbSqlite:203 - Set database path to: C:\Users\sumey\.stmcufinder\plugins\mcufinder//mcu/cs/
2025-08-11 07:08:08,965 [INFO] RulesReader:64 - Compatibility file has been processed (317 Rules)
2025-08-11 07:08:09,057 [INFO] DbMcusXml:78 - Set database path to: C:\ST\STM32CubeIDE_1.19.0\STM32CubeIDE\plugins\com.st.stm32cube.common.mx_6.15.0.202507011659\\db\/mcu/
2025-08-11 07:08:09,057 [INFO] ApiDb:274 - Set plugin database path to: C:\ST\STM32CubeIDE_1.19.0\STM32CubeIDE\plugins\com.st.stm32cube.common.mx_6.15.0.202507011659\\db\/plugins/boardmanager/
2025-08-11 07:08:09,057 [INFO] ApiDb:261 - Set plugin images path to: C:\ST\STM32CubeIDE_1.19.0\STM32CubeIDE\plugins\com.st.stm32cube.common.mx_6.15.0.202507011659\\db\/plugins/mcufinder/images/
2025-08-11 07:08:09,057 [WARN] DbFile:41 - Overriding database path with different value: C:\Users\sumey\.stmcufinder\plugins\mcufinder/ => C:\Users\sumey\.stmcufinder\plugins\mcufinder
2025-08-11 07:08:09,059 [INFO] ApiDb:250 - Set database path to: C:\Users\sumey\.stmcufinder\plugins\mcufinder//mcu/
2025-08-11 07:08:09,059 [WARN] DbFile:41 - Overriding database path with different value: C:\Users\sumey\.stmcufinder\plugins\mcufinder/ => C:\Users\sumey\.stmcufinder\plugins\mcufinder
2025-08-11 07:08:09,059 [INFO] DbMcusAds:125 - Set database path to: C:\Users\sumey\.stmcufinder\plugins\mcufinder//mcu/
2025-08-11 07:08:09,059 [WARN] DbFile:41 - Overriding database path with different value: C:\Users\sumey\.stmcufinder\plugins\mcufinder/ => C:\Users\sumey\.stmcufinder\plugins\mcufinder
2025-08-11 07:08:09,059 [WARN] DbFile:41 - Overriding database path with different value: C:\Users\sumey\.stmcufinder\plugins\mcufinder/ => C:\Users\sumey\.stmcufinder\plugins\mcufinder
2025-08-11 07:08:09,059 [INFO] CrossReferenceDbSqlite:203 - Set database path to: C:\Users\sumey\.stmcufinder\plugins\mcufinder//mcu/cs/
2025-08-11 07:08:09,157 [INFO] MainPanel:274 - HeapMemory: 268435456
2025-08-11 07:08:09,300 [INFO] DbMcusXml:78 - Set database path to: C:\ST\STM32CubeIDE_1.19.0\STM32CubeIDE\plugins\com.st.stm32cube.common.mx_6.15.0.202507011659\\db\/mcu/
2025-08-11 07:08:09,300 [INFO] ApiDb:274 - Set plugin database path to: C:\ST\STM32CubeIDE_1.19.0\STM32CubeIDE\plugins\com.st.stm32cube.common.mx_6.15.0.202507011659\\db\/plugins/boardmanager/
2025-08-11 07:08:09,300 [INFO] ApiDb:261 - Set plugin images path to: C:\ST\STM32CubeIDE_1.19.0\STM32CubeIDE\plugins\com.st.stm32cube.common.mx_6.15.0.202507011659\\db\/plugins/mcufinder/images/
2025-08-11 07:08:09,302 [WARN] DbFile:41 - Overriding database path with different value: C:\Users\sumey\.stmcufinder\plugins\mcufinder/ => C:\Users\sumey\.stmcufinder\plugins\mcufinder
2025-08-11 07:08:09,302 [INFO] ApiDb:250 - Set database path to: C:\Users\sumey\.stmcufinder\plugins\mcufinder//mcu/
2025-08-11 07:08:09,302 [WARN] DbFile:41 - Overriding database path with different value: C:\Users\sumey\.stmcufinder\plugins\mcufinder/ => C:\Users\sumey\.stmcufinder\plugins\mcufinder
2025-08-11 07:08:09,302 [INFO] DbMcusAds:125 - Set database path to: C:\Users\sumey\.stmcufinder\plugins\mcufinder//mcu/
2025-08-11 07:08:09,302 [WARN] DbFile:41 - Overriding database path with different value: C:\Users\sumey\.stmcufinder\plugins\mcufinder/ => C:\Users\sumey\.stmcufinder\plugins\mcufinder
2025-08-11 07:08:09,302 [WARN] DbFile:41 - Overriding database path with different value: C:\Users\sumey\.stmcufinder\plugins\mcufinder/ => C:\Users\sumey\.stmcufinder\plugins\mcufinder
2025-08-11 07:08:09,303 [INFO] CrossReferenceDbSqlite:203 - Set database path to: C:\Users\sumey\.stmcufinder\plugins\mcufinder//mcu/cs/
2025-08-11 07:08:09,320 [INFO] ApplicationProperties:184 - Using Application install path: C:\ST\STM32CubeIDE_1.19.0\STM32CubeIDE\plugins\com.st.stm32cube.common.mx_6.15.0.202507011659
2025-08-11 07:08:09,321 [INFO] PluginManage:196 - Search for loadable plugins [exclusion list=, ]
2025-08-11 07:08:09,323 [INFO] PluginManage:310 - Check plugin analytics
2025-08-11 07:08:09,436 [INFO] McuFinderGlobals:63 - Set McuFinder mode to 2 (CubeIDE integrated)
2025-08-11 07:08:09,528 [INFO] AnalyticsPlugin:253 - Accepted Software Licenses: 
2025-08-11 07:08:09,528 [INFO] AnalyticsPlugin:255 - Accepted CMSIS Pack Licenses: 
2025-08-11 07:08:09,528 [INFO] AnalyticsPlugin:257 - Accepted Firmware Licenses: 
2025-08-11 07:08:09,534 [INFO] PluginManage:359 - Loaded plugin analytics (category:tool,tabindex:-1)
2025-08-11 07:08:09,534 [INFO] PluginManage:310 - Check plugin cadmodel
2025-08-11 07:08:09,541 [INFO] CADModel:105 - Init CAD model plugin
2025-08-11 07:08:09,541 [INFO] PluginManage:359 - Loaded plugin cadmodel (category:power,tabindex:5)
2025-08-11 07:08:09,541 [INFO] PluginManage:310 - Check plugin clock
2025-08-11 07:08:09,550 [INFO] PluginManage:359 - Loaded plugin clock (category:base,tabindex:2)
2025-08-11 07:08:09,550 [INFO] PluginManage:310 - Check plugin ddr
2025-08-11 07:08:09,553 [INFO] PluginManage:359 - Loaded plugin ddr (category:tool,tabindex:6)
2025-08-11 07:08:09,553 [INFO] PluginManage:310 - Check plugin filemanager
2025-08-11 07:08:09,724 [INFO] PluginManage:359 - Loaded plugin filemanager (category:base,tabindex:10)
2025-08-11 07:08:09,724 [INFO] PluginManage:310 - Check plugin ipmanager
2025-08-11 07:08:09,731 [INFO] PluginManage:359 - Loaded plugin ipmanager (category:base,tabindex:5)
2025-08-11 07:08:09,732 [INFO] PluginManage:310 - Check plugin lpbam
2025-08-11 07:08:09,740 [INFO] PluginManage:359 - Loaded plugin lpbam (category:base,tabindex:0)
2025-08-11 07:08:09,740 [INFO] PluginManage:310 - Check plugin memorymap
2025-08-11 07:08:09,756 [INFO] PluginManage:359 - Loaded plugin memorymap (category:base,tabindex:4)
2025-08-11 07:08:09,756 [INFO] PluginManage:310 - Check plugin pinoutandconfiguration
2025-08-11 07:08:09,765 [INFO] PluginManage:359 - Loaded plugin pinoutandconfiguration (category:base,tabindex:1)
2025-08-11 07:08:09,765 [INFO] PluginManage:310 - Check plugin pinoutconfig
2025-08-11 07:08:09,860 [WARN] SupportedApi:132 - Cannot load RTOS API schema: s4s-elt-must-match.1: The content of 'definitions' must match (annotation?, (simpleType | complexType)?, (unique | key | keyref)*)). A problem was found starting at: attribute.
2025-08-11 07:08:10,010 [INFO] PluginManage:359 - Loaded plugin pinoutconfig (category:base,tabindex:0)
2025-08-11 07:08:10,010 [INFO] PluginManage:310 - Check plugin power
2025-08-11 07:08:10,019 [INFO] PluginManage:359 - Loaded plugin power (category:power,tabindex:4)
2025-08-11 07:08:10,020 [INFO] PluginManage:310 - Check plugin projectmanager
2025-08-11 07:08:10,036 [INFO] PluginManage:359 - Loaded plugin projectmanager (category:projectmanager,tabindex:4)
2025-08-11 07:08:10,036 [INFO] PluginManage:310 - Check plugin rif
2025-08-11 07:08:10,047 [INFO] PluginManage:359 - Loaded plugin rif (category:base,tabindex:3)
2025-08-11 07:08:10,047 [INFO] PluginManage:310 - Check plugin thirdparty
2025-08-11 07:08:10,213 [INFO] PluginManage:359 - Loaded plugin thirdparty (category:base,tabindex:-1)
2025-08-11 07:08:10,213 [INFO] PluginManage:310 - Check plugin tools
2025-08-11 07:08:10,213 [WARN] IntegrityCheckThread:84 - waiting for thirdparty lock release [integrity check]
2025-08-11 07:08:10,214 [INFO] IntegrityCheckThread:86 - entering critical section [integrity check]
2025-08-11 07:08:10,214 [INFO] ThirdPartyUpdaterWithRetryManager:70 - Updater plugin not ready yet. [1/15]
2025-08-11 07:08:10,216 [INFO] PluginManage:359 - Loaded plugin tools (category:base,tabindex:7)
2025-08-11 07:08:10,216 [INFO] PluginManage:310 - Check plugin tutovideos
2025-08-11 07:08:10,433 [INFO] PluginManage:359 - Loaded plugin tutovideos (category:base,tabindex:-1)
2025-08-11 07:08:10,433 [INFO] PluginManage:310 - Check plugin updater
2025-08-11 07:08:10,461 [INFO] PluginManage:359 - Loaded plugin updater (category:base,tabindex:12)
2025-08-11 07:08:10,461 [INFO] PluginManage:310 - Check plugin userauth
2025-08-11 07:08:10,466 [INFO] UserAuth:118 - Init User Auth plugin
2025-08-11 07:08:10,467 [INFO] PluginManage:359 - Loaded plugin userauth (category:base,tabindex:14)
2025-08-11 07:08:10,468 [INFO] PluginManage:283 - PluginManage : Loaded plugins [18]
2025-08-11 07:08:10,720 [INFO] PinOutPanel:1589 - setPackage(No Configuration,No Configuration)
2025-08-11 07:08:10,800 [INFO] CADModel:165 - CPN selected for project level
2025-08-11 07:08:10,800 [INFO] CADModel:114 - Register for checkConnection events
2025-08-11 07:08:10,818 [INFO] IPUIPlugin:80 - create IPUIPlugin
2025-08-11 07:08:10,818 [INFO] PluginManager:220 - loadIPPluginJar : add adc
2025-08-11 07:08:10,821 [INFO] IPUIPlugin:80 - create IPUIPlugin
2025-08-11 07:08:10,821 [INFO] PluginManager:220 - loadIPPluginJar : add aes
2025-08-11 07:08:10,824 [INFO] IPUIPlugin:80 - create IPUIPlugin
2025-08-11 07:08:10,824 [INFO] PluginManager:220 - loadIPPluginJar : add can
2025-08-11 07:08:10,826 [INFO] IPUIPlugin:80 - create IPUIPlugin
2025-08-11 07:08:10,826 [INFO] PluginManager:220 - loadIPPluginJar : add comp
2025-08-11 07:08:10,828 [INFO] IPUIPlugin:80 - create IPUIPlugin
2025-08-11 07:08:10,828 [INFO] PluginManager:220 - loadIPPluginJar : add cryp
2025-08-11 07:08:10,831 [INFO] IPUIPlugin:80 - create IPUIPlugin
2025-08-11 07:08:10,831 [INFO] PluginManager:220 - loadIPPluginJar : add ddr_ctrl_phy
2025-08-11 07:08:10,834 [INFO] IPUIPlugin:80 - create IPUIPlugin
2025-08-11 07:08:10,834 [INFO] PluginManager:220 - loadIPPluginJar : add dfsdm
2025-08-11 07:08:10,839 [INFO] IPUIPlugin:80 - create IPUIPlugin
2025-08-11 07:08:10,839 [INFO] PluginManager:220 - loadIPPluginJar : add dma
2025-08-11 07:08:10,841 [INFO] IPUIPlugin:80 - create IPUIPlugin
2025-08-11 07:08:10,841 [INFO] PluginManager:220 - loadIPPluginJar : add dma3
2025-08-11 07:08:10,843 [INFO] IPUIPlugin:80 - create IPUIPlugin
2025-08-11 07:08:10,844 [INFO] PluginManager:220 - loadIPPluginJar : add extmemmanager
2025-08-11 07:08:10,846 [INFO] IPUIPlugin:80 - create IPUIPlugin
2025-08-11 07:08:10,846 [INFO] PluginManager:220 - loadIPPluginJar : add fatfs
2025-08-11 07:08:10,850 [INFO] IPUIPlugin:80 - create IPUIPlugin
2025-08-11 07:08:10,850 [INFO] PluginManager:220 - loadIPPluginJar : add fmc
2025-08-11 07:08:10,857 [INFO] IPUIPlugin:80 - create IPUIPlugin
2025-08-11 07:08:10,857 [INFO] PluginManager:220 - loadIPPluginJar : add freertos
2025-08-11 07:08:10,859 [INFO] IPUIPlugin:80 - create IPUIPlugin
2025-08-11 07:08:10,859 [INFO] PluginManager:220 - loadIPPluginJar : add genericplugin
2025-08-11 07:08:10,862 [INFO] IPUIPlugin:80 - create IPUIPlugin
2025-08-11 07:08:10,862 [INFO] PluginManager:220 - loadIPPluginJar : add gfxmmu
2025-08-11 07:08:10,866 [INFO] IPUIPlugin:80 - create IPUIPlugin
2025-08-11 07:08:10,867 [INFO] PluginManager:220 - loadIPPluginJar : add gic
2025-08-11 07:08:10,870 [INFO] IPUIPlugin:80 - create IPUIPlugin
2025-08-11 07:08:10,871 [INFO] PluginManager:220 - loadIPPluginJar : add gpio
2025-08-11 07:08:10,874 [INFO] IPUIPlugin:80 - create IPUIPlugin
2025-08-11 07:08:10,874 [INFO] PluginManager:220 - loadIPPluginJar : add gtzc
2025-08-11 07:08:10,876 [INFO] IPUIPlugin:80 - create IPUIPlugin
2025-08-11 07:08:10,876 [INFO] PluginManager:220 - loadIPPluginJar : add hash
2025-08-11 07:08:10,879 [INFO] IPUIPlugin:80 - create IPUIPlugin
2025-08-11 07:08:10,879 [INFO] PluginManager:220 - loadIPPluginJar : add i2c
2025-08-11 07:08:10,882 [INFO] IPUIPlugin:80 - create IPUIPlugin
2025-08-11 07:08:10,882 [INFO] PluginManager:220 - loadIPPluginJar : add i2s
2025-08-11 07:08:10,886 [INFO] IPUIPlugin:80 - create IPUIPlugin
2025-08-11 07:08:10,887 [INFO] PluginManager:220 - loadIPPluginJar : add i3c
2025-08-11 07:08:10,896 [INFO] IPUIPlugin:80 - create IPUIPlugin
2025-08-11 07:08:10,896 [INFO] PluginManager:220 - loadIPPluginJar : add ipddr
2025-08-11 07:08:10,910 [INFO] IPUIPlugin:80 - create IPUIPlugin
2025-08-11 07:08:10,910 [INFO] PluginManager:220 - loadIPPluginJar : add linkedlist
2025-08-11 07:08:10,917 [INFO] IPUIPlugin:80 - create IPUIPlugin
2025-08-11 07:08:10,919 [INFO] PluginManager:220 - loadIPPluginJar : add lorawan
2025-08-11 07:08:10,921 [INFO] IPUIPlugin:80 - create IPUIPlugin
2025-08-11 07:08:10,921 [INFO] PluginManager:220 - loadIPPluginJar : add ltdc
2025-08-11 07:08:10,927 [INFO] IPUIPlugin:80 - create IPUIPlugin
2025-08-11 07:08:10,927 [INFO] PluginManager:220 - loadIPPluginJar : add mdma
2025-08-11 07:08:10,930 [INFO] IPUIPlugin:80 - create IPUIPlugin
2025-08-11 07:08:10,931 [INFO] PluginManager:220 - loadIPPluginJar : add nvic
2025-08-11 07:08:10,934 [INFO] IPUIPlugin:80 - create IPUIPlugin
2025-08-11 07:08:10,934 [INFO] PluginManager:220 - loadIPPluginJar : add opamp
2025-08-11 07:08:10,935 [INFO] IPUIPlugin:80 - create IPUIPlugin
2025-08-11 07:08:10,936 [INFO] PluginManager:220 - loadIPPluginJar : add openamp
2025-08-11 07:08:10,938 [INFO] IPUIPlugin:80 - create IPUIPlugin
2025-08-11 07:08:10,938 [INFO] PluginManager:220 - loadIPPluginJar : add pdm2pcm
2025-08-11 07:08:10,942 [INFO] IPUIPlugin:80 - create IPUIPlugin
2025-08-11 07:08:10,944 [INFO] PluginManager:220 - loadIPPluginJar : add plateformsettings
2025-08-11 07:08:10,945 [INFO] IPUIPlugin:80 - create IPUIPlugin
2025-08-11 07:08:10,946 [INFO] PluginManager:220 - loadIPPluginJar : add quadspi
2025-08-11 07:08:10,948 [INFO] IPUIPlugin:80 - create IPUIPlugin
2025-08-11 07:08:10,948 [INFO] PluginManager:220 - loadIPPluginJar : add radio
2025-08-11 07:08:10,951 [INFO] IPUIPlugin:80 - create IPUIPlugin
2025-08-11 07:08:10,952 [INFO] PluginManager:220 - loadIPPluginJar : add resmgrutility
2025-08-11 07:08:10,954 [INFO] IPUIPlugin:80 - create IPUIPlugin
2025-08-11 07:08:10,954 [INFO] PluginManager:220 - loadIPPluginJar : add sai
2025-08-11 07:08:10,958 [INFO] IPUIPlugin:80 - create IPUIPlugin
2025-08-11 07:08:10,958 [INFO] PluginManager:220 - loadIPPluginJar : add spi
2025-08-11 07:08:10,964 [INFO] IPUIPlugin:80 - create IPUIPlugin
2025-08-11 07:08:10,964 [INFO] PluginManager:220 - loadIPPluginJar : add stm32_wpan
2025-08-11 07:08:10,966 [INFO] IPUIPlugin:80 - create IPUIPlugin
2025-08-11 07:08:10,966 [INFO] PluginManager:220 - loadIPPluginJar : add tim
2025-08-11 07:08:10,969 [INFO] IPUIPlugin:80 - create IPUIPlugin
2025-08-11 07:08:10,970 [INFO] PluginManager:220 - loadIPPluginJar : add touchsensing
2025-08-11 07:08:10,972 [INFO] IPUIPlugin:80 - create IPUIPlugin
2025-08-11 07:08:10,972 [INFO] PluginManager:220 - loadIPPluginJar : add tracer_emb
2025-08-11 07:08:10,975 [INFO] IPUIPlugin:80 - create IPUIPlugin
2025-08-11 07:08:10,975 [INFO] PluginManager:220 - loadIPPluginJar : add ts
2025-08-11 07:08:10,977 [INFO] IPUIPlugin:80 - create IPUIPlugin
2025-08-11 07:08:10,977 [INFO] PluginManager:220 - loadIPPluginJar : add tsc
2025-08-11 07:08:10,979 [INFO] IPUIPlugin:80 - create IPUIPlugin
2025-08-11 07:08:10,979 [INFO] PluginManager:220 - loadIPPluginJar : add ucpd
2025-08-11 07:08:10,983 [INFO] IPUIPlugin:80 - create IPUIPlugin
2025-08-11 07:08:10,983 [INFO] PluginManager:220 - loadIPPluginJar : add usart
2025-08-11 07:08:10,986 [INFO] IPUIPlugin:80 - create IPUIPlugin
2025-08-11 07:08:10,986 [INFO] PluginManager:220 - loadIPPluginJar : add usbx
2025-08-11 07:08:11,113 [FATAL] Updater:351 - Updater called before beeing initialized
2025-08-11 07:08:11,164 [INFO] RulesReader:64 - Compatibility file has been processed (317 Rules)
2025-08-11 07:08:11,179 [INFO] RulesReader:64 - Compatibility file has been processed (317 Rules)
2025-08-11 07:08:11,202 [INFO] CADModel:165 - CPN selected for project level
2025-08-11 07:08:11,202 [INFO] CADModel:114 - Register for checkConnection events
2025-08-11 07:08:11,202 [FATAL] Updater:351 - Updater called before beeing initialized
2025-08-11 07:08:11,202 [ERROR] CADModel:125 - Updater not yet initialized, retry later 
2025-08-11 07:08:11,394 [FATAL] Updater:351 - Updater called before beeing initialized
2025-08-11 07:08:11,396 [INFO] CADModel:165 - CPN selected for project level
2025-08-11 07:08:11,396 [INFO] CADModel:114 - Register for checkConnection events
2025-08-11 07:08:11,396 [FATAL] Updater:351 - Updater called before beeing initialized
2025-08-11 07:08:11,396 [ERROR] CADModel:125 - Updater not yet initialized, retry later 
2025-08-11 07:08:11,399 [FATAL] Updater:351 - Updater called before beeing initialized
2025-08-11 07:08:11,551 [FATAL] Updater:351 - Updater called before beeing initialized
2025-08-11 07:08:11,555 [INFO] DbMcusAds:53 - JSON generation date=Tue Jul 08 11:14:23 TRT 2025 (1751962463593)
2025-08-11 07:08:11,555 [FATAL] Updater:351 - Updater called before beeing initialized
2025-08-11 07:08:11,593 [WARN] DetailPanel:346 - Failed to get advertising image, set to default
2025-08-11 07:08:11,670 [FATAL] Updater:351 - Updater called before beeing initialized
2025-08-11 07:08:11,672 [FATAL] Updater:351 - Updater called before beeing initialized
2025-08-11 07:08:11,672 [FATAL] Updater:351 - Updater called before beeing initialized
2025-08-11 07:08:11,673 [WARN] DetailPanel:346 - Failed to get advertising image, set to default
2025-08-11 07:08:11,673 [FATAL] Updater:351 - Updater called before beeing initialized
2025-08-11 07:08:11,723 [ERROR] Updater:1198 - MainUpdater not yet initialized. External WinMGr cannot be set.
2025-08-11 07:08:11,726 [INFO] Updater:1134 - Updater Version found : 6.15.0
2025-08-11 07:08:11,745 [INFO] ApplicationProperties:184 - Using Application install path: C:\ST\STM32CubeIDE_1.19.0\STM32CubeIDE\plugins\com.st.stm32cube.common.mx_6.15.0.202507011659
2025-08-11 07:08:13,216 [INFO] ThirdPartyUpdaterWithRetryManager:70 - Updater plugin not ready yet. [2/15]
2025-08-11 07:08:13,353 [ERROR] LogOutputStream:75 - [STDERR_REDIRECT] Aug 11, 2025 7:08:13 AM java.util.prefs.WindowsPreferences <init>
2025-08-11 07:08:13,355 [ERROR] LogOutputStream:75 - [STDERR_REDIRECT] WARNING: Could not open/create prefs root node Software\JavaSoft\Prefs at root 0xffffffff80000002. Windows RegCreateKeyEx(...) returned error code 5.
2025-08-11 07:08:13,356 [ERROR] LogOutputStream:75 - [STDERR_REDIRECT] 
2025-08-11 07:08:13,857 [INFO] MainUpdater:2872 - connection check result : 10
2025-08-11 07:08:13,858 [INFO] MainUpdater:289 - Updater Check For Update Now.
2025-08-11 07:08:13,858 [INFO] MicroXplorer:498 - Change Database Version : DB.6.0.150
2025-08-11 07:08:13,883 [INFO] McuFinderGlobals:63 - Set McuFinder mode to 2 (CubeIDE integrated)
2025-08-11 07:08:13,884 [INFO] UserAuth:171 - activating auth plugin
2025-08-11 07:08:13,895 [INFO] UserAuth:487 - Internet connection configuration mode: 1
2025-08-11 07:08:13,971 [INFO] JxBrowserEngine:152 - Initiate JxBrowser Engine with user profile folder
2025-08-11 07:08:14,094 [INFO] CheckServerUpdateThread:120 - End of CheckServer Thread
2025-08-11 07:08:14,287 [INFO] MainUpdater:2872 - connection check result : 10
2025-08-11 07:08:14,798 [INFO] ApiDb:581 - Connected to CubeFinder SQLite database (C:\Users\sumey\.stmcufinder\plugins\mcufinder\mcu\cube-finder-db.db)
2025-08-11 07:08:14,946 [INFO] ApiDb:668 - CubeFinder database Data Model version=2.1
2025-08-11 07:08:14,946 [INFO] ApiDb:669 - CubeFinder database Configuration version=3.0.39
2025-08-11 07:08:14,946 [INFO] ApiDb:670 - CubeFinder database generation date=2025-07-24 (1753349077)
2025-08-11 07:08:14,946 [INFO] ApiDb:671 - CubeFinder database FW Pack versions=[FP-ATR-ASTRA1_V2.0.0, FP-SNS-FLIGHT1_V5.1.0, FP-SNS-MOTENV1_V5.0.0, FP-SNS-MOTENVWB1_V1.4.0, FP-SNS-SMARTAG2_V1.2.0, FP-SNS-STBOX1_V2.0.0, STM32Cube_FW_C0_V1.4.0, STM32Cube_FW_F4_V1.28.2, STM32Cube_FW_F7_V1.17.3, STM32Cube_FW_G0_V1.6.2, STM32Cube_FW_G4_V1.6.1, STM32Cube_FW_H5_V1.5.0, STM32Cube_FW_H7RS_V1.2.0, STM32Cube_FW_H7_V1.12.1, STM32Cube_FW_L0_V1.12.2, STM32Cube_FW_L4_V1.18.1, STM32Cube_FW_L5_V1.5.1, STM32Cube_FW_N6_V1.2.0, STM32Cube_FW_U0_V1.3.0, STM32Cube_FW_U3_V1.2.0, STM32Cube_FW_U5_V1.8.0, STM32Cube_FW_WB0_V1.3.0, STM32Cube_FW_WBA_V1.7.0, STM32Cube_FW_WB_V1.23.0, STM32Cube_FW_WL3_V1.2.0, STM32Cube_FW_WL_V1.3.1, X-CUBE-ALGOBUILD_V1.4.0, X-CUBE-ALS_V1.0.2, X-CUBE-AZRTOS-F4_V1.1.0, X-CUBE-AZRTOS-F7_V1.1.0, X-CUBE-AZRTOS-G0_V1.1.0, X-CUBE-AZRTOS-G4_V2.0.0, X-CUBE-AZRTOS-H7RS_V1.1.0, X-CUBE-AZRTOS-H7_V3.4.0, X-CUBE-AZRTOS-L4_V2.0.0, X-CUBE-AZRTOS-L5_V2.0.0, X-CUBE-AZRTOS-WB_V2.0.0, X-CUBE-AZRTOS-WL_V2.0.0, X-CUBE-BLE1_V7.1.0, X-CUBE-BLE2_V3.3.0, X-CUBE-BLEMGR_V4.1.0, X-CUBE-EEPRMA1_V5.2.0, X-CUBE-FREERTOS_V1.3.1, X-CUBE-GNSS1_V6.0.0, X-CUBE-MEMS1_V11.3.0, X-CUBE-NFC4_V3.0.0, X-CUBE-NFC7_V2.0.0, X-CUBE-SFXS2LP1_V4.0.0, X-CUBE-ST67W61_V1.0.0, X-CUBE-SUBG2_V5.0.0, X-CUBE-TOF1_V3.4.3]
2025-08-11 07:08:15,126 [INFO] WebApp:169 - Instantiating new browser for Auth
2025-08-11 07:08:15,923 [INFO] WebApp:463 - Apply proxy settings
2025-08-11 07:08:15,924 [INFO] WebApp:548 - Chromium requires no authentication
2025-08-11 07:08:15,935 [INFO] WebApp:491 - Direct internet connection detected
2025-08-11 07:08:15,959 [INFO] WebApp:900 - Register for checkConnection events
2025-08-11 07:08:15,959 [INFO] WebApp:463 - Apply proxy settings
2025-08-11 07:08:15,960 [INFO] WebApp:548 - Chromium requires no authentication
2025-08-11 07:08:15,960 [INFO] WebApp:491 - Direct internet connection detected
2025-08-11 07:08:16,123 [INFO] WebApp:225 - Starting web application
2025-08-11 07:08:16,123 [INFO] WebApp:593 - Web application path used C:\ST\STM32CubeIDE_1.19.0\STM32CubeIDE\plugins\com.st.stm32cube.common.mx_6.15.0.202507011659\db\plugins\mcufinder\reactClient1\index.html
2025-08-11 07:08:16,262 [INFO] WebApp:191 - Connection restablished
2025-08-11 07:08:16,426 [ERROR] LogOutputStream:75 - [STDERR_REDIRECT] [Fatal Error] :1:1: Premature end of file.
2025-08-11 07:08:16,426 [ERROR] LogOutputStream:75 - [STDERR_REDIRECT] 
2025-08-11 07:08:16,484 [WARN] PackLoader:240 - Cannot read IP mode file for STMicroelectronics.FP-SNS-MOTENVWB1.1.4.0
2025-08-11 07:08:16,492 [WARN] PackLoader:240 - Cannot read IP mode file for STMicroelectronics.FP-ATR-ASTRA1.2.0.2
2025-08-11 07:08:16,500 [WARN] PackLoader:240 - Cannot read IP mode file for STMicroelectronics.X-CUBE-SMBUS.2.1.0
2025-08-11 07:08:16,505 [WARN] PackLoader:240 - Cannot read IP mode file for STMicroelectronics.X-CUBE-ST60.1.0.0
2025-08-11 07:08:16,539 [WARN] PackLoader:240 - Cannot read IP mode file for STMicroelectronics.X-CUBE-AZRTOS-F7.1.1.0
2025-08-11 07:08:16,574 [WARN] PackLoader:240 - Cannot read IP mode file for Infineon.AIROC-Wi-Fi-Bluetooth-STM32.1.7.0
2025-08-11 07:08:16,610 [WARN] PackLoader:240 - Cannot read IP mode file for STMicroelectronics.X-CUBE-AZRTOS-H7.3.4.0
2025-08-11 07:08:16,625 [WARN] PackLoader:240 - Cannot read IP mode file for STMicroelectronics.X-CUBE-DISPLAY.3.0.0
2025-08-11 07:08:16,641 [WARN] PackLoader:240 - Cannot read IP mode file for STMicroelectronics.X-CUBE-NFC10.1.0.0
2025-08-11 07:08:16,659 [WARN] PackLoader:240 - Cannot read IP mode file for STMicroelectronics.X-CUBE-BLEMGR.4.0.0
2025-08-11 07:08:16,677 [WARN] PackLoader:240 - Cannot read IP mode file for emotas.I-CUBE-CANOPEN.1.3.0
2025-08-11 07:08:16,681 [WARN] ConditionMgr:438 - getConditionDescription Invalid condition id : Cortex-A Device cause : null
2025-08-11 07:08:16,701 [WARN] ConditionMgr:1044 - genDependencies : Invalid condition id : Cortex-A Device cause : null
2025-08-11 07:08:16,701 [WARN] ConditionMgr:1044 - genDependencies : Invalid condition id : Cortex-A Device cause : null
2025-08-11 07:08:16,701 [WARN] ConditionMgr:1044 - genDependencies : Invalid condition id : Cortex-A Device cause : null
2025-08-11 07:08:16,709 [WARN] PackLoader:240 - Cannot read IP mode file for STMicroelectronics.FP-SNS-STBOX1.2.1.0
2025-08-11 07:08:16,716 [WARN] PackLoader:240 - Cannot read IP mode file for STMicroelectronics.FP-SNS-SMARTAG2.1.2.0
2025-08-11 07:08:16,721 [WARN] PackLoader:240 - Cannot read IP mode file for STMicroelectronics.FP-SNS-FLIGHT1.5.1.0
2025-08-11 07:08:16,730 [INFO] LogOutputStream:77 - [STDOUT_REDIRECT] 1 : Invalid condition id : UX_CORESTACK_Condition cause : null
2025-08-11 07:08:16,732 [INFO] LogOutputStream:77 - [STDOUT_REDIRECT] 1 : Invalid condition id : UX_CORESTACK_Condition cause : null
2025-08-11 07:08:16,734 [INFO] LogOutputStream:77 - [STDOUT_REDIRECT] 1 : Invalid condition id : UX_CORESTACK_Condition cause : null
2025-08-11 07:08:16,735 [INFO] LogOutputStream:77 - [STDOUT_REDIRECT] 1 : Invalid condition id : UX_CORESTACK_Condition cause : null
2025-08-11 07:08:16,736 [INFO] LogOutputStream:77 - [STDOUT_REDIRECT] 1 : Invalid condition id : UX_CORESTACK_Condition cause : null
2025-08-11 07:08:16,739 [WARN] PackLoader:240 - Cannot read IP mode file for STMicroelectronics.X-CUBE-AZRTOS-WL.2.0.0
2025-08-11 07:08:16,745 [WARN] PackLoader:240 - Cannot read IP mode file for STMicroelectronics.FP-SNS-MOTENV1.5.0.0
2025-08-11 07:08:16,753 [WARN] PackLoader:240 - Cannot read IP mode file for WES.I-CUBE-Cesium.1.3.0
2025-08-11 07:08:16,758 [WARN] PackLoader:240 - Cannot read IP mode file for STMicroelectronics.X-CUBE-BLE2.3.3.0
2025-08-11 07:08:16,764 [WARN] PackLoader:240 - Cannot read IP mode file for STMicroelectronics.X-CUBE-NFC9.1.0.0
2025-08-11 07:08:16,771 [WARN] PackLoader:240 - Cannot read IP mode file for wolfSSL.I-CUBE-wolfSSL.5.8.0
2025-08-11 07:08:16,776 [WARN] PackLoader:240 - Cannot read IP mode file for STMicroelectronics.X-CUBE-BLE1.7.1.0
2025-08-11 07:08:16,779 [WARN] PackLoader:240 - Cannot read IP mode file for wolfSSL.I-CUBE-wolfMQTT.1.19.2
2025-08-11 07:08:16,785 [WARN] PackLoader:240 - Cannot read IP mode file for STMicroelectronics.X-CUBE-EEPRMA1.5.2.0
2025-08-11 07:08:16,791 [WARN] PackLoader:240 - Cannot read IP mode file for STMicroelectronics.X-CUBE-AI.10.1.0
2025-08-11 07:08:16,804 [WARN] PackLoader:240 - Cannot read IP mode file for STMicroelectronics.X-CUBE-AZRTOS-G0.1.1.0
2025-08-11 07:08:16,811 [WARN] PackLoader:240 - Cannot read IP mode file for STMicroelectronics.X-CUBE-SAFEA1.1.2.2
2025-08-11 07:08:16,818 [WARN] PackLoader:240 - Cannot read IP mode file for STMicroelectronics.X-CUBE-NFC4.3.0.0
2025-08-11 07:08:16,825 [WARN] PackLoader:240 - Cannot read IP mode file for EmbeddedOffice.I-CUBE-FS-RTOS.1.0.1
2025-08-11 07:08:16,831 [WARN] PackLoader:240 - Cannot read IP mode file for STMicroelectronics.X-CUBE-WB05N.2.0.0
2025-08-11 07:08:16,837 [WARN] PackLoader:240 - Cannot read IP mode file for wolfSSL.I-CUBE-wolfTPM.3.8.0
2025-08-11 07:08:16,842 [WARN] PackLoader:240 - Cannot read IP mode file for STMicroelectronics.X-CUBE-TCPP.4.2.0
2025-08-11 07:08:16,849 [WARN] PackLoader:240 - Cannot read IP mode file for RealThread.X-CUBE-RT-Thread_Nano.4.1.1
2025-08-11 07:08:16,854 [WARN] PackLoader:240 - Cannot read IP mode file for STMicroelectronics.FP-ATR-SIGFOX1.3.2.0
2025-08-11 07:08:16,859 [WARN] PackLoader:240 - Cannot read IP mode file for STMicroelectronics.X-CUBE-EEPRMA1.5.1.0
2025-08-11 07:08:16,865 [WARN] PackLoader:240 - Cannot read IP mode file for ITTIA_DB.I-CUBE-ITTIADB.8.9.0
2025-08-11 07:08:16,872 [WARN] PackLoader:240 - Cannot read IP mode file for STMicroelectronics.X-CUBE-ST67W61.1.0.0
2025-08-11 07:08:16,875 [WARN] PackLoader:240 - Cannot read IP mode file for STMicroelectronics.X-CUBE-AI.10.2.0
2025-08-11 07:08:16,896 [WARN] PackLoader:240 - Cannot read IP mode file for SEGGER.I-CUBE-embOS.1.3.1
2025-08-11 07:08:16,929 [WARN] PackLoader:240 - Cannot read IP mode file for STMicroelectronics.X-CUBE-ALGOBUILD.1.4.0
2025-08-11 07:08:16,972 [WARN] PackLoader:240 - Cannot read IP mode file for STMicroelectronics.X-CUBE-MEMS1.11.3.0
2025-08-11 07:08:17,085 [WARN] PackLoader:240 - Cannot read IP mode file for STMicroelectronics.X-CUBE-PM33A1.1.0.0
2025-08-11 07:08:17,096 [WARN] PackLoader:240 - Cannot read IP mode file for STMicroelectronics.X-CUBE-AZRTOS-F4.1.1.0
2025-08-11 07:08:17,102 [WARN] PackLoader:240 - Cannot read IP mode file for STMicroelectronics.X-CUBE-ISPU.2.1.0
2025-08-11 07:08:17,107 [WARN] PackLoader:240 - Cannot read IP mode file for STMicroelectronics.X-CUBE-NFC12.1.0.0
2025-08-11 07:08:17,124 [WARN] PackLoader:240 - Cannot read IP mode file for STMicroelectronics.X-CUBE-AZRTOS-L5.2.0.0
2025-08-11 07:08:17,136 [WARN] PackLoader:240 - Cannot read IP mode file for STMicroelectronics.X-CUBE-NFC6.3.1.0
2025-08-11 07:08:17,144 [WARN] PackLoader:240 - Cannot read IP mode file for STMicroelectronics.X-CUBE-FREERTOS.1.3.1
2025-08-11 07:08:17,149 [WARN] PackLoader:240 - Cannot read IP mode file for STMicroelectronics.FP-SNS-STAIOTCFT.1.0.0
2025-08-11 07:08:17,155 [WARN] PackLoader:240 - Cannot read IP mode file for STMicroelectronics.X-CUBE-DPower.1.3.0
2025-08-11 07:08:17,204 [WARN] ConditionMgr:438 - getConditionDescription Invalid condition id : LAN8742 Phy interface Condition cause : null
2025-08-11 07:08:17,206 [WARN] PackLoader:240 - Cannot read IP mode file for STMicroelectronics.X-CUBE-AZRTOS-L4.2.0.0
2025-08-11 07:08:17,207 [WARN] ConditionMgr:1044 - genDependencies : Invalid condition id : LAN8742 Phy interface Condition cause : null
2025-08-11 07:08:17,207 [WARN] ConditionMgr:1044 - genDependencies : Invalid condition id : LAN8742 Phy interface Condition cause : null
2025-08-11 07:08:17,208 [WARN] ConditionMgr:1044 - genDependencies : Invalid condition id : LAN8742 Phy interface Condition cause : null
2025-08-11 07:08:17,224 [WARN] PackLoader:240 - Cannot read IP mode file for STMicroelectronics.X-CUBE-SFXS2LP1.4.0.0
2025-08-11 07:08:17,251 [WARN] PackLoader:240 - Cannot read IP mode file for STMicroelectronics.X-CUBE-AZRTOS-H7.3.3.0
2025-08-11 07:08:17,264 [WARN] PackLoader:240 - Cannot read IP mode file for STMicroelectronics.X-CUBE-BLEMGR.4.1.0
2025-08-11 07:08:17,277 [WARN] ConditionMgr:438 - getConditionDescription Invalid condition id : UX DEVICE CLASS RTOS Condition cause : null
2025-08-11 07:08:17,277 [WARN] ConditionMgr:438 - getConditionDescription Invalid condition id : UX DEVICE CLASS RTOS Condition cause : null
2025-08-11 07:08:17,278 [WARN] PackLoader:240 - Cannot read IP mode file for STMicroelectronics.X-CUBE-AZRTOS-WB.2.0.0
2025-08-11 07:08:17,279 [WARN] ConditionMgr:1044 - genDependencies : Invalid condition id : UX DEVICE CLASS RTOS Condition cause : null
2025-08-11 07:08:17,279 [WARN] ConditionMgr:1044 - genDependencies : Invalid condition id : UX DEVICE CLASS RTOS Condition cause : null
2025-08-11 07:08:17,279 [WARN] ConditionMgr:1044 - genDependencies : Invalid condition id : UX DEVICE CLASS RTOS Condition cause : null
2025-08-11 07:08:17,280 [WARN] ConditionMgr:1044 - genDependencies : Invalid condition id : UX DEVICE CLASS RTOS Condition cause : null
2025-08-11 07:08:17,280 [WARN] ConditionMgr:1044 - genDependencies : Invalid condition id : UX DEVICE CLASS RTOS Condition cause : null
2025-08-11 07:08:17,284 [WARN] PackLoader:240 - Cannot read IP mode file for STMicroelectronics.X-CUBE-GNSS1.7.0.1
2025-08-11 07:08:17,291 [WARN] PackLoader:240 - Cannot read IP mode file for STMicroelectronics.X-CUBE-TOUCHGFX.4.25.0
2025-08-11 07:08:17,295 [WARN] PackLoader:240 - Cannot read IP mode file for STMicroelectronics.FP-SNS-STBOX1.2.0.0
2025-08-11 07:08:17,304 [WARN] PackLoader:240 - Cannot read IP mode file for STMicroelectronics.X-CUBE-SUBG2.5.0.0
2025-08-11 07:08:17,323 [WARN] PackLoader:240 - Cannot read IP mode file for STMicroelectronics.X-CUBE-AZRTOS-H7RS.1.1.0
2025-08-11 07:08:17,330 [WARN] PackLoader:240 - Cannot read IP mode file for Cesanta.I-CUBE-Mongoose.7.13.0
2025-08-11 07:08:17,342 [WARN] PackLoader:240 - Cannot read IP mode file for STMicroelectronics.X-CUBE-AZRTOS-G4.2.0.0
2025-08-11 07:08:17,350 [WARN] PackLoader:240 - Cannot read IP mode file for wolfSSL.I-CUBE-wolfSSH.1.4.20
2025-08-11 07:08:17,357 [WARN] PackLoader:240 - Cannot read IP mode file for STMicroelectronics.X-CUBE-NFC7.2.0.0
2025-08-11 07:08:17,373 [WARN] PackLoader:240 - Cannot read IP mode file for STMicroelectronics.X-CUBE-IPS.3.1.0
2025-08-11 07:08:17,385 [WARN] PackLoader:240 - Cannot read IP mode file for STMicroelectronics.X-CUBE-ALS.1.0.2
2025-08-11 07:08:17,391 [WARN] PackLoader:240 - Cannot read IP mode file for portGmbH.I-Cube-SoM-uGOAL.1.1.0
2025-08-11 07:08:17,403 [WARN] PackLoader:240 - Cannot read IP mode file for STMicroelectronics.X-CUBE-TOF1.3.4.3
2025-08-11 07:08:17,423 [INFO] ThirdParty:978 - Integrity check success = true
2025-08-11 07:08:17,423 [INFO] IntegrityCheckThread:100 - exiting critical section [integrity check]
2025-08-11 07:08:17,423 [INFO] IntegrityCheckThread:103 - End integrity checks thread
2025-08-11 07:08:17,437 [ERROR] LogOutputStream:75 - [STDERR_REDIRECT] [Fatal Error] :1:1: Premature end of file.
2025-08-11 07:08:17,437 [ERROR] LogOutputStream:75 - [STDERR_REDIRECT] 
2025-08-11 07:08:18,403 [ERROR] LogOutputStream:75 - [STDERR_REDIRECT] [Fatal Error] :1:1: Premature end of file.
2025-08-11 07:08:18,404 [ERROR] LogOutputStream:75 - [STDERR_REDIRECT] 
2025-08-11 07:08:18,507 [INFO] ApiDb:240 - Found 880 in-development CPN: [B-G473E-ZEST1S, B-WB1M-WPAN1, B-WBA5M-WPAN, B-WL5M-SUBG1, NUCLEO-C031C6, NUCLEO-C051C8, NUCLEO-C071RB, NUCLEO-C092RC, NUCLEO-H503RB, NUCLEO-H533RE, NUCLEO-H563ZI, NUCLEO-H7S3L8, NUCLEO-N657X0-Q, NUCLEO-U031R8, NUCLEO-U083RC, NUCLEO-U385RG-Q, NUCLEO-U545RE-Q, NUCLEO-U5A5ZJ-Q, NUCLEO-WB05KZ, NUCLEO-WB07CC, NUCLEO-WB09KE, NUCLEO-WBA52CG, NUCLEO-WBA55CG, NUCLEO-WL33CC1, NUCLEO-WL33CC2, STEVAL-PROTEUS1, STEVAL-SMARTAG2, STEVAL-STWINBX1, STM320518-EVAL, STM32C0116-DK, STM32C011D6Y3TR, STM32C011D6Y6TR, STM32C011F4P3, STM32C011F4P6, STM32C011F4U3, STM32C011F4U6TR, STM32C011F6P3, STM32C011F6P6, STM32C011F6U3, STM32C011F6U6TR, STM32C011J4M3, STM32C011J4M6, STM32C011J6M3, STM32C011J6M6, STM32C0316-DK, STM32C031C4T3, STM32C031C4T6, STM32C031C4U3, STM32C031C4U6, STM32C031C6T3, STM32C031C6T6, STM32C031C6U3, STM32C031C6U6, STM32C031F4P3, STM32C031F4P6, STM32C031F6P3, STM32C031F6P6, STM32C031G4U3, STM32C031G4U6, STM32C031G6U3, STM32C031G6U6, STM32C031K4T3, STM32C031K4T6, STM32C031K4U3, STM32C031K4U6, STM32C031K6T3, STM32C031K6T6, STM32C031K6U3, STM32C031K6U6, STM32C051C6T6, STM32C051C6U6, STM32C051C8T6, STM32C051C8U6, STM32C051D8Y6TR, STM32C051F6P6, STM32C051F8P6, STM32C051G6U6, STM32C051G8U6, STM32C051K6T6, STM32C051K6U6, STM32C051K8T6, STM32C071C8T6, STM32C071C8T6N, STM32C071C8U6, STM32C071C8U6N, STM32C071CBT6, STM32C071CBT6N, STM32C071CBU6, STM32C071CBU6N, STM32C071F8P6, STM32C071F8P6N, STM32C071FBP6, STM32C071FBP6N, STM32C071FBY6TR, STM32C071G8U6, STM32C071G8U6N, STM32C071GBU6, STM32C071GBU6N, STM32C071K8T6, STM32C071K8T6N, STM32C071K8U6, STM32C071K8U6N, STM32C071KBT6, STM32C071KBT6N, STM32C071KBU6, STM32C071KBU6N, STM32C071R8T6, STM32C071R8T6N, STM32C071RBI6N, STM32C071RBT6, STM32C071RBT6N, STM32C091CBT6, STM32C091CBU6, STM32C091CCT6, STM32C091CCU6, STM32C091ECY6TR, STM32C091FBP6, STM32C091FCP6, STM32C091GBU6, STM32C091GCU6, STM32C091KBT6, STM32C091KBU6, STM32C091KCT6, STM32C091KCU6, STM32C091RBT6, STM32C091RCI6, STM32C091RCT6, STM32C092CBT6, STM32C092CBU6, STM32C092CCT6, STM32C092CCU6, STM32C092ECY6TR, STM32C092FBP6, STM32C092FCP6, STM32C092GBU6, STM32C092GCU6, STM32C092KBT6, STM32C092KBU6, STM32C092KCT6, STM32C092KCU6, STM32C092RBT6, STM32C092RCI6, STM32C092RCT6, STM32G071K8TXN, STM32G071K8UXN, STM32G081GBU6N, STM32G081KBT6N, STM32G081KBUXN, STM32G0B1CCT6N, STM32G0B1KCT6, STM32G0B1NEY6TR, STM32G0B1RCT6N, STM32G0C1CCT6, STM32G0C1CCT6N, STM32G0C1CCU6N, STM32G0C1CET6N, STM32G0C1CEU6N, STM32G0C1KCT6, STM32G0C1NEY6TR, STM32G0C1RCI6N, STM32G0C1RCT6N, STM32G0C1REI6N, STM32G0C1RET6N, STM32G0C1VCI6, STM32G0C1VEI6, STM32G411C6T3, STM32G411C6T6, STM32G411C6U3, STM32G411C6U6, STM32G411C8T3, STM32G411C8T6, STM32G411C8U3, STM32G411C8U6, STM32G411CBT3, STM32G411CBT6, STM32G411CBU3, STM32G411CBU6, STM32G411K6T3, STM32G411K6T6, STM32G411K6U3, STM32G411K6U6, STM32G411K8T3, STM32G411K8T6, STM32G411K8U3, STM32G411K8U6, STM32G411KBT3, STM32G411KBT6, STM32G411KBU3, STM32G411KBU6, STM32G411M6T3, STM32G411M6T6, STM32G411M8T3, STM32G411M8T6, STM32G411MBT3, STM32G411MBT6, STM32G411R6T3, STM32G411R6T6, STM32G411R8T3, STM32G411R8T6, STM32G411RBT3, STM32G411RBT6, STM32G414CBT3, STM32G414CBT6, STM32G414CBU3, STM32G414CBU6, STM32G414CCT3, STM32G414CCT6, STM32G414CCU3, STM32G414CCU6, STM32G414MBT3, STM32G414MBT6, STM32G414MCT3, STM32G414MCT6, STM32G414RBT3, STM32G414RBT6, STM32G414RCT3, STM32G414RCT6, STM32G414VBT3, STM32G414VBT6, STM32G414VCT3, STM32G414VCT6, STM32G431CBT3Z, STM32G431RBT3Z, STM32G471CCT6, STM32G471CCU6, STM32G471CET3, STM32G471CET6, STM32G471CEU3, STM32G471CEU6, STM32G471MCT6, STM32G471MET3, STM32G471MET6, STM32G471MEY6TR, STM32G471QCT6, STM32G471QET3, STM32G471RCT6, STM32G471RET3, STM32G471RET6, STM32G471VCH6, STM32G471VCI6, STM32G471VCT6, STM32G471VEH3, STM32G471VEH6, STM32G471VEI3, STM32G471VEI6, STM32G471VET3, STM32G471VET6, STM32G473QET3Z, STM32G473RET3Z, STM32G474CCT6, STM32G491RET3Z, STM32H503CBT6, STM32H503CBU6, STM32H503EBY6TR, STM32H503KBU6, STM32H503RBT6, STM32H523CCT6, STM32H523CCU6, STM32H523CET6, STM32H523CEU6, STM32H523HEY6TR, STM32H523RCT6, STM32H523RET6, STM32H523VCI6, STM32H523VCT6, STM32H523VEI6, STM32H523VET6, STM32H523ZCJ6, STM32H523ZCT6, STM32H523ZEJ6, STM32H523ZET6, STM32H533CET6, STM32H533CEU6, STM32H533HEY6TR, STM32H533RET6, STM32H533VEI6, STM32H533VET6, STM32H533ZEJ6, STM32H533ZET6, STM32H562AGI6, STM32H562AII6, STM32H562IGK6, STM32H562IGT6, STM32H562IIK6, STM32H562IIT6, STM32H562RGT6, STM32H562RGV6, STM32H562RIT6, STM32H562RIV6, STM32H562VGT6, STM32H562VIT6, STM32H562ZGT6, STM32H562ZIT6, STM32H563AGI6, STM32H563AII3Q, STM32H563AII6, STM32H563IGK6, STM32H563IGT6, STM32H563IIK3Q, STM32H563IIK6, STM32H563IIT3Q, STM32H563IIT6, STM32H563MIY3QTR, STM32H563RGT6, STM32H563RGV6, STM32H563RIT6, STM32H563RIV6, STM32H563VGT6, STM32H563VIT3Q, STM32H563VIT6, STM32H563ZGT6, STM32H563ZIT3Q, STM32H563ZIT6, STM32H573AII3Q, STM32H573AII6, STM32H573I-DK, STM32H573IIK3Q, STM32H573IIK6, STM32H573IIT3Q, STM32H573IIT6, STM32H573MIY3QTR, STM32H573RIT6, STM32H573RIV6, STM32H573VIT3Q, STM32H573VIT6, STM32H573ZIT3Q, STM32H573ZIT6, STM32H7R3A8I6, STM32H7R3I8K6, STM32H7R3I8T6, STM32H7R3L8H6, STM32H7R3L8H6H, STM32H7R3R8V6, STM32H7R3V8H6, STM32H7R3V8T6, STM32H7R3V8Y6TR, STM32H7R3Z8J6, STM32H7R3Z8T6, STM32H7R7A8I6, STM32H7R7I8K6, STM32H7R7I8T6, STM32H7R7L8H6, STM32H7R7L8H6H, STM32H7R7Z8J6, STM32H7S3A8I6, STM32H7S3I8K6, STM32H7S3I8T6, STM32H7S3L8H6, STM32H7S3L8H6H, STM32H7S3R8V6, STM32H7S3V8H6, STM32H7S3V8T6, STM32H7S3V8Y6TR, STM32H7S3Z8J6, STM32H7S3Z8T6, STM32H7S78-DK, STM32H7S7A8I6, STM32H7S7I8K6, STM32H7S7I8T6, STM32H7S7L8H6, STM32H7S7L8H6H, STM32H7S7Z8J6, STM32L4R5QGI6STR, STM32MP131AAE3, STM32MP131AAF3, STM32MP131AAG3, STM32MP131CAE3, STM32MP131CAF3, STM32MP131CAG3, STM32MP131DAE7, STM32MP131DAF7, STM32MP131DAG7, STM32MP131FAE7, STM32MP131FAF7, STM32MP131FAG7, STM32MP133AAE3, STM32MP133AAF3, STM32MP133AAG3, STM32MP133CAE3, STM32MP133CAF3, STM32MP133CAG3, STM32MP133DAE7, STM32MP133DAF7, STM32MP133DAG7, STM32MP133FAE7, STM32MP133FAF7, STM32MP133FAG7, STM32MP135AAE3, STM32MP135AAF3, STM32MP135AAG3, STM32MP135CAE3, STM32MP135CAF3, STM32MP135CAG3, STM32MP135DAE7, STM32MP135DAF7, STM32MP135DAG7, STM32MP135F-DK, STM32MP135FAE7, STM32MP135FAF7, STM32MP135FAF7T, STM32MP135FAF7U, STM32MP135FAG7, STM32MP211AAL3, STM32MP211AAM3, STM32MP211AAN3, STM32MP211AAO3, STM32MP211CAL3, STM32MP211CAM3, STM32MP211CAN3, STM32MP211CAO3, STM32MP211DAL3, STM32MP211DAM3, STM32MP211DAN3, STM32MP211DAO3, STM32MP211FAL3, STM32MP211FAM3, STM32MP211FAN3, STM32MP211FAO3, STM32MP213AAL3, STM32MP213AAM3, STM32MP213AAN3, STM32MP213AAO3, STM32MP213CAL3, STM32MP213CAM3, STM32MP213CAN3, STM32MP213CAO3, STM32MP213DAL3, STM32MP213DAM3, STM32MP213DAN3, STM32MP213DAO3, STM32MP213FAL3, STM32MP213FAM3, STM32MP213FAN3, STM32MP213FAO3, STM32MP215AAL3, STM32MP215AAM3, STM32MP215AAN3, STM32MP215AAO3, STM32MP215CAL3, STM32MP215CAM3, STM32MP215CAN3, STM32MP215CAO3, STM32MP215DAL3, STM32MP215DAM3, STM32MP215DAN3, STM32MP215DAO3, STM32MP215F-DK, STM32MP215FAL3, STM32MP215FAM3, STM32MP215FAN3, STM32MP215FAO3, STM32MP231AAJ3, STM32MP231AAK3, STM32MP231AAL3, STM32MP231CAJ3, STM32MP231CAK3, STM32MP231CAL3, STM32MP231DAJ3, STM32MP231DAK3, STM32MP231DAL3, STM32MP231FAJ3, STM32MP231FAK3, STM32MP231FAL3, STM32MP233AAJ3, STM32MP233AAK3, STM32MP233AAL3, STM32MP233CAJ3, STM32MP233CAK3, STM32MP233CAL3, STM32MP233DAJ3, STM32MP233DAK3, STM32MP233DAL3, STM32MP233FAJ3, STM32MP233FAK3, STM32MP233FAL3, STM32MP235AAJ3, STM32MP235AAK3, STM32MP235AAL3, STM32MP235CAJ3, STM32MP235CAK3, STM32MP235CAL3, STM32MP235DAJ3, STM32MP235DAK3, STM32MP235DAL3, STM32MP235FAJ3, STM32MP235FAK3, STM32MP235FAL3, STM32MP251AAI3, STM32MP251AAK3, STM32MP251AAL3, STM32MP251CAI3, STM32MP251CAK3, STM32MP251CAL3, STM32MP251DAI3, STM32MP251DAK3, STM32MP251DAL3, STM32MP251FAI3, STM32MP251FAK3, STM32MP251FAL3, STM32MP253AAI3, STM32MP253AAK3, STM32MP253AAL3, STM32MP253CAI3, STM32MP253CAK3, STM32MP253CAL3, STM32MP253DAI3, STM32MP253DAK3, STM32MP253DAL3, STM32MP253FAI3, STM32MP253FAK3, STM32MP253FAL3, STM32MP255AAI3, STM32MP255AAK3, STM32MP255AAL3, STM32MP255CAI3, STM32MP255CAK3, STM32MP255CAL3, STM32MP255DAI3, STM32MP255DAK3, STM32MP255DAL3, STM32MP255FAI3, STM32MP255FAK3, STM32MP255FAL3, STM32MP257AAI3, STM32MP257AAK3, STM32MP257AAL3, STM32MP257CAI3, STM32MP257CAK3, STM32MP257CAL3, STM32MP257DAI3, STM32MP257DAK3, STM32MP257DAL3, STM32MP257F-DK, STM32MP257F-EV1, STM32MP257FAI3, STM32MP257FAK3, STM32MP257FAL3, STM32N645A0H3Q, STM32N645B0H3Q, STM32N645I0H3Q, STM32N645L0H3Q, STM32N645X0H3Q, STM32N645Z0H3Q, STM32N647A0H3Q, STM32N647B0H3Q, STM32N647I0H3Q, STM32N647L0H3Q, STM32N647X0H3Q, STM32N647Z0H3Q, STM32N655A0H3Q, STM32N655B0H3Q, STM32N655I0H3Q, STM32N655L0H3Q, STM32N655X0H3Q, STM32N655Z0H3Q, STM32N6570-DK, STM32N657A0H3Q, STM32N657B0H3Q, STM32N657I0H3Q, STM32N657L0H3Q, STM32N657X0H3Q, STM32N657Z0H3Q, STM32U031C6T6, STM32U031C6U6, STM32U031C8T6, STM32U031C8U6, STM32U031F4P6, STM32U031F6P6, STM32U031F8P6, STM32U031G6Y6TR, STM32U031G8Y6TR, STM32U031K4U6, STM32U031K6U6, STM32U031K8U6, STM32U031R6I6, STM32U031R6T6, STM32U031R8I6, STM32U031R8T6, STM32U073C8T6, STM32U073C8U6, STM32U073CBT6, STM32U073CBU6, STM32U073CCT6, STM32U073CCU6, STM32U073H8Y6TR, STM32U073HBY6TR, STM32U073HCY6TR, STM32U073K8U6, STM32U073KBU6, STM32U073KCU6, STM32U073M8I6, STM32U073M8T6, STM32U073MBI6, STM32U073MBT6, STM32U073MCI6, STM32U073MCT6, STM32U073R8I6, STM32U073R8T6, STM32U073RBI6, STM32U073RBT6, STM32U073RCI6, STM32U073RCT6, STM32U083C-DK, STM32U083CCT6, STM32U083CCU6, STM32U083HCY6TR, STM32U083KCU6, STM32U083MCI6, STM32U083MCT6, STM32U083RCI6, STM32U083RCT6, STM32U375CET6, STM32U375CET6Q, STM32U375CEU6, STM32U375CEU6Q, STM32U375CEY6QTR, STM32U375CGT6, STM32U375CGT6Q, STM32U375CGU6, STM32U375CGU6Q, STM32U375CGY6QTR, STM32U375KEU6, STM32U375KGU6, STM32U375REI6, STM32U375REI6Q, STM32U375RET6, STM32U375RET6Q, STM32U375REY6GTR, STM32U375REY6QTR, STM32U375RGI6, STM32U375RGI6Q, STM32U375RGT6, STM32U375RGT6Q, STM32U375RGY6GTR, STM32U375RGY6QTR, STM32U375VEI6, STM32U375VEI6Q, STM32U375VET6, STM32U375VET6Q, STM32U375VGI6, STM32U375VGI6Q, STM32U375VGT6, STM32U375VGT6Q, STM32U385CGT6, STM32U385CGT6Q, STM32U385CGU6, STM32U385CGU6Q, STM32U385CGY6QTR, STM32U385KGU6, STM32U385RGI6, STM32U385RGI6Q, STM32U385RGT6, STM32U385RGT6Q, STM32U385RGY6GTR, STM32U385RGY6QTR, STM32U385VGI6, STM32U385VGI6Q, STM32U385VGT6, STM32U385VGT6Q, STM32U535CBT6, STM32U535CBT6Q, STM32U535CBU6, STM32U535CBU6Q, STM32U535CCT6, STM32U535CCT6Q, STM32U535CCU6, STM32U535CCU6Q, STM32U535CET6, STM32U535CET6Q, STM32U535CEU6, STM32U535CEU6Q, STM32U535JEY6QTR, STM32U535NCY6QTR, STM32U535NEY6QTR, STM32U535RBI6, STM32U535RBI6Q, STM32U535RBT6, STM32U535RBT6Q, STM32U535RCI6, STM32U535RCI6Q, STM32U535RCT6, STM32U535RCT6Q, STM32U535REI6, STM32U535REI6Q, STM32U535RET6, STM32U535RET6Q, STM32U535VCI6, STM32U535VCI6Q, STM32U535VCT6, STM32U535VCT6Q, STM32U535VEI6, STM32U535VEI6Q, STM32U535VET6, STM32U535VET6Q, STM32U545CET6, STM32U545CET6Q, STM32U545CEU6, STM32U545CEU6Q, STM32U545JEY6QTR, STM32U545NEY6QTR, STM32U545REI6, STM32U545REI6Q, STM32U545RET6, STM32U545RET6Q, STM32U545VEI6, STM32U545VEI6Q, STM32U545VET6, STM32U545VET6Q, STM32U595AIH6, STM32U595AIH6Q, STM32U595AJH6, STM32U595AJH6Q, STM32U595QII6, STM32U595QII6Q, STM32U595QJI6, STM32U595QJI6Q, STM32U595RIT6, STM32U595RIT6Q, STM32U595RJT6, STM32U595RJT6Q, STM32U595VIT6, STM32U595VIT6Q, STM32U595VJT6, STM32U595VJT6Q, STM32U595ZIT6, STM32U595ZIT6Q, STM32U595ZIY6QTR, STM32U595ZJT6, STM32U595ZJT6Q, STM32U595ZJY6QTR, STM32U599BJY6QTR, STM32U599NIH6Q, STM32U599NJH6Q, STM32U599VIT6Q, STM32U599VJT6, STM32U599VJT6Q, STM32U599ZIT6Q, STM32U599ZIY6QTR, STM32U599ZJT6Q, STM32U599ZJY6QTR, STM32U5A5AJH6, STM32U5A5AJH6Q, STM32U5A5QII3Q , STM32U5A5QJI6, STM32U5A5QJI6Q, STM32U5A5RJT6, STM32U5A5RJT6Q, STM32U5A5VJT6, STM32U5A5VJT6Q, STM32U5A5ZJT6, STM32U5A5ZJT6Q, STM32U5A5ZJY6QTR, STM32U5A9BJY6QTR, STM32U5A9J-DK, STM32U5A9NJH6Q, STM32U5A9VJT6Q, STM32U5A9ZJT6Q, STM32U5A9ZJY6QTR, STM32U5F7VIT6, STM32U5F7VIT6Q, STM32U5F7VJT6, STM32U5F7VJT6Q, STM32U5F9BJY6QTR, STM32U5F9NJH6Q, STM32U5F9VIT6Q, STM32U5F9VJT6Q, STM32U5F9ZIJ6QTR, STM32U5F9ZIT6Q, STM32U5F9ZJJ6QTR, STM32U5F9ZJT6Q, STM32U5G7VJT6, STM32U5G7VJT6Q, STM32U5G9BJY6QTR, STM32U5G9J-DK1, STM32U5G9J-DK2, STM32U5G9NJH6Q, STM32U5G9VJT6Q, STM32U5G9ZJJ6QTR, STM32U5G9ZJT6Q, STM32WB05KZV6TR, STM32WB05KZV7TR, STM32WB05TZF6TR, STM32WB05TZF7TR, STM32WB06CCF6TR, STM32WB06CCF7TR, STM32WB06CCV6TR, STM32WB06CCV7TR, STM32WB06KCV6TR, STM32WB06KCV7TR, STM32WB07CCF6TR, STM32WB07CCF7TR, STM32WB07CCV6TR, STM32WB07CCV7TR, STM32WB07KCV6TR, STM32WB07KCV7TR, STM32WB09KEV6TR, STM32WB09KEV7TR, STM32WB09TEF6TR, STM32WB09TEF7TR, STM32WB1MMCH6, STM32WBA50KGU6, STM32WBA50KGU6TR, STM32WBA52CEU6, STM32WBA52CEU6TR, STM32WBA52CEU7, STM32WBA52CEU7TR, STM32WBA52CGU6, STM32WBA52CGU6TR, STM32WBA52CGU6U, STM32WBA52CGU7, STM32WBA52CGU7TR, STM32WBA52KEU6, STM32WBA52KEU6TR, STM32WBA52KGU6, STM32WBA52KGU6TR, STM32WBA54CEU6, STM32WBA54CEU6TR, STM32WBA54CEU7, STM32WBA54CEU7TR, STM32WBA54CGU6, STM32WBA54CGU6TR, STM32WBA54CGU7, STM32WBA54CGU7TR, STM32WBA54KEU6, STM32WBA54KEU6TR, STM32WBA54KEU7, STM32WBA54KEU7TR, STM32WBA54KGU6, STM32WBA54KGU6TR, STM32WBA54KGU7, STM32WBA54KGU7TR, STM32WBA55CEU6, STM32WBA55CEU6TR, STM32WBA55CEU7, STM32WBA55CEU7TR, STM32WBA55CGU6, STM32WBA55CGU6TR, STM32WBA55CGU6U, STM32WBA55CGU7, STM32WBA55CGU7TR, STM32WBA55G-DK1, STM32WBA55HEF6, STM32WBA55HEF7, STM32WBA55HGF6, STM32WBA55HGF7, STM32WBA55UEI6, STM32WBA55UEI6TR, STM32WBA55UEI7, STM32WBA55UEI7TR, STM32WBA55UGI6, STM32WBA55UGI6TR, STM32WBA55UGI7, STM32WBA55UGI7TR, STM32WBA5MMGH6TR, STM32WBA62MGF6, STM32WBA62MIF6, STM32WBA65MGF7, STM32WBA65MIF6, STM32WBA65MIF7, STM32WL30K8V6, STM32WL30KBV6, STM32WL31C8V6, STM32WL31CBV6, STM32WL31K8V6, STM32WL31KBV6, STM32WL33C8V6, STM32WL33C8V6X, STM32WL33CBV6, STM32WL33CBV6X, STM32WL33CCV6, STM32WL33CCV6A, STM32WL33CCV6X, STM32WL33K8V7, STM32WL33K8V7X, STM32WL33KBV7 , STM32WL33KBV7X, STM32WL33KCV7, STM32WL33KCV7X, STM32WL5MOCH6, STM32WL5MOCH6TR]
2025-08-11 07:08:18,511 [INFO] DbMcus:218 - Found 4801 MCUs, 4801 are supported
2025-08-11 07:08:18,512 [INFO] ApiDb:423 - Load user favorites file C:\Users\sumey/.stm32cubeide/favorites.mcus.txt: 1 item(s)
2025-08-11 07:08:18,512 [INFO] ApiDb:427 - User favorites MCUs=[STM32F103C6T6A]
2025-08-11 07:08:18,512 [INFO] DbMcus:224 - Set 1 / 1 favorites MCUs
2025-08-11 07:08:18,978 [INFO] ApiDb:668 - CubeFinder database Data Model version=2.1
2025-08-11 07:08:18,978 [INFO] ApiDb:669 - CubeFinder database Configuration version=3.0.39
2025-08-11 07:08:18,978 [INFO] ApiDb:670 - CubeFinder database generation date=2025-07-24 (1753349077)
2025-08-11 07:08:18,978 [INFO] ApiDb:671 - CubeFinder database FW Pack versions=[FP-ATR-ASTRA1_V2.0.0, FP-SNS-FLIGHT1_V5.1.0, FP-SNS-MOTENV1_V5.0.0, FP-SNS-MOTENVWB1_V1.4.0, FP-SNS-SMARTAG2_V1.2.0, FP-SNS-STBOX1_V2.0.0, STM32Cube_FW_C0_V1.4.0, STM32Cube_FW_F4_V1.28.2, STM32Cube_FW_F7_V1.17.3, STM32Cube_FW_G0_V1.6.2, STM32Cube_FW_G4_V1.6.1, STM32Cube_FW_H5_V1.5.0, STM32Cube_FW_H7RS_V1.2.0, STM32Cube_FW_H7_V1.12.1, STM32Cube_FW_L0_V1.12.2, STM32Cube_FW_L4_V1.18.1, STM32Cube_FW_L5_V1.5.1, STM32Cube_FW_N6_V1.2.0, STM32Cube_FW_U0_V1.3.0, STM32Cube_FW_U3_V1.2.0, STM32Cube_FW_U5_V1.8.0, STM32Cube_FW_WB0_V1.3.0, STM32Cube_FW_WBA_V1.7.0, STM32Cube_FW_WB_V1.23.0, STM32Cube_FW_WL3_V1.2.0, STM32Cube_FW_WL_V1.3.1, X-CUBE-ALGOBUILD_V1.4.0, X-CUBE-ALS_V1.0.2, X-CUBE-AZRTOS-F4_V1.1.0, X-CUBE-AZRTOS-F7_V1.1.0, X-CUBE-AZRTOS-G0_V1.1.0, X-CUBE-AZRTOS-G4_V2.0.0, X-CUBE-AZRTOS-H7RS_V1.1.0, X-CUBE-AZRTOS-H7_V3.4.0, X-CUBE-AZRTOS-L4_V2.0.0, X-CUBE-AZRTOS-L5_V2.0.0, X-CUBE-AZRTOS-WB_V2.0.0, X-CUBE-AZRTOS-WL_V2.0.0, X-CUBE-BLE1_V7.1.0, X-CUBE-BLE2_V3.3.0, X-CUBE-BLEMGR_V4.1.0, X-CUBE-EEPRMA1_V5.2.0, X-CUBE-FREERTOS_V1.3.1, X-CUBE-GNSS1_V6.0.0, X-CUBE-MEMS1_V11.3.0, X-CUBE-NFC4_V3.0.0, X-CUBE-NFC7_V2.0.0, X-CUBE-SFXS2LP1_V4.0.0, X-CUBE-ST67W61_V1.0.0, X-CUBE-SUBG2_V5.0.0, X-CUBE-TOF1_V3.4.3]
2025-08-11 07:08:19,049 [INFO] DbBoardsSqlite:226 - include board P-NUCLEO-WB55-NUCLEO as a kit item of type 'Nucleo-64'
2025-08-11 07:08:19,049 [INFO] DbBoardsSqlite:226 - include board P-NUCLEO-WB55-USBDONGLE as a kit item of type 'Nucleo USB Dongle'
2025-08-11 07:08:19,049 [INFO] DbBoardsSqlite:226 - include board STEVAL-IDP005V1 as a kit item of type 'Evaluation Board'
2025-08-11 07:08:19,050 [INFO] DbBoardsSqlite:226 - include board STEVAL-IDP005V2 as a kit item of type 'Evaluation Board'
2025-08-11 07:08:19,123 [INFO] ApiDb:240 - Found 880 in-development CPN: [B-G473E-ZEST1S, B-WB1M-WPAN1, B-WBA5M-WPAN, B-WL5M-SUBG1, NUCLEO-C031C6, NUCLEO-C051C8, NUCLEO-C071RB, NUCLEO-C092RC, NUCLEO-H503RB, NUCLEO-H533RE, NUCLEO-H563ZI, NUCLEO-H7S3L8, NUCLEO-N657X0-Q, NUCLEO-U031R8, NUCLEO-U083RC, NUCLEO-U385RG-Q, NUCLEO-U545RE-Q, NUCLEO-U5A5ZJ-Q, NUCLEO-WB05KZ, NUCLEO-WB07CC, NUCLEO-WB09KE, NUCLEO-WBA52CG, NUCLEO-WBA55CG, NUCLEO-WL33CC1, NUCLEO-WL33CC2, STEVAL-PROTEUS1, STEVAL-SMARTAG2, STEVAL-STWINBX1, STM320518-EVAL, STM32C0116-DK, STM32C011D6Y3TR, STM32C011D6Y6TR, STM32C011F4P3, STM32C011F4P6, STM32C011F4U3, STM32C011F4U6TR, STM32C011F6P3, STM32C011F6P6, STM32C011F6U3, STM32C011F6U6TR, STM32C011J4M3, STM32C011J4M6, STM32C011J6M3, STM32C011J6M6, STM32C0316-DK, STM32C031C4T3, STM32C031C4T6, STM32C031C4U3, STM32C031C4U6, STM32C031C6T3, STM32C031C6T6, STM32C031C6U3, STM32C031C6U6, STM32C031F4P3, STM32C031F4P6, STM32C031F6P3, STM32C031F6P6, STM32C031G4U3, STM32C031G4U6, STM32C031G6U3, STM32C031G6U6, STM32C031K4T3, STM32C031K4T6, STM32C031K4U3, STM32C031K4U6, STM32C031K6T3, STM32C031K6T6, STM32C031K6U3, STM32C031K6U6, STM32C051C6T6, STM32C051C6U6, STM32C051C8T6, STM32C051C8U6, STM32C051D8Y6TR, STM32C051F6P6, STM32C051F8P6, STM32C051G6U6, STM32C051G8U6, STM32C051K6T6, STM32C051K6U6, STM32C051K8T6, STM32C071C8T6, STM32C071C8T6N, STM32C071C8U6, STM32C071C8U6N, STM32C071CBT6, STM32C071CBT6N, STM32C071CBU6, STM32C071CBU6N, STM32C071F8P6, STM32C071F8P6N, STM32C071FBP6, STM32C071FBP6N, STM32C071FBY6TR, STM32C071G8U6, STM32C071G8U6N, STM32C071GBU6, STM32C071GBU6N, STM32C071K8T6, STM32C071K8T6N, STM32C071K8U6, STM32C071K8U6N, STM32C071KBT6, STM32C071KBT6N, STM32C071KBU6, STM32C071KBU6N, STM32C071R8T6, STM32C071R8T6N, STM32C071RBI6N, STM32C071RBT6, STM32C071RBT6N, STM32C091CBT6, STM32C091CBU6, STM32C091CCT6, STM32C091CCU6, STM32C091ECY6TR, STM32C091FBP6, STM32C091FCP6, STM32C091GBU6, STM32C091GCU6, STM32C091KBT6, STM32C091KBU6, STM32C091KCT6, STM32C091KCU6, STM32C091RBT6, STM32C091RCI6, STM32C091RCT6, STM32C092CBT6, STM32C092CBU6, STM32C092CCT6, STM32C092CCU6, STM32C092ECY6TR, STM32C092FBP6, STM32C092FCP6, STM32C092GBU6, STM32C092GCU6, STM32C092KBT6, STM32C092KBU6, STM32C092KCT6, STM32C092KCU6, STM32C092RBT6, STM32C092RCI6, STM32C092RCT6, STM32G071K8TXN, STM32G071K8UXN, STM32G081GBU6N, STM32G081KBT6N, STM32G081KBUXN, STM32G0B1CCT6N, STM32G0B1KCT6, STM32G0B1NEY6TR, STM32G0B1RCT6N, STM32G0C1CCT6, STM32G0C1CCT6N, STM32G0C1CCU6N, STM32G0C1CET6N, STM32G0C1CEU6N, STM32G0C1KCT6, STM32G0C1NEY6TR, STM32G0C1RCI6N, STM32G0C1RCT6N, STM32G0C1REI6N, STM32G0C1RET6N, STM32G0C1VCI6, STM32G0C1VEI6, STM32G411C6T3, STM32G411C6T6, STM32G411C6U3, STM32G411C6U6, STM32G411C8T3, STM32G411C8T6, STM32G411C8U3, STM32G411C8U6, STM32G411CBT3, STM32G411CBT6, STM32G411CBU3, STM32G411CBU6, STM32G411K6T3, STM32G411K6T6, STM32G411K6U3, STM32G411K6U6, STM32G411K8T3, STM32G411K8T6, STM32G411K8U3, STM32G411K8U6, STM32G411KBT3, STM32G411KBT6, STM32G411KBU3, STM32G411KBU6, STM32G411M6T3, STM32G411M6T6, STM32G411M8T3, STM32G411M8T6, STM32G411MBT3, STM32G411MBT6, STM32G411R6T3, STM32G411R6T6, STM32G411R8T3, STM32G411R8T6, STM32G411RBT3, STM32G411RBT6, STM32G414CBT3, STM32G414CBT6, STM32G414CBU3, STM32G414CBU6, STM32G414CCT3, STM32G414CCT6, STM32G414CCU3, STM32G414CCU6, STM32G414MBT3, STM32G414MBT6, STM32G414MCT3, STM32G414MCT6, STM32G414RBT3, STM32G414RBT6, STM32G414RCT3, STM32G414RCT6, STM32G414VBT3, STM32G414VBT6, STM32G414VCT3, STM32G414VCT6, STM32G431CBT3Z, STM32G431RBT3Z, STM32G471CCT6, STM32G471CCU6, STM32G471CET3, STM32G471CET6, STM32G471CEU3, STM32G471CEU6, STM32G471MCT6, STM32G471MET3, STM32G471MET6, STM32G471MEY6TR, STM32G471QCT6, STM32G471QET3, STM32G471RCT6, STM32G471RET3, STM32G471RET6, STM32G471VCH6, STM32G471VCI6, STM32G471VCT6, STM32G471VEH3, STM32G471VEH6, STM32G471VEI3, STM32G471VEI6, STM32G471VET3, STM32G471VET6, STM32G473QET3Z, STM32G473RET3Z, STM32G474CCT6, STM32G491RET3Z, STM32H503CBT6, STM32H503CBU6, STM32H503EBY6TR, STM32H503KBU6, STM32H503RBT6, STM32H523CCT6, STM32H523CCU6, STM32H523CET6, STM32H523CEU6, STM32H523HEY6TR, STM32H523RCT6, STM32H523RET6, STM32H523VCI6, STM32H523VCT6, STM32H523VEI6, STM32H523VET6, STM32H523ZCJ6, STM32H523ZCT6, STM32H523ZEJ6, STM32H523ZET6, STM32H533CET6, STM32H533CEU6, STM32H533HEY6TR, STM32H533RET6, STM32H533VEI6, STM32H533VET6, STM32H533ZEJ6, STM32H533ZET6, STM32H562AGI6, STM32H562AII6, STM32H562IGK6, STM32H562IGT6, STM32H562IIK6, STM32H562IIT6, STM32H562RGT6, STM32H562RGV6, STM32H562RIT6, STM32H562RIV6, STM32H562VGT6, STM32H562VIT6, STM32H562ZGT6, STM32H562ZIT6, STM32H563AGI6, STM32H563AII3Q, STM32H563AII6, STM32H563IGK6, STM32H563IGT6, STM32H563IIK3Q, STM32H563IIK6, STM32H563IIT3Q, STM32H563IIT6, STM32H563MIY3QTR, STM32H563RGT6, STM32H563RGV6, STM32H563RIT6, STM32H563RIV6, STM32H563VGT6, STM32H563VIT3Q, STM32H563VIT6, STM32H563ZGT6, STM32H563ZIT3Q, STM32H563ZIT6, STM32H573AII3Q, STM32H573AII6, STM32H573I-DK, STM32H573IIK3Q, STM32H573IIK6, STM32H573IIT3Q, STM32H573IIT6, STM32H573MIY3QTR, STM32H573RIT6, STM32H573RIV6, STM32H573VIT3Q, STM32H573VIT6, STM32H573ZIT3Q, STM32H573ZIT6, STM32H7R3A8I6, STM32H7R3I8K6, STM32H7R3I8T6, STM32H7R3L8H6, STM32H7R3L8H6H, STM32H7R3R8V6, STM32H7R3V8H6, STM32H7R3V8T6, STM32H7R3V8Y6TR, STM32H7R3Z8J6, STM32H7R3Z8T6, STM32H7R7A8I6, STM32H7R7I8K6, STM32H7R7I8T6, STM32H7R7L8H6, STM32H7R7L8H6H, STM32H7R7Z8J6, STM32H7S3A8I6, STM32H7S3I8K6, STM32H7S3I8T6, STM32H7S3L8H6, STM32H7S3L8H6H, STM32H7S3R8V6, STM32H7S3V8H6, STM32H7S3V8T6, STM32H7S3V8Y6TR, STM32H7S3Z8J6, STM32H7S3Z8T6, STM32H7S78-DK, STM32H7S7A8I6, STM32H7S7I8K6, STM32H7S7I8T6, STM32H7S7L8H6, STM32H7S7L8H6H, STM32H7S7Z8J6, STM32L4R5QGI6STR, STM32MP131AAE3, STM32MP131AAF3, STM32MP131AAG3, STM32MP131CAE3, STM32MP131CAF3, STM32MP131CAG3, STM32MP131DAE7, STM32MP131DAF7, STM32MP131DAG7, STM32MP131FAE7, STM32MP131FAF7, STM32MP131FAG7, STM32MP133AAE3, STM32MP133AAF3, STM32MP133AAG3, STM32MP133CAE3, STM32MP133CAF3, STM32MP133CAG3, STM32MP133DAE7, STM32MP133DAF7, STM32MP133DAG7, STM32MP133FAE7, STM32MP133FAF7, STM32MP133FAG7, STM32MP135AAE3, STM32MP135AAF3, STM32MP135AAG3, STM32MP135CAE3, STM32MP135CAF3, STM32MP135CAG3, STM32MP135DAE7, STM32MP135DAF7, STM32MP135DAG7, STM32MP135F-DK, STM32MP135FAE7, STM32MP135FAF7, STM32MP135FAF7T, STM32MP135FAF7U, STM32MP135FAG7, STM32MP211AAL3, STM32MP211AAM3, STM32MP211AAN3, STM32MP211AAO3, STM32MP211CAL3, STM32MP211CAM3, STM32MP211CAN3, STM32MP211CAO3, STM32MP211DAL3, STM32MP211DAM3, STM32MP211DAN3, STM32MP211DAO3, STM32MP211FAL3, STM32MP211FAM3, STM32MP211FAN3, STM32MP211FAO3, STM32MP213AAL3, STM32MP213AAM3, STM32MP213AAN3, STM32MP213AAO3, STM32MP213CAL3, STM32MP213CAM3, STM32MP213CAN3, STM32MP213CAO3, STM32MP213DAL3, STM32MP213DAM3, STM32MP213DAN3, STM32MP213DAO3, STM32MP213FAL3, STM32MP213FAM3, STM32MP213FAN3, STM32MP213FAO3, STM32MP215AAL3, STM32MP215AAM3, STM32MP215AAN3, STM32MP215AAO3, STM32MP215CAL3, STM32MP215CAM3, STM32MP215CAN3, STM32MP215CAO3, STM32MP215DAL3, STM32MP215DAM3, STM32MP215DAN3, STM32MP215DAO3, STM32MP215F-DK, STM32MP215FAL3, STM32MP215FAM3, STM32MP215FAN3, STM32MP215FAO3, STM32MP231AAJ3, STM32MP231AAK3, STM32MP231AAL3, STM32MP231CAJ3, STM32MP231CAK3, STM32MP231CAL3, STM32MP231DAJ3, STM32MP231DAK3, STM32MP231DAL3, STM32MP231FAJ3, STM32MP231FAK3, STM32MP231FAL3, STM32MP233AAJ3, STM32MP233AAK3, STM32MP233AAL3, STM32MP233CAJ3, STM32MP233CAK3, STM32MP233CAL3, STM32MP233DAJ3, STM32MP233DAK3, STM32MP233DAL3, STM32MP233FAJ3, STM32MP233FAK3, STM32MP233FAL3, STM32MP235AAJ3, STM32MP235AAK3, STM32MP235AAL3, STM32MP235CAJ3, STM32MP235CAK3, STM32MP235CAL3, STM32MP235DAJ3, STM32MP235DAK3, STM32MP235DAL3, STM32MP235FAJ3, STM32MP235FAK3, STM32MP235FAL3, STM32MP251AAI3, STM32MP251AAK3, STM32MP251AAL3, STM32MP251CAI3, STM32MP251CAK3, STM32MP251CAL3, STM32MP251DAI3, STM32MP251DAK3, STM32MP251DAL3, STM32MP251FAI3, STM32MP251FAK3, STM32MP251FAL3, STM32MP253AAI3, STM32MP253AAK3, STM32MP253AAL3, STM32MP253CAI3, STM32MP253CAK3, STM32MP253CAL3, STM32MP253DAI3, STM32MP253DAK3, STM32MP253DAL3, STM32MP253FAI3, STM32MP253FAK3, STM32MP253FAL3, STM32MP255AAI3, STM32MP255AAK3, STM32MP255AAL3, STM32MP255CAI3, STM32MP255CAK3, STM32MP255CAL3, STM32MP255DAI3, STM32MP255DAK3, STM32MP255DAL3, STM32MP255FAI3, STM32MP255FAK3, STM32MP255FAL3, STM32MP257AAI3, STM32MP257AAK3, STM32MP257AAL3, STM32MP257CAI3, STM32MP257CAK3, STM32MP257CAL3, STM32MP257DAI3, STM32MP257DAK3, STM32MP257DAL3, STM32MP257F-DK, STM32MP257F-EV1, STM32MP257FAI3, STM32MP257FAK3, STM32MP257FAL3, STM32N645A0H3Q, STM32N645B0H3Q, STM32N645I0H3Q, STM32N645L0H3Q, STM32N645X0H3Q, STM32N645Z0H3Q, STM32N647A0H3Q, STM32N647B0H3Q, STM32N647I0H3Q, STM32N647L0H3Q, STM32N647X0H3Q, STM32N647Z0H3Q, STM32N655A0H3Q, STM32N655B0H3Q, STM32N655I0H3Q, STM32N655L0H3Q, STM32N655X0H3Q, STM32N655Z0H3Q, STM32N6570-DK, STM32N657A0H3Q, STM32N657B0H3Q, STM32N657I0H3Q, STM32N657L0H3Q, STM32N657X0H3Q, STM32N657Z0H3Q, STM32U031C6T6, STM32U031C6U6, STM32U031C8T6, STM32U031C8U6, STM32U031F4P6, STM32U031F6P6, STM32U031F8P6, STM32U031G6Y6TR, STM32U031G8Y6TR, STM32U031K4U6, STM32U031K6U6, STM32U031K8U6, STM32U031R6I6, STM32U031R6T6, STM32U031R8I6, STM32U031R8T6, STM32U073C8T6, STM32U073C8U6, STM32U073CBT6, STM32U073CBU6, STM32U073CCT6, STM32U073CCU6, STM32U073H8Y6TR, STM32U073HBY6TR, STM32U073HCY6TR, STM32U073K8U6, STM32U073KBU6, STM32U073KCU6, STM32U073M8I6, STM32U073M8T6, STM32U073MBI6, STM32U073MBT6, STM32U073MCI6, STM32U073MCT6, STM32U073R8I6, STM32U073R8T6, STM32U073RBI6, STM32U073RBT6, STM32U073RCI6, STM32U073RCT6, STM32U083C-DK, STM32U083CCT6, STM32U083CCU6, STM32U083HCY6TR, STM32U083KCU6, STM32U083MCI6, STM32U083MCT6, STM32U083RCI6, STM32U083RCT6, STM32U375CET6, STM32U375CET6Q, STM32U375CEU6, STM32U375CEU6Q, STM32U375CEY6QTR, STM32U375CGT6, STM32U375CGT6Q, STM32U375CGU6, STM32U375CGU6Q, STM32U375CGY6QTR, STM32U375KEU6, STM32U375KGU6, STM32U375REI6, STM32U375REI6Q, STM32U375RET6, STM32U375RET6Q, STM32U375REY6GTR, STM32U375REY6QTR, STM32U375RGI6, STM32U375RGI6Q, STM32U375RGT6, STM32U375RGT6Q, STM32U375RGY6GTR, STM32U375RGY6QTR, STM32U375VEI6, STM32U375VEI6Q, STM32U375VET6, STM32U375VET6Q, STM32U375VGI6, STM32U375VGI6Q, STM32U375VGT6, STM32U375VGT6Q, STM32U385CGT6, STM32U385CGT6Q, STM32U385CGU6, STM32U385CGU6Q, STM32U385CGY6QTR, STM32U385KGU6, STM32U385RGI6, STM32U385RGI6Q, STM32U385RGT6, STM32U385RGT6Q, STM32U385RGY6GTR, STM32U385RGY6QTR, STM32U385VGI6, STM32U385VGI6Q, STM32U385VGT6, STM32U385VGT6Q, STM32U535CBT6, STM32U535CBT6Q, STM32U535CBU6, STM32U535CBU6Q, STM32U535CCT6, STM32U535CCT6Q, STM32U535CCU6, STM32U535CCU6Q, STM32U535CET6, STM32U535CET6Q, STM32U535CEU6, STM32U535CEU6Q, STM32U535JEY6QTR, STM32U535NCY6QTR, STM32U535NEY6QTR, STM32U535RBI6, STM32U535RBI6Q, STM32U535RBT6, STM32U535RBT6Q, STM32U535RCI6, STM32U535RCI6Q, STM32U535RCT6, STM32U535RCT6Q, STM32U535REI6, STM32U535REI6Q, STM32U535RET6, STM32U535RET6Q, STM32U535VCI6, STM32U535VCI6Q, STM32U535VCT6, STM32U535VCT6Q, STM32U535VEI6, STM32U535VEI6Q, STM32U535VET6, STM32U535VET6Q, STM32U545CET6, STM32U545CET6Q, STM32U545CEU6, STM32U545CEU6Q, STM32U545JEY6QTR, STM32U545NEY6QTR, STM32U545REI6, STM32U545REI6Q, STM32U545RET6, STM32U545RET6Q, STM32U545VEI6, STM32U545VEI6Q, STM32U545VET6, STM32U545VET6Q, STM32U595AIH6, STM32U595AIH6Q, STM32U595AJH6, STM32U595AJH6Q, STM32U595QII6, STM32U595QII6Q, STM32U595QJI6, STM32U595QJI6Q, STM32U595RIT6, STM32U595RIT6Q, STM32U595RJT6, STM32U595RJT6Q, STM32U595VIT6, STM32U595VIT6Q, STM32U595VJT6, STM32U595VJT6Q, STM32U595ZIT6, STM32U595ZIT6Q, STM32U595ZIY6QTR, STM32U595ZJT6, STM32U595ZJT6Q, STM32U595ZJY6QTR, STM32U599BJY6QTR, STM32U599NIH6Q, STM32U599NJH6Q, STM32U599VIT6Q, STM32U599VJT6, STM32U599VJT6Q, STM32U599ZIT6Q, STM32U599ZIY6QTR, STM32U599ZJT6Q, STM32U599ZJY6QTR, STM32U5A5AJH6, STM32U5A5AJH6Q, STM32U5A5QII3Q , STM32U5A5QJI6, STM32U5A5QJI6Q, STM32U5A5RJT6, STM32U5A5RJT6Q, STM32U5A5VJT6, STM32U5A5VJT6Q, STM32U5A5ZJT6, STM32U5A5ZJT6Q, STM32U5A5ZJY6QTR, STM32U5A9BJY6QTR, STM32U5A9J-DK, STM32U5A9NJH6Q, STM32U5A9VJT6Q, STM32U5A9ZJT6Q, STM32U5A9ZJY6QTR, STM32U5F7VIT6, STM32U5F7VIT6Q, STM32U5F7VJT6, STM32U5F7VJT6Q, STM32U5F9BJY6QTR, STM32U5F9NJH6Q, STM32U5F9VIT6Q, STM32U5F9VJT6Q, STM32U5F9ZIJ6QTR, STM32U5F9ZIT6Q, STM32U5F9ZJJ6QTR, STM32U5F9ZJT6Q, STM32U5G7VJT6, STM32U5G7VJT6Q, STM32U5G9BJY6QTR, STM32U5G9J-DK1, STM32U5G9J-DK2, STM32U5G9NJH6Q, STM32U5G9VJT6Q, STM32U5G9ZJJ6QTR, STM32U5G9ZJT6Q, STM32WB05KZV6TR, STM32WB05KZV7TR, STM32WB05TZF6TR, STM32WB05TZF7TR, STM32WB06CCF6TR, STM32WB06CCF7TR, STM32WB06CCV6TR, STM32WB06CCV7TR, STM32WB06KCV6TR, STM32WB06KCV7TR, STM32WB07CCF6TR, STM32WB07CCF7TR, STM32WB07CCV6TR, STM32WB07CCV7TR, STM32WB07KCV6TR, STM32WB07KCV7TR, STM32WB09KEV6TR, STM32WB09KEV7TR, STM32WB09TEF6TR, STM32WB09TEF7TR, STM32WB1MMCH6, STM32WBA50KGU6, STM32WBA50KGU6TR, STM32WBA52CEU6, STM32WBA52CEU6TR, STM32WBA52CEU7, STM32WBA52CEU7TR, STM32WBA52CGU6, STM32WBA52CGU6TR, STM32WBA52CGU6U, STM32WBA52CGU7, STM32WBA52CGU7TR, STM32WBA52KEU6, STM32WBA52KEU6TR, STM32WBA52KGU6, STM32WBA52KGU6TR, STM32WBA54CEU6, STM32WBA54CEU6TR, STM32WBA54CEU7, STM32WBA54CEU7TR, STM32WBA54CGU6, STM32WBA54CGU6TR, STM32WBA54CGU7, STM32WBA54CGU7TR, STM32WBA54KEU6, STM32WBA54KEU6TR, STM32WBA54KEU7, STM32WBA54KEU7TR, STM32WBA54KGU6, STM32WBA54KGU6TR, STM32WBA54KGU7, STM32WBA54KGU7TR, STM32WBA55CEU6, STM32WBA55CEU6TR, STM32WBA55CEU7, STM32WBA55CEU7TR, STM32WBA55CGU6, STM32WBA55CGU6TR, STM32WBA55CGU6U, STM32WBA55CGU7, STM32WBA55CGU7TR, STM32WBA55G-DK1, STM32WBA55HEF6, STM32WBA55HEF7, STM32WBA55HGF6, STM32WBA55HGF7, STM32WBA55UEI6, STM32WBA55UEI6TR, STM32WBA55UEI7, STM32WBA55UEI7TR, STM32WBA55UGI6, STM32WBA55UGI6TR, STM32WBA55UGI7, STM32WBA55UGI7TR, STM32WBA5MMGH6TR, STM32WBA62MGF6, STM32WBA62MIF6, STM32WBA65MGF7, STM32WBA65MIF6, STM32WBA65MIF7, STM32WL30K8V6, STM32WL30KBV6, STM32WL31C8V6, STM32WL31CBV6, STM32WL31K8V6, STM32WL31KBV6, STM32WL33C8V6, STM32WL33C8V6X, STM32WL33CBV6, STM32WL33CBV6X, STM32WL33CCV6, STM32WL33CCV6A, STM32WL33CCV6X, STM32WL33K8V7, STM32WL33K8V7X, STM32WL33KBV7 , STM32WL33KBV7X, STM32WL33KCV7, STM32WL33KCV7X, STM32WL5MOCH6, STM32WL5MOCH6TR]
2025-08-11 07:08:19,368 [INFO] BoardInfo:889 - No configuration file found for board P-NUCLEO-WB55
2025-08-11 07:08:19,370 [INFO] DbBoards:161 - Kit is not supported: P-NUCLEO-WB55
2025-08-11 07:08:19,378 [INFO] BoardInfo:889 - No configuration file found for board STEVAL-BFA001V1B
2025-08-11 07:08:19,381 [INFO] DbBoards:161 - Kit is not supported: STEVAL-BFA001V1B
2025-08-11 07:08:19,382 [INFO] BoardInfo:889 - No configuration file found for board STEVAL-BFA001V2B
2025-08-11 07:08:19,384 [INFO] DbBoards:161 - Kit is not supported: STEVAL-BFA001V2B
2025-08-11 07:08:19,462 [ERROR] LogOutputStream:75 - [STDERR_REDIRECT] [Fatal Error] :1:1: Premature end of file.
2025-08-11 07:08:19,462 [ERROR] LogOutputStream:75 - [STDERR_REDIRECT] 
2025-08-11 07:08:19,674 [INFO] DbBoards:168 - Found 212 boards, 209 are supported
2025-08-11 07:08:19,674 [INFO] DbBoards:169 - Found 212 boards, 43 of them is supported for  Bsp
2025-08-11 07:08:19,677 [INFO] ApiDb:423 - Load user favorites file C:\Users\sumey/.stm32cubeide/favorites.boards.txt: 0 item(s)
2025-08-11 07:08:19,677 [INFO] ApiDb:427 - User favorites Boards=[]
2025-08-11 07:08:19,677 [INFO] DbBoards:198 - Set 0 / 0 favorites Boards
2025-08-11 07:08:19,677 [INFO] McuFinderGlobals:76 - Set McuFinderConnectedMode to true
2025-08-11 07:08:19,684 [INFO] MultiScanPanel:200 - Auto-refresh data requested => check proxy status ongoing
2025-08-11 07:08:19,686 [INFO] FinderPluginLoader:96 - Searching for filters in installed packs
2025-08-11 07:08:20,411 [ERROR] LogOutputStream:75 - [STDERR_REDIRECT] [Fatal Error] :1:1: Premature end of file.
2025-08-11 07:08:20,411 [ERROR] LogOutputStream:75 - [STDERR_REDIRECT] 
2025-08-11 07:08:21,129 [INFO] LoadUrlFilesThread:185 - End of LoadServerUrlFiles without Thread
2025-08-11 07:08:21,292 [INFO] DetailPanel:341 - Set advertising image to C:/Users/sumey/STM32Cube/Repository/\en.2400x1350px.jpeg
2025-08-11 07:08:21,405 [ERROR] LogOutputStream:75 - [STDERR_REDIRECT] [Fatal Error] :1:1: Premature end of file.
2025-08-11 07:08:21,405 [ERROR] LogOutputStream:75 - [STDERR_REDIRECT] 
2025-08-11 07:08:22,408 [ERROR] LogOutputStream:75 - [STDERR_REDIRECT] [Fatal Error] :1:1: Premature end of file.
2025-08-11 07:08:22,408 [ERROR] LogOutputStream:75 - [STDERR_REDIRECT] 
2025-08-11 07:08:23,404 [ERROR] LogOutputStream:75 - [STDERR_REDIRECT] [Fatal Error] :1:1: Premature end of file.
2025-08-11 07:08:23,405 [ERROR] LogOutputStream:75 - [STDERR_REDIRECT] 
2025-08-11 07:08:24,406 [ERROR] LogOutputStream:75 - [STDERR_REDIRECT] [Fatal Error] :1:1: Premature end of file.
2025-08-11 07:08:24,407 [ERROR] LogOutputStream:75 - [STDERR_REDIRECT] 
2025-08-11 07:08:25,404 [ERROR] LogOutputStream:75 - [STDERR_REDIRECT] [Fatal Error] :1:1: Premature end of file.
2025-08-11 07:08:25,404 [ERROR] LogOutputStream:75 - [STDERR_REDIRECT] 
2025-08-11 07:08:26,421 [ERROR] LogOutputStream:75 - [STDERR_REDIRECT] [Fatal Error] :1:1: Premature end of file.
2025-08-11 07:08:26,421 [ERROR] LogOutputStream:75 - [STDERR_REDIRECT] 
2025-08-11 07:08:27,405 [ERROR] LogOutputStream:75 - [STDERR_REDIRECT] [Fatal Error] :1:1: Premature end of file.
2025-08-11 07:08:27,405 [ERROR] LogOutputStream:75 - [STDERR_REDIRECT] 
2025-08-11 07:08:28,411 [ERROR] LogOutputStream:75 - [STDERR_REDIRECT] [Fatal Error] :1:1: Premature end of file.
2025-08-11 07:08:28,411 [ERROR] LogOutputStream:75 - [STDERR_REDIRECT] 
2025-08-11 07:08:29,406 [ERROR] LogOutputStream:75 - [STDERR_REDIRECT] [Fatal Error] :1:1: Premature end of file.
2025-08-11 07:08:29,406 [ERROR] LogOutputStream:75 - [STDERR_REDIRECT] 
2025-08-11 07:08:30,397 [ERROR] LogOutputStream:75 - [STDERR_REDIRECT] [Fatal Error] :1:1: Premature end of file.
2025-08-11 07:08:30,397 [ERROR] LogOutputStream:75 - [STDERR_REDIRECT] 
2025-08-11 07:08:31,400 [ERROR] LogOutputStream:75 - [STDERR_REDIRECT] [Fatal Error] :1:1: Premature end of file.
2025-08-11 07:08:31,400 [ERROR] LogOutputStream:75 - [STDERR_REDIRECT] 
2025-08-11 07:08:32,409 [ERROR] LogOutputStream:75 - [STDERR_REDIRECT] [Fatal Error] :1:1: Premature end of file.
2025-08-11 07:08:32,409 [ERROR] LogOutputStream:75 - [STDERR_REDIRECT] 
2025-08-11 07:08:33,412 [ERROR] LogOutputStream:75 - [STDERR_REDIRECT] [Fatal Error] :1:1: Premature end of file.
2025-08-11 07:08:33,413 [ERROR] LogOutputStream:75 - [STDERR_REDIRECT] 
2025-08-11 07:08:34,413 [ERROR] LogOutputStream:75 - [STDERR_REDIRECT] [Fatal Error] :1:1: Premature end of file.
2025-08-11 07:08:34,413 [ERROR] LogOutputStream:75 - [STDERR_REDIRECT] 
2025-08-11 07:08:35,418 [ERROR] LogOutputStream:75 - [STDERR_REDIRECT] [Fatal Error] :1:1: Premature end of file.
2025-08-11 07:08:35,418 [ERROR] LogOutputStream:75 - [STDERR_REDIRECT] 
2025-08-11 07:08:36,410 [ERROR] LogOutputStream:75 - [STDERR_REDIRECT] [Fatal Error] :1:1: Premature end of file.
2025-08-11 07:08:36,410 [ERROR] LogOutputStream:75 - [STDERR_REDIRECT] 
2025-08-11 07:08:37,404 [ERROR] LogOutputStream:75 - [STDERR_REDIRECT] [Fatal Error] :1:1: Premature end of file.
2025-08-11 07:08:37,404 [ERROR] LogOutputStream:75 - [STDERR_REDIRECT] 
2025-08-11 07:08:38,417 [ERROR] LogOutputStream:75 - [STDERR_REDIRECT] [Fatal Error] :1:1: Premature end of file.
2025-08-11 07:08:38,417 [ERROR] LogOutputStream:75 - [STDERR_REDIRECT] 
2025-08-11 07:08:39,412 [ERROR] LogOutputStream:75 - [STDERR_REDIRECT] [Fatal Error] :1:1: Premature end of file.
2025-08-11 07:08:39,413 [ERROR] LogOutputStream:75 - [STDERR_REDIRECT] 
2025-08-11 07:08:40,406 [ERROR] LogOutputStream:75 - [STDERR_REDIRECT] [Fatal Error] :1:1: Premature end of file.
2025-08-11 07:08:40,406 [ERROR] LogOutputStream:75 - [STDERR_REDIRECT] 
2025-08-11 07:08:41,415 [ERROR] LogOutputStream:75 - [STDERR_REDIRECT] [Fatal Error] :1:1: Premature end of file.
2025-08-11 07:08:41,416 [ERROR] LogOutputStream:75 - [STDERR_REDIRECT] 
2025-08-11 07:08:42,396 [ERROR] LogOutputStream:75 - [STDERR_REDIRECT] [Fatal Error] :1:1: Premature end of file.
2025-08-11 07:08:42,396 [ERROR] LogOutputStream:75 - [STDERR_REDIRECT] 
2025-08-11 07:08:43,402 [ERROR] LogOutputStream:75 - [STDERR_REDIRECT] [Fatal Error] :1:1: Premature end of file.
2025-08-11 07:08:43,403 [ERROR] LogOutputStream:75 - [STDERR_REDIRECT] 
2025-08-11 07:08:44,412 [ERROR] LogOutputStream:75 - [STDERR_REDIRECT] [Fatal Error] :1:1: Premature end of file.
2025-08-11 07:08:44,412 [ERROR] LogOutputStream:75 - [STDERR_REDIRECT] 
2025-08-11 07:08:45,413 [ERROR] LogOutputStream:75 - [STDERR_REDIRECT] [Fatal Error] :1:1: Premature end of file.
2025-08-11 07:08:45,414 [ERROR] LogOutputStream:75 - [STDERR_REDIRECT] 
2025-08-11 07:08:46,409 [ERROR] LogOutputStream:75 - [STDERR_REDIRECT] [Fatal Error] :1:1: Premature end of file.
2025-08-11 07:08:46,409 [ERROR] LogOutputStream:75 - [STDERR_REDIRECT] 
2025-08-11 07:08:47,413 [ERROR] LogOutputStream:75 - [STDERR_REDIRECT] [Fatal Error] :1:1: Premature end of file.
2025-08-11 07:08:47,414 [ERROR] LogOutputStream:75 - [STDERR_REDIRECT] 
2025-08-11 07:08:48,397 [ERROR] LogOutputStream:75 - [STDERR_REDIRECT] [Fatal Error] :1:1: Premature end of file.
2025-08-11 07:08:48,397 [ERROR] LogOutputStream:75 - [STDERR_REDIRECT] 
2025-08-11 07:08:49,403 [ERROR] LogOutputStream:75 - [STDERR_REDIRECT] [Fatal Error] :1:1: Premature end of file.
2025-08-11 07:08:49,403 [ERROR] LogOutputStream:75 - [STDERR_REDIRECT] 
2025-08-11 07:08:50,282 [INFO] MainUpdater:2872 - connection check result : 10
2025-08-11 07:08:50,283 [INFO] MainUpdater:2872 - connection check result : 10
2025-08-11 07:08:50,311 [INFO] MicroXplorer:468 - Change Database Path : 
2025-08-11 07:08:50,311 [INFO] MicroXplorer:498 - Change Database Version : DB.6.0.150
2025-08-11 07:08:50,319 [WARN] ThirdParty:871 - waiting for thirdparty lock release [close project]
2025-08-11 07:08:50,319 [INFO] ThirdParty:873 - entering critical section [close project]
2025-08-11 07:08:50,320 [INFO] ThirdParty:883 - exiting critical section [close project]
2025-08-11 07:08:50,329 [INFO] PinOutPanel:1589 - setPackage(No Configuration,No Configuration)
2025-08-11 07:08:50,336 [INFO] UtilMem:75 - Begin LoadConfig() Used Memory: 312633104 Bytes (569376768)
2025-08-11 07:08:50,338 [INFO] MicroXplorer:468 - Change Database Path : 
2025-08-11 07:08:50,338 [INFO] MicroXplorer:498 - Change Database Version : DB.6.0.150
2025-08-11 07:08:50,338 [INFO] OpenFileManager:355 - Change cursor
2025-08-11 07:08:50,411 [ERROR] LogOutputStream:75 - [STDERR_REDIRECT] [Fatal Error] :1:1: Premature end of file.
2025-08-11 07:08:50,412 [ERROR] LogOutputStream:75 - [STDERR_REDIRECT] 
2025-08-11 07:08:50,502 [INFO] Mcu:2029 - Initializing MCU STM32F103C6Tx STM32F103C6Tx STM32F103C6T6A
2025-08-11 07:08:51,407 [ERROR] LogOutputStream:75 - [STDERR_REDIRECT] [Fatal Error] :1:1: Premature end of file.
2025-08-11 07:08:51,408 [ERROR] LogOutputStream:75 - [STDERR_REDIRECT] 
2025-08-11 07:08:51,711 [INFO] Context:786 - Trying to add GPIOservice into a context  which must be forbidden
2025-08-11 07:08:51,949 [INFO] ImportTextPane:234 - (OptionalMessage_ERROR) Unable to find key (Mcu.ThirdPartyNb) in loaded IOC file
2025-08-11 07:08:51,949 [INFO] ImportTextPane:234 - (OptionalMessage_ERROR) Unable to find key (Mcu.PinsNb) in loaded IOC file
2025-08-11 07:08:51,949 [INFO] ImportTextPane:234 - (OptionalMessage_ERROR) Pin0 (VP_RIF_VS_RIF1) cannot be retrieved for this MCU
2025-08-11 07:08:51,950 [INFO] ImportTextPane:234 - (OptionalMessage_ERROR) Unable to find key (Mcu.IPNb) in loaded IOC file
2025-08-11 07:08:52,064 [INFO] RtosManager:558 - Registered RTOS mode: class=CMSIS, group=RTOS, mode=CMSIS_V1, owner=FREERTOS
2025-08-11 07:08:52,064 [INFO] RtosManager:558 - Registered RTOS mode: class=CMSIS, group=RTOS2, mode=CMSIS_V2, owner=FREERTOS
2025-08-11 07:08:52,064 [INFO] RtosManager:558 - Registered RTOS mode: class=RTOS, group=Core, mode=CMSIS_V1, owner=FREERTOS
2025-08-11 07:08:52,064 [INFO] RtosManager:558 - Registered RTOS mode: class=RTOS, group=Core, mode=CMSIS_V2, owner=FREERTOS
2025-08-11 07:08:52,064 [WARN] ModelIntegratedComponent:184 - Missing modes for component STMicroelectronics:FreeRTOS:0.0.1:STMicroelectronics:RTOS:FreeRTOS:Core:::10.2.0:
2025-08-11 07:08:52,101 [WARN] ModelIntegratedComponent:63 - No mode defined for component null
2025-08-11 07:08:52,101 [WARN] ModelIntegratedComponent:63 - No mode defined for component null
2025-08-11 07:08:52,101 [WARN] ModelIntegratedComponent:63 - No mode defined for component null
2025-08-11 07:08:52,101 [WARN] ModelIntegratedComponent:63 - No mode defined for component null
2025-08-11 07:08:52,101 [WARN] ModelIntegratedComponent:63 - No mode defined for component null
2025-08-11 07:08:52,101 [WARN] ModelIntegratedComponent:63 - No mode defined for component null
2025-08-11 07:08:52,101 [WARN] ModelIntegratedComponent:63 - No mode defined for component null
2025-08-11 07:08:52,101 [WARN] ModelIntegratedComponent:63 - No mode defined for component null
2025-08-11 07:08:52,101 [WARN] ModelIntegratedComponent:63 - No mode defined for component null
2025-08-11 07:08:52,101 [WARN] ModelIntegratedComponent:63 - No mode defined for component null
2025-08-11 07:08:52,101 [WARN] ModelIntegratedComponent:63 - No mode defined for component null
2025-08-11 07:08:52,101 [WARN] ModelIntegratedComponent:63 - No mode defined for component null
2025-08-11 07:08:52,101 [WARN] ModelIntegratedComponent:63 - No mode defined for component null
2025-08-11 07:08:52,101 [WARN] ModelIntegratedComponent:63 - No mode defined for component null
2025-08-11 07:08:52,101 [WARN] ModelIntegratedComponent:63 - No mode defined for component null
2025-08-11 07:08:52,101 [WARN] ModelIntegratedComponent:63 - No mode defined for component null
2025-08-11 07:08:52,101 [WARN] ModelIntegratedComponent:63 - No mode defined for component null
2025-08-11 07:08:52,101 [WARN] ModelIntegratedComponent:63 - No mode defined for component null
2025-08-11 07:08:52,102 [WARN] ModelIntegratedComponent:63 - No mode defined for component null
2025-08-11 07:08:52,102 [WARN] ModelIntegratedComponent:63 - No mode defined for component null
2025-08-11 07:08:52,102 [WARN] ModelIntegratedComponent:63 - No mode defined for component null
2025-08-11 07:08:52,102 [WARN] ModelIntegratedComponent:63 - No mode defined for component null
2025-08-11 07:08:52,102 [WARN] ModelIntegratedComponent:63 - No mode defined for component null
2025-08-11 07:08:52,102 [WARN] ModelIntegratedComponent:63 - No mode defined for component null
2025-08-11 07:08:52,102 [WARN] ModelIntegratedComponent:63 - No mode defined for component null
2025-08-11 07:08:52,102 [WARN] ModelIntegratedComponent:63 - No mode defined for component null
2025-08-11 07:08:52,102 [WARN] ModelIntegratedComponent:63 - No mode defined for component null
2025-08-11 07:08:52,102 [WARN] ModelIntegratedComponent:63 - No mode defined for component null
2025-08-11 07:08:52,102 [WARN] ModelIntegratedComponent:63 - No mode defined for component null
2025-08-11 07:08:52,102 [WARN] ModelIntegratedComponent:63 - No mode defined for component null
2025-08-11 07:08:52,102 [WARN] ModelIntegratedComponent:63 - No mode defined for component null
2025-08-11 07:08:52,103 [WARN] ModelIntegratedComponent:63 - No mode defined for component null
2025-08-11 07:08:52,103 [WARN] ModelIntegratedComponent:63 - No mode defined for component null
2025-08-11 07:08:52,103 [WARN] ModelIntegratedComponent:63 - No mode defined for component null
2025-08-11 07:08:52,103 [WARN] ModelIntegratedComponent:63 - No mode defined for component null
2025-08-11 07:08:52,103 [WARN] ModelPack:524 - Component already loaded: STMicroelectronics:HAL Drivers:0.0.0:STMicroelectronics:Device:STMicro_Driver:XSPI:HAL::0.0.1:HAL_XSPI
2025-08-11 07:08:52,253 [INFO] ThirdPartyModel:298 - Start build external matchings
2025-08-11 07:08:52,440 [ERROR] LogOutputStream:75 - [STDERR_REDIRECT] [Fatal Error] :1:1: Premature end of file.
2025-08-11 07:08:52,441 [ERROR] LogOutputStream:75 - [STDERR_REDIRECT] 
2025-08-11 07:08:52,794 [INFO] ThirdPartyModel:316 - End build external matchings
2025-08-11 07:08:52,993 [INFO] UtilMem:75 - End LoadConfig() Used Memory: 497338032 Bytes (713031680)
2025-08-11 07:08:53,029 [WARN] ThirdParty:833 - waiting for thirdparty lock release [change project]
2025-08-11 07:08:53,030 [INFO] ThirdParty:835 - entering critical section [change project]
2025-08-11 07:08:53,031 [INFO] ThirdParty:1030 - CMSIS Pack Vendor :STMicroelectronics X-CUBE-PM33A1 1.0.0
2025-08-11 07:08:53,031 [INFO] ThirdParty:1030 - CMSIS Pack Vendor :STMicroelectronics USBPD 4.1
2025-08-11 07:08:53,031 [INFO] ThirdParty:1030 - CMSIS Pack Vendor :STMicroelectronics X-CUBE-AZRTOS-H7 3.3.0
2025-08-11 07:08:53,031 [INFO] ThirdParty:1030 - CMSIS Pack Vendor :STMicroelectronics X-CUBE-NFC9 1.0.0
2025-08-11 07:08:53,031 [INFO] ThirdParty:1030 - CMSIS Pack Vendor :wolfSSL I-CUBE-wolfSSL 5.8.0
2025-08-11 07:08:53,031 [INFO] ThirdParty:1030 - CMSIS Pack Vendor :STMicroelectronics USB_HOST 2.0.0
2025-08-11 07:08:53,031 [INFO] ThirdParty:1030 - CMSIS Pack Vendor :STMicroelectronics FP-SNS-MOTENVWB1 1.4.0
2025-08-11 07:08:53,031 [INFO] ThirdParty:1030 - CMSIS Pack Vendor :STMicroelectronics X-CUBE-AZRTOS-F4 1.1.0
2025-08-11 07:08:53,031 [INFO] ThirdParty:1030 - CMSIS Pack Vendor :STMicroelectronics LIBJPEG 8.0.0
2025-08-11 07:08:53,031 [INFO] ThirdParty:1030 - CMSIS Pack Vendor :STMicroelectronics FP-ATR-ASTRA1 2.0.2
2025-08-11 07:08:53,031 [INFO] ThirdParty:1030 - CMSIS Pack Vendor :STMicroelectronics X-CUBE-BLE1 7.1.0
2025-08-11 07:08:53,031 [INFO] ThirdParty:1030 - CMSIS Pack Vendor :STMicroelectronics X-CUBE-SMBUS 2.1.0
2025-08-11 07:08:53,031 [INFO] ThirdParty:1030 - CMSIS Pack Vendor :wolfSSL I-CUBE-wolfMQTT 1.19.2
2025-08-11 07:08:53,031 [INFO] ThirdParty:1030 - CMSIS Pack Vendor :STMicroelectronics USB_DEVICE 3.0.0
2025-08-11 07:08:53,031 [INFO] ThirdParty:1030 - CMSIS Pack Vendor :STMicroelectronics X-CUBE-ISPU 2.1.0
2025-08-11 07:08:53,031 [INFO] ThirdParty:1030 - CMSIS Pack Vendor :STMicroelectronics X-CUBE-EEPRMA1 5.2.0
2025-08-11 07:08:53,031 [INFO] ThirdParty:1030 - CMSIS Pack Vendor :STMicroelectronics X-CUBE-BLEMGR 4.1.0
2025-08-11 07:08:53,032 [INFO] ThirdParty:1030 - CMSIS Pack Vendor :STMicroelectronics X-CUBE-AZRTOS-WB 2.0.0
2025-08-11 07:08:53,032 [INFO] ThirdParty:1030 - CMSIS Pack Vendor :STMicroelectronics X-CUBE-ST60 1.0.0
2025-08-11 07:08:53,032 [INFO] ThirdParty:1030 - CMSIS Pack Vendor :STMicroelectronics X-CUBE-GNSS1 7.0.1
2025-08-11 07:08:53,032 [INFO] ThirdParty:1030 - CMSIS Pack Vendor :STMicroelectronics X-CUBE-NFC12 1.0.0
2025-08-11 07:08:53,032 [INFO] ThirdParty:1030 - CMSIS Pack Vendor :STMicroelectronics X-CUBE-AZRTOS-F7 1.1.0
2025-08-11 07:08:53,032 [INFO] ThirdParty:1030 - CMSIS Pack Vendor :STMicroelectronics X-CUBE-AZRTOS-L5 2.0.0
2025-08-11 07:08:53,032 [INFO] ThirdParty:1030 - CMSIS Pack Vendor :STMicroelectronics X-CUBE-TOUCHGFX 4.25.0
2025-08-11 07:08:53,032 [INFO] ThirdParty:1030 - CMSIS Pack Vendor :STMicroelectronics USB_DEVICE 2.0.0
2025-08-11 07:08:53,032 [INFO] ThirdParty:1030 - CMSIS Pack Vendor :STMicroelectronics X-CUBE-NFC6 3.1.0
2025-08-11 07:08:53,032 [INFO] ThirdParty:1030 - CMSIS Pack Vendor :STMicroelectronics X-CUBE-AI 10.1.0
2025-08-11 07:08:53,032 [INFO] ThirdParty:1030 - CMSIS Pack Vendor :STMicroelectronics FP-SNS-STBOX1 2.0.0
2025-08-11 07:08:53,032 [INFO] ThirdParty:1030 - CMSIS Pack Vendor :STMicroelectronics FreeRTOS 0.0.1
2025-08-11 07:08:53,032 [INFO] ThirdParty:1030 - CMSIS Pack Vendor :STMicroelectronics X-CUBE-AZRTOS-G0 1.1.0
2025-08-11 07:08:53,032 [INFO] ThirdParty:1030 - CMSIS Pack Vendor :STMicroelectronics X-CUBE-SAFEA1 1.2.2
2025-08-11 07:08:53,032 [INFO] ThirdParty:1030 - CMSIS Pack Vendor :STMicroelectronics X-CUBE-NFC4 3.0.0
2025-08-11 07:08:53,032 [INFO] ThirdParty:1030 - CMSIS Pack Vendor :STMicroelectronics X-CUBE-SUBG2 5.0.0
2025-08-11 07:08:53,032 [INFO] ThirdParty:1030 - CMSIS Pack Vendor :STMicroelectronics X-CUBE-AZRTOS-H7RS 1.1.0
2025-08-11 07:08:53,032 [INFO] ThirdParty:1030 - CMSIS Pack Vendor :STMicroelectronics STM32_WPAN 1.0.0
2025-08-11 07:08:53,032 [INFO] ThirdParty:1030 - CMSIS Pack Vendor :EmbeddedOffice I-CUBE-FS-RTOS 1.0.1
2025-08-11 07:08:53,032 [INFO] ThirdParty:1030 - CMSIS Pack Vendor :STMicroelectronics lwIP 2.0.3
2025-08-11 07:08:53,032 [INFO] ThirdParty:1030 - CMSIS Pack Vendor :Cesanta I-CUBE-Mongoose 7.13.0
2025-08-11 07:08:53,032 [INFO] ThirdParty:1030 - CMSIS Pack Vendor :STMicroelectronics USB_HOST 1.0.0
2025-08-11 07:08:53,032 [INFO] ThirdParty:1030 - CMSIS Pack Vendor :Infineon AIROC-Wi-Fi-Bluetooth-STM32 1.7.0
2025-08-11 07:08:53,032 [INFO] ThirdParty:1030 - CMSIS Pack Vendor :STMicroelectronics X-CUBE-AZRTOS-G4 2.0.0
2025-08-11 07:08:53,032 [INFO] ThirdParty:1030 - CMSIS Pack Vendor :STMicroelectronics X-CUBE-WB05N 2.0.0
2025-08-11 07:08:53,032 [INFO] ThirdParty:1030 - CMSIS Pack Vendor :STMicroelectronics PDM2PCM 3.1.0
2025-08-11 07:08:53,032 [INFO] ThirdParty:1030 - CMSIS Pack Vendor :STMicroelectronics PDM2PCM 3.3.0
2025-08-11 07:08:53,032 [INFO] ThirdParty:1030 - CMSIS Pack Vendor :wolfSSL I-CUBE-wolfTPM 3.8.0
2025-08-11 07:08:53,032 [INFO] ThirdParty:1030 - CMSIS Pack Vendor :STMicroelectronics X-CUBE-AZRTOS-H7 3.4.0
2025-08-11 07:08:53,033 [INFO] ThirdParty:1030 - CMSIS Pack Vendor :STMicroelectronics X-CUBE-DISPLAY 3.0.0
2025-08-11 07:08:53,033 [INFO] ThirdParty:1030 - CMSIS Pack Vendor :wolfSSL I-CUBE-wolfSSH 1.4.20
2025-08-11 07:08:53,033 [INFO] ThirdParty:1030 - CMSIS Pack Vendor :STMicroelectronics X-CUBE-NFC7 2.0.0
2025-08-11 07:08:53,033 [INFO] ThirdParty:1030 - CMSIS Pack Vendor :STMicroelectronics X-CUBE-TCPP 4.2.0
2025-08-11 07:08:53,033 [INFO] ThirdParty:1030 - CMSIS Pack Vendor :RealThread X-CUBE-RT-Thread_Nano 4.1.1
2025-08-11 07:08:53,033 [INFO] ThirdParty:1030 - CMSIS Pack Vendor :STMicroelectronics FP-ATR-SIGFOX1 3.2.0
2025-08-11 07:08:53,033 [INFO] ThirdParty:1030 - CMSIS Pack Vendor :STMicroelectronics X-CUBE-NFC10 1.0.0
2025-08-11 07:08:53,033 [INFO] ThirdParty:1030 - CMSIS Pack Vendor :STMicroelectronics X-CUBE-BLEMGR 4.0.0
2025-08-11 07:08:53,033 [INFO] ThirdParty:1030 - CMSIS Pack Vendor :STMicroelectronics X-CUBE-EEPRMA1 5.1.0
2025-08-11 07:08:53,033 [INFO] ThirdParty:1030 - CMSIS Pack Vendor :STMicroelectronics X-CUBE-FREERTOS 1.3.1
2025-08-11 07:08:53,033 [INFO] ThirdParty:1030 - CMSIS Pack Vendor :STMicroelectronics HAL Drivers 0.0.0
2025-08-11 07:08:53,033 [INFO] ThirdParty:1030 - CMSIS Pack Vendor :STMicroelectronics MBEDTLS 2.16.2
2025-08-11 07:08:53,033 [INFO] ThirdParty:1030 - CMSIS Pack Vendor :STMicroelectronics X-CUBE-IPS 3.1.0
2025-08-11 07:08:53,033 [INFO] ThirdParty:1030 - CMSIS Pack Vendor :STMicroelectronics X-CUBE-ALS 1.0.2
2025-08-11 07:08:53,033 [INFO] ThirdParty:1030 - CMSIS Pack Vendor :emotas I-CUBE-CANOPEN 1.3.0
2025-08-11 07:08:53,033 [INFO] ThirdParty:1030 - CMSIS Pack Vendor :STMicroelectronics MBEDTLS 2.14.1
2025-08-11 07:08:53,033 [INFO] ThirdParty:1030 - CMSIS Pack Vendor :ITTIA_DB I-CUBE-ITTIADB 8.9.0
2025-08-11 07:08:53,033 [INFO] ThirdParty:1030 - CMSIS Pack Vendor :portGmbH I-Cube-SoM-uGOAL 1.1.0
2025-08-11 07:08:53,033 [INFO] ThirdParty:1030 - CMSIS Pack Vendor :quantropi X-CUBE-qispace-sdk-base 2.0.0
2025-08-11 07:08:53,033 [INFO] ThirdParty:1030 - CMSIS Pack Vendor :STMicroelectronics X-CUBE-ST67W61 1.0.0
2025-08-11 07:08:53,033 [INFO] ThirdParty:1030 - CMSIS Pack Vendor :STMicroelectronics FP-SNS-STBOX1 2.1.0
2025-08-11 07:08:53,033 [INFO] ThirdParty:1030 - CMSIS Pack Vendor :STMicroelectronics X-CUBE-AI 10.2.0
2025-08-11 07:08:53,033 [INFO] ThirdParty:1030 - CMSIS Pack Vendor :STMicroelectronics FP-SNS-STAIOTCFT 1.0.0
2025-08-11 07:08:53,033 [INFO] ThirdParty:1030 - CMSIS Pack Vendor :STMicroelectronics ThreadX 1.0.0
2025-08-11 07:08:53,033 [INFO] ThirdParty:1030 - CMSIS Pack Vendor :STMicroelectronics FP-SNS-SMARTAG2 1.2.0
2025-08-11 07:08:53,033 [INFO] ThirdParty:1030 - CMSIS Pack Vendor :STMicroelectronics FP-SNS-FLIGHT1 5.1.0
2025-08-11 07:08:53,034 [INFO] ThirdParty:1030 - CMSIS Pack Vendor :STMicroelectronics X-CUBE-AZRTOS-WL 2.0.0
2025-08-11 07:08:53,034 [INFO] ThirdParty:1030 - CMSIS Pack Vendor :SEGGER I-CUBE-embOS 1.3.1
2025-08-11 07:08:53,034 [INFO] ThirdParty:1030 - CMSIS Pack Vendor :STMicroelectronics X-CUBE-ALGOBUILD 1.4.0
2025-08-11 07:08:53,034 [INFO] ThirdParty:1030 - CMSIS Pack Vendor :STMicroelectronics X-CUBE-DPower 1.3.0
2025-08-11 07:08:53,034 [INFO] ThirdParty:1030 - CMSIS Pack Vendor :STMicroelectronics X-CUBE-MEMS1 11.3.0
2025-08-11 07:08:53,035 [INFO] ThirdParty:1030 - CMSIS Pack Vendor :STMicroelectronics FP-SNS-MOTENV1 5.0.0
2025-08-11 07:08:53,036 [INFO] ThirdParty:1030 - CMSIS Pack Vendor :STMicroelectronics USB_DEVICE 1.0.0
2025-08-11 07:08:53,036 [INFO] ThirdParty:1030 - CMSIS Pack Vendor :STMicroelectronics X-CUBE-AZRTOS-L4 2.0.0
2025-08-11 07:08:53,036 [INFO] ThirdParty:1030 - CMSIS Pack Vendor :STMicroelectronics ThreadX 0.0.2
2025-08-11 07:08:53,036 [INFO] ThirdParty:1030 - CMSIS Pack Vendor :WES I-CUBE-Cesium 1.3.0
2025-08-11 07:08:53,036 [INFO] ThirdParty:1030 - CMSIS Pack Vendor :STMicroelectronics lwIP 2.1.2
2025-08-11 07:08:53,036 [INFO] ThirdParty:1030 - CMSIS Pack Vendor :STMicroelectronics X-CUBE-SFXS2LP1 4.0.0
2025-08-11 07:08:53,036 [INFO] ThirdParty:1030 - CMSIS Pack Vendor :STMicroelectronics X-CUBE-BLE2 3.3.0
2025-08-11 07:08:53,036 [INFO] ThirdParty:1030 - CMSIS Pack Vendor :STMicroelectronics X-CUBE-TOF1 3.4.3
2025-08-11 07:08:53,036 [INFO] ThirdParty:1030 - CMSIS Pack Vendor :STMicroelectronics PDM2PCM 3.2.0
2025-08-11 07:08:53,036 [INFO] ThirdParty:841 - exiting critical section [change project]
2025-08-11 07:08:53,312 [INFO] PinOutPanel:1589 - setPackage(No Configuration,No Configuration)
2025-08-11 07:08:53,315 [INFO] PinOutPanel:1589 - setPackage(STM32F103C6Tx,LQFP48)
2025-08-11 07:08:53,427 [ERROR] LogOutputStream:75 - [STDERR_REDIRECT] [Fatal Error] :1:1: Premature end of file.
2025-08-11 07:08:53,429 [ERROR] LogOutputStream:75 - [STDERR_REDIRECT] 
2025-08-11 07:08:53,935 [INFO] UtilMem:75 - Before build in PCC Used Memory: 343917120 Bytes (713031680)
2025-08-11 07:08:54,412 [ERROR] LogOutputStream:75 - [STDERR_REDIRECT] [Fatal Error] :1:1: Premature end of file.
2025-08-11 07:08:54,413 [ERROR] LogOutputStream:75 - [STDERR_REDIRECT] 
2025-08-11 07:08:55,014 [INFO] UtilMem:75 - After build in PCC Used Memory: 480743552 Bytes (713031680)
2025-08-11 07:08:55,044 [INFO] IPUIPlugin:80 - create IPUIPlugin
2025-08-11 07:08:55,045 [INFO] IPUIPlugin:80 - create IPUIPlugin
2025-08-11 07:08:55,045 [INFO] IPUIPlugin:80 - create IPUIPlugin
2025-08-11 07:08:55,046 [INFO] IPUIPlugin:80 - create IPUIPlugin
2025-08-11 07:08:55,046 [INFO] IPUIPlugin:80 - create IPUIPlugin
2025-08-11 07:08:55,046 [INFO] IPUIPlugin:80 - create IPUIPlugin
2025-08-11 07:08:55,046 [INFO] IPUIPlugin:80 - create IPUIPlugin
2025-08-11 07:08:55,046 [INFO] IPUIPlugin:80 - create IPUIPlugin
2025-08-11 07:08:55,046 [INFO] IPUIPlugin:80 - create IPUIPlugin
2025-08-11 07:08:55,046 [INFO] IPUIPlugin:80 - create IPUIPlugin
2025-08-11 07:08:55,046 [INFO] IPUIPlugin:80 - create IPUIPlugin
2025-08-11 07:08:55,046 [INFO] IPUIPlugin:80 - create IPUIPlugin
2025-08-11 07:08:55,047 [INFO] IPUIPlugin:80 - create IPUIPlugin
2025-08-11 07:08:55,047 [INFO] IPUIPlugin:80 - create IPUIPlugin
2025-08-11 07:08:55,047 [INFO] IPUIPlugin:80 - create IPUIPlugin
2025-08-11 07:08:55,047 [INFO] IPUIPlugin:80 - create IPUIPlugin
2025-08-11 07:08:55,047 [INFO] IPUIPlugin:80 - create IPUIPlugin
2025-08-11 07:08:55,048 [INFO] IPUIPlugin:80 - create IPUIPlugin
2025-08-11 07:08:55,048 [INFO] IPUIPlugin:80 - create IPUIPlugin
2025-08-11 07:08:55,048 [INFO] IPUIPlugin:80 - create IPUIPlugin
2025-08-11 07:08:55,049 [INFO] IPUIPlugin:80 - create IPUIPlugin
2025-08-11 07:08:55,049 [INFO] IPUIPlugin:80 - create IPUIPlugin
2025-08-11 07:08:55,049 [INFO] IPUIPlugin:80 - create IPUIPlugin
2025-08-11 07:08:55,301 [INFO] CADModel:165 - CPN selected for project levelSTM32F103C6T6A
2025-08-11 07:08:55,301 [INFO] CADModel:114 - Register for checkConnection events
2025-08-11 07:08:55,358 [INFO] OpenFileManager:386 - Restore cursor
2025-08-11 07:08:55,406 [ERROR] LogOutputStream:75 - [STDERR_REDIRECT] [Fatal Error] :1:1: Premature end of file.
2025-08-11 07:08:55,407 [ERROR] LogOutputStream:75 - [STDERR_REDIRECT] 
2025-08-11 07:08:56,295 [INFO] UtilMem:75 - End SaveConfig() Used Memory: 462886480 Bytes (713031680)
2025-08-11 07:08:56,365 [INFO] UtilMem:75 - End SaveConfig() Used Memory: 473996240 Bytes (713031680)
2025-08-11 07:08:56,407 [ERROR] LogOutputStream:75 - [STDERR_REDIRECT] [Fatal Error] :1:1: Premature end of file.
2025-08-11 07:08:56,408 [ERROR] LogOutputStream:75 - [STDERR_REDIRECT] 
2025-08-11 07:08:56,890 [INFO] BlockDiagram:2775 - set Specific Code input for plugin: NVIC
2025-08-11 07:08:56,891 [INFO] BlockDiagram:2775 - set Specific Code input for plugin: RCC
2025-08-11 07:08:56,892 [INFO] CodeGenerator:892 - code generatio: config db path: C:\ST\STM32CubeIDE_1.19.0\STM32CubeIDE\plugins\com.st.stm32cube.common.mx_6.15.0.202507011659\\db\
2025-08-11 07:08:57,023 [INFO] CodeEngine:265 - oldGeneratedFile, C:\Users\sumey\STM32CubeIDE\workspace_1.19.0\5_4_TimerPWM1\MXTmpFiles\license.tmp_save
2025-08-11 07:08:57,403 [ERROR] LogOutputStream:75 - [STDERR_REDIRECT] [Fatal Error] :1:1: Premature end of file.
2025-08-11 07:08:57,404 [ERROR] LogOutputStream:75 - [STDERR_REDIRECT] 
2025-08-11 07:08:57,514 [INFO] CodeEngine:289 - Generated code: C:\Users\sumey\STM32CubeIDE\workspace_1.19.0\5_4_TimerPWM1\MXTmpFiles\license.tmp
2025-08-11 07:08:57,548 [INFO] CodeEngine:265 - oldGeneratedFile, C:\Users\sumey\STM32CubeIDE\workspace_1.19.0\5_4_TimerPWM1\Core\Src\stm32f1xx_it.c_save
2025-08-11 07:08:57,755 [INFO] CodeEngine:289 - Generated code: C:\Users\sumey\STM32CubeIDE\workspace_1.19.0\5_4_TimerPWM1\Core\Src\stm32f1xx_it.c
2025-08-11 07:08:57,760 [INFO] CodeEngine:265 - oldGeneratedFile, C:\Users\sumey\STM32CubeIDE\workspace_1.19.0\5_4_TimerPWM1\Core\Inc\stm32f1xx_it.h_save
2025-08-11 07:08:57,849 [INFO] CodeEngine:289 - Generated code: C:\Users\sumey\STM32CubeIDE\workspace_1.19.0\5_4_TimerPWM1\Core\Inc\stm32f1xx_it.h
2025-08-11 07:08:58,171 [INFO] CodeEngine:265 - oldGeneratedFile, C:\Users\sumey\STM32CubeIDE\workspace_1.19.0\5_4_TimerPWM1\Core\Src\stm32f1xx_hal_msp.c_save
2025-08-11 07:08:58,329 [INFO] CodeEngine:289 - Generated code: C:\Users\sumey\STM32CubeIDE\workspace_1.19.0\5_4_TimerPWM1\Core\Src\stm32f1xx_hal_msp.c
2025-08-11 07:08:58,334 [INFO] CodeEngine:265 - oldGeneratedFile, C:\Users\sumey\STM32CubeIDE\workspace_1.19.0\5_4_TimerPWM1\MXTmpFiles\system.tmp_save
2025-08-11 07:08:58,406 [ERROR] LogOutputStream:75 - [STDERR_REDIRECT] [Fatal Error] :1:1: Premature end of file.
2025-08-11 07:08:58,407 [ERROR] LogOutputStream:75 - [STDERR_REDIRECT] 
2025-08-11 07:08:58,426 [INFO] CodeEngine:289 - Generated code: C:\Users\sumey\STM32CubeIDE\workspace_1.19.0\5_4_TimerPWM1\MXTmpFiles\system.tmp
2025-08-11 07:08:58,440 [INFO] CodeEngine:321 - oldGeneratedFile, C:\Users\sumey\STM32CubeIDE\workspace_1.19.0\5_4_TimerPWM1\Core\Inc\stm32f1xx_hal_conf.h_save
2025-08-11 07:08:58,529 [INFO] CodeEngine:345 - Generated code: C:\Users\sumey\STM32CubeIDE\workspace_1.19.0\5_4_TimerPWM1\Core\Inc\stm32f1xx_hal_conf.h
2025-08-11 07:08:58,586 [INFO] ApiDbMcu:532 - Load IP Config File for RCC
2025-08-11 07:08:58,597 [INFO] CodeEngine:265 - oldGeneratedFile, C:\Users\sumey\STM32CubeIDE\workspace_1.19.0\5_4_TimerPWM1\Core\Inc\main.h_save
2025-08-11 07:08:58,748 [INFO] CodeEngine:289 - Generated code: C:\Users\sumey\STM32CubeIDE\workspace_1.19.0\5_4_TimerPWM1\Core\Inc\main.h
2025-08-11 07:08:58,754 [INFO] CodeEngine:265 - oldGeneratedFile, C:\Users\sumey\STM32CubeIDE\workspace_1.19.0\5_4_TimerPWM1\Core\Src\main.c_save
2025-08-11 07:08:58,954 [INFO] CodeEngine:289 - Generated code: C:\Users\sumey\STM32CubeIDE\workspace_1.19.0\5_4_TimerPWM1\Core\Src\main.c
2025-08-11 07:08:59,270 [INFO] ProjectBuilder:3606 - Time for Copy HAL[1] : 132mS.
2025-08-11 07:08:59,282 [INFO] ProjectBuilder:5216 - Project Generator version: 4.7.0-B52
2025-08-11 07:08:59,351 [INFO] ConfigFileManager:1595 - The Die is : DIE412
2025-08-11 07:08:59,365 [INFO] ApiDbMcu:532 - Load IP Config File for FATFS
2025-08-11 07:08:59,372 [INFO] ApiDbMcu:532 - Load IP Config File for FREERTOS
2025-08-11 07:08:59,378 [INFO] ApiDbMcu:532 - Load IP Config File for USB_DEVICE
2025-08-11 07:08:59,405 [ERROR] LogOutputStream:75 - [STDERR_REDIRECT] [Fatal Error] :1:1: Premature end of file.
2025-08-11 07:08:59,405 [ERROR] LogOutputStream:75 - [STDERR_REDIRECT] 
2025-08-11 07:08:59,818 [INFO] LogOutputStream:77 - [STDOUT_REDIRECT] 
2025-08-11 07:09:00,419 [ERROR] LogOutputStream:75 - [STDERR_REDIRECT] [Fatal Error] :1:1: Premature end of file.
2025-08-11 07:09:00,420 [ERROR] LogOutputStream:75 - [STDERR_REDIRECT] 
2025-08-11 07:09:01,445 [ERROR] LogOutputStream:75 - [STDERR_REDIRECT] [Fatal Error] :1:1: Premature end of file.
2025-08-11 07:09:01,447 [ERROR] LogOutputStream:75 - [STDERR_REDIRECT] 
2025-08-11 07:09:02,479 [ERROR] LogOutputStream:75 - [STDERR_REDIRECT] [Fatal Error] :1:1: Premature end of file.
2025-08-11 07:09:02,480 [ERROR] LogOutputStream:75 - [STDERR_REDIRECT] 
2025-08-11 07:09:02,627 [INFO] ProjectBuilder:5496 - Time for Generating toolchain IDE Files: 3345mS.
2025-08-11 07:09:02,628 [INFO] ProjectBuilder:3463 - Time for Copy CMSIS : 1mS.
2025-08-11 07:09:02,631 [INFO] ProjectBuilder:3463 - Time for Copy CMSIS : 1mS.
2025-08-11 07:09:03,419 [ERROR] LogOutputStream:75 - [STDERR_REDIRECT] [Fatal Error] :1:1: Premature end of file.
2025-08-11 07:09:03,420 [ERROR] LogOutputStream:75 - [STDERR_REDIRECT] 
2025-08-11 07:09:04,090 [INFO] McuFinderGlobals:76 - Set McuFinderConnectedMode to true
2025-08-11 07:09:04,093 [INFO] ApiDb:448 - Save user favorites file C:\Users\sumey/.stm32cubeide/favorites.mcus.txt: 1 item(s)
2025-08-11 07:09:04,094 [INFO] ApiDb:452 - User favorites MCUs=[STM32F103C6T6A]
2025-08-11 07:09:04,419 [ERROR] LogOutputStream:75 - [STDERR_REDIRECT] [Fatal Error] :1:1: Premature end of file.
2025-08-11 07:09:04,420 [ERROR] LogOutputStream:75 - [STDERR_REDIRECT] 
2025-08-11 07:09:05,420 [ERROR] LogOutputStream:75 - [STDERR_REDIRECT] [Fatal Error] :1:1: Premature end of file.
2025-08-11 07:09:05,420 [ERROR] LogOutputStream:75 - [STDERR_REDIRECT] 
2025-08-11 07:09:06,400 [ERROR] LogOutputStream:75 - [STDERR_REDIRECT] [Fatal Error] :1:1: Premature end of file.
2025-08-11 07:09:06,400 [ERROR] LogOutputStream:75 - [STDERR_REDIRECT] 
2025-08-11 07:09:07,406 [ERROR] LogOutputStream:75 - [STDERR_REDIRECT] [Fatal Error] :1:1: Premature end of file.
2025-08-11 07:09:07,406 [ERROR] LogOutputStream:75 - [STDERR_REDIRECT] 
2025-08-11 07:09:08,400 [ERROR] LogOutputStream:75 - [STDERR_REDIRECT] [Fatal Error] :1:1: Premature end of file.
2025-08-11 07:09:08,400 [ERROR] LogOutputStream:75 - [STDERR_REDIRECT] 
2025-08-11 07:09:09,399 [ERROR] LogOutputStream:75 - [STDERR_REDIRECT] [Fatal Error] :1:1: Premature end of file.
2025-08-11 07:09:09,399 [ERROR] LogOutputStream:75 - [STDERR_REDIRECT] 
2025-08-11 07:09:10,417 [ERROR] LogOutputStream:75 - [STDERR_REDIRECT] [Fatal Error] :1:1: Premature end of file.
2025-08-11 07:09:10,417 [ERROR] LogOutputStream:75 - [STDERR_REDIRECT] 
2025-08-11 07:09:11,470 [ERROR] LogOutputStream:75 - [STDERR_REDIRECT] [Fatal Error] :1:1: Premature end of file.
2025-08-11 07:09:11,472 [ERROR] LogOutputStream:75 - [STDERR_REDIRECT] 
2025-08-11 07:09:12,419 [ERROR] LogOutputStream:75 - [STDERR_REDIRECT] [Fatal Error] :1:1: Premature end of file.
2025-08-11 07:09:12,419 [ERROR] LogOutputStream:75 - [STDERR_REDIRECT] 
2025-08-11 07:09:13,401 [ERROR] LogOutputStream:75 - [STDERR_REDIRECT] [Fatal Error] :1:1: Premature end of file.
2025-08-11 07:09:13,403 [ERROR] LogOutputStream:75 - [STDERR_REDIRECT] 
2025-08-11 07:09:14,403 [ERROR] LogOutputStream:75 - [STDERR_REDIRECT] [Fatal Error] :1:1: Premature end of file.
2025-08-11 07:09:14,403 [ERROR] LogOutputStream:75 - [STDERR_REDIRECT] 
2025-08-11 07:09:15,409 [ERROR] LogOutputStream:75 - [STDERR_REDIRECT] [Fatal Error] :1:1: Premature end of file.
2025-08-11 07:09:15,410 [ERROR] LogOutputStream:75 - [STDERR_REDIRECT] 
2025-08-11 07:09:16,399 [ERROR] LogOutputStream:75 - [STDERR_REDIRECT] [Fatal Error] :1:1: Premature end of file.
2025-08-11 07:09:16,400 [ERROR] LogOutputStream:75 - [STDERR_REDIRECT] 
2025-08-11 07:09:17,409 [ERROR] LogOutputStream:75 - [STDERR_REDIRECT] [Fatal Error] :1:1: Premature end of file.
2025-08-11 07:09:17,409 [ERROR] LogOutputStream:75 - [STDERR_REDIRECT] 
2025-08-11 07:09:18,408 [ERROR] LogOutputStream:75 - [STDERR_REDIRECT] [Fatal Error] :1:1: Premature end of file.
2025-08-11 07:09:18,408 [ERROR] LogOutputStream:75 - [STDERR_REDIRECT] 
2025-08-11 07:09:19,432 [ERROR] LogOutputStream:75 - [STDERR_REDIRECT] [Fatal Error] :1:1: Premature end of file.
2025-08-11 07:09:19,433 [ERROR] LogOutputStream:75 - [STDERR_REDIRECT] 
2025-08-11 07:09:20,405 [ERROR] LogOutputStream:75 - [STDERR_REDIRECT] [Fatal Error] :1:1: Premature end of file.
2025-08-11 07:09:20,405 [ERROR] LogOutputStream:75 - [STDERR_REDIRECT] 
2025-08-11 07:09:21,417 [ERROR] LogOutputStream:75 - [STDERR_REDIRECT] [Fatal Error] :1:1: Premature end of file.
2025-08-11 07:09:21,417 [ERROR] LogOutputStream:75 - [STDERR_REDIRECT] 
2025-08-11 07:09:22,415 [ERROR] LogOutputStream:75 - [STDERR_REDIRECT] [Fatal Error] :1:1: Premature end of file.
2025-08-11 07:09:22,416 [ERROR] LogOutputStream:75 - [STDERR_REDIRECT] 
2025-08-11 07:09:23,399 [ERROR] LogOutputStream:75 - [STDERR_REDIRECT] [Fatal Error] :1:1: Premature end of file.
2025-08-11 07:09:23,399 [ERROR] LogOutputStream:75 - [STDERR_REDIRECT] 
2025-08-11 07:09:24,416 [ERROR] LogOutputStream:75 - [STDERR_REDIRECT] [Fatal Error] :1:1: Premature end of file.
2025-08-11 07:09:24,416 [ERROR] LogOutputStream:75 - [STDERR_REDIRECT] 
2025-08-11 07:09:25,416 [ERROR] LogOutputStream:75 - [STDERR_REDIRECT] [Fatal Error] :1:1: Premature end of file.
2025-08-11 07:09:25,416 [ERROR] LogOutputStream:75 - [STDERR_REDIRECT] 
2025-08-11 07:09:26,400 [ERROR] LogOutputStream:75 - [STDERR_REDIRECT] [Fatal Error] :1:1: Premature end of file.
2025-08-11 07:09:26,400 [ERROR] LogOutputStream:75 - [STDERR_REDIRECT] 
2025-08-11 07:09:27,401 [ERROR] LogOutputStream:75 - [STDERR_REDIRECT] [Fatal Error] :1:1: Premature end of file.
2025-08-11 07:09:27,401 [ERROR] LogOutputStream:75 - [STDERR_REDIRECT] 
2025-08-11 07:09:28,413 [ERROR] LogOutputStream:75 - [STDERR_REDIRECT] [Fatal Error] :1:1: Premature end of file.
2025-08-11 07:09:28,414 [ERROR] LogOutputStream:75 - [STDERR_REDIRECT] 
2025-08-11 07:09:29,421 [ERROR] LogOutputStream:75 - [STDERR_REDIRECT] [Fatal Error] :1:1: Premature end of file.
2025-08-11 07:09:29,421 [ERROR] LogOutputStream:75 - [STDERR_REDIRECT] 
2025-08-11 07:09:30,413 [ERROR] LogOutputStream:75 - [STDERR_REDIRECT] [Fatal Error] :1:1: Premature end of file.
2025-08-11 07:09:30,414 [ERROR] LogOutputStream:75 - [STDERR_REDIRECT] 
2025-08-11 07:09:31,403 [ERROR] LogOutputStream:75 - [STDERR_REDIRECT] [Fatal Error] :1:1: Premature end of file.
2025-08-11 07:09:31,403 [ERROR] LogOutputStream:75 - [STDERR_REDIRECT] 
2025-08-11 07:09:32,407 [ERROR] LogOutputStream:75 - [STDERR_REDIRECT] [Fatal Error] :1:1: Premature end of file.
2025-08-11 07:09:32,407 [ERROR] LogOutputStream:75 - [STDERR_REDIRECT] 
2025-08-11 07:09:33,411 [ERROR] LogOutputStream:75 - [STDERR_REDIRECT] [Fatal Error] :1:1: Premature end of file.
2025-08-11 07:09:33,411 [ERROR] LogOutputStream:75 - [STDERR_REDIRECT] 
2025-08-11 07:09:34,413 [ERROR] LogOutputStream:75 - [STDERR_REDIRECT] [Fatal Error] :1:1: Premature end of file.
2025-08-11 07:09:34,414 [ERROR] LogOutputStream:75 - [STDERR_REDIRECT] 
2025-08-11 07:09:35,418 [ERROR] LogOutputStream:75 - [STDERR_REDIRECT] [Fatal Error] :1:1: Premature end of file.
2025-08-11 07:09:35,418 [ERROR] LogOutputStream:75 - [STDERR_REDIRECT] 
2025-08-11 07:09:36,409 [ERROR] LogOutputStream:75 - [STDERR_REDIRECT] [Fatal Error] :1:1: Premature end of file.
2025-08-11 07:09:36,410 [ERROR] LogOutputStream:75 - [STDERR_REDIRECT] 
2025-08-11 07:09:37,415 [ERROR] LogOutputStream:75 - [STDERR_REDIRECT] [Fatal Error] :1:1: Premature end of file.
2025-08-11 07:09:37,415 [ERROR] LogOutputStream:75 - [STDERR_REDIRECT] 
2025-08-11 07:09:38,416 [ERROR] LogOutputStream:75 - [STDERR_REDIRECT] [Fatal Error] :1:1: Premature end of file.
2025-08-11 07:09:38,416 [ERROR] LogOutputStream:75 - [STDERR_REDIRECT] 
2025-08-11 07:09:39,403 [ERROR] LogOutputStream:75 - [STDERR_REDIRECT] [Fatal Error] :1:1: Premature end of file.
2025-08-11 07:09:39,405 [ERROR] LogOutputStream:75 - [STDERR_REDIRECT] 
2025-08-11 07:09:40,400 [ERROR] LogOutputStream:75 - [STDERR_REDIRECT] [Fatal Error] :1:1: Premature end of file.
2025-08-11 07:09:40,400 [ERROR] LogOutputStream:75 - [STDERR_REDIRECT] 
2025-08-11 07:09:41,411 [ERROR] LogOutputStream:75 - [STDERR_REDIRECT] [Fatal Error] :1:1: Premature end of file.
2025-08-11 07:09:41,411 [ERROR] LogOutputStream:75 - [STDERR_REDIRECT] 
2025-08-11 07:09:42,405 [ERROR] LogOutputStream:75 - [STDERR_REDIRECT] [Fatal Error] :1:1: Premature end of file.
2025-08-11 07:09:42,405 [ERROR] LogOutputStream:75 - [STDERR_REDIRECT] 
2025-08-11 07:09:43,415 [ERROR] LogOutputStream:75 - [STDERR_REDIRECT] [Fatal Error] :1:1: Premature end of file.
2025-08-11 07:09:43,415 [ERROR] LogOutputStream:75 - [STDERR_REDIRECT] 
2025-08-11 07:09:44,406 [ERROR] LogOutputStream:75 - [STDERR_REDIRECT] [Fatal Error] :1:1: Premature end of file.
2025-08-11 07:09:44,406 [ERROR] LogOutputStream:75 - [STDERR_REDIRECT] 
2025-08-11 07:09:45,402 [ERROR] LogOutputStream:75 - [STDERR_REDIRECT] [Fatal Error] :1:1: Premature end of file.
2025-08-11 07:09:45,403 [ERROR] LogOutputStream:75 - [STDERR_REDIRECT] 
2025-08-11 07:09:46,408 [ERROR] LogOutputStream:75 - [STDERR_REDIRECT] [Fatal Error] :1:1: Premature end of file.
2025-08-11 07:09:46,409 [ERROR] LogOutputStream:75 - [STDERR_REDIRECT] 
2025-08-11 07:09:47,417 [ERROR] LogOutputStream:75 - [STDERR_REDIRECT] [Fatal Error] :1:1: Premature end of file.
2025-08-11 07:09:47,417 [ERROR] LogOutputStream:75 - [STDERR_REDIRECT] 
2025-08-11 07:09:48,409 [ERROR] LogOutputStream:75 - [STDERR_REDIRECT] [Fatal Error] :1:1: Premature end of file.
2025-08-11 07:09:48,409 [ERROR] LogOutputStream:75 - [STDERR_REDIRECT] 
2025-08-11 07:09:49,411 [ERROR] LogOutputStream:75 - [STDERR_REDIRECT] [Fatal Error] :1:1: Premature end of file.
2025-08-11 07:09:49,411 [ERROR] LogOutputStream:75 - [STDERR_REDIRECT] 
2025-08-11 07:09:50,402 [ERROR] LogOutputStream:75 - [STDERR_REDIRECT] [Fatal Error] :1:1: Premature end of file.
2025-08-11 07:09:50,403 [ERROR] LogOutputStream:75 - [STDERR_REDIRECT] 
2025-08-11 07:09:51,407 [ERROR] LogOutputStream:75 - [STDERR_REDIRECT] [Fatal Error] :1:1: Premature end of file.
2025-08-11 07:09:51,407 [ERROR] LogOutputStream:75 - [STDERR_REDIRECT] 
2025-08-11 07:09:52,404 [ERROR] LogOutputStream:75 - [STDERR_REDIRECT] [Fatal Error] :1:1: Premature end of file.
2025-08-11 07:09:52,405 [ERROR] LogOutputStream:75 - [STDERR_REDIRECT] 
2025-08-11 07:09:53,401 [ERROR] LogOutputStream:75 - [STDERR_REDIRECT] [Fatal Error] :1:1: Premature end of file.
2025-08-11 07:09:53,401 [ERROR] LogOutputStream:75 - [STDERR_REDIRECT] 
2025-08-11 07:09:54,415 [ERROR] LogOutputStream:75 - [STDERR_REDIRECT] [Fatal Error] :1:1: Premature end of file.
2025-08-11 07:09:54,416 [ERROR] LogOutputStream:75 - [STDERR_REDIRECT] 
2025-08-11 07:09:55,402 [ERROR] LogOutputStream:75 - [STDERR_REDIRECT] [Fatal Error] :1:1: Premature end of file.
2025-08-11 07:09:55,402 [ERROR] LogOutputStream:75 - [STDERR_REDIRECT] 
2025-08-11 07:09:56,416 [ERROR] LogOutputStream:75 - [STDERR_REDIRECT] [Fatal Error] :1:1: Premature end of file.
2025-08-11 07:09:56,416 [ERROR] LogOutputStream:75 - [STDERR_REDIRECT] 
2025-08-11 07:09:57,415 [ERROR] LogOutputStream:75 - [STDERR_REDIRECT] [Fatal Error] :1:1: Premature end of file.
2025-08-11 07:09:57,415 [ERROR] LogOutputStream:75 - [STDERR_REDIRECT] 
2025-08-11 07:09:58,417 [ERROR] LogOutputStream:75 - [STDERR_REDIRECT] [Fatal Error] :1:1: Premature end of file.
2025-08-11 07:09:58,418 [ERROR] LogOutputStream:75 - [STDERR_REDIRECT] 
2025-08-11 07:09:59,420 [ERROR] LogOutputStream:75 - [STDERR_REDIRECT] [Fatal Error] :1:1: Premature end of file.
2025-08-11 07:09:59,420 [ERROR] LogOutputStream:75 - [STDERR_REDIRECT] 
2025-08-11 07:10:00,419 [ERROR] LogOutputStream:75 - [STDERR_REDIRECT] [Fatal Error] :1:1: Premature end of file.
2025-08-11 07:10:00,419 [ERROR] LogOutputStream:75 - [STDERR_REDIRECT] 
2025-08-11 07:10:01,418 [ERROR] LogOutputStream:75 - [STDERR_REDIRECT] [Fatal Error] :1:1: Premature end of file.
2025-08-11 07:10:01,419 [ERROR] LogOutputStream:75 - [STDERR_REDIRECT] 
2025-08-11 07:10:02,413 [ERROR] LogOutputStream:75 - [STDERR_REDIRECT] [Fatal Error] :1:1: Premature end of file.
2025-08-11 07:10:02,414 [ERROR] LogOutputStream:75 - [STDERR_REDIRECT] 
2025-08-11 07:10:03,419 [ERROR] LogOutputStream:75 - [STDERR_REDIRECT] [Fatal Error] :1:1: Premature end of file.
2025-08-11 07:10:03,419 [ERROR] LogOutputStream:75 - [STDERR_REDIRECT] 
2025-08-11 07:10:04,413 [ERROR] LogOutputStream:75 - [STDERR_REDIRECT] [Fatal Error] :1:1: Premature end of file.
2025-08-11 07:10:04,413 [ERROR] LogOutputStream:75 - [STDERR_REDIRECT] 
2025-08-11 07:10:05,405 [ERROR] LogOutputStream:75 - [STDERR_REDIRECT] [Fatal Error] :1:1: Premature end of file.
2025-08-11 07:10:05,406 [ERROR] LogOutputStream:75 - [STDERR_REDIRECT] 
2025-08-11 07:10:06,412 [ERROR] LogOutputStream:75 - [STDERR_REDIRECT] [Fatal Error] :1:1: Premature end of file.
2025-08-11 07:10:06,412 [ERROR] LogOutputStream:75 - [STDERR_REDIRECT] 
2025-08-11 07:10:07,414 [ERROR] LogOutputStream:75 - [STDERR_REDIRECT] [Fatal Error] :1:1: Premature end of file.
2025-08-11 07:10:07,414 [ERROR] LogOutputStream:75 - [STDERR_REDIRECT] 
2025-08-11 07:10:08,416 [ERROR] LogOutputStream:75 - [STDERR_REDIRECT] [Fatal Error] :1:1: Premature end of file.
2025-08-11 07:10:08,416 [ERROR] LogOutputStream:75 - [STDERR_REDIRECT] 
2025-08-11 07:10:09,409 [ERROR] LogOutputStream:75 - [STDERR_REDIRECT] [Fatal Error] :1:1: Premature end of file.
2025-08-11 07:10:09,409 [ERROR] LogOutputStream:75 - [STDERR_REDIRECT] 
2025-08-11 07:10:10,409 [ERROR] LogOutputStream:75 - [STDERR_REDIRECT] [Fatal Error] :1:1: Premature end of file.
2025-08-11 07:10:10,409 [ERROR] LogOutputStream:75 - [STDERR_REDIRECT] 
2025-08-11 07:10:11,416 [ERROR] LogOutputStream:75 - [STDERR_REDIRECT] [Fatal Error] :1:1: Premature end of file.
2025-08-11 07:10:11,416 [ERROR] LogOutputStream:75 - [STDERR_REDIRECT] 
2025-08-11 07:10:12,414 [ERROR] LogOutputStream:75 - [STDERR_REDIRECT] [Fatal Error] :1:1: Premature end of file.
2025-08-11 07:10:12,414 [ERROR] LogOutputStream:75 - [STDERR_REDIRECT] 
2025-08-11 07:10:13,420 [ERROR] LogOutputStream:75 - [STDERR_REDIRECT] [Fatal Error] :1:1: Premature end of file.
2025-08-11 07:10:13,421 [ERROR] LogOutputStream:75 - [STDERR_REDIRECT] 
2025-08-11 07:10:14,410 [ERROR] LogOutputStream:75 - [STDERR_REDIRECT] [Fatal Error] :1:1: Premature end of file.
2025-08-11 07:10:14,411 [ERROR] LogOutputStream:75 - [STDERR_REDIRECT] 
2025-08-11 07:10:15,397 [ERROR] LogOutputStream:75 - [STDERR_REDIRECT] [Fatal Error] :1:1: Premature end of file.
2025-08-11 07:10:15,397 [ERROR] LogOutputStream:75 - [STDERR_REDIRECT] 
2025-08-11 07:10:16,402 [ERROR] LogOutputStream:75 - [STDERR_REDIRECT] [Fatal Error] :1:1: Premature end of file.
2025-08-11 07:10:16,402 [ERROR] LogOutputStream:75 - [STDERR_REDIRECT] 
2025-08-11 07:10:17,403 [ERROR] LogOutputStream:75 - [STDERR_REDIRECT] [Fatal Error] :1:1: Premature end of file.
2025-08-11 07:10:17,404 [ERROR] LogOutputStream:75 - [STDERR_REDIRECT] 
2025-08-11 07:10:18,414 [ERROR] LogOutputStream:75 - [STDERR_REDIRECT] [Fatal Error] :1:1: Premature end of file.
2025-08-11 07:10:18,414 [ERROR] LogOutputStream:75 - [STDERR_REDIRECT] 
2025-08-11 07:10:19,415 [ERROR] LogOutputStream:75 - [STDERR_REDIRECT] [Fatal Error] :1:1: Premature end of file.
2025-08-11 07:10:19,415 [ERROR] LogOutputStream:75 - [STDERR_REDIRECT] 
2025-08-11 07:10:20,410 [ERROR] LogOutputStream:75 - [STDERR_REDIRECT] [Fatal Error] :1:1: Premature end of file.
2025-08-11 07:10:20,410 [ERROR] LogOutputStream:75 - [STDERR_REDIRECT] 
2025-08-11 07:10:21,410 [ERROR] LogOutputStream:75 - [STDERR_REDIRECT] [Fatal Error] :1:1: Premature end of file.
2025-08-11 07:10:21,410 [ERROR] LogOutputStream:75 - [STDERR_REDIRECT] 
2025-08-11 07:10:22,415 [ERROR] LogOutputStream:75 - [STDERR_REDIRECT] [Fatal Error] :1:1: Premature end of file.
2025-08-11 07:10:22,415 [ERROR] LogOutputStream:75 - [STDERR_REDIRECT] 
2025-08-11 07:10:23,417 [ERROR] LogOutputStream:75 - [STDERR_REDIRECT] [Fatal Error] :1:1: Premature end of file.
2025-08-11 07:10:23,417 [ERROR] LogOutputStream:75 - [STDERR_REDIRECT] 
2025-08-11 07:10:24,418 [ERROR] LogOutputStream:75 - [STDERR_REDIRECT] [Fatal Error] :1:1: Premature end of file.
2025-08-11 07:10:24,419 [ERROR] LogOutputStream:75 - [STDERR_REDIRECT] 
2025-08-11 07:10:25,419 [ERROR] LogOutputStream:75 - [STDERR_REDIRECT] [Fatal Error] :1:1: Premature end of file.
2025-08-11 07:10:25,419 [ERROR] LogOutputStream:75 - [STDERR_REDIRECT] 
2025-08-11 07:10:26,413 [ERROR] LogOutputStream:75 - [STDERR_REDIRECT] [Fatal Error] :1:1: Premature end of file.
2025-08-11 07:10:26,414 [ERROR] LogOutputStream:75 - [STDERR_REDIRECT] 
2025-08-11 07:10:27,401 [ERROR] LogOutputStream:75 - [STDERR_REDIRECT] [Fatal Error] :1:1: Premature end of file.
2025-08-11 07:10:27,402 [ERROR] LogOutputStream:75 - [STDERR_REDIRECT] 
2025-08-11 07:10:28,421 [ERROR] LogOutputStream:75 - [STDERR_REDIRECT] [Fatal Error] :1:1: Premature end of file.
2025-08-11 07:10:28,421 [ERROR] LogOutputStream:75 - [STDERR_REDIRECT] 
2025-08-11 07:10:29,418 [ERROR] LogOutputStream:75 - [STDERR_REDIRECT] [Fatal Error] :1:1: Premature end of file.
2025-08-11 07:10:29,418 [ERROR] LogOutputStream:75 - [STDERR_REDIRECT] 
2025-08-11 07:10:30,408 [ERROR] LogOutputStream:75 - [STDERR_REDIRECT] [Fatal Error] :1:1: Premature end of file.
2025-08-11 07:10:30,408 [ERROR] LogOutputStream:75 - [STDERR_REDIRECT] 
2025-08-11 07:10:31,413 [ERROR] LogOutputStream:75 - [STDERR_REDIRECT] [Fatal Error] :1:1: Premature end of file.
2025-08-11 07:10:31,414 [ERROR] LogOutputStream:75 - [STDERR_REDIRECT] 
2025-08-11 07:10:32,417 [ERROR] LogOutputStream:75 - [STDERR_REDIRECT] [Fatal Error] :1:1: Premature end of file.
2025-08-11 07:10:32,417 [ERROR] LogOutputStream:75 - [STDERR_REDIRECT] 
2025-08-11 07:10:33,419 [ERROR] LogOutputStream:75 - [STDERR_REDIRECT] [Fatal Error] :1:1: Premature end of file.
2025-08-11 07:10:33,419 [ERROR] LogOutputStream:75 - [STDERR_REDIRECT] 
2025-08-11 07:10:34,399 [ERROR] LogOutputStream:75 - [STDERR_REDIRECT] [Fatal Error] :1:1: Premature end of file.
2025-08-11 07:10:34,400 [ERROR] LogOutputStream:75 - [STDERR_REDIRECT] 
2025-08-11 07:10:35,417 [ERROR] LogOutputStream:75 - [STDERR_REDIRECT] [Fatal Error] :1:1: Premature end of file.
2025-08-11 07:10:35,417 [ERROR] LogOutputStream:75 - [STDERR_REDIRECT] 
2025-08-11 07:10:36,415 [ERROR] LogOutputStream:75 - [STDERR_REDIRECT] [Fatal Error] :1:1: Premature end of file.
2025-08-11 07:10:36,416 [ERROR] LogOutputStream:75 - [STDERR_REDIRECT] 
2025-08-11 07:10:37,417 [ERROR] LogOutputStream:75 - [STDERR_REDIRECT] [Fatal Error] :1:1: Premature end of file.
2025-08-11 07:10:37,418 [ERROR] LogOutputStream:75 - [STDERR_REDIRECT] 
2025-08-11 07:10:38,418 [ERROR] LogOutputStream:75 - [STDERR_REDIRECT] [Fatal Error] :1:1: Premature end of file.
2025-08-11 07:10:38,418 [ERROR] LogOutputStream:75 - [STDERR_REDIRECT] 
2025-08-11 07:10:39,416 [ERROR] LogOutputStream:75 - [STDERR_REDIRECT] [Fatal Error] :1:1: Premature end of file.
2025-08-11 07:10:39,416 [ERROR] LogOutputStream:75 - [STDERR_REDIRECT] 
2025-08-11 07:10:40,426 [ERROR] LogOutputStream:75 - [STDERR_REDIRECT] [Fatal Error] :1:1: Premature end of file.
2025-08-11 07:10:40,426 [ERROR] LogOutputStream:75 - [STDERR_REDIRECT] 
2025-08-11 07:10:41,415 [ERROR] LogOutputStream:75 - [STDERR_REDIRECT] [Fatal Error] :1:1: Premature end of file.
2025-08-11 07:10:41,415 [ERROR] LogOutputStream:75 - [STDERR_REDIRECT] 
2025-08-11 07:10:42,415 [ERROR] LogOutputStream:75 - [STDERR_REDIRECT] [Fatal Error] :1:1: Premature end of file.
2025-08-11 07:10:42,415 [ERROR] LogOutputStream:75 - [STDERR_REDIRECT] 
2025-08-11 07:10:43,412 [ERROR] LogOutputStream:75 - [STDERR_REDIRECT] [Fatal Error] :1:1: Premature end of file.
2025-08-11 07:10:43,413 [ERROR] LogOutputStream:75 - [STDERR_REDIRECT] 
2025-08-11 07:10:44,413 [ERROR] LogOutputStream:75 - [STDERR_REDIRECT] [Fatal Error] :1:1: Premature end of file.
2025-08-11 07:10:44,414 [ERROR] LogOutputStream:75 - [STDERR_REDIRECT] 
2025-08-11 07:10:45,417 [ERROR] LogOutputStream:75 - [STDERR_REDIRECT] [Fatal Error] :1:1: Premature end of file.
2025-08-11 07:10:45,417 [ERROR] LogOutputStream:75 - [STDERR_REDIRECT] 
2025-08-11 07:10:46,412 [ERROR] LogOutputStream:75 - [STDERR_REDIRECT] [Fatal Error] :1:1: Premature end of file.
2025-08-11 07:10:46,412 [ERROR] LogOutputStream:75 - [STDERR_REDIRECT] 
2025-08-11 07:10:47,416 [ERROR] LogOutputStream:75 - [STDERR_REDIRECT] [Fatal Error] :1:1: Premature end of file.
2025-08-11 07:10:47,416 [ERROR] LogOutputStream:75 - [STDERR_REDIRECT] 
2025-08-11 07:10:48,413 [ERROR] LogOutputStream:75 - [STDERR_REDIRECT] [Fatal Error] :1:1: Premature end of file.
2025-08-11 07:10:48,413 [ERROR] LogOutputStream:75 - [STDERR_REDIRECT] 
2025-08-11 07:10:49,416 [ERROR] LogOutputStream:75 - [STDERR_REDIRECT] [Fatal Error] :1:1: Premature end of file.
2025-08-11 07:10:49,416 [ERROR] LogOutputStream:75 - [STDERR_REDIRECT] 
2025-08-11 07:10:50,415 [ERROR] LogOutputStream:75 - [STDERR_REDIRECT] [Fatal Error] :1:1: Premature end of file.
2025-08-11 07:10:50,415 [ERROR] LogOutputStream:75 - [STDERR_REDIRECT] 
2025-08-11 07:10:51,406 [ERROR] LogOutputStream:75 - [STDERR_REDIRECT] [Fatal Error] :1:1: Premature end of file.
2025-08-11 07:10:51,407 [ERROR] LogOutputStream:75 - [STDERR_REDIRECT] 
2025-08-11 07:10:52,426 [ERROR] LogOutputStream:75 - [STDERR_REDIRECT] [Fatal Error] :1:1: Premature end of file.
2025-08-11 07:10:52,426 [ERROR] LogOutputStream:75 - [STDERR_REDIRECT] 
2025-08-11 07:10:53,414 [ERROR] LogOutputStream:75 - [STDERR_REDIRECT] [Fatal Error] :1:1: Premature end of file.
2025-08-11 07:10:53,414 [ERROR] LogOutputStream:75 - [STDERR_REDIRECT] 
2025-08-11 07:10:54,416 [ERROR] LogOutputStream:75 - [STDERR_REDIRECT] [Fatal Error] :1:1: Premature end of file.
2025-08-11 07:10:54,417 [ERROR] LogOutputStream:75 - [STDERR_REDIRECT] 
2025-08-11 07:10:55,415 [ERROR] LogOutputStream:75 - [STDERR_REDIRECT] [Fatal Error] :1:1: Premature end of file.
2025-08-11 07:10:55,416 [ERROR] LogOutputStream:75 - [STDERR_REDIRECT] 
2025-08-11 07:10:56,417 [ERROR] LogOutputStream:75 - [STDERR_REDIRECT] [Fatal Error] :1:1: Premature end of file.
2025-08-11 07:10:56,418 [ERROR] LogOutputStream:75 - [STDERR_REDIRECT] 
2025-08-11 07:10:57,417 [ERROR] LogOutputStream:75 - [STDERR_REDIRECT] [Fatal Error] :1:1: Premature end of file.
2025-08-11 07:10:57,417 [ERROR] LogOutputStream:75 - [STDERR_REDIRECT] 
2025-08-11 07:10:58,416 [ERROR] LogOutputStream:75 - [STDERR_REDIRECT] [Fatal Error] :1:1: Premature end of file.
2025-08-11 07:10:58,417 [ERROR] LogOutputStream:75 - [STDERR_REDIRECT] 
2025-08-11 07:10:59,416 [ERROR] LogOutputStream:75 - [STDERR_REDIRECT] [Fatal Error] :1:1: Premature end of file.
2025-08-11 07:10:59,417 [ERROR] LogOutputStream:75 - [STDERR_REDIRECT] 
2025-08-11 07:11:00,414 [ERROR] LogOutputStream:75 - [STDERR_REDIRECT] [Fatal Error] :1:1: Premature end of file.
2025-08-11 07:11:00,414 [ERROR] LogOutputStream:75 - [STDERR_REDIRECT] 
2025-08-11 07:11:01,418 [ERROR] LogOutputStream:75 - [STDERR_REDIRECT] [Fatal Error] :1:1: Premature end of file.
2025-08-11 07:11:01,418 [ERROR] LogOutputStream:75 - [STDERR_REDIRECT] 
2025-08-11 07:11:02,416 [ERROR] LogOutputStream:75 - [STDERR_REDIRECT] [Fatal Error] :1:1: Premature end of file.
2025-08-11 07:11:02,416 [ERROR] LogOutputStream:75 - [STDERR_REDIRECT] 
2025-08-11 07:11:03,416 [ERROR] LogOutputStream:75 - [STDERR_REDIRECT] [Fatal Error] :1:1: Premature end of file.
2025-08-11 07:11:03,416 [ERROR] LogOutputStream:75 - [STDERR_REDIRECT] 
2025-08-11 07:11:04,428 [ERROR] LogOutputStream:75 - [STDERR_REDIRECT] [Fatal Error] :1:1: Premature end of file.
2025-08-11 07:11:04,428 [ERROR] LogOutputStream:75 - [STDERR_REDIRECT] 
2025-08-11 07:11:05,420 [ERROR] LogOutputStream:75 - [STDERR_REDIRECT] [Fatal Error] :1:1: Premature end of file.
2025-08-11 07:11:05,421 [ERROR] LogOutputStream:75 - [STDERR_REDIRECT] 
2025-08-11 07:11:06,403 [ERROR] LogOutputStream:75 - [STDERR_REDIRECT] [Fatal Error] :1:1: Premature end of file.
2025-08-11 07:11:06,403 [ERROR] LogOutputStream:75 - [STDERR_REDIRECT] 
2025-08-11 07:11:07,405 [ERROR] LogOutputStream:75 - [STDERR_REDIRECT] [Fatal Error] :1:1: Premature end of file.
2025-08-11 07:11:07,406 [ERROR] LogOutputStream:75 - [STDERR_REDIRECT] 
2025-08-11 07:11:08,410 [ERROR] LogOutputStream:75 - [STDERR_REDIRECT] [Fatal Error] :1:1: Premature end of file.
2025-08-11 07:11:08,411 [ERROR] LogOutputStream:75 - [STDERR_REDIRECT] 
2025-08-11 07:11:09,407 [ERROR] LogOutputStream:75 - [STDERR_REDIRECT] [Fatal Error] :1:1: Premature end of file.
2025-08-11 07:11:09,407 [ERROR] LogOutputStream:75 - [STDERR_REDIRECT] 
2025-08-11 07:11:10,403 [ERROR] LogOutputStream:75 - [STDERR_REDIRECT] [Fatal Error] :1:1: Premature end of file.
2025-08-11 07:11:10,403 [ERROR] LogOutputStream:75 - [STDERR_REDIRECT] 
2025-08-11 07:11:11,413 [ERROR] LogOutputStream:75 - [STDERR_REDIRECT] [Fatal Error] :1:1: Premature end of file.
2025-08-11 07:11:11,413 [ERROR] LogOutputStream:75 - [STDERR_REDIRECT] 
2025-08-11 07:11:12,410 [ERROR] LogOutputStream:75 - [STDERR_REDIRECT] [Fatal Error] :1:1: Premature end of file.
2025-08-11 07:11:12,410 [ERROR] LogOutputStream:75 - [STDERR_REDIRECT] 
2025-08-11 07:11:13,413 [ERROR] LogOutputStream:75 - [STDERR_REDIRECT] [Fatal Error] :1:1: Premature end of file.
2025-08-11 07:11:13,414 [ERROR] LogOutputStream:75 - [STDERR_REDIRECT] 
2025-08-11 07:11:14,416 [ERROR] LogOutputStream:75 - [STDERR_REDIRECT] [Fatal Error] :1:1: Premature end of file.
2025-08-11 07:11:14,416 [ERROR] LogOutputStream:75 - [STDERR_REDIRECT] 
2025-08-11 07:11:15,412 [ERROR] LogOutputStream:75 - [STDERR_REDIRECT] [Fatal Error] :1:1: Premature end of file.
2025-08-11 07:11:15,412 [ERROR] LogOutputStream:75 - [STDERR_REDIRECT] 
2025-08-11 07:11:16,422 [ERROR] LogOutputStream:75 - [STDERR_REDIRECT] [Fatal Error] :1:1: Premature end of file.
2025-08-11 07:11:16,422 [ERROR] LogOutputStream:75 - [STDERR_REDIRECT] 
2025-08-11 07:11:17,415 [ERROR] LogOutputStream:75 - [STDERR_REDIRECT] [Fatal Error] :1:1: Premature end of file.
2025-08-11 07:11:17,415 [ERROR] LogOutputStream:75 - [STDERR_REDIRECT] 
2025-08-11 07:11:18,416 [ERROR] LogOutputStream:75 - [STDERR_REDIRECT] [Fatal Error] :1:1: Premature end of file.
2025-08-11 07:11:18,416 [ERROR] LogOutputStream:75 - [STDERR_REDIRECT] 
2025-08-11 07:11:19,408 [ERROR] LogOutputStream:75 - [STDERR_REDIRECT] [Fatal Error] :1:1: Premature end of file.
2025-08-11 07:11:19,409 [ERROR] LogOutputStream:75 - [STDERR_REDIRECT] 
2025-08-11 07:11:20,414 [ERROR] LogOutputStream:75 - [STDERR_REDIRECT] [Fatal Error] :1:1: Premature end of file.
2025-08-11 07:11:20,414 [ERROR] LogOutputStream:75 - [STDERR_REDIRECT] 
2025-08-11 07:11:21,406 [ERROR] LogOutputStream:75 - [STDERR_REDIRECT] [Fatal Error] :1:1: Premature end of file.
2025-08-11 07:11:21,406 [ERROR] LogOutputStream:75 - [STDERR_REDIRECT] 
2025-08-11 07:11:22,406 [ERROR] LogOutputStream:75 - [STDERR_REDIRECT] [Fatal Error] :1:1: Premature end of file.
2025-08-11 07:11:22,407 [ERROR] LogOutputStream:75 - [STDERR_REDIRECT] 
2025-08-11 07:11:23,413 [ERROR] LogOutputStream:75 - [STDERR_REDIRECT] [Fatal Error] :1:1: Premature end of file.
2025-08-11 07:11:23,413 [ERROR] LogOutputStream:75 - [STDERR_REDIRECT] 
2025-08-11 07:11:24,402 [ERROR] LogOutputStream:75 - [STDERR_REDIRECT] [Fatal Error] :1:1: Premature end of file.
2025-08-11 07:11:24,403 [ERROR] LogOutputStream:75 - [STDERR_REDIRECT] 
2025-08-11 07:11:25,400 [ERROR] LogOutputStream:75 - [STDERR_REDIRECT] [Fatal Error] :1:1: Premature end of file.
2025-08-11 07:11:25,400 [ERROR] LogOutputStream:75 - [STDERR_REDIRECT] 
2025-08-11 07:11:26,401 [ERROR] LogOutputStream:75 - [STDERR_REDIRECT] [Fatal Error] :1:1: Premature end of file.
2025-08-11 07:11:26,402 [ERROR] LogOutputStream:75 - [STDERR_REDIRECT] 
2025-08-11 07:11:27,419 [ERROR] LogOutputStream:75 - [STDERR_REDIRECT] [Fatal Error] :1:1: Premature end of file.
2025-08-11 07:11:27,419 [ERROR] LogOutputStream:75 - [STDERR_REDIRECT] 
2025-08-11 07:11:28,406 [ERROR] LogOutputStream:75 - [STDERR_REDIRECT] [Fatal Error] :1:1: Premature end of file.
2025-08-11 07:11:28,407 [ERROR] LogOutputStream:75 - [STDERR_REDIRECT] 
2025-08-11 07:11:29,415 [ERROR] LogOutputStream:75 - [STDERR_REDIRECT] [Fatal Error] :1:1: Premature end of file.
2025-08-11 07:11:29,415 [ERROR] LogOutputStream:75 - [STDERR_REDIRECT] 
2025-08-11 07:11:30,414 [ERROR] LogOutputStream:75 - [STDERR_REDIRECT] [Fatal Error] :1:1: Premature end of file.
2025-08-11 07:11:30,414 [ERROR] LogOutputStream:75 - [STDERR_REDIRECT] 
2025-08-11 07:11:31,415 [ERROR] LogOutputStream:75 - [STDERR_REDIRECT] [Fatal Error] :1:1: Premature end of file.
2025-08-11 07:11:31,415 [ERROR] LogOutputStream:75 - [STDERR_REDIRECT] 
2025-08-11 07:11:32,416 [ERROR] LogOutputStream:75 - [STDERR_REDIRECT] [Fatal Error] :1:1: Premature end of file.
2025-08-11 07:11:32,417 [ERROR] LogOutputStream:75 - [STDERR_REDIRECT] 
2025-08-11 07:11:33,408 [ERROR] LogOutputStream:75 - [STDERR_REDIRECT] [Fatal Error] :1:1: Premature end of file.
2025-08-11 07:11:33,408 [ERROR] LogOutputStream:75 - [STDERR_REDIRECT] 
2025-08-11 07:11:34,399 [ERROR] LogOutputStream:75 - [STDERR_REDIRECT] [Fatal Error] :1:1: Premature end of file.
2025-08-11 07:11:34,399 [ERROR] LogOutputStream:75 - [STDERR_REDIRECT] 
2025-08-11 07:11:35,404 [ERROR] LogOutputStream:75 - [STDERR_REDIRECT] [Fatal Error] :1:1: Premature end of file.
2025-08-11 07:11:35,404 [ERROR] LogOutputStream:75 - [STDERR_REDIRECT] 
2025-08-11 07:11:36,400 [ERROR] LogOutputStream:75 - [STDERR_REDIRECT] [Fatal Error] :1:1: Premature end of file.
2025-08-11 07:11:36,400 [ERROR] LogOutputStream:75 - [STDERR_REDIRECT] 
2025-08-11 07:11:37,400 [ERROR] LogOutputStream:75 - [STDERR_REDIRECT] [Fatal Error] :1:1: Premature end of file.
2025-08-11 07:11:37,401 [ERROR] LogOutputStream:75 - [STDERR_REDIRECT] 
2025-08-11 07:11:38,405 [ERROR] LogOutputStream:75 - [STDERR_REDIRECT] [Fatal Error] :1:1: Premature end of file.
2025-08-11 07:11:38,405 [ERROR] LogOutputStream:75 - [STDERR_REDIRECT] 
2025-08-11 07:11:39,401 [ERROR] LogOutputStream:75 - [STDERR_REDIRECT] [Fatal Error] :1:1: Premature end of file.
2025-08-11 07:11:39,402 [ERROR] LogOutputStream:75 - [STDERR_REDIRECT] 
2025-08-11 07:11:40,403 [ERROR] LogOutputStream:75 - [STDERR_REDIRECT] [Fatal Error] :1:1: Premature end of file.
2025-08-11 07:11:40,403 [ERROR] LogOutputStream:75 - [STDERR_REDIRECT] 
2025-08-11 07:11:41,401 [ERROR] LogOutputStream:75 - [STDERR_REDIRECT] [Fatal Error] :1:1: Premature end of file.
2025-08-11 07:11:41,401 [ERROR] LogOutputStream:75 - [STDERR_REDIRECT] 
2025-08-11 07:11:42,403 [ERROR] LogOutputStream:75 - [STDERR_REDIRECT] [Fatal Error] :1:1: Premature end of file.
2025-08-11 07:11:42,404 [ERROR] LogOutputStream:75 - [STDERR_REDIRECT] 
2025-08-11 07:11:43,407 [ERROR] LogOutputStream:75 - [STDERR_REDIRECT] [Fatal Error] :1:1: Premature end of file.
2025-08-11 07:11:43,407 [ERROR] LogOutputStream:75 - [STDERR_REDIRECT] 
2025-08-11 07:11:44,413 [ERROR] LogOutputStream:75 - [STDERR_REDIRECT] [Fatal Error] :1:1: Premature end of file.
2025-08-11 07:11:44,413 [ERROR] LogOutputStream:75 - [STDERR_REDIRECT] 
2025-08-11 07:11:45,416 [ERROR] LogOutputStream:75 - [STDERR_REDIRECT] [Fatal Error] :1:1: Premature end of file.
2025-08-11 07:11:45,416 [ERROR] LogOutputStream:75 - [STDERR_REDIRECT] 
2025-08-11 07:11:46,415 [ERROR] LogOutputStream:75 - [STDERR_REDIRECT] [Fatal Error] :1:1: Premature end of file.
2025-08-11 07:11:46,415 [ERROR] LogOutputStream:75 - [STDERR_REDIRECT] 
2025-08-11 07:11:47,414 [ERROR] LogOutputStream:75 - [STDERR_REDIRECT] [Fatal Error] :1:1: Premature end of file.
2025-08-11 07:11:47,414 [ERROR] LogOutputStream:75 - [STDERR_REDIRECT] 
2025-08-11 07:11:48,414 [ERROR] LogOutputStream:75 - [STDERR_REDIRECT] [Fatal Error] :1:1: Premature end of file.
2025-08-11 07:11:48,415 [ERROR] LogOutputStream:75 - [STDERR_REDIRECT] 
2025-08-11 07:11:49,415 [ERROR] LogOutputStream:75 - [STDERR_REDIRECT] [Fatal Error] :1:1: Premature end of file.
2025-08-11 07:11:49,415 [ERROR] LogOutputStream:75 - [STDERR_REDIRECT] 
2025-08-11 07:11:50,429 [ERROR] LogOutputStream:75 - [STDERR_REDIRECT] [Fatal Error] :1:1: Premature end of file.
2025-08-11 07:11:50,429 [ERROR] LogOutputStream:75 - [STDERR_REDIRECT] 
2025-08-11 07:11:51,411 [ERROR] LogOutputStream:75 - [STDERR_REDIRECT] [Fatal Error] :1:1: Premature end of file.
2025-08-11 07:11:51,411 [ERROR] LogOutputStream:75 - [STDERR_REDIRECT] 
2025-08-11 07:11:52,422 [ERROR] LogOutputStream:75 - [STDERR_REDIRECT] [Fatal Error] :1:1: Premature end of file.
2025-08-11 07:11:52,422 [ERROR] LogOutputStream:75 - [STDERR_REDIRECT] 
2025-08-11 07:11:53,411 [ERROR] LogOutputStream:75 - [STDERR_REDIRECT] [Fatal Error] :1:1: Premature end of file.
2025-08-11 07:11:53,411 [ERROR] LogOutputStream:75 - [STDERR_REDIRECT] 
2025-08-11 07:11:54,416 [ERROR] LogOutputStream:75 - [STDERR_REDIRECT] [Fatal Error] :1:1: Premature end of file.
2025-08-11 07:11:54,416 [ERROR] LogOutputStream:75 - [STDERR_REDIRECT] 
2025-08-11 07:11:55,411 [ERROR] LogOutputStream:75 - [STDERR_REDIRECT] [Fatal Error] :1:1: Premature end of file.
2025-08-11 07:11:55,411 [ERROR] LogOutputStream:75 - [STDERR_REDIRECT] 
2025-08-11 07:11:56,419 [ERROR] LogOutputStream:75 - [STDERR_REDIRECT] [Fatal Error] :1:1: Premature end of file.
2025-08-11 07:11:56,419 [ERROR] LogOutputStream:75 - [STDERR_REDIRECT] 
2025-08-11 07:11:57,413 [ERROR] LogOutputStream:75 - [STDERR_REDIRECT] [Fatal Error] :1:1: Premature end of file.
2025-08-11 07:11:57,413 [ERROR] LogOutputStream:75 - [STDERR_REDIRECT] 
2025-08-11 07:11:58,406 [ERROR] LogOutputStream:75 - [STDERR_REDIRECT] [Fatal Error] :1:1: Premature end of file.
2025-08-11 07:11:58,406 [ERROR] LogOutputStream:75 - [STDERR_REDIRECT] 
2025-08-11 07:11:59,404 [ERROR] LogOutputStream:75 - [STDERR_REDIRECT] [Fatal Error] :1:1: Premature end of file.
2025-08-11 07:11:59,404 [ERROR] LogOutputStream:75 - [STDERR_REDIRECT] 
2025-08-11 07:12:00,413 [ERROR] LogOutputStream:75 - [STDERR_REDIRECT] [Fatal Error] :1:1: Premature end of file.
2025-08-11 07:12:00,413 [ERROR] LogOutputStream:75 - [STDERR_REDIRECT] 
2025-08-11 07:12:01,405 [ERROR] LogOutputStream:75 - [STDERR_REDIRECT] [Fatal Error] :1:1: Premature end of file.
2025-08-11 07:12:01,405 [ERROR] LogOutputStream:75 - [STDERR_REDIRECT] 
2025-08-11 07:12:02,408 [ERROR] LogOutputStream:75 - [STDERR_REDIRECT] [Fatal Error] :1:1: Premature end of file.
2025-08-11 07:12:02,408 [ERROR] LogOutputStream:75 - [STDERR_REDIRECT] 
2025-08-11 07:12:03,400 [ERROR] LogOutputStream:75 - [STDERR_REDIRECT] [Fatal Error] :1:1: Premature end of file.
2025-08-11 07:12:03,400 [ERROR] LogOutputStream:75 - [STDERR_REDIRECT] 
2025-08-11 07:12:04,402 [ERROR] LogOutputStream:75 - [STDERR_REDIRECT] [Fatal Error] :1:1: Premature end of file.
2025-08-11 07:12:04,402 [ERROR] LogOutputStream:75 - [STDERR_REDIRECT] 
2025-08-11 07:12:05,414 [ERROR] LogOutputStream:75 - [STDERR_REDIRECT] [Fatal Error] :1:1: Premature end of file.
2025-08-11 07:12:05,414 [ERROR] LogOutputStream:75 - [STDERR_REDIRECT] 
2025-08-11 07:12:06,403 [ERROR] LogOutputStream:75 - [STDERR_REDIRECT] [Fatal Error] :1:1: Premature end of file.
2025-08-11 07:12:06,404 [ERROR] LogOutputStream:75 - [STDERR_REDIRECT] 
2025-08-11 07:12:07,410 [ERROR] LogOutputStream:75 - [STDERR_REDIRECT] [Fatal Error] :1:1: Premature end of file.
2025-08-11 07:12:07,410 [ERROR] LogOutputStream:75 - [STDERR_REDIRECT] 
2025-08-11 07:12:08,414 [ERROR] LogOutputStream:75 - [STDERR_REDIRECT] [Fatal Error] :1:1: Premature end of file.
2025-08-11 07:12:08,414 [ERROR] LogOutputStream:75 - [STDERR_REDIRECT] 
2025-08-11 07:12:09,417 [ERROR] LogOutputStream:75 - [STDERR_REDIRECT] [Fatal Error] :1:1: Premature end of file.
2025-08-11 07:12:09,417 [ERROR] LogOutputStream:75 - [STDERR_REDIRECT] 
2025-08-11 07:12:10,402 [ERROR] LogOutputStream:75 - [STDERR_REDIRECT] [Fatal Error] :1:1: Premature end of file.
2025-08-11 07:12:10,403 [ERROR] LogOutputStream:75 - [STDERR_REDIRECT] 
2025-08-11 07:12:11,402 [ERROR] LogOutputStream:75 - [STDERR_REDIRECT] [Fatal Error] :1:1: Premature end of file.
2025-08-11 07:12:11,402 [ERROR] LogOutputStream:75 - [STDERR_REDIRECT] 
2025-08-11 07:12:12,405 [ERROR] LogOutputStream:75 - [STDERR_REDIRECT] [Fatal Error] :1:1: Premature end of file.
2025-08-11 07:12:12,405 [ERROR] LogOutputStream:75 - [STDERR_REDIRECT] 
2025-08-11 07:12:13,406 [ERROR] LogOutputStream:75 - [STDERR_REDIRECT] [Fatal Error] :1:1: Premature end of file.
2025-08-11 07:12:13,406 [ERROR] LogOutputStream:75 - [STDERR_REDIRECT] 
2025-08-11 07:12:14,434 [ERROR] LogOutputStream:75 - [STDERR_REDIRECT] [Fatal Error] :1:1: Premature end of file.
2025-08-11 07:12:14,434 [ERROR] LogOutputStream:75 - [STDERR_REDIRECT] 
2025-08-11 07:12:15,403 [ERROR] LogOutputStream:75 - [STDERR_REDIRECT] [Fatal Error] :1:1: Premature end of file.
2025-08-11 07:12:15,403 [ERROR] LogOutputStream:75 - [STDERR_REDIRECT] 
2025-08-11 07:12:16,420 [ERROR] LogOutputStream:75 - [STDERR_REDIRECT] [Fatal Error] :1:1: Premature end of file.
2025-08-11 07:12:16,421 [ERROR] LogOutputStream:75 - [STDERR_REDIRECT] 
2025-08-11 07:12:17,402 [ERROR] LogOutputStream:75 - [STDERR_REDIRECT] [Fatal Error] :1:1: Premature end of file.
2025-08-11 07:12:17,402 [ERROR] LogOutputStream:75 - [STDERR_REDIRECT] 
2025-08-11 07:12:18,421 [ERROR] LogOutputStream:75 - [STDERR_REDIRECT] [Fatal Error] :1:1: Premature end of file.
2025-08-11 07:12:18,421 [ERROR] LogOutputStream:75 - [STDERR_REDIRECT] 
2025-08-11 07:12:19,428 [ERROR] LogOutputStream:75 - [STDERR_REDIRECT] [Fatal Error] :1:1: Premature end of file.
2025-08-11 07:12:19,428 [ERROR] LogOutputStream:75 - [STDERR_REDIRECT] 
2025-08-11 07:12:20,403 [ERROR] LogOutputStream:75 - [STDERR_REDIRECT] [Fatal Error] :1:1: Premature end of file.
2025-08-11 07:12:20,403 [ERROR] LogOutputStream:75 - [STDERR_REDIRECT] 
2025-08-11 07:12:21,403 [ERROR] LogOutputStream:75 - [STDERR_REDIRECT] [Fatal Error] :1:1: Premature end of file.
2025-08-11 07:12:21,403 [ERROR] LogOutputStream:75 - [STDERR_REDIRECT] 
2025-08-11 07:12:22,405 [ERROR] LogOutputStream:75 - [STDERR_REDIRECT] [Fatal Error] :1:1: Premature end of file.
2025-08-11 07:12:22,405 [ERROR] LogOutputStream:75 - [STDERR_REDIRECT] 
2025-08-11 07:12:23,407 [ERROR] LogOutputStream:75 - [STDERR_REDIRECT] [Fatal Error] :1:1: Premature end of file.
2025-08-11 07:12:23,407 [ERROR] LogOutputStream:75 - [STDERR_REDIRECT] 
2025-08-11 07:12:24,402 [ERROR] LogOutputStream:75 - [STDERR_REDIRECT] [Fatal Error] :1:1: Premature end of file.
2025-08-11 07:12:24,402 [ERROR] LogOutputStream:75 - [STDERR_REDIRECT] 
2025-08-11 07:12:25,402 [ERROR] LogOutputStream:75 - [STDERR_REDIRECT] [Fatal Error] :1:1: Premature end of file.
2025-08-11 07:12:25,402 [ERROR] LogOutputStream:75 - [STDERR_REDIRECT] 
2025-08-11 07:12:26,408 [ERROR] LogOutputStream:75 - [STDERR_REDIRECT] [Fatal Error] :1:1: Premature end of file.
2025-08-11 07:12:26,408 [ERROR] LogOutputStream:75 - [STDERR_REDIRECT] 
2025-08-11 07:12:27,405 [ERROR] LogOutputStream:75 - [STDERR_REDIRECT] [Fatal Error] :1:1: Premature end of file.
2025-08-11 07:12:27,406 [ERROR] LogOutputStream:75 - [STDERR_REDIRECT] 
2025-08-11 07:12:28,408 [ERROR] LogOutputStream:75 - [STDERR_REDIRECT] [Fatal Error] :1:1: Premature end of file.
2025-08-11 07:12:28,408 [ERROR] LogOutputStream:75 - [STDERR_REDIRECT] 
2025-08-11 07:12:29,399 [ERROR] LogOutputStream:75 - [STDERR_REDIRECT] [Fatal Error] :1:1: Premature end of file.
2025-08-11 07:12:29,399 [ERROR] LogOutputStream:75 - [STDERR_REDIRECT] 
2025-08-11 07:12:30,401 [ERROR] LogOutputStream:75 - [STDERR_REDIRECT] [Fatal Error] :1:1: Premature end of file.
2025-08-11 07:12:30,401 [ERROR] LogOutputStream:75 - [STDERR_REDIRECT] 
2025-08-11 07:12:31,411 [ERROR] LogOutputStream:75 - [STDERR_REDIRECT] [Fatal Error] :1:1: Premature end of file.
2025-08-11 07:12:31,412 [ERROR] LogOutputStream:75 - [STDERR_REDIRECT] 
2025-08-11 07:12:32,413 [ERROR] LogOutputStream:75 - [STDERR_REDIRECT] [Fatal Error] :1:1: Premature end of file.
2025-08-11 07:12:32,413 [ERROR] LogOutputStream:75 - [STDERR_REDIRECT] 
2025-08-11 07:12:33,415 [ERROR] LogOutputStream:75 - [STDERR_REDIRECT] [Fatal Error] :1:1: Premature end of file.
2025-08-11 07:12:33,415 [ERROR] LogOutputStream:75 - [STDERR_REDIRECT] 
2025-08-11 07:12:34,408 [ERROR] LogOutputStream:75 - [STDERR_REDIRECT] [Fatal Error] :1:1: Premature end of file.
2025-08-11 07:12:34,408 [ERROR] LogOutputStream:75 - [STDERR_REDIRECT] 
2025-08-11 07:12:35,416 [ERROR] LogOutputStream:75 - [STDERR_REDIRECT] [Fatal Error] :1:1: Premature end of file.
2025-08-11 07:12:35,416 [ERROR] LogOutputStream:75 - [STDERR_REDIRECT] 
2025-08-11 07:12:36,402 [ERROR] LogOutputStream:75 - [STDERR_REDIRECT] [Fatal Error] :1:1: Premature end of file.
2025-08-11 07:12:36,402 [ERROR] LogOutputStream:75 - [STDERR_REDIRECT] 
2025-08-11 07:12:37,413 [ERROR] LogOutputStream:75 - [STDERR_REDIRECT] [Fatal Error] :1:1: Premature end of file.
2025-08-11 07:12:37,414 [ERROR] LogOutputStream:75 - [STDERR_REDIRECT] 
2025-08-11 07:12:38,418 [ERROR] LogOutputStream:75 - [STDERR_REDIRECT] [Fatal Error] :1:1: Premature end of file.
2025-08-11 07:12:38,419 [ERROR] LogOutputStream:75 - [STDERR_REDIRECT] 
2025-08-11 07:12:39,409 [ERROR] LogOutputStream:75 - [STDERR_REDIRECT] [Fatal Error] :1:1: Premature end of file.
2025-08-11 07:12:39,409 [ERROR] LogOutputStream:75 - [STDERR_REDIRECT] 
2025-08-11 07:12:40,421 [ERROR] LogOutputStream:75 - [STDERR_REDIRECT] [Fatal Error] :1:1: Premature end of file.
2025-08-11 07:12:40,421 [ERROR] LogOutputStream:75 - [STDERR_REDIRECT] 
2025-08-11 07:12:41,409 [ERROR] LogOutputStream:75 - [STDERR_REDIRECT] [Fatal Error] :1:1: Premature end of file.
2025-08-11 07:12:41,409 [ERROR] LogOutputStream:75 - [STDERR_REDIRECT] 
2025-08-11 07:12:42,413 [ERROR] LogOutputStream:75 - [STDERR_REDIRECT] [Fatal Error] :1:1: Premature end of file.
2025-08-11 07:12:42,413 [ERROR] LogOutputStream:75 - [STDERR_REDIRECT] 
2025-08-11 07:12:43,416 [ERROR] LogOutputStream:75 - [STDERR_REDIRECT] [Fatal Error] :1:1: Premature end of file.
2025-08-11 07:12:43,416 [ERROR] LogOutputStream:75 - [STDERR_REDIRECT] 
2025-08-11 07:12:44,403 [ERROR] LogOutputStream:75 - [STDERR_REDIRECT] [Fatal Error] :1:1: Premature end of file.
2025-08-11 07:12:44,403 [ERROR] LogOutputStream:75 - [STDERR_REDIRECT] 
2025-08-11 07:12:45,401 [ERROR] LogOutputStream:75 - [STDERR_REDIRECT] [Fatal Error] :1:1: Premature end of file.
2025-08-11 07:12:45,401 [ERROR] LogOutputStream:75 - [STDERR_REDIRECT] 
2025-08-11 07:12:46,403 [ERROR] LogOutputStream:75 - [STDERR_REDIRECT] [Fatal Error] :1:1: Premature end of file.
2025-08-11 07:12:46,403 [ERROR] LogOutputStream:75 - [STDERR_REDIRECT] 
2025-08-11 07:12:47,399 [ERROR] LogOutputStream:75 - [STDERR_REDIRECT] [Fatal Error] :1:1: Premature end of file.
2025-08-11 07:12:47,399 [ERROR] LogOutputStream:75 - [STDERR_REDIRECT] 
2025-08-11 07:12:48,406 [ERROR] LogOutputStream:75 - [STDERR_REDIRECT] [Fatal Error] :1:1: Premature end of file.
2025-08-11 07:12:48,406 [ERROR] LogOutputStream:75 - [STDERR_REDIRECT] 
2025-08-11 07:12:49,408 [ERROR] LogOutputStream:75 - [STDERR_REDIRECT] [Fatal Error] :1:1: Premature end of file.
2025-08-11 07:12:49,408 [ERROR] LogOutputStream:75 - [STDERR_REDIRECT] 
2025-08-11 07:12:50,403 [ERROR] LogOutputStream:75 - [STDERR_REDIRECT] [Fatal Error] :1:1: Premature end of file.
2025-08-11 07:12:50,403 [ERROR] LogOutputStream:75 - [STDERR_REDIRECT] 
2025-08-11 07:12:51,401 [ERROR] LogOutputStream:75 - [STDERR_REDIRECT] [Fatal Error] :1:1: Premature end of file.
2025-08-11 07:12:51,401 [ERROR] LogOutputStream:75 - [STDERR_REDIRECT] 
2025-08-11 07:12:52,407 [ERROR] LogOutputStream:75 - [STDERR_REDIRECT] [Fatal Error] :1:1: Premature end of file.
2025-08-11 07:12:52,407 [ERROR] LogOutputStream:75 - [STDERR_REDIRECT] 
2025-08-11 07:12:53,415 [ERROR] LogOutputStream:75 - [STDERR_REDIRECT] [Fatal Error] :1:1: Premature end of file.
2025-08-11 07:12:53,415 [ERROR] LogOutputStream:75 - [STDERR_REDIRECT] 
2025-08-11 07:12:54,412 [ERROR] LogOutputStream:75 - [STDERR_REDIRECT] [Fatal Error] :1:1: Premature end of file.
2025-08-11 07:12:54,412 [ERROR] LogOutputStream:75 - [STDERR_REDIRECT] 
2025-08-11 07:12:55,415 [ERROR] LogOutputStream:75 - [STDERR_REDIRECT] [Fatal Error] :1:1: Premature end of file.
2025-08-11 07:12:55,416 [ERROR] LogOutputStream:75 - [STDERR_REDIRECT] 
2025-08-11 07:12:56,418 [ERROR] LogOutputStream:75 - [STDERR_REDIRECT] [Fatal Error] :1:1: Premature end of file.
2025-08-11 07:12:56,418 [ERROR] LogOutputStream:75 - [STDERR_REDIRECT] 
2025-08-11 07:12:57,419 [ERROR] LogOutputStream:75 - [STDERR_REDIRECT] [Fatal Error] :1:1: Premature end of file.
2025-08-11 07:12:57,419 [ERROR] LogOutputStream:75 - [STDERR_REDIRECT] 
2025-08-11 07:12:58,417 [ERROR] LogOutputStream:75 - [STDERR_REDIRECT] [Fatal Error] :1:1: Premature end of file.
2025-08-11 07:12:58,417 [ERROR] LogOutputStream:75 - [STDERR_REDIRECT] 
2025-08-11 07:12:59,397 [ERROR] LogOutputStream:75 - [STDERR_REDIRECT] [Fatal Error] :1:1: Premature end of file.
2025-08-11 07:12:59,397 [ERROR] LogOutputStream:75 - [STDERR_REDIRECT] 
2025-08-11 07:13:00,417 [ERROR] LogOutputStream:75 - [STDERR_REDIRECT] [Fatal Error] :1:1: Premature end of file.
2025-08-11 07:13:00,417 [ERROR] LogOutputStream:75 - [STDERR_REDIRECT] 
2025-08-11 07:13:01,404 [ERROR] LogOutputStream:75 - [STDERR_REDIRECT] [Fatal Error] :1:1: Premature end of file.
2025-08-11 07:13:01,404 [ERROR] LogOutputStream:75 - [STDERR_REDIRECT] 
2025-08-11 07:13:02,399 [ERROR] LogOutputStream:75 - [STDERR_REDIRECT] [Fatal Error] :1:1: Premature end of file.
2025-08-11 07:13:02,400 [ERROR] LogOutputStream:75 - [STDERR_REDIRECT] 
2025-08-11 07:13:03,406 [ERROR] LogOutputStream:75 - [STDERR_REDIRECT] [Fatal Error] :1:1: Premature end of file.
2025-08-11 07:13:03,406 [ERROR] LogOutputStream:75 - [STDERR_REDIRECT] 
2025-08-11 07:13:04,417 [ERROR] LogOutputStream:75 - [STDERR_REDIRECT] [Fatal Error] :1:1: Premature end of file.
2025-08-11 07:13:04,417 [ERROR] LogOutputStream:75 - [STDERR_REDIRECT] 
2025-08-11 07:13:05,416 [ERROR] LogOutputStream:75 - [STDERR_REDIRECT] [Fatal Error] :1:1: Premature end of file.
2025-08-11 07:13:05,416 [ERROR] LogOutputStream:75 - [STDERR_REDIRECT] 
2025-08-11 07:13:06,415 [ERROR] LogOutputStream:75 - [STDERR_REDIRECT] [Fatal Error] :1:1: Premature end of file.
2025-08-11 07:13:06,415 [ERROR] LogOutputStream:75 - [STDERR_REDIRECT] 
2025-08-11 07:13:07,417 [ERROR] LogOutputStream:75 - [STDERR_REDIRECT] [Fatal Error] :1:1: Premature end of file.
2025-08-11 07:13:07,417 [ERROR] LogOutputStream:75 - [STDERR_REDIRECT] 
2025-08-11 07:13:08,418 [ERROR] LogOutputStream:75 - [STDERR_REDIRECT] [Fatal Error] :1:1: Premature end of file.
2025-08-11 07:13:08,418 [ERROR] LogOutputStream:75 - [STDERR_REDIRECT] 
2025-08-11 07:13:09,407 [ERROR] LogOutputStream:75 - [STDERR_REDIRECT] [Fatal Error] :1:1: Premature end of file.
2025-08-11 07:13:09,407 [ERROR] LogOutputStream:75 - [STDERR_REDIRECT] 
2025-08-11 07:13:10,407 [ERROR] LogOutputStream:75 - [STDERR_REDIRECT] [Fatal Error] :1:1: Premature end of file.
2025-08-11 07:13:10,407 [ERROR] LogOutputStream:75 - [STDERR_REDIRECT] 
2025-08-11 07:13:11,403 [ERROR] LogOutputStream:75 - [STDERR_REDIRECT] [Fatal Error] :1:1: Premature end of file.
2025-08-11 07:13:11,403 [ERROR] LogOutputStream:75 - [STDERR_REDIRECT] 
2025-08-11 07:13:12,416 [ERROR] LogOutputStream:75 - [STDERR_REDIRECT] [Fatal Error] :1:1: Premature end of file.
2025-08-11 07:13:12,416 [ERROR] LogOutputStream:75 - [STDERR_REDIRECT] 
2025-08-11 07:13:13,411 [ERROR] LogOutputStream:75 - [STDERR_REDIRECT] [Fatal Error] :1:1: Premature end of file.
2025-08-11 07:13:13,411 [ERROR] LogOutputStream:75 - [STDERR_REDIRECT] 
2025-08-11 07:13:14,442 [ERROR] LogOutputStream:75 - [STDERR_REDIRECT] 
2025-08-11 07:13:14,444 [ERROR] LogOutputStream:75 - [STDERR_REDIRECT] 
2025-08-11 21:45:02,509 [INFO] Activator:176 - 


2025-08-11 21:45:02,512 [INFO] Activator:177 - !SESSION log4j initialized
2025-08-11 21:45:10,336 [INFO] LogOutputStream:77 - [STDOUT_REDIRECT] 
2025-08-11 21:45:12,552 [INFO] ApplicationProperties:184 - Using Application install path: C:\ST\STM32CubeIDE_1.19.0\STM32CubeIDE\plugins\com.st.stm32cube.common.mx_6.15.0.202507011659
2025-08-11 21:45:12,576 [INFO] DbMcusXml:78 - Set database path to: C:\ST\STM32CubeIDE_1.19.0\STM32CubeIDE\plugins\com.st.stm32cube.common.mx_6.15.0.202507011659\\db\/mcu/
2025-08-11 21:45:12,577 [INFO] ApiDb:274 - Set plugin database path to: C:\ST\STM32CubeIDE_1.19.0\STM32CubeIDE\plugins\com.st.stm32cube.common.mx_6.15.0.202507011659\\db\/plugins/boardmanager/
2025-08-11 21:45:12,577 [WARN] ApiDb:259 - Overriding images path with different value:  => C:\ST\STM32CubeIDE_1.19.0\STM32CubeIDE\plugins\com.st.stm32cube.common.mx_6.15.0.202507011659\\db\/plugins/mcufinder/images/
2025-08-11 21:45:12,587 [INFO] ApiDb:250 - Set database path to: C:\Users\sumey\.stmcufinder\plugins\mcufinder//mcu/
2025-08-11 21:45:12,589 [INFO] DbMcusAds:125 - Set database path to: C:\Users\sumey\.stmcufinder\plugins\mcufinder//mcu/
2025-08-11 21:45:12,592 [INFO] CrossReferenceDbSqlite:203 - Set database path to: C:\Users\sumey\.stmcufinder\plugins\mcufinder//mcu/cs/
2025-08-11 21:45:12,754 [INFO] RulesReader:64 - Compatibility file has been processed (317 Rules)
2025-08-11 21:45:12,877 [INFO] DbMcusXml:78 - Set database path to: C:\ST\STM32CubeIDE_1.19.0\STM32CubeIDE\plugins\com.st.stm32cube.common.mx_6.15.0.202507011659\\db\/mcu/
2025-08-11 21:45:12,878 [INFO] ApiDb:274 - Set plugin database path to: C:\ST\STM32CubeIDE_1.19.0\STM32CubeIDE\plugins\com.st.stm32cube.common.mx_6.15.0.202507011659\\db\/plugins/boardmanager/
2025-08-11 21:45:12,878 [INFO] ApiDb:261 - Set plugin images path to: C:\ST\STM32CubeIDE_1.19.0\STM32CubeIDE\plugins\com.st.stm32cube.common.mx_6.15.0.202507011659\\db\/plugins/mcufinder/images/
2025-08-11 21:45:12,878 [WARN] DbFile:41 - Overriding database path with different value: C:\Users\sumey\.stmcufinder\plugins\mcufinder/ => C:\Users\sumey\.stmcufinder\plugins\mcufinder
2025-08-11 21:45:12,878 [INFO] ApiDb:250 - Set database path to: C:\Users\sumey\.stmcufinder\plugins\mcufinder//mcu/
2025-08-11 21:45:12,878 [WARN] DbFile:41 - Overriding database path with different value: C:\Users\sumey\.stmcufinder\plugins\mcufinder/ => C:\Users\sumey\.stmcufinder\plugins\mcufinder
2025-08-11 21:45:12,878 [INFO] DbMcusAds:125 - Set database path to: C:\Users\sumey\.stmcufinder\plugins\mcufinder//mcu/
2025-08-11 21:45:12,879 [WARN] DbFile:41 - Overriding database path with different value: C:\Users\sumey\.stmcufinder\plugins\mcufinder/ => C:\Users\sumey\.stmcufinder\plugins\mcufinder
2025-08-11 21:45:12,879 [WARN] DbFile:41 - Overriding database path with different value: C:\Users\sumey\.stmcufinder\plugins\mcufinder/ => C:\Users\sumey\.stmcufinder\plugins\mcufinder
2025-08-11 21:45:12,879 [INFO] CrossReferenceDbSqlite:203 - Set database path to: C:\Users\sumey\.stmcufinder\plugins\mcufinder//mcu/cs/
2025-08-11 21:45:12,998 [INFO] MainPanel:274 - HeapMemory: 268435456
2025-08-11 21:45:13,179 [INFO] DbMcusXml:78 - Set database path to: C:\ST\STM32CubeIDE_1.19.0\STM32CubeIDE\plugins\com.st.stm32cube.common.mx_6.15.0.202507011659\\db\/mcu/
2025-08-11 21:45:13,179 [INFO] ApiDb:274 - Set plugin database path to: C:\ST\STM32CubeIDE_1.19.0\STM32CubeIDE\plugins\com.st.stm32cube.common.mx_6.15.0.202507011659\\db\/plugins/boardmanager/
2025-08-11 21:45:13,179 [INFO] ApiDb:261 - Set plugin images path to: C:\ST\STM32CubeIDE_1.19.0\STM32CubeIDE\plugins\com.st.stm32cube.common.mx_6.15.0.202507011659\\db\/plugins/mcufinder/images/
2025-08-11 21:45:13,180 [WARN] DbFile:41 - Overriding database path with different value: C:\Users\sumey\.stmcufinder\plugins\mcufinder/ => C:\Users\sumey\.stmcufinder\plugins\mcufinder
2025-08-11 21:45:13,180 [INFO] ApiDb:250 - Set database path to: C:\Users\sumey\.stmcufinder\plugins\mcufinder//mcu/
2025-08-11 21:45:13,180 [WARN] DbFile:41 - Overriding database path with different value: C:\Users\sumey\.stmcufinder\plugins\mcufinder/ => C:\Users\sumey\.stmcufinder\plugins\mcufinder
2025-08-11 21:45:13,180 [INFO] DbMcusAds:125 - Set database path to: C:\Users\sumey\.stmcufinder\plugins\mcufinder//mcu/
2025-08-11 21:45:13,180 [WARN] DbFile:41 - Overriding database path with different value: C:\Users\sumey\.stmcufinder\plugins\mcufinder/ => C:\Users\sumey\.stmcufinder\plugins\mcufinder
2025-08-11 21:45:13,180 [WARN] DbFile:41 - Overriding database path with different value: C:\Users\sumey\.stmcufinder\plugins\mcufinder/ => C:\Users\sumey\.stmcufinder\plugins\mcufinder
2025-08-11 21:45:13,180 [INFO] CrossReferenceDbSqlite:203 - Set database path to: C:\Users\sumey\.stmcufinder\plugins\mcufinder//mcu/cs/
2025-08-11 21:45:13,211 [INFO] ApplicationProperties:184 - Using Application install path: C:\ST\STM32CubeIDE_1.19.0\STM32CubeIDE\plugins\com.st.stm32cube.common.mx_6.15.0.202507011659
2025-08-11 21:45:13,213 [INFO] PluginManage:196 - Search for loadable plugins [exclusion list=, ]
2025-08-11 21:45:13,214 [INFO] PluginManage:310 - Check plugin analytics
2025-08-11 21:45:13,441 [INFO] AnalyticsPlugin:253 - Accepted Software Licenses: 
2025-08-11 21:45:13,442 [INFO] AnalyticsPlugin:255 - Accepted CMSIS Pack Licenses: 
2025-08-11 21:45:13,442 [INFO] AnalyticsPlugin:257 - Accepted Firmware Licenses: 
2025-08-11 21:45:13,446 [INFO] PluginManage:359 - Loaded plugin analytics (category:tool,tabindex:-1)
2025-08-11 21:45:13,446 [INFO] PluginManage:310 - Check plugin cadmodel
2025-08-11 21:45:13,454 [INFO] CADModel:105 - Init CAD model plugin
2025-08-11 21:45:13,454 [INFO] PluginManage:359 - Loaded plugin cadmodel (category:power,tabindex:5)
2025-08-11 21:45:13,454 [INFO] PluginManage:310 - Check plugin clock
2025-08-11 21:45:13,468 [INFO] PluginManage:359 - Loaded plugin clock (category:base,tabindex:2)
2025-08-11 21:45:13,470 [INFO] PluginManage:310 - Check plugin ddr
2025-08-11 21:45:13,473 [INFO] PluginManage:359 - Loaded plugin ddr (category:tool,tabindex:6)
2025-08-11 21:45:13,473 [INFO] PluginManage:310 - Check plugin filemanager
2025-08-11 21:45:13,822 [INFO] PluginManage:359 - Loaded plugin filemanager (category:base,tabindex:10)
2025-08-11 21:45:13,823 [INFO] PluginManage:310 - Check plugin ipmanager
2025-08-11 21:45:13,833 [INFO] PluginManage:359 - Loaded plugin ipmanager (category:base,tabindex:5)
2025-08-11 21:45:13,833 [INFO] PluginManage:310 - Check plugin lpbam
2025-08-11 21:45:13,845 [INFO] PluginManage:359 - Loaded plugin lpbam (category:base,tabindex:0)
2025-08-11 21:45:13,846 [INFO] PluginManage:310 - Check plugin memorymap
2025-08-11 21:45:13,877 [INFO] PluginManage:359 - Loaded plugin memorymap (category:base,tabindex:4)
2025-08-11 21:45:13,878 [INFO] PluginManage:310 - Check plugin pinoutandconfiguration
2025-08-11 21:45:13,894 [INFO] PluginManage:359 - Loaded plugin pinoutandconfiguration (category:base,tabindex:1)
2025-08-11 21:45:13,895 [INFO] PluginManage:310 - Check plugin pinoutconfig
2025-08-11 21:45:14,079 [WARN] SupportedApi:132 - Cannot load RTOS API schema: s4s-elt-must-match.1: The content of 'definitions' must match (annotation?, (simpleType | complexType)?, (unique | key | keyref)*)). A problem was found starting at: attribute.
2025-08-11 21:45:14,267 [INFO] PluginManage:359 - Loaded plugin pinoutconfig (category:base,tabindex:0)
2025-08-11 21:45:14,269 [INFO] PluginManage:310 - Check plugin power
2025-08-11 21:45:14,279 [INFO] PluginManage:359 - Loaded plugin power (category:power,tabindex:4)
2025-08-11 21:45:14,279 [INFO] PluginManage:310 - Check plugin projectmanager
2025-08-11 21:45:14,298 [INFO] PluginManage:359 - Loaded plugin projectmanager (category:projectmanager,tabindex:4)
2025-08-11 21:45:14,299 [INFO] PluginManage:310 - Check plugin rif
2025-08-11 21:45:14,312 [INFO] PluginManage:359 - Loaded plugin rif (category:base,tabindex:3)
2025-08-11 21:45:14,313 [INFO] PluginManage:310 - Check plugin thirdparty
2025-08-11 21:45:14,485 [INFO] PluginManage:359 - Loaded plugin thirdparty (category:base,tabindex:-1)
2025-08-11 21:45:14,485 [WARN] IntegrityCheckThread:84 - waiting for thirdparty lock release [integrity check]
2025-08-11 21:45:14,485 [INFO] PluginManage:310 - Check plugin tools
2025-08-11 21:45:14,485 [INFO] IntegrityCheckThread:86 - entering critical section [integrity check]
2025-08-11 21:45:14,486 [INFO] ThirdPartyUpdaterWithRetryManager:70 - Updater plugin not ready yet. [1/15]
2025-08-11 21:45:14,488 [INFO] PluginManage:359 - Loaded plugin tools (category:base,tabindex:7)
2025-08-11 21:45:14,488 [INFO] PluginManage:310 - Check plugin tutovideos
2025-08-11 21:45:14,739 [INFO] PluginManage:359 - Loaded plugin tutovideos (category:base,tabindex:-1)
2025-08-11 21:45:14,740 [INFO] PluginManage:310 - Check plugin updater
2025-08-11 21:45:14,764 [INFO] PluginManage:359 - Loaded plugin updater (category:base,tabindex:12)
2025-08-11 21:45:14,764 [INFO] PluginManage:310 - Check plugin userauth
2025-08-11 21:45:14,769 [INFO] UserAuth:118 - Init User Auth plugin
2025-08-11 21:45:14,770 [INFO] PluginManage:359 - Loaded plugin userauth (category:base,tabindex:14)
2025-08-11 21:45:14,771 [INFO] PluginManage:283 - PluginManage : Loaded plugins [18]
2025-08-11 21:45:15,091 [INFO] PinOutPanel:1589 - setPackage(No Configuration,No Configuration)
2025-08-11 21:45:15,228 [INFO] CADModel:165 - CPN selected for project level
2025-08-11 21:45:15,228 [INFO] CADModel:114 - Register for checkConnection events
2025-08-11 21:45:15,255 [INFO] IPUIPlugin:80 - create IPUIPlugin
2025-08-11 21:45:15,256 [INFO] PluginManager:220 - loadIPPluginJar : add adc
2025-08-11 21:45:15,261 [INFO] IPUIPlugin:80 - create IPUIPlugin
2025-08-11 21:45:15,261 [INFO] PluginManager:220 - loadIPPluginJar : add aes
2025-08-11 21:45:15,266 [INFO] IPUIPlugin:80 - create IPUIPlugin
2025-08-11 21:45:15,267 [INFO] PluginManager:220 - loadIPPluginJar : add can
2025-08-11 21:45:15,270 [INFO] IPUIPlugin:80 - create IPUIPlugin
2025-08-11 21:45:15,271 [INFO] PluginManager:220 - loadIPPluginJar : add comp
2025-08-11 21:45:15,275 [INFO] IPUIPlugin:80 - create IPUIPlugin
2025-08-11 21:45:15,275 [INFO] PluginManager:220 - loadIPPluginJar : add cryp
2025-08-11 21:45:15,279 [INFO] IPUIPlugin:80 - create IPUIPlugin
2025-08-11 21:45:15,279 [INFO] PluginManager:220 - loadIPPluginJar : add ddr_ctrl_phy
2025-08-11 21:45:15,283 [INFO] IPUIPlugin:80 - create IPUIPlugin
2025-08-11 21:45:15,283 [INFO] PluginManager:220 - loadIPPluginJar : add dfsdm
2025-08-11 21:45:15,291 [INFO] IPUIPlugin:80 - create IPUIPlugin
2025-08-11 21:45:15,292 [INFO] PluginManager:220 - loadIPPluginJar : add dma
2025-08-11 21:45:15,296 [INFO] IPUIPlugin:80 - create IPUIPlugin
2025-08-11 21:45:15,296 [INFO] PluginManager:220 - loadIPPluginJar : add dma3
2025-08-11 21:45:15,302 [INFO] IPUIPlugin:80 - create IPUIPlugin
2025-08-11 21:45:15,302 [INFO] PluginManager:220 - loadIPPluginJar : add extmemmanager
2025-08-11 21:45:15,305 [INFO] IPUIPlugin:80 - create IPUIPlugin
2025-08-11 21:45:15,305 [INFO] PluginManager:220 - loadIPPluginJar : add fatfs
2025-08-11 21:45:15,312 [INFO] IPUIPlugin:80 - create IPUIPlugin
2025-08-11 21:45:15,312 [INFO] PluginManager:220 - loadIPPluginJar : add fmc
2025-08-11 21:45:15,330 [INFO] IPUIPlugin:80 - create IPUIPlugin
2025-08-11 21:45:15,331 [INFO] PluginManager:220 - loadIPPluginJar : add freertos
2025-08-11 21:45:15,335 [INFO] IPUIPlugin:80 - create IPUIPlugin
2025-08-11 21:45:15,335 [INFO] PluginManager:220 - loadIPPluginJar : add genericplugin
2025-08-11 21:45:15,339 [INFO] IPUIPlugin:80 - create IPUIPlugin
2025-08-11 21:45:15,339 [INFO] PluginManager:220 - loadIPPluginJar : add gfxmmu
2025-08-11 21:45:15,346 [INFO] IPUIPlugin:80 - create IPUIPlugin
2025-08-11 21:45:15,346 [INFO] PluginManager:220 - loadIPPluginJar : add gic
2025-08-11 21:45:15,352 [INFO] IPUIPlugin:80 - create IPUIPlugin
2025-08-11 21:45:15,352 [INFO] PluginManager:220 - loadIPPluginJar : add gpio
2025-08-11 21:45:15,357 [INFO] IPUIPlugin:80 - create IPUIPlugin
2025-08-11 21:45:15,357 [INFO] PluginManager:220 - loadIPPluginJar : add gtzc
2025-08-11 21:45:15,361 [INFO] IPUIPlugin:80 - create IPUIPlugin
2025-08-11 21:45:15,361 [INFO] PluginManager:220 - loadIPPluginJar : add hash
2025-08-11 21:45:15,366 [INFO] IPUIPlugin:80 - create IPUIPlugin
2025-08-11 21:45:15,366 [INFO] PluginManager:220 - loadIPPluginJar : add i2c
2025-08-11 21:45:15,370 [INFO] IPUIPlugin:80 - create IPUIPlugin
2025-08-11 21:45:15,370 [INFO] PluginManager:220 - loadIPPluginJar : add i2s
2025-08-11 21:45:15,378 [INFO] IPUIPlugin:80 - create IPUIPlugin
2025-08-11 21:45:15,378 [INFO] PluginManager:220 - loadIPPluginJar : add i3c
2025-08-11 21:45:15,384 [INFO] IPUIPlugin:80 - create IPUIPlugin
2025-08-11 21:45:15,385 [INFO] PluginManager:220 - loadIPPluginJar : add ipddr
2025-08-11 21:45:15,401 [INFO] IPUIPlugin:80 - create IPUIPlugin
2025-08-11 21:45:15,402 [INFO] PluginManager:220 - loadIPPluginJar : add linkedlist
2025-08-11 21:45:15,409 [INFO] IPUIPlugin:80 - create IPUIPlugin
2025-08-11 21:45:15,409 [INFO] PluginManager:220 - loadIPPluginJar : add lorawan
2025-08-11 21:45:15,412 [INFO] IPUIPlugin:80 - create IPUIPlugin
2025-08-11 21:45:15,412 [INFO] PluginManager:220 - loadIPPluginJar : add ltdc
2025-08-11 21:45:15,420 [INFO] IPUIPlugin:80 - create IPUIPlugin
2025-08-11 21:45:15,420 [INFO] PluginManager:220 - loadIPPluginJar : add mdma
2025-08-11 21:45:15,425 [INFO] IPUIPlugin:80 - create IPUIPlugin
2025-08-11 21:45:15,426 [INFO] PluginManager:220 - loadIPPluginJar : add nvic
2025-08-11 21:45:15,429 [INFO] IPUIPlugin:80 - create IPUIPlugin
2025-08-11 21:45:15,430 [INFO] PluginManager:220 - loadIPPluginJar : add opamp
2025-08-11 21:45:15,434 [INFO] IPUIPlugin:80 - create IPUIPlugin
2025-08-11 21:45:15,434 [INFO] PluginManager:220 - loadIPPluginJar : add openamp
2025-08-11 21:45:15,439 [INFO] IPUIPlugin:80 - create IPUIPlugin
2025-08-11 21:45:15,440 [INFO] PluginManager:220 - loadIPPluginJar : add pdm2pcm
2025-08-11 21:45:15,447 [INFO] IPUIPlugin:80 - create IPUIPlugin
2025-08-11 21:45:15,451 [INFO] PluginManager:220 - loadIPPluginJar : add plateformsettings
2025-08-11 21:45:15,454 [INFO] IPUIPlugin:80 - create IPUIPlugin
2025-08-11 21:45:15,454 [INFO] PluginManager:220 - loadIPPluginJar : add quadspi
2025-08-11 21:45:15,458 [INFO] IPUIPlugin:80 - create IPUIPlugin
2025-08-11 21:45:15,458 [INFO] PluginManager:220 - loadIPPluginJar : add radio
2025-08-11 21:45:15,479 [INFO] IPUIPlugin:80 - create IPUIPlugin
2025-08-11 21:45:15,480 [INFO] PluginManager:220 - loadIPPluginJar : add resmgrutility
2025-08-11 21:45:15,485 [INFO] IPUIPlugin:80 - create IPUIPlugin
2025-08-11 21:45:15,485 [INFO] PluginManager:220 - loadIPPluginJar : add sai
2025-08-11 21:45:15,489 [INFO] IPUIPlugin:80 - create IPUIPlugin
2025-08-11 21:45:15,490 [INFO] PluginManager:220 - loadIPPluginJar : add spi
2025-08-11 21:45:15,499 [INFO] IPUIPlugin:80 - create IPUIPlugin
2025-08-11 21:45:15,499 [INFO] PluginManager:220 - loadIPPluginJar : add stm32_wpan
2025-08-11 21:45:15,503 [INFO] IPUIPlugin:80 - create IPUIPlugin
2025-08-11 21:45:15,503 [INFO] PluginManager:220 - loadIPPluginJar : add tim
2025-08-11 21:45:15,508 [INFO] IPUIPlugin:80 - create IPUIPlugin
2025-08-11 21:45:15,509 [INFO] PluginManager:220 - loadIPPluginJar : add touchsensing
2025-08-11 21:45:15,512 [INFO] IPUIPlugin:80 - create IPUIPlugin
2025-08-11 21:45:15,513 [INFO] PluginManager:220 - loadIPPluginJar : add tracer_emb
2025-08-11 21:45:15,543 [INFO] IPUIPlugin:80 - create IPUIPlugin
2025-08-11 21:45:15,543 [INFO] PluginManager:220 - loadIPPluginJar : add ts
2025-08-11 21:45:15,545 [INFO] IPUIPlugin:80 - create IPUIPlugin
2025-08-11 21:45:15,546 [INFO] PluginManager:220 - loadIPPluginJar : add tsc
2025-08-11 21:45:15,549 [INFO] IPUIPlugin:80 - create IPUIPlugin
2025-08-11 21:45:15,549 [INFO] PluginManager:220 - loadIPPluginJar : add ucpd
2025-08-11 21:45:15,555 [INFO] IPUIPlugin:80 - create IPUIPlugin
2025-08-11 21:45:15,555 [INFO] PluginManager:220 - loadIPPluginJar : add usart
2025-08-11 21:45:15,562 [INFO] IPUIPlugin:80 - create IPUIPlugin
2025-08-11 21:45:15,562 [INFO] PluginManager:220 - loadIPPluginJar : add usbx
2025-08-11 21:45:15,705 [FATAL] Updater:351 - Updater called before beeing initialized
2025-08-11 21:45:15,736 [INFO] RulesReader:64 - Compatibility file has been processed (317 Rules)
2025-08-11 21:45:15,748 [INFO] RulesReader:64 - Compatibility file has been processed (317 Rules)
2025-08-11 21:45:15,763 [INFO] CADModel:165 - CPN selected for project level
2025-08-11 21:45:15,764 [INFO] CADModel:114 - Register for checkConnection events
2025-08-11 21:45:15,764 [FATAL] Updater:351 - Updater called before beeing initialized
2025-08-11 21:45:15,764 [ERROR] CADModel:125 - Updater not yet initialized, retry later 
2025-08-11 21:45:15,961 [FATAL] Updater:351 - Updater called before beeing initialized
2025-08-11 21:45:15,963 [INFO] CADModel:165 - CPN selected for project level
2025-08-11 21:45:15,963 [INFO] CADModel:114 - Register for checkConnection events
2025-08-11 21:45:15,964 [FATAL] Updater:351 - Updater called before beeing initialized
2025-08-11 21:45:15,964 [ERROR] CADModel:125 - Updater not yet initialized, retry later 
2025-08-11 21:45:15,967 [FATAL] Updater:351 - Updater called before beeing initialized
2025-08-11 21:45:16,115 [FATAL] Updater:351 - Updater called before beeing initialized
2025-08-11 21:45:16,120 [INFO] DbMcusAds:53 - JSON generation date=Tue Jul 08 11:14:23 TRT 2025 (1751962463593)
2025-08-11 21:45:16,120 [FATAL] Updater:351 - Updater called before beeing initialized
2025-08-11 21:45:16,161 [WARN] DetailPanel:346 - Failed to get advertising image, set to default
2025-08-11 21:45:16,245 [FATAL] Updater:351 - Updater called before beeing initialized
2025-08-11 21:45:16,247 [FATAL] Updater:351 - Updater called before beeing initialized
2025-08-11 21:45:16,247 [FATAL] Updater:351 - Updater called before beeing initialized
2025-08-11 21:45:16,247 [WARN] DetailPanel:346 - Failed to get advertising image, set to default
2025-08-11 21:45:16,248 [FATAL] Updater:351 - Updater called before beeing initialized
2025-08-11 21:45:16,293 [ERROR] Updater:1198 - MainUpdater not yet initialized. External WinMGr cannot be set.
2025-08-11 21:45:16,295 [INFO] Updater:1134 - Updater Version found : 6.15.0
2025-08-11 21:45:16,313 [INFO] ApplicationProperties:184 - Using Application install path: C:\ST\STM32CubeIDE_1.19.0\STM32CubeIDE\plugins\com.st.stm32cube.common.mx_6.15.0.202507011659
2025-08-11 21:45:17,487 [INFO] ThirdPartyUpdaterWithRetryManager:70 - Updater plugin not ready yet. [2/15]
2025-08-11 21:45:17,907 [ERROR] LogOutputStream:75 - [STDERR_REDIRECT] Aug 11, 2025 9:45:17 PM java.util.prefs.WindowsPreferences <init>
2025-08-11 21:45:17,908 [ERROR] LogOutputStream:75 - [STDERR_REDIRECT] WARNING: Could not open/create prefs root node Software\JavaSoft\Prefs at root 0xffffffff80000002. Windows RegCreateKeyEx(...) returned error code 5.
2025-08-11 21:45:17,909 [ERROR] LogOutputStream:75 - [STDERR_REDIRECT] 
2025-08-11 21:45:18,527 [INFO] MainUpdater:2872 - connection check result : 10
2025-08-11 21:45:18,528 [INFO] MainUpdater:289 - Updater Check For Update Now.
2025-08-11 21:45:18,528 [INFO] MicroXplorer:498 - Change Database Version : DB.6.0.150
2025-08-11 21:45:18,550 [INFO] McuFinderGlobals:63 - Set McuFinder mode to 2 (CubeIDE integrated)
2025-08-11 21:45:18,550 [INFO] UserAuth:171 - activating auth plugin
2025-08-11 21:45:18,554 [INFO] UserAuth:487 - Internet connection configuration mode: 1
2025-08-11 21:45:18,636 [INFO] JxBrowserEngine:152 - Initiate JxBrowser Engine with user profile folder
2025-08-11 21:45:18,751 [INFO] CheckServerUpdateThread:120 - End of CheckServer Thread
2025-08-11 21:45:19,731 [INFO] WebApp:169 - Instantiating new browser for Auth
2025-08-11 21:45:20,487 [INFO] WebApp:463 - Apply proxy settings
2025-08-11 21:45:20,489 [INFO] WebApp:548 - Chromium requires no authentication
2025-08-11 21:45:20,501 [INFO] WebApp:491 - Direct internet connection detected
2025-08-11 21:45:20,534 [INFO] WebApp:900 - Register for checkConnection events
2025-08-11 21:45:20,535 [INFO] WebApp:463 - Apply proxy settings
2025-08-11 21:45:20,535 [INFO] WebApp:548 - Chromium requires no authentication
2025-08-11 21:45:20,535 [INFO] WebApp:491 - Direct internet connection detected
2025-08-11 21:45:20,758 [WARN] PackLoader:240 - Cannot read IP mode file for STMicroelectronics.FP-SNS-MOTENVWB1.1.4.0
2025-08-11 21:45:20,771 [WARN] PackLoader:240 - Cannot read IP mode file for STMicroelectronics.FP-ATR-ASTRA1.2.0.2
2025-08-11 21:45:20,783 [WARN] PackLoader:240 - Cannot read IP mode file for STMicroelectronics.X-CUBE-SMBUS.2.1.0
2025-08-11 21:45:20,790 [WARN] PackLoader:240 - Cannot read IP mode file for STMicroelectronics.X-CUBE-ST60.1.0.0
2025-08-11 21:45:20,822 [WARN] PackLoader:240 - Cannot read IP mode file for STMicroelectronics.X-CUBE-AZRTOS-F7.1.1.0
2025-08-11 21:45:20,858 [WARN] PackLoader:240 - Cannot read IP mode file for Infineon.AIROC-Wi-Fi-Bluetooth-STM32.1.7.0
2025-08-11 21:45:20,906 [WARN] PackLoader:240 - Cannot read IP mode file for STMicroelectronics.X-CUBE-AZRTOS-H7.3.4.0
2025-08-11 21:45:20,920 [WARN] PackLoader:240 - Cannot read IP mode file for STMicroelectronics.X-CUBE-DISPLAY.3.0.0
2025-08-11 21:45:20,938 [WARN] PackLoader:240 - Cannot read IP mode file for STMicroelectronics.X-CUBE-NFC10.1.0.0
2025-08-11 21:45:20,950 [WARN] PackLoader:240 - Cannot read IP mode file for STMicroelectronics.X-CUBE-BLEMGR.4.0.0
2025-08-11 21:45:20,958 [WARN] PackLoader:240 - Cannot read IP mode file for emotas.I-CUBE-CANOPEN.1.3.0
2025-08-11 21:45:20,963 [WARN] ConditionMgr:438 - getConditionDescription Invalid condition id : Cortex-A Device cause : null
2025-08-11 21:45:20,980 [WARN] ConditionMgr:1044 - genDependencies : Invalid condition id : Cortex-A Device cause : null
2025-08-11 21:45:20,980 [WARN] ConditionMgr:1044 - genDependencies : Invalid condition id : Cortex-A Device cause : null
2025-08-11 21:45:20,981 [WARN] ConditionMgr:1044 - genDependencies : Invalid condition id : Cortex-A Device cause : null
2025-08-11 21:45:20,988 [WARN] PackLoader:240 - Cannot read IP mode file for STMicroelectronics.FP-SNS-STBOX1.2.1.0
2025-08-11 21:45:20,995 [WARN] PackLoader:240 - Cannot read IP mode file for STMicroelectronics.FP-SNS-SMARTAG2.1.2.0
2025-08-11 21:45:21,000 [WARN] PackLoader:240 - Cannot read IP mode file for STMicroelectronics.FP-SNS-FLIGHT1.5.1.0
2025-08-11 21:45:21,018 [INFO] LogOutputStream:77 - [STDOUT_REDIRECT] 1 : Invalid condition id : UX_CORESTACK_Condition cause : null
2025-08-11 21:45:21,019 [INFO] LogOutputStream:77 - [STDOUT_REDIRECT] 1 : Invalid condition id : UX_CORESTACK_Condition cause : null
2025-08-11 21:45:21,020 [INFO] LogOutputStream:77 - [STDOUT_REDIRECT] 1 : Invalid condition id : UX_CORESTACK_Condition cause : null
2025-08-11 21:45:21,021 [INFO] LogOutputStream:77 - [STDOUT_REDIRECT] 1 : Invalid condition id : UX_CORESTACK_Condition cause : null
2025-08-11 21:45:21,024 [INFO] LogOutputStream:77 - [STDOUT_REDIRECT] 1 : Invalid condition id : UX_CORESTACK_Condition cause : null
2025-08-11 21:45:21,026 [WARN] PackLoader:240 - Cannot read IP mode file for STMicroelectronics.X-CUBE-AZRTOS-WL.2.0.0
2025-08-11 21:45:21,032 [WARN] PackLoader:240 - Cannot read IP mode file for STMicroelectronics.FP-SNS-MOTENV1.5.0.0
2025-08-11 21:45:21,043 [WARN] PackLoader:240 - Cannot read IP mode file for WES.I-CUBE-Cesium.1.3.0
2025-08-11 21:45:21,050 [WARN] PackLoader:240 - Cannot read IP mode file for STMicroelectronics.X-CUBE-BLE2.3.3.0
2025-08-11 21:45:21,057 [WARN] PackLoader:240 - Cannot read IP mode file for STMicroelectronics.X-CUBE-NFC9.1.0.0
2025-08-11 21:45:21,064 [WARN] PackLoader:240 - Cannot read IP mode file for wolfSSL.I-CUBE-wolfSSL.5.8.0
2025-08-11 21:45:21,070 [WARN] PackLoader:240 - Cannot read IP mode file for STMicroelectronics.X-CUBE-BLE1.7.1.0
2025-08-11 21:45:21,074 [WARN] PackLoader:240 - Cannot read IP mode file for wolfSSL.I-CUBE-wolfMQTT.1.19.2
2025-08-11 21:45:21,080 [WARN] PackLoader:240 - Cannot read IP mode file for STMicroelectronics.X-CUBE-EEPRMA1.5.2.0
2025-08-11 21:45:21,087 [WARN] PackLoader:240 - Cannot read IP mode file for STMicroelectronics.X-CUBE-AI.10.1.0
2025-08-11 21:45:21,101 [WARN] PackLoader:240 - Cannot read IP mode file for STMicroelectronics.X-CUBE-AZRTOS-G0.1.1.0
2025-08-11 21:45:21,109 [WARN] PackLoader:240 - Cannot read IP mode file for STMicroelectronics.X-CUBE-SAFEA1.1.2.2
2025-08-11 21:45:21,118 [WARN] PackLoader:240 - Cannot read IP mode file for STMicroelectronics.X-CUBE-NFC4.3.0.0
2025-08-11 21:45:21,128 [WARN] PackLoader:240 - Cannot read IP mode file for EmbeddedOffice.I-CUBE-FS-RTOS.1.0.1
2025-08-11 21:45:21,134 [WARN] PackLoader:240 - Cannot read IP mode file for STMicroelectronics.X-CUBE-WB05N.2.0.0
2025-08-11 21:45:21,138 [WARN] PackLoader:240 - Cannot read IP mode file for wolfSSL.I-CUBE-wolfTPM.3.8.0
2025-08-11 21:45:21,145 [WARN] PackLoader:240 - Cannot read IP mode file for STMicroelectronics.X-CUBE-TCPP.4.2.0
2025-08-11 21:45:21,151 [WARN] PackLoader:240 - Cannot read IP mode file for RealThread.X-CUBE-RT-Thread_Nano.4.1.1
2025-08-11 21:45:21,156 [WARN] PackLoader:240 - Cannot read IP mode file for STMicroelectronics.FP-ATR-SIGFOX1.3.2.0
2025-08-11 21:45:21,157 [INFO] WebApp:191 - Connection restablished
2025-08-11 21:45:21,157 [INFO] WebApp:225 - Starting web application
2025-08-11 21:45:21,157 [INFO] WebApp:593 - Web application path used C:\ST\STM32CubeIDE_1.19.0\STM32CubeIDE\plugins\com.st.stm32cube.common.mx_6.15.0.202507011659\db\plugins\mcufinder\reactClient1\index.html
2025-08-11 21:45:21,163 [WARN] PackLoader:240 - Cannot read IP mode file for STMicroelectronics.X-CUBE-EEPRMA1.5.1.0
2025-08-11 21:45:21,171 [WARN] PackLoader:240 - Cannot read IP mode file for ITTIA_DB.I-CUBE-ITTIADB.8.9.0
2025-08-11 21:45:21,183 [WARN] PackLoader:240 - Cannot read IP mode file for STMicroelectronics.X-CUBE-ST67W61.1.0.0
2025-08-11 21:45:21,189 [WARN] PackLoader:240 - Cannot read IP mode file for STMicroelectronics.X-CUBE-AI.10.2.0
2025-08-11 21:45:21,225 [WARN] PackLoader:240 - Cannot read IP mode file for SEGGER.I-CUBE-embOS.1.3.1
2025-08-11 21:45:21,273 [WARN] PackLoader:240 - Cannot read IP mode file for STMicroelectronics.X-CUBE-ALGOBUILD.1.4.0
2025-08-11 21:45:21,363 [WARN] PackLoader:240 - Cannot read IP mode file for STMicroelectronics.X-CUBE-MEMS1.11.3.0
2025-08-11 21:45:21,493 [WARN] PackLoader:240 - Cannot read IP mode file for STMicroelectronics.X-CUBE-PM33A1.1.0.0
2025-08-11 21:45:21,510 [WARN] PackLoader:240 - Cannot read IP mode file for STMicroelectronics.X-CUBE-AZRTOS-F4.1.1.0
2025-08-11 21:45:21,517 [WARN] PackLoader:240 - Cannot read IP mode file for STMicroelectronics.X-CUBE-ISPU.2.1.0
2025-08-11 21:45:21,524 [WARN] PackLoader:240 - Cannot read IP mode file for STMicroelectronics.X-CUBE-NFC12.1.0.0
2025-08-11 21:45:21,538 [WARN] PackLoader:240 - Cannot read IP mode file for STMicroelectronics.X-CUBE-AZRTOS-L5.2.0.0
2025-08-11 21:45:21,549 [WARN] PackLoader:240 - Cannot read IP mode file for STMicroelectronics.X-CUBE-NFC6.3.1.0
2025-08-11 21:45:21,558 [WARN] PackLoader:240 - Cannot read IP mode file for STMicroelectronics.X-CUBE-FREERTOS.1.3.1
2025-08-11 21:45:21,565 [WARN] PackLoader:240 - Cannot read IP mode file for STMicroelectronics.FP-SNS-STAIOTCFT.1.0.0
2025-08-11 21:45:21,571 [WARN] PackLoader:240 - Cannot read IP mode file for STMicroelectronics.X-CUBE-DPower.1.3.0
2025-08-11 21:45:21,588 [WARN] ConditionMgr:438 - getConditionDescription Invalid condition id : LAN8742 Phy interface Condition cause : null
2025-08-11 21:45:21,589 [WARN] PackLoader:240 - Cannot read IP mode file for STMicroelectronics.X-CUBE-AZRTOS-L4.2.0.0
2025-08-11 21:45:21,590 [WARN] ConditionMgr:1044 - genDependencies : Invalid condition id : LAN8742 Phy interface Condition cause : null
2025-08-11 21:45:21,591 [WARN] ConditionMgr:1044 - genDependencies : Invalid condition id : LAN8742 Phy interface Condition cause : null
2025-08-11 21:45:21,591 [WARN] ConditionMgr:1044 - genDependencies : Invalid condition id : LAN8742 Phy interface Condition cause : null
2025-08-11 21:45:21,599 [WARN] PackLoader:240 - Cannot read IP mode file for STMicroelectronics.X-CUBE-SFXS2LP1.4.0.0
2025-08-11 21:45:21,614 [WARN] PackLoader:240 - Cannot read IP mode file for STMicroelectronics.X-CUBE-AZRTOS-H7.3.3.0
2025-08-11 21:45:21,625 [WARN] PackLoader:240 - Cannot read IP mode file for STMicroelectronics.X-CUBE-BLEMGR.4.1.0
2025-08-11 21:45:21,640 [WARN] ConditionMgr:438 - getConditionDescription Invalid condition id : UX DEVICE CLASS RTOS Condition cause : null
2025-08-11 21:45:21,640 [WARN] ConditionMgr:438 - getConditionDescription Invalid condition id : UX DEVICE CLASS RTOS Condition cause : null
2025-08-11 21:45:21,642 [WARN] PackLoader:240 - Cannot read IP mode file for STMicroelectronics.X-CUBE-AZRTOS-WB.2.0.0
2025-08-11 21:45:21,643 [WARN] ConditionMgr:1044 - genDependencies : Invalid condition id : UX DEVICE CLASS RTOS Condition cause : null
2025-08-11 21:45:21,643 [WARN] ConditionMgr:1044 - genDependencies : Invalid condition id : UX DEVICE CLASS RTOS Condition cause : null
2025-08-11 21:45:21,644 [WARN] ConditionMgr:1044 - genDependencies : Invalid condition id : UX DEVICE CLASS RTOS Condition cause : null
2025-08-11 21:45:21,644 [WARN] ConditionMgr:1044 - genDependencies : Invalid condition id : UX DEVICE CLASS RTOS Condition cause : null
2025-08-11 21:45:21,644 [WARN] ConditionMgr:1044 - genDependencies : Invalid condition id : UX DEVICE CLASS RTOS Condition cause : null
2025-08-11 21:45:21,659 [WARN] PackLoader:240 - Cannot read IP mode file for STMicroelectronics.X-CUBE-GNSS1.7.0.1
2025-08-11 21:45:21,669 [WARN] PackLoader:240 - Cannot read IP mode file for STMicroelectronics.X-CUBE-TOUCHGFX.4.25.0
2025-08-11 21:45:21,677 [WARN] PackLoader:240 - Cannot read IP mode file for STMicroelectronics.FP-SNS-STBOX1.2.0.0
2025-08-11 21:45:21,691 [WARN] PackLoader:240 - Cannot read IP mode file for STMicroelectronics.X-CUBE-SUBG2.5.0.0
2025-08-11 21:45:21,710 [WARN] PackLoader:240 - Cannot read IP mode file for STMicroelectronics.X-CUBE-AZRTOS-H7RS.1.1.0
2025-08-11 21:45:21,718 [WARN] PackLoader:240 - Cannot read IP mode file for Cesanta.I-CUBE-Mongoose.7.13.0
2025-08-11 21:45:21,731 [WARN] PackLoader:240 - Cannot read IP mode file for STMicroelectronics.X-CUBE-AZRTOS-G4.2.0.0
2025-08-11 21:45:21,736 [WARN] PackLoader:240 - Cannot read IP mode file for wolfSSL.I-CUBE-wolfSSH.1.4.20
2025-08-11 21:45:21,741 [WARN] PackLoader:240 - Cannot read IP mode file for STMicroelectronics.X-CUBE-NFC7.2.0.0
2025-08-11 21:45:21,755 [WARN] PackLoader:240 - Cannot read IP mode file for STMicroelectronics.X-CUBE-IPS.3.1.0
2025-08-11 21:45:21,767 [WARN] PackLoader:240 - Cannot read IP mode file for STMicroelectronics.X-CUBE-ALS.1.0.2
2025-08-11 21:45:21,773 [WARN] PackLoader:240 - Cannot read IP mode file for portGmbH.I-Cube-SoM-uGOAL.1.1.0
2025-08-11 21:45:21,785 [WARN] PackLoader:240 - Cannot read IP mode file for STMicroelectronics.X-CUBE-TOF1.3.4.3
2025-08-11 21:45:21,796 [INFO] ThirdParty:978 - Integrity check success = true
2025-08-11 21:45:21,796 [INFO] IntegrityCheckThread:100 - exiting critical section [integrity check]
2025-08-11 21:45:21,796 [INFO] IntegrityCheckThread:103 - End integrity checks thread
2025-08-11 21:45:22,916 [ERROR] LogOutputStream:75 - [STDERR_REDIRECT] [Fatal Error] :1:1: Premature end of file.
2025-08-11 21:45:22,917 [ERROR] LogOutputStream:75 - [STDERR_REDIRECT] 
2025-08-11 21:45:23,879 [ERROR] LogOutputStream:75 - [STDERR_REDIRECT] [Fatal Error] :1:1: Premature end of file.
2025-08-11 21:45:23,879 [ERROR] LogOutputStream:75 - [STDERR_REDIRECT] 
2025-08-11 21:45:24,893 [ERROR] LogOutputStream:75 - [STDERR_REDIRECT] [Fatal Error] :1:1: Premature end of file.
2025-08-11 21:45:24,893 [ERROR] LogOutputStream:75 - [STDERR_REDIRECT] 
2025-08-11 21:45:25,894 [ERROR] LogOutputStream:75 - [STDERR_REDIRECT] [Fatal Error] :1:1: Premature end of file.
2025-08-11 21:45:25,894 [ERROR] LogOutputStream:75 - [STDERR_REDIRECT] 
2025-08-11 21:45:26,933 [ERROR] LogOutputStream:75 - [STDERR_REDIRECT] [Fatal Error] :1:1: Premature end of file.
2025-08-11 21:45:26,933 [ERROR] LogOutputStream:75 - [STDERR_REDIRECT] 
2025-08-11 21:45:27,896 [ERROR] LogOutputStream:75 - [STDERR_REDIRECT] [Fatal Error] :1:1: Premature end of file.
2025-08-11 21:45:27,897 [ERROR] LogOutputStream:75 - [STDERR_REDIRECT] 
2025-08-11 21:45:28,884 [ERROR] LogOutputStream:75 - [STDERR_REDIRECT] [Fatal Error] :1:1: Premature end of file.
2025-08-11 21:45:28,884 [ERROR] LogOutputStream:75 - [STDERR_REDIRECT] 
2025-08-11 21:45:29,893 [ERROR] LogOutputStream:75 - [STDERR_REDIRECT] [Fatal Error] :1:1: Premature end of file.
2025-08-11 21:45:29,893 [ERROR] LogOutputStream:75 - [STDERR_REDIRECT] 
2025-08-11 21:45:30,881 [ERROR] LogOutputStream:75 - [STDERR_REDIRECT] [Fatal Error] :1:1: Premature end of file.
2025-08-11 21:45:30,881 [ERROR] LogOutputStream:75 - [STDERR_REDIRECT] 
2025-08-11 21:45:31,893 [ERROR] LogOutputStream:75 - [STDERR_REDIRECT] [Fatal Error] :1:1: Premature end of file.
2025-08-11 21:45:31,893 [ERROR] LogOutputStream:75 - [STDERR_REDIRECT] 
2025-08-11 21:45:32,895 [ERROR] LogOutputStream:75 - [STDERR_REDIRECT] [Fatal Error] :1:1: Premature end of file.
2025-08-11 21:45:32,896 [ERROR] LogOutputStream:75 - [STDERR_REDIRECT] 
2025-08-11 21:45:33,889 [ERROR] LogOutputStream:75 - [STDERR_REDIRECT] [Fatal Error] :1:1: Premature end of file.
2025-08-11 21:45:33,889 [ERROR] LogOutputStream:75 - [STDERR_REDIRECT] 
2025-08-11 21:45:34,893 [ERROR] LogOutputStream:75 - [STDERR_REDIRECT] [Fatal Error] :1:1: Premature end of file.
2025-08-11 21:45:34,893 [ERROR] LogOutputStream:75 - [STDERR_REDIRECT] 
2025-08-11 21:45:35,876 [ERROR] LogOutputStream:75 - [STDERR_REDIRECT] [Fatal Error] :1:1: Premature end of file.
2025-08-11 21:45:35,877 [ERROR] LogOutputStream:75 - [STDERR_REDIRECT] 
2025-08-11 21:45:36,884 [ERROR] LogOutputStream:75 - [STDERR_REDIRECT] [Fatal Error] :1:1: Premature end of file.
2025-08-11 21:45:36,885 [ERROR] LogOutputStream:75 - [STDERR_REDIRECT] 
2025-08-11 21:45:37,896 [ERROR] LogOutputStream:75 - [STDERR_REDIRECT] [Fatal Error] :1:1: Premature end of file.
2025-08-11 21:45:37,897 [ERROR] LogOutputStream:75 - [STDERR_REDIRECT] 
2025-08-11 21:45:38,880 [ERROR] LogOutputStream:75 - [STDERR_REDIRECT] [Fatal Error] :1:1: Premature end of file.
2025-08-11 21:45:38,881 [ERROR] LogOutputStream:75 - [STDERR_REDIRECT] 
2025-08-11 21:45:39,881 [ERROR] LogOutputStream:75 - [STDERR_REDIRECT] [Fatal Error] :1:1: Premature end of file.
2025-08-11 21:45:39,881 [ERROR] LogOutputStream:75 - [STDERR_REDIRECT] 
2025-08-11 21:45:40,883 [ERROR] LogOutputStream:75 - [STDERR_REDIRECT] [Fatal Error] :1:1: Premature end of file.
2025-08-11 21:45:40,884 [ERROR] LogOutputStream:75 - [STDERR_REDIRECT] 
2025-08-11 21:45:41,896 [ERROR] LogOutputStream:75 - [STDERR_REDIRECT] [Fatal Error] :1:1: Premature end of file.
2025-08-11 21:45:41,896 [ERROR] LogOutputStream:75 - [STDERR_REDIRECT] 
2025-08-11 21:45:42,881 [ERROR] LogOutputStream:75 - [STDERR_REDIRECT] [Fatal Error] :1:1: Premature end of file.
2025-08-11 21:45:42,881 [ERROR] LogOutputStream:75 - [STDERR_REDIRECT] 
2025-08-11 21:45:43,887 [ERROR] LogOutputStream:75 - [STDERR_REDIRECT] [Fatal Error] :1:1: Premature end of file.
2025-08-11 21:45:43,887 [ERROR] LogOutputStream:75 - [STDERR_REDIRECT] 
2025-08-11 21:45:44,890 [ERROR] LogOutputStream:75 - [STDERR_REDIRECT] [Fatal Error] :1:1: Premature end of file.
2025-08-11 21:45:44,890 [ERROR] LogOutputStream:75 - [STDERR_REDIRECT] 
2025-08-11 21:45:45,888 [ERROR] LogOutputStream:75 - [STDERR_REDIRECT] [Fatal Error] :1:1: Premature end of file.
2025-08-11 21:45:45,888 [ERROR] LogOutputStream:75 - [STDERR_REDIRECT] 
2025-08-11 21:45:46,886 [ERROR] LogOutputStream:75 - [STDERR_REDIRECT] [Fatal Error] :1:1: Premature end of file.
2025-08-11 21:45:46,887 [ERROR] LogOutputStream:75 - [STDERR_REDIRECT] 
2025-08-11 21:45:47,879 [ERROR] LogOutputStream:75 - [STDERR_REDIRECT] [Fatal Error] :1:1: Premature end of file.
2025-08-11 21:45:47,880 [ERROR] LogOutputStream:75 - [STDERR_REDIRECT] 
2025-08-11 21:45:48,885 [ERROR] LogOutputStream:75 - [STDERR_REDIRECT] [Fatal Error] :1:1: Premature end of file.
2025-08-11 21:45:48,885 [ERROR] LogOutputStream:75 - [STDERR_REDIRECT] 
2025-08-11 21:45:49,887 [ERROR] LogOutputStream:75 - [STDERR_REDIRECT] [Fatal Error] :1:1: Premature end of file.
2025-08-11 21:45:49,887 [ERROR] LogOutputStream:75 - [STDERR_REDIRECT] 
2025-08-11 21:45:50,883 [ERROR] LogOutputStream:75 - [STDERR_REDIRECT] [Fatal Error] :1:1: Premature end of file.
2025-08-11 21:45:50,883 [ERROR] LogOutputStream:75 - [STDERR_REDIRECT] 
2025-08-11 21:45:51,873 [ERROR] LogOutputStream:75 - [STDERR_REDIRECT] [Fatal Error] :1:1: Premature end of file.
2025-08-11 21:45:51,873 [ERROR] LogOutputStream:75 - [STDERR_REDIRECT] 
2025-08-11 21:45:52,893 [ERROR] LogOutputStream:75 - [STDERR_REDIRECT] [Fatal Error] :1:1: Premature end of file.
2025-08-11 21:45:52,894 [ERROR] LogOutputStream:75 - [STDERR_REDIRECT] 
2025-08-11 21:45:53,877 [ERROR] LogOutputStream:75 - [STDERR_REDIRECT] [Fatal Error] :1:1: Premature end of file.
2025-08-11 21:45:53,877 [ERROR] LogOutputStream:75 - [STDERR_REDIRECT] 
2025-08-11 21:45:54,890 [ERROR] LogOutputStream:75 - [STDERR_REDIRECT] [Fatal Error] :1:1: Premature end of file.
2025-08-11 21:45:54,890 [ERROR] LogOutputStream:75 - [STDERR_REDIRECT] 
2025-08-11 21:45:55,900 [ERROR] LogOutputStream:75 - [STDERR_REDIRECT] [Fatal Error] :1:1: Premature end of file.
2025-08-11 21:45:55,901 [ERROR] LogOutputStream:75 - [STDERR_REDIRECT] 
2025-08-11 21:45:56,882 [ERROR] LogOutputStream:75 - [STDERR_REDIRECT] [Fatal Error] :1:1: Premature end of file.
2025-08-11 21:45:56,883 [ERROR] LogOutputStream:75 - [STDERR_REDIRECT] 
2025-08-11 21:45:57,883 [ERROR] LogOutputStream:75 - [STDERR_REDIRECT] [Fatal Error] :1:1: Premature end of file.
2025-08-11 21:45:57,883 [ERROR] LogOutputStream:75 - [STDERR_REDIRECT] 
2025-08-11 21:45:58,886 [ERROR] LogOutputStream:75 - [STDERR_REDIRECT] [Fatal Error] :1:1: Premature end of file.
2025-08-11 21:45:58,886 [ERROR] LogOutputStream:75 - [STDERR_REDIRECT] 
2025-08-11 21:45:59,879 [ERROR] LogOutputStream:75 - [STDERR_REDIRECT] [Fatal Error] :1:1: Premature end of file.
2025-08-11 21:45:59,879 [ERROR] LogOutputStream:75 - [STDERR_REDIRECT] 
2025-08-11 21:46:00,913 [ERROR] LogOutputStream:75 - [STDERR_REDIRECT] [Fatal Error] :1:1: Premature end of file.
2025-08-11 21:46:00,913 [ERROR] LogOutputStream:75 - [STDERR_REDIRECT] 
2025-08-11 21:46:01,884 [ERROR] LogOutputStream:75 - [STDERR_REDIRECT] [Fatal Error] :1:1: Premature end of file.
2025-08-11 21:46:01,884 [ERROR] LogOutputStream:75 - [STDERR_REDIRECT] 
2025-08-11 21:46:02,878 [ERROR] LogOutputStream:75 - [STDERR_REDIRECT] [Fatal Error] :1:1: Premature end of file.
2025-08-11 21:46:02,879 [ERROR] LogOutputStream:75 - [STDERR_REDIRECT] 
2025-08-11 21:46:03,879 [ERROR] LogOutputStream:75 - [STDERR_REDIRECT] [Fatal Error] :1:1: Premature end of file.
2025-08-11 21:46:03,879 [ERROR] LogOutputStream:75 - [STDERR_REDIRECT] 
2025-08-11 21:46:04,882 [ERROR] LogOutputStream:75 - [STDERR_REDIRECT] [Fatal Error] :1:1: Premature end of file.
2025-08-11 21:46:04,882 [ERROR] LogOutputStream:75 - [STDERR_REDIRECT] 
2025-08-11 21:46:05,882 [ERROR] LogOutputStream:75 - [STDERR_REDIRECT] [Fatal Error] :1:1: Premature end of file.
2025-08-11 21:46:05,882 [ERROR] LogOutputStream:75 - [STDERR_REDIRECT] 
2025-08-11 21:46:06,877 [ERROR] LogOutputStream:75 - [STDERR_REDIRECT] [Fatal Error] :1:1: Premature end of file.
2025-08-11 21:46:06,878 [ERROR] LogOutputStream:75 - [STDERR_REDIRECT] 
2025-08-11 21:46:07,881 [ERROR] LogOutputStream:75 - [STDERR_REDIRECT] [Fatal Error] :1:1: Premature end of file.
2025-08-11 21:46:07,881 [ERROR] LogOutputStream:75 - [STDERR_REDIRECT] 
2025-08-11 21:46:08,893 [ERROR] LogOutputStream:75 - [STDERR_REDIRECT] [Fatal Error] :1:1: Premature end of file.
2025-08-11 21:46:08,894 [ERROR] LogOutputStream:75 - [STDERR_REDIRECT] 
2025-08-11 21:46:09,895 [ERROR] LogOutputStream:75 - [STDERR_REDIRECT] [Fatal Error] :1:1: Premature end of file.
2025-08-11 21:46:09,895 [ERROR] LogOutputStream:75 - [STDERR_REDIRECT] 
2025-08-11 21:46:10,882 [ERROR] LogOutputStream:75 - [STDERR_REDIRECT] [Fatal Error] :1:1: Premature end of file.
2025-08-11 21:46:10,884 [ERROR] LogOutputStream:75 - [STDERR_REDIRECT] 
2025-08-11 21:46:11,879 [ERROR] LogOutputStream:75 - [STDERR_REDIRECT] [Fatal Error] :1:1: Premature end of file.
2025-08-11 21:46:11,879 [ERROR] LogOutputStream:75 - [STDERR_REDIRECT] 
2025-08-11 21:46:12,880 [ERROR] LogOutputStream:75 - [STDERR_REDIRECT] [Fatal Error] :1:1: Premature end of file.
2025-08-11 21:46:12,881 [ERROR] LogOutputStream:75 - [STDERR_REDIRECT] 
2025-08-11 21:46:13,902 [ERROR] LogOutputStream:75 - [STDERR_REDIRECT] [Fatal Error] :1:1: Premature end of file.
2025-08-11 21:46:13,902 [ERROR] LogOutputStream:75 - [STDERR_REDIRECT] 
2025-08-11 21:46:14,878 [ERROR] LogOutputStream:75 - [STDERR_REDIRECT] [Fatal Error] :1:1: Premature end of file.
2025-08-11 21:46:14,878 [ERROR] LogOutputStream:75 - [STDERR_REDIRECT] 
2025-08-11 21:46:15,880 [ERROR] LogOutputStream:75 - [STDERR_REDIRECT] [Fatal Error] :1:1: Premature end of file.
2025-08-11 21:46:15,880 [ERROR] LogOutputStream:75 - [STDERR_REDIRECT] 
2025-08-11 21:46:16,888 [ERROR] LogOutputStream:75 - [STDERR_REDIRECT] [Fatal Error] :1:1: Premature end of file.
2025-08-11 21:46:16,888 [ERROR] LogOutputStream:75 - [STDERR_REDIRECT] 
2025-08-11 21:46:17,877 [ERROR] LogOutputStream:75 - [STDERR_REDIRECT] [Fatal Error] :1:1: Premature end of file.
2025-08-11 21:46:17,877 [ERROR] LogOutputStream:75 - [STDERR_REDIRECT] 
2025-08-11 21:46:18,883 [ERROR] LogOutputStream:75 - [STDERR_REDIRECT] [Fatal Error] :1:1: Premature end of file.
2025-08-11 21:46:18,884 [ERROR] LogOutputStream:75 - [STDERR_REDIRECT] 
2025-08-11 21:46:19,882 [ERROR] LogOutputStream:75 - [STDERR_REDIRECT] [Fatal Error] :1:1: Premature end of file.
2025-08-11 21:46:19,882 [ERROR] LogOutputStream:75 - [STDERR_REDIRECT] 
2025-08-11 21:46:20,879 [ERROR] LogOutputStream:75 - [STDERR_REDIRECT] [Fatal Error] :1:1: Premature end of file.
2025-08-11 21:46:20,880 [ERROR] LogOutputStream:75 - [STDERR_REDIRECT] 
2025-08-11 21:46:21,895 [ERROR] LogOutputStream:75 - [STDERR_REDIRECT] [Fatal Error] :1:1: Premature end of file.
2025-08-11 21:46:21,895 [ERROR] LogOutputStream:75 - [STDERR_REDIRECT] 
2025-08-11 21:46:22,886 [ERROR] LogOutputStream:75 - [STDERR_REDIRECT] [Fatal Error] :1:1: Premature end of file.
2025-08-11 21:46:22,886 [ERROR] LogOutputStream:75 - [STDERR_REDIRECT] 
2025-08-11 21:46:23,888 [ERROR] LogOutputStream:75 - [STDERR_REDIRECT] [Fatal Error] :1:1: Premature end of file.
2025-08-11 21:46:23,889 [ERROR] LogOutputStream:75 - [STDERR_REDIRECT] 
2025-08-11 21:46:24,888 [ERROR] LogOutputStream:75 - [STDERR_REDIRECT] [Fatal Error] :1:1: Premature end of file.
2025-08-11 21:46:24,889 [ERROR] LogOutputStream:75 - [STDERR_REDIRECT] 
2025-08-11 21:46:25,878 [ERROR] LogOutputStream:75 - [STDERR_REDIRECT] [Fatal Error] :1:1: Premature end of file.
2025-08-11 21:46:25,879 [ERROR] LogOutputStream:75 - [STDERR_REDIRECT] 
2025-08-11 21:46:26,879 [ERROR] LogOutputStream:75 - [STDERR_REDIRECT] [Fatal Error] :1:1: Premature end of file.
2025-08-11 21:46:26,879 [ERROR] LogOutputStream:75 - [STDERR_REDIRECT] 
2025-08-11 21:46:27,879 [ERROR] LogOutputStream:75 - [STDERR_REDIRECT] [Fatal Error] :1:1: Premature end of file.
2025-08-11 21:46:27,879 [ERROR] LogOutputStream:75 - [STDERR_REDIRECT] 
2025-08-11 21:46:28,897 [ERROR] LogOutputStream:75 - [STDERR_REDIRECT] [Fatal Error] :1:1: Premature end of file.
2025-08-11 21:46:28,897 [ERROR] LogOutputStream:75 - [STDERR_REDIRECT] 
2025-08-11 21:46:29,879 [ERROR] LogOutputStream:75 - [STDERR_REDIRECT] [Fatal Error] :1:1: Premature end of file.
2025-08-11 21:46:29,880 [ERROR] LogOutputStream:75 - [STDERR_REDIRECT] 
2025-08-11 21:46:30,880 [ERROR] LogOutputStream:75 - [STDERR_REDIRECT] [Fatal Error] :1:1: Premature end of file.
2025-08-11 21:46:30,880 [ERROR] LogOutputStream:75 - [STDERR_REDIRECT] 
2025-08-11 21:46:31,878 [ERROR] LogOutputStream:75 - [STDERR_REDIRECT] [Fatal Error] :1:1: Premature end of file.
2025-08-11 21:46:31,878 [ERROR] LogOutputStream:75 - [STDERR_REDIRECT] 
2025-08-11 21:46:32,899 [ERROR] LogOutputStream:75 - [STDERR_REDIRECT] [Fatal Error] :1:1: Premature end of file.
2025-08-11 21:46:32,899 [ERROR] LogOutputStream:75 - [STDERR_REDIRECT] 
2025-08-11 21:46:33,939 [ERROR] LogOutputStream:75 - [STDERR_REDIRECT] [Fatal Error] :1:1: Premature end of file.
2025-08-11 21:46:33,940 [ERROR] LogOutputStream:75 - [STDERR_REDIRECT] 
2025-08-11 21:46:34,885 [ERROR] LogOutputStream:75 - [STDERR_REDIRECT] [Fatal Error] :1:1: Premature end of file.
2025-08-11 21:46:34,886 [ERROR] LogOutputStream:75 - [STDERR_REDIRECT] 
2025-08-11 21:46:35,879 [ERROR] LogOutputStream:75 - [STDERR_REDIRECT] [Fatal Error] :1:1: Premature end of file.
2025-08-11 21:46:35,879 [ERROR] LogOutputStream:75 - [STDERR_REDIRECT] 
2025-08-11 21:46:36,907 [ERROR] LogOutputStream:75 - [STDERR_REDIRECT] [Fatal Error] :1:1: Premature end of file.
2025-08-11 21:46:36,907 [ERROR] LogOutputStream:75 - [STDERR_REDIRECT] 
2025-08-11 21:46:37,880 [ERROR] LogOutputStream:75 - [STDERR_REDIRECT] [Fatal Error] :1:1: Premature end of file.
2025-08-11 21:46:37,881 [ERROR] LogOutputStream:75 - [STDERR_REDIRECT] 
2025-08-11 21:46:38,879 [ERROR] LogOutputStream:75 - [STDERR_REDIRECT] [Fatal Error] :1:1: Premature end of file.
2025-08-11 21:46:38,879 [ERROR] LogOutputStream:75 - [STDERR_REDIRECT] 
2025-08-11 21:46:39,880 [ERROR] LogOutputStream:75 - [STDERR_REDIRECT] [Fatal Error] :1:1: Premature end of file.
2025-08-11 21:46:39,881 [ERROR] LogOutputStream:75 - [STDERR_REDIRECT] 
2025-08-11 21:46:40,895 [ERROR] LogOutputStream:75 - [STDERR_REDIRECT] [Fatal Error] :1:1: Premature end of file.
2025-08-11 21:46:40,895 [ERROR] LogOutputStream:75 - [STDERR_REDIRECT] 
2025-08-11 21:46:41,896 [ERROR] LogOutputStream:75 - [STDERR_REDIRECT] [Fatal Error] :1:1: Premature end of file.
2025-08-11 21:46:41,896 [ERROR] LogOutputStream:75 - [STDERR_REDIRECT] 
2025-08-11 21:46:42,887 [ERROR] LogOutputStream:75 - [STDERR_REDIRECT] [Fatal Error] :1:1: Premature end of file.
2025-08-11 21:46:42,887 [ERROR] LogOutputStream:75 - [STDERR_REDIRECT] 
2025-08-11 21:46:43,911 [ERROR] LogOutputStream:75 - [STDERR_REDIRECT] [Fatal Error] :1:1: Premature end of file.
2025-08-11 21:46:43,912 [ERROR] LogOutputStream:75 - [STDERR_REDIRECT] 
2025-08-11 21:46:44,885 [ERROR] LogOutputStream:75 - [STDERR_REDIRECT] [Fatal Error] :1:1: Premature end of file.
2025-08-11 21:46:44,885 [ERROR] LogOutputStream:75 - [STDERR_REDIRECT] 
2025-08-11 21:46:45,893 [ERROR] LogOutputStream:75 - [STDERR_REDIRECT] [Fatal Error] :1:1: Premature end of file.
2025-08-11 21:46:45,893 [ERROR] LogOutputStream:75 - [STDERR_REDIRECT] 
2025-08-11 21:46:46,880 [ERROR] LogOutputStream:75 - [STDERR_REDIRECT] [Fatal Error] :1:1: Premature end of file.
2025-08-11 21:46:46,880 [ERROR] LogOutputStream:75 - [STDERR_REDIRECT] 
2025-08-11 21:46:47,890 [ERROR] LogOutputStream:75 - [STDERR_REDIRECT] [Fatal Error] :1:1: Premature end of file.
2025-08-11 21:46:47,890 [ERROR] LogOutputStream:75 - [STDERR_REDIRECT] 
2025-08-11 21:46:48,892 [ERROR] LogOutputStream:75 - [STDERR_REDIRECT] [Fatal Error] :1:1: Premature end of file.
2025-08-11 21:46:48,892 [ERROR] LogOutputStream:75 - [STDERR_REDIRECT] 
2025-08-11 21:46:49,892 [ERROR] LogOutputStream:75 - [STDERR_REDIRECT] [Fatal Error] :1:1: Premature end of file.
2025-08-11 21:46:49,892 [ERROR] LogOutputStream:75 - [STDERR_REDIRECT] 
2025-08-11 21:46:50,884 [ERROR] LogOutputStream:75 - [STDERR_REDIRECT] [Fatal Error] :1:1: Premature end of file.
2025-08-11 21:46:50,884 [ERROR] LogOutputStream:75 - [STDERR_REDIRECT] 
2025-08-11 21:46:51,879 [ERROR] LogOutputStream:75 - [STDERR_REDIRECT] [Fatal Error] :1:1: Premature end of file.
2025-08-11 21:46:51,879 [ERROR] LogOutputStream:75 - [STDERR_REDIRECT] 
2025-08-11 21:46:52,877 [ERROR] LogOutputStream:75 - [STDERR_REDIRECT] [Fatal Error] :1:1: Premature end of file.
2025-08-11 21:46:52,877 [ERROR] LogOutputStream:75 - [STDERR_REDIRECT] 
2025-08-11 21:46:53,893 [ERROR] LogOutputStream:75 - [STDERR_REDIRECT] [Fatal Error] :1:1: Premature end of file.
2025-08-11 21:46:53,893 [ERROR] LogOutputStream:75 - [STDERR_REDIRECT] 
2025-08-11 21:46:54,890 [ERROR] LogOutputStream:75 - [STDERR_REDIRECT] [Fatal Error] :1:1: Premature end of file.
2025-08-11 21:46:54,891 [ERROR] LogOutputStream:75 - [STDERR_REDIRECT] 
2025-08-11 21:46:55,893 [ERROR] LogOutputStream:75 - [STDERR_REDIRECT] [Fatal Error] :1:1: Premature end of file.
2025-08-11 21:46:55,893 [ERROR] LogOutputStream:75 - [STDERR_REDIRECT] 
2025-08-11 21:46:56,894 [ERROR] LogOutputStream:75 - [STDERR_REDIRECT] [Fatal Error] :1:1: Premature end of file.
2025-08-11 21:46:56,894 [ERROR] LogOutputStream:75 - [STDERR_REDIRECT] 
2025-08-11 21:46:57,881 [ERROR] LogOutputStream:75 - [STDERR_REDIRECT] [Fatal Error] :1:1: Premature end of file.
2025-08-11 21:46:57,881 [ERROR] LogOutputStream:75 - [STDERR_REDIRECT] 
2025-08-11 21:46:58,893 [ERROR] LogOutputStream:75 - [STDERR_REDIRECT] [Fatal Error] :1:1: Premature end of file.
2025-08-11 21:46:58,893 [ERROR] LogOutputStream:75 - [STDERR_REDIRECT] 
2025-08-11 21:46:59,894 [ERROR] LogOutputStream:75 - [STDERR_REDIRECT] [Fatal Error] :1:1: Premature end of file.
2025-08-11 21:46:59,895 [ERROR] LogOutputStream:75 - [STDERR_REDIRECT] 
2025-08-11 21:47:00,877 [ERROR] LogOutputStream:75 - [STDERR_REDIRECT] [Fatal Error] :1:1: Premature end of file.
2025-08-11 21:47:00,877 [ERROR] LogOutputStream:75 - [STDERR_REDIRECT] 
2025-08-11 21:47:01,892 [ERROR] LogOutputStream:75 - [STDERR_REDIRECT] [Fatal Error] :1:1: Premature end of file.
2025-08-11 21:47:01,892 [ERROR] LogOutputStream:75 - [STDERR_REDIRECT] 
2025-08-11 21:47:02,881 [ERROR] LogOutputStream:75 - [STDERR_REDIRECT] [Fatal Error] :1:1: Premature end of file.
2025-08-11 21:47:02,881 [ERROR] LogOutputStream:75 - [STDERR_REDIRECT] 
2025-08-11 21:47:03,936 [ERROR] LogOutputStream:75 - [STDERR_REDIRECT] [Fatal Error] :1:1: Premature end of file.
2025-08-11 21:47:03,937 [ERROR] LogOutputStream:75 - [STDERR_REDIRECT] 
2025-08-11 21:47:04,878 [ERROR] LogOutputStream:75 - [STDERR_REDIRECT] [Fatal Error] :1:1: Premature end of file.
2025-08-11 21:47:04,879 [ERROR] LogOutputStream:75 - [STDERR_REDIRECT] 
2025-08-11 21:47:05,887 [ERROR] LogOutputStream:75 - [STDERR_REDIRECT] [Fatal Error] :1:1: Premature end of file.
2025-08-11 21:47:05,887 [ERROR] LogOutputStream:75 - [STDERR_REDIRECT] 
2025-08-11 21:47:06,893 [ERROR] LogOutputStream:75 - [STDERR_REDIRECT] [Fatal Error] :1:1: Premature end of file.
2025-08-11 21:47:06,894 [ERROR] LogOutputStream:75 - [STDERR_REDIRECT] 
2025-08-11 21:47:07,885 [ERROR] LogOutputStream:75 - [STDERR_REDIRECT] [Fatal Error] :1:1: Premature end of file.
2025-08-11 21:47:07,885 [ERROR] LogOutputStream:75 - [STDERR_REDIRECT] 
2025-08-11 21:47:08,888 [ERROR] LogOutputStream:75 - [STDERR_REDIRECT] [Fatal Error] :1:1: Premature end of file.
2025-08-11 21:47:08,888 [ERROR] LogOutputStream:75 - [STDERR_REDIRECT] 
2025-08-11 21:47:09,892 [ERROR] LogOutputStream:75 - [STDERR_REDIRECT] [Fatal Error] :1:1: Premature end of file.
2025-08-11 21:47:09,892 [ERROR] LogOutputStream:75 - [STDERR_REDIRECT] 
2025-08-11 21:47:10,889 [ERROR] LogOutputStream:75 - [STDERR_REDIRECT] [Fatal Error] :1:1: Premature end of file.
2025-08-11 21:47:10,889 [ERROR] LogOutputStream:75 - [STDERR_REDIRECT] 
2025-08-11 21:47:11,895 [ERROR] LogOutputStream:75 - [STDERR_REDIRECT] [Fatal Error] :1:1: Premature end of file.
2025-08-11 21:47:11,895 [ERROR] LogOutputStream:75 - [STDERR_REDIRECT] 
2025-08-11 21:47:12,877 [ERROR] LogOutputStream:75 - [STDERR_REDIRECT] [Fatal Error] :1:1: Premature end of file.
2025-08-11 21:47:12,878 [ERROR] LogOutputStream:75 - [STDERR_REDIRECT] 
2025-08-11 21:47:13,897 [ERROR] LogOutputStream:75 - [STDERR_REDIRECT] [Fatal Error] :1:1: Premature end of file.
2025-08-11 21:47:13,897 [ERROR] LogOutputStream:75 - [STDERR_REDIRECT] 
2025-08-11 21:47:14,874 [ERROR] LogOutputStream:75 - [STDERR_REDIRECT] [Fatal Error] :1:1: Premature end of file.
2025-08-11 21:47:14,874 [ERROR] LogOutputStream:75 - [STDERR_REDIRECT] 
2025-08-11 21:47:15,880 [ERROR] LogOutputStream:75 - [STDERR_REDIRECT] [Fatal Error] :1:1: Premature end of file.
2025-08-11 21:47:15,880 [ERROR] LogOutputStream:75 - [STDERR_REDIRECT] 
2025-08-11 21:47:16,895 [ERROR] LogOutputStream:75 - [STDERR_REDIRECT] [Fatal Error] :1:1: Premature end of file.
2025-08-11 21:47:16,895 [ERROR] LogOutputStream:75 - [STDERR_REDIRECT] 
2025-08-11 21:47:17,876 [ERROR] LogOutputStream:75 - [STDERR_REDIRECT] [Fatal Error] :1:1: Premature end of file.
2025-08-11 21:47:17,876 [ERROR] LogOutputStream:75 - [STDERR_REDIRECT] 
2025-08-11 21:47:18,892 [ERROR] LogOutputStream:75 - [STDERR_REDIRECT] [Fatal Error] :1:1: Premature end of file.
2025-08-11 21:47:18,892 [ERROR] LogOutputStream:75 - [STDERR_REDIRECT] 
2025-08-11 21:47:19,889 [ERROR] LogOutputStream:75 - [STDERR_REDIRECT] [Fatal Error] :1:1: Premature end of file.
2025-08-11 21:47:19,889 [ERROR] LogOutputStream:75 - [STDERR_REDIRECT] 
2025-08-11 21:47:20,897 [ERROR] LogOutputStream:75 - [STDERR_REDIRECT] [Fatal Error] :1:1: Premature end of file.
2025-08-11 21:47:20,897 [ERROR] LogOutputStream:75 - [STDERR_REDIRECT] 
2025-08-11 21:47:21,881 [ERROR] LogOutputStream:75 - [STDERR_REDIRECT] [Fatal Error] :1:1: Premature end of file.
2025-08-11 21:47:21,881 [ERROR] LogOutputStream:75 - [STDERR_REDIRECT] 
2025-08-11 21:47:22,893 [ERROR] LogOutputStream:75 - [STDERR_REDIRECT] [Fatal Error] :1:1: Premature end of file.
2025-08-11 21:47:22,894 [ERROR] LogOutputStream:75 - [STDERR_REDIRECT] 
2025-08-11 21:47:23,895 [ERROR] LogOutputStream:75 - [STDERR_REDIRECT] [Fatal Error] :1:1: Premature end of file.
2025-08-11 21:47:23,895 [ERROR] LogOutputStream:75 - [STDERR_REDIRECT] 
2025-08-11 21:47:24,878 [ERROR] LogOutputStream:75 - [STDERR_REDIRECT] [Fatal Error] :1:1: Premature end of file.
2025-08-11 21:47:24,878 [ERROR] LogOutputStream:75 - [STDERR_REDIRECT] 
2025-08-11 21:47:25,876 [ERROR] LogOutputStream:75 - [STDERR_REDIRECT] [Fatal Error] :1:1: Premature end of file.
2025-08-11 21:47:25,876 [ERROR] LogOutputStream:75 - [STDERR_REDIRECT] 
2025-08-11 21:47:26,884 [ERROR] LogOutputStream:75 - [STDERR_REDIRECT] [Fatal Error] :1:1: Premature end of file.
2025-08-11 21:47:26,884 [ERROR] LogOutputStream:75 - [STDERR_REDIRECT] 
2025-08-11 21:47:27,896 [ERROR] LogOutputStream:75 - [STDERR_REDIRECT] [Fatal Error] :1:1: Premature end of file.
2025-08-11 21:47:27,896 [ERROR] LogOutputStream:75 - [STDERR_REDIRECT] 
2025-08-11 21:47:28,896 [ERROR] LogOutputStream:75 - [STDERR_REDIRECT] [Fatal Error] :1:1: Premature end of file.
2025-08-11 21:47:28,896 [ERROR] LogOutputStream:75 - [STDERR_REDIRECT] 
2025-08-11 21:47:29,896 [ERROR] LogOutputStream:75 - [STDERR_REDIRECT] [Fatal Error] :1:1: Premature end of file.
2025-08-11 21:47:29,896 [ERROR] LogOutputStream:75 - [STDERR_REDIRECT] 
2025-08-11 21:47:30,895 [ERROR] LogOutputStream:75 - [STDERR_REDIRECT] [Fatal Error] :1:1: Premature end of file.
2025-08-11 21:47:30,895 [ERROR] LogOutputStream:75 - [STDERR_REDIRECT] 
2025-08-11 21:47:31,898 [ERROR] LogOutputStream:75 - [STDERR_REDIRECT] [Fatal Error] :1:1: Premature end of file.
2025-08-11 21:47:31,898 [ERROR] LogOutputStream:75 - [STDERR_REDIRECT] 
2025-08-11 21:47:32,894 [ERROR] LogOutputStream:75 - [STDERR_REDIRECT] [Fatal Error] :1:1: Premature end of file.
2025-08-11 21:47:32,895 [ERROR] LogOutputStream:75 - [STDERR_REDIRECT] 
2025-08-11 21:47:33,895 [ERROR] LogOutputStream:75 - [STDERR_REDIRECT] [Fatal Error] :1:1: Premature end of file.
2025-08-11 21:47:33,895 [ERROR] LogOutputStream:75 - [STDERR_REDIRECT] 
2025-08-11 21:47:34,895 [ERROR] LogOutputStream:75 - [STDERR_REDIRECT] [Fatal Error] :1:1: Premature end of file.
2025-08-11 21:47:34,895 [ERROR] LogOutputStream:75 - [STDERR_REDIRECT] 
2025-08-11 21:47:35,893 [ERROR] LogOutputStream:75 - [STDERR_REDIRECT] [Fatal Error] :1:1: Premature end of file.
2025-08-11 21:47:35,893 [ERROR] LogOutputStream:75 - [STDERR_REDIRECT] 
2025-08-11 21:47:36,885 [ERROR] LogOutputStream:75 - [STDERR_REDIRECT] [Fatal Error] :1:1: Premature end of file.
2025-08-11 21:47:36,885 [ERROR] LogOutputStream:75 - [STDERR_REDIRECT] 
2025-08-11 21:47:37,895 [ERROR] LogOutputStream:75 - [STDERR_REDIRECT] [Fatal Error] :1:1: Premature end of file.
2025-08-11 21:47:37,895 [ERROR] LogOutputStream:75 - [STDERR_REDIRECT] 
2025-08-11 21:47:38,895 [ERROR] LogOutputStream:75 - [STDERR_REDIRECT] [Fatal Error] :1:1: Premature end of file.
2025-08-11 21:47:38,895 [ERROR] LogOutputStream:75 - [STDERR_REDIRECT] 
2025-08-11 21:47:39,895 [ERROR] LogOutputStream:75 - [STDERR_REDIRECT] [Fatal Error] :1:1: Premature end of file.
2025-08-11 21:47:39,895 [ERROR] LogOutputStream:75 - [STDERR_REDIRECT] 
2025-08-11 21:47:40,890 [ERROR] LogOutputStream:75 - [STDERR_REDIRECT] [Fatal Error] :1:1: Premature end of file.
2025-08-11 21:47:40,890 [ERROR] LogOutputStream:75 - [STDERR_REDIRECT] 
2025-08-11 21:47:41,895 [ERROR] LogOutputStream:75 - [STDERR_REDIRECT] [Fatal Error] :1:1: Premature end of file.
2025-08-11 21:47:41,895 [ERROR] LogOutputStream:75 - [STDERR_REDIRECT] 
2025-08-11 21:47:42,894 [ERROR] LogOutputStream:75 - [STDERR_REDIRECT] [Fatal Error] :1:1: Premature end of file.
2025-08-11 21:47:42,895 [ERROR] LogOutputStream:75 - [STDERR_REDIRECT] 
2025-08-11 21:47:43,894 [ERROR] LogOutputStream:75 - [STDERR_REDIRECT] [Fatal Error] :1:1: Premature end of file.
2025-08-11 21:47:43,894 [ERROR] LogOutputStream:75 - [STDERR_REDIRECT] 
2025-08-11 21:47:44,895 [ERROR] LogOutputStream:75 - [STDERR_REDIRECT] [Fatal Error] :1:1: Premature end of file.
2025-08-11 21:47:44,895 [ERROR] LogOutputStream:75 - [STDERR_REDIRECT] 
2025-08-11 21:47:45,895 [ERROR] LogOutputStream:75 - [STDERR_REDIRECT] [Fatal Error] :1:1: Premature end of file.
2025-08-11 21:47:45,895 [ERROR] LogOutputStream:75 - [STDERR_REDIRECT] 
2025-08-11 21:47:46,964 [ERROR] LogOutputStream:75 - [STDERR_REDIRECT] [Fatal Error] :1:1: Premature end of file.
2025-08-11 21:47:46,965 [ERROR] LogOutputStream:75 - [STDERR_REDIRECT] 
2025-08-11 21:47:47,893 [ERROR] LogOutputStream:75 - [STDERR_REDIRECT] [Fatal Error] :1:1: Premature end of file.
2025-08-11 21:47:47,893 [ERROR] LogOutputStream:75 - [STDERR_REDIRECT] 
2025-08-11 21:47:48,888 [ERROR] LogOutputStream:75 - [STDERR_REDIRECT] [Fatal Error] :1:1: Premature end of file.
2025-08-11 21:47:48,888 [ERROR] LogOutputStream:75 - [STDERR_REDIRECT] 
2025-08-11 21:47:49,893 [ERROR] LogOutputStream:75 - [STDERR_REDIRECT] [Fatal Error] :1:1: Premature end of file.
2025-08-11 21:47:49,893 [ERROR] LogOutputStream:75 - [STDERR_REDIRECT] 
2025-08-11 21:47:50,880 [ERROR] LogOutputStream:75 - [STDERR_REDIRECT] [Fatal Error] :1:1: Premature end of file.
2025-08-11 21:47:50,881 [ERROR] LogOutputStream:75 - [STDERR_REDIRECT] 
2025-08-11 21:47:51,895 [ERROR] LogOutputStream:75 - [STDERR_REDIRECT] [Fatal Error] :1:1: Premature end of file.
2025-08-11 21:47:51,895 [ERROR] LogOutputStream:75 - [STDERR_REDIRECT] 
2025-08-11 21:47:52,895 [ERROR] LogOutputStream:75 - [STDERR_REDIRECT] [Fatal Error] :1:1: Premature end of file.
2025-08-11 21:47:52,895 [ERROR] LogOutputStream:75 - [STDERR_REDIRECT] 
2025-08-11 21:47:53,893 [ERROR] LogOutputStream:75 - [STDERR_REDIRECT] [Fatal Error] :1:1: Premature end of file.
2025-08-11 21:47:53,893 [ERROR] LogOutputStream:75 - [STDERR_REDIRECT] 
2025-08-11 21:47:54,888 [ERROR] LogOutputStream:75 - [STDERR_REDIRECT] [Fatal Error] :1:1: Premature end of file.
2025-08-11 21:47:54,888 [ERROR] LogOutputStream:75 - [STDERR_REDIRECT] 
2025-08-11 21:47:55,878 [ERROR] LogOutputStream:75 - [STDERR_REDIRECT] [Fatal Error] :1:1: Premature end of file.
2025-08-11 21:47:55,878 [ERROR] LogOutputStream:75 - [STDERR_REDIRECT] 
2025-08-11 21:47:56,897 [ERROR] LogOutputStream:75 - [STDERR_REDIRECT] [Fatal Error] :1:1: Premature end of file.
2025-08-11 21:47:56,898 [ERROR] LogOutputStream:75 - [STDERR_REDIRECT] 
2025-08-11 21:47:57,878 [ERROR] LogOutputStream:75 - [STDERR_REDIRECT] [Fatal Error] :1:1: Premature end of file.
2025-08-11 21:47:57,878 [ERROR] LogOutputStream:75 - [STDERR_REDIRECT] 
2025-08-11 21:47:58,897 [ERROR] LogOutputStream:75 - [STDERR_REDIRECT] [Fatal Error] :1:1: Premature end of file.
2025-08-11 21:47:58,898 [ERROR] LogOutputStream:75 - [STDERR_REDIRECT] 
2025-08-11 21:47:59,895 [ERROR] LogOutputStream:75 - [STDERR_REDIRECT] [Fatal Error] :1:1: Premature end of file.
2025-08-11 21:47:59,896 [ERROR] LogOutputStream:75 - [STDERR_REDIRECT] 
2025-08-11 21:48:00,891 [ERROR] LogOutputStream:75 - [STDERR_REDIRECT] [Fatal Error] :1:1: Premature end of file.
2025-08-11 21:48:00,891 [ERROR] LogOutputStream:75 - [STDERR_REDIRECT] 
2025-08-11 21:48:01,894 [ERROR] LogOutputStream:75 - [STDERR_REDIRECT] [Fatal Error] :1:1: Premature end of file.
2025-08-11 21:48:01,895 [ERROR] LogOutputStream:75 - [STDERR_REDIRECT] 
2025-08-11 21:48:02,884 [ERROR] LogOutputStream:75 - [STDERR_REDIRECT] [Fatal Error] :1:1: Premature end of file.
2025-08-11 21:48:02,885 [ERROR] LogOutputStream:75 - [STDERR_REDIRECT] 
2025-08-11 21:48:03,880 [ERROR] LogOutputStream:75 - [STDERR_REDIRECT] [Fatal Error] :1:1: Premature end of file.
2025-08-11 21:48:03,880 [ERROR] LogOutputStream:75 - [STDERR_REDIRECT] 
2025-08-11 21:48:04,882 [ERROR] LogOutputStream:75 - [STDERR_REDIRECT] [Fatal Error] :1:1: Premature end of file.
2025-08-11 21:48:04,882 [ERROR] LogOutputStream:75 - [STDERR_REDIRECT] 
2025-08-11 21:48:05,897 [ERROR] LogOutputStream:75 - [STDERR_REDIRECT] [Fatal Error] :1:1: Premature end of file.
2025-08-11 21:48:05,898 [ERROR] LogOutputStream:75 - [STDERR_REDIRECT] 
2025-08-11 21:48:06,896 [ERROR] LogOutputStream:75 - [STDERR_REDIRECT] [Fatal Error] :1:1: Premature end of file.
2025-08-11 21:48:06,896 [ERROR] LogOutputStream:75 - [STDERR_REDIRECT] 
2025-08-11 21:48:07,888 [ERROR] LogOutputStream:75 - [STDERR_REDIRECT] [Fatal Error] :1:1: Premature end of file.
2025-08-11 21:48:07,888 [ERROR] LogOutputStream:75 - [STDERR_REDIRECT] 
2025-08-11 21:48:08,896 [ERROR] LogOutputStream:75 - [STDERR_REDIRECT] [Fatal Error] :1:1: Premature end of file.
2025-08-11 21:48:08,896 [ERROR] LogOutputStream:75 - [STDERR_REDIRECT] 
2025-08-11 21:48:09,895 [ERROR] LogOutputStream:75 - [STDERR_REDIRECT] [Fatal Error] :1:1: Premature end of file.
2025-08-11 21:48:09,895 [ERROR] LogOutputStream:75 - [STDERR_REDIRECT] 
2025-08-11 21:48:10,885 [ERROR] LogOutputStream:75 - [STDERR_REDIRECT] [Fatal Error] :1:1: Premature end of file.
2025-08-11 21:48:10,885 [ERROR] LogOutputStream:75 - [STDERR_REDIRECT] 
2025-08-11 21:48:11,893 [ERROR] LogOutputStream:75 - [STDERR_REDIRECT] [Fatal Error] :1:1: Premature end of file.
2025-08-11 21:48:11,893 [ERROR] LogOutputStream:75 - [STDERR_REDIRECT] 
2025-08-11 21:48:12,895 [ERROR] LogOutputStream:75 - [STDERR_REDIRECT] [Fatal Error] :1:1: Premature end of file.
2025-08-11 21:48:12,896 [ERROR] LogOutputStream:75 - [STDERR_REDIRECT] 
2025-08-11 21:48:13,893 [ERROR] LogOutputStream:75 - [STDERR_REDIRECT] [Fatal Error] :1:1: Premature end of file.
2025-08-11 21:48:13,893 [ERROR] LogOutputStream:75 - [STDERR_REDIRECT] 
2025-08-11 21:48:14,880 [ERROR] LogOutputStream:75 - [STDERR_REDIRECT] [Fatal Error] :1:1: Premature end of file.
2025-08-11 21:48:14,880 [ERROR] LogOutputStream:75 - [STDERR_REDIRECT] 
2025-08-11 21:48:15,883 [ERROR] LogOutputStream:75 - [STDERR_REDIRECT] [Fatal Error] :1:1: Premature end of file.
2025-08-11 21:48:15,884 [ERROR] LogOutputStream:75 - [STDERR_REDIRECT] 
2025-08-11 21:48:16,899 [ERROR] LogOutputStream:75 - [STDERR_REDIRECT] [Fatal Error] :1:1: Premature end of file.
2025-08-11 21:48:16,899 [ERROR] LogOutputStream:75 - [STDERR_REDIRECT] 
2025-08-11 21:48:17,883 [ERROR] LogOutputStream:75 - [STDERR_REDIRECT] [Fatal Error] :1:1: Premature end of file.
2025-08-11 21:48:17,884 [ERROR] LogOutputStream:75 - [STDERR_REDIRECT] 
2025-08-11 21:48:18,886 [ERROR] LogOutputStream:75 - [STDERR_REDIRECT] [Fatal Error] :1:1: Premature end of file.
2025-08-11 21:48:18,886 [ERROR] LogOutputStream:75 - [STDERR_REDIRECT] 
2025-08-11 21:48:19,889 [ERROR] LogOutputStream:75 - [STDERR_REDIRECT] [Fatal Error] :1:1: Premature end of file.
2025-08-11 21:48:19,889 [ERROR] LogOutputStream:75 - [STDERR_REDIRECT] 
2025-08-11 21:48:20,877 [ERROR] LogOutputStream:75 - [STDERR_REDIRECT] [Fatal Error] :1:1: Premature end of file.
2025-08-11 21:48:20,877 [ERROR] LogOutputStream:75 - [STDERR_REDIRECT] 
2025-08-11 21:48:21,891 [ERROR] LogOutputStream:75 - [STDERR_REDIRECT] [Fatal Error] :1:1: Premature end of file.
2025-08-11 21:48:21,891 [ERROR] LogOutputStream:75 - [STDERR_REDIRECT] 
2025-08-11 21:48:22,880 [ERROR] LogOutputStream:75 - [STDERR_REDIRECT] [Fatal Error] :1:1: Premature end of file.
2025-08-11 21:48:22,880 [ERROR] LogOutputStream:75 - [STDERR_REDIRECT] 
2025-08-11 21:48:23,897 [ERROR] LogOutputStream:75 - [STDERR_REDIRECT] [Fatal Error] :1:1: Premature end of file.
2025-08-11 21:48:23,897 [ERROR] LogOutputStream:75 - [STDERR_REDIRECT] 
2025-08-11 21:48:24,893 [ERROR] LogOutputStream:75 - [STDERR_REDIRECT] [Fatal Error] :1:1: Premature end of file.
2025-08-11 21:48:24,893 [ERROR] LogOutputStream:75 - [STDERR_REDIRECT] 
2025-08-11 21:48:25,894 [ERROR] LogOutputStream:75 - [STDERR_REDIRECT] [Fatal Error] :1:1: Premature end of file.
2025-08-11 21:48:25,894 [ERROR] LogOutputStream:75 - [STDERR_REDIRECT] 
2025-08-11 21:48:26,893 [ERROR] LogOutputStream:75 - [STDERR_REDIRECT] [Fatal Error] :1:1: Premature end of file.
2025-08-11 21:48:26,894 [ERROR] LogOutputStream:75 - [STDERR_REDIRECT] 
2025-08-11 21:48:27,894 [ERROR] LogOutputStream:75 - [STDERR_REDIRECT] [Fatal Error] :1:1: Premature end of file.
2025-08-11 21:48:27,895 [ERROR] LogOutputStream:75 - [STDERR_REDIRECT] 
2025-08-11 21:48:28,894 [ERROR] LogOutputStream:75 - [STDERR_REDIRECT] [Fatal Error] :1:1: Premature end of file.
2025-08-11 21:48:28,895 [ERROR] LogOutputStream:75 - [STDERR_REDIRECT] 
2025-08-11 21:48:29,895 [ERROR] LogOutputStream:75 - [STDERR_REDIRECT] [Fatal Error] :1:1: Premature end of file.
2025-08-11 21:48:29,895 [ERROR] LogOutputStream:75 - [STDERR_REDIRECT] 
2025-08-11 21:48:30,893 [ERROR] LogOutputStream:75 - [STDERR_REDIRECT] [Fatal Error] :1:1: Premature end of file.
2025-08-11 21:48:30,893 [ERROR] LogOutputStream:75 - [STDERR_REDIRECT] 
2025-08-11 21:48:31,895 [ERROR] LogOutputStream:75 - [STDERR_REDIRECT] [Fatal Error] :1:1: Premature end of file.
2025-08-11 21:48:31,895 [ERROR] LogOutputStream:75 - [STDERR_REDIRECT] 
2025-08-11 21:48:32,904 [ERROR] LogOutputStream:75 - [STDERR_REDIRECT] [Fatal Error] :1:1: Premature end of file.
2025-08-11 21:48:32,904 [ERROR] LogOutputStream:75 - [STDERR_REDIRECT] 
2025-08-11 21:48:33,894 [ERROR] LogOutputStream:75 - [STDERR_REDIRECT] [Fatal Error] :1:1: Premature end of file.
2025-08-11 21:48:33,896 [ERROR] LogOutputStream:75 - [STDERR_REDIRECT] 
2025-08-11 21:48:34,892 [ERROR] LogOutputStream:75 - [STDERR_REDIRECT] [Fatal Error] :1:1: Premature end of file.
2025-08-11 21:48:34,892 [ERROR] LogOutputStream:75 - [STDERR_REDIRECT] 
2025-08-11 21:48:35,894 [ERROR] LogOutputStream:75 - [STDERR_REDIRECT] [Fatal Error] :1:1: Premature end of file.
2025-08-11 21:48:35,894 [ERROR] LogOutputStream:75 - [STDERR_REDIRECT] 
2025-08-11 21:48:36,883 [ERROR] LogOutputStream:75 - [STDERR_REDIRECT] [Fatal Error] :1:1: Premature end of file.
2025-08-11 21:48:36,884 [ERROR] LogOutputStream:75 - [STDERR_REDIRECT] 
2025-08-11 21:48:37,896 [ERROR] LogOutputStream:75 - [STDERR_REDIRECT] [Fatal Error] :1:1: Premature end of file.
2025-08-11 21:48:37,896 [ERROR] LogOutputStream:75 - [STDERR_REDIRECT] 
2025-08-11 21:48:38,893 [ERROR] LogOutputStream:75 - [STDERR_REDIRECT] [Fatal Error] :1:1: Premature end of file.
2025-08-11 21:48:38,893 [ERROR] LogOutputStream:75 - [STDERR_REDIRECT] 
2025-08-11 21:48:39,901 [ERROR] LogOutputStream:75 - [STDERR_REDIRECT] [Fatal Error] :1:1: Premature end of file.
2025-08-11 21:48:39,901 [ERROR] LogOutputStream:75 - [STDERR_REDIRECT] 
2025-08-11 21:48:40,891 [ERROR] LogOutputStream:75 - [STDERR_REDIRECT] [Fatal Error] :1:1: Premature end of file.
2025-08-11 21:48:40,891 [ERROR] LogOutputStream:75 - [STDERR_REDIRECT] 
2025-08-11 21:48:41,880 [ERROR] LogOutputStream:75 - [STDERR_REDIRECT] [Fatal Error] :1:1: Premature end of file.
2025-08-11 21:48:41,880 [ERROR] LogOutputStream:75 - [STDERR_REDIRECT] 
2025-08-11 21:48:42,880 [ERROR] LogOutputStream:75 - [STDERR_REDIRECT] [Fatal Error] :1:1: Premature end of file.
2025-08-11 21:48:42,880 [ERROR] LogOutputStream:75 - [STDERR_REDIRECT] 
2025-08-11 21:48:43,878 [ERROR] LogOutputStream:75 - [STDERR_REDIRECT] [Fatal Error] :1:1: Premature end of file.
2025-08-11 21:48:43,878 [ERROR] LogOutputStream:75 - [STDERR_REDIRECT] 
2025-08-11 21:48:44,883 [ERROR] LogOutputStream:75 - [STDERR_REDIRECT] [Fatal Error] :1:1: Premature end of file.
2025-08-11 21:48:44,884 [ERROR] LogOutputStream:75 - [STDERR_REDIRECT] 
2025-08-11 21:48:45,882 [ERROR] LogOutputStream:75 - [STDERR_REDIRECT] [Fatal Error] :1:1: Premature end of file.
2025-08-11 21:48:45,883 [ERROR] LogOutputStream:75 - [STDERR_REDIRECT] 
2025-08-11 21:48:46,878 [ERROR] LogOutputStream:75 - [STDERR_REDIRECT] [Fatal Error] :1:1: Premature end of file.
2025-08-11 21:48:46,878 [ERROR] LogOutputStream:75 - [STDERR_REDIRECT] 
2025-08-11 21:48:47,881 [ERROR] LogOutputStream:75 - [STDERR_REDIRECT] [Fatal Error] :1:1: Premature end of file.
2025-08-11 21:48:47,881 [ERROR] LogOutputStream:75 - [STDERR_REDIRECT] 
2025-08-11 21:48:48,892 [ERROR] LogOutputStream:75 - [STDERR_REDIRECT] [Fatal Error] :1:1: Premature end of file.
2025-08-11 21:48:48,893 [ERROR] LogOutputStream:75 - [STDERR_REDIRECT] 
2025-08-11 21:48:49,890 [ERROR] LogOutputStream:75 - [STDERR_REDIRECT] [Fatal Error] :1:1: Premature end of file.
2025-08-11 21:48:49,890 [ERROR] LogOutputStream:75 - [STDERR_REDIRECT] 
2025-08-11 21:48:50,889 [ERROR] LogOutputStream:75 - [STDERR_REDIRECT] [Fatal Error] :1:1: Premature end of file.
2025-08-11 21:48:50,889 [ERROR] LogOutputStream:75 - [STDERR_REDIRECT] 
2025-08-11 21:48:51,886 [ERROR] LogOutputStream:75 - [STDERR_REDIRECT] [Fatal Error] :1:1: Premature end of file.
2025-08-11 21:48:51,886 [ERROR] LogOutputStream:75 - [STDERR_REDIRECT] 
2025-08-11 21:48:52,892 [ERROR] LogOutputStream:75 - [STDERR_REDIRECT] [Fatal Error] :1:1: Premature end of file.
2025-08-11 21:48:52,892 [ERROR] LogOutputStream:75 - [STDERR_REDIRECT] 
2025-08-11 21:48:53,895 [ERROR] LogOutputStream:75 - [STDERR_REDIRECT] [Fatal Error] :1:1: Premature end of file.
2025-08-11 21:48:53,895 [ERROR] LogOutputStream:75 - [STDERR_REDIRECT] 
2025-08-11 21:48:54,896 [ERROR] LogOutputStream:75 - [STDERR_REDIRECT] [Fatal Error] :1:1: Premature end of file.
2025-08-11 21:48:54,897 [ERROR] LogOutputStream:75 - [STDERR_REDIRECT] 
2025-08-11 21:48:55,893 [ERROR] LogOutputStream:75 - [STDERR_REDIRECT] [Fatal Error] :1:1: Premature end of file.
2025-08-11 21:48:55,893 [ERROR] LogOutputStream:75 - [STDERR_REDIRECT] 
2025-08-11 21:48:56,880 [ERROR] LogOutputStream:75 - [STDERR_REDIRECT] [Fatal Error] :1:1: Premature end of file.
2025-08-11 21:48:56,880 [ERROR] LogOutputStream:75 - [STDERR_REDIRECT] 
2025-08-11 21:48:57,883 [ERROR] LogOutputStream:75 - [STDERR_REDIRECT] [Fatal Error] :1:1: Premature end of file.
2025-08-11 21:48:57,883 [ERROR] LogOutputStream:75 - [STDERR_REDIRECT] 
2025-08-11 21:48:58,889 [ERROR] LogOutputStream:75 - [STDERR_REDIRECT] [Fatal Error] :1:1: Premature end of file.
2025-08-11 21:48:58,889 [ERROR] LogOutputStream:75 - [STDERR_REDIRECT] 
2025-08-11 21:48:59,886 [ERROR] LogOutputStream:75 - [STDERR_REDIRECT] [Fatal Error] :1:1: Premature end of file.
2025-08-11 21:48:59,886 [ERROR] LogOutputStream:75 - [STDERR_REDIRECT] 
2025-08-11 21:49:00,880 [ERROR] LogOutputStream:75 - [STDERR_REDIRECT] [Fatal Error] :1:1: Premature end of file.
2025-08-11 21:49:00,881 [ERROR] LogOutputStream:75 - [STDERR_REDIRECT] 
2025-08-11 21:49:01,889 [ERROR] LogOutputStream:75 - [STDERR_REDIRECT] [Fatal Error] :1:1: Premature end of file.
2025-08-11 21:49:01,889 [ERROR] LogOutputStream:75 - [STDERR_REDIRECT] 
2025-08-11 21:49:02,882 [ERROR] LogOutputStream:75 - [STDERR_REDIRECT] [Fatal Error] :1:1: Premature end of file.
2025-08-11 21:49:02,882 [ERROR] LogOutputStream:75 - [STDERR_REDIRECT] 
2025-08-11 21:49:03,895 [ERROR] LogOutputStream:75 - [STDERR_REDIRECT] [Fatal Error] :1:1: Premature end of file.
2025-08-11 21:49:03,896 [ERROR] LogOutputStream:75 - [STDERR_REDIRECT] 
2025-08-11 21:49:04,894 [ERROR] LogOutputStream:75 - [STDERR_REDIRECT] [Fatal Error] :1:1: Premature end of file.
2025-08-11 21:49:04,894 [ERROR] LogOutputStream:75 - [STDERR_REDIRECT] 
2025-08-11 21:49:05,890 [ERROR] LogOutputStream:75 - [STDERR_REDIRECT] [Fatal Error] :1:1: Premature end of file.
2025-08-11 21:49:05,891 [ERROR] LogOutputStream:75 - [STDERR_REDIRECT] 
2025-08-11 21:49:06,894 [ERROR] LogOutputStream:75 - [STDERR_REDIRECT] [Fatal Error] :1:1: Premature end of file.
2025-08-11 21:49:06,895 [ERROR] LogOutputStream:75 - [STDERR_REDIRECT] 
2025-08-11 21:49:07,896 [ERROR] LogOutputStream:75 - [STDERR_REDIRECT] [Fatal Error] :1:1: Premature end of file.
2025-08-11 21:49:07,896 [ERROR] LogOutputStream:75 - [STDERR_REDIRECT] 
2025-08-11 21:49:08,881 [ERROR] LogOutputStream:75 - [STDERR_REDIRECT] [Fatal Error] :1:1: Premature end of file.
2025-08-11 21:49:08,882 [ERROR] LogOutputStream:75 - [STDERR_REDIRECT] 
2025-08-11 21:49:09,890 [ERROR] LogOutputStream:75 - [STDERR_REDIRECT] [Fatal Error] :1:1: Premature end of file.
2025-08-11 21:49:09,890 [ERROR] LogOutputStream:75 - [STDERR_REDIRECT] 
2025-08-11 21:49:10,895 [ERROR] LogOutputStream:75 - [STDERR_REDIRECT] [Fatal Error] :1:1: Premature end of file.
2025-08-11 21:49:10,895 [ERROR] LogOutputStream:75 - [STDERR_REDIRECT] 
2025-08-11 21:49:11,887 [ERROR] LogOutputStream:75 - [STDERR_REDIRECT] [Fatal Error] :1:1: Premature end of file.
2025-08-11 21:49:11,887 [ERROR] LogOutputStream:75 - [STDERR_REDIRECT] 
2025-08-11 21:49:12,893 [ERROR] LogOutputStream:75 - [STDERR_REDIRECT] [Fatal Error] :1:1: Premature end of file.
2025-08-11 21:49:12,893 [ERROR] LogOutputStream:75 - [STDERR_REDIRECT] 
2025-08-11 21:49:13,899 [ERROR] LogOutputStream:75 - [STDERR_REDIRECT] [Fatal Error] :1:1: Premature end of file.
2025-08-11 21:49:13,899 [ERROR] LogOutputStream:75 - [STDERR_REDIRECT] 
2025-08-11 21:49:14,894 [ERROR] LogOutputStream:75 - [STDERR_REDIRECT] [Fatal Error] :1:1: Premature end of file.
2025-08-11 21:49:14,894 [ERROR] LogOutputStream:75 - [STDERR_REDIRECT] 
2025-08-11 21:49:15,893 [ERROR] LogOutputStream:75 - [STDERR_REDIRECT] [Fatal Error] :1:1: Premature end of file.
2025-08-11 21:49:15,893 [ERROR] LogOutputStream:75 - [STDERR_REDIRECT] 
2025-08-11 21:49:16,892 [ERROR] LogOutputStream:75 - [STDERR_REDIRECT] [Fatal Error] :1:1: Premature end of file.
2025-08-11 21:49:16,892 [ERROR] LogOutputStream:75 - [STDERR_REDIRECT] 
2025-08-11 21:49:17,895 [ERROR] LogOutputStream:75 - [STDERR_REDIRECT] [Fatal Error] :1:1: Premature end of file.
2025-08-11 21:49:17,895 [ERROR] LogOutputStream:75 - [STDERR_REDIRECT] 
2025-08-11 21:49:18,895 [ERROR] LogOutputStream:75 - [STDERR_REDIRECT] [Fatal Error] :1:1: Premature end of file.
2025-08-11 21:49:18,896 [ERROR] LogOutputStream:75 - [STDERR_REDIRECT] 
2025-08-11 21:49:19,895 [ERROR] LogOutputStream:75 - [STDERR_REDIRECT] [Fatal Error] :1:1: Premature end of file.
2025-08-11 21:49:19,896 [ERROR] LogOutputStream:75 - [STDERR_REDIRECT] 
2025-08-11 21:49:20,889 [ERROR] LogOutputStream:75 - [STDERR_REDIRECT] [Fatal Error] :1:1: Premature end of file.
2025-08-11 21:49:20,889 [ERROR] LogOutputStream:75 - [STDERR_REDIRECT] 
2025-08-11 21:49:21,897 [ERROR] LogOutputStream:75 - [STDERR_REDIRECT] [Fatal Error] :1:1: Premature end of file.
2025-08-11 21:49:21,897 [ERROR] LogOutputStream:75 - [STDERR_REDIRECT] 
2025-08-11 21:49:22,895 [ERROR] LogOutputStream:75 - [STDERR_REDIRECT] [Fatal Error] :1:1: Premature end of file.
2025-08-11 21:49:22,895 [ERROR] LogOutputStream:75 - [STDERR_REDIRECT] 
2025-08-11 21:49:23,896 [ERROR] LogOutputStream:75 - [STDERR_REDIRECT] [Fatal Error] :1:1: Premature end of file.
2025-08-11 21:49:23,896 [ERROR] LogOutputStream:75 - [STDERR_REDIRECT] 
2025-08-11 21:49:24,880 [ERROR] LogOutputStream:75 - [STDERR_REDIRECT] [Fatal Error] :1:1: Premature end of file.
2025-08-11 21:49:24,880 [ERROR] LogOutputStream:75 - [STDERR_REDIRECT] 
2025-08-11 21:49:25,879 [ERROR] LogOutputStream:75 - [STDERR_REDIRECT] [Fatal Error] :1:1: Premature end of file.
2025-08-11 21:49:25,879 [ERROR] LogOutputStream:75 - [STDERR_REDIRECT] 
2025-08-11 21:49:26,892 [ERROR] LogOutputStream:75 - [STDERR_REDIRECT] [Fatal Error] :1:1: Premature end of file.
2025-08-11 21:49:26,892 [ERROR] LogOutputStream:75 - [STDERR_REDIRECT] 
2025-08-11 21:49:27,879 [ERROR] LogOutputStream:75 - [STDERR_REDIRECT] [Fatal Error] :1:1: Premature end of file.
2025-08-11 21:49:27,879 [ERROR] LogOutputStream:75 - [STDERR_REDIRECT] 
2025-08-11 21:49:28,879 [ERROR] LogOutputStream:75 - [STDERR_REDIRECT] [Fatal Error] :1:1: Premature end of file.
2025-08-11 21:49:28,880 [ERROR] LogOutputStream:75 - [STDERR_REDIRECT] 
2025-08-11 21:49:29,888 [ERROR] LogOutputStream:75 - [STDERR_REDIRECT] [Fatal Error] :1:1: Premature end of file.
2025-08-11 21:49:29,888 [ERROR] LogOutputStream:75 - [STDERR_REDIRECT] 
2025-08-11 21:49:30,888 [ERROR] LogOutputStream:75 - [STDERR_REDIRECT] [Fatal Error] :1:1: Premature end of file.
2025-08-11 21:49:30,888 [ERROR] LogOutputStream:75 - [STDERR_REDIRECT] 
2025-08-11 21:49:31,893 [ERROR] LogOutputStream:75 - [STDERR_REDIRECT] [Fatal Error] :1:1: Premature end of file.
2025-08-11 21:49:31,893 [ERROR] LogOutputStream:75 - [STDERR_REDIRECT] 
2025-08-11 21:49:32,892 [ERROR] LogOutputStream:75 - [STDERR_REDIRECT] [Fatal Error] :1:1: Premature end of file.
2025-08-11 21:49:32,892 [ERROR] LogOutputStream:75 - [STDERR_REDIRECT] 
2025-08-11 21:49:33,892 [ERROR] LogOutputStream:75 - [STDERR_REDIRECT] [Fatal Error] :1:1: Premature end of file.
2025-08-11 21:49:33,892 [ERROR] LogOutputStream:75 - [STDERR_REDIRECT] 
2025-08-11 21:49:34,893 [ERROR] LogOutputStream:75 - [STDERR_REDIRECT] [Fatal Error] :1:1: Premature end of file.
2025-08-11 21:49:34,893 [ERROR] LogOutputStream:75 - [STDERR_REDIRECT] 
2025-08-11 21:49:35,890 [ERROR] LogOutputStream:75 - [STDERR_REDIRECT] [Fatal Error] :1:1: Premature end of file.
2025-08-11 21:49:35,890 [ERROR] LogOutputStream:75 - [STDERR_REDIRECT] 
2025-08-11 21:49:36,895 [ERROR] LogOutputStream:75 - [STDERR_REDIRECT] [Fatal Error] :1:1: Premature end of file.
2025-08-11 21:49:36,895 [ERROR] LogOutputStream:75 - [STDERR_REDIRECT] 
2025-08-11 21:49:37,893 [ERROR] LogOutputStream:75 - [STDERR_REDIRECT] [Fatal Error] :1:1: Premature end of file.
2025-08-11 21:49:37,894 [ERROR] LogOutputStream:75 - [STDERR_REDIRECT] 
2025-08-11 21:49:38,893 [ERROR] LogOutputStream:75 - [STDERR_REDIRECT] [Fatal Error] :1:1: Premature end of file.
2025-08-11 21:49:38,893 [ERROR] LogOutputStream:75 - [STDERR_REDIRECT] 
2025-08-11 21:49:39,898 [ERROR] LogOutputStream:75 - [STDERR_REDIRECT] [Fatal Error] :1:1: Premature end of file.
2025-08-11 21:49:39,898 [ERROR] LogOutputStream:75 - [STDERR_REDIRECT] 
2025-08-11 21:49:40,891 [ERROR] LogOutputStream:75 - [STDERR_REDIRECT] [Fatal Error] :1:1: Premature end of file.
2025-08-11 21:49:40,891 [ERROR] LogOutputStream:75 - [STDERR_REDIRECT] 
2025-08-11 21:49:41,888 [ERROR] LogOutputStream:75 - [STDERR_REDIRECT] [Fatal Error] :1:1: Premature end of file.
2025-08-11 21:49:41,888 [ERROR] LogOutputStream:75 - [STDERR_REDIRECT] 
2025-08-11 21:49:42,896 [ERROR] LogOutputStream:75 - [STDERR_REDIRECT] [Fatal Error] :1:1: Premature end of file.
2025-08-11 21:49:42,896 [ERROR] LogOutputStream:75 - [STDERR_REDIRECT] 
2025-08-11 21:49:43,892 [ERROR] LogOutputStream:75 - [STDERR_REDIRECT] [Fatal Error] :1:1: Premature end of file.
2025-08-11 21:49:43,892 [ERROR] LogOutputStream:75 - [STDERR_REDIRECT] 
2025-08-11 21:49:44,889 [ERROR] LogOutputStream:75 - [STDERR_REDIRECT] [Fatal Error] :1:1: Premature end of file.
2025-08-11 21:49:44,889 [ERROR] LogOutputStream:75 - [STDERR_REDIRECT] 
2025-08-11 21:49:45,882 [ERROR] LogOutputStream:75 - [STDERR_REDIRECT] [Fatal Error] :1:1: Premature end of file.
2025-08-11 21:49:45,882 [ERROR] LogOutputStream:75 - [STDERR_REDIRECT] 
2025-08-11 21:49:46,895 [ERROR] LogOutputStream:75 - [STDERR_REDIRECT] [Fatal Error] :1:1: Premature end of file.
2025-08-11 21:49:46,895 [ERROR] LogOutputStream:75 - [STDERR_REDIRECT] 
2025-08-11 21:49:47,895 [ERROR] LogOutputStream:75 - [STDERR_REDIRECT] [Fatal Error] :1:1: Premature end of file.
2025-08-11 21:49:47,895 [ERROR] LogOutputStream:75 - [STDERR_REDIRECT] 
2025-08-11 21:49:48,896 [ERROR] LogOutputStream:75 - [STDERR_REDIRECT] [Fatal Error] :1:1: Premature end of file.
2025-08-11 21:49:48,896 [ERROR] LogOutputStream:75 - [STDERR_REDIRECT] 
2025-08-11 21:49:49,880 [ERROR] LogOutputStream:75 - [STDERR_REDIRECT] [Fatal Error] :1:1: Premature end of file.
2025-08-11 21:49:49,880 [ERROR] LogOutputStream:75 - [STDERR_REDIRECT] 
2025-08-11 21:49:50,911 [ERROR] LogOutputStream:75 - [STDERR_REDIRECT] [Fatal Error] :1:1: Premature end of file.
2025-08-11 21:49:50,911 [ERROR] LogOutputStream:75 - [STDERR_REDIRECT] 
2025-08-11 21:49:51,891 [ERROR] LogOutputStream:75 - [STDERR_REDIRECT] [Fatal Error] :1:1: Premature end of file.
2025-08-11 21:49:51,891 [ERROR] LogOutputStream:75 - [STDERR_REDIRECT] 
2025-08-11 21:49:52,894 [ERROR] LogOutputStream:75 - [STDERR_REDIRECT] [Fatal Error] :1:1: Premature end of file.
2025-08-11 21:49:52,894 [ERROR] LogOutputStream:75 - [STDERR_REDIRECT] 
2025-08-11 21:49:53,895 [ERROR] LogOutputStream:75 - [STDERR_REDIRECT] [Fatal Error] :1:1: Premature end of file.
2025-08-11 21:49:53,896 [ERROR] LogOutputStream:75 - [STDERR_REDIRECT] 
2025-08-11 21:49:54,882 [ERROR] LogOutputStream:75 - [STDERR_REDIRECT] [Fatal Error] :1:1: Premature end of file.
2025-08-11 21:49:54,882 [ERROR] LogOutputStream:75 - [STDERR_REDIRECT] 
2025-08-11 21:49:55,894 [ERROR] LogOutputStream:75 - [STDERR_REDIRECT] [Fatal Error] :1:1: Premature end of file.
2025-08-11 21:49:55,894 [ERROR] LogOutputStream:75 - [STDERR_REDIRECT] 
2025-08-11 21:49:56,888 [ERROR] LogOutputStream:75 - [STDERR_REDIRECT] [Fatal Error] :1:1: Premature end of file.
2025-08-11 21:49:56,888 [ERROR] LogOutputStream:75 - [STDERR_REDIRECT] 
2025-08-11 21:49:57,882 [ERROR] LogOutputStream:75 - [STDERR_REDIRECT] [Fatal Error] :1:1: Premature end of file.
2025-08-11 21:49:57,884 [ERROR] LogOutputStream:75 - [STDERR_REDIRECT] 
2025-08-11 21:49:58,892 [ERROR] LogOutputStream:75 - [STDERR_REDIRECT] [Fatal Error] :1:1: Premature end of file.
2025-08-11 21:49:58,892 [ERROR] LogOutputStream:75 - [STDERR_REDIRECT] 
2025-08-11 21:49:59,897 [ERROR] LogOutputStream:75 - [STDERR_REDIRECT] [Fatal Error] :1:1: Premature end of file.
2025-08-11 21:49:59,897 [ERROR] LogOutputStream:75 - [STDERR_REDIRECT] 
2025-08-11 21:50:00,877 [ERROR] LogOutputStream:75 - [STDERR_REDIRECT] [Fatal Error] :1:1: Premature end of file.
2025-08-11 21:50:00,877 [ERROR] LogOutputStream:75 - [STDERR_REDIRECT] 
2025-08-11 21:50:01,892 [ERROR] LogOutputStream:75 - [STDERR_REDIRECT] [Fatal Error] :1:1: Premature end of file.
2025-08-11 21:50:01,893 [ERROR] LogOutputStream:75 - [STDERR_REDIRECT] 
2025-08-11 21:50:02,894 [ERROR] LogOutputStream:75 - [STDERR_REDIRECT] [Fatal Error] :1:1: Premature end of file.
2025-08-11 21:50:02,894 [ERROR] LogOutputStream:75 - [STDERR_REDIRECT] 
2025-08-11 21:50:03,881 [ERROR] LogOutputStream:75 - [STDERR_REDIRECT] [Fatal Error] :1:1: Premature end of file.
2025-08-11 21:50:03,881 [ERROR] LogOutputStream:75 - [STDERR_REDIRECT] 
2025-08-11 21:50:04,884 [ERROR] LogOutputStream:75 - [STDERR_REDIRECT] [Fatal Error] :1:1: Premature end of file.
2025-08-11 21:50:04,884 [ERROR] LogOutputStream:75 - [STDERR_REDIRECT] 
2025-08-11 21:50:05,890 [ERROR] LogOutputStream:75 - [STDERR_REDIRECT] [Fatal Error] :1:1: Premature end of file.
2025-08-11 21:50:05,890 [ERROR] LogOutputStream:75 - [STDERR_REDIRECT] 
2025-08-11 21:50:06,893 [ERROR] LogOutputStream:75 - [STDERR_REDIRECT] [Fatal Error] :1:1: Premature end of file.
2025-08-11 21:50:06,893 [ERROR] LogOutputStream:75 - [STDERR_REDIRECT] 
2025-08-11 21:50:07,894 [ERROR] LogOutputStream:75 - [STDERR_REDIRECT] [Fatal Error] :1:1: Premature end of file.
2025-08-11 21:50:07,894 [ERROR] LogOutputStream:75 - [STDERR_REDIRECT] 
2025-08-11 21:50:08,879 [ERROR] LogOutputStream:75 - [STDERR_REDIRECT] [Fatal Error] :1:1: Premature end of file.
2025-08-11 21:50:08,879 [ERROR] LogOutputStream:75 - [STDERR_REDIRECT] 
2025-08-11 21:50:09,885 [ERROR] LogOutputStream:75 - [STDERR_REDIRECT] [Fatal Error] :1:1: Premature end of file.
2025-08-11 21:50:09,885 [ERROR] LogOutputStream:75 - [STDERR_REDIRECT] 
2025-08-11 21:50:10,877 [ERROR] LogOutputStream:75 - [STDERR_REDIRECT] [Fatal Error] :1:1: Premature end of file.
2025-08-11 21:50:10,877 [ERROR] LogOutputStream:75 - [STDERR_REDIRECT] 
2025-08-11 21:50:11,892 [ERROR] LogOutputStream:75 - [STDERR_REDIRECT] [Fatal Error] :1:1: Premature end of file.
2025-08-11 21:50:11,892 [ERROR] LogOutputStream:75 - [STDERR_REDIRECT] 
2025-08-11 21:50:12,892 [ERROR] LogOutputStream:75 - [STDERR_REDIRECT] [Fatal Error] :1:1: Premature end of file.
2025-08-11 21:50:12,892 [ERROR] LogOutputStream:75 - [STDERR_REDIRECT] 
2025-08-11 21:50:13,879 [ERROR] LogOutputStream:75 - [STDERR_REDIRECT] [Fatal Error] :1:1: Premature end of file.
2025-08-11 21:50:13,879 [ERROR] LogOutputStream:75 - [STDERR_REDIRECT] 
2025-08-11 21:50:14,892 [ERROR] LogOutputStream:75 - [STDERR_REDIRECT] [Fatal Error] :1:1: Premature end of file.
2025-08-11 21:50:14,892 [ERROR] LogOutputStream:75 - [STDERR_REDIRECT] 
2025-08-11 21:50:15,880 [ERROR] LogOutputStream:75 - [STDERR_REDIRECT] [Fatal Error] :1:1: Premature end of file.
2025-08-11 21:50:15,880 [ERROR] LogOutputStream:75 - [STDERR_REDIRECT] 
2025-08-11 21:50:16,889 [ERROR] LogOutputStream:75 - [STDERR_REDIRECT] [Fatal Error] :1:1: Premature end of file.
2025-08-11 21:50:16,889 [ERROR] LogOutputStream:75 - [STDERR_REDIRECT] 
2025-08-11 21:50:17,880 [ERROR] LogOutputStream:75 - [STDERR_REDIRECT] [Fatal Error] :1:1: Premature end of file.
2025-08-11 21:50:17,880 [ERROR] LogOutputStream:75 - [STDERR_REDIRECT] 
2025-08-11 21:50:18,891 [ERROR] LogOutputStream:75 - [STDERR_REDIRECT] [Fatal Error] :1:1: Premature end of file.
2025-08-11 21:50:18,891 [ERROR] LogOutputStream:75 - [STDERR_REDIRECT] 
2025-08-11 21:50:19,891 [ERROR] LogOutputStream:75 - [STDERR_REDIRECT] [Fatal Error] :1:1: Premature end of file.
2025-08-11 21:50:19,891 [ERROR] LogOutputStream:75 - [STDERR_REDIRECT] 
2025-08-11 21:50:20,880 [ERROR] LogOutputStream:75 - [STDERR_REDIRECT] [Fatal Error] :1:1: Premature end of file.
2025-08-11 21:50:20,880 [ERROR] LogOutputStream:75 - [STDERR_REDIRECT] 
2025-08-11 21:50:21,895 [ERROR] LogOutputStream:75 - [STDERR_REDIRECT] [Fatal Error] :1:1: Premature end of file.
2025-08-11 21:50:21,895 [ERROR] LogOutputStream:75 - [STDERR_REDIRECT] 
2025-08-11 21:50:22,876 [ERROR] LogOutputStream:75 - [STDERR_REDIRECT] [Fatal Error] :1:1: Premature end of file.
2025-08-11 21:50:22,876 [ERROR] LogOutputStream:75 - [STDERR_REDIRECT] 
2025-08-11 21:50:23,892 [ERROR] LogOutputStream:75 - [STDERR_REDIRECT] [Fatal Error] :1:1: Premature end of file.
2025-08-11 21:50:23,892 [ERROR] LogOutputStream:75 - [STDERR_REDIRECT] 
2025-08-11 21:50:24,893 [ERROR] LogOutputStream:75 - [STDERR_REDIRECT] [Fatal Error] :1:1: Premature end of file.
2025-08-11 21:50:24,893 [ERROR] LogOutputStream:75 - [STDERR_REDIRECT] 
2025-08-11 21:50:25,878 [ERROR] LogOutputStream:75 - [STDERR_REDIRECT] [Fatal Error] :1:1: Premature end of file.
2025-08-11 21:50:25,878 [ERROR] LogOutputStream:75 - [STDERR_REDIRECT] 
2025-08-11 21:50:26,892 [ERROR] LogOutputStream:75 - [STDERR_REDIRECT] [Fatal Error] :1:1: Premature end of file.
2025-08-11 21:50:26,892 [ERROR] LogOutputStream:75 - [STDERR_REDIRECT] 
2025-08-11 21:50:27,879 [ERROR] LogOutputStream:75 - [STDERR_REDIRECT] [Fatal Error] :1:1: Premature end of file.
2025-08-11 21:50:27,879 [ERROR] LogOutputStream:75 - [STDERR_REDIRECT] 
2025-08-11 21:50:28,894 [ERROR] LogOutputStream:75 - [STDERR_REDIRECT] [Fatal Error] :1:1: Premature end of file.
2025-08-11 21:50:28,894 [ERROR] LogOutputStream:75 - [STDERR_REDIRECT] 
2025-08-11 21:50:29,879 [ERROR] LogOutputStream:75 - [STDERR_REDIRECT] [Fatal Error] :1:1: Premature end of file.
2025-08-11 21:50:29,879 [ERROR] LogOutputStream:75 - [STDERR_REDIRECT] 
2025-08-11 21:50:30,889 [ERROR] LogOutputStream:75 - [STDERR_REDIRECT] [Fatal Error] :1:1: Premature end of file.
2025-08-11 21:50:30,889 [ERROR] LogOutputStream:75 - [STDERR_REDIRECT] 
2025-08-11 21:50:31,878 [ERROR] LogOutputStream:75 - [STDERR_REDIRECT] [Fatal Error] :1:1: Premature end of file.
2025-08-11 21:50:31,878 [ERROR] LogOutputStream:75 - [STDERR_REDIRECT] 
2025-08-11 21:50:32,880 [ERROR] LogOutputStream:75 - [STDERR_REDIRECT] [Fatal Error] :1:1: Premature end of file.
2025-08-11 21:50:32,880 [ERROR] LogOutputStream:75 - [STDERR_REDIRECT] 
2025-08-11 21:50:33,893 [ERROR] LogOutputStream:75 - [STDERR_REDIRECT] [Fatal Error] :1:1: Premature end of file.
2025-08-11 21:50:33,893 [ERROR] LogOutputStream:75 - [STDERR_REDIRECT] 
2025-08-11 21:50:34,878 [ERROR] LogOutputStream:75 - [STDERR_REDIRECT] [Fatal Error] :1:1: Premature end of file.
2025-08-11 21:50:34,878 [ERROR] LogOutputStream:75 - [STDERR_REDIRECT] 
2025-08-11 21:50:35,893 [ERROR] LogOutputStream:75 - [STDERR_REDIRECT] [Fatal Error] :1:1: Premature end of file.
2025-08-11 21:50:35,893 [ERROR] LogOutputStream:75 - [STDERR_REDIRECT] 
2025-08-11 21:50:36,895 [ERROR] LogOutputStream:75 - [STDERR_REDIRECT] [Fatal Error] :1:1: Premature end of file.
2025-08-11 21:50:36,896 [ERROR] LogOutputStream:75 - [STDERR_REDIRECT] 
2025-08-11 21:50:37,895 [ERROR] LogOutputStream:75 - [STDERR_REDIRECT] [Fatal Error] :1:1: Premature end of file.
2025-08-11 21:50:37,895 [ERROR] LogOutputStream:75 - [STDERR_REDIRECT] 
2025-08-11 21:50:38,898 [ERROR] LogOutputStream:75 - [STDERR_REDIRECT] [Fatal Error] :1:1: Premature end of file.
2025-08-11 21:50:38,898 [ERROR] LogOutputStream:75 - [STDERR_REDIRECT] 
2025-08-11 21:50:39,896 [ERROR] LogOutputStream:75 - [STDERR_REDIRECT] [Fatal Error] :1:1: Premature end of file.
2025-08-11 21:50:39,896 [ERROR] LogOutputStream:75 - [STDERR_REDIRECT] 
2025-08-11 21:50:40,893 [ERROR] LogOutputStream:75 - [STDERR_REDIRECT] [Fatal Error] :1:1: Premature end of file.
2025-08-11 21:50:40,894 [ERROR] LogOutputStream:75 - [STDERR_REDIRECT] 
2025-08-11 21:50:41,894 [ERROR] LogOutputStream:75 - [STDERR_REDIRECT] [Fatal Error] :1:1: Premature end of file.
2025-08-11 21:50:41,894 [ERROR] LogOutputStream:75 - [STDERR_REDIRECT] 
2025-08-11 21:50:42,894 [ERROR] LogOutputStream:75 - [STDERR_REDIRECT] [Fatal Error] :1:1: Premature end of file.
2025-08-11 21:50:42,894 [ERROR] LogOutputStream:75 - [STDERR_REDIRECT] 
2025-08-11 21:50:43,891 [ERROR] LogOutputStream:75 - [STDERR_REDIRECT] [Fatal Error] :1:1: Premature end of file.
2025-08-11 21:50:43,891 [ERROR] LogOutputStream:75 - [STDERR_REDIRECT] 
2025-08-11 21:50:44,895 [ERROR] LogOutputStream:75 - [STDERR_REDIRECT] [Fatal Error] :1:1: Premature end of file.
2025-08-11 21:50:44,895 [ERROR] LogOutputStream:75 - [STDERR_REDIRECT] 
2025-08-11 21:50:45,894 [ERROR] LogOutputStream:75 - [STDERR_REDIRECT] [Fatal Error] :1:1: Premature end of file.
2025-08-11 21:50:45,894 [ERROR] LogOutputStream:75 - [STDERR_REDIRECT] 
2025-08-11 21:50:46,886 [ERROR] LogOutputStream:75 - [STDERR_REDIRECT] [Fatal Error] :1:1: Premature end of file.
2025-08-11 21:50:46,886 [ERROR] LogOutputStream:75 - [STDERR_REDIRECT] 
2025-08-11 21:50:47,897 [ERROR] LogOutputStream:75 - [STDERR_REDIRECT] [Fatal Error] :1:1: Premature end of file.
2025-08-11 21:50:47,897 [ERROR] LogOutputStream:75 - [STDERR_REDIRECT] 
2025-08-11 21:50:48,888 [ERROR] LogOutputStream:75 - [STDERR_REDIRECT] [Fatal Error] :1:1: Premature end of file.
2025-08-11 21:50:48,888 [ERROR] LogOutputStream:75 - [STDERR_REDIRECT] 
2025-08-11 21:50:49,884 [ERROR] LogOutputStream:75 - [STDERR_REDIRECT] [Fatal Error] :1:1: Premature end of file.
2025-08-11 21:50:49,884 [ERROR] LogOutputStream:75 - [STDERR_REDIRECT] 
2025-08-11 21:50:50,894 [ERROR] LogOutputStream:75 - [STDERR_REDIRECT] [Fatal Error] :1:1: Premature end of file.
2025-08-11 21:50:50,895 [ERROR] LogOutputStream:75 - [STDERR_REDIRECT] 
2025-08-11 21:50:51,893 [ERROR] LogOutputStream:75 - [STDERR_REDIRECT] [Fatal Error] :1:1: Premature end of file.
2025-08-11 21:50:51,894 [ERROR] LogOutputStream:75 - [STDERR_REDIRECT] 
2025-08-11 21:50:52,893 [ERROR] LogOutputStream:75 - [STDERR_REDIRECT] [Fatal Error] :1:1: Premature end of file.
2025-08-11 21:50:52,893 [ERROR] LogOutputStream:75 - [STDERR_REDIRECT] 
2025-08-11 21:50:53,883 [ERROR] LogOutputStream:75 - [STDERR_REDIRECT] [Fatal Error] :1:1: Premature end of file.
2025-08-11 21:50:53,883 [ERROR] LogOutputStream:75 - [STDERR_REDIRECT] 
2025-08-11 21:50:54,894 [ERROR] LogOutputStream:75 - [STDERR_REDIRECT] [Fatal Error] :1:1: Premature end of file.
2025-08-11 21:50:54,895 [ERROR] LogOutputStream:75 - [STDERR_REDIRECT] 
2025-08-11 21:50:55,881 [ERROR] LogOutputStream:75 - [STDERR_REDIRECT] [Fatal Error] :1:1: Premature end of file.
2025-08-11 21:50:55,881 [ERROR] LogOutputStream:75 - [STDERR_REDIRECT] 
2025-08-11 21:50:56,895 [ERROR] LogOutputStream:75 - [STDERR_REDIRECT] [Fatal Error] :1:1: Premature end of file.
2025-08-11 21:50:56,895 [ERROR] LogOutputStream:75 - [STDERR_REDIRECT] 
2025-08-11 21:50:57,882 [ERROR] LogOutputStream:75 - [STDERR_REDIRECT] [Fatal Error] :1:1: Premature end of file.
2025-08-11 21:50:57,882 [ERROR] LogOutputStream:75 - [STDERR_REDIRECT] 
2025-08-11 21:50:58,892 [ERROR] LogOutputStream:75 - [STDERR_REDIRECT] [Fatal Error] :1:1: Premature end of file.
2025-08-11 21:50:58,892 [ERROR] LogOutputStream:75 - [STDERR_REDIRECT] 
2025-08-11 21:50:59,879 [ERROR] LogOutputStream:75 - [STDERR_REDIRECT] [Fatal Error] :1:1: Premature end of file.
2025-08-11 21:50:59,879 [ERROR] LogOutputStream:75 - [STDERR_REDIRECT] 
2025-08-11 21:51:00,879 [ERROR] LogOutputStream:75 - [STDERR_REDIRECT] [Fatal Error] :1:1: Premature end of file.
2025-08-11 21:51:00,879 [ERROR] LogOutputStream:75 - [STDERR_REDIRECT] 
2025-08-11 21:51:01,884 [ERROR] LogOutputStream:75 - [STDERR_REDIRECT] [Fatal Error] :1:1: Premature end of file.
2025-08-11 21:51:01,884 [ERROR] LogOutputStream:75 - [STDERR_REDIRECT] 
2025-08-11 21:51:02,881 [ERROR] LogOutputStream:75 - [STDERR_REDIRECT] [Fatal Error] :1:1: Premature end of file.
2025-08-11 21:51:02,882 [ERROR] LogOutputStream:75 - [STDERR_REDIRECT] 
2025-08-11 21:51:03,880 [ERROR] LogOutputStream:75 - [STDERR_REDIRECT] [Fatal Error] :1:1: Premature end of file.
2025-08-11 21:51:03,880 [ERROR] LogOutputStream:75 - [STDERR_REDIRECT] 
2025-08-11 21:51:04,881 [ERROR] LogOutputStream:75 - [STDERR_REDIRECT] [Fatal Error] :1:1: Premature end of file.
2025-08-11 21:51:04,881 [ERROR] LogOutputStream:75 - [STDERR_REDIRECT] 
2025-08-11 21:51:05,881 [ERROR] LogOutputStream:75 - [STDERR_REDIRECT] [Fatal Error] :1:1: Premature end of file.
2025-08-11 21:51:05,881 [ERROR] LogOutputStream:75 - [STDERR_REDIRECT] 
2025-08-11 21:51:06,880 [ERROR] LogOutputStream:75 - [STDERR_REDIRECT] [Fatal Error] :1:1: Premature end of file.
2025-08-11 21:51:06,880 [ERROR] LogOutputStream:75 - [STDERR_REDIRECT] 
2025-08-11 21:51:07,879 [ERROR] LogOutputStream:75 - [STDERR_REDIRECT] [Fatal Error] :1:1: Premature end of file.
2025-08-11 21:51:07,879 [ERROR] LogOutputStream:75 - [STDERR_REDIRECT] 
2025-08-11 21:51:08,889 [ERROR] LogOutputStream:75 - [STDERR_REDIRECT] [Fatal Error] :1:1: Premature end of file.
2025-08-11 21:51:08,889 [ERROR] LogOutputStream:75 - [STDERR_REDIRECT] 
2025-08-11 21:51:09,893 [ERROR] LogOutputStream:75 - [STDERR_REDIRECT] [Fatal Error] :1:1: Premature end of file.
2025-08-11 21:51:09,893 [ERROR] LogOutputStream:75 - [STDERR_REDIRECT] 
2025-08-11 21:51:10,894 [ERROR] LogOutputStream:75 - [STDERR_REDIRECT] [Fatal Error] :1:1: Premature end of file.
2025-08-11 21:51:10,894 [ERROR] LogOutputStream:75 - [STDERR_REDIRECT] 
2025-08-11 21:51:11,894 [ERROR] LogOutputStream:75 - [STDERR_REDIRECT] [Fatal Error] :1:1: Premature end of file.
2025-08-11 21:51:11,894 [ERROR] LogOutputStream:75 - [STDERR_REDIRECT] 
2025-08-11 21:51:12,896 [ERROR] LogOutputStream:75 - [STDERR_REDIRECT] [Fatal Error] :1:1: Premature end of file.
2025-08-11 21:51:12,896 [ERROR] LogOutputStream:75 - [STDERR_REDIRECT] 
2025-08-11 21:51:13,892 [ERROR] LogOutputStream:75 - [STDERR_REDIRECT] [Fatal Error] :1:1: Premature end of file.
2025-08-11 21:51:13,892 [ERROR] LogOutputStream:75 - [STDERR_REDIRECT] 
2025-08-11 21:51:14,882 [ERROR] LogOutputStream:75 - [STDERR_REDIRECT] [Fatal Error] :1:1: Premature end of file.
2025-08-11 21:51:14,883 [ERROR] LogOutputStream:75 - [STDERR_REDIRECT] 
2025-08-11 21:51:15,888 [ERROR] LogOutputStream:75 - [STDERR_REDIRECT] [Fatal Error] :1:1: Premature end of file.
2025-08-11 21:51:15,889 [ERROR] LogOutputStream:75 - [STDERR_REDIRECT] 
2025-08-11 21:51:16,896 [ERROR] LogOutputStream:75 - [STDERR_REDIRECT] [Fatal Error] :1:1: Premature end of file.
2025-08-11 21:51:16,896 [ERROR] LogOutputStream:75 - [STDERR_REDIRECT] 
2025-08-11 21:51:17,895 [ERROR] LogOutputStream:75 - [STDERR_REDIRECT] [Fatal Error] :1:1: Premature end of file.
2025-08-11 21:51:17,895 [ERROR] LogOutputStream:75 - [STDERR_REDIRECT] 
2025-08-11 21:51:18,922 [ERROR] LogOutputStream:75 - [STDERR_REDIRECT] [Fatal Error] :1:1: Premature end of file.
2025-08-11 21:51:18,922 [ERROR] LogOutputStream:75 - [STDERR_REDIRECT] 
2025-08-11 21:51:19,891 [ERROR] LogOutputStream:75 - [STDERR_REDIRECT] [Fatal Error] :1:1: Premature end of file.
2025-08-11 21:51:19,891 [ERROR] LogOutputStream:75 - [STDERR_REDIRECT] 
2025-08-11 21:51:20,895 [ERROR] LogOutputStream:75 - [STDERR_REDIRECT] [Fatal Error] :1:1: Premature end of file.
2025-08-11 21:51:20,895 [ERROR] LogOutputStream:75 - [STDERR_REDIRECT] 
2025-08-11 21:51:21,891 [ERROR] LogOutputStream:75 - [STDERR_REDIRECT] [Fatal Error] :1:1: Premature end of file.
2025-08-11 21:51:21,891 [ERROR] LogOutputStream:75 - [STDERR_REDIRECT] 
2025-08-11 21:51:22,893 [ERROR] LogOutputStream:75 - [STDERR_REDIRECT] [Fatal Error] :1:1: Premature end of file.
2025-08-11 21:51:22,894 [ERROR] LogOutputStream:75 - [STDERR_REDIRECT] 
2025-08-11 21:51:23,894 [ERROR] LogOutputStream:75 - [STDERR_REDIRECT] [Fatal Error] :1:1: Premature end of file.
2025-08-11 21:51:23,894 [ERROR] LogOutputStream:75 - [STDERR_REDIRECT] 
2025-08-11 21:51:24,895 [ERROR] LogOutputStream:75 - [STDERR_REDIRECT] [Fatal Error] :1:1: Premature end of file.
2025-08-11 21:51:24,895 [ERROR] LogOutputStream:75 - [STDERR_REDIRECT] 
2025-08-11 21:51:25,895 [ERROR] LogOutputStream:75 - [STDERR_REDIRECT] [Fatal Error] :1:1: Premature end of file.
2025-08-11 21:51:25,895 [ERROR] LogOutputStream:75 - [STDERR_REDIRECT] 
2025-08-11 21:51:26,895 [ERROR] LogOutputStream:75 - [STDERR_REDIRECT] [Fatal Error] :1:1: Premature end of file.
2025-08-11 21:51:26,896 [ERROR] LogOutputStream:75 - [STDERR_REDIRECT] 
2025-08-11 21:51:27,892 [ERROR] LogOutputStream:75 - [STDERR_REDIRECT] [Fatal Error] :1:1: Premature end of file.
2025-08-11 21:51:27,892 [ERROR] LogOutputStream:75 - [STDERR_REDIRECT] 
2025-08-11 21:51:28,898 [ERROR] LogOutputStream:75 - [STDERR_REDIRECT] [Fatal Error] :1:1: Premature end of file.
2025-08-11 21:51:28,898 [ERROR] LogOutputStream:75 - [STDERR_REDIRECT] 
2025-08-11 21:51:29,895 [ERROR] LogOutputStream:75 - [STDERR_REDIRECT] [Fatal Error] :1:1: Premature end of file.
2025-08-11 21:51:29,895 [ERROR] LogOutputStream:75 - [STDERR_REDIRECT] 
2025-08-11 21:51:30,891 [ERROR] LogOutputStream:75 - [STDERR_REDIRECT] [Fatal Error] :1:1: Premature end of file.
2025-08-11 21:51:30,891 [ERROR] LogOutputStream:75 - [STDERR_REDIRECT] 
2025-08-11 21:51:31,893 [ERROR] LogOutputStream:75 - [STDERR_REDIRECT] [Fatal Error] :1:1: Premature end of file.
2025-08-11 21:51:31,893 [ERROR] LogOutputStream:75 - [STDERR_REDIRECT] 
2025-08-11 21:51:32,895 [ERROR] LogOutputStream:75 - [STDERR_REDIRECT] [Fatal Error] :1:1: Premature end of file.
2025-08-11 21:51:32,895 [ERROR] LogOutputStream:75 - [STDERR_REDIRECT] 
2025-08-11 21:51:33,910 [ERROR] LogOutputStream:75 - [STDERR_REDIRECT] [Fatal Error] :1:1: Premature end of file.
2025-08-11 21:51:33,910 [ERROR] LogOutputStream:75 - [STDERR_REDIRECT] 
2025-08-11 21:51:34,979 [ERROR] LogOutputStream:75 - [STDERR_REDIRECT] [Fatal Error] :1:1: Premature end of file.
2025-08-11 21:51:34,979 [ERROR] LogOutputStream:75 - [STDERR_REDIRECT] 
2025-08-11 21:51:35,879 [ERROR] LogOutputStream:75 - [STDERR_REDIRECT] [Fatal Error] :1:1: Premature end of file.
2025-08-11 21:51:35,881 [ERROR] LogOutputStream:75 - [STDERR_REDIRECT] 
2025-08-11 21:51:36,892 [ERROR] LogOutputStream:75 - [STDERR_REDIRECT] [Fatal Error] :1:1: Premature end of file.
2025-08-11 21:51:36,892 [ERROR] LogOutputStream:75 - [STDERR_REDIRECT] 
2025-08-11 21:51:37,877 [ERROR] LogOutputStream:75 - [STDERR_REDIRECT] [Fatal Error] :1:1: Premature end of file.
2025-08-11 21:51:37,877 [ERROR] LogOutputStream:75 - [STDERR_REDIRECT] 
2025-08-11 21:51:38,895 [ERROR] LogOutputStream:75 - [STDERR_REDIRECT] [Fatal Error] :1:1: Premature end of file.
2025-08-11 21:51:38,895 [ERROR] LogOutputStream:75 - [STDERR_REDIRECT] 
2025-08-11 21:51:39,876 [ERROR] LogOutputStream:75 - [STDERR_REDIRECT] [Fatal Error] :1:1: Premature end of file.
2025-08-11 21:51:39,876 [ERROR] LogOutputStream:75 - [STDERR_REDIRECT] 
2025-08-11 21:51:40,894 [ERROR] LogOutputStream:75 - [STDERR_REDIRECT] [Fatal Error] :1:1: Premature end of file.
2025-08-11 21:51:40,894 [ERROR] LogOutputStream:75 - [STDERR_REDIRECT] 
2025-08-11 21:51:41,896 [ERROR] LogOutputStream:75 - [STDERR_REDIRECT] [Fatal Error] :1:1: Premature end of file.
2025-08-11 21:51:41,896 [ERROR] LogOutputStream:75 - [STDERR_REDIRECT] 
2025-08-11 21:51:42,895 [ERROR] LogOutputStream:75 - [STDERR_REDIRECT] [Fatal Error] :1:1: Premature end of file.
2025-08-11 21:51:42,895 [ERROR] LogOutputStream:75 - [STDERR_REDIRECT] 
2025-08-11 21:51:43,897 [ERROR] LogOutputStream:75 - [STDERR_REDIRECT] [Fatal Error] :1:1: Premature end of file.
2025-08-11 21:51:43,897 [ERROR] LogOutputStream:75 - [STDERR_REDIRECT] 
2025-08-11 21:51:44,894 [ERROR] LogOutputStream:75 - [STDERR_REDIRECT] [Fatal Error] :1:1: Premature end of file.
2025-08-11 21:51:44,894 [ERROR] LogOutputStream:75 - [STDERR_REDIRECT] 
2025-08-11 21:51:45,900 [ERROR] LogOutputStream:75 - [STDERR_REDIRECT] [Fatal Error] :1:1: Premature end of file.
2025-08-11 21:51:45,900 [ERROR] LogOutputStream:75 - [STDERR_REDIRECT] 
2025-08-11 21:51:46,897 [ERROR] LogOutputStream:75 - [STDERR_REDIRECT] [Fatal Error] :1:1: Premature end of file.
2025-08-11 21:51:46,897 [ERROR] LogOutputStream:75 - [STDERR_REDIRECT] 
2025-08-11 21:51:47,898 [ERROR] LogOutputStream:75 - [STDERR_REDIRECT] [Fatal Error] :1:1: Premature end of file.
2025-08-11 21:51:47,898 [ERROR] LogOutputStream:75 - [STDERR_REDIRECT] 
2025-08-11 21:51:48,896 [ERROR] LogOutputStream:75 - [STDERR_REDIRECT] [Fatal Error] :1:1: Premature end of file.
2025-08-11 21:51:48,896 [ERROR] LogOutputStream:75 - [STDERR_REDIRECT] 
2025-08-11 21:51:49,893 [ERROR] LogOutputStream:75 - [STDERR_REDIRECT] [Fatal Error] :1:1: Premature end of file.
2025-08-11 21:51:49,894 [ERROR] LogOutputStream:75 - [STDERR_REDIRECT] 
2025-08-11 21:51:50,896 [ERROR] LogOutputStream:75 - [STDERR_REDIRECT] [Fatal Error] :1:1: Premature end of file.
2025-08-11 21:51:50,896 [ERROR] LogOutputStream:75 - [STDERR_REDIRECT] 
2025-08-11 21:51:51,890 [ERROR] LogOutputStream:75 - [STDERR_REDIRECT] [Fatal Error] :1:1: Premature end of file.
2025-08-11 21:51:51,890 [ERROR] LogOutputStream:75 - [STDERR_REDIRECT] 
2025-08-11 21:51:52,894 [ERROR] LogOutputStream:75 - [STDERR_REDIRECT] [Fatal Error] :1:1: Premature end of file.
2025-08-11 21:51:52,894 [ERROR] LogOutputStream:75 - [STDERR_REDIRECT] 
2025-08-11 21:51:53,897 [ERROR] LogOutputStream:75 - [STDERR_REDIRECT] [Fatal Error] :1:1: Premature end of file.
2025-08-11 21:51:53,897 [ERROR] LogOutputStream:75 - [STDERR_REDIRECT] 
2025-08-11 21:51:54,894 [ERROR] LogOutputStream:75 - [STDERR_REDIRECT] [Fatal Error] :1:1: Premature end of file.
2025-08-11 21:51:54,894 [ERROR] LogOutputStream:75 - [STDERR_REDIRECT] 
2025-08-11 21:51:55,896 [ERROR] LogOutputStream:75 - [STDERR_REDIRECT] [Fatal Error] :1:1: Premature end of file.
2025-08-11 21:51:55,896 [ERROR] LogOutputStream:75 - [STDERR_REDIRECT] 
2025-08-11 21:51:56,892 [ERROR] LogOutputStream:75 - [STDERR_REDIRECT] [Fatal Error] :1:1: Premature end of file.
2025-08-11 21:51:56,892 [ERROR] LogOutputStream:75 - [STDERR_REDIRECT] 
2025-08-11 21:51:57,894 [ERROR] LogOutputStream:75 - [STDERR_REDIRECT] [Fatal Error] :1:1: Premature end of file.
2025-08-11 21:51:57,894 [ERROR] LogOutputStream:75 - [STDERR_REDIRECT] 
2025-08-11 21:51:58,894 [ERROR] LogOutputStream:75 - [STDERR_REDIRECT] [Fatal Error] :1:1: Premature end of file.
2025-08-11 21:51:58,895 [ERROR] LogOutputStream:75 - [STDERR_REDIRECT] 
2025-08-11 21:51:59,893 [ERROR] LogOutputStream:75 - [STDERR_REDIRECT] [Fatal Error] :1:1: Premature end of file.
2025-08-11 21:51:59,893 [ERROR] LogOutputStream:75 - [STDERR_REDIRECT] 
2025-08-11 21:52:00,897 [ERROR] LogOutputStream:75 - [STDERR_REDIRECT] [Fatal Error] :1:1: Premature end of file.
2025-08-11 21:52:00,897 [ERROR] LogOutputStream:75 - [STDERR_REDIRECT] 
2025-08-11 21:52:01,898 [ERROR] LogOutputStream:75 - [STDERR_REDIRECT] [Fatal Error] :1:1: Premature end of file.
2025-08-11 21:52:01,898 [ERROR] LogOutputStream:75 - [STDERR_REDIRECT] 
2025-08-11 21:52:02,897 [ERROR] LogOutputStream:75 - [STDERR_REDIRECT] [Fatal Error] :1:1: Premature end of file.
2025-08-11 21:52:02,897 [ERROR] LogOutputStream:75 - [STDERR_REDIRECT] 
2025-08-11 21:52:03,896 [ERROR] LogOutputStream:75 - [STDERR_REDIRECT] [Fatal Error] :1:1: Premature end of file.
2025-08-11 21:52:03,896 [ERROR] LogOutputStream:75 - [STDERR_REDIRECT] 
2025-08-11 21:52:04,896 [ERROR] LogOutputStream:75 - [STDERR_REDIRECT] [Fatal Error] :1:1: Premature end of file.
2025-08-11 21:52:04,896 [ERROR] LogOutputStream:75 - [STDERR_REDIRECT] 
2025-08-11 21:52:05,897 [ERROR] LogOutputStream:75 - [STDERR_REDIRECT] [Fatal Error] :1:1: Premature end of file.
2025-08-11 21:52:05,897 [ERROR] LogOutputStream:75 - [STDERR_REDIRECT] 
2025-08-11 21:52:06,895 [ERROR] LogOutputStream:75 - [STDERR_REDIRECT] [Fatal Error] :1:1: Premature end of file.
2025-08-11 21:52:06,895 [ERROR] LogOutputStream:75 - [STDERR_REDIRECT] 
2025-08-11 21:52:07,895 [ERROR] LogOutputStream:75 - [STDERR_REDIRECT] [Fatal Error] :1:1: Premature end of file.
2025-08-11 21:52:07,895 [ERROR] LogOutputStream:75 - [STDERR_REDIRECT] 
2025-08-11 21:52:08,894 [ERROR] LogOutputStream:75 - [STDERR_REDIRECT] [Fatal Error] :1:1: Premature end of file.
2025-08-11 21:52:08,894 [ERROR] LogOutputStream:75 - [STDERR_REDIRECT] 
2025-08-11 21:52:09,907 [ERROR] LogOutputStream:75 - [STDERR_REDIRECT] [Fatal Error] :1:1: Premature end of file.
2025-08-11 21:52:09,908 [ERROR] LogOutputStream:75 - [STDERR_REDIRECT] 
2025-08-11 21:52:10,896 [ERROR] LogOutputStream:75 - [STDERR_REDIRECT] [Fatal Error] :1:1: Premature end of file.
2025-08-11 21:52:10,896 [ERROR] LogOutputStream:75 - [STDERR_REDIRECT] 
2025-08-11 21:52:11,897 [ERROR] LogOutputStream:75 - [STDERR_REDIRECT] [Fatal Error] :1:1: Premature end of file.
2025-08-11 21:52:11,898 [ERROR] LogOutputStream:75 - [STDERR_REDIRECT] 
2025-08-11 21:52:12,895 [ERROR] LogOutputStream:75 - [STDERR_REDIRECT] [Fatal Error] :1:1: Premature end of file.
2025-08-11 21:52:12,896 [ERROR] LogOutputStream:75 - [STDERR_REDIRECT] 
2025-08-11 21:52:13,895 [ERROR] LogOutputStream:75 - [STDERR_REDIRECT] [Fatal Error] :1:1: Premature end of file.
2025-08-11 21:52:13,895 [ERROR] LogOutputStream:75 - [STDERR_REDIRECT] 
2025-08-11 21:52:14,896 [ERROR] LogOutputStream:75 - [STDERR_REDIRECT] [Fatal Error] :1:1: Premature end of file.
2025-08-11 21:52:14,896 [ERROR] LogOutputStream:75 - [STDERR_REDIRECT] 
2025-08-11 21:52:15,897 [ERROR] LogOutputStream:75 - [STDERR_REDIRECT] [Fatal Error] :1:1: Premature end of file.
2025-08-11 21:52:15,897 [ERROR] LogOutputStream:75 - [STDERR_REDIRECT] 
2025-08-11 21:52:16,896 [ERROR] LogOutputStream:75 - [STDERR_REDIRECT] [Fatal Error] :1:1: Premature end of file.
2025-08-11 21:52:16,896 [ERROR] LogOutputStream:75 - [STDERR_REDIRECT] 
2025-08-11 21:52:17,897 [ERROR] LogOutputStream:75 - [STDERR_REDIRECT] [Fatal Error] :1:1: Premature end of file.
2025-08-11 21:52:17,897 [ERROR] LogOutputStream:75 - [STDERR_REDIRECT] 
2025-08-11 21:52:18,896 [ERROR] LogOutputStream:75 - [STDERR_REDIRECT] [Fatal Error] :1:1: Premature end of file.
2025-08-11 21:52:18,896 [ERROR] LogOutputStream:75 - [STDERR_REDIRECT] 
2025-08-11 21:52:19,895 [ERROR] LogOutputStream:75 - [STDERR_REDIRECT] [Fatal Error] :1:1: Premature end of file.
2025-08-11 21:52:19,895 [ERROR] LogOutputStream:75 - [STDERR_REDIRECT] 
2025-08-11 21:52:20,895 [ERROR] LogOutputStream:75 - [STDERR_REDIRECT] [Fatal Error] :1:1: Premature end of file.
2025-08-11 21:52:20,895 [ERROR] LogOutputStream:75 - [STDERR_REDIRECT] 
2025-08-11 21:52:21,907 [ERROR] LogOutputStream:75 - [STDERR_REDIRECT] [Fatal Error] :1:1: Premature end of file.
2025-08-11 21:52:21,907 [ERROR] LogOutputStream:75 - [STDERR_REDIRECT] 
2025-08-11 21:52:22,897 [ERROR] LogOutputStream:75 - [STDERR_REDIRECT] [Fatal Error] :1:1: Premature end of file.
2025-08-11 21:52:22,899 [ERROR] LogOutputStream:75 - [STDERR_REDIRECT] 
2025-08-11 21:52:23,897 [ERROR] LogOutputStream:75 - [STDERR_REDIRECT] [Fatal Error] :1:1: Premature end of file.
2025-08-11 21:52:23,897 [ERROR] LogOutputStream:75 - [STDERR_REDIRECT] 
2025-08-11 21:52:24,906 [ERROR] LogOutputStream:75 - [STDERR_REDIRECT] [Fatal Error] :1:1: Premature end of file.
2025-08-11 21:52:24,906 [ERROR] LogOutputStream:75 - [STDERR_REDIRECT] 
2025-08-11 21:52:25,895 [ERROR] LogOutputStream:75 - [STDERR_REDIRECT] [Fatal Error] :1:1: Premature end of file.
2025-08-11 21:52:25,896 [ERROR] LogOutputStream:75 - [STDERR_REDIRECT] 
2025-08-11 21:52:26,893 [ERROR] LogOutputStream:75 - [STDERR_REDIRECT] [Fatal Error] :1:1: Premature end of file.
2025-08-11 21:52:26,893 [ERROR] LogOutputStream:75 - [STDERR_REDIRECT] 
2025-08-11 21:52:27,896 [ERROR] LogOutputStream:75 - [STDERR_REDIRECT] [Fatal Error] :1:1: Premature end of file.
2025-08-11 21:52:27,897 [ERROR] LogOutputStream:75 - [STDERR_REDIRECT] 
2025-08-11 21:52:28,892 [ERROR] LogOutputStream:75 - [STDERR_REDIRECT] [Fatal Error] :1:1: Premature end of file.
2025-08-11 21:52:28,892 [ERROR] LogOutputStream:75 - [STDERR_REDIRECT] 
2025-08-11 21:52:29,893 [ERROR] LogOutputStream:75 - [STDERR_REDIRECT] [Fatal Error] :1:1: Premature end of file.
2025-08-11 21:52:29,893 [ERROR] LogOutputStream:75 - [STDERR_REDIRECT] 
2025-08-11 21:52:30,897 [ERROR] LogOutputStream:75 - [STDERR_REDIRECT] [Fatal Error] :1:1: Premature end of file.
2025-08-11 21:52:30,897 [ERROR] LogOutputStream:75 - [STDERR_REDIRECT] 
2025-08-11 21:52:31,895 [ERROR] LogOutputStream:75 - [STDERR_REDIRECT] [Fatal Error] :1:1: Premature end of file.
2025-08-11 21:52:31,895 [ERROR] LogOutputStream:75 - [STDERR_REDIRECT] 
2025-08-11 21:52:32,891 [ERROR] LogOutputStream:75 - [STDERR_REDIRECT] [Fatal Error] :1:1: Premature end of file.
2025-08-11 21:52:32,891 [ERROR] LogOutputStream:75 - [STDERR_REDIRECT] 
2025-08-11 21:52:33,890 [ERROR] LogOutputStream:75 - [STDERR_REDIRECT] [Fatal Error] :1:1: Premature end of file.
2025-08-11 21:52:33,891 [ERROR] LogOutputStream:75 - [STDERR_REDIRECT] 
2025-08-11 21:52:34,894 [ERROR] LogOutputStream:75 - [STDERR_REDIRECT] [Fatal Error] :1:1: Premature end of file.
2025-08-11 21:52:34,894 [ERROR] LogOutputStream:75 - [STDERR_REDIRECT] 
2025-08-11 21:52:35,898 [ERROR] LogOutputStream:75 - [STDERR_REDIRECT] [Fatal Error] :1:1: Premature end of file.
2025-08-11 21:52:35,899 [ERROR] LogOutputStream:75 - [STDERR_REDIRECT] 
2025-08-11 21:52:36,897 [ERROR] LogOutputStream:75 - [STDERR_REDIRECT] [Fatal Error] :1:1: Premature end of file.
2025-08-11 21:52:36,897 [ERROR] LogOutputStream:75 - [STDERR_REDIRECT] 
2025-08-11 21:52:37,895 [ERROR] LogOutputStream:75 - [STDERR_REDIRECT] [Fatal Error] :1:1: Premature end of file.
2025-08-11 21:52:37,897 [ERROR] LogOutputStream:75 - [STDERR_REDIRECT] 
2025-08-11 21:52:38,896 [ERROR] LogOutputStream:75 - [STDERR_REDIRECT] [Fatal Error] :1:1: Premature end of file.
2025-08-11 21:52:38,896 [ERROR] LogOutputStream:75 - [STDERR_REDIRECT] 
2025-08-11 21:52:39,889 [ERROR] LogOutputStream:75 - [STDERR_REDIRECT] [Fatal Error] :1:1: Premature end of file.
2025-08-11 21:52:39,889 [ERROR] LogOutputStream:75 - [STDERR_REDIRECT] 
2025-08-11 21:52:40,890 [ERROR] LogOutputStream:75 - [STDERR_REDIRECT] [Fatal Error] :1:1: Premature end of file.
2025-08-11 21:52:40,890 [ERROR] LogOutputStream:75 - [STDERR_REDIRECT] 
2025-08-11 21:52:41,893 [ERROR] LogOutputStream:75 - [STDERR_REDIRECT] [Fatal Error] :1:1: Premature end of file.
2025-08-11 21:52:41,893 [ERROR] LogOutputStream:75 - [STDERR_REDIRECT] 
2025-08-11 21:52:42,888 [ERROR] LogOutputStream:75 - [STDERR_REDIRECT] [Fatal Error] :1:1: Premature end of file.
2025-08-11 21:52:42,889 [ERROR] LogOutputStream:75 - [STDERR_REDIRECT] 
2025-08-11 21:52:43,877 [ERROR] LogOutputStream:75 - [STDERR_REDIRECT] [Fatal Error] :1:1: Premature end of file.
2025-08-11 21:52:43,877 [ERROR] LogOutputStream:75 - [STDERR_REDIRECT] 
2025-08-11 21:52:44,875 [ERROR] LogOutputStream:75 - [STDERR_REDIRECT] [Fatal Error] :1:1: Premature end of file.
2025-08-11 21:52:44,875 [ERROR] LogOutputStream:75 - [STDERR_REDIRECT] 
2025-08-11 21:52:45,892 [ERROR] LogOutputStream:75 - [STDERR_REDIRECT] [Fatal Error] :1:1: Premature end of file.
2025-08-11 21:52:45,892 [ERROR] LogOutputStream:75 - [STDERR_REDIRECT] 
2025-08-11 21:52:46,890 [ERROR] LogOutputStream:75 - [STDERR_REDIRECT] [Fatal Error] :1:1: Premature end of file.
2025-08-11 21:52:46,891 [ERROR] LogOutputStream:75 - [STDERR_REDIRECT] 
2025-08-11 21:52:47,895 [ERROR] LogOutputStream:75 - [STDERR_REDIRECT] [Fatal Error] :1:1: Premature end of file.
2025-08-11 21:52:47,895 [ERROR] LogOutputStream:75 - [STDERR_REDIRECT] 
2025-08-11 21:52:48,897 [ERROR] LogOutputStream:75 - [STDERR_REDIRECT] [Fatal Error] :1:1: Premature end of file.
2025-08-11 21:52:48,897 [ERROR] LogOutputStream:75 - [STDERR_REDIRECT] 
2025-08-11 21:52:49,894 [ERROR] LogOutputStream:75 - [STDERR_REDIRECT] [Fatal Error] :1:1: Premature end of file.
2025-08-11 21:52:49,894 [ERROR] LogOutputStream:75 - [STDERR_REDIRECT] 
2025-08-11 21:52:50,884 [ERROR] LogOutputStream:75 - [STDERR_REDIRECT] [Fatal Error] :1:1: Premature end of file.
2025-08-11 21:52:50,884 [ERROR] LogOutputStream:75 - [STDERR_REDIRECT] 
2025-08-11 21:52:51,883 [ERROR] LogOutputStream:75 - [STDERR_REDIRECT] [Fatal Error] :1:1: Premature end of file.
2025-08-11 21:52:51,883 [ERROR] LogOutputStream:75 - [STDERR_REDIRECT] 
2025-08-11 21:52:52,885 [ERROR] LogOutputStream:75 - [STDERR_REDIRECT] [Fatal Error] :1:1: Premature end of file.
2025-08-11 21:52:52,886 [ERROR] LogOutputStream:75 - [STDERR_REDIRECT] 
2025-08-11 21:52:53,896 [ERROR] LogOutputStream:75 - [STDERR_REDIRECT] [Fatal Error] :1:1: Premature end of file.
2025-08-11 21:52:53,896 [ERROR] LogOutputStream:75 - [STDERR_REDIRECT] 
2025-08-11 21:52:54,879 [ERROR] LogOutputStream:75 - [STDERR_REDIRECT] [Fatal Error] :1:1: Premature end of file.
2025-08-11 21:52:54,879 [ERROR] LogOutputStream:75 - [STDERR_REDIRECT] 
2025-08-11 21:52:55,893 [ERROR] LogOutputStream:75 - [STDERR_REDIRECT] [Fatal Error] :1:1: Premature end of file.
2025-08-11 21:52:55,893 [ERROR] LogOutputStream:75 - [STDERR_REDIRECT] 
2025-08-11 21:52:56,886 [ERROR] LogOutputStream:75 - [STDERR_REDIRECT] [Fatal Error] :1:1: Premature end of file.
2025-08-11 21:52:56,886 [ERROR] LogOutputStream:75 - [STDERR_REDIRECT] 
2025-08-11 21:52:57,890 [ERROR] LogOutputStream:75 - [STDERR_REDIRECT] [Fatal Error] :1:1: Premature end of file.
2025-08-11 21:52:57,890 [ERROR] LogOutputStream:75 - [STDERR_REDIRECT] 
2025-08-11 21:52:58,894 [ERROR] LogOutputStream:75 - [STDERR_REDIRECT] [Fatal Error] :1:1: Premature end of file.
2025-08-11 21:52:58,894 [ERROR] LogOutputStream:75 - [STDERR_REDIRECT] 
2025-08-11 21:52:59,894 [ERROR] LogOutputStream:75 - [STDERR_REDIRECT] [Fatal Error] :1:1: Premature end of file.
2025-08-11 21:52:59,894 [ERROR] LogOutputStream:75 - [STDERR_REDIRECT] 
2025-08-11 21:53:00,892 [ERROR] LogOutputStream:75 - [STDERR_REDIRECT] [Fatal Error] :1:1: Premature end of file.
2025-08-11 21:53:00,892 [ERROR] LogOutputStream:75 - [STDERR_REDIRECT] 
2025-08-11 21:53:01,893 [ERROR] LogOutputStream:75 - [STDERR_REDIRECT] [Fatal Error] :1:1: Premature end of file.
2025-08-11 21:53:01,893 [ERROR] LogOutputStream:75 - [STDERR_REDIRECT] 
2025-08-11 21:53:02,895 [ERROR] LogOutputStream:75 - [STDERR_REDIRECT] [Fatal Error] :1:1: Premature end of file.
2025-08-11 21:53:02,895 [ERROR] LogOutputStream:75 - [STDERR_REDIRECT] 
2025-08-11 21:53:03,890 [ERROR] LogOutputStream:75 - [STDERR_REDIRECT] [Fatal Error] :1:1: Premature end of file.
2025-08-11 21:53:03,890 [ERROR] LogOutputStream:75 - [STDERR_REDIRECT] 
2025-08-11 21:53:04,888 [ERROR] LogOutputStream:75 - [STDERR_REDIRECT] [Fatal Error] :1:1: Premature end of file.
2025-08-11 21:53:04,888 [ERROR] LogOutputStream:75 - [STDERR_REDIRECT] 
2025-08-11 21:53:05,892 [ERROR] LogOutputStream:75 - [STDERR_REDIRECT] [Fatal Error] :1:1: Premature end of file.
2025-08-11 21:53:05,892 [ERROR] LogOutputStream:75 - [STDERR_REDIRECT] 
2025-08-11 21:53:06,895 [ERROR] LogOutputStream:75 - [STDERR_REDIRECT] [Fatal Error] :1:1: Premature end of file.
2025-08-11 21:53:06,895 [ERROR] LogOutputStream:75 - [STDERR_REDIRECT] 
2025-08-11 21:53:07,886 [ERROR] LogOutputStream:75 - [STDERR_REDIRECT] [Fatal Error] :1:1: Premature end of file.
2025-08-11 21:53:07,886 [ERROR] LogOutputStream:75 - [STDERR_REDIRECT] 
2025-08-11 21:53:08,887 [ERROR] LogOutputStream:75 - [STDERR_REDIRECT] [Fatal Error] :1:1: Premature end of file.
2025-08-11 21:53:08,887 [ERROR] LogOutputStream:75 - [STDERR_REDIRECT] 
2025-08-11 21:53:09,890 [ERROR] LogOutputStream:75 - [STDERR_REDIRECT] [Fatal Error] :1:1: Premature end of file.
2025-08-11 21:53:09,891 [ERROR] LogOutputStream:75 - [STDERR_REDIRECT] 
2025-08-11 21:53:10,898 [ERROR] LogOutputStream:75 - [STDERR_REDIRECT] [Fatal Error] :1:1: Premature end of file.
2025-08-11 21:53:10,899 [ERROR] LogOutputStream:75 - [STDERR_REDIRECT] 
2025-08-11 21:53:11,893 [ERROR] LogOutputStream:75 - [STDERR_REDIRECT] [Fatal Error] :1:1: Premature end of file.
2025-08-11 21:53:11,893 [ERROR] LogOutputStream:75 - [STDERR_REDIRECT] 
2025-08-11 21:53:12,893 [ERROR] LogOutputStream:75 - [STDERR_REDIRECT] [Fatal Error] :1:1: Premature end of file.
2025-08-11 21:53:12,893 [ERROR] LogOutputStream:75 - [STDERR_REDIRECT] 
2025-08-11 21:53:13,884 [ERROR] LogOutputStream:75 - [STDERR_REDIRECT] [Fatal Error] :1:1: Premature end of file.
2025-08-11 21:53:13,884 [ERROR] LogOutputStream:75 - [STDERR_REDIRECT] 
2025-08-11 21:53:14,891 [ERROR] LogOutputStream:75 - [STDERR_REDIRECT] [Fatal Error] :1:1: Premature end of file.
2025-08-11 21:53:14,891 [ERROR] LogOutputStream:75 - [STDERR_REDIRECT] 
2025-08-11 21:53:15,893 [ERROR] LogOutputStream:75 - [STDERR_REDIRECT] [Fatal Error] :1:1: Premature end of file.
2025-08-11 21:53:15,893 [ERROR] LogOutputStream:75 - [STDERR_REDIRECT] 
2025-08-11 21:53:16,888 [ERROR] LogOutputStream:75 - [STDERR_REDIRECT] [Fatal Error] :1:1: Premature end of file.
2025-08-11 21:53:16,888 [ERROR] LogOutputStream:75 - [STDERR_REDIRECT] 
2025-08-11 21:53:17,885 [ERROR] LogOutputStream:75 - [STDERR_REDIRECT] [Fatal Error] :1:1: Premature end of file.
2025-08-11 21:53:17,886 [ERROR] LogOutputStream:75 - [STDERR_REDIRECT] 
2025-08-11 21:53:18,881 [ERROR] LogOutputStream:75 - [STDERR_REDIRECT] [Fatal Error] :1:1: Premature end of file.
2025-08-11 21:53:18,881 [ERROR] LogOutputStream:75 - [STDERR_REDIRECT] 
2025-08-11 21:53:19,887 [ERROR] LogOutputStream:75 - [STDERR_REDIRECT] [Fatal Error] :1:1: Premature end of file.
2025-08-11 21:53:19,887 [ERROR] LogOutputStream:75 - [STDERR_REDIRECT] 
2025-08-11 21:53:20,889 [ERROR] LogOutputStream:75 - [STDERR_REDIRECT] [Fatal Error] :1:1: Premature end of file.
2025-08-11 21:53:20,889 [ERROR] LogOutputStream:75 - [STDERR_REDIRECT] 
2025-08-11 21:53:21,895 [ERROR] LogOutputStream:75 - [STDERR_REDIRECT] [Fatal Error] :1:1: Premature end of file.
2025-08-11 21:53:21,895 [ERROR] LogOutputStream:75 - [STDERR_REDIRECT] 
2025-08-11 21:53:22,887 [ERROR] LogOutputStream:75 - [STDERR_REDIRECT] [Fatal Error] :1:1: Premature end of file.
2025-08-11 21:53:22,887 [ERROR] LogOutputStream:75 - [STDERR_REDIRECT] 
2025-08-11 21:53:23,881 [ERROR] LogOutputStream:75 - [STDERR_REDIRECT] [Fatal Error] :1:1: Premature end of file.
2025-08-11 21:53:23,881 [ERROR] LogOutputStream:75 - [STDERR_REDIRECT] 
2025-08-11 21:53:24,894 [ERROR] LogOutputStream:75 - [STDERR_REDIRECT] [Fatal Error] :1:1: Premature end of file.
2025-08-11 21:53:24,894 [ERROR] LogOutputStream:75 - [STDERR_REDIRECT] 
2025-08-11 21:53:25,888 [ERROR] LogOutputStream:75 - [STDERR_REDIRECT] [Fatal Error] :1:1: Premature end of file.
2025-08-11 21:53:25,888 [ERROR] LogOutputStream:75 - [STDERR_REDIRECT] 
2025-08-11 21:53:26,886 [ERROR] LogOutputStream:75 - [STDERR_REDIRECT] [Fatal Error] :1:1: Premature end of file.
2025-08-11 21:53:26,886 [ERROR] LogOutputStream:75 - [STDERR_REDIRECT] 
2025-08-11 21:53:27,894 [ERROR] LogOutputStream:75 - [STDERR_REDIRECT] [Fatal Error] :1:1: Premature end of file.
2025-08-11 21:53:27,894 [ERROR] LogOutputStream:75 - [STDERR_REDIRECT] 
2025-08-11 21:53:28,880 [ERROR] LogOutputStream:75 - [STDERR_REDIRECT] [Fatal Error] :1:1: Premature end of file.
2025-08-11 21:53:28,880 [ERROR] LogOutputStream:75 - [STDERR_REDIRECT] 
2025-08-11 21:53:29,914 [ERROR] LogOutputStream:75 - [STDERR_REDIRECT] [Fatal Error] :1:1: Premature end of file.
2025-08-11 21:53:29,914 [ERROR] LogOutputStream:75 - [STDERR_REDIRECT] 
2025-08-11 21:53:30,879 [ERROR] LogOutputStream:75 - [STDERR_REDIRECT] [Fatal Error] :1:1: Premature end of file.
2025-08-11 21:53:30,879 [ERROR] LogOutputStream:75 - [STDERR_REDIRECT] 
2025-08-11 21:53:31,881 [ERROR] LogOutputStream:75 - [STDERR_REDIRECT] [Fatal Error] :1:1: Premature end of file.
2025-08-11 21:53:31,881 [ERROR] LogOutputStream:75 - [STDERR_REDIRECT] 
2025-08-11 21:53:32,878 [ERROR] LogOutputStream:75 - [STDERR_REDIRECT] [Fatal Error] :1:1: Premature end of file.
2025-08-11 21:53:32,878 [ERROR] LogOutputStream:75 - [STDERR_REDIRECT] 
2025-08-11 21:53:33,878 [ERROR] LogOutputStream:75 - [STDERR_REDIRECT] [Fatal Error] :1:1: Premature end of file.
2025-08-11 21:53:33,878 [ERROR] LogOutputStream:75 - [STDERR_REDIRECT] 
2025-08-11 21:53:34,880 [ERROR] LogOutputStream:75 - [STDERR_REDIRECT] [Fatal Error] :1:1: Premature end of file.
2025-08-11 21:53:34,880 [ERROR] LogOutputStream:75 - [STDERR_REDIRECT] 
2025-08-11 21:53:35,883 [ERROR] LogOutputStream:75 - [STDERR_REDIRECT] [Fatal Error] :1:1: Premature end of file.
2025-08-11 21:53:35,883 [ERROR] LogOutputStream:75 - [STDERR_REDIRECT] 
2025-08-11 21:53:36,880 [ERROR] LogOutputStream:75 - [STDERR_REDIRECT] [Fatal Error] :1:1: Premature end of file.
2025-08-11 21:53:36,880 [ERROR] LogOutputStream:75 - [STDERR_REDIRECT] 
2025-08-11 21:53:37,880 [ERROR] LogOutputStream:75 - [STDERR_REDIRECT] [Fatal Error] :1:1: Premature end of file.
2025-08-11 21:53:37,881 [ERROR] LogOutputStream:75 - [STDERR_REDIRECT] 
2025-08-11 21:53:38,881 [ERROR] LogOutputStream:75 - [STDERR_REDIRECT] [Fatal Error] :1:1: Premature end of file.
2025-08-11 21:53:38,881 [ERROR] LogOutputStream:75 - [STDERR_REDIRECT] 
2025-08-11 21:53:39,881 [ERROR] LogOutputStream:75 - [STDERR_REDIRECT] [Fatal Error] :1:1: Premature end of file.
2025-08-11 21:53:39,881 [ERROR] LogOutputStream:75 - [STDERR_REDIRECT] 
2025-08-11 21:53:40,876 [ERROR] LogOutputStream:75 - [STDERR_REDIRECT] [Fatal Error] :1:1: Premature end of file.
2025-08-11 21:53:40,877 [ERROR] LogOutputStream:75 - [STDERR_REDIRECT] 
2025-08-11 21:53:41,879 [ERROR] LogOutputStream:75 - [STDERR_REDIRECT] [Fatal Error] :1:1: Premature end of file.
2025-08-11 21:53:41,879 [ERROR] LogOutputStream:75 - [STDERR_REDIRECT] 
2025-08-11 21:53:42,884 [ERROR] LogOutputStream:75 - [STDERR_REDIRECT] [Fatal Error] :1:1: Premature end of file.
2025-08-11 21:53:42,885 [ERROR] LogOutputStream:75 - [STDERR_REDIRECT] 
2025-08-11 21:53:43,886 [ERROR] LogOutputStream:75 - [STDERR_REDIRECT] [Fatal Error] :1:1: Premature end of file.
2025-08-11 21:53:43,886 [ERROR] LogOutputStream:75 - [STDERR_REDIRECT] 
2025-08-11 21:53:44,885 [ERROR] LogOutputStream:75 - [STDERR_REDIRECT] [Fatal Error] :1:1: Premature end of file.
2025-08-11 21:53:44,886 [ERROR] LogOutputStream:75 - [STDERR_REDIRECT] 
2025-08-11 21:53:45,887 [ERROR] LogOutputStream:75 - [STDERR_REDIRECT] [Fatal Error] :1:1: Premature end of file.
2025-08-11 21:53:45,887 [ERROR] LogOutputStream:75 - [STDERR_REDIRECT] 
2025-08-11 21:53:46,892 [ERROR] LogOutputStream:75 - [STDERR_REDIRECT] [Fatal Error] :1:1: Premature end of file.
2025-08-11 21:53:46,892 [ERROR] LogOutputStream:75 - [STDERR_REDIRECT] 
2025-08-11 21:53:47,879 [ERROR] LogOutputStream:75 - [STDERR_REDIRECT] [Fatal Error] :1:1: Premature end of file.
2025-08-11 21:53:47,879 [ERROR] LogOutputStream:75 - [STDERR_REDIRECT] 
2025-08-11 21:53:48,886 [ERROR] LogOutputStream:75 - [STDERR_REDIRECT] [Fatal Error] :1:1: Premature end of file.
2025-08-11 21:53:48,886 [ERROR] LogOutputStream:75 - [STDERR_REDIRECT] 
2025-08-11 21:53:49,894 [ERROR] LogOutputStream:75 - [STDERR_REDIRECT] [Fatal Error] :1:1: Premature end of file.
2025-08-11 21:53:49,894 [ERROR] LogOutputStream:75 - [STDERR_REDIRECT] 
2025-08-11 21:53:50,904 [ERROR] LogOutputStream:75 - [STDERR_REDIRECT] [Fatal Error] :1:1: Premature end of file.
2025-08-11 21:53:50,904 [ERROR] LogOutputStream:75 - [STDERR_REDIRECT] 
2025-08-11 21:53:51,880 [ERROR] LogOutputStream:75 - [STDERR_REDIRECT] [Fatal Error] :1:1: Premature end of file.
2025-08-11 21:53:51,880 [ERROR] LogOutputStream:75 - [STDERR_REDIRECT] 
2025-08-11 21:53:52,890 [ERROR] LogOutputStream:75 - [STDERR_REDIRECT] [Fatal Error] :1:1: Premature end of file.
2025-08-11 21:53:52,890 [ERROR] LogOutputStream:75 - [STDERR_REDIRECT] 
2025-08-11 21:53:53,878 [ERROR] LogOutputStream:75 - [STDERR_REDIRECT] [Fatal Error] :1:1: Premature end of file.
2025-08-11 21:53:53,878 [ERROR] LogOutputStream:75 - [STDERR_REDIRECT] 
2025-08-11 21:53:54,889 [ERROR] LogOutputStream:75 - [STDERR_REDIRECT] [Fatal Error] :1:1: Premature end of file.
2025-08-11 21:53:54,889 [ERROR] LogOutputStream:75 - [STDERR_REDIRECT] 
2025-08-11 21:53:55,892 [ERROR] LogOutputStream:75 - [STDERR_REDIRECT] [Fatal Error] :1:1: Premature end of file.
2025-08-11 21:53:55,892 [ERROR] LogOutputStream:75 - [STDERR_REDIRECT] 
2025-08-11 21:53:56,887 [ERROR] LogOutputStream:75 - [STDERR_REDIRECT] [Fatal Error] :1:1: Premature end of file.
2025-08-11 21:53:56,887 [ERROR] LogOutputStream:75 - [STDERR_REDIRECT] 
2025-08-11 21:53:57,880 [ERROR] LogOutputStream:75 - [STDERR_REDIRECT] [Fatal Error] :1:1: Premature end of file.
2025-08-11 21:53:57,880 [ERROR] LogOutputStream:75 - [STDERR_REDIRECT] 
2025-08-11 21:53:58,889 [ERROR] LogOutputStream:75 - [STDERR_REDIRECT] [Fatal Error] :1:1: Premature end of file.
2025-08-11 21:53:58,889 [ERROR] LogOutputStream:75 - [STDERR_REDIRECT] 
2025-08-11 21:53:59,893 [ERROR] LogOutputStream:75 - [STDERR_REDIRECT] [Fatal Error] :1:1: Premature end of file.
2025-08-11 21:53:59,893 [ERROR] LogOutputStream:75 - [STDERR_REDIRECT] 
2025-08-11 21:54:00,890 [ERROR] LogOutputStream:75 - [STDERR_REDIRECT] [Fatal Error] :1:1: Premature end of file.
2025-08-11 21:54:00,890 [ERROR] LogOutputStream:75 - [STDERR_REDIRECT] 
2025-08-11 21:54:01,890 [ERROR] LogOutputStream:75 - [STDERR_REDIRECT] [Fatal Error] :1:1: Premature end of file.
2025-08-11 21:54:01,891 [ERROR] LogOutputStream:75 - [STDERR_REDIRECT] 
2025-08-11 21:54:02,886 [ERROR] LogOutputStream:75 - [STDERR_REDIRECT] [Fatal Error] :1:1: Premature end of file.
2025-08-11 21:54:02,886 [ERROR] LogOutputStream:75 - [STDERR_REDIRECT] 
2025-08-11 21:54:03,891 [ERROR] LogOutputStream:75 - [STDERR_REDIRECT] [Fatal Error] :1:1: Premature end of file.
2025-08-11 21:54:03,891 [ERROR] LogOutputStream:75 - [STDERR_REDIRECT] 
2025-08-11 21:54:04,891 [ERROR] LogOutputStream:75 - [STDERR_REDIRECT] [Fatal Error] :1:1: Premature end of file.
2025-08-11 21:54:04,892 [ERROR] LogOutputStream:75 - [STDERR_REDIRECT] 
2025-08-11 21:54:05,892 [ERROR] LogOutputStream:75 - [STDERR_REDIRECT] [Fatal Error] :1:1: Premature end of file.
2025-08-11 21:54:05,892 [ERROR] LogOutputStream:75 - [STDERR_REDIRECT] 
2025-08-11 21:54:06,882 [ERROR] LogOutputStream:75 - [STDERR_REDIRECT] [Fatal Error] :1:1: Premature end of file.
2025-08-11 21:54:06,882 [ERROR] LogOutputStream:75 - [STDERR_REDIRECT] 
2025-08-11 21:54:07,893 [ERROR] LogOutputStream:75 - [STDERR_REDIRECT] [Fatal Error] :1:1: Premature end of file.
2025-08-11 21:54:07,893 [ERROR] LogOutputStream:75 - [STDERR_REDIRECT] 
2025-08-11 21:54:08,893 [ERROR] LogOutputStream:75 - [STDERR_REDIRECT] [Fatal Error] :1:1: Premature end of file.
2025-08-11 21:54:08,893 [ERROR] LogOutputStream:75 - [STDERR_REDIRECT] 
2025-08-11 21:54:09,892 [ERROR] LogOutputStream:75 - [STDERR_REDIRECT] [Fatal Error] :1:1: Premature end of file.
2025-08-11 21:54:09,892 [ERROR] LogOutputStream:75 - [STDERR_REDIRECT] 
2025-08-11 21:54:10,895 [ERROR] LogOutputStream:75 - [STDERR_REDIRECT] [Fatal Error] :1:1: Premature end of file.
2025-08-11 21:54:10,895 [ERROR] LogOutputStream:75 - [STDERR_REDIRECT] 
2025-08-11 21:54:11,892 [ERROR] LogOutputStream:75 - [STDERR_REDIRECT] [Fatal Error] :1:1: Premature end of file.
2025-08-11 21:54:11,892 [ERROR] LogOutputStream:75 - [STDERR_REDIRECT] 
2025-08-11 21:54:12,892 [ERROR] LogOutputStream:75 - [STDERR_REDIRECT] [Fatal Error] :1:1: Premature end of file.
2025-08-11 21:54:12,892 [ERROR] LogOutputStream:75 - [STDERR_REDIRECT] 
2025-08-11 21:54:13,892 [ERROR] LogOutputStream:75 - [STDERR_REDIRECT] [Fatal Error] :1:1: Premature end of file.
2025-08-11 21:54:13,892 [ERROR] LogOutputStream:75 - [STDERR_REDIRECT] 
2025-08-11 21:54:14,882 [ERROR] LogOutputStream:75 - [STDERR_REDIRECT] [Fatal Error] :1:1: Premature end of file.
2025-08-11 21:54:14,882 [ERROR] LogOutputStream:75 - [STDERR_REDIRECT] 
2025-08-11 21:54:15,882 [ERROR] LogOutputStream:75 - [STDERR_REDIRECT] [Fatal Error] :1:1: Premature end of file.
2025-08-11 21:54:15,882 [ERROR] LogOutputStream:75 - [STDERR_REDIRECT] 
2025-08-11 21:54:16,892 [ERROR] LogOutputStream:75 - [STDERR_REDIRECT] [Fatal Error] :1:1: Premature end of file.
2025-08-11 21:54:16,892 [ERROR] LogOutputStream:75 - [STDERR_REDIRECT] 
2025-08-11 21:54:17,882 [ERROR] LogOutputStream:75 - [STDERR_REDIRECT] [Fatal Error] :1:1: Premature end of file.
2025-08-11 21:54:17,882 [ERROR] LogOutputStream:75 - [STDERR_REDIRECT] 
2025-08-11 21:54:18,892 [ERROR] LogOutputStream:75 - [STDERR_REDIRECT] [Fatal Error] :1:1: Premature end of file.
2025-08-11 21:54:18,892 [ERROR] LogOutputStream:75 - [STDERR_REDIRECT] 
2025-08-11 21:54:19,892 [ERROR] LogOutputStream:75 - [STDERR_REDIRECT] [Fatal Error] :1:1: Premature end of file.
2025-08-11 21:54:19,892 [ERROR] LogOutputStream:75 - [STDERR_REDIRECT] 
2025-08-11 21:54:20,886 [ERROR] LogOutputStream:75 - [STDERR_REDIRECT] [Fatal Error] :1:1: Premature end of file.
2025-08-11 21:54:20,887 [ERROR] LogOutputStream:75 - [STDERR_REDIRECT] 
2025-08-11 21:54:21,895 [ERROR] LogOutputStream:75 - [STDERR_REDIRECT] [Fatal Error] :1:1: Premature end of file.
2025-08-11 21:54:21,895 [ERROR] LogOutputStream:75 - [STDERR_REDIRECT] 
2025-08-11 21:54:22,892 [ERROR] LogOutputStream:75 - [STDERR_REDIRECT] [Fatal Error] :1:1: Premature end of file.
2025-08-11 21:54:22,892 [ERROR] LogOutputStream:75 - [STDERR_REDIRECT] 
2025-08-11 21:54:23,894 [ERROR] LogOutputStream:75 - [STDERR_REDIRECT] [Fatal Error] :1:1: Premature end of file.
2025-08-11 21:54:23,894 [ERROR] LogOutputStream:75 - [STDERR_REDIRECT] 
2025-08-11 21:54:24,892 [ERROR] LogOutputStream:75 - [STDERR_REDIRECT] [Fatal Error] :1:1: Premature end of file.
2025-08-11 21:54:24,892 [ERROR] LogOutputStream:75 - [STDERR_REDIRECT] 
2025-08-11 21:54:25,880 [ERROR] LogOutputStream:75 - [STDERR_REDIRECT] [Fatal Error] :1:1: Premature end of file.
2025-08-11 21:54:25,880 [ERROR] LogOutputStream:75 - [STDERR_REDIRECT] 
2025-08-11 21:54:26,894 [ERROR] LogOutputStream:75 - [STDERR_REDIRECT] [Fatal Error] :1:1: Premature end of file.
2025-08-11 21:54:26,894 [ERROR] LogOutputStream:75 - [STDERR_REDIRECT] 
2025-08-11 21:54:27,893 [ERROR] LogOutputStream:75 - [STDERR_REDIRECT] [Fatal Error] :1:1: Premature end of file.
2025-08-11 21:54:27,893 [ERROR] LogOutputStream:75 - [STDERR_REDIRECT] 
2025-08-11 21:54:28,896 [ERROR] LogOutputStream:75 - [STDERR_REDIRECT] [Fatal Error] :1:1: Premature end of file.
2025-08-11 21:54:28,896 [ERROR] LogOutputStream:75 - [STDERR_REDIRECT] 
2025-08-11 21:54:29,893 [ERROR] LogOutputStream:75 - [STDERR_REDIRECT] [Fatal Error] :1:1: Premature end of file.
2025-08-11 21:54:29,893 [ERROR] LogOutputStream:75 - [STDERR_REDIRECT] 
2025-08-11 21:54:30,893 [ERROR] LogOutputStream:75 - [STDERR_REDIRECT] [Fatal Error] :1:1: Premature end of file.
2025-08-11 21:54:30,893 [ERROR] LogOutputStream:75 - [STDERR_REDIRECT] 
2025-08-11 21:54:31,893 [ERROR] LogOutputStream:75 - [STDERR_REDIRECT] [Fatal Error] :1:1: Premature end of file.
2025-08-11 21:54:31,893 [ERROR] LogOutputStream:75 - [STDERR_REDIRECT] 
2025-08-11 21:54:32,889 [ERROR] LogOutputStream:75 - [STDERR_REDIRECT] [Fatal Error] :1:1: Premature end of file.
2025-08-11 21:54:32,890 [ERROR] LogOutputStream:75 - [STDERR_REDIRECT] 
2025-08-11 21:54:33,890 [ERROR] LogOutputStream:75 - [STDERR_REDIRECT] [Fatal Error] :1:1: Premature end of file.
2025-08-11 21:54:33,890 [ERROR] LogOutputStream:75 - [STDERR_REDIRECT] 
2025-08-11 21:54:34,893 [ERROR] LogOutputStream:75 - [STDERR_REDIRECT] [Fatal Error] :1:1: Premature end of file.
2025-08-11 21:54:34,893 [ERROR] LogOutputStream:75 - [STDERR_REDIRECT] 
2025-08-11 21:54:35,891 [ERROR] LogOutputStream:75 - [STDERR_REDIRECT] [Fatal Error] :1:1: Premature end of file.
2025-08-11 21:54:35,891 [ERROR] LogOutputStream:75 - [STDERR_REDIRECT] 
2025-08-11 21:54:36,896 [ERROR] LogOutputStream:75 - [STDERR_REDIRECT] [Fatal Error] :1:1: Premature end of file.
2025-08-11 21:54:36,896 [ERROR] LogOutputStream:75 - [STDERR_REDIRECT] 
2025-08-11 21:54:37,896 [ERROR] LogOutputStream:75 - [STDERR_REDIRECT] [Fatal Error] :1:1: Premature end of file.
2025-08-11 21:54:37,896 [ERROR] LogOutputStream:75 - [STDERR_REDIRECT] 
2025-08-11 21:54:38,897 [ERROR] LogOutputStream:75 - [STDERR_REDIRECT] [Fatal Error] :1:1: Premature end of file.
2025-08-11 21:54:38,897 [ERROR] LogOutputStream:75 - [STDERR_REDIRECT] 
2025-08-11 21:54:39,893 [ERROR] LogOutputStream:75 - [STDERR_REDIRECT] [Fatal Error] :1:1: Premature end of file.
2025-08-11 21:54:39,893 [ERROR] LogOutputStream:75 - [STDERR_REDIRECT] 
2025-08-11 21:54:40,896 [ERROR] LogOutputStream:75 - [STDERR_REDIRECT] [Fatal Error] :1:1: Premature end of file.
2025-08-11 21:54:40,896 [ERROR] LogOutputStream:75 - [STDERR_REDIRECT] 
2025-08-11 21:54:41,891 [ERROR] LogOutputStream:75 - [STDERR_REDIRECT] [Fatal Error] :1:1: Premature end of file.
2025-08-11 21:54:41,891 [ERROR] LogOutputStream:75 - [STDERR_REDIRECT] 
2025-08-11 21:54:42,893 [ERROR] LogOutputStream:75 - [STDERR_REDIRECT] [Fatal Error] :1:1: Premature end of file.
2025-08-11 21:54:42,894 [ERROR] LogOutputStream:75 - [STDERR_REDIRECT] 
2025-08-11 21:54:43,892 [ERROR] LogOutputStream:75 - [STDERR_REDIRECT] [Fatal Error] :1:1: Premature end of file.
2025-08-11 21:54:43,893 [ERROR] LogOutputStream:75 - [STDERR_REDIRECT] 
2025-08-11 21:54:44,890 [ERROR] LogOutputStream:75 - [STDERR_REDIRECT] [Fatal Error] :1:1: Premature end of file.
2025-08-11 21:54:44,890 [ERROR] LogOutputStream:75 - [STDERR_REDIRECT] 
2025-08-11 21:54:45,895 [ERROR] LogOutputStream:75 - [STDERR_REDIRECT] [Fatal Error] :1:1: Premature end of file.
2025-08-11 21:54:45,896 [ERROR] LogOutputStream:75 - [STDERR_REDIRECT] 
2025-08-11 21:54:46,895 [ERROR] LogOutputStream:75 - [STDERR_REDIRECT] [Fatal Error] :1:1: Premature end of file.
2025-08-11 21:54:46,895 [ERROR] LogOutputStream:75 - [STDERR_REDIRECT] 
2025-08-11 21:54:47,891 [ERROR] LogOutputStream:75 - [STDERR_REDIRECT] [Fatal Error] :1:1: Premature end of file.
2025-08-11 21:54:47,892 [ERROR] LogOutputStream:75 - [STDERR_REDIRECT] 
2025-08-11 21:54:48,896 [ERROR] LogOutputStream:75 - [STDERR_REDIRECT] [Fatal Error] :1:1: Premature end of file.
2025-08-11 21:54:48,896 [ERROR] LogOutputStream:75 - [STDERR_REDIRECT] 
2025-08-11 21:54:49,893 [ERROR] LogOutputStream:75 - [STDERR_REDIRECT] [Fatal Error] :1:1: Premature end of file.
2025-08-11 21:54:49,895 [ERROR] LogOutputStream:75 - [STDERR_REDIRECT] 
2025-08-11 21:54:50,880 [ERROR] LogOutputStream:75 - [STDERR_REDIRECT] [Fatal Error] :1:1: Premature end of file.
2025-08-11 21:54:50,880 [ERROR] LogOutputStream:75 - [STDERR_REDIRECT] 
2025-08-11 21:54:51,894 [ERROR] LogOutputStream:75 - [STDERR_REDIRECT] [Fatal Error] :1:1: Premature end of file.
2025-08-11 21:54:51,894 [ERROR] LogOutputStream:75 - [STDERR_REDIRECT] 
2025-08-11 21:54:52,892 [ERROR] LogOutputStream:75 - [STDERR_REDIRECT] [Fatal Error] :1:1: Premature end of file.
2025-08-11 21:54:52,893 [ERROR] LogOutputStream:75 - [STDERR_REDIRECT] 
2025-08-11 21:54:53,880 [ERROR] LogOutputStream:75 - [STDERR_REDIRECT] [Fatal Error] :1:1: Premature end of file.
2025-08-11 21:54:53,880 [ERROR] LogOutputStream:75 - [STDERR_REDIRECT] 
2025-08-11 21:54:54,878 [ERROR] LogOutputStream:75 - [STDERR_REDIRECT] [Fatal Error] :1:1: Premature end of file.
2025-08-11 21:54:54,878 [ERROR] LogOutputStream:75 - [STDERR_REDIRECT] 
2025-08-11 21:54:55,896 [ERROR] LogOutputStream:75 - [STDERR_REDIRECT] [Fatal Error] :1:1: Premature end of file.
2025-08-11 21:54:55,896 [ERROR] LogOutputStream:75 - [STDERR_REDIRECT] 
2025-08-11 21:54:56,896 [ERROR] LogOutputStream:75 - [STDERR_REDIRECT] [Fatal Error] :1:1: Premature end of file.
2025-08-11 21:54:56,896 [ERROR] LogOutputStream:75 - [STDERR_REDIRECT] 
2025-08-11 21:54:57,884 [ERROR] LogOutputStream:75 - [STDERR_REDIRECT] [Fatal Error] :1:1: Premature end of file.
2025-08-11 21:54:57,884 [ERROR] LogOutputStream:75 - [STDERR_REDIRECT] 
2025-08-11 21:54:58,890 [ERROR] LogOutputStream:75 - [STDERR_REDIRECT] [Fatal Error] :1:1: Premature end of file.
2025-08-11 21:54:58,890 [ERROR] LogOutputStream:75 - [STDERR_REDIRECT] 
2025-08-11 21:54:59,892 [ERROR] LogOutputStream:75 - [STDERR_REDIRECT] [Fatal Error] :1:1: Premature end of file.
2025-08-11 21:54:59,892 [ERROR] LogOutputStream:75 - [STDERR_REDIRECT] 
2025-08-11 21:55:00,894 [ERROR] LogOutputStream:75 - [STDERR_REDIRECT] [Fatal Error] :1:1: Premature end of file.
2025-08-11 21:55:00,895 [ERROR] LogOutputStream:75 - [STDERR_REDIRECT] 
2025-08-11 21:55:01,881 [ERROR] LogOutputStream:75 - [STDERR_REDIRECT] [Fatal Error] :1:1: Premature end of file.
2025-08-11 21:55:01,881 [ERROR] LogOutputStream:75 - [STDERR_REDIRECT] 
2025-08-11 21:55:02,892 [ERROR] LogOutputStream:75 - [STDERR_REDIRECT] [Fatal Error] :1:1: Premature end of file.
2025-08-11 21:55:02,892 [ERROR] LogOutputStream:75 - [STDERR_REDIRECT] 
2025-08-11 21:55:03,884 [ERROR] LogOutputStream:75 - [STDERR_REDIRECT] [Fatal Error] :1:1: Premature end of file.
2025-08-11 21:55:03,884 [ERROR] LogOutputStream:75 - [STDERR_REDIRECT] 
2025-08-11 21:55:04,892 [ERROR] LogOutputStream:75 - [STDERR_REDIRECT] [Fatal Error] :1:1: Premature end of file.
2025-08-11 21:55:04,892 [ERROR] LogOutputStream:75 - [STDERR_REDIRECT] 
2025-08-11 21:55:05,889 [ERROR] LogOutputStream:75 - [STDERR_REDIRECT] [Fatal Error] :1:1: Premature end of file.
2025-08-11 21:55:05,889 [ERROR] LogOutputStream:75 - [STDERR_REDIRECT] 
2025-08-11 21:55:06,887 [ERROR] LogOutputStream:75 - [STDERR_REDIRECT] [Fatal Error] :1:1: Premature end of file.
2025-08-11 21:55:06,887 [ERROR] LogOutputStream:75 - [STDERR_REDIRECT] 
2025-08-11 21:55:07,890 [ERROR] LogOutputStream:75 - [STDERR_REDIRECT] [Fatal Error] :1:1: Premature end of file.
2025-08-11 21:55:07,890 [ERROR] LogOutputStream:75 - [STDERR_REDIRECT] 
2025-08-11 21:55:08,894 [ERROR] LogOutputStream:75 - [STDERR_REDIRECT] [Fatal Error] :1:1: Premature end of file.
2025-08-11 21:55:08,894 [ERROR] LogOutputStream:75 - [STDERR_REDIRECT] 
2025-08-11 21:55:09,889 [ERROR] LogOutputStream:75 - [STDERR_REDIRECT] [Fatal Error] :1:1: Premature end of file.
2025-08-11 21:55:09,889 [ERROR] LogOutputStream:75 - [STDERR_REDIRECT] 
2025-08-11 21:55:10,892 [ERROR] LogOutputStream:75 - [STDERR_REDIRECT] [Fatal Error] :1:1: Premature end of file.
2025-08-11 21:55:10,892 [ERROR] LogOutputStream:75 - [STDERR_REDIRECT] 
2025-08-11 21:55:11,890 [ERROR] LogOutputStream:75 - [STDERR_REDIRECT] [Fatal Error] :1:1: Premature end of file.
2025-08-11 21:55:11,890 [ERROR] LogOutputStream:75 - [STDERR_REDIRECT] 
2025-08-11 21:55:12,891 [ERROR] LogOutputStream:75 - [STDERR_REDIRECT] [Fatal Error] :1:1: Premature end of file.
2025-08-11 21:55:12,891 [ERROR] LogOutputStream:75 - [STDERR_REDIRECT] 
2025-08-11 21:55:13,895 [ERROR] LogOutputStream:75 - [STDERR_REDIRECT] [Fatal Error] :1:1: Premature end of file.
2025-08-11 21:55:13,895 [ERROR] LogOutputStream:75 - [STDERR_REDIRECT] 
2025-08-11 21:55:14,887 [ERROR] LogOutputStream:75 - [STDERR_REDIRECT] [Fatal Error] :1:1: Premature end of file.
2025-08-11 21:55:14,887 [ERROR] LogOutputStream:75 - [STDERR_REDIRECT] 
2025-08-11 21:55:15,892 [ERROR] LogOutputStream:75 - [STDERR_REDIRECT] [Fatal Error] :1:1: Premature end of file.
2025-08-11 21:55:15,892 [ERROR] LogOutputStream:75 - [STDERR_REDIRECT] 
2025-08-11 21:55:16,894 [ERROR] LogOutputStream:75 - [STDERR_REDIRECT] [Fatal Error] :1:1: Premature end of file.
2025-08-11 21:55:16,894 [ERROR] LogOutputStream:75 - [STDERR_REDIRECT] 
2025-08-11 21:55:17,890 [ERROR] LogOutputStream:75 - [STDERR_REDIRECT] [Fatal Error] :1:1: Premature end of file.
2025-08-11 21:55:17,891 [ERROR] LogOutputStream:75 - [STDERR_REDIRECT] 
2025-08-11 21:55:18,895 [ERROR] LogOutputStream:75 - [STDERR_REDIRECT] [Fatal Error] :1:1: Premature end of file.
2025-08-11 21:55:18,896 [ERROR] LogOutputStream:75 - [STDERR_REDIRECT] 
2025-08-11 21:55:19,888 [ERROR] LogOutputStream:75 - [STDERR_REDIRECT] [Fatal Error] :1:1: Premature end of file.
2025-08-11 21:55:19,888 [ERROR] LogOutputStream:75 - [STDERR_REDIRECT] 
2025-08-11 21:55:20,900 [ERROR] LogOutputStream:75 - [STDERR_REDIRECT] [Fatal Error] :1:1: Premature end of file.
2025-08-11 21:55:20,900 [ERROR] LogOutputStream:75 - [STDERR_REDIRECT] 
2025-08-11 21:55:21,894 [ERROR] LogOutputStream:75 - [STDERR_REDIRECT] [Fatal Error] :1:1: Premature end of file.
2025-08-11 21:55:21,894 [ERROR] LogOutputStream:75 - [STDERR_REDIRECT] 
2025-08-11 21:55:22,895 [ERROR] LogOutputStream:75 - [STDERR_REDIRECT] [Fatal Error] :1:1: Premature end of file.
2025-08-11 21:55:22,895 [ERROR] LogOutputStream:75 - [STDERR_REDIRECT] 
2025-08-11 21:55:23,891 [ERROR] LogOutputStream:75 - [STDERR_REDIRECT] [Fatal Error] :1:1: Premature end of file.
2025-08-11 21:55:23,891 [ERROR] LogOutputStream:75 - [STDERR_REDIRECT] 
2025-08-11 21:55:24,892 [ERROR] LogOutputStream:75 - [STDERR_REDIRECT] [Fatal Error] :1:1: Premature end of file.
2025-08-11 21:55:24,892 [ERROR] LogOutputStream:75 - [STDERR_REDIRECT] 
2025-08-11 21:55:25,895 [ERROR] LogOutputStream:75 - [STDERR_REDIRECT] [Fatal Error] :1:1: Premature end of file.
2025-08-11 21:55:25,895 [ERROR] LogOutputStream:75 - [STDERR_REDIRECT] 
2025-08-11 21:55:26,895 [ERROR] LogOutputStream:75 - [STDERR_REDIRECT] [Fatal Error] :1:1: Premature end of file.
2025-08-11 21:55:26,895 [ERROR] LogOutputStream:75 - [STDERR_REDIRECT] 
2025-08-11 21:55:27,893 [ERROR] LogOutputStream:75 - [STDERR_REDIRECT] [Fatal Error] :1:1: Premature end of file.
2025-08-11 21:55:27,893 [ERROR] LogOutputStream:75 - [STDERR_REDIRECT] 
2025-08-11 21:55:28,895 [ERROR] LogOutputStream:75 - [STDERR_REDIRECT] [Fatal Error] :1:1: Premature end of file.
2025-08-11 21:55:28,896 [ERROR] LogOutputStream:75 - [STDERR_REDIRECT] 
2025-08-11 21:55:29,894 [ERROR] LogOutputStream:75 - [STDERR_REDIRECT] [Fatal Error] :1:1: Premature end of file.
2025-08-11 21:55:29,895 [ERROR] LogOutputStream:75 - [STDERR_REDIRECT] 
2025-08-11 21:55:30,896 [ERROR] LogOutputStream:75 - [STDERR_REDIRECT] [Fatal Error] :1:1: Premature end of file.
2025-08-11 21:55:30,896 [ERROR] LogOutputStream:75 - [STDERR_REDIRECT] 
2025-08-11 21:55:31,895 [ERROR] LogOutputStream:75 - [STDERR_REDIRECT] [Fatal Error] :1:1: Premature end of file.
2025-08-11 21:55:31,895 [ERROR] LogOutputStream:75 - [STDERR_REDIRECT] 
2025-08-11 21:55:32,906 [ERROR] LogOutputStream:75 - [STDERR_REDIRECT] [Fatal Error] :1:1: Premature end of file.
2025-08-11 21:55:32,907 [ERROR] LogOutputStream:75 - [STDERR_REDIRECT] 
2025-08-11 21:55:33,893 [ERROR] LogOutputStream:75 - [STDERR_REDIRECT] [Fatal Error] :1:1: Premature end of file.
2025-08-11 21:55:33,893 [ERROR] LogOutputStream:75 - [STDERR_REDIRECT] 
2025-08-11 21:55:34,896 [ERROR] LogOutputStream:75 - [STDERR_REDIRECT] [Fatal Error] :1:1: Premature end of file.
2025-08-11 21:55:34,897 [ERROR] LogOutputStream:75 - [STDERR_REDIRECT] 
2025-08-11 21:55:35,897 [ERROR] LogOutputStream:75 - [STDERR_REDIRECT] [Fatal Error] :1:1: Premature end of file.
2025-08-11 21:55:35,898 [ERROR] LogOutputStream:75 - [STDERR_REDIRECT] 
2025-08-11 21:55:36,890 [ERROR] LogOutputStream:75 - [STDERR_REDIRECT] [Fatal Error] :1:1: Premature end of file.
2025-08-11 21:55:36,890 [ERROR] LogOutputStream:75 - [STDERR_REDIRECT] 
2025-08-11 21:55:37,889 [ERROR] LogOutputStream:75 - [STDERR_REDIRECT] [Fatal Error] :1:1: Premature end of file.
2025-08-11 21:55:37,889 [ERROR] LogOutputStream:75 - [STDERR_REDIRECT] 
2025-08-11 21:55:38,893 [ERROR] LogOutputStream:75 - [STDERR_REDIRECT] [Fatal Error] :1:1: Premature end of file.
2025-08-11 21:55:38,893 [ERROR] LogOutputStream:75 - [STDERR_REDIRECT] 
2025-08-11 21:55:39,894 [ERROR] LogOutputStream:75 - [STDERR_REDIRECT] [Fatal Error] :1:1: Premature end of file.
2025-08-11 21:55:39,894 [ERROR] LogOutputStream:75 - [STDERR_REDIRECT] 
2025-08-11 21:55:40,894 [ERROR] LogOutputStream:75 - [STDERR_REDIRECT] [Fatal Error] :1:1: Premature end of file.
2025-08-11 21:55:40,894 [ERROR] LogOutputStream:75 - [STDERR_REDIRECT] 
2025-08-11 21:55:41,894 [ERROR] LogOutputStream:75 - [STDERR_REDIRECT] [Fatal Error] :1:1: Premature end of file.
2025-08-11 21:55:41,895 [ERROR] LogOutputStream:75 - [STDERR_REDIRECT] 
2025-08-11 21:55:42,894 [ERROR] LogOutputStream:75 - [STDERR_REDIRECT] [Fatal Error] :1:1: Premature end of file.
2025-08-11 21:55:42,894 [ERROR] LogOutputStream:75 - [STDERR_REDIRECT] 
2025-08-11 21:55:43,892 [ERROR] LogOutputStream:75 - [STDERR_REDIRECT] [Fatal Error] :1:1: Premature end of file.
2025-08-11 21:55:43,892 [ERROR] LogOutputStream:75 - [STDERR_REDIRECT] 
2025-08-11 21:55:44,905 [ERROR] LogOutputStream:75 - [STDERR_REDIRECT] [Fatal Error] :1:1: Premature end of file.
2025-08-11 21:55:44,906 [ERROR] LogOutputStream:75 - [STDERR_REDIRECT] 
2025-08-11 21:55:45,896 [ERROR] LogOutputStream:75 - [STDERR_REDIRECT] [Fatal Error] :1:1: Premature end of file.
2025-08-11 21:55:45,896 [ERROR] LogOutputStream:75 - [STDERR_REDIRECT] 
2025-08-11 21:55:46,896 [ERROR] LogOutputStream:75 - [STDERR_REDIRECT] [Fatal Error] :1:1: Premature end of file.
2025-08-11 21:55:46,896 [ERROR] LogOutputStream:75 - [STDERR_REDIRECT] 
2025-08-11 21:55:47,894 [ERROR] LogOutputStream:75 - [STDERR_REDIRECT] [Fatal Error] :1:1: Premature end of file.
2025-08-11 21:55:47,895 [ERROR] LogOutputStream:75 - [STDERR_REDIRECT] 
2025-08-11 21:55:48,889 [ERROR] LogOutputStream:75 - [STDERR_REDIRECT] [Fatal Error] :1:1: Premature end of file.
2025-08-11 21:55:48,889 [ERROR] LogOutputStream:75 - [STDERR_REDIRECT] 
2025-08-11 21:55:49,892 [ERROR] LogOutputStream:75 - [STDERR_REDIRECT] [Fatal Error] :1:1: Premature end of file.
2025-08-11 21:55:49,892 [ERROR] LogOutputStream:75 - [STDERR_REDIRECT] 
2025-08-11 21:55:50,893 [ERROR] LogOutputStream:75 - [STDERR_REDIRECT] [Fatal Error] :1:1: Premature end of file.
2025-08-11 21:55:50,893 [ERROR] LogOutputStream:75 - [STDERR_REDIRECT] 
2025-08-11 21:55:51,895 [ERROR] LogOutputStream:75 - [STDERR_REDIRECT] [Fatal Error] :1:1: Premature end of file.
2025-08-11 21:55:51,895 [ERROR] LogOutputStream:75 - [STDERR_REDIRECT] 
2025-08-11 21:55:52,896 [ERROR] LogOutputStream:75 - [STDERR_REDIRECT] [Fatal Error] :1:1: Premature end of file.
2025-08-11 21:55:52,896 [ERROR] LogOutputStream:75 - [STDERR_REDIRECT] 
2025-08-11 21:55:53,890 [ERROR] LogOutputStream:75 - [STDERR_REDIRECT] [Fatal Error] :1:1: Premature end of file.
2025-08-11 21:55:53,890 [ERROR] LogOutputStream:75 - [STDERR_REDIRECT] 
2025-08-11 21:55:54,895 [ERROR] LogOutputStream:75 - [STDERR_REDIRECT] [Fatal Error] :1:1: Premature end of file.
2025-08-11 21:55:54,896 [ERROR] LogOutputStream:75 - [STDERR_REDIRECT] 
2025-08-11 21:55:55,891 [ERROR] LogOutputStream:75 - [STDERR_REDIRECT] [Fatal Error] :1:1: Premature end of file.
2025-08-11 21:55:55,891 [ERROR] LogOutputStream:75 - [STDERR_REDIRECT] 
2025-08-11 21:55:56,911 [ERROR] LogOutputStream:75 - [STDERR_REDIRECT] [Fatal Error] :1:1: Premature end of file.
2025-08-11 21:55:56,915 [ERROR] LogOutputStream:75 - [STDERR_REDIRECT] 
2025-08-11 21:55:57,895 [ERROR] LogOutputStream:75 - [STDERR_REDIRECT] [Fatal Error] :1:1: Premature end of file.
2025-08-11 21:55:57,895 [ERROR] LogOutputStream:75 - [STDERR_REDIRECT] 
2025-08-11 21:55:58,896 [ERROR] LogOutputStream:75 - [STDERR_REDIRECT] [Fatal Error] :1:1: Premature end of file.
2025-08-11 21:55:58,896 [ERROR] LogOutputStream:75 - [STDERR_REDIRECT] 
2025-08-11 21:55:59,890 [ERROR] LogOutputStream:75 - [STDERR_REDIRECT] [Fatal Error] :1:1: Premature end of file.
2025-08-11 21:55:59,890 [ERROR] LogOutputStream:75 - [STDERR_REDIRECT] 
2025-08-11 21:56:00,885 [ERROR] LogOutputStream:75 - [STDERR_REDIRECT] [Fatal Error] :1:1: Premature end of file.
2025-08-11 21:56:00,885 [ERROR] LogOutputStream:75 - [STDERR_REDIRECT] 
2025-08-11 21:56:01,885 [ERROR] LogOutputStream:75 - [STDERR_REDIRECT] [Fatal Error] :1:1: Premature end of file.
2025-08-11 21:56:01,885 [ERROR] LogOutputStream:75 - [STDERR_REDIRECT] 
2025-08-11 21:56:02,885 [ERROR] LogOutputStream:75 - [STDERR_REDIRECT] [Fatal Error] :1:1: Premature end of file.
2025-08-11 21:56:02,886 [ERROR] LogOutputStream:75 - [STDERR_REDIRECT] 
2025-08-11 21:56:03,880 [ERROR] LogOutputStream:75 - [STDERR_REDIRECT] [Fatal Error] :1:1: Premature end of file.
2025-08-11 21:56:03,881 [ERROR] LogOutputStream:75 - [STDERR_REDIRECT] 
2025-08-11 21:56:04,891 [ERROR] LogOutputStream:75 - [STDERR_REDIRECT] [Fatal Error] :1:1: Premature end of file.
2025-08-11 21:56:04,892 [ERROR] LogOutputStream:75 - [STDERR_REDIRECT] 
2025-08-11 21:56:05,893 [ERROR] LogOutputStream:75 - [STDERR_REDIRECT] [Fatal Error] :1:1: Premature end of file.
2025-08-11 21:56:05,893 [ERROR] LogOutputStream:75 - [STDERR_REDIRECT] 
2025-08-11 21:56:06,896 [ERROR] LogOutputStream:75 - [STDERR_REDIRECT] [Fatal Error] :1:1: Premature end of file.
2025-08-11 21:56:06,896 [ERROR] LogOutputStream:75 - [STDERR_REDIRECT] 
2025-08-11 21:56:07,878 [ERROR] LogOutputStream:75 - [STDERR_REDIRECT] [Fatal Error] :1:1: Premature end of file.
2025-08-11 21:56:07,878 [ERROR] LogOutputStream:75 - [STDERR_REDIRECT] 
2025-08-11 21:56:08,878 [ERROR] LogOutputStream:75 - [STDERR_REDIRECT] [Fatal Error] :1:1: Premature end of file.
2025-08-11 21:56:08,878 [ERROR] LogOutputStream:75 - [STDERR_REDIRECT] 
2025-08-11 21:56:09,896 [ERROR] LogOutputStream:75 - [STDERR_REDIRECT] [Fatal Error] :1:1: Premature end of file.
2025-08-11 21:56:09,896 [ERROR] LogOutputStream:75 - [STDERR_REDIRECT] 
2025-08-11 21:56:10,878 [ERROR] LogOutputStream:75 - [STDERR_REDIRECT] [Fatal Error] :1:1: Premature end of file.
2025-08-11 21:56:10,878 [ERROR] LogOutputStream:75 - [STDERR_REDIRECT] 
2025-08-11 21:56:11,894 [ERROR] LogOutputStream:75 - [STDERR_REDIRECT] [Fatal Error] :1:1: Premature end of file.
2025-08-11 21:56:11,894 [ERROR] LogOutputStream:75 - [STDERR_REDIRECT] 
2025-08-11 21:56:12,890 [ERROR] LogOutputStream:75 - [STDERR_REDIRECT] [Fatal Error] :1:1: Premature end of file.
2025-08-11 21:56:12,890 [ERROR] LogOutputStream:75 - [STDERR_REDIRECT] 
2025-08-11 21:56:13,894 [ERROR] LogOutputStream:75 - [STDERR_REDIRECT] [Fatal Error] :1:1: Premature end of file.
2025-08-11 21:56:13,894 [ERROR] LogOutputStream:75 - [STDERR_REDIRECT] 
2025-08-11 21:56:14,889 [ERROR] LogOutputStream:75 - [STDERR_REDIRECT] [Fatal Error] :1:1: Premature end of file.
2025-08-11 21:56:14,889 [ERROR] LogOutputStream:75 - [STDERR_REDIRECT] 
2025-08-11 21:56:15,886 [ERROR] LogOutputStream:75 - [STDERR_REDIRECT] [Fatal Error] :1:1: Premature end of file.
2025-08-11 21:56:15,886 [ERROR] LogOutputStream:75 - [STDERR_REDIRECT] 
2025-08-11 21:56:16,890 [ERROR] LogOutputStream:75 - [STDERR_REDIRECT] [Fatal Error] :1:1: Premature end of file.
2025-08-11 21:56:16,891 [ERROR] LogOutputStream:75 - [STDERR_REDIRECT] 
2025-08-11 21:56:17,891 [ERROR] LogOutputStream:75 - [STDERR_REDIRECT] [Fatal Error] :1:1: Premature end of file.
2025-08-11 21:56:17,891 [ERROR] LogOutputStream:75 - [STDERR_REDIRECT] 
2025-08-11 21:56:18,886 [ERROR] LogOutputStream:75 - [STDERR_REDIRECT] [Fatal Error] :1:1: Premature end of file.
2025-08-11 21:56:18,886 [ERROR] LogOutputStream:75 - [STDERR_REDIRECT] 
2025-08-11 21:56:19,890 [ERROR] LogOutputStream:75 - [STDERR_REDIRECT] [Fatal Error] :1:1: Premature end of file.
2025-08-11 21:56:19,890 [ERROR] LogOutputStream:75 - [STDERR_REDIRECT] 
2025-08-11 21:56:20,892 [ERROR] LogOutputStream:75 - [STDERR_REDIRECT] [Fatal Error] :1:1: Premature end of file.
2025-08-11 21:56:20,893 [ERROR] LogOutputStream:75 - [STDERR_REDIRECT] 
2025-08-11 21:56:21,891 [ERROR] LogOutputStream:75 - [STDERR_REDIRECT] [Fatal Error] :1:1: Premature end of file.
2025-08-11 21:56:21,891 [ERROR] LogOutputStream:75 - [STDERR_REDIRECT] 
2025-08-11 21:56:22,883 [ERROR] LogOutputStream:75 - [STDERR_REDIRECT] [Fatal Error] :1:1: Premature end of file.
2025-08-11 21:56:22,884 [ERROR] LogOutputStream:75 - [STDERR_REDIRECT] 
2025-08-11 21:56:23,879 [ERROR] LogOutputStream:75 - [STDERR_REDIRECT] [Fatal Error] :1:1: Premature end of file.
2025-08-11 21:56:23,879 [ERROR] LogOutputStream:75 - [STDERR_REDIRECT] 
2025-08-11 21:56:24,880 [ERROR] LogOutputStream:75 - [STDERR_REDIRECT] [Fatal Error] :1:1: Premature end of file.
2025-08-11 21:56:24,880 [ERROR] LogOutputStream:75 - [STDERR_REDIRECT] 
2025-08-11 21:56:25,881 [ERROR] LogOutputStream:75 - [STDERR_REDIRECT] [Fatal Error] :1:1: Premature end of file.
2025-08-11 21:56:25,881 [ERROR] LogOutputStream:75 - [STDERR_REDIRECT] 
2025-08-11 21:56:26,887 [ERROR] LogOutputStream:75 - [STDERR_REDIRECT] [Fatal Error] :1:1: Premature end of file.
2025-08-11 21:56:26,888 [ERROR] LogOutputStream:75 - [STDERR_REDIRECT] 
2025-08-11 21:56:27,883 [ERROR] LogOutputStream:75 - [STDERR_REDIRECT] [Fatal Error] :1:1: Premature end of file.
2025-08-11 21:56:27,883 [ERROR] LogOutputStream:75 - [STDERR_REDIRECT] 
2025-08-11 21:56:28,885 [ERROR] LogOutputStream:75 - [STDERR_REDIRECT] [Fatal Error] :1:1: Premature end of file.
2025-08-11 21:56:28,886 [ERROR] LogOutputStream:75 - [STDERR_REDIRECT] 
2025-08-11 21:56:29,883 [ERROR] LogOutputStream:75 - [STDERR_REDIRECT] [Fatal Error] :1:1: Premature end of file.
2025-08-11 21:56:29,884 [ERROR] LogOutputStream:75 - [STDERR_REDIRECT] 
2025-08-11 21:56:30,880 [ERROR] LogOutputStream:75 - [STDERR_REDIRECT] [Fatal Error] :1:1: Premature end of file.
2025-08-11 21:56:30,880 [ERROR] LogOutputStream:75 - [STDERR_REDIRECT] 
2025-08-11 21:56:31,877 [ERROR] LogOutputStream:75 - [STDERR_REDIRECT] [Fatal Error] :1:1: Premature end of file.
2025-08-11 21:56:31,877 [ERROR] LogOutputStream:75 - [STDERR_REDIRECT] 
2025-08-11 21:56:32,894 [ERROR] LogOutputStream:75 - [STDERR_REDIRECT] [Fatal Error] :1:1: Premature end of file.
2025-08-11 21:56:32,894 [ERROR] LogOutputStream:75 - [STDERR_REDIRECT] 
2025-08-11 21:56:33,895 [ERROR] LogOutputStream:75 - [STDERR_REDIRECT] [Fatal Error] :1:1: Premature end of file.
2025-08-11 21:56:33,895 [ERROR] LogOutputStream:75 - [STDERR_REDIRECT] 
2025-08-11 21:56:34,893 [ERROR] LogOutputStream:75 - [STDERR_REDIRECT] [Fatal Error] :1:1: Premature end of file.
2025-08-11 21:56:34,893 [ERROR] LogOutputStream:75 - [STDERR_REDIRECT] 
2025-08-11 21:56:35,893 [ERROR] LogOutputStream:75 - [STDERR_REDIRECT] [Fatal Error] :1:1: Premature end of file.
2025-08-11 21:56:35,893 [ERROR] LogOutputStream:75 - [STDERR_REDIRECT] 
2025-08-11 21:56:36,884 [ERROR] LogOutputStream:75 - [STDERR_REDIRECT] [Fatal Error] :1:1: Premature end of file.
2025-08-11 21:56:36,884 [ERROR] LogOutputStream:75 - [STDERR_REDIRECT] 
2025-08-11 21:56:37,883 [ERROR] LogOutputStream:75 - [STDERR_REDIRECT] [Fatal Error] :1:1: Premature end of file.
2025-08-11 21:56:37,883 [ERROR] LogOutputStream:75 - [STDERR_REDIRECT] 
2025-08-11 21:56:38,894 [ERROR] LogOutputStream:75 - [STDERR_REDIRECT] [Fatal Error] :1:1: Premature end of file.
2025-08-11 21:56:38,894 [ERROR] LogOutputStream:75 - [STDERR_REDIRECT] 
2025-08-11 21:56:39,894 [ERROR] LogOutputStream:75 - [STDERR_REDIRECT] [Fatal Error] :1:1: Premature end of file.
2025-08-11 21:56:39,894 [ERROR] LogOutputStream:75 - [STDERR_REDIRECT] 
2025-08-11 21:56:40,896 [ERROR] LogOutputStream:75 - [STDERR_REDIRECT] [Fatal Error] :1:1: Premature end of file.
2025-08-11 21:56:40,896 [ERROR] LogOutputStream:75 - [STDERR_REDIRECT] 
2025-08-11 21:56:41,889 [ERROR] LogOutputStream:75 - [STDERR_REDIRECT] [Fatal Error] :1:1: Premature end of file.
2025-08-11 21:56:41,889 [ERROR] LogOutputStream:75 - [STDERR_REDIRECT] 
2025-08-11 21:56:42,883 [ERROR] LogOutputStream:75 - [STDERR_REDIRECT] [Fatal Error] :1:1: Premature end of file.
2025-08-11 21:56:42,884 [ERROR] LogOutputStream:75 - [STDERR_REDIRECT] 
2025-08-11 21:56:43,880 [ERROR] LogOutputStream:75 - [STDERR_REDIRECT] [Fatal Error] :1:1: Premature end of file.
2025-08-11 21:56:43,880 [ERROR] LogOutputStream:75 - [STDERR_REDIRECT] 
2025-08-11 21:56:44,882 [ERROR] LogOutputStream:75 - [STDERR_REDIRECT] [Fatal Error] :1:1: Premature end of file.
2025-08-11 21:56:44,882 [ERROR] LogOutputStream:75 - [STDERR_REDIRECT] 
2025-08-11 21:56:45,886 [ERROR] LogOutputStream:75 - [STDERR_REDIRECT] [Fatal Error] :1:1: Premature end of file.
2025-08-11 21:56:45,887 [ERROR] LogOutputStream:75 - [STDERR_REDIRECT] 
2025-08-11 21:56:46,890 [ERROR] LogOutputStream:75 - [STDERR_REDIRECT] [Fatal Error] :1:1: Premature end of file.
2025-08-11 21:56:46,891 [ERROR] LogOutputStream:75 - [STDERR_REDIRECT] 
2025-08-11 21:56:47,882 [ERROR] LogOutputStream:75 - [STDERR_REDIRECT] [Fatal Error] :1:1: Premature end of file.
2025-08-11 21:56:47,882 [ERROR] LogOutputStream:75 - [STDERR_REDIRECT] 
2025-08-11 21:56:48,888 [ERROR] LogOutputStream:75 - [STDERR_REDIRECT] [Fatal Error] :1:1: Premature end of file.
2025-08-11 21:56:48,888 [ERROR] LogOutputStream:75 - [STDERR_REDIRECT] 
2025-08-11 21:56:49,892 [ERROR] LogOutputStream:75 - [STDERR_REDIRECT] [Fatal Error] :1:1: Premature end of file.
2025-08-11 21:56:49,892 [ERROR] LogOutputStream:75 - [STDERR_REDIRECT] 
2025-08-11 21:56:50,882 [ERROR] LogOutputStream:75 - [STDERR_REDIRECT] [Fatal Error] :1:1: Premature end of file.
2025-08-11 21:56:50,882 [ERROR] LogOutputStream:75 - [STDERR_REDIRECT] 
2025-08-11 21:56:51,885 [ERROR] LogOutputStream:75 - [STDERR_REDIRECT] [Fatal Error] :1:1: Premature end of file.
2025-08-11 21:56:51,885 [ERROR] LogOutputStream:75 - [STDERR_REDIRECT] 
2025-08-11 21:56:52,883 [ERROR] LogOutputStream:75 - [STDERR_REDIRECT] [Fatal Error] :1:1: Premature end of file.
2025-08-11 21:56:52,883 [ERROR] LogOutputStream:75 - [STDERR_REDIRECT] 
2025-08-11 21:56:53,882 [ERROR] LogOutputStream:75 - [STDERR_REDIRECT] [Fatal Error] :1:1: Premature end of file.
2025-08-11 21:56:53,882 [ERROR] LogOutputStream:75 - [STDERR_REDIRECT] 
2025-08-11 21:56:54,893 [ERROR] LogOutputStream:75 - [STDERR_REDIRECT] [Fatal Error] :1:1: Premature end of file.
2025-08-11 21:56:54,893 [ERROR] LogOutputStream:75 - [STDERR_REDIRECT] 
2025-08-11 21:56:55,887 [ERROR] LogOutputStream:75 - [STDERR_REDIRECT] [Fatal Error] :1:1: Premature end of file.
2025-08-11 21:56:55,887 [ERROR] LogOutputStream:75 - [STDERR_REDIRECT] 
2025-08-11 21:56:56,884 [ERROR] LogOutputStream:75 - [STDERR_REDIRECT] [Fatal Error] :1:1: Premature end of file.
2025-08-11 21:56:56,884 [ERROR] LogOutputStream:75 - [STDERR_REDIRECT] 
2025-08-11 21:56:57,893 [ERROR] LogOutputStream:75 - [STDERR_REDIRECT] [Fatal Error] :1:1: Premature end of file.
2025-08-11 21:56:57,893 [ERROR] LogOutputStream:75 - [STDERR_REDIRECT] 
2025-08-11 21:56:58,894 [ERROR] LogOutputStream:75 - [STDERR_REDIRECT] [Fatal Error] :1:1: Premature end of file.
2025-08-11 21:56:58,894 [ERROR] LogOutputStream:75 - [STDERR_REDIRECT] 
2025-08-11 21:56:59,879 [ERROR] LogOutputStream:75 - [STDERR_REDIRECT] [Fatal Error] :1:1: Premature end of file.
2025-08-11 21:56:59,879 [ERROR] LogOutputStream:75 - [STDERR_REDIRECT] 
2025-08-11 21:57:00,892 [ERROR] LogOutputStream:75 - [STDERR_REDIRECT] [Fatal Error] :1:1: Premature end of file.
2025-08-11 21:57:00,892 [ERROR] LogOutputStream:75 - [STDERR_REDIRECT] 
2025-08-11 21:57:01,887 [ERROR] LogOutputStream:75 - [STDERR_REDIRECT] [Fatal Error] :1:1: Premature end of file.
2025-08-11 21:57:01,887 [ERROR] LogOutputStream:75 - [STDERR_REDIRECT] 
2025-08-11 21:57:02,892 [ERROR] LogOutputStream:75 - [STDERR_REDIRECT] [Fatal Error] :1:1: Premature end of file.
2025-08-11 21:57:02,892 [ERROR] LogOutputStream:75 - [STDERR_REDIRECT] 
2025-08-11 21:57:03,883 [ERROR] LogOutputStream:75 - [STDERR_REDIRECT] [Fatal Error] :1:1: Premature end of file.
2025-08-11 21:57:03,883 [ERROR] LogOutputStream:75 - [STDERR_REDIRECT] 
2025-08-11 21:57:04,880 [ERROR] LogOutputStream:75 - [STDERR_REDIRECT] [Fatal Error] :1:1: Premature end of file.
2025-08-11 21:57:04,881 [ERROR] LogOutputStream:75 - [STDERR_REDIRECT] 
2025-08-11 21:57:05,881 [ERROR] LogOutputStream:75 - [STDERR_REDIRECT] [Fatal Error] :1:1: Premature end of file.
2025-08-11 21:57:05,881 [ERROR] LogOutputStream:75 - [STDERR_REDIRECT] 
2025-08-11 21:57:06,879 [ERROR] LogOutputStream:75 - [STDERR_REDIRECT] [Fatal Error] :1:1: Premature end of file.
2025-08-11 21:57:06,879 [ERROR] LogOutputStream:75 - [STDERR_REDIRECT] 
2025-08-11 21:57:07,888 [ERROR] LogOutputStream:75 - [STDERR_REDIRECT] [Fatal Error] :1:1: Premature end of file.
2025-08-11 21:57:07,888 [ERROR] LogOutputStream:75 - [STDERR_REDIRECT] 
2025-08-11 21:57:08,881 [ERROR] LogOutputStream:75 - [STDERR_REDIRECT] [Fatal Error] :1:1: Premature end of file.
2025-08-11 21:57:08,881 [ERROR] LogOutputStream:75 - [STDERR_REDIRECT] 
2025-08-11 21:57:09,882 [ERROR] LogOutputStream:75 - [STDERR_REDIRECT] [Fatal Error] :1:1: Premature end of file.
2025-08-11 21:57:09,882 [ERROR] LogOutputStream:75 - [STDERR_REDIRECT] 
2025-08-11 21:57:10,882 [ERROR] LogOutputStream:75 - [STDERR_REDIRECT] [Fatal Error] :1:1: Premature end of file.
2025-08-11 21:57:10,882 [ERROR] LogOutputStream:75 - [STDERR_REDIRECT] 
2025-08-11 21:57:11,892 [ERROR] LogOutputStream:75 - [STDERR_REDIRECT] [Fatal Error] :1:1: Premature end of file.
2025-08-11 21:57:11,897 [ERROR] LogOutputStream:75 - [STDERR_REDIRECT] 
2025-08-11 21:57:12,883 [ERROR] LogOutputStream:75 - [STDERR_REDIRECT] [Fatal Error] :1:1: Premature end of file.
2025-08-11 21:57:12,883 [ERROR] LogOutputStream:75 - [STDERR_REDIRECT] 
2025-08-11 21:57:13,881 [ERROR] LogOutputStream:75 - [STDERR_REDIRECT] [Fatal Error] :1:1: Premature end of file.
2025-08-11 21:57:13,881 [ERROR] LogOutputStream:75 - [STDERR_REDIRECT] 
2025-08-11 21:57:14,881 [ERROR] LogOutputStream:75 - [STDERR_REDIRECT] [Fatal Error] :1:1: Premature end of file.
2025-08-11 21:57:14,881 [ERROR] LogOutputStream:75 - [STDERR_REDIRECT] 
2025-08-11 21:57:15,878 [ERROR] LogOutputStream:75 - [STDERR_REDIRECT] [Fatal Error] :1:1: Premature end of file.
2025-08-11 21:57:15,879 [ERROR] LogOutputStream:75 - [STDERR_REDIRECT] 
2025-08-11 21:57:16,880 [ERROR] LogOutputStream:75 - [STDERR_REDIRECT] [Fatal Error] :1:1: Premature end of file.
2025-08-11 21:57:16,880 [ERROR] LogOutputStream:75 - [STDERR_REDIRECT] 
2025-08-11 21:57:17,881 [ERROR] LogOutputStream:75 - [STDERR_REDIRECT] [Fatal Error] :1:1: Premature end of file.
2025-08-11 21:57:17,881 [ERROR] LogOutputStream:75 - [STDERR_REDIRECT] 
2025-08-11 21:57:18,891 [ERROR] LogOutputStream:75 - [STDERR_REDIRECT] [Fatal Error] :1:1: Premature end of file.
2025-08-11 21:57:18,891 [ERROR] LogOutputStream:75 - [STDERR_REDIRECT] 
2025-08-11 21:57:19,881 [ERROR] LogOutputStream:75 - [STDERR_REDIRECT] [Fatal Error] :1:1: Premature end of file.
2025-08-11 21:57:19,881 [ERROR] LogOutputStream:75 - [STDERR_REDIRECT] 
2025-08-11 21:57:20,893 [ERROR] LogOutputStream:75 - [STDERR_REDIRECT] [Fatal Error] :1:1: Premature end of file.
2025-08-11 21:57:20,893 [ERROR] LogOutputStream:75 - [STDERR_REDIRECT] 
2025-08-11 21:57:21,893 [ERROR] LogOutputStream:75 - [STDERR_REDIRECT] [Fatal Error] :1:1: Premature end of file.
2025-08-11 21:57:21,894 [ERROR] LogOutputStream:75 - [STDERR_REDIRECT] 
2025-08-11 21:57:22,894 [ERROR] LogOutputStream:75 - [STDERR_REDIRECT] [Fatal Error] :1:1: Premature end of file.
2025-08-11 21:57:22,894 [ERROR] LogOutputStream:75 - [STDERR_REDIRECT] 
2025-08-11 21:57:23,893 [ERROR] LogOutputStream:75 - [STDERR_REDIRECT] [Fatal Error] :1:1: Premature end of file.
2025-08-11 21:57:23,893 [ERROR] LogOutputStream:75 - [STDERR_REDIRECT] 
2025-08-11 21:57:24,897 [ERROR] LogOutputStream:75 - [STDERR_REDIRECT] [Fatal Error] :1:1: Premature end of file.
2025-08-11 21:57:24,897 [ERROR] LogOutputStream:75 - [STDERR_REDIRECT] 
2025-08-11 21:57:25,884 [ERROR] LogOutputStream:75 - [STDERR_REDIRECT] [Fatal Error] :1:1: Premature end of file.
2025-08-11 21:57:25,885 [ERROR] LogOutputStream:75 - [STDERR_REDIRECT] 
2025-08-11 21:57:26,893 [ERROR] LogOutputStream:75 - [STDERR_REDIRECT] [Fatal Error] :1:1: Premature end of file.
2025-08-11 21:57:26,893 [ERROR] LogOutputStream:75 - [STDERR_REDIRECT] 
2025-08-11 21:57:27,893 [ERROR] LogOutputStream:75 - [STDERR_REDIRECT] [Fatal Error] :1:1: Premature end of file.
2025-08-11 21:57:27,893 [ERROR] LogOutputStream:75 - [STDERR_REDIRECT] 
2025-08-11 21:57:28,891 [ERROR] LogOutputStream:75 - [STDERR_REDIRECT] [Fatal Error] :1:1: Premature end of file.
2025-08-11 21:57:28,891 [ERROR] LogOutputStream:75 - [STDERR_REDIRECT] 
2025-08-11 21:57:29,894 [ERROR] LogOutputStream:75 - [STDERR_REDIRECT] [Fatal Error] :1:1: Premature end of file.
2025-08-11 21:57:29,894 [ERROR] LogOutputStream:75 - [STDERR_REDIRECT] 
2025-08-11 21:57:30,895 [ERROR] LogOutputStream:75 - [STDERR_REDIRECT] [Fatal Error] :1:1: Premature end of file.
2025-08-11 21:57:30,895 [ERROR] LogOutputStream:75 - [STDERR_REDIRECT] 
2025-08-11 21:57:31,888 [ERROR] LogOutputStream:75 - [STDERR_REDIRECT] [Fatal Error] :1:1: Premature end of file.
2025-08-11 21:57:31,888 [ERROR] LogOutputStream:75 - [STDERR_REDIRECT] 
2025-08-11 21:57:32,888 [ERROR] LogOutputStream:75 - [STDERR_REDIRECT] [Fatal Error] :1:1: Premature end of file.
2025-08-11 21:57:32,888 [ERROR] LogOutputStream:75 - [STDERR_REDIRECT] 
2025-08-11 21:57:33,893 [ERROR] LogOutputStream:75 - [STDERR_REDIRECT] [Fatal Error] :1:1: Premature end of file.
2025-08-11 21:57:33,893 [ERROR] LogOutputStream:75 - [STDERR_REDIRECT] 
2025-08-11 21:57:34,891 [ERROR] LogOutputStream:75 - [STDERR_REDIRECT] [Fatal Error] :1:1: Premature end of file.
2025-08-11 21:57:34,891 [ERROR] LogOutputStream:75 - [STDERR_REDIRECT] 
2025-08-11 21:57:35,895 [ERROR] LogOutputStream:75 - [STDERR_REDIRECT] [Fatal Error] :1:1: Premature end of file.
2025-08-11 21:57:35,896 [ERROR] LogOutputStream:75 - [STDERR_REDIRECT] 
2025-08-11 21:57:36,891 [ERROR] LogOutputStream:75 - [STDERR_REDIRECT] [Fatal Error] :1:1: Premature end of file.
2025-08-11 21:57:36,891 [ERROR] LogOutputStream:75 - [STDERR_REDIRECT] 
2025-08-11 21:57:37,893 [ERROR] LogOutputStream:75 - [STDERR_REDIRECT] [Fatal Error] :1:1: Premature end of file.
2025-08-11 21:57:37,893 [ERROR] LogOutputStream:75 - [STDERR_REDIRECT] 
2025-08-11 21:57:38,891 [ERROR] LogOutputStream:75 - [STDERR_REDIRECT] [Fatal Error] :1:1: Premature end of file.
2025-08-11 21:57:38,891 [ERROR] LogOutputStream:75 - [STDERR_REDIRECT] 
2025-08-11 21:57:39,898 [ERROR] LogOutputStream:75 - [STDERR_REDIRECT] [Fatal Error] :1:1: Premature end of file.
2025-08-11 21:57:39,898 [ERROR] LogOutputStream:75 - [STDERR_REDIRECT] 
2025-08-11 21:57:40,905 [ERROR] LogOutputStream:75 - [STDERR_REDIRECT] [Fatal Error] :1:1: Premature end of file.
2025-08-11 21:57:40,905 [ERROR] LogOutputStream:75 - [STDERR_REDIRECT] 
2025-08-11 21:57:41,894 [ERROR] LogOutputStream:75 - [STDERR_REDIRECT] [Fatal Error] :1:1: Premature end of file.
2025-08-11 21:57:41,894 [ERROR] LogOutputStream:75 - [STDERR_REDIRECT] 
2025-08-11 21:57:42,879 [ERROR] LogOutputStream:75 - [STDERR_REDIRECT] [Fatal Error] :1:1: Premature end of file.
2025-08-11 21:57:42,879 [ERROR] LogOutputStream:75 - [STDERR_REDIRECT] 
2025-08-11 21:57:43,893 [ERROR] LogOutputStream:75 - [STDERR_REDIRECT] [Fatal Error] :1:1: Premature end of file.
2025-08-11 21:57:43,893 [ERROR] LogOutputStream:75 - [STDERR_REDIRECT] 
2025-08-11 21:57:44,894 [ERROR] LogOutputStream:75 - [STDERR_REDIRECT] [Fatal Error] :1:1: Premature end of file.
2025-08-11 21:57:44,894 [ERROR] LogOutputStream:75 - [STDERR_REDIRECT] 
2025-08-11 21:57:45,893 [ERROR] LogOutputStream:75 - [STDERR_REDIRECT] [Fatal Error] :1:1: Premature end of file.
2025-08-11 21:57:45,894 [ERROR] LogOutputStream:75 - [STDERR_REDIRECT] 
2025-08-11 21:57:46,882 [ERROR] LogOutputStream:75 - [STDERR_REDIRECT] [Fatal Error] :1:1: Premature end of file.
2025-08-11 21:57:46,882 [ERROR] LogOutputStream:75 - [STDERR_REDIRECT] 
2025-08-11 21:57:47,882 [ERROR] LogOutputStream:75 - [STDERR_REDIRECT] [Fatal Error] :1:1: Premature end of file.
2025-08-11 21:57:47,882 [ERROR] LogOutputStream:75 - [STDERR_REDIRECT] 
2025-08-11 21:57:48,885 [ERROR] LogOutputStream:75 - [STDERR_REDIRECT] [Fatal Error] :1:1: Premature end of file.
2025-08-11 21:57:48,885 [ERROR] LogOutputStream:75 - [STDERR_REDIRECT] 
2025-08-11 21:57:49,895 [ERROR] LogOutputStream:75 - [STDERR_REDIRECT] [Fatal Error] :1:1: Premature end of file.
2025-08-11 21:57:49,895 [ERROR] LogOutputStream:75 - [STDERR_REDIRECT] 
2025-08-11 21:57:50,893 [ERROR] LogOutputStream:75 - [STDERR_REDIRECT] [Fatal Error] :1:1: Premature end of file.
2025-08-11 21:57:50,893 [ERROR] LogOutputStream:75 - [STDERR_REDIRECT] 
2025-08-11 21:57:51,888 [ERROR] LogOutputStream:75 - [STDERR_REDIRECT] [Fatal Error] :1:1: Premature end of file.
2025-08-11 21:57:51,888 [ERROR] LogOutputStream:75 - [STDERR_REDIRECT] 
2025-08-11 21:57:52,892 [ERROR] LogOutputStream:75 - [STDERR_REDIRECT] [Fatal Error] :1:1: Premature end of file.
2025-08-11 21:57:52,893 [ERROR] LogOutputStream:75 - [STDERR_REDIRECT] 
2025-08-11 21:57:53,893 [ERROR] LogOutputStream:75 - [STDERR_REDIRECT] [Fatal Error] :1:1: Premature end of file.
2025-08-11 21:57:53,893 [ERROR] LogOutputStream:75 - [STDERR_REDIRECT] 
2025-08-11 21:57:54,893 [ERROR] LogOutputStream:75 - [STDERR_REDIRECT] [Fatal Error] :1:1: Premature end of file.
2025-08-11 21:57:54,893 [ERROR] LogOutputStream:75 - [STDERR_REDIRECT] 
2025-08-11 21:57:55,897 [ERROR] LogOutputStream:75 - [STDERR_REDIRECT] [Fatal Error] :1:1: Premature end of file.
2025-08-11 21:57:55,897 [ERROR] LogOutputStream:75 - [STDERR_REDIRECT] 
2025-08-11 21:57:56,878 [ERROR] LogOutputStream:75 - [STDERR_REDIRECT] [Fatal Error] :1:1: Premature end of file.
2025-08-11 21:57:56,878 [ERROR] LogOutputStream:75 - [STDERR_REDIRECT] 
2025-08-11 21:57:57,877 [ERROR] LogOutputStream:75 - [STDERR_REDIRECT] [Fatal Error] :1:1: Premature end of file.
2025-08-11 21:57:57,878 [ERROR] LogOutputStream:75 - [STDERR_REDIRECT] 
2025-08-11 21:57:58,877 [ERROR] LogOutputStream:75 - [STDERR_REDIRECT] [Fatal Error] :1:1: Premature end of file.
2025-08-11 21:57:58,877 [ERROR] LogOutputStream:75 - [STDERR_REDIRECT] 
2025-08-11 21:57:59,889 [ERROR] LogOutputStream:75 - [STDERR_REDIRECT] [Fatal Error] :1:1: Premature end of file.
2025-08-11 21:57:59,889 [ERROR] LogOutputStream:75 - [STDERR_REDIRECT] 
2025-08-11 21:58:00,878 [ERROR] LogOutputStream:75 - [STDERR_REDIRECT] [Fatal Error] :1:1: Premature end of file.
2025-08-11 21:58:00,878 [ERROR] LogOutputStream:75 - [STDERR_REDIRECT] 
2025-08-11 21:58:01,884 [ERROR] LogOutputStream:75 - [STDERR_REDIRECT] [Fatal Error] :1:1: Premature end of file.
2025-08-11 21:58:01,884 [ERROR] LogOutputStream:75 - [STDERR_REDIRECT] 
2025-08-11 21:58:02,892 [ERROR] LogOutputStream:75 - [STDERR_REDIRECT] [Fatal Error] :1:1: Premature end of file.
2025-08-11 21:58:02,893 [ERROR] LogOutputStream:75 - [STDERR_REDIRECT] 
2025-08-11 21:58:03,881 [ERROR] LogOutputStream:75 - [STDERR_REDIRECT] [Fatal Error] :1:1: Premature end of file.
2025-08-11 21:58:03,881 [ERROR] LogOutputStream:75 - [STDERR_REDIRECT] 
2025-08-11 21:58:04,891 [ERROR] LogOutputStream:75 - [STDERR_REDIRECT] [Fatal Error] :1:1: Premature end of file.
2025-08-11 21:58:04,891 [ERROR] LogOutputStream:75 - [STDERR_REDIRECT] 
2025-08-11 21:58:05,887 [ERROR] LogOutputStream:75 - [STDERR_REDIRECT] [Fatal Error] :1:1: Premature end of file.
2025-08-11 21:58:05,887 [ERROR] LogOutputStream:75 - [STDERR_REDIRECT] 
2025-08-11 21:58:06,892 [ERROR] LogOutputStream:75 - [STDERR_REDIRECT] [Fatal Error] :1:1: Premature end of file.
2025-08-11 21:58:06,892 [ERROR] LogOutputStream:75 - [STDERR_REDIRECT] 
2025-08-11 21:58:07,900 [ERROR] LogOutputStream:75 - [STDERR_REDIRECT] [Fatal Error] :1:1: Premature end of file.
2025-08-11 21:58:07,900 [ERROR] LogOutputStream:75 - [STDERR_REDIRECT] 
2025-08-11 21:58:08,941 [ERROR] LogOutputStream:75 - [STDERR_REDIRECT] [Fatal Error] :1:1: Premature end of file.
2025-08-11 21:58:08,941 [ERROR] LogOutputStream:75 - [STDERR_REDIRECT] 
2025-08-11 21:58:09,894 [ERROR] LogOutputStream:75 - [STDERR_REDIRECT] [Fatal Error] :1:1: Premature end of file.
2025-08-11 21:58:09,894 [ERROR] LogOutputStream:75 - [STDERR_REDIRECT] 
2025-08-11 21:58:10,878 [ERROR] LogOutputStream:75 - [STDERR_REDIRECT] [Fatal Error] :1:1: Premature end of file.
2025-08-11 21:58:10,878 [ERROR] LogOutputStream:75 - [STDERR_REDIRECT] 
2025-08-11 21:58:11,891 [ERROR] LogOutputStream:75 - [STDERR_REDIRECT] [Fatal Error] :1:1: Premature end of file.
2025-08-11 21:58:11,891 [ERROR] LogOutputStream:75 - [STDERR_REDIRECT] 
2025-08-11 21:58:12,894 [ERROR] LogOutputStream:75 - [STDERR_REDIRECT] [Fatal Error] :1:1: Premature end of file.
2025-08-11 21:58:12,894 [ERROR] LogOutputStream:75 - [STDERR_REDIRECT] 
2025-08-11 21:58:13,877 [ERROR] LogOutputStream:75 - [STDERR_REDIRECT] [Fatal Error] :1:1: Premature end of file.
2025-08-11 21:58:13,877 [ERROR] LogOutputStream:75 - [STDERR_REDIRECT] 
2025-08-11 21:58:14,895 [ERROR] LogOutputStream:75 - [STDERR_REDIRECT] [Fatal Error] :1:1: Premature end of file.
2025-08-11 21:58:14,895 [ERROR] LogOutputStream:75 - [STDERR_REDIRECT] 
2025-08-11 21:58:15,894 [ERROR] LogOutputStream:75 - [STDERR_REDIRECT] [Fatal Error] :1:1: Premature end of file.
2025-08-11 21:58:15,894 [ERROR] LogOutputStream:75 - [STDERR_REDIRECT] 
2025-08-11 21:58:16,896 [ERROR] LogOutputStream:75 - [STDERR_REDIRECT] [Fatal Error] :1:1: Premature end of file.
2025-08-11 21:58:16,896 [ERROR] LogOutputStream:75 - [STDERR_REDIRECT] 
2025-08-11 21:58:17,884 [ERROR] LogOutputStream:75 - [STDERR_REDIRECT] [Fatal Error] :1:1: Premature end of file.
2025-08-11 21:58:17,884 [ERROR] LogOutputStream:75 - [STDERR_REDIRECT] 
2025-08-11 21:58:18,890 [ERROR] LogOutputStream:75 - [STDERR_REDIRECT] [Fatal Error] :1:1: Premature end of file.
2025-08-11 21:58:18,891 [ERROR] LogOutputStream:75 - [STDERR_REDIRECT] 
2025-08-11 21:58:19,891 [ERROR] LogOutputStream:75 - [STDERR_REDIRECT] [Fatal Error] :1:1: Premature end of file.
2025-08-11 21:58:19,891 [ERROR] LogOutputStream:75 - [STDERR_REDIRECT] 
2025-08-11 21:58:20,885 [ERROR] LogOutputStream:75 - [STDERR_REDIRECT] [Fatal Error] :1:1: Premature end of file.
2025-08-11 21:58:20,885 [ERROR] LogOutputStream:75 - [STDERR_REDIRECT] 
2025-08-11 21:58:21,894 [ERROR] LogOutputStream:75 - [STDERR_REDIRECT] [Fatal Error] :1:1: Premature end of file.
2025-08-11 21:58:21,894 [ERROR] LogOutputStream:75 - [STDERR_REDIRECT] 
2025-08-11 21:58:22,894 [ERROR] LogOutputStream:75 - [STDERR_REDIRECT] [Fatal Error] :1:1: Premature end of file.
2025-08-11 21:58:22,895 [ERROR] LogOutputStream:75 - [STDERR_REDIRECT] 
2025-08-11 21:58:23,892 [ERROR] LogOutputStream:75 - [STDERR_REDIRECT] [Fatal Error] :1:1: Premature end of file.
2025-08-11 21:58:23,892 [ERROR] LogOutputStream:75 - [STDERR_REDIRECT] 
2025-08-11 21:58:24,895 [ERROR] LogOutputStream:75 - [STDERR_REDIRECT] [Fatal Error] :1:1: Premature end of file.
2025-08-11 21:58:24,896 [ERROR] LogOutputStream:75 - [STDERR_REDIRECT] 
2025-08-11 21:58:25,897 [ERROR] LogOutputStream:75 - [STDERR_REDIRECT] [Fatal Error] :1:1: Premature end of file.
2025-08-11 21:58:25,897 [ERROR] LogOutputStream:75 - [STDERR_REDIRECT] 
2025-08-11 21:58:26,896 [ERROR] LogOutputStream:75 - [STDERR_REDIRECT] [Fatal Error] :1:1: Premature end of file.
2025-08-11 21:58:26,896 [ERROR] LogOutputStream:75 - [STDERR_REDIRECT] 
2025-08-11 21:58:27,891 [ERROR] LogOutputStream:75 - [STDERR_REDIRECT] [Fatal Error] :1:1: Premature end of file.
2025-08-11 21:58:27,891 [ERROR] LogOutputStream:75 - [STDERR_REDIRECT] 
2025-08-11 21:58:28,894 [ERROR] LogOutputStream:75 - [STDERR_REDIRECT] [Fatal Error] :1:1: Premature end of file.
2025-08-11 21:58:28,894 [ERROR] LogOutputStream:75 - [STDERR_REDIRECT] 
2025-08-11 21:58:29,897 [ERROR] LogOutputStream:75 - [STDERR_REDIRECT] [Fatal Error] :1:1: Premature end of file.
2025-08-11 21:58:29,897 [ERROR] LogOutputStream:75 - [STDERR_REDIRECT] 
2025-08-11 21:58:30,893 [ERROR] LogOutputStream:75 - [STDERR_REDIRECT] [Fatal Error] :1:1: Premature end of file.
2025-08-11 21:58:30,893 [ERROR] LogOutputStream:75 - [STDERR_REDIRECT] 
2025-08-11 21:58:31,886 [ERROR] LogOutputStream:75 - [STDERR_REDIRECT] [Fatal Error] :1:1: Premature end of file.
2025-08-11 21:58:31,887 [ERROR] LogOutputStream:75 - [STDERR_REDIRECT] 
2025-08-11 21:58:32,893 [ERROR] LogOutputStream:75 - [STDERR_REDIRECT] [Fatal Error] :1:1: Premature end of file.
2025-08-11 21:58:32,893 [ERROR] LogOutputStream:75 - [STDERR_REDIRECT] 
2025-08-11 21:58:33,882 [ERROR] LogOutputStream:75 - [STDERR_REDIRECT] [Fatal Error] :1:1: Premature end of file.
2025-08-11 21:58:33,883 [ERROR] LogOutputStream:75 - [STDERR_REDIRECT] 
2025-08-11 21:58:34,891 [ERROR] LogOutputStream:75 - [STDERR_REDIRECT] [Fatal Error] :1:1: Premature end of file.
2025-08-11 21:58:34,891 [ERROR] LogOutputStream:75 - [STDERR_REDIRECT] 
2025-08-11 21:58:35,890 [ERROR] LogOutputStream:75 - [STDERR_REDIRECT] [Fatal Error] :1:1: Premature end of file.
2025-08-11 21:58:35,890 [ERROR] LogOutputStream:75 - [STDERR_REDIRECT] 
2025-08-11 21:58:36,894 [ERROR] LogOutputStream:75 - [STDERR_REDIRECT] [Fatal Error] :1:1: Premature end of file.
2025-08-11 21:58:36,895 [ERROR] LogOutputStream:75 - [STDERR_REDIRECT] 
2025-08-11 21:58:37,893 [ERROR] LogOutputStream:75 - [STDERR_REDIRECT] [Fatal Error] :1:1: Premature end of file.
2025-08-11 21:58:37,893 [ERROR] LogOutputStream:75 - [STDERR_REDIRECT] 
2025-08-11 21:58:38,894 [ERROR] LogOutputStream:75 - [STDERR_REDIRECT] [Fatal Error] :1:1: Premature end of file.
2025-08-11 21:58:38,895 [ERROR] LogOutputStream:75 - [STDERR_REDIRECT] 
2025-08-11 21:58:39,898 [ERROR] LogOutputStream:75 - [STDERR_REDIRECT] [Fatal Error] :1:1: Premature end of file.
2025-08-11 21:58:39,898 [ERROR] LogOutputStream:75 - [STDERR_REDIRECT] 
2025-08-11 21:58:40,890 [ERROR] LogOutputStream:75 - [STDERR_REDIRECT] [Fatal Error] :1:1: Premature end of file.
2025-08-11 21:58:40,891 [ERROR] LogOutputStream:75 - [STDERR_REDIRECT] 
2025-08-11 21:58:41,893 [ERROR] LogOutputStream:75 - [STDERR_REDIRECT] [Fatal Error] :1:1: Premature end of file.
2025-08-11 21:58:41,893 [ERROR] LogOutputStream:75 - [STDERR_REDIRECT] 
2025-08-11 21:58:42,894 [ERROR] LogOutputStream:75 - [STDERR_REDIRECT] [Fatal Error] :1:1: Premature end of file.
2025-08-11 21:58:42,894 [ERROR] LogOutputStream:75 - [STDERR_REDIRECT] 
2025-08-11 21:58:43,901 [ERROR] LogOutputStream:75 - [STDERR_REDIRECT] [Fatal Error] :1:1: Premature end of file.
2025-08-11 21:58:43,902 [ERROR] LogOutputStream:75 - [STDERR_REDIRECT] 
2025-08-11 21:58:44,894 [ERROR] LogOutputStream:75 - [STDERR_REDIRECT] [Fatal Error] :1:1: Premature end of file.
2025-08-11 21:58:44,895 [ERROR] LogOutputStream:75 - [STDERR_REDIRECT] 
2025-08-11 21:58:45,894 [ERROR] LogOutputStream:75 - [STDERR_REDIRECT] [Fatal Error] :1:1: Premature end of file.
2025-08-11 21:58:45,894 [ERROR] LogOutputStream:75 - [STDERR_REDIRECT] 
2025-08-11 21:58:46,895 [ERROR] LogOutputStream:75 - [STDERR_REDIRECT] [Fatal Error] :1:1: Premature end of file.
2025-08-11 21:58:46,895 [ERROR] LogOutputStream:75 - [STDERR_REDIRECT] 
2025-08-11 21:58:47,897 [ERROR] LogOutputStream:75 - [STDERR_REDIRECT] [Fatal Error] :1:1: Premature end of file.
2025-08-11 21:58:47,897 [ERROR] LogOutputStream:75 - [STDERR_REDIRECT] 
2025-08-11 21:58:48,896 [ERROR] LogOutputStream:75 - [STDERR_REDIRECT] [Fatal Error] :1:1: Premature end of file.
2025-08-11 21:58:48,896 [ERROR] LogOutputStream:75 - [STDERR_REDIRECT] 
2025-08-11 21:58:49,896 [ERROR] LogOutputStream:75 - [STDERR_REDIRECT] [Fatal Error] :1:1: Premature end of file.
2025-08-11 21:58:49,896 [ERROR] LogOutputStream:75 - [STDERR_REDIRECT] 
2025-08-11 21:58:50,897 [ERROR] LogOutputStream:75 - [STDERR_REDIRECT] [Fatal Error] :1:1: Premature end of file.
2025-08-11 21:58:50,897 [ERROR] LogOutputStream:75 - [STDERR_REDIRECT] 
2025-08-11 21:58:51,894 [ERROR] LogOutputStream:75 - [STDERR_REDIRECT] [Fatal Error] :1:1: Premature end of file.
2025-08-11 21:58:51,894 [ERROR] LogOutputStream:75 - [STDERR_REDIRECT] 
2025-08-11 21:58:52,894 [ERROR] LogOutputStream:75 - [STDERR_REDIRECT] [Fatal Error] :1:1: Premature end of file.
2025-08-11 21:58:52,894 [ERROR] LogOutputStream:75 - [STDERR_REDIRECT] 
2025-08-11 21:58:53,894 [ERROR] LogOutputStream:75 - [STDERR_REDIRECT] [Fatal Error] :1:1: Premature end of file.
2025-08-11 21:58:53,894 [ERROR] LogOutputStream:75 - [STDERR_REDIRECT] 
2025-08-11 21:58:54,889 [ERROR] LogOutputStream:75 - [STDERR_REDIRECT] [Fatal Error] :1:1: Premature end of file.
2025-08-11 21:58:54,889 [ERROR] LogOutputStream:75 - [STDERR_REDIRECT] 
2025-08-11 21:58:55,900 [ERROR] LogOutputStream:75 - [STDERR_REDIRECT] [Fatal Error] :1:1: Premature end of file.
2025-08-11 21:58:55,900 [ERROR] LogOutputStream:75 - [STDERR_REDIRECT] 
2025-08-11 21:58:56,894 [ERROR] LogOutputStream:75 - [STDERR_REDIRECT] [Fatal Error] :1:1: Premature end of file.
2025-08-11 21:58:56,894 [ERROR] LogOutputStream:75 - [STDERR_REDIRECT] 
2025-08-11 21:58:57,894 [ERROR] LogOutputStream:75 - [STDERR_REDIRECT] [Fatal Error] :1:1: Premature end of file.
2025-08-11 21:58:57,894 [ERROR] LogOutputStream:75 - [STDERR_REDIRECT] 
2025-08-11 21:58:58,892 [ERROR] LogOutputStream:75 - [STDERR_REDIRECT] [Fatal Error] :1:1: Premature end of file.
2025-08-11 21:58:58,892 [ERROR] LogOutputStream:75 - [STDERR_REDIRECT] 
2025-08-11 21:58:59,896 [ERROR] LogOutputStream:75 - [STDERR_REDIRECT] [Fatal Error] :1:1: Premature end of file.
2025-08-11 21:58:59,896 [ERROR] LogOutputStream:75 - [STDERR_REDIRECT] 
2025-08-11 21:59:00,882 [ERROR] LogOutputStream:75 - [STDERR_REDIRECT] [Fatal Error] :1:1: Premature end of file.
2025-08-11 21:59:00,882 [ERROR] LogOutputStream:75 - [STDERR_REDIRECT] 
2025-08-11 21:59:01,895 [ERROR] LogOutputStream:75 - [STDERR_REDIRECT] [Fatal Error] :1:1: Premature end of file.
2025-08-11 21:59:01,896 [ERROR] LogOutputStream:75 - [STDERR_REDIRECT] 
2025-08-11 21:59:02,894 [ERROR] LogOutputStream:75 - [STDERR_REDIRECT] [Fatal Error] :1:1: Premature end of file.
2025-08-11 21:59:02,895 [ERROR] LogOutputStream:75 - [STDERR_REDIRECT] 
2025-08-11 21:59:03,895 [ERROR] LogOutputStream:75 - [STDERR_REDIRECT] [Fatal Error] :1:1: Premature end of file.
2025-08-11 21:59:03,895 [ERROR] LogOutputStream:75 - [STDERR_REDIRECT] 
2025-08-11 21:59:04,896 [ERROR] LogOutputStream:75 - [STDERR_REDIRECT] [Fatal Error] :1:1: Premature end of file.
2025-08-11 21:59:04,896 [ERROR] LogOutputStream:75 - [STDERR_REDIRECT] 
2025-08-11 21:59:05,898 [ERROR] LogOutputStream:75 - [STDERR_REDIRECT] [Fatal Error] :1:1: Premature end of file.
2025-08-11 21:59:05,899 [ERROR] LogOutputStream:75 - [STDERR_REDIRECT] 
2025-08-11 21:59:06,894 [ERROR] LogOutputStream:75 - [STDERR_REDIRECT] [Fatal Error] :1:1: Premature end of file.
2025-08-11 21:59:06,894 [ERROR] LogOutputStream:75 - [STDERR_REDIRECT] 
2025-08-11 21:59:07,907 [ERROR] LogOutputStream:75 - [STDERR_REDIRECT] [Fatal Error] :1:1: Premature end of file.
2025-08-11 21:59:07,907 [ERROR] LogOutputStream:75 - [STDERR_REDIRECT] 
2025-08-11 21:59:08,896 [ERROR] LogOutputStream:75 - [STDERR_REDIRECT] [Fatal Error] :1:1: Premature end of file.
2025-08-11 21:59:08,896 [ERROR] LogOutputStream:75 - [STDERR_REDIRECT] 
2025-08-11 21:59:09,891 [ERROR] LogOutputStream:75 - [STDERR_REDIRECT] [Fatal Error] :1:1: Premature end of file.
2025-08-11 21:59:09,892 [ERROR] LogOutputStream:75 - [STDERR_REDIRECT] 
2025-08-11 21:59:10,897 [ERROR] LogOutputStream:75 - [STDERR_REDIRECT] [Fatal Error] :1:1: Premature end of file.
2025-08-11 21:59:10,898 [ERROR] LogOutputStream:75 - [STDERR_REDIRECT] 
2025-08-11 21:59:11,896 [ERROR] LogOutputStream:75 - [STDERR_REDIRECT] [Fatal Error] :1:1: Premature end of file.
2025-08-11 21:59:11,896 [ERROR] LogOutputStream:75 - [STDERR_REDIRECT] 
2025-08-11 21:59:12,898 [ERROR] LogOutputStream:75 - [STDERR_REDIRECT] [Fatal Error] :1:1: Premature end of file.
2025-08-11 21:59:12,898 [ERROR] LogOutputStream:75 - [STDERR_REDIRECT] 
2025-08-11 21:59:13,895 [ERROR] LogOutputStream:75 - [STDERR_REDIRECT] [Fatal Error] :1:1: Premature end of file.
2025-08-11 21:59:13,895 [ERROR] LogOutputStream:75 - [STDERR_REDIRECT] 
2025-08-11 21:59:14,897 [ERROR] LogOutputStream:75 - [STDERR_REDIRECT] [Fatal Error] :1:1: Premature end of file.
2025-08-11 21:59:14,897 [ERROR] LogOutputStream:75 - [STDERR_REDIRECT] 
2025-08-11 21:59:15,898 [ERROR] LogOutputStream:75 - [STDERR_REDIRECT] [Fatal Error] :1:1: Premature end of file.
2025-08-11 21:59:15,898 [ERROR] LogOutputStream:75 - [STDERR_REDIRECT] 
2025-08-11 21:59:16,892 [ERROR] LogOutputStream:75 - [STDERR_REDIRECT] [Fatal Error] :1:1: Premature end of file.
2025-08-11 21:59:16,892 [ERROR] LogOutputStream:75 - [STDERR_REDIRECT] 
2025-08-11 21:59:17,888 [ERROR] LogOutputStream:75 - [STDERR_REDIRECT] [Fatal Error] :1:1: Premature end of file.
2025-08-11 21:59:17,888 [ERROR] LogOutputStream:75 - [STDERR_REDIRECT] 
2025-08-11 21:59:18,894 [ERROR] LogOutputStream:75 - [STDERR_REDIRECT] [Fatal Error] :1:1: Premature end of file.
2025-08-11 21:59:18,895 [ERROR] LogOutputStream:75 - [STDERR_REDIRECT] 
2025-08-11 21:59:19,879 [ERROR] LogOutputStream:75 - [STDERR_REDIRECT] [Fatal Error] :1:1: Premature end of file.
2025-08-11 21:59:19,879 [ERROR] LogOutputStream:75 - [STDERR_REDIRECT] 
2025-08-11 21:59:20,884 [ERROR] LogOutputStream:75 - [STDERR_REDIRECT] [Fatal Error] :1:1: Premature end of file.
2025-08-11 21:59:20,885 [ERROR] LogOutputStream:75 - [STDERR_REDIRECT] 
2025-08-11 21:59:21,884 [ERROR] LogOutputStream:75 - [STDERR_REDIRECT] [Fatal Error] :1:1: Premature end of file.
2025-08-11 21:59:21,884 [ERROR] LogOutputStream:75 - [STDERR_REDIRECT] 
2025-08-11 21:59:22,894 [ERROR] LogOutputStream:75 - [STDERR_REDIRECT] [Fatal Error] :1:1: Premature end of file.
2025-08-11 21:59:22,894 [ERROR] LogOutputStream:75 - [STDERR_REDIRECT] 
2025-08-11 21:59:23,897 [ERROR] LogOutputStream:75 - [STDERR_REDIRECT] [Fatal Error] :1:1: Premature end of file.
2025-08-11 21:59:23,897 [ERROR] LogOutputStream:75 - [STDERR_REDIRECT] 
2025-08-11 21:59:24,892 [ERROR] LogOutputStream:75 - [STDERR_REDIRECT] [Fatal Error] :1:1: Premature end of file.
2025-08-11 21:59:24,893 [ERROR] LogOutputStream:75 - [STDERR_REDIRECT] 
2025-08-11 21:59:25,895 [ERROR] LogOutputStream:75 - [STDERR_REDIRECT] [Fatal Error] :1:1: Premature end of file.
2025-08-11 21:59:25,895 [ERROR] LogOutputStream:75 - [STDERR_REDIRECT] 
2025-08-11 21:59:26,887 [ERROR] LogOutputStream:75 - [STDERR_REDIRECT] [Fatal Error] :1:1: Premature end of file.
2025-08-11 21:59:26,887 [ERROR] LogOutputStream:75 - [STDERR_REDIRECT] 
2025-08-11 21:59:27,895 [ERROR] LogOutputStream:75 - [STDERR_REDIRECT] [Fatal Error] :1:1: Premature end of file.
2025-08-11 21:59:27,895 [ERROR] LogOutputStream:75 - [STDERR_REDIRECT] 
2025-08-11 21:59:28,877 [ERROR] LogOutputStream:75 - [STDERR_REDIRECT] [Fatal Error] :1:1: Premature end of file.
2025-08-11 21:59:28,877 [ERROR] LogOutputStream:75 - [STDERR_REDIRECT] 
2025-08-11 21:59:29,892 [ERROR] LogOutputStream:75 - [STDERR_REDIRECT] [Fatal Error] :1:1: Premature end of file.
2025-08-11 21:59:29,892 [ERROR] LogOutputStream:75 - [STDERR_REDIRECT] 
2025-08-11 21:59:30,876 [ERROR] LogOutputStream:75 - [STDERR_REDIRECT] [Fatal Error] :1:1: Premature end of file.
2025-08-11 21:59:30,877 [ERROR] LogOutputStream:75 - [STDERR_REDIRECT] 
2025-08-11 21:59:31,894 [ERROR] LogOutputStream:75 - [STDERR_REDIRECT] [Fatal Error] :1:1: Premature end of file.
2025-08-11 21:59:31,894 [ERROR] LogOutputStream:75 - [STDERR_REDIRECT] 
2025-08-11 21:59:32,893 [ERROR] LogOutputStream:75 - [STDERR_REDIRECT] [Fatal Error] :1:1: Premature end of file.
2025-08-11 21:59:32,893 [ERROR] LogOutputStream:75 - [STDERR_REDIRECT] 
2025-08-11 21:59:33,892 [ERROR] LogOutputStream:75 - [STDERR_REDIRECT] [Fatal Error] :1:1: Premature end of file.
2025-08-11 21:59:33,892 [ERROR] LogOutputStream:75 - [STDERR_REDIRECT] 
2025-08-11 21:59:34,891 [ERROR] LogOutputStream:75 - [STDERR_REDIRECT] [Fatal Error] :1:1: Premature end of file.
2025-08-11 21:59:34,892 [ERROR] LogOutputStream:75 - [STDERR_REDIRECT] 
2025-08-11 21:59:35,881 [ERROR] LogOutputStream:75 - [STDERR_REDIRECT] [Fatal Error] :1:1: Premature end of file.
2025-08-11 21:59:35,881 [ERROR] LogOutputStream:75 - [STDERR_REDIRECT] 
2025-08-11 21:59:36,894 [ERROR] LogOutputStream:75 - [STDERR_REDIRECT] [Fatal Error] :1:1: Premature end of file.
2025-08-11 21:59:36,894 [ERROR] LogOutputStream:75 - [STDERR_REDIRECT] 
2025-08-11 21:59:37,895 [ERROR] LogOutputStream:75 - [STDERR_REDIRECT] [Fatal Error] :1:1: Premature end of file.
2025-08-11 21:59:37,896 [ERROR] LogOutputStream:75 - [STDERR_REDIRECT] 
2025-08-11 21:59:38,879 [ERROR] LogOutputStream:75 - [STDERR_REDIRECT] [Fatal Error] :1:1: Premature end of file.
2025-08-11 21:59:38,879 [ERROR] LogOutputStream:75 - [STDERR_REDIRECT] 
2025-08-11 21:59:39,894 [ERROR] LogOutputStream:75 - [STDERR_REDIRECT] [Fatal Error] :1:1: Premature end of file.
2025-08-11 21:59:39,894 [ERROR] LogOutputStream:75 - [STDERR_REDIRECT] 
2025-08-11 21:59:40,882 [ERROR] LogOutputStream:75 - [STDERR_REDIRECT] [Fatal Error] :1:1: Premature end of file.
2025-08-11 21:59:40,882 [ERROR] LogOutputStream:75 - [STDERR_REDIRECT] 
2025-08-11 21:59:41,877 [ERROR] LogOutputStream:75 - [STDERR_REDIRECT] [Fatal Error] :1:1: Premature end of file.
2025-08-11 21:59:41,877 [ERROR] LogOutputStream:75 - [STDERR_REDIRECT] 
2025-08-11 21:59:42,891 [ERROR] LogOutputStream:75 - [STDERR_REDIRECT] [Fatal Error] :1:1: Premature end of file.
2025-08-11 21:59:42,891 [ERROR] LogOutputStream:75 - [STDERR_REDIRECT] 
2025-08-11 21:59:43,878 [ERROR] LogOutputStream:75 - [STDERR_REDIRECT] [Fatal Error] :1:1: Premature end of file.
2025-08-11 21:59:43,878 [ERROR] LogOutputStream:75 - [STDERR_REDIRECT] 
2025-08-11 21:59:44,881 [ERROR] LogOutputStream:75 - [STDERR_REDIRECT] [Fatal Error] :1:1: Premature end of file.
2025-08-11 21:59:44,881 [ERROR] LogOutputStream:75 - [STDERR_REDIRECT] 
2025-08-11 21:59:45,889 [ERROR] LogOutputStream:75 - [STDERR_REDIRECT] [Fatal Error] :1:1: Premature end of file.
2025-08-11 21:59:45,890 [ERROR] LogOutputStream:75 - [STDERR_REDIRECT] 
2025-08-11 21:59:46,892 [ERROR] LogOutputStream:75 - [STDERR_REDIRECT] [Fatal Error] :1:1: Premature end of file.
2025-08-11 21:59:46,892 [ERROR] LogOutputStream:75 - [STDERR_REDIRECT] 
2025-08-11 21:59:47,894 [ERROR] LogOutputStream:75 - [STDERR_REDIRECT] [Fatal Error] :1:1: Premature end of file.
2025-08-11 21:59:47,894 [ERROR] LogOutputStream:75 - [STDERR_REDIRECT] 
2025-08-11 21:59:48,894 [ERROR] LogOutputStream:75 - [STDERR_REDIRECT] [Fatal Error] :1:1: Premature end of file.
2025-08-11 21:59:48,894 [ERROR] LogOutputStream:75 - [STDERR_REDIRECT] 
2025-08-11 21:59:49,889 [ERROR] LogOutputStream:75 - [STDERR_REDIRECT] [Fatal Error] :1:1: Premature end of file.
2025-08-11 21:59:49,889 [ERROR] LogOutputStream:75 - [STDERR_REDIRECT] 
2025-08-11 21:59:50,894 [ERROR] LogOutputStream:75 - [STDERR_REDIRECT] [Fatal Error] :1:1: Premature end of file.
2025-08-11 21:59:50,894 [ERROR] LogOutputStream:75 - [STDERR_REDIRECT] 
2025-08-11 21:59:51,878 [ERROR] LogOutputStream:75 - [STDERR_REDIRECT] [Fatal Error] :1:1: Premature end of file.
2025-08-11 21:59:51,878 [ERROR] LogOutputStream:75 - [STDERR_REDIRECT] 
2025-08-11 21:59:52,887 [ERROR] LogOutputStream:75 - [STDERR_REDIRECT] [Fatal Error] :1:1: Premature end of file.
2025-08-11 21:59:52,887 [ERROR] LogOutputStream:75 - [STDERR_REDIRECT] 
2025-08-11 21:59:53,878 [ERROR] LogOutputStream:75 - [STDERR_REDIRECT] [Fatal Error] :1:1: Premature end of file.
2025-08-11 21:59:53,878 [ERROR] LogOutputStream:75 - [STDERR_REDIRECT] 
2025-08-11 21:59:54,887 [ERROR] LogOutputStream:75 - [STDERR_REDIRECT] [Fatal Error] :1:1: Premature end of file.
2025-08-11 21:59:54,887 [ERROR] LogOutputStream:75 - [STDERR_REDIRECT] 
2025-08-11 21:59:55,888 [ERROR] LogOutputStream:75 - [STDERR_REDIRECT] [Fatal Error] :1:1: Premature end of file.
2025-08-11 21:59:55,888 [ERROR] LogOutputStream:75 - [STDERR_REDIRECT] 
2025-08-11 21:59:56,893 [ERROR] LogOutputStream:75 - [STDERR_REDIRECT] [Fatal Error] :1:1: Premature end of file.
2025-08-11 21:59:56,894 [ERROR] LogOutputStream:75 - [STDERR_REDIRECT] 
2025-08-11 21:59:57,893 [ERROR] LogOutputStream:75 - [STDERR_REDIRECT] [Fatal Error] :1:1: Premature end of file.
2025-08-11 21:59:57,893 [ERROR] LogOutputStream:75 - [STDERR_REDIRECT] 
2025-08-11 21:59:58,894 [ERROR] LogOutputStream:75 - [STDERR_REDIRECT] [Fatal Error] :1:1: Premature end of file.
2025-08-11 21:59:58,894 [ERROR] LogOutputStream:75 - [STDERR_REDIRECT] 
2025-08-11 21:59:59,893 [ERROR] LogOutputStream:75 - [STDERR_REDIRECT] [Fatal Error] :1:1: Premature end of file.
2025-08-11 21:59:59,893 [ERROR] LogOutputStream:75 - [STDERR_REDIRECT] 
2025-08-11 22:00:00,896 [ERROR] LogOutputStream:75 - [STDERR_REDIRECT] [Fatal Error] :1:1: Premature end of file.
2025-08-11 22:00:00,896 [ERROR] LogOutputStream:75 - [STDERR_REDIRECT] 
2025-08-11 22:00:01,883 [ERROR] LogOutputStream:75 - [STDERR_REDIRECT] [Fatal Error] :1:1: Premature end of file.
2025-08-11 22:00:01,883 [ERROR] LogOutputStream:75 - [STDERR_REDIRECT] 
2025-08-11 22:00:02,896 [ERROR] LogOutputStream:75 - [STDERR_REDIRECT] [Fatal Error] :1:1: Premature end of file.
2025-08-11 22:00:02,896 [ERROR] LogOutputStream:75 - [STDERR_REDIRECT] 
2025-08-11 22:00:03,880 [ERROR] LogOutputStream:75 - [STDERR_REDIRECT] [Fatal Error] :1:1: Premature end of file.
2025-08-11 22:00:03,880 [ERROR] LogOutputStream:75 - [STDERR_REDIRECT] 
2025-08-11 22:00:04,879 [ERROR] LogOutputStream:75 - [STDERR_REDIRECT] [Fatal Error] :1:1: Premature end of file.
2025-08-11 22:00:04,879 [ERROR] LogOutputStream:75 - [STDERR_REDIRECT] 
2025-08-11 22:00:05,880 [ERROR] LogOutputStream:75 - [STDERR_REDIRECT] [Fatal Error] :1:1: Premature end of file.
2025-08-11 22:00:05,880 [ERROR] LogOutputStream:75 - [STDERR_REDIRECT] 
2025-08-11 22:00:06,883 [ERROR] LogOutputStream:75 - [STDERR_REDIRECT] [Fatal Error] :1:1: Premature end of file.
2025-08-11 22:00:06,883 [ERROR] LogOutputStream:75 - [STDERR_REDIRECT] 
2025-08-11 22:00:07,878 [ERROR] LogOutputStream:75 - [STDERR_REDIRECT] [Fatal Error] :1:1: Premature end of file.
2025-08-11 22:00:07,878 [ERROR] LogOutputStream:75 - [STDERR_REDIRECT] 
2025-08-11 22:00:08,883 [ERROR] LogOutputStream:75 - [STDERR_REDIRECT] [Fatal Error] :1:1: Premature end of file.
2025-08-11 22:00:08,884 [ERROR] LogOutputStream:75 - [STDERR_REDIRECT] 
2025-08-11 22:00:09,882 [ERROR] LogOutputStream:75 - [STDERR_REDIRECT] [Fatal Error] :1:1: Premature end of file.
2025-08-11 22:00:09,882 [ERROR] LogOutputStream:75 - [STDERR_REDIRECT] 
2025-08-11 22:00:10,897 [ERROR] LogOutputStream:75 - [STDERR_REDIRECT] [Fatal Error] :1:1: Premature end of file.
2025-08-11 22:00:10,897 [ERROR] LogOutputStream:75 - [STDERR_REDIRECT] 
2025-08-11 22:00:11,923 [ERROR] LogOutputStream:75 - [STDERR_REDIRECT] [Fatal Error] :1:1: Premature end of file.
2025-08-11 22:00:11,923 [ERROR] LogOutputStream:75 - [STDERR_REDIRECT] 
2025-08-11 22:00:12,880 [ERROR] LogOutputStream:75 - [STDERR_REDIRECT] [Fatal Error] :1:1: Premature end of file.
2025-08-11 22:00:12,881 [ERROR] LogOutputStream:75 - [STDERR_REDIRECT] 
2025-08-11 22:00:13,879 [ERROR] LogOutputStream:75 - [STDERR_REDIRECT] [Fatal Error] :1:1: Premature end of file.
2025-08-11 22:00:13,879 [ERROR] LogOutputStream:75 - [STDERR_REDIRECT] 
2025-08-11 22:00:14,878 [ERROR] LogOutputStream:75 - [STDERR_REDIRECT] [Fatal Error] :1:1: Premature end of file.
2025-08-11 22:00:14,878 [ERROR] LogOutputStream:75 - [STDERR_REDIRECT] 
2025-08-11 22:00:15,878 [ERROR] LogOutputStream:75 - [STDERR_REDIRECT] [Fatal Error] :1:1: Premature end of file.
2025-08-11 22:00:15,878 [ERROR] LogOutputStream:75 - [STDERR_REDIRECT] 
2025-08-11 22:00:16,888 [ERROR] LogOutputStream:75 - [STDERR_REDIRECT] [Fatal Error] :1:1: Premature end of file.
2025-08-11 22:00:16,889 [ERROR] LogOutputStream:75 - [STDERR_REDIRECT] 
2025-08-11 22:00:17,879 [ERROR] LogOutputStream:75 - [STDERR_REDIRECT] [Fatal Error] :1:1: Premature end of file.
2025-08-11 22:00:17,879 [ERROR] LogOutputStream:75 - [STDERR_REDIRECT] 
2025-08-11 22:00:18,898 [ERROR] LogOutputStream:75 - [STDERR_REDIRECT] [Fatal Error] :1:1: Premature end of file.
2025-08-11 22:00:18,898 [ERROR] LogOutputStream:75 - [STDERR_REDIRECT] 
2025-08-11 22:00:19,878 [ERROR] LogOutputStream:75 - [STDERR_REDIRECT] [Fatal Error] :1:1: Premature end of file.
2025-08-11 22:00:19,879 [ERROR] LogOutputStream:75 - [STDERR_REDIRECT] 
2025-08-11 22:00:20,891 [ERROR] LogOutputStream:75 - [STDERR_REDIRECT] [Fatal Error] :1:1: Premature end of file.
2025-08-11 22:00:20,891 [ERROR] LogOutputStream:75 - [STDERR_REDIRECT] 
2025-08-11 22:00:21,882 [ERROR] LogOutputStream:75 - [STDERR_REDIRECT] [Fatal Error] :1:1: Premature end of file.
2025-08-11 22:00:21,882 [ERROR] LogOutputStream:75 - [STDERR_REDIRECT] 
2025-08-11 22:00:22,882 [ERROR] LogOutputStream:75 - [STDERR_REDIRECT] [Fatal Error] :1:1: Premature end of file.
2025-08-11 22:00:22,882 [ERROR] LogOutputStream:75 - [STDERR_REDIRECT] 
2025-08-11 22:00:23,878 [ERROR] LogOutputStream:75 - [STDERR_REDIRECT] [Fatal Error] :1:1: Premature end of file.
2025-08-11 22:00:23,878 [ERROR] LogOutputStream:75 - [STDERR_REDIRECT] 
2025-08-11 22:00:24,883 [ERROR] LogOutputStream:75 - [STDERR_REDIRECT] [Fatal Error] :1:1: Premature end of file.
2025-08-11 22:00:24,883 [ERROR] LogOutputStream:75 - [STDERR_REDIRECT] 
2025-08-11 22:00:25,879 [ERROR] LogOutputStream:75 - [STDERR_REDIRECT] [Fatal Error] :1:1: Premature end of file.
2025-08-11 22:00:25,879 [ERROR] LogOutputStream:75 - [STDERR_REDIRECT] 
2025-08-11 22:00:26,879 [ERROR] LogOutputStream:75 - [STDERR_REDIRECT] [Fatal Error] :1:1: Premature end of file.
2025-08-11 22:00:26,879 [ERROR] LogOutputStream:75 - [STDERR_REDIRECT] 
2025-08-11 22:00:27,877 [ERROR] LogOutputStream:75 - [STDERR_REDIRECT] [Fatal Error] :1:1: Premature end of file.
2025-08-11 22:00:27,877 [ERROR] LogOutputStream:75 - [STDERR_REDIRECT] 
2025-08-11 22:00:28,882 [ERROR] LogOutputStream:75 - [STDERR_REDIRECT] [Fatal Error] :1:1: Premature end of file.
2025-08-11 22:00:28,882 [ERROR] LogOutputStream:75 - [STDERR_REDIRECT] 
2025-08-11 22:00:29,904 [ERROR] LogOutputStream:75 - [STDERR_REDIRECT] [Fatal Error] :1:1: Premature end of file.
2025-08-11 22:00:29,904 [ERROR] LogOutputStream:75 - [STDERR_REDIRECT] 
2025-08-11 22:00:30,891 [ERROR] LogOutputStream:75 - [STDERR_REDIRECT] [Fatal Error] :1:1: Premature end of file.
2025-08-11 22:00:30,891 [ERROR] LogOutputStream:75 - [STDERR_REDIRECT] 
2025-08-11 22:00:31,878 [ERROR] LogOutputStream:75 - [STDERR_REDIRECT] [Fatal Error] :1:1: Premature end of file.
2025-08-11 22:00:31,878 [ERROR] LogOutputStream:75 - [STDERR_REDIRECT] 
2025-08-11 22:00:32,884 [ERROR] LogOutputStream:75 - [STDERR_REDIRECT] [Fatal Error] :1:1: Premature end of file.
2025-08-11 22:00:32,884 [ERROR] LogOutputStream:75 - [STDERR_REDIRECT] 
2025-08-11 22:00:33,881 [ERROR] LogOutputStream:75 - [STDERR_REDIRECT] [Fatal Error] :1:1: Premature end of file.
2025-08-11 22:00:33,881 [ERROR] LogOutputStream:75 - [STDERR_REDIRECT] 
2025-08-11 22:00:34,878 [ERROR] LogOutputStream:75 - [STDERR_REDIRECT] [Fatal Error] :1:1: Premature end of file.
2025-08-11 22:00:34,878 [ERROR] LogOutputStream:75 - [STDERR_REDIRECT] 
2025-08-11 22:00:35,880 [ERROR] LogOutputStream:75 - [STDERR_REDIRECT] [Fatal Error] :1:1: Premature end of file.
2025-08-11 22:00:35,880 [ERROR] LogOutputStream:75 - [STDERR_REDIRECT] 
2025-08-11 22:00:36,878 [ERROR] LogOutputStream:75 - [STDERR_REDIRECT] [Fatal Error] :1:1: Premature end of file.
2025-08-11 22:00:36,878 [ERROR] LogOutputStream:75 - [STDERR_REDIRECT] 
2025-08-11 22:00:37,882 [ERROR] LogOutputStream:75 - [STDERR_REDIRECT] [Fatal Error] :1:1: Premature end of file.
2025-08-11 22:00:37,882 [ERROR] LogOutputStream:75 - [STDERR_REDIRECT] 
2025-08-11 22:00:38,892 [ERROR] LogOutputStream:75 - [STDERR_REDIRECT] [Fatal Error] :1:1: Premature end of file.
2025-08-11 22:00:38,892 [ERROR] LogOutputStream:75 - [STDERR_REDIRECT] 
2025-08-11 22:00:39,891 [ERROR] LogOutputStream:75 - [STDERR_REDIRECT] [Fatal Error] :1:1: Premature end of file.
2025-08-11 22:00:39,891 [ERROR] LogOutputStream:75 - [STDERR_REDIRECT] 
2025-08-11 22:00:40,879 [ERROR] LogOutputStream:75 - [STDERR_REDIRECT] [Fatal Error] :1:1: Premature end of file.
2025-08-11 22:00:40,879 [ERROR] LogOutputStream:75 - [STDERR_REDIRECT] 
2025-08-11 22:00:41,894 [ERROR] LogOutputStream:75 - [STDERR_REDIRECT] [Fatal Error] :1:1: Premature end of file.
2025-08-11 22:00:41,894 [ERROR] LogOutputStream:75 - [STDERR_REDIRECT] 
2025-08-11 22:00:42,882 [ERROR] LogOutputStream:75 - [STDERR_REDIRECT] [Fatal Error] :1:1: Premature end of file.
2025-08-11 22:00:42,882 [ERROR] LogOutputStream:75 - [STDERR_REDIRECT] 
2025-08-11 22:00:43,880 [ERROR] LogOutputStream:75 - [STDERR_REDIRECT] [Fatal Error] :1:1: Premature end of file.
2025-08-11 22:00:43,880 [ERROR] LogOutputStream:75 - [STDERR_REDIRECT] 
2025-08-11 22:00:44,889 [ERROR] LogOutputStream:75 - [STDERR_REDIRECT] [Fatal Error] :1:1: Premature end of file.
2025-08-11 22:00:44,889 [ERROR] LogOutputStream:75 - [STDERR_REDIRECT] 
2025-08-11 22:00:45,891 [ERROR] LogOutputStream:75 - [STDERR_REDIRECT] [Fatal Error] :1:1: Premature end of file.
2025-08-11 22:00:45,891 [ERROR] LogOutputStream:75 - [STDERR_REDIRECT] 
2025-08-11 22:00:46,878 [ERROR] LogOutputStream:75 - [STDERR_REDIRECT] [Fatal Error] :1:1: Premature end of file.
2025-08-11 22:00:46,878 [ERROR] LogOutputStream:75 - [STDERR_REDIRECT] 
2025-08-11 22:00:47,893 [ERROR] LogOutputStream:75 - [STDERR_REDIRECT] [Fatal Error] :1:1: Premature end of file.
2025-08-11 22:00:47,893 [ERROR] LogOutputStream:75 - [STDERR_REDIRECT] 
2025-08-11 22:00:48,895 [ERROR] LogOutputStream:75 - [STDERR_REDIRECT] [Fatal Error] :1:1: Premature end of file.
2025-08-11 22:00:48,895 [ERROR] LogOutputStream:75 - [STDERR_REDIRECT] 
2025-08-11 22:00:49,892 [ERROR] LogOutputStream:75 - [STDERR_REDIRECT] [Fatal Error] :1:1: Premature end of file.
2025-08-11 22:00:49,893 [ERROR] LogOutputStream:75 - [STDERR_REDIRECT] 
2025-08-11 22:00:50,898 [ERROR] LogOutputStream:75 - [STDERR_REDIRECT] [Fatal Error] :1:1: Premature end of file.
2025-08-11 22:00:50,898 [ERROR] LogOutputStream:75 - [STDERR_REDIRECT] 
2025-08-11 22:00:51,894 [ERROR] LogOutputStream:75 - [STDERR_REDIRECT] [Fatal Error] :1:1: Premature end of file.
2025-08-11 22:00:51,894 [ERROR] LogOutputStream:75 - [STDERR_REDIRECT] 
2025-08-11 22:00:52,895 [ERROR] LogOutputStream:75 - [STDERR_REDIRECT] [Fatal Error] :1:1: Premature end of file.
2025-08-11 22:00:52,896 [ERROR] LogOutputStream:75 - [STDERR_REDIRECT] 
2025-08-11 22:00:53,898 [ERROR] LogOutputStream:75 - [STDERR_REDIRECT] [Fatal Error] :1:1: Premature end of file.
2025-08-11 22:00:53,898 [ERROR] LogOutputStream:75 - [STDERR_REDIRECT] 
2025-08-11 22:00:54,883 [ERROR] LogOutputStream:75 - [STDERR_REDIRECT] [Fatal Error] :1:1: Premature end of file.
2025-08-11 22:00:54,883 [ERROR] LogOutputStream:75 - [STDERR_REDIRECT] 
2025-08-11 22:00:55,884 [ERROR] LogOutputStream:75 - [STDERR_REDIRECT] [Fatal Error] :1:1: Premature end of file.
2025-08-11 22:00:55,884 [ERROR] LogOutputStream:75 - [STDERR_REDIRECT] 
2025-08-11 22:00:56,895 [ERROR] LogOutputStream:75 - [STDERR_REDIRECT] [Fatal Error] :1:1: Premature end of file.
2025-08-11 22:00:56,895 [ERROR] LogOutputStream:75 - [STDERR_REDIRECT] 
2025-08-11 22:00:57,889 [ERROR] LogOutputStream:75 - [STDERR_REDIRECT] [Fatal Error] :1:1: Premature end of file.
2025-08-11 22:00:57,889 [ERROR] LogOutputStream:75 - [STDERR_REDIRECT] 
2025-08-11 22:00:58,893 [ERROR] LogOutputStream:75 - [STDERR_REDIRECT] [Fatal Error] :1:1: Premature end of file.
2025-08-11 22:00:58,893 [ERROR] LogOutputStream:75 - [STDERR_REDIRECT] 
2025-08-11 22:00:59,895 [ERROR] LogOutputStream:75 - [STDERR_REDIRECT] [Fatal Error] :1:1: Premature end of file.
2025-08-11 22:00:59,895 [ERROR] LogOutputStream:75 - [STDERR_REDIRECT] 
2025-08-11 22:01:00,894 [ERROR] LogOutputStream:75 - [STDERR_REDIRECT] [Fatal Error] :1:1: Premature end of file.
2025-08-11 22:01:00,894 [ERROR] LogOutputStream:75 - [STDERR_REDIRECT] 
2025-08-11 22:01:01,884 [ERROR] LogOutputStream:75 - [STDERR_REDIRECT] [Fatal Error] :1:1: Premature end of file.
2025-08-11 22:01:01,884 [ERROR] LogOutputStream:75 - [STDERR_REDIRECT] 
2025-08-11 22:01:02,893 [ERROR] LogOutputStream:75 - [STDERR_REDIRECT] [Fatal Error] :1:1: Premature end of file.
2025-08-11 22:01:02,893 [ERROR] LogOutputStream:75 - [STDERR_REDIRECT] 
2025-08-11 22:01:03,884 [ERROR] LogOutputStream:75 - [STDERR_REDIRECT] [Fatal Error] :1:1: Premature end of file.
2025-08-11 22:01:03,885 [ERROR] LogOutputStream:75 - [STDERR_REDIRECT] 
2025-08-11 22:01:04,878 [ERROR] LogOutputStream:75 - [STDERR_REDIRECT] [Fatal Error] :1:1: Premature end of file.
2025-08-11 22:01:04,878 [ERROR] LogOutputStream:75 - [STDERR_REDIRECT] 
2025-08-11 22:01:05,877 [ERROR] LogOutputStream:75 - [STDERR_REDIRECT] [Fatal Error] :1:1: Premature end of file.
2025-08-11 22:01:05,877 [ERROR] LogOutputStream:75 - [STDERR_REDIRECT] 
2025-08-11 22:01:06,897 [ERROR] LogOutputStream:75 - [STDERR_REDIRECT] [Fatal Error] :1:1: Premature end of file.
2025-08-11 22:01:06,897 [ERROR] LogOutputStream:75 - [STDERR_REDIRECT] 
2025-08-11 22:01:07,886 [ERROR] LogOutputStream:75 - [STDERR_REDIRECT] [Fatal Error] :1:1: Premature end of file.
2025-08-11 22:01:07,886 [ERROR] LogOutputStream:75 - [STDERR_REDIRECT] 
2025-08-11 22:01:08,882 [ERROR] LogOutputStream:75 - [STDERR_REDIRECT] [Fatal Error] :1:1: Premature end of file.
2025-08-11 22:01:08,882 [ERROR] LogOutputStream:75 - [STDERR_REDIRECT] 
2025-08-11 22:01:09,892 [ERROR] LogOutputStream:75 - [STDERR_REDIRECT] [Fatal Error] :1:1: Premature end of file.
2025-08-11 22:01:09,892 [ERROR] LogOutputStream:75 - [STDERR_REDIRECT] 
2025-08-11 22:01:10,893 [ERROR] LogOutputStream:75 - [STDERR_REDIRECT] [Fatal Error] :1:1: Premature end of file.
2025-08-11 22:01:10,893 [ERROR] LogOutputStream:75 - [STDERR_REDIRECT] 
2025-08-11 22:01:11,891 [ERROR] LogOutputStream:75 - [STDERR_REDIRECT] [Fatal Error] :1:1: Premature end of file.
2025-08-11 22:01:11,891 [ERROR] LogOutputStream:75 - [STDERR_REDIRECT] 
2025-08-11 22:01:12,893 [ERROR] LogOutputStream:75 - [STDERR_REDIRECT] [Fatal Error] :1:1: Premature end of file.
2025-08-11 22:01:12,893 [ERROR] LogOutputStream:75 - [STDERR_REDIRECT] 
2025-08-11 22:01:13,888 [ERROR] LogOutputStream:75 - [STDERR_REDIRECT] [Fatal Error] :1:1: Premature end of file.
2025-08-11 22:01:13,888 [ERROR] LogOutputStream:75 - [STDERR_REDIRECT] 
2025-08-11 22:01:14,896 [ERROR] LogOutputStream:75 - [STDERR_REDIRECT] [Fatal Error] :1:1: Premature end of file.
2025-08-11 22:01:14,896 [ERROR] LogOutputStream:75 - [STDERR_REDIRECT] 
2025-08-11 22:01:15,883 [ERROR] LogOutputStream:75 - [STDERR_REDIRECT] [Fatal Error] :1:1: Premature end of file.
2025-08-11 22:01:15,883 [ERROR] LogOutputStream:75 - [STDERR_REDIRECT] 
2025-08-11 22:01:16,886 [ERROR] LogOutputStream:75 - [STDERR_REDIRECT] [Fatal Error] :1:1: Premature end of file.
2025-08-11 22:01:16,886 [ERROR] LogOutputStream:75 - [STDERR_REDIRECT] 
2025-08-11 22:01:17,900 [ERROR] LogOutputStream:75 - [STDERR_REDIRECT] [Fatal Error] :1:1: Premature end of file.
2025-08-11 22:01:17,900 [ERROR] LogOutputStream:75 - [STDERR_REDIRECT] 
2025-08-11 22:01:18,893 [ERROR] LogOutputStream:75 - [STDERR_REDIRECT] [Fatal Error] :1:1: Premature end of file.
2025-08-11 22:01:18,893 [ERROR] LogOutputStream:75 - [STDERR_REDIRECT] 
2025-08-11 22:01:19,894 [ERROR] LogOutputStream:75 - [STDERR_REDIRECT] [Fatal Error] :1:1: Premature end of file.
2025-08-11 22:01:19,894 [ERROR] LogOutputStream:75 - [STDERR_REDIRECT] 
2025-08-11 22:01:20,897 [ERROR] LogOutputStream:75 - [STDERR_REDIRECT] [Fatal Error] :1:1: Premature end of file.
2025-08-11 22:01:20,898 [ERROR] LogOutputStream:75 - [STDERR_REDIRECT] 
2025-08-11 22:01:21,895 [ERROR] LogOutputStream:75 - [STDERR_REDIRECT] [Fatal Error] :1:1: Premature end of file.
2025-08-11 22:01:21,895 [ERROR] LogOutputStream:75 - [STDERR_REDIRECT] 
2025-08-11 22:01:22,895 [ERROR] LogOutputStream:75 - [STDERR_REDIRECT] [Fatal Error] :1:1: Premature end of file.
2025-08-11 22:01:22,895 [ERROR] LogOutputStream:75 - [STDERR_REDIRECT] 
2025-08-11 22:01:23,899 [ERROR] LogOutputStream:75 - [STDERR_REDIRECT] [Fatal Error] :1:1: Premature end of file.
2025-08-11 22:01:23,899 [ERROR] LogOutputStream:75 - [STDERR_REDIRECT] 
2025-08-11 22:01:24,895 [ERROR] LogOutputStream:75 - [STDERR_REDIRECT] [Fatal Error] :1:1: Premature end of file.
2025-08-11 22:01:24,895 [ERROR] LogOutputStream:75 - [STDERR_REDIRECT] 
2025-08-11 22:01:25,898 [ERROR] LogOutputStream:75 - [STDERR_REDIRECT] [Fatal Error] :1:1: Premature end of file.
2025-08-11 22:01:25,898 [ERROR] LogOutputStream:75 - [STDERR_REDIRECT] 
2025-08-11 22:01:26,895 [ERROR] LogOutputStream:75 - [STDERR_REDIRECT] [Fatal Error] :1:1: Premature end of file.
2025-08-11 22:01:26,895 [ERROR] LogOutputStream:75 - [STDERR_REDIRECT] 
2025-08-11 22:01:27,880 [ERROR] LogOutputStream:75 - [STDERR_REDIRECT] [Fatal Error] :1:1: Premature end of file.
2025-08-11 22:01:27,880 [ERROR] LogOutputStream:75 - [STDERR_REDIRECT] 
2025-08-11 22:01:28,875 [ERROR] LogOutputStream:75 - [STDERR_REDIRECT] [Fatal Error] :1:1: Premature end of file.
2025-08-11 22:01:28,875 [ERROR] LogOutputStream:75 - [STDERR_REDIRECT] 
2025-08-11 22:01:29,879 [ERROR] LogOutputStream:75 - [STDERR_REDIRECT] [Fatal Error] :1:1: Premature end of file.
2025-08-11 22:01:29,880 [ERROR] LogOutputStream:75 - [STDERR_REDIRECT] 
2025-08-11 22:01:30,879 [ERROR] LogOutputStream:75 - [STDERR_REDIRECT] [Fatal Error] :1:1: Premature end of file.
2025-08-11 22:01:30,879 [ERROR] LogOutputStream:75 - [STDERR_REDIRECT] 
2025-08-11 22:01:31,893 [ERROR] LogOutputStream:75 - [STDERR_REDIRECT] [Fatal Error] :1:1: Premature end of file.
2025-08-11 22:01:31,893 [ERROR] LogOutputStream:75 - [STDERR_REDIRECT] 
2025-08-11 22:01:32,895 [ERROR] LogOutputStream:75 - [STDERR_REDIRECT] [Fatal Error] :1:1: Premature end of file.
2025-08-11 22:01:32,895 [ERROR] LogOutputStream:75 - [STDERR_REDIRECT] 
2025-08-11 22:01:33,893 [ERROR] LogOutputStream:75 - [STDERR_REDIRECT] [Fatal Error] :1:1: Premature end of file.
2025-08-11 22:01:33,893 [ERROR] LogOutputStream:75 - [STDERR_REDIRECT] 
2025-08-11 22:01:34,895 [ERROR] LogOutputStream:75 - [STDERR_REDIRECT] [Fatal Error] :1:1: Premature end of file.
2025-08-11 22:01:34,895 [ERROR] LogOutputStream:75 - [STDERR_REDIRECT] 
2025-08-11 22:01:35,897 [ERROR] LogOutputStream:75 - [STDERR_REDIRECT] [Fatal Error] :1:1: Premature end of file.
2025-08-11 22:01:35,897 [ERROR] LogOutputStream:75 - [STDERR_REDIRECT] 
2025-08-11 22:01:36,898 [ERROR] LogOutputStream:75 - [STDERR_REDIRECT] [Fatal Error] :1:1: Premature end of file.
2025-08-11 22:01:36,899 [ERROR] LogOutputStream:75 - [STDERR_REDIRECT] 
2025-08-11 22:01:37,895 [ERROR] LogOutputStream:75 - [STDERR_REDIRECT] [Fatal Error] :1:1: Premature end of file.
2025-08-11 22:01:37,896 [ERROR] LogOutputStream:75 - [STDERR_REDIRECT] 
2025-08-11 22:01:38,897 [ERROR] LogOutputStream:75 - [STDERR_REDIRECT] [Fatal Error] :1:1: Premature end of file.
2025-08-11 22:01:38,897 [ERROR] LogOutputStream:75 - [STDERR_REDIRECT] 
2025-08-11 22:01:39,896 [ERROR] LogOutputStream:75 - [STDERR_REDIRECT] [Fatal Error] :1:1: Premature end of file.
2025-08-11 22:01:39,896 [ERROR] LogOutputStream:75 - [STDERR_REDIRECT] 
2025-08-11 22:01:40,883 [ERROR] LogOutputStream:75 - [STDERR_REDIRECT] [Fatal Error] :1:1: Premature end of file.
2025-08-11 22:01:40,883 [ERROR] LogOutputStream:75 - [STDERR_REDIRECT] 
2025-08-11 22:01:41,899 [ERROR] LogOutputStream:75 - [STDERR_REDIRECT] [Fatal Error] :1:1: Premature end of file.
2025-08-11 22:01:41,899 [ERROR] LogOutputStream:75 - [STDERR_REDIRECT] 
2025-08-11 22:01:42,896 [ERROR] LogOutputStream:75 - [STDERR_REDIRECT] [Fatal Error] :1:1: Premature end of file.
2025-08-11 22:01:42,896 [ERROR] LogOutputStream:75 - [STDERR_REDIRECT] 
2025-08-11 22:01:43,895 [ERROR] LogOutputStream:75 - [STDERR_REDIRECT] [Fatal Error] :1:1: Premature end of file.
2025-08-11 22:01:43,895 [ERROR] LogOutputStream:75 - [STDERR_REDIRECT] 
2025-08-11 22:01:44,893 [ERROR] LogOutputStream:75 - [STDERR_REDIRECT] [Fatal Error] :1:1: Premature end of file.
2025-08-11 22:01:44,893 [ERROR] LogOutputStream:75 - [STDERR_REDIRECT] 
2025-08-11 22:01:45,897 [ERROR] LogOutputStream:75 - [STDERR_REDIRECT] [Fatal Error] :1:1: Premature end of file.
2025-08-11 22:01:45,897 [ERROR] LogOutputStream:75 - [STDERR_REDIRECT] 
2025-08-11 22:01:46,896 [ERROR] LogOutputStream:75 - [STDERR_REDIRECT] [Fatal Error] :1:1: Premature end of file.
2025-08-11 22:01:46,896 [ERROR] LogOutputStream:75 - [STDERR_REDIRECT] 
2025-08-11 22:01:47,896 [ERROR] LogOutputStream:75 - [STDERR_REDIRECT] [Fatal Error] :1:1: Premature end of file.
2025-08-11 22:01:47,897 [ERROR] LogOutputStream:75 - [STDERR_REDIRECT] 
2025-08-11 22:01:48,894 [ERROR] LogOutputStream:75 - [STDERR_REDIRECT] [Fatal Error] :1:1: Premature end of file.
2025-08-11 22:01:48,894 [ERROR] LogOutputStream:75 - [STDERR_REDIRECT] 
2025-08-11 22:01:49,895 [ERROR] LogOutputStream:75 - [STDERR_REDIRECT] [Fatal Error] :1:1: Premature end of file.
2025-08-11 22:01:49,895 [ERROR] LogOutputStream:75 - [STDERR_REDIRECT] 
2025-08-11 22:01:50,895 [ERROR] LogOutputStream:75 - [STDERR_REDIRECT] [Fatal Error] :1:1: Premature end of file.
2025-08-11 22:01:50,896 [ERROR] LogOutputStream:75 - [STDERR_REDIRECT] 
2025-08-11 22:01:51,894 [ERROR] LogOutputStream:75 - [STDERR_REDIRECT] [Fatal Error] :1:1: Premature end of file.
2025-08-11 22:01:51,894 [ERROR] LogOutputStream:75 - [STDERR_REDIRECT] 
2025-08-11 22:01:52,889 [ERROR] LogOutputStream:75 - [STDERR_REDIRECT] [Fatal Error] :1:1: Premature end of file.
2025-08-11 22:01:52,889 [ERROR] LogOutputStream:75 - [STDERR_REDIRECT] 
2025-08-11 22:01:53,896 [ERROR] LogOutputStream:75 - [STDERR_REDIRECT] [Fatal Error] :1:1: Premature end of file.
2025-08-11 22:01:53,896 [ERROR] LogOutputStream:75 - [STDERR_REDIRECT] 
2025-08-11 22:01:54,898 [ERROR] LogOutputStream:75 - [STDERR_REDIRECT] [Fatal Error] :1:1: Premature end of file.
2025-08-11 22:01:54,899 [ERROR] LogOutputStream:75 - [STDERR_REDIRECT] 
2025-08-11 22:01:55,895 [ERROR] LogOutputStream:75 - [STDERR_REDIRECT] [Fatal Error] :1:1: Premature end of file.
2025-08-11 22:01:55,895 [ERROR] LogOutputStream:75 - [STDERR_REDIRECT] 
2025-08-11 22:01:56,898 [ERROR] LogOutputStream:75 - [STDERR_REDIRECT] [Fatal Error] :1:1: Premature end of file.
2025-08-11 22:01:56,899 [ERROR] LogOutputStream:75 - [STDERR_REDIRECT] 
2025-08-11 22:01:57,893 [ERROR] LogOutputStream:75 - [STDERR_REDIRECT] [Fatal Error] :1:1: Premature end of file.
2025-08-11 22:01:57,893 [ERROR] LogOutputStream:75 - [STDERR_REDIRECT] 
2025-08-11 22:01:58,897 [ERROR] LogOutputStream:75 - [STDERR_REDIRECT] [Fatal Error] :1:1: Premature end of file.
2025-08-11 22:01:58,897 [ERROR] LogOutputStream:75 - [STDERR_REDIRECT] 
2025-08-11 22:01:59,895 [ERROR] LogOutputStream:75 - [STDERR_REDIRECT] [Fatal Error] :1:1: Premature end of file.
2025-08-11 22:01:59,895 [ERROR] LogOutputStream:75 - [STDERR_REDIRECT] 
2025-08-11 22:02:00,896 [ERROR] LogOutputStream:75 - [STDERR_REDIRECT] [Fatal Error] :1:1: Premature end of file.
2025-08-11 22:02:00,896 [ERROR] LogOutputStream:75 - [STDERR_REDIRECT] 
2025-08-11 22:02:01,895 [ERROR] LogOutputStream:75 - [STDERR_REDIRECT] [Fatal Error] :1:1: Premature end of file.
2025-08-11 22:02:01,895 [ERROR] LogOutputStream:75 - [STDERR_REDIRECT] 
2025-08-11 22:02:02,897 [ERROR] LogOutputStream:75 - [STDERR_REDIRECT] [Fatal Error] :1:1: Premature end of file.
2025-08-11 22:02:02,897 [ERROR] LogOutputStream:75 - [STDERR_REDIRECT] 
2025-08-11 22:02:03,895 [ERROR] LogOutputStream:75 - [STDERR_REDIRECT] [Fatal Error] :1:1: Premature end of file.
2025-08-11 22:02:03,895 [ERROR] LogOutputStream:75 - [STDERR_REDIRECT] 
2025-08-11 22:02:04,904 [ERROR] LogOutputStream:75 - [STDERR_REDIRECT] [Fatal Error] :1:1: Premature end of file.
2025-08-11 22:02:04,904 [ERROR] LogOutputStream:75 - [STDERR_REDIRECT] 
2025-08-11 22:02:05,896 [ERROR] LogOutputStream:75 - [STDERR_REDIRECT] [Fatal Error] :1:1: Premature end of file.
2025-08-11 22:02:05,896 [ERROR] LogOutputStream:75 - [STDERR_REDIRECT] 
2025-08-11 22:02:06,898 [ERROR] LogOutputStream:75 - [STDERR_REDIRECT] [Fatal Error] :1:1: Premature end of file.
2025-08-11 22:02:06,898 [ERROR] LogOutputStream:75 - [STDERR_REDIRECT] 
2025-08-11 22:02:07,896 [ERROR] LogOutputStream:75 - [STDERR_REDIRECT] [Fatal Error] :1:1: Premature end of file.
2025-08-11 22:02:07,896 [ERROR] LogOutputStream:75 - [STDERR_REDIRECT] 
2025-08-11 22:02:08,899 [ERROR] LogOutputStream:75 - [STDERR_REDIRECT] [Fatal Error] :1:1: Premature end of file.
2025-08-11 22:02:08,899 [ERROR] LogOutputStream:75 - [STDERR_REDIRECT] 
2025-08-11 22:02:09,893 [ERROR] LogOutputStream:75 - [STDERR_REDIRECT] [Fatal Error] :1:1: Premature end of file.
2025-08-11 22:02:09,893 [ERROR] LogOutputStream:75 - [STDERR_REDIRECT] 
2025-08-11 22:02:10,897 [ERROR] LogOutputStream:75 - [STDERR_REDIRECT] [Fatal Error] :1:1: Premature end of file.
2025-08-11 22:02:10,897 [ERROR] LogOutputStream:75 - [STDERR_REDIRECT] 
2025-08-11 22:02:11,895 [ERROR] LogOutputStream:75 - [STDERR_REDIRECT] [Fatal Error] :1:1: Premature end of file.
2025-08-11 22:02:11,895 [ERROR] LogOutputStream:75 - [STDERR_REDIRECT] 
2025-08-11 22:02:12,898 [ERROR] LogOutputStream:75 - [STDERR_REDIRECT] [Fatal Error] :1:1: Premature end of file.
2025-08-11 22:02:12,898 [ERROR] LogOutputStream:75 - [STDERR_REDIRECT] 
2025-08-11 22:02:13,896 [ERROR] LogOutputStream:75 - [STDERR_REDIRECT] [Fatal Error] :1:1: Premature end of file.
2025-08-11 22:02:13,896 [ERROR] LogOutputStream:75 - [STDERR_REDIRECT] 
2025-08-11 22:02:14,896 [ERROR] LogOutputStream:75 - [STDERR_REDIRECT] [Fatal Error] :1:1: Premature end of file.
2025-08-11 22:02:14,897 [ERROR] LogOutputStream:75 - [STDERR_REDIRECT] 
2025-08-11 22:02:15,895 [ERROR] LogOutputStream:75 - [STDERR_REDIRECT] [Fatal Error] :1:1: Premature end of file.
2025-08-11 22:02:15,900 [ERROR] LogOutputStream:75 - [STDERR_REDIRECT] 
2025-08-11 22:02:16,901 [ERROR] LogOutputStream:75 - [STDERR_REDIRECT] [Fatal Error] :1:1: Premature end of file.
2025-08-11 22:02:16,902 [ERROR] LogOutputStream:75 - [STDERR_REDIRECT] 
2025-08-11 22:02:17,895 [ERROR] LogOutputStream:75 - [STDERR_REDIRECT] [Fatal Error] :1:1: Premature end of file.
2025-08-11 22:02:17,895 [ERROR] LogOutputStream:75 - [STDERR_REDIRECT] 
2025-08-11 22:02:18,897 [ERROR] LogOutputStream:75 - [STDERR_REDIRECT] [Fatal Error] :1:1: Premature end of file.
2025-08-11 22:02:18,898 [ERROR] LogOutputStream:75 - [STDERR_REDIRECT] 
2025-08-11 22:02:19,896 [ERROR] LogOutputStream:75 - [STDERR_REDIRECT] [Fatal Error] :1:1: Premature end of file.
2025-08-11 22:02:19,896 [ERROR] LogOutputStream:75 - [STDERR_REDIRECT] 
2025-08-11 22:02:20,897 [ERROR] LogOutputStream:75 - [STDERR_REDIRECT] [Fatal Error] :1:1: Premature end of file.
2025-08-11 22:02:20,897 [ERROR] LogOutputStream:75 - [STDERR_REDIRECT] 
2025-08-11 22:02:21,897 [ERROR] LogOutputStream:75 - [STDERR_REDIRECT] [Fatal Error] :1:1: Premature end of file.
2025-08-11 22:02:21,897 [ERROR] LogOutputStream:75 - [STDERR_REDIRECT] 
2025-08-11 22:02:22,896 [ERROR] LogOutputStream:75 - [STDERR_REDIRECT] [Fatal Error] :1:1: Premature end of file.
2025-08-11 22:02:22,896 [ERROR] LogOutputStream:75 - [STDERR_REDIRECT] 
2025-08-11 22:02:23,895 [ERROR] LogOutputStream:75 - [STDERR_REDIRECT] [Fatal Error] :1:1: Premature end of file.
2025-08-11 22:02:23,896 [ERROR] LogOutputStream:75 - [STDERR_REDIRECT] 
2025-08-11 22:02:24,894 [ERROR] LogOutputStream:75 - [STDERR_REDIRECT] [Fatal Error] :1:1: Premature end of file.
2025-08-11 22:02:24,894 [ERROR] LogOutputStream:75 - [STDERR_REDIRECT] 
2025-08-11 22:02:25,896 [ERROR] LogOutputStream:75 - [STDERR_REDIRECT] [Fatal Error] :1:1: Premature end of file.
2025-08-11 22:02:25,896 [ERROR] LogOutputStream:75 - [STDERR_REDIRECT] 
2025-08-11 22:02:26,893 [ERROR] LogOutputStream:75 - [STDERR_REDIRECT] [Fatal Error] :1:1: Premature end of file.
2025-08-11 22:02:26,893 [ERROR] LogOutputStream:75 - [STDERR_REDIRECT] 
2025-08-11 22:02:27,890 [ERROR] LogOutputStream:75 - [STDERR_REDIRECT] [Fatal Error] :1:1: Premature end of file.
2025-08-11 22:02:27,890 [ERROR] LogOutputStream:75 - [STDERR_REDIRECT] 
2025-08-11 22:02:28,905 [ERROR] LogOutputStream:75 - [STDERR_REDIRECT] [Fatal Error] :1:1: Premature end of file.
2025-08-11 22:02:28,905 [ERROR] LogOutputStream:75 - [STDERR_REDIRECT] 
2025-08-11 22:02:29,895 [ERROR] LogOutputStream:75 - [STDERR_REDIRECT] [Fatal Error] :1:1: Premature end of file.
2025-08-11 22:02:29,895 [ERROR] LogOutputStream:75 - [STDERR_REDIRECT] 
2025-08-11 22:02:30,899 [ERROR] LogOutputStream:75 - [STDERR_REDIRECT] [Fatal Error] :1:1: Premature end of file.
2025-08-11 22:02:30,899 [ERROR] LogOutputStream:75 - [STDERR_REDIRECT] 
2025-08-11 22:02:31,896 [ERROR] LogOutputStream:75 - [STDERR_REDIRECT] [Fatal Error] :1:1: Premature end of file.
2025-08-11 22:02:31,896 [ERROR] LogOutputStream:75 - [STDERR_REDIRECT] 
2025-08-11 22:02:32,896 [ERROR] LogOutputStream:75 - [STDERR_REDIRECT] [Fatal Error] :1:1: Premature end of file.
2025-08-11 22:02:32,896 [ERROR] LogOutputStream:75 - [STDERR_REDIRECT] 
2025-08-11 22:02:33,890 [ERROR] LogOutputStream:75 - [STDERR_REDIRECT] [Fatal Error] :1:1: Premature end of file.
2025-08-11 22:02:33,891 [ERROR] LogOutputStream:75 - [STDERR_REDIRECT] 
2025-08-11 22:02:34,896 [ERROR] LogOutputStream:75 - [STDERR_REDIRECT] [Fatal Error] :1:1: Premature end of file.
2025-08-11 22:02:34,896 [ERROR] LogOutputStream:75 - [STDERR_REDIRECT] 
2025-08-11 22:02:35,891 [ERROR] LogOutputStream:75 - [STDERR_REDIRECT] [Fatal Error] :1:1: Premature end of file.
2025-08-11 22:02:35,891 [ERROR] LogOutputStream:75 - [STDERR_REDIRECT] 
2025-08-11 22:02:36,922 [ERROR] LogOutputStream:75 - [STDERR_REDIRECT] [Fatal Error] :1:1: Premature end of file.
2025-08-11 22:02:36,922 [ERROR] LogOutputStream:75 - [STDERR_REDIRECT] 
2025-08-11 22:02:37,891 [ERROR] LogOutputStream:75 - [STDERR_REDIRECT] [Fatal Error] :1:1: Premature end of file.
2025-08-11 22:02:37,891 [ERROR] LogOutputStream:75 - [STDERR_REDIRECT] 
2025-08-11 22:02:38,893 [ERROR] LogOutputStream:75 - [STDERR_REDIRECT] [Fatal Error] :1:1: Premature end of file.
2025-08-11 22:02:38,893 [ERROR] LogOutputStream:75 - [STDERR_REDIRECT] 
2025-08-11 22:02:39,891 [ERROR] LogOutputStream:75 - [STDERR_REDIRECT] [Fatal Error] :1:1: Premature end of file.
2025-08-11 22:02:39,891 [ERROR] LogOutputStream:75 - [STDERR_REDIRECT] 
2025-08-11 22:02:40,910 [ERROR] LogOutputStream:75 - [STDERR_REDIRECT] [Fatal Error] :1:1: Premature end of file.
2025-08-11 22:02:40,911 [ERROR] LogOutputStream:75 - [STDERR_REDIRECT] 
2025-08-11 22:02:41,895 [ERROR] LogOutputStream:75 - [STDERR_REDIRECT] [Fatal Error] :1:1: Premature end of file.
2025-08-11 22:02:41,895 [ERROR] LogOutputStream:75 - [STDERR_REDIRECT] 
2025-08-11 22:02:42,898 [ERROR] LogOutputStream:75 - [STDERR_REDIRECT] [Fatal Error] :1:1: Premature end of file.
2025-08-11 22:02:42,898 [ERROR] LogOutputStream:75 - [STDERR_REDIRECT] 
2025-08-11 22:02:43,898 [ERROR] LogOutputStream:75 - [STDERR_REDIRECT] [Fatal Error] :1:1: Premature end of file.
2025-08-11 22:02:43,898 [ERROR] LogOutputStream:75 - [STDERR_REDIRECT] 
2025-08-11 22:02:44,899 [ERROR] LogOutputStream:75 - [STDERR_REDIRECT] [Fatal Error] :1:1: Premature end of file.
2025-08-11 22:02:44,899 [ERROR] LogOutputStream:75 - [STDERR_REDIRECT] 
2025-08-11 22:02:45,898 [ERROR] LogOutputStream:75 - [STDERR_REDIRECT] [Fatal Error] :1:1: Premature end of file.
2025-08-11 22:02:45,898 [ERROR] LogOutputStream:75 - [STDERR_REDIRECT] 
2025-08-11 22:02:46,896 [ERROR] LogOutputStream:75 - [STDERR_REDIRECT] [Fatal Error] :1:1: Premature end of file.
2025-08-11 22:02:46,896 [ERROR] LogOutputStream:75 - [STDERR_REDIRECT] 
2025-08-11 22:02:47,897 [ERROR] LogOutputStream:75 - [STDERR_REDIRECT] [Fatal Error] :1:1: Premature end of file.
2025-08-11 22:02:47,897 [ERROR] LogOutputStream:75 - [STDERR_REDIRECT] 
2025-08-11 22:02:48,892 [ERROR] LogOutputStream:75 - [STDERR_REDIRECT] [Fatal Error] :1:1: Premature end of file.
2025-08-11 22:02:48,892 [ERROR] LogOutputStream:75 - [STDERR_REDIRECT] 
2025-08-11 22:02:49,896 [ERROR] LogOutputStream:75 - [STDERR_REDIRECT] [Fatal Error] :1:1: Premature end of file.
2025-08-11 22:02:49,896 [ERROR] LogOutputStream:75 - [STDERR_REDIRECT] 
2025-08-11 22:02:50,899 [ERROR] LogOutputStream:75 - [STDERR_REDIRECT] [Fatal Error] :1:1: Premature end of file.
2025-08-11 22:02:50,899 [ERROR] LogOutputStream:75 - [STDERR_REDIRECT] 
2025-08-11 22:02:51,893 [ERROR] LogOutputStream:75 - [STDERR_REDIRECT] [Fatal Error] :1:1: Premature end of file.
2025-08-11 22:02:51,893 [ERROR] LogOutputStream:75 - [STDERR_REDIRECT] 
2025-08-11 22:02:52,901 [ERROR] LogOutputStream:75 - [STDERR_REDIRECT] [Fatal Error] :1:1: Premature end of file.
2025-08-11 22:02:52,901 [ERROR] LogOutputStream:75 - [STDERR_REDIRECT] 
2025-08-11 22:02:53,893 [ERROR] LogOutputStream:75 - [STDERR_REDIRECT] [Fatal Error] :1:1: Premature end of file.
2025-08-11 22:02:53,893 [ERROR] LogOutputStream:75 - [STDERR_REDIRECT] 
2025-08-11 22:02:54,895 [ERROR] LogOutputStream:75 - [STDERR_REDIRECT] [Fatal Error] :1:1: Premature end of file.
2025-08-11 22:02:54,895 [ERROR] LogOutputStream:75 - [STDERR_REDIRECT] 
2025-08-11 22:02:55,898 [ERROR] LogOutputStream:75 - [STDERR_REDIRECT] [Fatal Error] :1:1: Premature end of file.
2025-08-11 22:02:55,898 [ERROR] LogOutputStream:75 - [STDERR_REDIRECT] 
2025-08-11 22:02:56,896 [ERROR] LogOutputStream:75 - [STDERR_REDIRECT] [Fatal Error] :1:1: Premature end of file.
2025-08-11 22:02:56,896 [ERROR] LogOutputStream:75 - [STDERR_REDIRECT] 
2025-08-11 22:02:57,894 [ERROR] LogOutputStream:75 - [STDERR_REDIRECT] [Fatal Error] :1:1: Premature end of file.
2025-08-11 22:02:57,894 [ERROR] LogOutputStream:75 - [STDERR_REDIRECT] 
2025-08-11 22:02:58,896 [ERROR] LogOutputStream:75 - [STDERR_REDIRECT] [Fatal Error] :1:1: Premature end of file.
2025-08-11 22:02:58,896 [ERROR] LogOutputStream:75 - [STDERR_REDIRECT] 
2025-08-11 22:02:59,895 [ERROR] LogOutputStream:75 - [STDERR_REDIRECT] [Fatal Error] :1:1: Premature end of file.
2025-08-11 22:02:59,895 [ERROR] LogOutputStream:75 - [STDERR_REDIRECT] 
2025-08-11 22:03:00,899 [ERROR] LogOutputStream:75 - [STDERR_REDIRECT] [Fatal Error] :1:1: Premature end of file.
2025-08-11 22:03:00,899 [ERROR] LogOutputStream:75 - [STDERR_REDIRECT] 
2025-08-11 22:03:01,893 [ERROR] LogOutputStream:75 - [STDERR_REDIRECT] [Fatal Error] :1:1: Premature end of file.
2025-08-11 22:03:01,894 [ERROR] LogOutputStream:75 - [STDERR_REDIRECT] 
2025-08-11 22:03:02,893 [ERROR] LogOutputStream:75 - [STDERR_REDIRECT] [Fatal Error] :1:1: Premature end of file.
2025-08-11 22:03:02,893 [ERROR] LogOutputStream:75 - [STDERR_REDIRECT] 
2025-08-11 22:03:03,895 [ERROR] LogOutputStream:75 - [STDERR_REDIRECT] [Fatal Error] :1:1: Premature end of file.
2025-08-11 22:03:03,895 [ERROR] LogOutputStream:75 - [STDERR_REDIRECT] 
2025-08-11 22:03:04,897 [ERROR] LogOutputStream:75 - [STDERR_REDIRECT] [Fatal Error] :1:1: Premature end of file.
2025-08-11 22:03:04,898 [ERROR] LogOutputStream:75 - [STDERR_REDIRECT] 
2025-08-11 22:03:05,895 [ERROR] LogOutputStream:75 - [STDERR_REDIRECT] [Fatal Error] :1:1: Premature end of file.
2025-08-11 22:03:05,895 [ERROR] LogOutputStream:75 - [STDERR_REDIRECT] 
2025-08-11 22:03:06,897 [ERROR] LogOutputStream:75 - [STDERR_REDIRECT] [Fatal Error] :1:1: Premature end of file.
2025-08-11 22:03:06,897 [ERROR] LogOutputStream:75 - [STDERR_REDIRECT] 
2025-08-11 22:03:07,897 [ERROR] LogOutputStream:75 - [STDERR_REDIRECT] [Fatal Error] :1:1: Premature end of file.
2025-08-11 22:03:07,897 [ERROR] LogOutputStream:75 - [STDERR_REDIRECT] 
2025-08-11 22:03:08,896 [ERROR] LogOutputStream:75 - [STDERR_REDIRECT] [Fatal Error] :1:1: Premature end of file.
2025-08-11 22:03:08,896 [ERROR] LogOutputStream:75 - [STDERR_REDIRECT] 
2025-08-11 22:03:09,898 [ERROR] LogOutputStream:75 - [STDERR_REDIRECT] [Fatal Error] :1:1: Premature end of file.
2025-08-11 22:03:09,898 [ERROR] LogOutputStream:75 - [STDERR_REDIRECT] 
2025-08-11 22:03:10,896 [ERROR] LogOutputStream:75 - [STDERR_REDIRECT] [Fatal Error] :1:1: Premature end of file.
2025-08-11 22:03:10,896 [ERROR] LogOutputStream:75 - [STDERR_REDIRECT] 
2025-08-11 22:03:11,896 [ERROR] LogOutputStream:75 - [STDERR_REDIRECT] [Fatal Error] :1:1: Premature end of file.
2025-08-11 22:03:11,897 [ERROR] LogOutputStream:75 - [STDERR_REDIRECT] 
2025-08-11 22:03:12,899 [ERROR] LogOutputStream:75 - [STDERR_REDIRECT] [Fatal Error] :1:1: Premature end of file.
2025-08-11 22:03:12,899 [ERROR] LogOutputStream:75 - [STDERR_REDIRECT] 
2025-08-11 22:03:13,897 [ERROR] LogOutputStream:75 - [STDERR_REDIRECT] [Fatal Error] :1:1: Premature end of file.
2025-08-11 22:03:13,897 [ERROR] LogOutputStream:75 - [STDERR_REDIRECT] 
2025-08-11 22:03:14,897 [ERROR] LogOutputStream:75 - [STDERR_REDIRECT] [Fatal Error] :1:1: Premature end of file.
2025-08-11 22:03:14,898 [ERROR] LogOutputStream:75 - [STDERR_REDIRECT] 
2025-08-11 22:03:15,901 [ERROR] LogOutputStream:75 - [STDERR_REDIRECT] [Fatal Error] :1:1: Premature end of file.
2025-08-11 22:03:15,901 [ERROR] LogOutputStream:75 - [STDERR_REDIRECT] 
2025-08-11 22:03:16,895 [ERROR] LogOutputStream:75 - [STDERR_REDIRECT] [Fatal Error] :1:1: Premature end of file.
2025-08-11 22:03:16,895 [ERROR] LogOutputStream:75 - [STDERR_REDIRECT] 
2025-08-11 22:03:17,895 [ERROR] LogOutputStream:75 - [STDERR_REDIRECT] [Fatal Error] :1:1: Premature end of file.
2025-08-11 22:03:17,895 [ERROR] LogOutputStream:75 - [STDERR_REDIRECT] 
2025-08-11 22:03:18,897 [ERROR] LogOutputStream:75 - [STDERR_REDIRECT] [Fatal Error] :1:1: Premature end of file.
2025-08-11 22:03:18,897 [ERROR] LogOutputStream:75 - [STDERR_REDIRECT] 
2025-08-11 22:03:19,895 [ERROR] LogOutputStream:75 - [STDERR_REDIRECT] [Fatal Error] :1:1: Premature end of file.
2025-08-11 22:03:19,895 [ERROR] LogOutputStream:75 - [STDERR_REDIRECT] 
2025-08-11 22:03:20,897 [ERROR] LogOutputStream:75 - [STDERR_REDIRECT] [Fatal Error] :1:1: Premature end of file.
2025-08-11 22:03:20,897 [ERROR] LogOutputStream:75 - [STDERR_REDIRECT] 
2025-08-11 22:03:21,896 [ERROR] LogOutputStream:75 - [STDERR_REDIRECT] [Fatal Error] :1:1: Premature end of file.
2025-08-11 22:03:21,896 [ERROR] LogOutputStream:75 - [STDERR_REDIRECT] 
2025-08-11 22:03:22,896 [ERROR] LogOutputStream:75 - [STDERR_REDIRECT] [Fatal Error] :1:1: Premature end of file.
2025-08-11 22:03:22,896 [ERROR] LogOutputStream:75 - [STDERR_REDIRECT] 
2025-08-11 22:03:23,896 [ERROR] LogOutputStream:75 - [STDERR_REDIRECT] [Fatal Error] :1:1: Premature end of file.
2025-08-11 22:03:23,896 [ERROR] LogOutputStream:75 - [STDERR_REDIRECT] 
2025-08-11 22:03:24,892 [ERROR] LogOutputStream:75 - [STDERR_REDIRECT] [Fatal Error] :1:1: Premature end of file.
2025-08-11 22:03:24,892 [ERROR] LogOutputStream:75 - [STDERR_REDIRECT] 
2025-08-11 22:03:25,892 [ERROR] LogOutputStream:75 - [STDERR_REDIRECT] [Fatal Error] :1:1: Premature end of file.
2025-08-11 22:03:25,892 [ERROR] LogOutputStream:75 - [STDERR_REDIRECT] 
2025-08-11 22:03:26,895 [ERROR] LogOutputStream:75 - [STDERR_REDIRECT] [Fatal Error] :1:1: Premature end of file.
2025-08-11 22:03:26,895 [ERROR] LogOutputStream:75 - [STDERR_REDIRECT] 
2025-08-11 22:03:27,907 [ERROR] LogOutputStream:75 - [STDERR_REDIRECT] [Fatal Error] :1:1: Premature end of file.
2025-08-11 22:03:27,907 [ERROR] LogOutputStream:75 - [STDERR_REDIRECT] 
2025-08-11 22:03:28,895 [ERROR] LogOutputStream:75 - [STDERR_REDIRECT] [Fatal Error] :1:1: Premature end of file.
2025-08-11 22:03:28,895 [ERROR] LogOutputStream:75 - [STDERR_REDIRECT] 
2025-08-11 22:03:29,894 [ERROR] LogOutputStream:75 - [STDERR_REDIRECT] [Fatal Error] :1:1: Premature end of file.
2025-08-11 22:03:29,894 [ERROR] LogOutputStream:75 - [STDERR_REDIRECT] 
2025-08-11 22:03:30,895 [ERROR] LogOutputStream:75 - [STDERR_REDIRECT] [Fatal Error] :1:1: Premature end of file.
2025-08-11 22:03:30,895 [ERROR] LogOutputStream:75 - [STDERR_REDIRECT] 
2025-08-11 22:03:31,896 [ERROR] LogOutputStream:75 - [STDERR_REDIRECT] [Fatal Error] :1:1: Premature end of file.
2025-08-11 22:03:31,896 [ERROR] LogOutputStream:75 - [STDERR_REDIRECT] 
2025-08-11 22:03:32,897 [ERROR] LogOutputStream:75 - [STDERR_REDIRECT] [Fatal Error] :1:1: Premature end of file.
2025-08-11 22:03:32,897 [ERROR] LogOutputStream:75 - [STDERR_REDIRECT] 
2025-08-11 22:03:33,894 [ERROR] LogOutputStream:75 - [STDERR_REDIRECT] [Fatal Error] :1:1: Premature end of file.
2025-08-11 22:03:33,894 [ERROR] LogOutputStream:75 - [STDERR_REDIRECT] 
2025-08-11 22:03:34,896 [ERROR] LogOutputStream:75 - [STDERR_REDIRECT] [Fatal Error] :1:1: Premature end of file.
2025-08-11 22:03:34,896 [ERROR] LogOutputStream:75 - [STDERR_REDIRECT] 
2025-08-11 22:03:35,895 [ERROR] LogOutputStream:75 - [STDERR_REDIRECT] [Fatal Error] :1:1: Premature end of file.
2025-08-11 22:03:35,897 [ERROR] LogOutputStream:75 - [STDERR_REDIRECT] 
2025-08-11 22:03:36,896 [ERROR] LogOutputStream:75 - [STDERR_REDIRECT] [Fatal Error] :1:1: Premature end of file.
2025-08-11 22:03:36,896 [ERROR] LogOutputStream:75 - [STDERR_REDIRECT] 
2025-08-11 22:03:37,896 [ERROR] LogOutputStream:75 - [STDERR_REDIRECT] [Fatal Error] :1:1: Premature end of file.
2025-08-11 22:03:37,896 [ERROR] LogOutputStream:75 - [STDERR_REDIRECT] 
2025-08-11 22:03:38,893 [ERROR] LogOutputStream:75 - [STDERR_REDIRECT] [Fatal Error] :1:1: Premature end of file.
2025-08-11 22:03:38,893 [ERROR] LogOutputStream:75 - [STDERR_REDIRECT] 
2025-08-11 22:03:39,878 [ERROR] LogOutputStream:75 - [STDERR_REDIRECT] [Fatal Error] :1:1: Premature end of file.
2025-08-11 22:03:39,879 [ERROR] LogOutputStream:75 - [STDERR_REDIRECT] 
2025-08-11 22:03:40,877 [ERROR] LogOutputStream:75 - [STDERR_REDIRECT] [Fatal Error] :1:1: Premature end of file.
2025-08-11 22:03:40,877 [ERROR] LogOutputStream:75 - [STDERR_REDIRECT] 
2025-08-11 22:03:41,894 [ERROR] LogOutputStream:75 - [STDERR_REDIRECT] [Fatal Error] :1:1: Premature end of file.
2025-08-11 22:03:41,894 [ERROR] LogOutputStream:75 - [STDERR_REDIRECT] 
2025-08-11 22:03:42,889 [ERROR] LogOutputStream:75 - [STDERR_REDIRECT] [Fatal Error] :1:1: Premature end of file.
2025-08-11 22:03:42,889 [ERROR] LogOutputStream:75 - [STDERR_REDIRECT] 
2025-08-11 22:03:43,893 [ERROR] LogOutputStream:75 - [STDERR_REDIRECT] [Fatal Error] :1:1: Premature end of file.
2025-08-11 22:03:43,893 [ERROR] LogOutputStream:75 - [STDERR_REDIRECT] 
2025-08-11 22:03:44,896 [ERROR] LogOutputStream:75 - [STDERR_REDIRECT] [Fatal Error] :1:1: Premature end of file.
2025-08-11 22:03:44,896 [ERROR] LogOutputStream:75 - [STDERR_REDIRECT] 
2025-08-11 22:03:45,893 [ERROR] LogOutputStream:75 - [STDERR_REDIRECT] [Fatal Error] :1:1: Premature end of file.
2025-08-11 22:03:45,893 [ERROR] LogOutputStream:75 - [STDERR_REDIRECT] 
2025-08-11 22:03:46,898 [ERROR] LogOutputStream:75 - [STDERR_REDIRECT] [Fatal Error] :1:1: Premature end of file.
2025-08-11 22:03:46,898 [ERROR] LogOutputStream:75 - [STDERR_REDIRECT] 
2025-08-11 22:03:47,897 [ERROR] LogOutputStream:75 - [STDERR_REDIRECT] [Fatal Error] :1:1: Premature end of file.
2025-08-11 22:03:47,897 [ERROR] LogOutputStream:75 - [STDERR_REDIRECT] 
2025-08-11 22:03:48,897 [ERROR] LogOutputStream:75 - [STDERR_REDIRECT] [Fatal Error] :1:1: Premature end of file.
2025-08-11 22:03:48,897 [ERROR] LogOutputStream:75 - [STDERR_REDIRECT] 
2025-08-11 22:03:49,897 [ERROR] LogOutputStream:75 - [STDERR_REDIRECT] [Fatal Error] :1:1: Premature end of file.
2025-08-11 22:03:49,897 [ERROR] LogOutputStream:75 - [STDERR_REDIRECT] 
2025-08-11 22:03:50,889 [ERROR] LogOutputStream:75 - [STDERR_REDIRECT] [Fatal Error] :1:1: Premature end of file.
2025-08-11 22:03:50,889 [ERROR] LogOutputStream:75 - [STDERR_REDIRECT] 
2025-08-11 22:03:51,898 [ERROR] LogOutputStream:75 - [STDERR_REDIRECT] [Fatal Error] :1:1: Premature end of file.
2025-08-11 22:03:51,898 [ERROR] LogOutputStream:75 - [STDERR_REDIRECT] 
2025-08-11 22:03:52,900 [ERROR] LogOutputStream:75 - [STDERR_REDIRECT] [Fatal Error] :1:1: Premature end of file.
2025-08-11 22:03:52,900 [ERROR] LogOutputStream:75 - [STDERR_REDIRECT] 
2025-08-11 22:03:53,897 [ERROR] LogOutputStream:75 - [STDERR_REDIRECT] [Fatal Error] :1:1: Premature end of file.
2025-08-11 22:03:53,897 [ERROR] LogOutputStream:75 - [STDERR_REDIRECT] 
2025-08-11 22:03:54,894 [ERROR] LogOutputStream:75 - [STDERR_REDIRECT] [Fatal Error] :1:1: Premature end of file.
2025-08-11 22:03:54,895 [ERROR] LogOutputStream:75 - [STDERR_REDIRECT] 
2025-08-11 22:03:55,896 [ERROR] LogOutputStream:75 - [STDERR_REDIRECT] [Fatal Error] :1:1: Premature end of file.
2025-08-11 22:03:55,896 [ERROR] LogOutputStream:75 - [STDERR_REDIRECT] 
2025-08-11 22:03:56,895 [ERROR] LogOutputStream:75 - [STDERR_REDIRECT] [Fatal Error] :1:1: Premature end of file.
2025-08-11 22:03:56,895 [ERROR] LogOutputStream:75 - [STDERR_REDIRECT] 
2025-08-11 22:03:57,895 [ERROR] LogOutputStream:75 - [STDERR_REDIRECT] [Fatal Error] :1:1: Premature end of file.
2025-08-11 22:03:57,895 [ERROR] LogOutputStream:75 - [STDERR_REDIRECT] 
2025-08-11 22:03:58,895 [ERROR] LogOutputStream:75 - [STDERR_REDIRECT] [Fatal Error] :1:1: Premature end of file.
2025-08-11 22:03:58,896 [ERROR] LogOutputStream:75 - [STDERR_REDIRECT] 
2025-08-11 22:03:59,895 [ERROR] LogOutputStream:75 - [STDERR_REDIRECT] [Fatal Error] :1:1: Premature end of file.
2025-08-11 22:03:59,895 [ERROR] LogOutputStream:75 - [STDERR_REDIRECT] 
2025-08-11 22:04:00,892 [ERROR] LogOutputStream:75 - [STDERR_REDIRECT] [Fatal Error] :1:1: Premature end of file.
2025-08-11 22:04:00,892 [ERROR] LogOutputStream:75 - [STDERR_REDIRECT] 
2025-08-11 22:04:01,894 [ERROR] LogOutputStream:75 - [STDERR_REDIRECT] [Fatal Error] :1:1: Premature end of file.
2025-08-11 22:04:01,894 [ERROR] LogOutputStream:75 - [STDERR_REDIRECT] 
2025-08-11 22:04:02,899 [ERROR] LogOutputStream:75 - [STDERR_REDIRECT] [Fatal Error] :1:1: Premature end of file.
2025-08-11 22:04:02,899 [ERROR] LogOutputStream:75 - [STDERR_REDIRECT] 
2025-08-11 22:04:04,697 [ERROR] LogOutputStream:75 - [STDERR_REDIRECT] [Fatal Error] :1:1: Premature end of file.
2025-08-11 22:04:04,697 [ERROR] LogOutputStream:75 - [STDERR_REDIRECT] 
2025-08-11 22:04:04,884 [ERROR] LogOutputStream:75 - [STDERR_REDIRECT] [Fatal Error] :1:1: Premature end of file.
2025-08-11 22:04:04,885 [ERROR] LogOutputStream:75 - [STDERR_REDIRECT] 
2025-08-11 22:04:05,883 [ERROR] LogOutputStream:75 - [STDERR_REDIRECT] [Fatal Error] :1:1: Premature end of file.
2025-08-11 22:04:05,883 [ERROR] LogOutputStream:75 - [STDERR_REDIRECT] 
2025-08-11 22:04:06,874 [ERROR] LogOutputStream:75 - [STDERR_REDIRECT] [Fatal Error] :1:1: Premature end of file.
2025-08-11 22:04:06,874 [ERROR] LogOutputStream:75 - [STDERR_REDIRECT] 
2025-08-11 22:04:07,877 [ERROR] LogOutputStream:75 - [STDERR_REDIRECT] [Fatal Error] :1:1: Premature end of file.
2025-08-11 22:04:07,878 [ERROR] LogOutputStream:75 - [STDERR_REDIRECT] 
2025-08-11 22:04:08,895 [ERROR] LogOutputStream:75 - [STDERR_REDIRECT] [Fatal Error] :1:1: Premature end of file.
2025-08-11 22:04:08,895 [ERROR] LogOutputStream:75 - [STDERR_REDIRECT] 
2025-08-11 22:04:09,878 [ERROR] LogOutputStream:75 - [STDERR_REDIRECT] [Fatal Error] :1:1: Premature end of file.
2025-08-11 22:04:09,878 [ERROR] LogOutputStream:75 - [STDERR_REDIRECT] 
2025-08-11 22:04:10,880 [ERROR] LogOutputStream:75 - [STDERR_REDIRECT] [Fatal Error] :1:1: Premature end of file.
2025-08-11 22:04:10,880 [ERROR] LogOutputStream:75 - [STDERR_REDIRECT] 
2025-08-11 22:04:11,877 [ERROR] LogOutputStream:75 - [STDERR_REDIRECT] [Fatal Error] :1:1: Premature end of file.
2025-08-11 22:04:11,877 [ERROR] LogOutputStream:75 - [STDERR_REDIRECT] 
2025-08-11 22:04:12,892 [ERROR] LogOutputStream:75 - [STDERR_REDIRECT] [Fatal Error] :1:1: Premature end of file.
2025-08-11 22:04:12,892 [ERROR] LogOutputStream:75 - [STDERR_REDIRECT] 
2025-08-11 22:04:13,892 [ERROR] LogOutputStream:75 - [STDERR_REDIRECT] [Fatal Error] :1:1: Premature end of file.
2025-08-11 22:04:13,892 [ERROR] LogOutputStream:75 - [STDERR_REDIRECT] 
2025-08-11 22:04:14,897 [ERROR] LogOutputStream:75 - [STDERR_REDIRECT] [Fatal Error] :1:1: Premature end of file.
2025-08-11 22:04:14,897 [ERROR] LogOutputStream:75 - [STDERR_REDIRECT] 
2025-08-11 22:04:15,880 [ERROR] LogOutputStream:75 - [STDERR_REDIRECT] [Fatal Error] :1:1: Premature end of file.
2025-08-11 22:04:15,880 [ERROR] LogOutputStream:75 - [STDERR_REDIRECT] 
2025-08-11 22:04:16,877 [ERROR] LogOutputStream:75 - [STDERR_REDIRECT] [Fatal Error] :1:1: Premature end of file.
2025-08-11 22:04:16,878 [ERROR] LogOutputStream:75 - [STDERR_REDIRECT] 
2025-08-11 22:04:17,878 [ERROR] LogOutputStream:75 - [STDERR_REDIRECT] [Fatal Error] :1:1: Premature end of file.
2025-08-11 22:04:17,878 [ERROR] LogOutputStream:75 - [STDERR_REDIRECT] 
2025-08-11 22:04:18,879 [ERROR] LogOutputStream:75 - [STDERR_REDIRECT] [Fatal Error] :1:1: Premature end of file.
2025-08-11 22:04:18,879 [ERROR] LogOutputStream:75 - [STDERR_REDIRECT] 
2025-08-11 22:04:19,908 [ERROR] LogOutputStream:75 - [STDERR_REDIRECT] [Fatal Error] :1:1: Premature end of file.
2025-08-11 22:04:19,908 [ERROR] LogOutputStream:75 - [STDERR_REDIRECT] 
2025-08-11 22:04:20,886 [ERROR] LogOutputStream:75 - [STDERR_REDIRECT] [Fatal Error] :1:1: Premature end of file.
2025-08-11 22:04:20,886 [ERROR] LogOutputStream:75 - [STDERR_REDIRECT] 
2025-08-11 22:04:21,877 [ERROR] LogOutputStream:75 - [STDERR_REDIRECT] [Fatal Error] :1:1: Premature end of file.
2025-08-11 22:04:21,877 [ERROR] LogOutputStream:75 - [STDERR_REDIRECT] 
2025-08-11 22:04:22,895 [ERROR] LogOutputStream:75 - [STDERR_REDIRECT] [Fatal Error] :1:1: Premature end of file.
2025-08-11 22:04:22,895 [ERROR] LogOutputStream:75 - [STDERR_REDIRECT] 
2025-08-11 22:04:23,894 [ERROR] LogOutputStream:75 - [STDERR_REDIRECT] [Fatal Error] :1:1: Premature end of file.
2025-08-11 22:04:23,894 [ERROR] LogOutputStream:75 - [STDERR_REDIRECT] 
2025-08-11 22:04:24,891 [ERROR] LogOutputStream:75 - [STDERR_REDIRECT] [Fatal Error] :1:1: Premature end of file.
2025-08-11 22:04:24,892 [ERROR] LogOutputStream:75 - [STDERR_REDIRECT] 
2025-08-11 22:04:25,891 [ERROR] LogOutputStream:75 - [STDERR_REDIRECT] [Fatal Error] :1:1: Premature end of file.
2025-08-11 22:04:25,891 [ERROR] LogOutputStream:75 - [STDERR_REDIRECT] 
2025-08-11 22:04:26,899 [ERROR] LogOutputStream:75 - [STDERR_REDIRECT] [Fatal Error] :1:1: Premature end of file.
2025-08-11 22:04:26,899 [ERROR] LogOutputStream:75 - [STDERR_REDIRECT] 
2025-08-11 22:04:27,889 [ERROR] LogOutputStream:75 - [STDERR_REDIRECT] [Fatal Error] :1:1: Premature end of file.
2025-08-11 22:04:27,889 [ERROR] LogOutputStream:75 - [STDERR_REDIRECT] 
2025-08-11 22:04:28,882 [ERROR] LogOutputStream:75 - [STDERR_REDIRECT] [Fatal Error] :1:1: Premature end of file.
2025-08-11 22:04:28,882 [ERROR] LogOutputStream:75 - [STDERR_REDIRECT] 
2025-08-11 22:04:29,894 [ERROR] LogOutputStream:75 - [STDERR_REDIRECT] [Fatal Error] :1:1: Premature end of file.
2025-08-11 22:04:29,894 [ERROR] LogOutputStream:75 - [STDERR_REDIRECT] 
2025-08-11 22:04:30,893 [ERROR] LogOutputStream:75 - [STDERR_REDIRECT] [Fatal Error] :1:1: Premature end of file.
2025-08-11 22:04:30,893 [ERROR] LogOutputStream:75 - [STDERR_REDIRECT] 
2025-08-11 22:04:31,890 [ERROR] LogOutputStream:75 - [STDERR_REDIRECT] [Fatal Error] :1:1: Premature end of file.
2025-08-11 22:04:31,890 [ERROR] LogOutputStream:75 - [STDERR_REDIRECT] 
2025-08-11 22:04:32,894 [ERROR] LogOutputStream:75 - [STDERR_REDIRECT] [Fatal Error] :1:1: Premature end of file.
2025-08-11 22:04:32,894 [ERROR] LogOutputStream:75 - [STDERR_REDIRECT] 
2025-08-11 22:04:33,897 [ERROR] LogOutputStream:75 - [STDERR_REDIRECT] [Fatal Error] :1:1: Premature end of file.
2025-08-11 22:04:33,898 [ERROR] LogOutputStream:75 - [STDERR_REDIRECT] 
2025-08-11 22:04:34,892 [ERROR] LogOutputStream:75 - [STDERR_REDIRECT] [Fatal Error] :1:1: Premature end of file.
2025-08-11 22:04:34,892 [ERROR] LogOutputStream:75 - [STDERR_REDIRECT] 
2025-08-11 22:04:35,896 [ERROR] LogOutputStream:75 - [STDERR_REDIRECT] [Fatal Error] :1:1: Premature end of file.
2025-08-11 22:04:35,897 [ERROR] LogOutputStream:75 - [STDERR_REDIRECT] 
2025-08-11 22:04:36,894 [ERROR] LogOutputStream:75 - [STDERR_REDIRECT] [Fatal Error] :1:1: Premature end of file.
2025-08-11 22:04:36,894 [ERROR] LogOutputStream:75 - [STDERR_REDIRECT] 
2025-08-11 22:04:37,893 [ERROR] LogOutputStream:75 - [STDERR_REDIRECT] [Fatal Error] :1:1: Premature end of file.
2025-08-11 22:04:37,893 [ERROR] LogOutputStream:75 - [STDERR_REDIRECT] 
2025-08-11 22:04:38,896 [ERROR] LogOutputStream:75 - [STDERR_REDIRECT] [Fatal Error] :1:1: Premature end of file.
2025-08-11 22:04:38,897 [ERROR] LogOutputStream:75 - [STDERR_REDIRECT] 
2025-08-11 22:04:39,895 [ERROR] LogOutputStream:75 - [STDERR_REDIRECT] [Fatal Error] :1:1: Premature end of file.
2025-08-11 22:04:39,895 [ERROR] LogOutputStream:75 - [STDERR_REDIRECT] 
2025-08-11 22:04:40,895 [ERROR] LogOutputStream:75 - [STDERR_REDIRECT] [Fatal Error] :1:1: Premature end of file.
2025-08-11 22:04:40,895 [ERROR] LogOutputStream:75 - [STDERR_REDIRECT] 
2025-08-11 22:04:41,896 [ERROR] LogOutputStream:75 - [STDERR_REDIRECT] [Fatal Error] :1:1: Premature end of file.
2025-08-11 22:04:41,896 [ERROR] LogOutputStream:75 - [STDERR_REDIRECT] 
2025-08-11 22:04:42,899 [ERROR] LogOutputStream:75 - [STDERR_REDIRECT] [Fatal Error] :1:1: Premature end of file.
2025-08-11 22:04:42,899 [ERROR] LogOutputStream:75 - [STDERR_REDIRECT] 
2025-08-11 22:04:43,895 [ERROR] LogOutputStream:75 - [STDERR_REDIRECT] [Fatal Error] :1:1: Premature end of file.
2025-08-11 22:04:43,895 [ERROR] LogOutputStream:75 - [STDERR_REDIRECT] 
2025-08-11 22:04:44,894 [ERROR] LogOutputStream:75 - [STDERR_REDIRECT] [Fatal Error] :1:1: Premature end of file.
2025-08-11 22:04:44,894 [ERROR] LogOutputStream:75 - [STDERR_REDIRECT] 
2025-08-11 22:04:45,876 [ERROR] LogOutputStream:75 - [STDERR_REDIRECT] [Fatal Error] :1:1: Premature end of file.
2025-08-11 22:04:45,876 [ERROR] LogOutputStream:75 - [STDERR_REDIRECT] 
2025-08-11 22:04:46,892 [ERROR] LogOutputStream:75 - [STDERR_REDIRECT] [Fatal Error] :1:1: Premature end of file.
2025-08-11 22:04:46,892 [ERROR] LogOutputStream:75 - [STDERR_REDIRECT] 
2025-08-11 22:04:47,879 [ERROR] LogOutputStream:75 - [STDERR_REDIRECT] [Fatal Error] :1:1: Premature end of file.
2025-08-11 22:04:47,879 [ERROR] LogOutputStream:75 - [STDERR_REDIRECT] 
2025-08-11 22:04:48,892 [ERROR] LogOutputStream:75 - [STDERR_REDIRECT] [Fatal Error] :1:1: Premature end of file.
2025-08-11 22:04:48,892 [ERROR] LogOutputStream:75 - [STDERR_REDIRECT] 
2025-08-11 22:04:49,895 [ERROR] LogOutputStream:75 - [STDERR_REDIRECT] [Fatal Error] :1:1: Premature end of file.
2025-08-11 22:04:49,895 [ERROR] LogOutputStream:75 - [STDERR_REDIRECT] 
2025-08-11 22:04:50,879 [ERROR] LogOutputStream:75 - [STDERR_REDIRECT] [Fatal Error] :1:1: Premature end of file.
2025-08-11 22:04:50,879 [ERROR] LogOutputStream:75 - [STDERR_REDIRECT] 
2025-08-11 22:04:51,893 [ERROR] LogOutputStream:75 - [STDERR_REDIRECT] [Fatal Error] :1:1: Premature end of file.
2025-08-11 22:04:51,893 [ERROR] LogOutputStream:75 - [STDERR_REDIRECT] 
2025-08-11 22:04:52,898 [ERROR] LogOutputStream:75 - [STDERR_REDIRECT] [Fatal Error] :1:1: Premature end of file.
2025-08-11 22:04:52,898 [ERROR] LogOutputStream:75 - [STDERR_REDIRECT] 
2025-08-11 22:04:53,894 [ERROR] LogOutputStream:75 - [STDERR_REDIRECT] [Fatal Error] :1:1: Premature end of file.
2025-08-11 22:04:53,894 [ERROR] LogOutputStream:75 - [STDERR_REDIRECT] 
2025-08-11 22:04:54,896 [ERROR] LogOutputStream:75 - [STDERR_REDIRECT] [Fatal Error] :1:1: Premature end of file.
2025-08-11 22:04:54,896 [ERROR] LogOutputStream:75 - [STDERR_REDIRECT] 
2025-08-11 22:04:55,890 [ERROR] LogOutputStream:75 - [STDERR_REDIRECT] [Fatal Error] :1:1: Premature end of file.
2025-08-11 22:04:55,890 [ERROR] LogOutputStream:75 - [STDERR_REDIRECT] 
2025-08-11 22:04:56,895 [ERROR] LogOutputStream:75 - [STDERR_REDIRECT] [Fatal Error] :1:1: Premature end of file.
2025-08-11 22:04:56,895 [ERROR] LogOutputStream:75 - [STDERR_REDIRECT] 
2025-08-11 22:04:57,896 [ERROR] LogOutputStream:75 - [STDERR_REDIRECT] [Fatal Error] :1:1: Premature end of file.
2025-08-11 22:04:57,896 [ERROR] LogOutputStream:75 - [STDERR_REDIRECT] 
2025-08-11 22:04:58,894 [ERROR] LogOutputStream:75 - [STDERR_REDIRECT] [Fatal Error] :1:1: Premature end of file.
2025-08-11 22:04:58,895 [ERROR] LogOutputStream:75 - [STDERR_REDIRECT] 
2025-08-11 22:04:59,898 [ERROR] LogOutputStream:75 - [STDERR_REDIRECT] [Fatal Error] :1:1: Premature end of file.
2025-08-11 22:04:59,898 [ERROR] LogOutputStream:75 - [STDERR_REDIRECT] 
2025-08-11 22:05:00,892 [ERROR] LogOutputStream:75 - [STDERR_REDIRECT] [Fatal Error] :1:1: Premature end of file.
2025-08-11 22:05:00,892 [ERROR] LogOutputStream:75 - [STDERR_REDIRECT] 
2025-08-11 22:05:01,900 [ERROR] LogOutputStream:75 - [STDERR_REDIRECT] [Fatal Error] :1:1: Premature end of file.
2025-08-11 22:05:01,900 [ERROR] LogOutputStream:75 - [STDERR_REDIRECT] 
2025-08-11 22:05:02,894 [ERROR] LogOutputStream:75 - [STDERR_REDIRECT] [Fatal Error] :1:1: Premature end of file.
2025-08-11 22:05:02,894 [ERROR] LogOutputStream:75 - [STDERR_REDIRECT] 
2025-08-11 22:05:03,893 [ERROR] LogOutputStream:75 - [STDERR_REDIRECT] [Fatal Error] :1:1: Premature end of file.
2025-08-11 22:05:03,893 [ERROR] LogOutputStream:75 - [STDERR_REDIRECT] 
2025-08-11 22:05:04,895 [ERROR] LogOutputStream:75 - [STDERR_REDIRECT] [Fatal Error] :1:1: Premature end of file.
2025-08-11 22:05:04,895 [ERROR] LogOutputStream:75 - [STDERR_REDIRECT] 
2025-08-11 22:05:05,895 [ERROR] LogOutputStream:75 - [STDERR_REDIRECT] [Fatal Error] :1:1: Premature end of file.
2025-08-11 22:05:05,895 [ERROR] LogOutputStream:75 - [STDERR_REDIRECT] 
2025-08-11 22:05:06,895 [ERROR] LogOutputStream:75 - [STDERR_REDIRECT] [Fatal Error] :1:1: Premature end of file.
2025-08-11 22:05:06,895 [ERROR] LogOutputStream:75 - [STDERR_REDIRECT] 
2025-08-11 22:05:07,892 [ERROR] LogOutputStream:75 - [STDERR_REDIRECT] [Fatal Error] :1:1: Premature end of file.
2025-08-11 22:05:07,892 [ERROR] LogOutputStream:75 - [STDERR_REDIRECT] 
2025-08-11 22:05:08,894 [ERROR] LogOutputStream:75 - [STDERR_REDIRECT] [Fatal Error] :1:1: Premature end of file.
2025-08-11 22:05:08,894 [ERROR] LogOutputStream:75 - [STDERR_REDIRECT] 
2025-08-11 22:05:09,895 [ERROR] LogOutputStream:75 - [STDERR_REDIRECT] [Fatal Error] :1:1: Premature end of file.
2025-08-11 22:05:09,895 [ERROR] LogOutputStream:75 - [STDERR_REDIRECT] 
2025-08-11 22:05:10,896 [ERROR] LogOutputStream:75 - [STDERR_REDIRECT] [Fatal Error] :1:1: Premature end of file.
2025-08-11 22:05:10,896 [ERROR] LogOutputStream:75 - [STDERR_REDIRECT] 
2025-08-11 22:05:11,896 [ERROR] LogOutputStream:75 - [STDERR_REDIRECT] [Fatal Error] :1:1: Premature end of file.
2025-08-11 22:05:11,897 [ERROR] LogOutputStream:75 - [STDERR_REDIRECT] 
2025-08-11 22:05:12,895 [ERROR] LogOutputStream:75 - [STDERR_REDIRECT] [Fatal Error] :1:1: Premature end of file.
2025-08-11 22:05:12,895 [ERROR] LogOutputStream:75 - [STDERR_REDIRECT] 
2025-08-11 22:05:13,898 [ERROR] LogOutputStream:75 - [STDERR_REDIRECT] [Fatal Error] :1:1: Premature end of file.
2025-08-11 22:05:13,900 [ERROR] LogOutputStream:75 - [STDERR_REDIRECT] 
2025-08-11 22:05:14,895 [ERROR] LogOutputStream:75 - [STDERR_REDIRECT] [Fatal Error] :1:1: Premature end of file.
2025-08-11 22:05:14,895 [ERROR] LogOutputStream:75 - [STDERR_REDIRECT] 
2025-08-11 22:05:15,894 [ERROR] LogOutputStream:75 - [STDERR_REDIRECT] [Fatal Error] :1:1: Premature end of file.
2025-08-11 22:05:15,894 [ERROR] LogOutputStream:75 - [STDERR_REDIRECT] 
2025-08-11 22:05:16,895 [ERROR] LogOutputStream:75 - [STDERR_REDIRECT] [Fatal Error] :1:1: Premature end of file.
2025-08-11 22:05:16,895 [ERROR] LogOutputStream:75 - [STDERR_REDIRECT] 
2025-08-11 22:05:17,895 [ERROR] LogOutputStream:75 - [STDERR_REDIRECT] [Fatal Error] :1:1: Premature end of file.
2025-08-11 22:05:17,895 [ERROR] LogOutputStream:75 - [STDERR_REDIRECT] 
2025-08-11 22:05:18,897 [ERROR] LogOutputStream:75 - [STDERR_REDIRECT] [Fatal Error] :1:1: Premature end of file.
2025-08-11 22:05:18,898 [ERROR] LogOutputStream:75 - [STDERR_REDIRECT] 
2025-08-11 22:05:19,894 [ERROR] LogOutputStream:75 - [STDERR_REDIRECT] [Fatal Error] :1:1: Premature end of file.
2025-08-11 22:05:19,894 [ERROR] LogOutputStream:75 - [STDERR_REDIRECT] 
2025-08-11 22:05:20,897 [ERROR] LogOutputStream:75 - [STDERR_REDIRECT] [Fatal Error] :1:1: Premature end of file.
2025-08-11 22:05:20,897 [ERROR] LogOutputStream:75 - [STDERR_REDIRECT] 
2025-08-11 22:05:21,895 [ERROR] LogOutputStream:75 - [STDERR_REDIRECT] [Fatal Error] :1:1: Premature end of file.
2025-08-11 22:05:21,896 [ERROR] LogOutputStream:75 - [STDERR_REDIRECT] 
2025-08-11 22:05:22,896 [ERROR] LogOutputStream:75 - [STDERR_REDIRECT] [Fatal Error] :1:1: Premature end of file.
2025-08-11 22:05:22,897 [ERROR] LogOutputStream:75 - [STDERR_REDIRECT] 
2025-08-11 22:05:23,895 [ERROR] LogOutputStream:75 - [STDERR_REDIRECT] [Fatal Error] :1:1: Premature end of file.
2025-08-11 22:05:23,895 [ERROR] LogOutputStream:75 - [STDERR_REDIRECT] 
2025-08-11 22:05:24,892 [ERROR] LogOutputStream:75 - [STDERR_REDIRECT] [Fatal Error] :1:1: Premature end of file.
2025-08-11 22:05:24,892 [ERROR] LogOutputStream:75 - [STDERR_REDIRECT] 
2025-08-11 22:05:25,912 [ERROR] LogOutputStream:75 - [STDERR_REDIRECT] [Fatal Error] :1:1: Premature end of file.
2025-08-11 22:05:25,912 [ERROR] LogOutputStream:75 - [STDERR_REDIRECT] 
2025-08-11 22:05:26,893 [ERROR] LogOutputStream:75 - [STDERR_REDIRECT] [Fatal Error] :1:1: Premature end of file.
2025-08-11 22:05:26,893 [ERROR] LogOutputStream:75 - [STDERR_REDIRECT] 
2025-08-11 22:05:27,896 [ERROR] LogOutputStream:75 - [STDERR_REDIRECT] [Fatal Error] :1:1: Premature end of file.
2025-08-11 22:05:27,896 [ERROR] LogOutputStream:75 - [STDERR_REDIRECT] 
2025-08-11 22:05:28,896 [ERROR] LogOutputStream:75 - [STDERR_REDIRECT] [Fatal Error] :1:1: Premature end of file.
2025-08-11 22:05:28,896 [ERROR] LogOutputStream:75 - [STDERR_REDIRECT] 
2025-08-11 22:05:29,896 [ERROR] LogOutputStream:75 - [STDERR_REDIRECT] [Fatal Error] :1:1: Premature end of file.
2025-08-11 22:05:29,896 [ERROR] LogOutputStream:75 - [STDERR_REDIRECT] 
2025-08-11 22:05:30,893 [ERROR] LogOutputStream:75 - [STDERR_REDIRECT] [Fatal Error] :1:1: Premature end of file.
2025-08-11 22:05:30,894 [ERROR] LogOutputStream:75 - [STDERR_REDIRECT] 
2025-08-11 22:05:31,894 [ERROR] LogOutputStream:75 - [STDERR_REDIRECT] [Fatal Error] :1:1: Premature end of file.
2025-08-11 22:05:31,895 [ERROR] LogOutputStream:75 - [STDERR_REDIRECT] 
2025-08-11 22:05:32,896 [ERROR] LogOutputStream:75 - [STDERR_REDIRECT] [Fatal Error] :1:1: Premature end of file.
2025-08-11 22:05:32,896 [ERROR] LogOutputStream:75 - [STDERR_REDIRECT] 
2025-08-11 22:05:33,897 [ERROR] LogOutputStream:75 - [STDERR_REDIRECT] [Fatal Error] :1:1: Premature end of file.
2025-08-11 22:05:33,897 [ERROR] LogOutputStream:75 - [STDERR_REDIRECT] 
2025-08-11 22:05:34,895 [ERROR] LogOutputStream:75 - [STDERR_REDIRECT] [Fatal Error] :1:1: Premature end of file.
2025-08-11 22:05:34,895 [ERROR] LogOutputStream:75 - [STDERR_REDIRECT] 
2025-08-11 22:05:35,895 [ERROR] LogOutputStream:75 - [STDERR_REDIRECT] [Fatal Error] :1:1: Premature end of file.
2025-08-11 22:05:35,895 [ERROR] LogOutputStream:75 - [STDERR_REDIRECT] 
2025-08-11 22:05:36,893 [ERROR] LogOutputStream:75 - [STDERR_REDIRECT] [Fatal Error] :1:1: Premature end of file.
2025-08-11 22:05:36,893 [ERROR] LogOutputStream:75 - [STDERR_REDIRECT] 
2025-08-11 22:05:37,898 [ERROR] LogOutputStream:75 - [STDERR_REDIRECT] [Fatal Error] :1:1: Premature end of file.
2025-08-11 22:05:37,898 [ERROR] LogOutputStream:75 - [STDERR_REDIRECT] 
2025-08-11 22:05:38,897 [ERROR] LogOutputStream:75 - [STDERR_REDIRECT] [Fatal Error] :1:1: Premature end of file.
2025-08-11 22:05:38,897 [ERROR] LogOutputStream:75 - [STDERR_REDIRECT] 
2025-08-11 22:05:39,894 [ERROR] LogOutputStream:75 - [STDERR_REDIRECT] [Fatal Error] :1:1: Premature end of file.
2025-08-11 22:05:39,894 [ERROR] LogOutputStream:75 - [STDERR_REDIRECT] 
2025-08-11 22:05:40,896 [ERROR] LogOutputStream:75 - [STDERR_REDIRECT] [Fatal Error] :1:1: Premature end of file.
2025-08-11 22:05:40,896 [ERROR] LogOutputStream:75 - [STDERR_REDIRECT] 
2025-08-11 22:05:41,892 [ERROR] LogOutputStream:75 - [STDERR_REDIRECT] [Fatal Error] :1:1: Premature end of file.
2025-08-11 22:05:41,893 [ERROR] LogOutputStream:75 - [STDERR_REDIRECT] 
2025-08-11 22:05:42,895 [ERROR] LogOutputStream:75 - [STDERR_REDIRECT] [Fatal Error] :1:1: Premature end of file.
2025-08-11 22:05:42,896 [ERROR] LogOutputStream:75 - [STDERR_REDIRECT] 
2025-08-11 22:05:43,896 [ERROR] LogOutputStream:75 - [STDERR_REDIRECT] [Fatal Error] :1:1: Premature end of file.
2025-08-11 22:05:43,896 [ERROR] LogOutputStream:75 - [STDERR_REDIRECT] 
2025-08-11 22:05:44,898 [ERROR] LogOutputStream:75 - [STDERR_REDIRECT] [Fatal Error] :1:1: Premature end of file.
2025-08-11 22:05:44,898 [ERROR] LogOutputStream:75 - [STDERR_REDIRECT] 
2025-08-11 22:05:45,896 [ERROR] LogOutputStream:75 - [STDERR_REDIRECT] [Fatal Error] :1:1: Premature end of file.
2025-08-11 22:05:45,896 [ERROR] LogOutputStream:75 - [STDERR_REDIRECT] 
2025-08-11 22:05:46,895 [ERROR] LogOutputStream:75 - [STDERR_REDIRECT] [Fatal Error] :1:1: Premature end of file.
2025-08-11 22:05:46,895 [ERROR] LogOutputStream:75 - [STDERR_REDIRECT] 
2025-08-11 22:05:47,897 [ERROR] LogOutputStream:75 - [STDERR_REDIRECT] [Fatal Error] :1:1: Premature end of file.
2025-08-11 22:05:47,897 [ERROR] LogOutputStream:75 - [STDERR_REDIRECT] 
2025-08-11 22:05:48,888 [ERROR] LogOutputStream:75 - [STDERR_REDIRECT] [Fatal Error] :1:1: Premature end of file.
2025-08-11 22:05:48,888 [ERROR] LogOutputStream:75 - [STDERR_REDIRECT] 
2025-08-11 22:05:49,895 [ERROR] LogOutputStream:75 - [STDERR_REDIRECT] [Fatal Error] :1:1: Premature end of file.
2025-08-11 22:05:49,895 [ERROR] LogOutputStream:75 - [STDERR_REDIRECT] 
2025-08-11 22:05:50,887 [ERROR] LogOutputStream:75 - [STDERR_REDIRECT] [Fatal Error] :1:1: Premature end of file.
2025-08-11 22:05:50,887 [ERROR] LogOutputStream:75 - [STDERR_REDIRECT] 
2025-08-11 22:05:51,893 [ERROR] LogOutputStream:75 - [STDERR_REDIRECT] [Fatal Error] :1:1: Premature end of file.
2025-08-11 22:05:51,893 [ERROR] LogOutputStream:75 - [STDERR_REDIRECT] 
2025-08-11 22:05:52,880 [ERROR] LogOutputStream:75 - [STDERR_REDIRECT] [Fatal Error] :1:1: Premature end of file.
2025-08-11 22:05:52,880 [ERROR] LogOutputStream:75 - [STDERR_REDIRECT] 
2025-08-11 22:05:53,875 [ERROR] LogOutputStream:75 - [STDERR_REDIRECT] [Fatal Error] :1:1: Premature end of file.
2025-08-11 22:05:53,876 [ERROR] LogOutputStream:75 - [STDERR_REDIRECT] 
2025-08-11 22:05:54,895 [ERROR] LogOutputStream:75 - [STDERR_REDIRECT] [Fatal Error] :1:1: Premature end of file.
2025-08-11 22:05:54,895 [ERROR] LogOutputStream:75 - [STDERR_REDIRECT] 
2025-08-11 22:05:55,878 [ERROR] LogOutputStream:75 - [STDERR_REDIRECT] [Fatal Error] :1:1: Premature end of file.
2025-08-11 22:05:55,878 [ERROR] LogOutputStream:75 - [STDERR_REDIRECT] 
2025-08-11 22:05:56,893 [ERROR] LogOutputStream:75 - [STDERR_REDIRECT] [Fatal Error] :1:1: Premature end of file.
2025-08-11 22:05:56,893 [ERROR] LogOutputStream:75 - [STDERR_REDIRECT] 
2025-08-11 22:05:57,896 [ERROR] LogOutputStream:75 - [STDERR_REDIRECT] [Fatal Error] :1:1: Premature end of file.
2025-08-11 22:05:57,897 [ERROR] LogOutputStream:75 - [STDERR_REDIRECT] 
2025-08-11 22:05:58,896 [ERROR] LogOutputStream:75 - [STDERR_REDIRECT] [Fatal Error] :1:1: Premature end of file.
2025-08-11 22:05:58,896 [ERROR] LogOutputStream:75 - [STDERR_REDIRECT] 
2025-08-11 22:05:59,896 [ERROR] LogOutputStream:75 - [STDERR_REDIRECT] [Fatal Error] :1:1: Premature end of file.
2025-08-11 22:05:59,896 [ERROR] LogOutputStream:75 - [STDERR_REDIRECT] 
2025-08-11 22:06:00,889 [ERROR] LogOutputStream:75 - [STDERR_REDIRECT] [Fatal Error] :1:1: Premature end of file.
2025-08-11 22:06:00,889 [ERROR] LogOutputStream:75 - [STDERR_REDIRECT] 
2025-08-11 22:06:01,897 [ERROR] LogOutputStream:75 - [STDERR_REDIRECT] [Fatal Error] :1:1: Premature end of file.
2025-08-11 22:06:01,897 [ERROR] LogOutputStream:75 - [STDERR_REDIRECT] 
2025-08-11 22:06:02,894 [ERROR] LogOutputStream:75 - [STDERR_REDIRECT] [Fatal Error] :1:1: Premature end of file.
2025-08-11 22:06:02,894 [ERROR] LogOutputStream:75 - [STDERR_REDIRECT] 
2025-08-11 22:06:03,894 [ERROR] LogOutputStream:75 - [STDERR_REDIRECT] [Fatal Error] :1:1: Premature end of file.
2025-08-11 22:06:03,894 [ERROR] LogOutputStream:75 - [STDERR_REDIRECT] 
2025-08-11 22:06:04,896 [ERROR] LogOutputStream:75 - [STDERR_REDIRECT] [Fatal Error] :1:1: Premature end of file.
2025-08-11 22:06:04,896 [ERROR] LogOutputStream:75 - [STDERR_REDIRECT] 
2025-08-11 22:06:05,894 [ERROR] LogOutputStream:75 - [STDERR_REDIRECT] [Fatal Error] :1:1: Premature end of file.
2025-08-11 22:06:05,894 [ERROR] LogOutputStream:75 - [STDERR_REDIRECT] 
2025-08-11 22:06:06,891 [ERROR] LogOutputStream:75 - [STDERR_REDIRECT] [Fatal Error] :1:1: Premature end of file.
2025-08-11 22:06:06,891 [ERROR] LogOutputStream:75 - [STDERR_REDIRECT] 
2025-08-11 22:06:07,895 [ERROR] LogOutputStream:75 - [STDERR_REDIRECT] [Fatal Error] :1:1: Premature end of file.
2025-08-11 22:06:07,895 [ERROR] LogOutputStream:75 - [STDERR_REDIRECT] 
2025-08-11 22:06:08,893 [ERROR] LogOutputStream:75 - [STDERR_REDIRECT] [Fatal Error] :1:1: Premature end of file.
2025-08-11 22:06:08,893 [ERROR] LogOutputStream:75 - [STDERR_REDIRECT] 
2025-08-11 22:06:09,895 [ERROR] LogOutputStream:75 - [STDERR_REDIRECT] [Fatal Error] :1:1: Premature end of file.
2025-08-11 22:06:09,895 [ERROR] LogOutputStream:75 - [STDERR_REDIRECT] 
2025-08-11 22:06:10,893 [ERROR] LogOutputStream:75 - [STDERR_REDIRECT] [Fatal Error] :1:1: Premature end of file.
2025-08-11 22:06:10,893 [ERROR] LogOutputStream:75 - [STDERR_REDIRECT] 
2025-08-11 22:06:11,895 [ERROR] LogOutputStream:75 - [STDERR_REDIRECT] [Fatal Error] :1:1: Premature end of file.
2025-08-11 22:06:11,895 [ERROR] LogOutputStream:75 - [STDERR_REDIRECT] 
2025-08-11 22:06:12,902 [ERROR] LogOutputStream:75 - [STDERR_REDIRECT] [Fatal Error] :1:1: Premature end of file.
2025-08-11 22:06:12,902 [ERROR] LogOutputStream:75 - [STDERR_REDIRECT] 
2025-08-11 22:06:13,895 [ERROR] LogOutputStream:75 - [STDERR_REDIRECT] [Fatal Error] :1:1: Premature end of file.
2025-08-11 22:06:13,895 [ERROR] LogOutputStream:75 - [STDERR_REDIRECT] 
2025-08-11 22:06:14,896 [ERROR] LogOutputStream:75 - [STDERR_REDIRECT] [Fatal Error] :1:1: Premature end of file.
2025-08-11 22:06:14,896 [ERROR] LogOutputStream:75 - [STDERR_REDIRECT] 
2025-08-11 22:06:15,895 [ERROR] LogOutputStream:75 - [STDERR_REDIRECT] [Fatal Error] :1:1: Premature end of file.
2025-08-11 22:06:15,895 [ERROR] LogOutputStream:75 - [STDERR_REDIRECT] 
2025-08-11 22:06:16,896 [ERROR] LogOutputStream:75 - [STDERR_REDIRECT] [Fatal Error] :1:1: Premature end of file.
2025-08-11 22:06:16,896 [ERROR] LogOutputStream:75 - [STDERR_REDIRECT] 
2025-08-11 22:06:17,895 [ERROR] LogOutputStream:75 - [STDERR_REDIRECT] [Fatal Error] :1:1: Premature end of file.
2025-08-11 22:06:17,895 [ERROR] LogOutputStream:75 - [STDERR_REDIRECT] 
2025-08-11 22:06:18,896 [ERROR] LogOutputStream:75 - [STDERR_REDIRECT] [Fatal Error] :1:1: Premature end of file.
2025-08-11 22:06:18,897 [ERROR] LogOutputStream:75 - [STDERR_REDIRECT] 
2025-08-11 22:06:19,894 [ERROR] LogOutputStream:75 - [STDERR_REDIRECT] [Fatal Error] :1:1: Premature end of file.
2025-08-11 22:06:19,894 [ERROR] LogOutputStream:75 - [STDERR_REDIRECT] 
2025-08-11 22:06:20,894 [ERROR] LogOutputStream:75 - [STDERR_REDIRECT] [Fatal Error] :1:1: Premature end of file.
2025-08-11 22:06:20,894 [ERROR] LogOutputStream:75 - [STDERR_REDIRECT] 
2025-08-11 22:06:21,894 [ERROR] LogOutputStream:75 - [STDERR_REDIRECT] [Fatal Error] :1:1: Premature end of file.
2025-08-11 22:06:21,894 [ERROR] LogOutputStream:75 - [STDERR_REDIRECT] 
2025-08-11 22:06:22,895 [ERROR] LogOutputStream:75 - [STDERR_REDIRECT] [Fatal Error] :1:1: Premature end of file.
2025-08-11 22:06:22,895 [ERROR] LogOutputStream:75 - [STDERR_REDIRECT] 
2025-08-11 22:06:23,890 [ERROR] LogOutputStream:75 - [STDERR_REDIRECT] [Fatal Error] :1:1: Premature end of file.
2025-08-11 22:06:23,890 [ERROR] LogOutputStream:75 - [STDERR_REDIRECT] 
2025-08-11 22:06:24,893 [ERROR] LogOutputStream:75 - [STDERR_REDIRECT] [Fatal Error] :1:1: Premature end of file.
2025-08-11 22:06:24,893 [ERROR] LogOutputStream:75 - [STDERR_REDIRECT] 
2025-08-11 22:06:25,893 [ERROR] LogOutputStream:75 - [STDERR_REDIRECT] [Fatal Error] :1:1: Premature end of file.
2025-08-11 22:06:25,893 [ERROR] LogOutputStream:75 - [STDERR_REDIRECT] 
2025-08-11 22:06:26,896 [ERROR] LogOutputStream:75 - [STDERR_REDIRECT] [Fatal Error] :1:1: Premature end of file.
2025-08-11 22:06:26,897 [ERROR] LogOutputStream:75 - [STDERR_REDIRECT] 
2025-08-11 22:06:27,896 [ERROR] LogOutputStream:75 - [STDERR_REDIRECT] [Fatal Error] :1:1: Premature end of file.
2025-08-11 22:06:27,896 [ERROR] LogOutputStream:75 - [STDERR_REDIRECT] 
2025-08-11 22:06:28,896 [ERROR] LogOutputStream:75 - [STDERR_REDIRECT] [Fatal Error] :1:1: Premature end of file.
2025-08-11 22:06:28,896 [ERROR] LogOutputStream:75 - [STDERR_REDIRECT] 
2025-08-11 22:06:29,896 [ERROR] LogOutputStream:75 - [STDERR_REDIRECT] [Fatal Error] :1:1: Premature end of file.
2025-08-11 22:06:29,896 [ERROR] LogOutputStream:75 - [STDERR_REDIRECT] 
2025-08-11 22:06:30,893 [ERROR] LogOutputStream:75 - [STDERR_REDIRECT] [Fatal Error] :1:1: Premature end of file.
2025-08-11 22:06:30,893 [ERROR] LogOutputStream:75 - [STDERR_REDIRECT] 
2025-08-11 22:06:31,896 [ERROR] LogOutputStream:75 - [STDERR_REDIRECT] [Fatal Error] :1:1: Premature end of file.
2025-08-11 22:06:31,896 [ERROR] LogOutputStream:75 - [STDERR_REDIRECT] 
2025-08-11 22:06:32,895 [ERROR] LogOutputStream:75 - [STDERR_REDIRECT] [Fatal Error] :1:1: Premature end of file.
2025-08-11 22:06:32,895 [ERROR] LogOutputStream:75 - [STDERR_REDIRECT] 
2025-08-11 22:06:33,895 [ERROR] LogOutputStream:75 - [STDERR_REDIRECT] [Fatal Error] :1:1: Premature end of file.
2025-08-11 22:06:33,896 [ERROR] LogOutputStream:75 - [STDERR_REDIRECT] 
2025-08-11 22:06:34,896 [ERROR] LogOutputStream:75 - [STDERR_REDIRECT] [Fatal Error] :1:1: Premature end of file.
2025-08-11 22:06:34,896 [ERROR] LogOutputStream:75 - [STDERR_REDIRECT] 
2025-08-11 22:06:35,882 [ERROR] LogOutputStream:75 - [STDERR_REDIRECT] [Fatal Error] :1:1: Premature end of file.
2025-08-11 22:06:35,882 [ERROR] LogOutputStream:75 - [STDERR_REDIRECT] 
2025-08-11 22:06:36,897 [ERROR] LogOutputStream:75 - [STDERR_REDIRECT] [Fatal Error] :1:1: Premature end of file.
2025-08-11 22:06:36,897 [ERROR] LogOutputStream:75 - [STDERR_REDIRECT] 
2025-08-11 22:06:37,895 [ERROR] LogOutputStream:75 - [STDERR_REDIRECT] [Fatal Error] :1:1: Premature end of file.
2025-08-11 22:06:37,895 [ERROR] LogOutputStream:75 - [STDERR_REDIRECT] 
2025-08-11 22:06:38,896 [ERROR] LogOutputStream:75 - [STDERR_REDIRECT] [Fatal Error] :1:1: Premature end of file.
2025-08-11 22:06:38,896 [ERROR] LogOutputStream:75 - [STDERR_REDIRECT] 
2025-08-11 22:06:39,896 [ERROR] LogOutputStream:75 - [STDERR_REDIRECT] [Fatal Error] :1:1: Premature end of file.
2025-08-11 22:06:39,896 [ERROR] LogOutputStream:75 - [STDERR_REDIRECT] 
2025-08-11 22:06:40,894 [ERROR] LogOutputStream:75 - [STDERR_REDIRECT] [Fatal Error] :1:1: Premature end of file.
2025-08-11 22:06:40,894 [ERROR] LogOutputStream:75 - [STDERR_REDIRECT] 
2025-08-11 22:06:41,892 [ERROR] LogOutputStream:75 - [STDERR_REDIRECT] [Fatal Error] :1:1: Premature end of file.
2025-08-11 22:06:41,892 [ERROR] LogOutputStream:75 - [STDERR_REDIRECT] 
2025-08-11 22:06:42,894 [ERROR] LogOutputStream:75 - [STDERR_REDIRECT] [Fatal Error] :1:1: Premature end of file.
2025-08-11 22:06:42,895 [ERROR] LogOutputStream:75 - [STDERR_REDIRECT] 
2025-08-11 22:06:43,897 [ERROR] LogOutputStream:75 - [STDERR_REDIRECT] [Fatal Error] :1:1: Premature end of file.
2025-08-11 22:06:43,897 [ERROR] LogOutputStream:75 - [STDERR_REDIRECT] 
2025-08-11 22:06:44,897 [ERROR] LogOutputStream:75 - [STDERR_REDIRECT] [Fatal Error] :1:1: Premature end of file.
2025-08-11 22:06:44,897 [ERROR] LogOutputStream:75 - [STDERR_REDIRECT] 
2025-08-11 22:06:45,898 [ERROR] LogOutputStream:75 - [STDERR_REDIRECT] [Fatal Error] :1:1: Premature end of file.
2025-08-11 22:06:45,899 [ERROR] LogOutputStream:75 - [STDERR_REDIRECT] 
2025-08-11 22:06:46,897 [ERROR] LogOutputStream:75 - [STDERR_REDIRECT] [Fatal Error] :1:1: Premature end of file.
2025-08-11 22:06:46,897 [ERROR] LogOutputStream:75 - [STDERR_REDIRECT] 
2025-08-11 22:06:47,886 [ERROR] LogOutputStream:75 - [STDERR_REDIRECT] [Fatal Error] :1:1: Premature end of file.
2025-08-11 22:06:47,886 [ERROR] LogOutputStream:75 - [STDERR_REDIRECT] 
2025-08-11 22:06:48,893 [ERROR] LogOutputStream:75 - [STDERR_REDIRECT] [Fatal Error] :1:1: Premature end of file.
2025-08-11 22:06:48,893 [ERROR] LogOutputStream:75 - [STDERR_REDIRECT] 
2025-08-11 22:06:49,897 [ERROR] LogOutputStream:75 - [STDERR_REDIRECT] [Fatal Error] :1:1: Premature end of file.
2025-08-11 22:06:49,897 [ERROR] LogOutputStream:75 - [STDERR_REDIRECT] 
2025-08-11 22:06:50,898 [ERROR] LogOutputStream:75 - [STDERR_REDIRECT] [Fatal Error] :1:1: Premature end of file.
2025-08-11 22:06:50,898 [ERROR] LogOutputStream:75 - [STDERR_REDIRECT] 
2025-08-11 22:06:51,896 [ERROR] LogOutputStream:75 - [STDERR_REDIRECT] [Fatal Error] :1:1: Premature end of file.
2025-08-11 22:06:51,897 [ERROR] LogOutputStream:75 - [STDERR_REDIRECT] 
2025-08-11 22:06:52,893 [ERROR] LogOutputStream:75 - [STDERR_REDIRECT] [Fatal Error] :1:1: Premature end of file.
2025-08-11 22:06:52,893 [ERROR] LogOutputStream:75 - [STDERR_REDIRECT] 
2025-08-11 22:06:53,892 [ERROR] LogOutputStream:75 - [STDERR_REDIRECT] [Fatal Error] :1:1: Premature end of file.
2025-08-11 22:06:53,893 [ERROR] LogOutputStream:75 - [STDERR_REDIRECT] 
2025-08-11 22:06:54,891 [ERROR] LogOutputStream:75 - [STDERR_REDIRECT] [Fatal Error] :1:1: Premature end of file.
2025-08-11 22:06:54,891 [ERROR] LogOutputStream:75 - [STDERR_REDIRECT] 
2025-08-11 22:06:55,897 [ERROR] LogOutputStream:75 - [STDERR_REDIRECT] [Fatal Error] :1:1: Premature end of file.
2025-08-11 22:06:55,898 [ERROR] LogOutputStream:75 - [STDERR_REDIRECT] 
2025-08-11 22:06:56,880 [ERROR] LogOutputStream:75 - [STDERR_REDIRECT] [Fatal Error] :1:1: Premature end of file.
2025-08-11 22:06:56,880 [ERROR] LogOutputStream:75 - [STDERR_REDIRECT] 
2025-08-11 22:06:57,878 [ERROR] LogOutputStream:75 - [STDERR_REDIRECT] [Fatal Error] :1:1: Premature end of file.
2025-08-11 22:06:57,878 [ERROR] LogOutputStream:75 - [STDERR_REDIRECT] 
2025-08-11 22:06:58,877 [ERROR] LogOutputStream:75 - [STDERR_REDIRECT] [Fatal Error] :1:1: Premature end of file.
2025-08-11 22:06:58,877 [ERROR] LogOutputStream:75 - [STDERR_REDIRECT] 
2025-08-11 22:06:59,890 [ERROR] LogOutputStream:75 - [STDERR_REDIRECT] [Fatal Error] :1:1: Premature end of file.
2025-08-11 22:06:59,890 [ERROR] LogOutputStream:75 - [STDERR_REDIRECT] 
2025-08-11 22:07:00,894 [ERROR] LogOutputStream:75 - [STDERR_REDIRECT] [Fatal Error] :1:1: Premature end of file.
2025-08-11 22:07:00,894 [ERROR] LogOutputStream:75 - [STDERR_REDIRECT] 
2025-08-11 22:07:01,891 [ERROR] LogOutputStream:75 - [STDERR_REDIRECT] [Fatal Error] :1:1: Premature end of file.
2025-08-11 22:07:01,892 [ERROR] LogOutputStream:75 - [STDERR_REDIRECT] 
2025-08-11 22:07:03,276 [ERROR] LogOutputStream:75 - [STDERR_REDIRECT] [Fatal Error] :1:1: Premature end of file.
2025-08-11 22:07:03,276 [ERROR] LogOutputStream:75 - [STDERR_REDIRECT] 
2025-08-11 22:07:03,884 [ERROR] LogOutputStream:75 - [STDERR_REDIRECT] [Fatal Error] :1:1: Premature end of file.
2025-08-11 22:07:03,884 [ERROR] LogOutputStream:75 - [STDERR_REDIRECT] 
2025-08-11 22:07:04,875 [ERROR] LogOutputStream:75 - [STDERR_REDIRECT] [Fatal Error] :1:1: Premature end of file.
2025-08-11 22:07:04,875 [ERROR] LogOutputStream:75 - [STDERR_REDIRECT] 
2025-08-11 22:07:05,894 [ERROR] LogOutputStream:75 - [STDERR_REDIRECT] [Fatal Error] :1:1: Premature end of file.
2025-08-11 22:07:05,894 [ERROR] LogOutputStream:75 - [STDERR_REDIRECT] 
2025-08-11 22:07:06,880 [ERROR] LogOutputStream:75 - [STDERR_REDIRECT] [Fatal Error] :1:1: Premature end of file.
2025-08-11 22:07:06,880 [ERROR] LogOutputStream:75 - [STDERR_REDIRECT] 
2025-08-11 22:07:07,896 [ERROR] LogOutputStream:75 - [STDERR_REDIRECT] [Fatal Error] :1:1: Premature end of file.
2025-08-11 22:07:07,896 [ERROR] LogOutputStream:75 - [STDERR_REDIRECT] 
2025-08-11 22:07:08,895 [ERROR] LogOutputStream:75 - [STDERR_REDIRECT] [Fatal Error] :1:1: Premature end of file.
2025-08-11 22:07:08,895 [ERROR] LogOutputStream:75 - [STDERR_REDIRECT] 
2025-08-11 22:07:09,895 [ERROR] LogOutputStream:75 - [STDERR_REDIRECT] [Fatal Error] :1:1: Premature end of file.
2025-08-11 22:07:09,895 [ERROR] LogOutputStream:75 - [STDERR_REDIRECT] 
2025-08-11 22:07:10,892 [ERROR] LogOutputStream:75 - [STDERR_REDIRECT] [Fatal Error] :1:1: Premature end of file.
2025-08-11 22:07:10,892 [ERROR] LogOutputStream:75 - [STDERR_REDIRECT] 
2025-08-11 22:07:11,899 [ERROR] LogOutputStream:75 - [STDERR_REDIRECT] [Fatal Error] :1:1: Premature end of file.
2025-08-11 22:07:11,899 [ERROR] LogOutputStream:75 - [STDERR_REDIRECT] 
2025-08-11 22:07:12,889 [ERROR] LogOutputStream:75 - [STDERR_REDIRECT] [Fatal Error] :1:1: Premature end of file.
2025-08-11 22:07:12,889 [ERROR] LogOutputStream:75 - [STDERR_REDIRECT] 
2025-08-11 22:07:13,895 [ERROR] LogOutputStream:75 - [STDERR_REDIRECT] [Fatal Error] :1:1: Premature end of file.
2025-08-11 22:07:13,895 [ERROR] LogOutputStream:75 - [STDERR_REDIRECT] 
2025-08-11 22:07:14,891 [ERROR] LogOutputStream:75 - [STDERR_REDIRECT] [Fatal Error] :1:1: Premature end of file.
2025-08-11 22:07:14,891 [ERROR] LogOutputStream:75 - [STDERR_REDIRECT] 
2025-08-11 22:07:15,892 [ERROR] LogOutputStream:75 - [STDERR_REDIRECT] [Fatal Error] :1:1: Premature end of file.
2025-08-11 22:07:15,892 [ERROR] LogOutputStream:75 - [STDERR_REDIRECT] 
2025-08-11 22:07:16,891 [ERROR] LogOutputStream:75 - [STDERR_REDIRECT] [Fatal Error] :1:1: Premature end of file.
2025-08-11 22:07:16,891 [ERROR] LogOutputStream:75 - [STDERR_REDIRECT] 
2025-08-11 22:07:17,890 [ERROR] LogOutputStream:75 - [STDERR_REDIRECT] [Fatal Error] :1:1: Premature end of file.
2025-08-11 22:07:17,890 [ERROR] LogOutputStream:75 - [STDERR_REDIRECT] 
2025-08-11 22:07:18,887 [ERROR] LogOutputStream:75 - [STDERR_REDIRECT] [Fatal Error] :1:1: Premature end of file.
2025-08-11 22:07:18,887 [ERROR] LogOutputStream:75 - [STDERR_REDIRECT] 
2025-08-11 22:07:19,894 [ERROR] LogOutputStream:75 - [STDERR_REDIRECT] [Fatal Error] :1:1: Premature end of file.
2025-08-11 22:07:19,894 [ERROR] LogOutputStream:75 - [STDERR_REDIRECT] 
2025-08-11 22:07:20,894 [ERROR] LogOutputStream:75 - [STDERR_REDIRECT] [Fatal Error] :1:1: Premature end of file.
2025-08-11 22:07:20,894 [ERROR] LogOutputStream:75 - [STDERR_REDIRECT] 
2025-08-11 22:07:21,878 [ERROR] LogOutputStream:75 - [STDERR_REDIRECT] [Fatal Error] :1:1: Premature end of file.
2025-08-11 22:07:21,878 [ERROR] LogOutputStream:75 - [STDERR_REDIRECT] 
2025-08-11 22:07:22,895 [ERROR] LogOutputStream:75 - [STDERR_REDIRECT] [Fatal Error] :1:1: Premature end of file.
2025-08-11 22:07:22,895 [ERROR] LogOutputStream:75 - [STDERR_REDIRECT] 
2025-08-11 22:07:23,896 [ERROR] LogOutputStream:75 - [STDERR_REDIRECT] [Fatal Error] :1:1: Premature end of file.
2025-08-11 22:07:23,896 [ERROR] LogOutputStream:75 - [STDERR_REDIRECT] 
2025-08-11 22:07:24,879 [ERROR] LogOutputStream:75 - [STDERR_REDIRECT] [Fatal Error] :1:1: Premature end of file.
2025-08-11 22:07:24,879 [ERROR] LogOutputStream:75 - [STDERR_REDIRECT] 
2025-08-11 22:07:25,891 [ERROR] LogOutputStream:75 - [STDERR_REDIRECT] [Fatal Error] :1:1: Premature end of file.
2025-08-11 22:07:25,891 [ERROR] LogOutputStream:75 - [STDERR_REDIRECT] 
2025-08-11 22:07:26,895 [ERROR] LogOutputStream:75 - [STDERR_REDIRECT] [Fatal Error] :1:1: Premature end of file.
2025-08-11 22:07:26,895 [ERROR] LogOutputStream:75 - [STDERR_REDIRECT] 
2025-08-11 22:07:27,882 [ERROR] LogOutputStream:75 - [STDERR_REDIRECT] [Fatal Error] :1:1: Premature end of file.
2025-08-11 22:07:27,883 [ERROR] LogOutputStream:75 - [STDERR_REDIRECT] 
2025-08-11 22:07:28,888 [ERROR] LogOutputStream:75 - [STDERR_REDIRECT] [Fatal Error] :1:1: Premature end of file.
2025-08-11 22:07:28,888 [ERROR] LogOutputStream:75 - [STDERR_REDIRECT] 
2025-08-11 22:07:29,891 [ERROR] LogOutputStream:75 - [STDERR_REDIRECT] [Fatal Error] :1:1: Premature end of file.
2025-08-11 22:07:29,891 [ERROR] LogOutputStream:75 - [STDERR_REDIRECT] 
2025-08-11 22:07:30,893 [ERROR] LogOutputStream:75 - [STDERR_REDIRECT] [Fatal Error] :1:1: Premature end of file.
2025-08-11 22:07:30,893 [ERROR] LogOutputStream:75 - [STDERR_REDIRECT] 
2025-08-11 22:07:31,896 [ERROR] LogOutputStream:75 - [STDERR_REDIRECT] [Fatal Error] :1:1: Premature end of file.
2025-08-11 22:07:31,896 [ERROR] LogOutputStream:75 - [STDERR_REDIRECT] 
2025-08-11 22:12:52,447 [ERROR] LogOutputStream:75 - [STDERR_REDIRECT] [Fatal Error] :1:1: Premature end of file.
2025-08-11 22:12:52,447 [ERROR] LogOutputStream:75 - [STDERR_REDIRECT] 
2025-08-11 22:12:52,513 [ERROR] LogOutputStream:75 - [STDERR_REDIRECT] [Fatal Error] :1:1: Premature end of file.
2025-08-11 22:12:52,513 [ERROR] LogOutputStream:75 - [STDERR_REDIRECT] 
2025-08-11 22:12:52,568 [ERROR] LogOutputStream:75 - [STDERR_REDIRECT] [Fatal Error] :1:1: Premature end of file.
2025-08-11 22:12:52,568 [ERROR] LogOutputStream:75 - [STDERR_REDIRECT] 
2025-08-11 22:12:52,603 [ERROR] LogOutputStream:75 - [STDERR_REDIRECT] [Fatal Error] :1:1: Premature end of file.
2025-08-11 22:12:52,603 [ERROR] LogOutputStream:75 - [STDERR_REDIRECT] 
2025-08-11 22:12:52,638 [ERROR] LogOutputStream:75 - [STDERR_REDIRECT] [Fatal Error] :1:1: Premature end of file.
2025-08-11 22:12:52,638 [ERROR] LogOutputStream:75 - [STDERR_REDIRECT] 
2025-08-11 22:12:52,668 [ERROR] LogOutputStream:75 - [STDERR_REDIRECT] [Fatal Error] :1:1: Premature end of file.
2025-08-11 22:12:52,669 [ERROR] LogOutputStream:75 - [STDERR_REDIRECT] 
2025-08-11 22:12:52,695 [ERROR] LogOutputStream:75 - [STDERR_REDIRECT] [Fatal Error] :1:1: Premature end of file.
2025-08-11 22:12:52,695 [ERROR] LogOutputStream:75 - [STDERR_REDIRECT] 
2025-08-11 22:12:52,723 [ERROR] LogOutputStream:75 - [STDERR_REDIRECT] [Fatal Error] :1:1: Premature end of file.
2025-08-11 22:12:52,723 [ERROR] LogOutputStream:75 - [STDERR_REDIRECT] 
2025-08-11 22:12:52,756 [ERROR] LogOutputStream:75 - [STDERR_REDIRECT] [Fatal Error] :1:1: Premature end of file.
2025-08-11 22:12:52,756 [ERROR] LogOutputStream:75 - [STDERR_REDIRECT] 
2025-08-11 22:12:52,789 [ERROR] LogOutputStream:75 - [STDERR_REDIRECT] [Fatal Error] :1:1: Premature end of file.
2025-08-11 22:12:52,789 [ERROR] LogOutputStream:75 - [STDERR_REDIRECT] 
2025-08-11 22:12:52,821 [ERROR] LogOutputStream:75 - [STDERR_REDIRECT] [Fatal Error] :1:1: Premature end of file.
2025-08-11 22:12:52,821 [ERROR] LogOutputStream:75 - [STDERR_REDIRECT] 
2025-08-11 22:12:52,852 [ERROR] LogOutputStream:75 - [STDERR_REDIRECT] [Fatal Error] :1:1: Premature end of file.
2025-08-11 22:12:52,852 [ERROR] LogOutputStream:75 - [STDERR_REDIRECT] 
2025-08-11 22:12:52,884 [ERROR] LogOutputStream:75 - [STDERR_REDIRECT] [Fatal Error] :1:1: Premature end of file.
2025-08-11 22:12:52,884 [ERROR] LogOutputStream:75 - [STDERR_REDIRECT] 
2025-08-11 22:12:52,912 [ERROR] LogOutputStream:75 - [STDERR_REDIRECT] [Fatal Error] :1:1: Premature end of file.
2025-08-11 22:12:52,912 [ERROR] LogOutputStream:75 - [STDERR_REDIRECT] 
2025-08-11 22:12:52,940 [ERROR] LogOutputStream:75 - [STDERR_REDIRECT] [Fatal Error] :1:1: Premature end of file.
2025-08-11 22:12:52,940 [ERROR] LogOutputStream:75 - [STDERR_REDIRECT] 
2025-08-11 22:12:52,967 [ERROR] LogOutputStream:75 - [STDERR_REDIRECT] [Fatal Error] :1:1: Premature end of file.
2025-08-11 22:12:52,967 [ERROR] LogOutputStream:75 - [STDERR_REDIRECT] 
2025-08-11 22:12:52,996 [ERROR] LogOutputStream:75 - [STDERR_REDIRECT] [Fatal Error] :1:1: Premature end of file.
2025-08-11 22:12:52,996 [ERROR] LogOutputStream:75 - [STDERR_REDIRECT] 
2025-08-11 22:12:53,024 [ERROR] LogOutputStream:75 - [STDERR_REDIRECT] [Fatal Error] :1:1: Premature end of file.
2025-08-11 22:12:53,024 [ERROR] LogOutputStream:75 - [STDERR_REDIRECT] 
2025-08-11 22:12:53,052 [ERROR] LogOutputStream:75 - [STDERR_REDIRECT] [Fatal Error] :1:1: Premature end of file.
2025-08-11 22:12:53,052 [ERROR] LogOutputStream:75 - [STDERR_REDIRECT] 
2025-08-11 22:12:53,083 [ERROR] LogOutputStream:75 - [STDERR_REDIRECT] [Fatal Error] :1:1: Premature end of file.
2025-08-11 22:12:53,083 [ERROR] LogOutputStream:75 - [STDERR_REDIRECT] 
2025-08-11 22:12:53,111 [ERROR] LogOutputStream:75 - [STDERR_REDIRECT] [Fatal Error] :1:1: Premature end of file.
2025-08-11 22:12:53,112 [ERROR] LogOutputStream:75 - [STDERR_REDIRECT] 
2025-08-11 22:12:53,139 [ERROR] LogOutputStream:75 - [STDERR_REDIRECT] [Fatal Error] :1:1: Premature end of file.
2025-08-11 22:12:53,139 [ERROR] LogOutputStream:75 - [STDERR_REDIRECT] 
2025-08-11 22:12:53,168 [ERROR] LogOutputStream:75 - [STDERR_REDIRECT] [Fatal Error] :1:1: Premature end of file.
2025-08-11 22:12:53,169 [ERROR] LogOutputStream:75 - [STDERR_REDIRECT] 
2025-08-11 22:12:53,202 [ERROR] LogOutputStream:75 - [STDERR_REDIRECT] [Fatal Error] :1:1: Premature end of file.
2025-08-11 22:12:53,202 [ERROR] LogOutputStream:75 - [STDERR_REDIRECT] 
2025-08-11 22:12:53,234 [ERROR] LogOutputStream:75 - [STDERR_REDIRECT] [Fatal Error] :1:1: Premature end of file.
2025-08-11 22:12:53,235 [ERROR] LogOutputStream:75 - [STDERR_REDIRECT] 
2025-08-11 22:12:53,266 [ERROR] LogOutputStream:75 - [STDERR_REDIRECT] [Fatal Error] :1:1: Premature end of file.
2025-08-11 22:12:53,266 [ERROR] LogOutputStream:75 - [STDERR_REDIRECT] 
2025-08-11 22:12:53,297 [ERROR] LogOutputStream:75 - [STDERR_REDIRECT] [Fatal Error] :1:1: Premature end of file.
2025-08-11 22:12:53,297 [ERROR] LogOutputStream:75 - [STDERR_REDIRECT] 
2025-08-11 22:12:53,327 [ERROR] LogOutputStream:75 - [STDERR_REDIRECT] [Fatal Error] :1:1: Premature end of file.
2025-08-11 22:12:53,327 [ERROR] LogOutputStream:75 - [STDERR_REDIRECT] 
2025-08-11 22:12:53,350 [ERROR] LogOutputStream:75 - [STDERR_REDIRECT] [Fatal Error] :1:1: Premature end of file.
2025-08-11 22:12:53,350 [ERROR] LogOutputStream:75 - [STDERR_REDIRECT] 
2025-08-11 22:12:53,378 [ERROR] LogOutputStream:75 - [STDERR_REDIRECT] [Fatal Error] :1:1: Premature end of file.
2025-08-11 22:12:53,378 [ERROR] LogOutputStream:75 - [STDERR_REDIRECT] 
2025-08-11 22:12:53,406 [ERROR] LogOutputStream:75 - [STDERR_REDIRECT] [Fatal Error] :1:1: Premature end of file.
2025-08-11 22:12:53,406 [ERROR] LogOutputStream:75 - [STDERR_REDIRECT] 
2025-08-11 22:12:53,438 [ERROR] LogOutputStream:75 - [STDERR_REDIRECT] [Fatal Error] :1:1: Premature end of file.
2025-08-11 22:12:53,438 [ERROR] LogOutputStream:75 - [STDERR_REDIRECT] 
2025-08-11 22:12:53,465 [ERROR] LogOutputStream:75 - [STDERR_REDIRECT] [Fatal Error] :1:1: Premature end of file.
2025-08-11 22:12:53,465 [ERROR] LogOutputStream:75 - [STDERR_REDIRECT] 
2025-08-11 22:12:53,491 [ERROR] LogOutputStream:75 - [STDERR_REDIRECT] [Fatal Error] :1:1: Premature end of file.
2025-08-11 22:12:53,492 [ERROR] LogOutputStream:75 - [STDERR_REDIRECT] 
2025-08-11 22:12:53,522 [ERROR] LogOutputStream:75 - [STDERR_REDIRECT] [Fatal Error] :1:1: Premature end of file.
2025-08-11 22:12:53,522 [ERROR] LogOutputStream:75 - [STDERR_REDIRECT] 
2025-08-11 22:12:53,553 [ERROR] LogOutputStream:75 - [STDERR_REDIRECT] [Fatal Error] :1:1: Premature end of file.
2025-08-11 22:12:53,553 [ERROR] LogOutputStream:75 - [STDERR_REDIRECT] 
2025-08-11 22:12:53,579 [ERROR] LogOutputStream:75 - [STDERR_REDIRECT] [Fatal Error] :1:1: Premature end of file.
2025-08-11 22:12:53,579 [ERROR] LogOutputStream:75 - [STDERR_REDIRECT] 
2025-08-11 22:12:53,604 [ERROR] LogOutputStream:75 - [STDERR_REDIRECT] [Fatal Error] :1:1: Premature end of file.
2025-08-11 22:12:53,606 [ERROR] LogOutputStream:75 - [STDERR_REDIRECT] 
2025-08-11 22:12:53,632 [ERROR] LogOutputStream:75 - [STDERR_REDIRECT] [Fatal Error] :1:1: Premature end of file.
2025-08-11 22:12:53,632 [ERROR] LogOutputStream:75 - [STDERR_REDIRECT] 
2025-08-11 22:12:53,659 [ERROR] LogOutputStream:75 - [STDERR_REDIRECT] [Fatal Error] :1:1: Premature end of file.
2025-08-11 22:12:53,660 [ERROR] LogOutputStream:75 - [STDERR_REDIRECT] 
2025-08-11 22:12:53,689 [ERROR] LogOutputStream:75 - [STDERR_REDIRECT] [Fatal Error] :1:1: Premature end of file.
2025-08-11 22:12:53,689 [ERROR] LogOutputStream:75 - [STDERR_REDIRECT] 
2025-08-11 22:12:53,719 [ERROR] LogOutputStream:75 - [STDERR_REDIRECT] [Fatal Error] :1:1: Premature end of file.
2025-08-11 22:12:53,719 [ERROR] LogOutputStream:75 - [STDERR_REDIRECT] 
2025-08-11 22:12:53,751 [ERROR] LogOutputStream:75 - [STDERR_REDIRECT] [Fatal Error] :1:1: Premature end of file.
2025-08-11 22:12:53,751 [ERROR] LogOutputStream:75 - [STDERR_REDIRECT] 
2025-08-11 22:12:53,777 [ERROR] LogOutputStream:75 - [STDERR_REDIRECT] [Fatal Error] :1:1: Premature end of file.
2025-08-11 22:12:53,777 [ERROR] LogOutputStream:75 - [STDERR_REDIRECT] 
2025-08-11 22:12:53,808 [ERROR] LogOutputStream:75 - [STDERR_REDIRECT] [Fatal Error] :1:1: Premature end of file.
2025-08-11 22:12:53,808 [ERROR] LogOutputStream:75 - [STDERR_REDIRECT] 
2025-08-11 22:12:53,835 [ERROR] LogOutputStream:75 - [STDERR_REDIRECT] [Fatal Error] :1:1: Premature end of file.
2025-08-11 22:12:53,835 [ERROR] LogOutputStream:75 - [STDERR_REDIRECT] 
2025-08-11 22:12:53,863 [ERROR] LogOutputStream:75 - [STDERR_REDIRECT] [Fatal Error] :1:1: Premature end of file.
2025-08-11 22:12:53,864 [ERROR] LogOutputStream:75 - [STDERR_REDIRECT] 
2025-08-11 22:12:53,890 [ERROR] LogOutputStream:75 - [STDERR_REDIRECT] [Fatal Error] :1:1: Premature end of file.
2025-08-11 22:12:53,890 [ERROR] LogOutputStream:75 - [STDERR_REDIRECT] 
2025-08-11 22:12:53,915 [ERROR] LogOutputStream:75 - [STDERR_REDIRECT] [Fatal Error] :1:1: Premature end of file.
2025-08-11 22:12:53,915 [ERROR] LogOutputStream:75 - [STDERR_REDIRECT] 
2025-08-11 22:12:53,941 [ERROR] LogOutputStream:75 - [STDERR_REDIRECT] [Fatal Error] :1:1: Premature end of file.
2025-08-11 22:12:53,941 [ERROR] LogOutputStream:75 - [STDERR_REDIRECT] 
2025-08-11 22:12:53,969 [ERROR] LogOutputStream:75 - [STDERR_REDIRECT] [Fatal Error] :1:1: Premature end of file.
2025-08-11 22:12:53,969 [ERROR] LogOutputStream:75 - [STDERR_REDIRECT] 
2025-08-11 22:12:53,995 [ERROR] LogOutputStream:75 - [STDERR_REDIRECT] [Fatal Error] :1:1: Premature end of file.
2025-08-11 22:12:53,995 [ERROR] LogOutputStream:75 - [STDERR_REDIRECT] 
2025-08-11 22:12:54,026 [ERROR] LogOutputStream:75 - [STDERR_REDIRECT] [Fatal Error] :1:1: Premature end of file.
2025-08-11 22:12:54,026 [ERROR] LogOutputStream:75 - [STDERR_REDIRECT] 
2025-08-11 22:12:54,051 [ERROR] LogOutputStream:75 - [STDERR_REDIRECT] [Fatal Error] :1:1: Premature end of file.
2025-08-11 22:12:54,051 [ERROR] LogOutputStream:75 - [STDERR_REDIRECT] 
2025-08-11 22:12:54,076 [ERROR] LogOutputStream:75 - [STDERR_REDIRECT] [Fatal Error] :1:1: Premature end of file.
2025-08-11 22:12:54,076 [ERROR] LogOutputStream:75 - [STDERR_REDIRECT] 
2025-08-11 22:12:54,100 [ERROR] LogOutputStream:75 - [STDERR_REDIRECT] [Fatal Error] :1:1: Premature end of file.
2025-08-11 22:12:54,100 [ERROR] LogOutputStream:75 - [STDERR_REDIRECT] 
2025-08-11 22:12:54,128 [ERROR] LogOutputStream:75 - [STDERR_REDIRECT] [Fatal Error] :1:1: Premature end of file.
2025-08-11 22:12:54,128 [ERROR] LogOutputStream:75 - [STDERR_REDIRECT] 
2025-08-11 22:12:54,154 [ERROR] LogOutputStream:75 - [STDERR_REDIRECT] [Fatal Error] :1:1: Premature end of file.
2025-08-11 22:12:54,154 [ERROR] LogOutputStream:75 - [STDERR_REDIRECT] 
2025-08-11 22:12:54,179 [ERROR] LogOutputStream:75 - [STDERR_REDIRECT] [Fatal Error] :1:1: Premature end of file.
2025-08-11 22:12:54,179 [ERROR] LogOutputStream:75 - [STDERR_REDIRECT] 
2025-08-11 22:12:54,204 [ERROR] LogOutputStream:75 - [STDERR_REDIRECT] [Fatal Error] :1:1: Premature end of file.
2025-08-11 22:12:54,204 [ERROR] LogOutputStream:75 - [STDERR_REDIRECT] 
2025-08-11 22:12:54,235 [ERROR] LogOutputStream:75 - [STDERR_REDIRECT] [Fatal Error] :1:1: Premature end of file.
2025-08-11 22:12:54,235 [ERROR] LogOutputStream:75 - [STDERR_REDIRECT] 
2025-08-11 22:12:54,264 [ERROR] LogOutputStream:75 - [STDERR_REDIRECT] [Fatal Error] :1:1: Premature end of file.
2025-08-11 22:12:54,264 [ERROR] LogOutputStream:75 - [STDERR_REDIRECT] 
2025-08-11 22:12:54,288 [ERROR] LogOutputStream:75 - [STDERR_REDIRECT] [Fatal Error] :1:1: Premature end of file.
2025-08-11 22:12:54,288 [ERROR] LogOutputStream:75 - [STDERR_REDIRECT] 
2025-08-11 22:12:54,311 [ERROR] LogOutputStream:75 - [STDERR_REDIRECT] [Fatal Error] :1:1: Premature end of file.
2025-08-11 22:12:54,311 [ERROR] LogOutputStream:75 - [STDERR_REDIRECT] 
2025-08-11 22:12:54,346 [ERROR] LogOutputStream:75 - [STDERR_REDIRECT] [Fatal Error] :1:1: Premature end of file.
2025-08-11 22:12:54,346 [ERROR] LogOutputStream:75 - [STDERR_REDIRECT] 
2025-08-11 22:12:54,384 [ERROR] LogOutputStream:75 - [STDERR_REDIRECT] [Fatal Error] :1:1: Premature end of file.
2025-08-11 22:12:54,384 [ERROR] LogOutputStream:75 - [STDERR_REDIRECT] 
2025-08-11 22:12:54,407 [ERROR] LogOutputStream:75 - [STDERR_REDIRECT] [Fatal Error] :1:1: Premature end of file.
2025-08-11 22:12:54,407 [ERROR] LogOutputStream:75 - [STDERR_REDIRECT] 
2025-08-11 22:12:54,432 [ERROR] LogOutputStream:75 - [STDERR_REDIRECT] [Fatal Error] :1:1: Premature end of file.
2025-08-11 22:12:54,432 [ERROR] LogOutputStream:75 - [STDERR_REDIRECT] 
2025-08-11 22:12:54,459 [ERROR] LogOutputStream:75 - [STDERR_REDIRECT] [Fatal Error] :1:1: Premature end of file.
2025-08-11 22:12:54,459 [ERROR] LogOutputStream:75 - [STDERR_REDIRECT] 
2025-08-11 22:12:54,484 [ERROR] LogOutputStream:75 - [STDERR_REDIRECT] [Fatal Error] :1:1: Premature end of file.
2025-08-11 22:12:54,485 [ERROR] LogOutputStream:75 - [STDERR_REDIRECT] 
2025-08-11 22:12:54,511 [ERROR] LogOutputStream:75 - [STDERR_REDIRECT] [Fatal Error] :1:1: Premature end of file.
2025-08-11 22:12:54,511 [ERROR] LogOutputStream:75 - [STDERR_REDIRECT] 
2025-08-11 22:12:54,537 [ERROR] LogOutputStream:75 - [STDERR_REDIRECT] [Fatal Error] :1:1: Premature end of file.
2025-08-11 22:12:54,537 [ERROR] LogOutputStream:75 - [STDERR_REDIRECT] 
2025-08-11 22:12:54,561 [ERROR] LogOutputStream:75 - [STDERR_REDIRECT] [Fatal Error] :1:1: Premature end of file.
2025-08-11 22:12:54,561 [ERROR] LogOutputStream:75 - [STDERR_REDIRECT] 
2025-08-11 22:12:54,589 [ERROR] LogOutputStream:75 - [STDERR_REDIRECT] [Fatal Error] :1:1: Premature end of file.
2025-08-11 22:12:54,589 [ERROR] LogOutputStream:75 - [STDERR_REDIRECT] 
2025-08-11 22:12:54,616 [ERROR] LogOutputStream:75 - [STDERR_REDIRECT] [Fatal Error] :1:1: Premature end of file.
2025-08-11 22:12:54,617 [ERROR] LogOutputStream:75 - [STDERR_REDIRECT] 
2025-08-11 22:12:54,650 [ERROR] LogOutputStream:75 - [STDERR_REDIRECT] [Fatal Error] :1:1: Premature end of file.
2025-08-11 22:12:54,650 [ERROR] LogOutputStream:75 - [STDERR_REDIRECT] 
2025-08-11 22:12:54,673 [ERROR] LogOutputStream:75 - [STDERR_REDIRECT] [Fatal Error] :1:1: Premature end of file.
2025-08-11 22:12:54,673 [ERROR] LogOutputStream:75 - [STDERR_REDIRECT] 
2025-08-11 22:12:54,697 [ERROR] LogOutputStream:75 - [STDERR_REDIRECT] [Fatal Error] :1:1: Premature end of file.
2025-08-11 22:12:54,697 [ERROR] LogOutputStream:75 - [STDERR_REDIRECT] 
2025-08-11 22:12:54,721 [ERROR] LogOutputStream:75 - [STDERR_REDIRECT] [Fatal Error] :1:1: Premature end of file.
2025-08-11 22:12:54,721 [ERROR] LogOutputStream:75 - [STDERR_REDIRECT] 
2025-08-11 22:12:54,746 [ERROR] LogOutputStream:75 - [STDERR_REDIRECT] [Fatal Error] :1:1: Premature end of file.
2025-08-11 22:12:54,746 [ERROR] LogOutputStream:75 - [STDERR_REDIRECT] 
2025-08-11 22:12:54,770 [ERROR] LogOutputStream:75 - [STDERR_REDIRECT] [Fatal Error] :1:1: Premature end of file.
2025-08-11 22:12:54,770 [ERROR] LogOutputStream:75 - [STDERR_REDIRECT] 
2025-08-11 22:12:54,796 [ERROR] LogOutputStream:75 - [STDERR_REDIRECT] [Fatal Error] :1:1: Premature end of file.
2025-08-11 22:12:54,796 [ERROR] LogOutputStream:75 - [STDERR_REDIRECT] 
2025-08-11 22:12:54,821 [ERROR] LogOutputStream:75 - [STDERR_REDIRECT] [Fatal Error] :1:1: Premature end of file.
2025-08-11 22:12:54,822 [ERROR] LogOutputStream:75 - [STDERR_REDIRECT] 
2025-08-11 22:12:54,851 [ERROR] LogOutputStream:75 - [STDERR_REDIRECT] [Fatal Error] :1:1: Premature end of file.
2025-08-11 22:12:54,851 [ERROR] LogOutputStream:75 - [STDERR_REDIRECT] 
2025-08-11 22:12:54,876 [ERROR] LogOutputStream:75 - [STDERR_REDIRECT] [Fatal Error] :1:1: Premature end of file.
2025-08-11 22:12:54,876 [ERROR] LogOutputStream:75 - [STDERR_REDIRECT] 
2025-08-11 22:12:54,899 [ERROR] LogOutputStream:75 - [STDERR_REDIRECT] [Fatal Error] :1:1: Premature end of file.
2025-08-11 22:12:54,899 [ERROR] LogOutputStream:75 - [STDERR_REDIRECT] 
2025-08-11 22:12:54,927 [ERROR] LogOutputStream:75 - [STDERR_REDIRECT] [Fatal Error] :1:1: Premature end of file.
2025-08-11 22:12:54,927 [ERROR] LogOutputStream:75 - [STDERR_REDIRECT] 
2025-08-11 22:12:54,952 [ERROR] LogOutputStream:75 - [STDERR_REDIRECT] [Fatal Error] :1:1: Premature end of file.
2025-08-11 22:12:54,952 [ERROR] LogOutputStream:75 - [STDERR_REDIRECT] 
2025-08-11 22:12:54,980 [ERROR] LogOutputStream:75 - [STDERR_REDIRECT] [Fatal Error] :1:1: Premature end of file.
2025-08-11 22:12:54,982 [ERROR] LogOutputStream:75 - [STDERR_REDIRECT] 
2025-08-11 22:12:55,007 [ERROR] LogOutputStream:75 - [STDERR_REDIRECT] [Fatal Error] :1:1: Premature end of file.
2025-08-11 22:12:55,007 [ERROR] LogOutputStream:75 - [STDERR_REDIRECT] 
2025-08-11 22:12:55,032 [ERROR] LogOutputStream:75 - [STDERR_REDIRECT] [Fatal Error] :1:1: Premature end of file.
2025-08-11 22:12:55,032 [ERROR] LogOutputStream:75 - [STDERR_REDIRECT] 
2025-08-11 22:12:55,054 [ERROR] LogOutputStream:75 - [STDERR_REDIRECT] [Fatal Error] :1:1: Premature end of file.
2025-08-11 22:12:55,054 [ERROR] LogOutputStream:75 - [STDERR_REDIRECT] 
2025-08-11 22:12:55,076 [ERROR] LogOutputStream:75 - [STDERR_REDIRECT] [Fatal Error] :1:1: Premature end of file.
2025-08-11 22:12:55,076 [ERROR] LogOutputStream:75 - [STDERR_REDIRECT] 
2025-08-11 22:12:55,100 [ERROR] LogOutputStream:75 - [STDERR_REDIRECT] [Fatal Error] :1:1: Premature end of file.
2025-08-11 22:12:55,100 [ERROR] LogOutputStream:75 - [STDERR_REDIRECT] 
2025-08-11 22:12:55,126 [ERROR] LogOutputStream:75 - [STDERR_REDIRECT] [Fatal Error] :1:1: Premature end of file.
2025-08-11 22:12:55,126 [ERROR] LogOutputStream:75 - [STDERR_REDIRECT] 
2025-08-11 22:12:55,154 [ERROR] LogOutputStream:75 - [STDERR_REDIRECT] [Fatal Error] :1:1: Premature end of file.
2025-08-11 22:12:55,154 [ERROR] LogOutputStream:75 - [STDERR_REDIRECT] 
2025-08-11 22:12:55,177 [ERROR] LogOutputStream:75 - [STDERR_REDIRECT] [Fatal Error] :1:1: Premature end of file.
2025-08-11 22:12:55,177 [ERROR] LogOutputStream:75 - [STDERR_REDIRECT] 
2025-08-11 22:12:55,201 [ERROR] LogOutputStream:75 - [STDERR_REDIRECT] [Fatal Error] :1:1: Premature end of file.
2025-08-11 22:12:55,201 [ERROR] LogOutputStream:75 - [STDERR_REDIRECT] 
2025-08-11 22:12:55,224 [ERROR] LogOutputStream:75 - [STDERR_REDIRECT] [Fatal Error] :1:1: Premature end of file.
2025-08-11 22:12:55,224 [ERROR] LogOutputStream:75 - [STDERR_REDIRECT] 
2025-08-11 22:12:55,247 [ERROR] LogOutputStream:75 - [STDERR_REDIRECT] [Fatal Error] :1:1: Premature end of file.
2025-08-11 22:12:55,247 [ERROR] LogOutputStream:75 - [STDERR_REDIRECT] 
2025-08-11 22:12:55,270 [ERROR] LogOutputStream:75 - [STDERR_REDIRECT] [Fatal Error] :1:1: Premature end of file.
2025-08-11 22:12:55,270 [ERROR] LogOutputStream:75 - [STDERR_REDIRECT] 
2025-08-11 22:12:55,295 [ERROR] LogOutputStream:75 - [STDERR_REDIRECT] [Fatal Error] :1:1: Premature end of file.
2025-08-11 22:12:55,295 [ERROR] LogOutputStream:75 - [STDERR_REDIRECT] 
2025-08-11 22:12:55,320 [ERROR] LogOutputStream:75 - [STDERR_REDIRECT] [Fatal Error] :1:1: Premature end of file.
2025-08-11 22:12:55,320 [ERROR] LogOutputStream:75 - [STDERR_REDIRECT] 
2025-08-11 22:12:55,343 [ERROR] LogOutputStream:75 - [STDERR_REDIRECT] [Fatal Error] :1:1: Premature end of file.
2025-08-11 22:12:55,343 [ERROR] LogOutputStream:75 - [STDERR_REDIRECT] 
2025-08-11 22:12:55,366 [ERROR] LogOutputStream:75 - [STDERR_REDIRECT] [Fatal Error] :1:1: Premature end of file.
2025-08-11 22:12:55,367 [ERROR] LogOutputStream:75 - [STDERR_REDIRECT] 
2025-08-11 22:12:55,388 [ERROR] LogOutputStream:75 - [STDERR_REDIRECT] [Fatal Error] :1:1: Premature end of file.
2025-08-11 22:12:55,389 [ERROR] LogOutputStream:75 - [STDERR_REDIRECT] 
2025-08-11 22:12:55,412 [ERROR] LogOutputStream:75 - [STDERR_REDIRECT] [Fatal Error] :1:1: Premature end of file.
2025-08-11 22:12:55,412 [ERROR] LogOutputStream:75 - [STDERR_REDIRECT] 
2025-08-11 22:12:55,436 [ERROR] LogOutputStream:75 - [STDERR_REDIRECT] [Fatal Error] :1:1: Premature end of file.
2025-08-11 22:12:55,436 [ERROR] LogOutputStream:75 - [STDERR_REDIRECT] 
2025-08-11 22:12:55,459 [ERROR] LogOutputStream:75 - [STDERR_REDIRECT] [Fatal Error] :1:1: Premature end of file.
2025-08-11 22:12:55,460 [ERROR] LogOutputStream:75 - [STDERR_REDIRECT] 
2025-08-11 22:12:55,491 [ERROR] LogOutputStream:75 - [STDERR_REDIRECT] [Fatal Error] :1:1: Premature end of file.
2025-08-11 22:12:55,491 [ERROR] LogOutputStream:75 - [STDERR_REDIRECT] 
2025-08-11 22:12:55,518 [ERROR] LogOutputStream:75 - [STDERR_REDIRECT] [Fatal Error] :1:1: Premature end of file.
2025-08-11 22:12:55,518 [ERROR] LogOutputStream:75 - [STDERR_REDIRECT] 
2025-08-11 22:12:55,548 [ERROR] LogOutputStream:75 - [STDERR_REDIRECT] [Fatal Error] :1:1: Premature end of file.
2025-08-11 22:12:55,548 [ERROR] LogOutputStream:75 - [STDERR_REDIRECT] 
2025-08-11 22:12:55,572 [ERROR] LogOutputStream:75 - [STDERR_REDIRECT] [Fatal Error] :1:1: Premature end of file.
2025-08-11 22:12:55,572 [ERROR] LogOutputStream:75 - [STDERR_REDIRECT] 
2025-08-11 22:12:55,597 [ERROR] LogOutputStream:75 - [STDERR_REDIRECT] [Fatal Error] :1:1: Premature end of file.
2025-08-11 22:12:55,597 [ERROR] LogOutputStream:75 - [STDERR_REDIRECT] 
2025-08-11 22:12:55,625 [ERROR] LogOutputStream:75 - [STDERR_REDIRECT] [Fatal Error] :1:1: Premature end of file.
2025-08-11 22:12:55,625 [ERROR] LogOutputStream:75 - [STDERR_REDIRECT] 
2025-08-11 22:12:55,668 [ERROR] LogOutputStream:75 - [STDERR_REDIRECT] [Fatal Error] :1:1: Premature end of file.
2025-08-11 22:12:55,668 [ERROR] LogOutputStream:75 - [STDERR_REDIRECT] 
2025-08-11 22:12:55,727 [ERROR] LogOutputStream:75 - [STDERR_REDIRECT] [Fatal Error] :1:1: Premature end of file.
2025-08-11 22:12:55,727 [ERROR] LogOutputStream:75 - [STDERR_REDIRECT] 
2025-08-11 22:12:55,770 [ERROR] LogOutputStream:75 - [STDERR_REDIRECT] [Fatal Error] :1:1: Premature end of file.
2025-08-11 22:12:55,771 [ERROR] LogOutputStream:75 - [STDERR_REDIRECT] 
2025-08-11 22:12:55,799 [ERROR] LogOutputStream:75 - [STDERR_REDIRECT] [Fatal Error] :1:1: Premature end of file.
2025-08-11 22:12:55,799 [ERROR] LogOutputStream:75 - [STDERR_REDIRECT] 
2025-08-11 22:12:55,821 [ERROR] LogOutputStream:75 - [STDERR_REDIRECT] [Fatal Error] :1:1: Premature end of file.
2025-08-11 22:12:55,822 [ERROR] LogOutputStream:75 - [STDERR_REDIRECT] 
2025-08-11 22:12:55,847 [ERROR] LogOutputStream:75 - [STDERR_REDIRECT] [Fatal Error] :1:1: Premature end of file.
2025-08-11 22:12:55,847 [ERROR] LogOutputStream:75 - [STDERR_REDIRECT] 
2025-08-11 22:12:55,872 [ERROR] LogOutputStream:75 - [STDERR_REDIRECT] [Fatal Error] :1:1: Premature end of file.
2025-08-11 22:12:55,872 [ERROR] LogOutputStream:75 - [STDERR_REDIRECT] 
2025-08-11 22:12:55,895 [ERROR] LogOutputStream:75 - [STDERR_REDIRECT] [Fatal Error] :1:1: Premature end of file.
2025-08-11 22:12:55,895 [ERROR] LogOutputStream:75 - [STDERR_REDIRECT] 
2025-08-11 22:12:55,917 [ERROR] LogOutputStream:75 - [STDERR_REDIRECT] [Fatal Error] :1:1: Premature end of file.
2025-08-11 22:12:55,917 [ERROR] LogOutputStream:75 - [STDERR_REDIRECT] 
2025-08-11 22:12:55,940 [ERROR] LogOutputStream:75 - [STDERR_REDIRECT] [Fatal Error] :1:1: Premature end of file.
2025-08-11 22:12:55,940 [ERROR] LogOutputStream:75 - [STDERR_REDIRECT] 
2025-08-11 22:12:55,963 [ERROR] LogOutputStream:75 - [STDERR_REDIRECT] [Fatal Error] :1:1: Premature end of file.
2025-08-11 22:12:55,963 [ERROR] LogOutputStream:75 - [STDERR_REDIRECT] 
2025-08-11 22:12:55,987 [ERROR] LogOutputStream:75 - [STDERR_REDIRECT] [Fatal Error] :1:1: Premature end of file.
2025-08-11 22:12:55,987 [ERROR] LogOutputStream:75 - [STDERR_REDIRECT] 
2025-08-11 22:12:56,010 [ERROR] LogOutputStream:75 - [STDERR_REDIRECT] [Fatal Error] :1:1: Premature end of file.
2025-08-11 22:12:56,010 [ERROR] LogOutputStream:75 - [STDERR_REDIRECT] 
2025-08-11 22:12:56,033 [ERROR] LogOutputStream:75 - [STDERR_REDIRECT] [Fatal Error] :1:1: Premature end of file.
2025-08-11 22:12:56,033 [ERROR] LogOutputStream:75 - [STDERR_REDIRECT] 
2025-08-11 22:12:56,059 [ERROR] LogOutputStream:75 - [STDERR_REDIRECT] [Fatal Error] :1:1: Premature end of file.
2025-08-11 22:12:56,059 [ERROR] LogOutputStream:75 - [STDERR_REDIRECT] 
2025-08-11 22:12:56,091 [ERROR] LogOutputStream:75 - [STDERR_REDIRECT] [Fatal Error] :1:1: Premature end of file.
2025-08-11 22:12:56,091 [ERROR] LogOutputStream:75 - [STDERR_REDIRECT] 
2025-08-11 22:12:56,121 [ERROR] LogOutputStream:75 - [STDERR_REDIRECT] [Fatal Error] :1:1: Premature end of file.
2025-08-11 22:12:56,121 [ERROR] LogOutputStream:75 - [STDERR_REDIRECT] 
2025-08-11 22:12:56,146 [ERROR] LogOutputStream:75 - [STDERR_REDIRECT] [Fatal Error] :1:1: Premature end of file.
2025-08-11 22:12:56,146 [ERROR] LogOutputStream:75 - [STDERR_REDIRECT] 
2025-08-11 22:12:56,168 [ERROR] LogOutputStream:75 - [STDERR_REDIRECT] [Fatal Error] :1:1: Premature end of file.
2025-08-11 22:12:56,168 [ERROR] LogOutputStream:75 - [STDERR_REDIRECT] 
2025-08-11 22:12:56,193 [ERROR] LogOutputStream:75 - [STDERR_REDIRECT] [Fatal Error] :1:1: Premature end of file.
2025-08-11 22:12:56,193 [ERROR] LogOutputStream:75 - [STDERR_REDIRECT] 
2025-08-11 22:12:56,217 [ERROR] LogOutputStream:75 - [STDERR_REDIRECT] [Fatal Error] :1:1: Premature end of file.
2025-08-11 22:12:56,217 [ERROR] LogOutputStream:75 - [STDERR_REDIRECT] 
2025-08-11 22:12:56,239 [ERROR] LogOutputStream:75 - [STDERR_REDIRECT] [Fatal Error] :1:1: Premature end of file.
2025-08-11 22:12:56,239 [ERROR] LogOutputStream:75 - [STDERR_REDIRECT] 
2025-08-11 22:12:56,262 [ERROR] LogOutputStream:75 - [STDERR_REDIRECT] [Fatal Error] :1:1: Premature end of file.
2025-08-11 22:12:56,263 [ERROR] LogOutputStream:75 - [STDERR_REDIRECT] 
2025-08-11 22:12:56,286 [ERROR] LogOutputStream:75 - [STDERR_REDIRECT] [Fatal Error] :1:1: Premature end of file.
2025-08-11 22:12:56,287 [ERROR] LogOutputStream:75 - [STDERR_REDIRECT] 
2025-08-11 22:12:56,310 [ERROR] LogOutputStream:75 - [STDERR_REDIRECT] [Fatal Error] :1:1: Premature end of file.
2025-08-11 22:12:56,310 [ERROR] LogOutputStream:75 - [STDERR_REDIRECT] 
2025-08-11 22:12:56,333 [ERROR] LogOutputStream:75 - [STDERR_REDIRECT] [Fatal Error] :1:1: Premature end of file.
2025-08-11 22:12:56,333 [ERROR] LogOutputStream:75 - [STDERR_REDIRECT] 
2025-08-11 22:12:56,358 [ERROR] LogOutputStream:75 - [STDERR_REDIRECT] [Fatal Error] :1:1: Premature end of file.
2025-08-11 22:12:56,358 [ERROR] LogOutputStream:75 - [STDERR_REDIRECT] 
2025-08-11 22:12:56,381 [ERROR] LogOutputStream:75 - [STDERR_REDIRECT] [Fatal Error] :1:1: Premature end of file.
2025-08-11 22:12:56,381 [ERROR] LogOutputStream:75 - [STDERR_REDIRECT] 
2025-08-11 22:12:56,403 [ERROR] LogOutputStream:75 - [STDERR_REDIRECT] [Fatal Error] :1:1: Premature end of file.
2025-08-11 22:12:56,403 [ERROR] LogOutputStream:75 - [STDERR_REDIRECT] 
2025-08-11 22:12:56,427 [ERROR] LogOutputStream:75 - [STDERR_REDIRECT] [Fatal Error] :1:1: Premature end of file.
2025-08-11 22:12:56,427 [ERROR] LogOutputStream:75 - [STDERR_REDIRECT] 
2025-08-11 22:12:56,451 [ERROR] LogOutputStream:75 - [STDERR_REDIRECT] [Fatal Error] :1:1: Premature end of file.
2025-08-11 22:12:56,451 [ERROR] LogOutputStream:75 - [STDERR_REDIRECT] 
2025-08-11 22:12:56,474 [ERROR] LogOutputStream:75 - [STDERR_REDIRECT] [Fatal Error] :1:1: Premature end of file.
2025-08-11 22:12:56,474 [ERROR] LogOutputStream:75 - [STDERR_REDIRECT] 
2025-08-11 22:12:56,497 [ERROR] LogOutputStream:75 - [STDERR_REDIRECT] [Fatal Error] :1:1: Premature end of file.
2025-08-11 22:12:56,497 [ERROR] LogOutputStream:75 - [STDERR_REDIRECT] 
2025-08-11 22:12:56,520 [ERROR] LogOutputStream:75 - [STDERR_REDIRECT] [Fatal Error] :1:1: Premature end of file.
2025-08-11 22:12:56,521 [ERROR] LogOutputStream:75 - [STDERR_REDIRECT] 
2025-08-11 22:12:56,544 [ERROR] LogOutputStream:75 - [STDERR_REDIRECT] [Fatal Error] :1:1: Premature end of file.
2025-08-11 22:12:56,544 [ERROR] LogOutputStream:75 - [STDERR_REDIRECT] 
2025-08-11 22:25:37,082 [ERROR] LogOutputStream:75 - [STDERR_REDIRECT] [Fatal Error] :1:1: Premature end of file.
2025-08-11 22:25:37,082 [ERROR] LogOutputStream:75 - [STDERR_REDIRECT] 
2025-08-11 22:25:37,237 [ERROR] LogOutputStream:75 - [STDERR_REDIRECT] [Fatal Error] :1:1: Premature end of file.
2025-08-11 22:25:37,237 [ERROR] LogOutputStream:75 - [STDERR_REDIRECT] 
2025-08-11 22:25:37,308 [ERROR] LogOutputStream:75 - [STDERR_REDIRECT] [Fatal Error] :1:1: Premature end of file.
2025-08-11 22:25:37,308 [ERROR] LogOutputStream:75 - [STDERR_REDIRECT] 
2025-08-11 22:25:37,377 [ERROR] LogOutputStream:75 - [STDERR_REDIRECT] [Fatal Error] :1:1: Premature end of file.
2025-08-11 22:25:37,377 [ERROR] LogOutputStream:75 - [STDERR_REDIRECT] 
2025-08-11 22:25:37,448 [ERROR] LogOutputStream:75 - [STDERR_REDIRECT] [Fatal Error] :1:1: Premature end of file.
2025-08-11 22:25:37,448 [ERROR] LogOutputStream:75 - [STDERR_REDIRECT] 
2025-08-11 22:25:37,534 [ERROR] LogOutputStream:75 - [STDERR_REDIRECT] [Fatal Error] :1:1: Premature end of file.
2025-08-11 22:25:37,535 [ERROR] LogOutputStream:75 - [STDERR_REDIRECT] 
2025-08-11 22:25:37,590 [ERROR] LogOutputStream:75 - [STDERR_REDIRECT] [Fatal Error] :1:1: Premature end of file.
2025-08-11 22:25:37,590 [ERROR] LogOutputStream:75 - [STDERR_REDIRECT] 
2025-08-11 22:25:37,628 [ERROR] LogOutputStream:75 - [STDERR_REDIRECT] [Fatal Error] :1:1: Premature end of file.
2025-08-11 22:25:37,628 [ERROR] LogOutputStream:75 - [STDERR_REDIRECT] 
2025-08-11 22:25:37,660 [ERROR] LogOutputStream:75 - [STDERR_REDIRECT] [Fatal Error] :1:1: Premature end of file.
2025-08-11 22:25:37,660 [ERROR] LogOutputStream:75 - [STDERR_REDIRECT] 
2025-08-11 22:25:37,685 [ERROR] LogOutputStream:75 - [STDERR_REDIRECT] [Fatal Error] :1:1: Premature end of file.
2025-08-11 22:25:37,686 [ERROR] LogOutputStream:75 - [STDERR_REDIRECT] 
2025-08-11 22:25:37,714 [ERROR] LogOutputStream:75 - [STDERR_REDIRECT] [Fatal Error] :1:1: Premature end of file.
2025-08-11 22:25:37,714 [ERROR] LogOutputStream:75 - [STDERR_REDIRECT] 
2025-08-11 22:25:37,739 [ERROR] LogOutputStream:75 - [STDERR_REDIRECT] [Fatal Error] :1:1: Premature end of file.
2025-08-11 22:25:37,740 [ERROR] LogOutputStream:75 - [STDERR_REDIRECT] 
2025-08-11 22:25:37,777 [ERROR] LogOutputStream:75 - [STDERR_REDIRECT] [Fatal Error] :1:1: Premature end of file.
2025-08-11 22:25:37,777 [ERROR] LogOutputStream:75 - [STDERR_REDIRECT] 
2025-08-11 22:25:37,840 [ERROR] LogOutputStream:75 - [STDERR_REDIRECT] [Fatal Error] :1:1: Premature end of file.
2025-08-11 22:25:37,840 [ERROR] LogOutputStream:75 - [STDERR_REDIRECT] 
2025-08-11 22:25:37,888 [ERROR] LogOutputStream:75 - [STDERR_REDIRECT] [Fatal Error] :1:1: Premature end of file.
2025-08-11 22:25:37,889 [ERROR] LogOutputStream:75 - [STDERR_REDIRECT] 
2025-08-11 22:25:37,931 [ERROR] LogOutputStream:75 - [STDERR_REDIRECT] [Fatal Error] :1:1: Premature end of file.
2025-08-11 22:25:37,931 [ERROR] LogOutputStream:75 - [STDERR_REDIRECT] 
2025-08-11 22:25:37,979 [ERROR] LogOutputStream:75 - [STDERR_REDIRECT] [Fatal Error] :1:1: Premature end of file.
2025-08-11 22:25:37,980 [ERROR] LogOutputStream:75 - [STDERR_REDIRECT] 
2025-08-11 22:25:38,019 [ERROR] LogOutputStream:75 - [STDERR_REDIRECT] [Fatal Error] :1:1: Premature end of file.
2025-08-11 22:25:38,019 [ERROR] LogOutputStream:75 - [STDERR_REDIRECT] 
2025-08-11 22:25:38,058 [ERROR] LogOutputStream:75 - [STDERR_REDIRECT] [Fatal Error] :1:1: Premature end of file.
2025-08-11 22:25:38,058 [ERROR] LogOutputStream:75 - [STDERR_REDIRECT] 
2025-08-11 22:25:38,088 [ERROR] LogOutputStream:75 - [STDERR_REDIRECT] [Fatal Error] :1:1: Premature end of file.
2025-08-11 22:25:38,089 [ERROR] LogOutputStream:75 - [STDERR_REDIRECT] 
2025-08-11 22:25:38,117 [ERROR] LogOutputStream:75 - [STDERR_REDIRECT] [Fatal Error] :1:1: Premature end of file.
2025-08-11 22:25:38,117 [ERROR] LogOutputStream:75 - [STDERR_REDIRECT] 
2025-08-11 22:25:38,149 [ERROR] LogOutputStream:75 - [STDERR_REDIRECT] [Fatal Error] :1:1: Premature end of file.
2025-08-11 22:25:38,150 [ERROR] LogOutputStream:75 - [STDERR_REDIRECT] 
2025-08-11 22:25:38,202 [ERROR] LogOutputStream:75 - [STDERR_REDIRECT] [Fatal Error] :1:1: Premature end of file.
2025-08-11 22:25:38,202 [ERROR] LogOutputStream:75 - [STDERR_REDIRECT] 
2025-08-11 22:25:38,233 [ERROR] LogOutputStream:75 - [STDERR_REDIRECT] [Fatal Error] :1:1: Premature end of file.
2025-08-11 22:25:38,233 [ERROR] LogOutputStream:75 - [STDERR_REDIRECT] 
2025-08-11 22:25:38,471 [ERROR] LogOutputStream:75 - [STDERR_REDIRECT] [Fatal Error] :1:1: Premature end of file.
2025-08-11 22:25:38,471 [ERROR] LogOutputStream:75 - [STDERR_REDIRECT] 
2025-08-11 22:25:38,520 [ERROR] LogOutputStream:75 - [STDERR_REDIRECT] [Fatal Error] :1:1: Premature end of file.
2025-08-11 22:25:38,521 [ERROR] LogOutputStream:75 - [STDERR_REDIRECT] 
2025-08-11 22:25:38,656 [ERROR] LogOutputStream:75 - [STDERR_REDIRECT] [Fatal Error] :1:1: Premature end of file.
2025-08-11 22:25:38,656 [ERROR] LogOutputStream:75 - [STDERR_REDIRECT] 
2025-08-11 22:25:38,692 [ERROR] LogOutputStream:75 - [STDERR_REDIRECT] [Fatal Error] :1:1: Premature end of file.
2025-08-11 22:25:38,692 [ERROR] LogOutputStream:75 - [STDERR_REDIRECT] 
2025-08-11 22:25:38,759 [ERROR] LogOutputStream:75 - [STDERR_REDIRECT] [Fatal Error] :1:1: Premature end of file.
2025-08-11 22:25:38,759 [ERROR] LogOutputStream:75 - [STDERR_REDIRECT] 
2025-08-11 22:25:38,760 [INFO] WebApp:194 - Connection lost
2025-08-11 22:25:38,793 [ERROR] LogOutputStream:75 - [STDERR_REDIRECT] [Fatal Error] :1:1: Premature end of file.
2025-08-11 22:25:38,793 [ERROR] LogOutputStream:75 - [STDERR_REDIRECT] 
2025-08-11 22:25:38,826 [ERROR] LogOutputStream:75 - [STDERR_REDIRECT] [Fatal Error] :1:1: Premature end of file.
2025-08-11 22:25:38,826 [ERROR] LogOutputStream:75 - [STDERR_REDIRECT] 
2025-08-11 22:25:38,869 [ERROR] LogOutputStream:75 - [STDERR_REDIRECT] [Fatal Error] :1:1: Premature end of file.
2025-08-11 22:25:38,869 [ERROR] LogOutputStream:75 - [STDERR_REDIRECT] 
2025-08-11 22:25:38,911 [ERROR] LogOutputStream:75 - [STDERR_REDIRECT] [Fatal Error] :1:1: Premature end of file.
2025-08-11 22:25:38,911 [ERROR] LogOutputStream:75 - [STDERR_REDIRECT] 
2025-08-11 22:25:38,958 [ERROR] LogOutputStream:75 - [STDERR_REDIRECT] [Fatal Error] :1:1: Premature end of file.
2025-08-11 22:25:38,958 [ERROR] LogOutputStream:75 - [STDERR_REDIRECT] 
2025-08-11 22:25:38,961 [INFO] WebApp:191 - Connection restablished
2025-08-11 22:25:39,003 [ERROR] LogOutputStream:75 - [STDERR_REDIRECT] [Fatal Error] :1:1: Premature end of file.
2025-08-11 22:25:39,003 [ERROR] LogOutputStream:75 - [STDERR_REDIRECT] 
2025-08-11 22:25:39,038 [ERROR] LogOutputStream:75 - [STDERR_REDIRECT] [Fatal Error] :1:1: Premature end of file.
2025-08-11 22:25:39,038 [ERROR] LogOutputStream:75 - [STDERR_REDIRECT] 
2025-08-11 22:25:39,069 [ERROR] LogOutputStream:75 - [STDERR_REDIRECT] [Fatal Error] :1:1: Premature end of file.
2025-08-11 22:25:39,069 [ERROR] LogOutputStream:75 - [STDERR_REDIRECT] 
2025-08-11 22:25:39,102 [ERROR] LogOutputStream:75 - [STDERR_REDIRECT] [Fatal Error] :1:1: Premature end of file.
2025-08-11 22:25:39,102 [ERROR] LogOutputStream:75 - [STDERR_REDIRECT] 
2025-08-11 22:25:39,126 [ERROR] LogOutputStream:75 - [STDERR_REDIRECT] [Fatal Error] :1:1: Premature end of file.
2025-08-11 22:25:39,126 [ERROR] LogOutputStream:75 - [STDERR_REDIRECT] 
2025-08-11 22:25:39,152 [ERROR] LogOutputStream:75 - [STDERR_REDIRECT] [Fatal Error] :1:1: Premature end of file.
2025-08-11 22:25:39,152 [ERROR] LogOutputStream:75 - [STDERR_REDIRECT] 
2025-08-11 22:25:39,185 [ERROR] LogOutputStream:75 - [STDERR_REDIRECT] [Fatal Error] :1:1: Premature end of file.
2025-08-11 22:25:39,185 [ERROR] LogOutputStream:75 - [STDERR_REDIRECT] 
2025-08-11 22:25:39,211 [ERROR] LogOutputStream:75 - [STDERR_REDIRECT] [Fatal Error] :1:1: Premature end of file.
2025-08-11 22:25:39,211 [ERROR] LogOutputStream:75 - [STDERR_REDIRECT] 
2025-08-11 22:25:39,237 [ERROR] LogOutputStream:75 - [STDERR_REDIRECT] [Fatal Error] :1:1: Premature end of file.
2025-08-11 22:25:39,237 [ERROR] LogOutputStream:75 - [STDERR_REDIRECT] 
2025-08-11 22:25:39,268 [ERROR] LogOutputStream:75 - [STDERR_REDIRECT] [Fatal Error] :1:1: Premature end of file.
2025-08-11 22:25:39,268 [ERROR] LogOutputStream:75 - [STDERR_REDIRECT] 
2025-08-11 22:25:39,310 [ERROR] LogOutputStream:75 - [STDERR_REDIRECT] [Fatal Error] :1:1: Premature end of file.
2025-08-11 22:25:39,310 [ERROR] LogOutputStream:75 - [STDERR_REDIRECT] 
2025-08-11 22:25:39,331 [ERROR] LogOutputStream:75 - [STDERR_REDIRECT] [Fatal Error] :1:1: Premature end of file.
2025-08-11 22:25:39,331 [ERROR] LogOutputStream:75 - [STDERR_REDIRECT] 
2025-08-11 22:25:39,361 [ERROR] LogOutputStream:75 - [STDERR_REDIRECT] [Fatal Error] :1:1: Premature end of file.
2025-08-11 22:25:39,361 [ERROR] LogOutputStream:75 - [STDERR_REDIRECT] 
2025-08-11 22:25:39,387 [ERROR] LogOutputStream:75 - [STDERR_REDIRECT] [Fatal Error] :1:1: Premature end of file.
2025-08-11 22:25:39,387 [ERROR] LogOutputStream:75 - [STDERR_REDIRECT] 
2025-08-11 22:25:39,414 [ERROR] LogOutputStream:75 - [STDERR_REDIRECT] [Fatal Error] :1:1: Premature end of file.
2025-08-11 22:25:39,414 [ERROR] LogOutputStream:75 - [STDERR_REDIRECT] 
2025-08-11 22:25:39,440 [ERROR] LogOutputStream:75 - [STDERR_REDIRECT] [Fatal Error] :1:1: Premature end of file.
2025-08-11 22:25:39,440 [ERROR] LogOutputStream:75 - [STDERR_REDIRECT] 
2025-08-11 22:25:39,463 [ERROR] LogOutputStream:75 - [STDERR_REDIRECT] [Fatal Error] :1:1: Premature end of file.
2025-08-11 22:25:39,464 [ERROR] LogOutputStream:75 - [STDERR_REDIRECT] 
2025-08-11 22:25:39,493 [ERROR] LogOutputStream:75 - [STDERR_REDIRECT] [Fatal Error] :1:1: Premature end of file.
2025-08-11 22:25:39,493 [ERROR] LogOutputStream:75 - [STDERR_REDIRECT] 
2025-08-11 22:25:39,518 [ERROR] LogOutputStream:75 - [STDERR_REDIRECT] [Fatal Error] :1:1: Premature end of file.
2025-08-11 22:25:39,519 [ERROR] LogOutputStream:75 - [STDERR_REDIRECT] 
2025-08-11 22:25:39,549 [ERROR] LogOutputStream:75 - [STDERR_REDIRECT] [Fatal Error] :1:1: Premature end of file.
2025-08-11 22:25:39,549 [ERROR] LogOutputStream:75 - [STDERR_REDIRECT] 
2025-08-11 22:25:39,582 [ERROR] LogOutputStream:75 - [STDERR_REDIRECT] [Fatal Error] :1:1: Premature end of file.
2025-08-11 22:25:39,583 [ERROR] LogOutputStream:75 - [STDERR_REDIRECT] 
2025-08-11 22:25:39,609 [ERROR] LogOutputStream:75 - [STDERR_REDIRECT] [Fatal Error] :1:1: Premature end of file.
2025-08-11 22:25:39,609 [ERROR] LogOutputStream:75 - [STDERR_REDIRECT] 
2025-08-11 22:25:39,633 [ERROR] LogOutputStream:75 - [STDERR_REDIRECT] [Fatal Error] :1:1: Premature end of file.
2025-08-11 22:25:39,633 [ERROR] LogOutputStream:75 - [STDERR_REDIRECT] 
2025-08-11 22:25:39,661 [ERROR] LogOutputStream:75 - [STDERR_REDIRECT] [Fatal Error] :1:1: Premature end of file.
2025-08-11 22:25:39,661 [ERROR] LogOutputStream:75 - [STDERR_REDIRECT] 
2025-08-11 22:25:39,685 [ERROR] LogOutputStream:75 - [STDERR_REDIRECT] [Fatal Error] :1:1: Premature end of file.
2025-08-11 22:25:39,685 [ERROR] LogOutputStream:75 - [STDERR_REDIRECT] 
2025-08-11 22:25:39,708 [ERROR] LogOutputStream:75 - [STDERR_REDIRECT] [Fatal Error] :1:1: Premature end of file.
2025-08-11 22:25:39,708 [ERROR] LogOutputStream:75 - [STDERR_REDIRECT] 
2025-08-11 22:25:39,729 [ERROR] LogOutputStream:75 - [STDERR_REDIRECT] [Fatal Error] :1:1: Premature end of file.
2025-08-11 22:25:39,730 [ERROR] LogOutputStream:75 - [STDERR_REDIRECT] 
2025-08-11 22:25:39,751 [ERROR] LogOutputStream:75 - [STDERR_REDIRECT] [Fatal Error] :1:1: Premature end of file.
2025-08-11 22:25:39,751 [ERROR] LogOutputStream:75 - [STDERR_REDIRECT] 
2025-08-11 22:25:39,772 [ERROR] LogOutputStream:75 - [STDERR_REDIRECT] [Fatal Error] :1:1: Premature end of file.
2025-08-11 22:25:39,772 [ERROR] LogOutputStream:75 - [STDERR_REDIRECT] 
2025-08-11 22:25:39,791 [ERROR] LogOutputStream:75 - [STDERR_REDIRECT] [Fatal Error] :1:1: Premature end of file.
2025-08-11 22:25:39,792 [ERROR] LogOutputStream:75 - [STDERR_REDIRECT] 
2025-08-11 22:25:39,811 [ERROR] LogOutputStream:75 - [STDERR_REDIRECT] [Fatal Error] :1:1: Premature end of file.
2025-08-11 22:25:39,811 [ERROR] LogOutputStream:75 - [STDERR_REDIRECT] 
2025-08-11 22:25:39,831 [ERROR] LogOutputStream:75 - [STDERR_REDIRECT] [Fatal Error] :1:1: Premature end of file.
2025-08-11 22:25:39,831 [ERROR] LogOutputStream:75 - [STDERR_REDIRECT] 
2025-08-11 22:25:39,852 [ERROR] LogOutputStream:75 - [STDERR_REDIRECT] [Fatal Error] :1:1: Premature end of file.
2025-08-11 22:25:39,852 [ERROR] LogOutputStream:75 - [STDERR_REDIRECT] 
2025-08-11 22:25:39,874 [ERROR] LogOutputStream:75 - [STDERR_REDIRECT] [Fatal Error] :1:1: Premature end of file.
2025-08-11 22:25:39,874 [ERROR] LogOutputStream:75 - [STDERR_REDIRECT] 
2025-08-11 22:25:39,898 [ERROR] LogOutputStream:75 - [STDERR_REDIRECT] [Fatal Error] :1:1: Premature end of file.
2025-08-11 22:25:39,898 [ERROR] LogOutputStream:75 - [STDERR_REDIRECT] 
2025-08-11 22:25:39,921 [ERROR] LogOutputStream:75 - [STDERR_REDIRECT] [Fatal Error] :1:1: Premature end of file.
2025-08-11 22:25:39,921 [ERROR] LogOutputStream:75 - [STDERR_REDIRECT] 
2025-08-11 22:25:39,944 [ERROR] LogOutputStream:75 - [STDERR_REDIRECT] [Fatal Error] :1:1: Premature end of file.
2025-08-11 22:25:39,945 [ERROR] LogOutputStream:75 - [STDERR_REDIRECT] 
2025-08-11 22:25:39,968 [ERROR] LogOutputStream:75 - [STDERR_REDIRECT] [Fatal Error] :1:1: Premature end of file.
2025-08-11 22:25:39,968 [ERROR] LogOutputStream:75 - [STDERR_REDIRECT] 
2025-08-11 22:25:39,991 [ERROR] LogOutputStream:75 - [STDERR_REDIRECT] [Fatal Error] :1:1: Premature end of file.
2025-08-11 22:25:39,992 [ERROR] LogOutputStream:75 - [STDERR_REDIRECT] 
2025-08-11 22:25:40,015 [ERROR] LogOutputStream:75 - [STDERR_REDIRECT] [Fatal Error] :1:1: Premature end of file.
2025-08-11 22:25:40,017 [ERROR] LogOutputStream:75 - [STDERR_REDIRECT] 
2025-08-11 22:25:40,051 [ERROR] LogOutputStream:75 - [STDERR_REDIRECT] [Fatal Error] :1:1: Premature end of file.
2025-08-11 22:25:40,051 [ERROR] LogOutputStream:75 - [STDERR_REDIRECT] 
2025-08-11 22:25:40,077 [ERROR] LogOutputStream:75 - [STDERR_REDIRECT] [Fatal Error] :1:1: Premature end of file.
2025-08-11 22:25:40,077 [ERROR] LogOutputStream:75 - [STDERR_REDIRECT] 
2025-08-11 22:25:40,107 [ERROR] LogOutputStream:75 - [STDERR_REDIRECT] [Fatal Error] :1:1: Premature end of file.
2025-08-11 22:25:40,107 [ERROR] LogOutputStream:75 - [STDERR_REDIRECT] 
2025-08-11 22:25:40,146 [ERROR] LogOutputStream:75 - [STDERR_REDIRECT] [Fatal Error] :1:1: Premature end of file.
2025-08-11 22:25:40,146 [ERROR] LogOutputStream:75 - [STDERR_REDIRECT] 
2025-08-11 22:25:40,176 [ERROR] LogOutputStream:75 - [STDERR_REDIRECT] [Fatal Error] :1:1: Premature end of file.
2025-08-11 22:25:40,176 [ERROR] LogOutputStream:75 - [STDERR_REDIRECT] 
2025-08-11 22:25:40,206 [ERROR] LogOutputStream:75 - [STDERR_REDIRECT] [Fatal Error] :1:1: Premature end of file.
2025-08-11 22:25:40,206 [ERROR] LogOutputStream:75 - [STDERR_REDIRECT] 
2025-08-11 22:25:40,230 [ERROR] LogOutputStream:75 - [STDERR_REDIRECT] [Fatal Error] :1:1: Premature end of file.
2025-08-11 22:25:40,230 [ERROR] LogOutputStream:75 - [STDERR_REDIRECT] 
2025-08-11 22:25:40,251 [ERROR] LogOutputStream:75 - [STDERR_REDIRECT] [Fatal Error] :1:1: Premature end of file.
2025-08-11 22:25:40,251 [ERROR] LogOutputStream:75 - [STDERR_REDIRECT] 
2025-08-11 22:25:40,270 [ERROR] LogOutputStream:75 - [STDERR_REDIRECT] [Fatal Error] :1:1: Premature end of file.
2025-08-11 22:25:40,270 [ERROR] LogOutputStream:75 - [STDERR_REDIRECT] 
2025-08-11 22:25:40,291 [ERROR] LogOutputStream:75 - [STDERR_REDIRECT] [Fatal Error] :1:1: Premature end of file.
2025-08-11 22:25:40,291 [ERROR] LogOutputStream:75 - [STDERR_REDIRECT] 
2025-08-11 22:25:40,311 [ERROR] LogOutputStream:75 - [STDERR_REDIRECT] [Fatal Error] :1:1: Premature end of file.
2025-08-11 22:25:40,311 [ERROR] LogOutputStream:75 - [STDERR_REDIRECT] 
2025-08-11 22:25:40,333 [ERROR] LogOutputStream:75 - [STDERR_REDIRECT] [Fatal Error] :1:1: Premature end of file.
2025-08-11 22:25:40,333 [ERROR] LogOutputStream:75 - [STDERR_REDIRECT] 
2025-08-11 22:25:40,353 [ERROR] LogOutputStream:75 - [STDERR_REDIRECT] [Fatal Error] :1:1: Premature end of file.
2025-08-11 22:25:40,353 [ERROR] LogOutputStream:75 - [STDERR_REDIRECT] 
2025-08-11 22:25:40,372 [ERROR] LogOutputStream:75 - [STDERR_REDIRECT] [Fatal Error] :1:1: Premature end of file.
2025-08-11 22:25:40,372 [ERROR] LogOutputStream:75 - [STDERR_REDIRECT] 
2025-08-11 22:25:40,391 [ERROR] LogOutputStream:75 - [STDERR_REDIRECT] [Fatal Error] :1:1: Premature end of file.
2025-08-11 22:25:40,391 [ERROR] LogOutputStream:75 - [STDERR_REDIRECT] 
2025-08-11 22:25:40,409 [ERROR] LogOutputStream:75 - [STDERR_REDIRECT] [Fatal Error] :1:1: Premature end of file.
2025-08-11 22:25:40,409 [ERROR] LogOutputStream:75 - [STDERR_REDIRECT] 
2025-08-11 22:25:40,428 [ERROR] LogOutputStream:75 - [STDERR_REDIRECT] [Fatal Error] :1:1: Premature end of file.
2025-08-11 22:25:40,429 [ERROR] LogOutputStream:75 - [STDERR_REDIRECT] 
2025-08-11 22:25:40,448 [ERROR] LogOutputStream:75 - [STDERR_REDIRECT] [Fatal Error] :1:1: Premature end of file.
2025-08-11 22:25:40,448 [ERROR] LogOutputStream:75 - [STDERR_REDIRECT] 
2025-08-11 22:25:40,466 [ERROR] LogOutputStream:75 - [STDERR_REDIRECT] [Fatal Error] :1:1: Premature end of file.
2025-08-11 22:25:40,467 [ERROR] LogOutputStream:75 - [STDERR_REDIRECT] 
2025-08-11 22:25:40,485 [ERROR] LogOutputStream:75 - [STDERR_REDIRECT] [Fatal Error] :1:1: Premature end of file.
2025-08-11 22:25:40,485 [ERROR] LogOutputStream:75 - [STDERR_REDIRECT] 
2025-08-11 22:25:40,505 [ERROR] LogOutputStream:75 - [STDERR_REDIRECT] [Fatal Error] :1:1: Premature end of file.
2025-08-11 22:25:40,505 [ERROR] LogOutputStream:75 - [STDERR_REDIRECT] 
2025-08-11 22:25:40,523 [ERROR] LogOutputStream:75 - [STDERR_REDIRECT] [Fatal Error] :1:1: Premature end of file.
2025-08-11 22:25:40,523 [ERROR] LogOutputStream:75 - [STDERR_REDIRECT] 
2025-08-11 22:25:40,543 [ERROR] LogOutputStream:75 - [STDERR_REDIRECT] [Fatal Error] :1:1: Premature end of file.
2025-08-11 22:25:40,543 [ERROR] LogOutputStream:75 - [STDERR_REDIRECT] 
2025-08-11 22:25:40,565 [ERROR] LogOutputStream:75 - [STDERR_REDIRECT] [Fatal Error] :1:1: Premature end of file.
2025-08-11 22:25:40,565 [ERROR] LogOutputStream:75 - [STDERR_REDIRECT] 
2025-08-11 22:25:40,586 [ERROR] LogOutputStream:75 - [STDERR_REDIRECT] [Fatal Error] :1:1: Premature end of file.
2025-08-11 22:25:40,586 [ERROR] LogOutputStream:75 - [STDERR_REDIRECT] 
2025-08-11 22:25:40,609 [ERROR] LogOutputStream:75 - [STDERR_REDIRECT] [Fatal Error] :1:1: Premature end of file.
2025-08-11 22:25:40,609 [ERROR] LogOutputStream:75 - [STDERR_REDIRECT] 
2025-08-11 22:25:40,631 [ERROR] LogOutputStream:75 - [STDERR_REDIRECT] [Fatal Error] :1:1: Premature end of file.
2025-08-11 22:25:40,632 [ERROR] LogOutputStream:75 - [STDERR_REDIRECT] 
2025-08-11 22:25:40,655 [ERROR] LogOutputStream:75 - [STDERR_REDIRECT] [Fatal Error] :1:1: Premature end of file.
2025-08-11 22:25:40,655 [ERROR] LogOutputStream:75 - [STDERR_REDIRECT] 
2025-08-11 22:25:40,676 [ERROR] LogOutputStream:75 - [STDERR_REDIRECT] [Fatal Error] :1:1: Premature end of file.
2025-08-11 22:25:40,676 [ERROR] LogOutputStream:75 - [STDERR_REDIRECT] 
2025-08-11 22:25:40,702 [ERROR] LogOutputStream:75 - [STDERR_REDIRECT] [Fatal Error] :1:1: Premature end of file.
2025-08-11 22:25:40,702 [ERROR] LogOutputStream:75 - [STDERR_REDIRECT] 
2025-08-11 22:25:40,724 [ERROR] LogOutputStream:75 - [STDERR_REDIRECT] [Fatal Error] :1:1: Premature end of file.
2025-08-11 22:25:40,724 [ERROR] LogOutputStream:75 - [STDERR_REDIRECT] 
2025-08-11 22:25:40,749 [ERROR] LogOutputStream:75 - [STDERR_REDIRECT] [Fatal Error] :1:1: Premature end of file.
2025-08-11 22:25:40,749 [ERROR] LogOutputStream:75 - [STDERR_REDIRECT] 
2025-08-11 22:25:40,773 [ERROR] LogOutputStream:75 - [STDERR_REDIRECT] [Fatal Error] :1:1: Premature end of file.
2025-08-11 22:25:40,773 [ERROR] LogOutputStream:75 - [STDERR_REDIRECT] 
2025-08-11 22:25:40,819 [ERROR] LogOutputStream:75 - [STDERR_REDIRECT] [Fatal Error] :1:1: Premature end of file.
2025-08-11 22:25:40,819 [ERROR] LogOutputStream:75 - [STDERR_REDIRECT] 
2025-08-11 22:25:40,842 [ERROR] LogOutputStream:75 - [STDERR_REDIRECT] [Fatal Error] :1:1: Premature end of file.
2025-08-11 22:25:40,842 [ERROR] LogOutputStream:75 - [STDERR_REDIRECT] 
2025-08-11 22:25:40,864 [ERROR] LogOutputStream:75 - [STDERR_REDIRECT] [Fatal Error] :1:1: Premature end of file.
2025-08-11 22:25:40,865 [ERROR] LogOutputStream:75 - [STDERR_REDIRECT] 
2025-08-11 22:25:40,886 [ERROR] LogOutputStream:75 - [STDERR_REDIRECT] [Fatal Error] :1:1: Premature end of file.
2025-08-11 22:25:40,886 [ERROR] LogOutputStream:75 - [STDERR_REDIRECT] 
2025-08-11 22:25:40,932 [ERROR] LogOutputStream:75 - [STDERR_REDIRECT] [Fatal Error] :1:1: Premature end of file.
2025-08-11 22:25:40,932 [ERROR] LogOutputStream:75 - [STDERR_REDIRECT] 
2025-08-11 22:25:40,954 [ERROR] LogOutputStream:75 - [STDERR_REDIRECT] [Fatal Error] :1:1: Premature end of file.
2025-08-11 22:25:40,954 [ERROR] LogOutputStream:75 - [STDERR_REDIRECT] 
2025-08-11 22:25:40,977 [ERROR] LogOutputStream:75 - [STDERR_REDIRECT] [Fatal Error] :1:1: Premature end of file.
2025-08-11 22:25:40,977 [ERROR] LogOutputStream:75 - [STDERR_REDIRECT] 
2025-08-11 22:25:41,000 [ERROR] LogOutputStream:75 - [STDERR_REDIRECT] [Fatal Error] :1:1: Premature end of file.
2025-08-11 22:25:41,000 [ERROR] LogOutputStream:75 - [STDERR_REDIRECT] 
2025-08-11 22:25:41,020 [ERROR] LogOutputStream:75 - [STDERR_REDIRECT] [Fatal Error] :1:1: Premature end of file.
2025-08-11 22:25:41,020 [ERROR] LogOutputStream:75 - [STDERR_REDIRECT] 
2025-08-11 22:25:41,043 [ERROR] LogOutputStream:75 - [STDERR_REDIRECT] [Fatal Error] :1:1: Premature end of file.
2025-08-11 22:25:41,043 [ERROR] LogOutputStream:75 - [STDERR_REDIRECT] 
2025-08-11 22:25:41,063 [ERROR] LogOutputStream:75 - [STDERR_REDIRECT] [Fatal Error] :1:1: Premature end of file.
2025-08-11 22:25:41,063 [ERROR] LogOutputStream:75 - [STDERR_REDIRECT] 
2025-08-11 22:25:41,084 [ERROR] LogOutputStream:75 - [STDERR_REDIRECT] [Fatal Error] :1:1: Premature end of file.
2025-08-11 22:25:41,084 [ERROR] LogOutputStream:75 - [STDERR_REDIRECT] 
2025-08-11 22:25:41,105 [ERROR] LogOutputStream:75 - [STDERR_REDIRECT] [Fatal Error] :1:1: Premature end of file.
2025-08-11 22:25:41,105 [ERROR] LogOutputStream:75 - [STDERR_REDIRECT] 
2025-08-11 22:25:41,127 [ERROR] LogOutputStream:75 - [STDERR_REDIRECT] [Fatal Error] :1:1: Premature end of file.
2025-08-11 22:25:41,127 [ERROR] LogOutputStream:75 - [STDERR_REDIRECT] 
2025-08-11 22:25:41,158 [ERROR] LogOutputStream:75 - [STDERR_REDIRECT] [Fatal Error] :1:1: Premature end of file.
2025-08-11 22:25:41,158 [ERROR] LogOutputStream:75 - [STDERR_REDIRECT] 
2025-08-11 22:25:41,201 [ERROR] LogOutputStream:75 - [STDERR_REDIRECT] [Fatal Error] :1:1: Premature end of file.
2025-08-11 22:25:41,201 [ERROR] LogOutputStream:75 - [STDERR_REDIRECT] 
2025-08-11 22:25:41,227 [ERROR] LogOutputStream:75 - [STDERR_REDIRECT] [Fatal Error] :1:1: Premature end of file.
2025-08-11 22:25:41,227 [ERROR] LogOutputStream:75 - [STDERR_REDIRECT] 
2025-08-11 22:25:41,255 [ERROR] LogOutputStream:75 - [STDERR_REDIRECT] [Fatal Error] :1:1: Premature end of file.
2025-08-11 22:25:41,255 [ERROR] LogOutputStream:75 - [STDERR_REDIRECT] 
2025-08-11 22:25:41,280 [ERROR] LogOutputStream:75 - [STDERR_REDIRECT] [Fatal Error] :1:1: Premature end of file.
2025-08-11 22:25:41,281 [ERROR] LogOutputStream:75 - [STDERR_REDIRECT] 
2025-08-11 22:25:41,307 [ERROR] LogOutputStream:75 - [STDERR_REDIRECT] [Fatal Error] :1:1: Premature end of file.
2025-08-11 22:25:41,307 [ERROR] LogOutputStream:75 - [STDERR_REDIRECT] 
2025-08-11 22:25:41,331 [ERROR] LogOutputStream:75 - [STDERR_REDIRECT] [Fatal Error] :1:1: Premature end of file.
2025-08-11 22:25:41,331 [ERROR] LogOutputStream:75 - [STDERR_REDIRECT] 
2025-08-11 22:25:41,357 [ERROR] LogOutputStream:75 - [STDERR_REDIRECT] [Fatal Error] :1:1: Premature end of file.
2025-08-11 22:25:41,357 [ERROR] LogOutputStream:75 - [STDERR_REDIRECT] 
2025-08-11 22:25:41,383 [ERROR] LogOutputStream:75 - [STDERR_REDIRECT] [Fatal Error] :1:1: Premature end of file.
2025-08-11 22:25:41,383 [ERROR] LogOutputStream:75 - [STDERR_REDIRECT] 
2025-08-11 22:25:41,410 [ERROR] LogOutputStream:75 - [STDERR_REDIRECT] [Fatal Error] :1:1: Premature end of file.
2025-08-11 22:25:41,410 [ERROR] LogOutputStream:75 - [STDERR_REDIRECT] 
2025-08-11 22:25:41,436 [ERROR] LogOutputStream:75 - [STDERR_REDIRECT] [Fatal Error] :1:1: Premature end of file.
2025-08-11 22:25:41,436 [ERROR] LogOutputStream:75 - [STDERR_REDIRECT] 
2025-08-11 22:25:41,459 [ERROR] LogOutputStream:75 - [STDERR_REDIRECT] [Fatal Error] :1:1: Premature end of file.
2025-08-11 22:25:41,459 [ERROR] LogOutputStream:75 - [STDERR_REDIRECT] 
2025-08-11 22:25:41,481 [ERROR] LogOutputStream:75 - [STDERR_REDIRECT] [Fatal Error] :1:1: Premature end of file.
2025-08-11 22:25:41,481 [ERROR] LogOutputStream:75 - [STDERR_REDIRECT] 
2025-08-11 22:25:41,509 [ERROR] LogOutputStream:75 - [STDERR_REDIRECT] [Fatal Error] :1:1: Premature end of file.
2025-08-11 22:25:41,509 [ERROR] LogOutputStream:75 - [STDERR_REDIRECT] 
2025-08-11 22:25:41,532 [ERROR] LogOutputStream:75 - [STDERR_REDIRECT] [Fatal Error] :1:1: Premature end of file.
2025-08-11 22:25:41,532 [ERROR] LogOutputStream:75 - [STDERR_REDIRECT] 
2025-08-11 22:25:41,553 [ERROR] LogOutputStream:75 - [STDERR_REDIRECT] [Fatal Error] :1:1: Premature end of file.
2025-08-11 22:25:41,553 [ERROR] LogOutputStream:75 - [STDERR_REDIRECT] 
2025-08-11 22:25:41,573 [ERROR] LogOutputStream:75 - [STDERR_REDIRECT] [Fatal Error] :1:1: Premature end of file.
2025-08-11 22:25:41,573 [ERROR] LogOutputStream:75 - [STDERR_REDIRECT] 
2025-08-11 22:25:41,595 [ERROR] LogOutputStream:75 - [STDERR_REDIRECT] [Fatal Error] :1:1: Premature end of file.
2025-08-11 22:25:41,595 [ERROR] LogOutputStream:75 - [STDERR_REDIRECT] 
2025-08-11 22:25:41,618 [ERROR] LogOutputStream:75 - [STDERR_REDIRECT] [Fatal Error] :1:1: Premature end of file.
2025-08-11 22:25:41,618 [ERROR] LogOutputStream:75 - [STDERR_REDIRECT] 
2025-08-11 22:25:41,651 [ERROR] LogOutputStream:75 - [STDERR_REDIRECT] [Fatal Error] :1:1: Premature end of file.
2025-08-11 22:25:41,651 [ERROR] LogOutputStream:75 - [STDERR_REDIRECT] 
2025-08-11 22:25:41,652 [INFO] WebApp:194 - Connection lost
2025-08-11 22:25:41,685 [ERROR] LogOutputStream:75 - [STDERR_REDIRECT] [Fatal Error] :1:1: Premature end of file.
2025-08-11 22:25:41,685 [ERROR] LogOutputStream:75 - [STDERR_REDIRECT] 
2025-08-11 22:25:41,718 [ERROR] LogOutputStream:75 - [STDERR_REDIRECT] [Fatal Error] :1:1: Premature end of file.
2025-08-11 22:25:41,718 [ERROR] LogOutputStream:75 - [STDERR_REDIRECT] 
2025-08-11 22:25:41,743 [ERROR] LogOutputStream:75 - [STDERR_REDIRECT] [Fatal Error] :1:1: Premature end of file.
2025-08-11 22:25:41,743 [ERROR] LogOutputStream:75 - [STDERR_REDIRECT] 
2025-08-11 22:25:41,770 [ERROR] LogOutputStream:75 - [STDERR_REDIRECT] [Fatal Error] :1:1: Premature end of file.
2025-08-11 22:25:41,770 [ERROR] LogOutputStream:75 - [STDERR_REDIRECT] 
2025-08-11 22:25:41,795 [ERROR] LogOutputStream:75 - [STDERR_REDIRECT] [Fatal Error] :1:1: Premature end of file.
2025-08-11 22:25:41,796 [ERROR] LogOutputStream:75 - [STDERR_REDIRECT] 
2025-08-11 22:25:41,803 [INFO] WebApp:191 - Connection restablished
2025-08-11 22:25:41,821 [ERROR] LogOutputStream:75 - [STDERR_REDIRECT] [Fatal Error] :1:1: Premature end of file.
2025-08-11 22:25:41,822 [ERROR] LogOutputStream:75 - [STDERR_REDIRECT] 
2025-08-11 22:25:41,844 [ERROR] LogOutputStream:75 - [STDERR_REDIRECT] [Fatal Error] :1:1: Premature end of file.
2025-08-11 22:25:41,844 [ERROR] LogOutputStream:75 - [STDERR_REDIRECT] 
2025-08-11 22:25:41,870 [ERROR] LogOutputStream:75 - [STDERR_REDIRECT] [Fatal Error] :1:1: Premature end of file.
2025-08-11 22:25:41,870 [ERROR] LogOutputStream:75 - [STDERR_REDIRECT] 
2025-08-11 22:25:41,892 [ERROR] LogOutputStream:75 - [STDERR_REDIRECT] [Fatal Error] :1:1: Premature end of file.
2025-08-11 22:25:41,892 [ERROR] LogOutputStream:75 - [STDERR_REDIRECT] 
2025-08-11 22:25:41,930 [ERROR] LogOutputStream:75 - [STDERR_REDIRECT] [Fatal Error] :1:1: Premature end of file.
2025-08-11 22:25:41,931 [ERROR] LogOutputStream:75 - [STDERR_REDIRECT] 
2025-08-11 22:25:41,955 [ERROR] LogOutputStream:75 - [STDERR_REDIRECT] [Fatal Error] :1:1: Premature end of file.
2025-08-11 22:25:41,955 [ERROR] LogOutputStream:75 - [STDERR_REDIRECT] 
2025-08-11 22:25:41,980 [ERROR] LogOutputStream:75 - [STDERR_REDIRECT] [Fatal Error] :1:1: Premature end of file.
2025-08-11 22:25:41,980 [ERROR] LogOutputStream:75 - [STDERR_REDIRECT] 
2025-08-11 22:25:42,011 [ERROR] LogOutputStream:75 - [STDERR_REDIRECT] [Fatal Error] :1:1: Premature end of file.
2025-08-11 22:25:42,011 [ERROR] LogOutputStream:75 - [STDERR_REDIRECT] 
2025-08-11 22:25:42,039 [ERROR] LogOutputStream:75 - [STDERR_REDIRECT] [Fatal Error] :1:1: Premature end of file.
2025-08-11 22:25:42,039 [ERROR] LogOutputStream:75 - [STDERR_REDIRECT] 
2025-08-11 22:25:42,065 [ERROR] LogOutputStream:75 - [STDERR_REDIRECT] [Fatal Error] :1:1: Premature end of file.
2025-08-11 22:25:42,066 [ERROR] LogOutputStream:75 - [STDERR_REDIRECT] 
2025-08-11 22:25:42,091 [ERROR] LogOutputStream:75 - [STDERR_REDIRECT] [Fatal Error] :1:1: Premature end of file.
2025-08-11 22:25:42,091 [ERROR] LogOutputStream:75 - [STDERR_REDIRECT] 
2025-08-11 22:25:42,123 [ERROR] LogOutputStream:75 - [STDERR_REDIRECT] [Fatal Error] :1:1: Premature end of file.
2025-08-11 22:25:42,123 [ERROR] LogOutputStream:75 - [STDERR_REDIRECT] 
2025-08-11 22:25:42,147 [ERROR] LogOutputStream:75 - [STDERR_REDIRECT] [Fatal Error] :1:1: Premature end of file.
2025-08-11 22:25:42,147 [ERROR] LogOutputStream:75 - [STDERR_REDIRECT] 
2025-08-11 22:25:42,171 [ERROR] LogOutputStream:75 - [STDERR_REDIRECT] [Fatal Error] :1:1: Premature end of file.
2025-08-11 22:25:42,171 [ERROR] LogOutputStream:75 - [STDERR_REDIRECT] 
2025-08-11 22:25:42,194 [ERROR] LogOutputStream:75 - [STDERR_REDIRECT] [Fatal Error] :1:1: Premature end of file.
2025-08-11 22:25:42,194 [ERROR] LogOutputStream:75 - [STDERR_REDIRECT] 
2025-08-11 22:25:42,222 [ERROR] LogOutputStream:75 - [STDERR_REDIRECT] [Fatal Error] :1:1: Premature end of file.
2025-08-11 22:25:42,222 [ERROR] LogOutputStream:75 - [STDERR_REDIRECT] 
2025-08-11 22:25:42,244 [ERROR] LogOutputStream:75 - [STDERR_REDIRECT] [Fatal Error] :1:1: Premature end of file.
2025-08-11 22:25:42,244 [ERROR] LogOutputStream:75 - [STDERR_REDIRECT] 
2025-08-11 22:25:42,270 [ERROR] LogOutputStream:75 - [STDERR_REDIRECT] [Fatal Error] :1:1: Premature end of file.
2025-08-11 22:25:42,271 [ERROR] LogOutputStream:75 - [STDERR_REDIRECT] 
2025-08-11 22:25:42,293 [ERROR] LogOutputStream:75 - [STDERR_REDIRECT] [Fatal Error] :1:1: Premature end of file.
2025-08-11 22:25:42,293 [ERROR] LogOutputStream:75 - [STDERR_REDIRECT] 
2025-08-11 22:25:42,316 [ERROR] LogOutputStream:75 - [STDERR_REDIRECT] [Fatal Error] :1:1: Premature end of file.
2025-08-11 22:25:42,316 [ERROR] LogOutputStream:75 - [STDERR_REDIRECT] 
2025-08-11 22:25:42,341 [ERROR] LogOutputStream:75 - [STDERR_REDIRECT] [Fatal Error] :1:1: Premature end of file.
2025-08-11 22:25:42,341 [ERROR] LogOutputStream:75 - [STDERR_REDIRECT] 
2025-08-11 22:25:42,362 [ERROR] LogOutputStream:75 - [STDERR_REDIRECT] [Fatal Error] :1:1: Premature end of file.
2025-08-11 22:25:42,362 [ERROR] LogOutputStream:75 - [STDERR_REDIRECT] 
2025-08-11 22:25:42,385 [ERROR] LogOutputStream:75 - [STDERR_REDIRECT] [Fatal Error] :1:1: Premature end of file.
2025-08-11 22:25:42,385 [ERROR] LogOutputStream:75 - [STDERR_REDIRECT] 
2025-08-11 22:25:42,410 [ERROR] LogOutputStream:75 - [STDERR_REDIRECT] [Fatal Error] :1:1: Premature end of file.
2025-08-11 22:25:42,410 [ERROR] LogOutputStream:75 - [STDERR_REDIRECT] 
2025-08-11 22:25:42,439 [ERROR] LogOutputStream:75 - [STDERR_REDIRECT] [Fatal Error] :1:1: Premature end of file.
2025-08-11 22:25:42,439 [ERROR] LogOutputStream:75 - [STDERR_REDIRECT] 
2025-08-11 22:25:42,462 [ERROR] LogOutputStream:75 - [STDERR_REDIRECT] [Fatal Error] :1:1: Premature end of file.
2025-08-11 22:25:42,462 [ERROR] LogOutputStream:75 - [STDERR_REDIRECT] 
2025-08-11 22:25:42,489 [ERROR] LogOutputStream:75 - [STDERR_REDIRECT] [Fatal Error] :1:1: Premature end of file.
2025-08-11 22:25:42,489 [ERROR] LogOutputStream:75 - [STDERR_REDIRECT] 
2025-08-11 22:25:42,512 [ERROR] LogOutputStream:75 - [STDERR_REDIRECT] [Fatal Error] :1:1: Premature end of file.
2025-08-11 22:25:42,512 [ERROR] LogOutputStream:75 - [STDERR_REDIRECT] 
2025-08-11 22:25:42,543 [ERROR] LogOutputStream:75 - [STDERR_REDIRECT] [Fatal Error] :1:1: Premature end of file.
2025-08-11 22:25:42,543 [ERROR] LogOutputStream:75 - [STDERR_REDIRECT] 
2025-08-11 22:25:42,564 [ERROR] LogOutputStream:75 - [STDERR_REDIRECT] [Fatal Error] :1:1: Premature end of file.
2025-08-11 22:25:42,564 [ERROR] LogOutputStream:75 - [STDERR_REDIRECT] 
2025-08-11 22:25:42,587 [ERROR] LogOutputStream:75 - [STDERR_REDIRECT] [Fatal Error] :1:1: Premature end of file.
2025-08-11 22:25:42,588 [ERROR] LogOutputStream:75 - [STDERR_REDIRECT] 
2025-08-11 22:25:42,611 [ERROR] LogOutputStream:75 - [STDERR_REDIRECT] [Fatal Error] :1:1: Premature end of file.
2025-08-11 22:25:42,611 [ERROR] LogOutputStream:75 - [STDERR_REDIRECT] 
2025-08-11 22:25:42,638 [ERROR] LogOutputStream:75 - [STDERR_REDIRECT] [Fatal Error] :1:1: Premature end of file.
2025-08-11 22:25:42,638 [ERROR] LogOutputStream:75 - [STDERR_REDIRECT] 
2025-08-11 22:25:42,762 [ERROR] LogOutputStream:75 - [STDERR_REDIRECT] [Fatal Error] :1:1: Premature end of file.
2025-08-11 22:25:42,762 [ERROR] LogOutputStream:75 - [STDERR_REDIRECT] 
2025-08-11 22:25:42,805 [ERROR] LogOutputStream:75 - [STDERR_REDIRECT] [Fatal Error] :1:1: Premature end of file.
2025-08-11 22:25:42,805 [ERROR] LogOutputStream:75 - [STDERR_REDIRECT] 
2025-08-11 22:25:42,842 [ERROR] LogOutputStream:75 - [STDERR_REDIRECT] [Fatal Error] :1:1: Premature end of file.
2025-08-11 22:25:42,843 [ERROR] LogOutputStream:75 - [STDERR_REDIRECT] 
2025-08-11 22:25:42,878 [ERROR] LogOutputStream:75 - [STDERR_REDIRECT] [Fatal Error] :1:1: Premature end of file.
2025-08-11 22:25:42,878 [ERROR] LogOutputStream:75 - [STDERR_REDIRECT] 
2025-08-11 22:25:42,909 [ERROR] LogOutputStream:75 - [STDERR_REDIRECT] [Fatal Error] :1:1: Premature end of file.
2025-08-11 22:25:42,909 [ERROR] LogOutputStream:75 - [STDERR_REDIRECT] 
2025-08-11 22:25:42,937 [ERROR] LogOutputStream:75 - [STDERR_REDIRECT] [Fatal Error] :1:1: Premature end of file.
2025-08-11 22:25:42,937 [ERROR] LogOutputStream:75 - [STDERR_REDIRECT] 
2025-08-11 22:25:42,967 [ERROR] LogOutputStream:75 - [STDERR_REDIRECT] [Fatal Error] :1:1: Premature end of file.
2025-08-11 22:25:42,967 [ERROR] LogOutputStream:75 - [STDERR_REDIRECT] 
2025-08-11 22:25:43,002 [ERROR] LogOutputStream:75 - [STDERR_REDIRECT] [Fatal Error] :1:1: Premature end of file.
2025-08-11 22:25:43,003 [ERROR] LogOutputStream:75 - [STDERR_REDIRECT] 
2025-08-11 22:25:43,038 [ERROR] LogOutputStream:75 - [STDERR_REDIRECT] [Fatal Error] :1:1: Premature end of file.
2025-08-11 22:25:43,040 [ERROR] LogOutputStream:75 - [STDERR_REDIRECT] 
2025-08-11 22:25:43,080 [ERROR] LogOutputStream:75 - [STDERR_REDIRECT] [Fatal Error] :1:1: Premature end of file.
2025-08-11 22:25:43,080 [ERROR] LogOutputStream:75 - [STDERR_REDIRECT] 
2025-08-11 22:25:43,119 [ERROR] LogOutputStream:75 - [STDERR_REDIRECT] [Fatal Error] :1:1: Premature end of file.
2025-08-11 22:25:43,119 [ERROR] LogOutputStream:75 - [STDERR_REDIRECT] 
2025-08-11 22:25:43,164 [ERROR] LogOutputStream:75 - [STDERR_REDIRECT] [Fatal Error] :1:1: Premature end of file.
2025-08-11 22:25:43,164 [ERROR] LogOutputStream:75 - [STDERR_REDIRECT] 
2025-08-11 22:25:43,199 [ERROR] LogOutputStream:75 - [STDERR_REDIRECT] [Fatal Error] :1:1: Premature end of file.
2025-08-11 22:25:43,199 [ERROR] LogOutputStream:75 - [STDERR_REDIRECT] 
2025-08-11 22:25:43,234 [ERROR] LogOutputStream:75 - [STDERR_REDIRECT] [Fatal Error] :1:1: Premature end of file.
2025-08-11 22:25:43,234 [ERROR] LogOutputStream:75 - [STDERR_REDIRECT] 
2025-08-11 22:25:43,264 [ERROR] LogOutputStream:75 - [STDERR_REDIRECT] [Fatal Error] :1:1: Premature end of file.
2025-08-11 22:25:43,264 [ERROR] LogOutputStream:75 - [STDERR_REDIRECT] 
2025-08-11 22:25:43,292 [ERROR] LogOutputStream:75 - [STDERR_REDIRECT] [Fatal Error] :1:1: Premature end of file.
2025-08-11 22:25:43,292 [ERROR] LogOutputStream:75 - [STDERR_REDIRECT] 
2025-08-11 22:25:43,323 [ERROR] LogOutputStream:75 - [STDERR_REDIRECT] [Fatal Error] :1:1: Premature end of file.
2025-08-11 22:25:43,323 [ERROR] LogOutputStream:75 - [STDERR_REDIRECT] 
2025-08-11 22:25:43,350 [ERROR] LogOutputStream:75 - [STDERR_REDIRECT] [Fatal Error] :1:1: Premature end of file.
2025-08-11 22:25:43,350 [ERROR] LogOutputStream:75 - [STDERR_REDIRECT] 
2025-08-11 22:25:43,375 [ERROR] LogOutputStream:75 - [STDERR_REDIRECT] [Fatal Error] :1:1: Premature end of file.
2025-08-11 22:25:43,376 [ERROR] LogOutputStream:75 - [STDERR_REDIRECT] 
2025-08-11 22:25:43,401 [ERROR] LogOutputStream:75 - [STDERR_REDIRECT] [Fatal Error] :1:1: Premature end of file.
2025-08-11 22:25:43,401 [ERROR] LogOutputStream:75 - [STDERR_REDIRECT] 
2025-08-11 22:25:43,428 [ERROR] LogOutputStream:75 - [STDERR_REDIRECT] [Fatal Error] :1:1: Premature end of file.
2025-08-11 22:25:43,428 [ERROR] LogOutputStream:75 - [STDERR_REDIRECT] 
2025-08-11 22:25:43,451 [ERROR] LogOutputStream:75 - [STDERR_REDIRECT] [Fatal Error] :1:1: Premature end of file.
2025-08-11 22:25:43,451 [ERROR] LogOutputStream:75 - [STDERR_REDIRECT] 
2025-08-11 22:25:43,475 [ERROR] LogOutputStream:75 - [STDERR_REDIRECT] [Fatal Error] :1:1: Premature end of file.
2025-08-11 22:25:43,475 [ERROR] LogOutputStream:75 - [STDERR_REDIRECT] 
2025-08-11 22:25:43,496 [ERROR] LogOutputStream:75 - [STDERR_REDIRECT] [Fatal Error] :1:1: Premature end of file.
2025-08-11 22:25:43,496 [ERROR] LogOutputStream:75 - [STDERR_REDIRECT] 
2025-08-11 22:25:43,519 [ERROR] LogOutputStream:75 - [STDERR_REDIRECT] [Fatal Error] :1:1: Premature end of file.
2025-08-11 22:25:43,519 [ERROR] LogOutputStream:75 - [STDERR_REDIRECT] 
2025-08-11 22:25:43,543 [ERROR] LogOutputStream:75 - [STDERR_REDIRECT] [Fatal Error] :1:1: Premature end of file.
2025-08-11 22:25:43,543 [ERROR] LogOutputStream:75 - [STDERR_REDIRECT] 
2025-08-11 22:25:43,564 [ERROR] LogOutputStream:75 - [STDERR_REDIRECT] [Fatal Error] :1:1: Premature end of file.
2025-08-11 22:25:43,564 [ERROR] LogOutputStream:75 - [STDERR_REDIRECT] 
2025-08-11 22:25:43,590 [ERROR] LogOutputStream:75 - [STDERR_REDIRECT] [Fatal Error] :1:1: Premature end of file.
2025-08-11 22:25:43,590 [ERROR] LogOutputStream:75 - [STDERR_REDIRECT] 
2025-08-11 22:25:43,612 [ERROR] LogOutputStream:75 - [STDERR_REDIRECT] [Fatal Error] :1:1: Premature end of file.
2025-08-11 22:25:43,612 [ERROR] LogOutputStream:75 - [STDERR_REDIRECT] 
2025-08-11 22:25:43,636 [ERROR] LogOutputStream:75 - [STDERR_REDIRECT] [Fatal Error] :1:1: Premature end of file.
2025-08-11 22:25:43,637 [ERROR] LogOutputStream:75 - [STDERR_REDIRECT] 
2025-08-11 22:25:43,660 [ERROR] LogOutputStream:75 - [STDERR_REDIRECT] [Fatal Error] :1:1: Premature end of file.
2025-08-11 22:25:43,660 [ERROR] LogOutputStream:75 - [STDERR_REDIRECT] 
2025-08-11 22:25:43,685 [ERROR] LogOutputStream:75 - [STDERR_REDIRECT] [Fatal Error] :1:1: Premature end of file.
2025-08-11 22:25:43,685 [ERROR] LogOutputStream:75 - [STDERR_REDIRECT] 
2025-08-11 22:25:43,708 [ERROR] LogOutputStream:75 - [STDERR_REDIRECT] [Fatal Error] :1:1: Premature end of file.
2025-08-11 22:25:43,708 [ERROR] LogOutputStream:75 - [STDERR_REDIRECT] 
2025-08-11 22:25:43,731 [ERROR] LogOutputStream:75 - [STDERR_REDIRECT] [Fatal Error] :1:1: Premature end of file.
2025-08-11 22:25:43,731 [ERROR] LogOutputStream:75 - [STDERR_REDIRECT] 
2025-08-11 22:25:43,754 [ERROR] LogOutputStream:75 - [STDERR_REDIRECT] [Fatal Error] :1:1: Premature end of file.
2025-08-11 22:25:43,754 [ERROR] LogOutputStream:75 - [STDERR_REDIRECT] 
2025-08-11 22:25:43,779 [ERROR] LogOutputStream:75 - [STDERR_REDIRECT] [Fatal Error] :1:1: Premature end of file.
2025-08-11 22:25:43,779 [ERROR] LogOutputStream:75 - [STDERR_REDIRECT] 
2025-08-11 22:25:43,802 [ERROR] LogOutputStream:75 - [STDERR_REDIRECT] [Fatal Error] :1:1: Premature end of file.
2025-08-11 22:25:43,802 [ERROR] LogOutputStream:75 - [STDERR_REDIRECT] 
2025-08-11 22:25:43,825 [ERROR] LogOutputStream:75 - [STDERR_REDIRECT] [Fatal Error] :1:1: Premature end of file.
2025-08-11 22:25:43,826 [ERROR] LogOutputStream:75 - [STDERR_REDIRECT] 
2025-08-11 22:25:43,849 [ERROR] LogOutputStream:75 - [STDERR_REDIRECT] [Fatal Error] :1:1: Premature end of file.
2025-08-11 22:25:43,849 [ERROR] LogOutputStream:75 - [STDERR_REDIRECT] 
2025-08-11 22:25:43,875 [ERROR] LogOutputStream:75 - [STDERR_REDIRECT] [Fatal Error] :1:1: Premature end of file.
2025-08-11 22:25:43,875 [ERROR] LogOutputStream:75 - [STDERR_REDIRECT] 
2025-08-11 22:25:43,902 [ERROR] LogOutputStream:75 - [STDERR_REDIRECT] [Fatal Error] :1:1: Premature end of file.
2025-08-11 22:25:43,902 [ERROR] LogOutputStream:75 - [STDERR_REDIRECT] 
2025-08-11 22:25:43,927 [ERROR] LogOutputStream:75 - [STDERR_REDIRECT] [Fatal Error] :1:1: Premature end of file.
2025-08-11 22:25:43,927 [ERROR] LogOutputStream:75 - [STDERR_REDIRECT] 
2025-08-11 22:25:43,951 [ERROR] LogOutputStream:75 - [STDERR_REDIRECT] [Fatal Error] :1:1: Premature end of file.
2025-08-11 22:25:43,952 [ERROR] LogOutputStream:75 - [STDERR_REDIRECT] 
2025-08-11 22:25:43,975 [ERROR] LogOutputStream:75 - [STDERR_REDIRECT] [Fatal Error] :1:1: Premature end of file.
2025-08-11 22:25:43,975 [ERROR] LogOutputStream:75 - [STDERR_REDIRECT] 
2025-08-11 22:25:43,997 [ERROR] LogOutputStream:75 - [STDERR_REDIRECT] [Fatal Error] :1:1: Premature end of file.
2025-08-11 22:25:43,997 [ERROR] LogOutputStream:75 - [STDERR_REDIRECT] 
2025-08-11 22:25:44,019 [ERROR] LogOutputStream:75 - [STDERR_REDIRECT] [Fatal Error] :1:1: Premature end of file.
2025-08-11 22:25:44,019 [ERROR] LogOutputStream:75 - [STDERR_REDIRECT] 
2025-08-11 22:25:44,040 [ERROR] LogOutputStream:75 - [STDERR_REDIRECT] [Fatal Error] :1:1: Premature end of file.
2025-08-11 22:25:44,040 [ERROR] LogOutputStream:75 - [STDERR_REDIRECT] 
2025-08-11 22:25:44,061 [ERROR] LogOutputStream:75 - [STDERR_REDIRECT] [Fatal Error] :1:1: Premature end of file.
2025-08-11 22:25:44,061 [ERROR] LogOutputStream:75 - [STDERR_REDIRECT] 
2025-08-11 22:25:44,083 [ERROR] LogOutputStream:75 - [STDERR_REDIRECT] [Fatal Error] :1:1: Premature end of file.
2025-08-11 22:25:44,083 [ERROR] LogOutputStream:75 - [STDERR_REDIRECT] 
2025-08-11 22:25:44,104 [ERROR] LogOutputStream:75 - [STDERR_REDIRECT] [Fatal Error] :1:1: Premature end of file.
2025-08-11 22:25:44,104 [ERROR] LogOutputStream:75 - [STDERR_REDIRECT] 
2025-08-11 22:25:44,127 [ERROR] LogOutputStream:75 - [STDERR_REDIRECT] [Fatal Error] :1:1: Premature end of file.
2025-08-11 22:25:44,127 [ERROR] LogOutputStream:75 - [STDERR_REDIRECT] 
2025-08-11 22:25:44,149 [ERROR] LogOutputStream:75 - [STDERR_REDIRECT] [Fatal Error] :1:1: Premature end of file.
2025-08-11 22:25:44,149 [ERROR] LogOutputStream:75 - [STDERR_REDIRECT] 
2025-08-11 22:25:44,172 [ERROR] LogOutputStream:75 - [STDERR_REDIRECT] [Fatal Error] :1:1: Premature end of file.
2025-08-11 22:25:44,172 [ERROR] LogOutputStream:75 - [STDERR_REDIRECT] 
2025-08-11 22:25:44,194 [ERROR] LogOutputStream:75 - [STDERR_REDIRECT] [Fatal Error] :1:1: Premature end of file.
2025-08-11 22:25:44,194 [ERROR] LogOutputStream:75 - [STDERR_REDIRECT] 
2025-08-11 22:25:44,216 [ERROR] LogOutputStream:75 - [STDERR_REDIRECT] [Fatal Error] :1:1: Premature end of file.
2025-08-11 22:25:44,216 [ERROR] LogOutputStream:75 - [STDERR_REDIRECT] 
2025-08-11 22:25:44,238 [ERROR] LogOutputStream:75 - [STDERR_REDIRECT] [Fatal Error] :1:1: Premature end of file.
2025-08-11 22:25:44,238 [ERROR] LogOutputStream:75 - [STDERR_REDIRECT] 
2025-08-11 22:25:44,259 [ERROR] LogOutputStream:75 - [STDERR_REDIRECT] [Fatal Error] :1:1: Premature end of file.
2025-08-11 22:25:44,259 [ERROR] LogOutputStream:75 - [STDERR_REDIRECT] 
2025-08-11 22:25:44,279 [ERROR] LogOutputStream:75 - [STDERR_REDIRECT] [Fatal Error] :1:1: Premature end of file.
2025-08-11 22:25:44,279 [ERROR] LogOutputStream:75 - [STDERR_REDIRECT] 
2025-08-11 22:25:44,302 [ERROR] LogOutputStream:75 - [STDERR_REDIRECT] [Fatal Error] :1:1: Premature end of file.
2025-08-11 22:25:44,302 [ERROR] LogOutputStream:75 - [STDERR_REDIRECT] 
2025-08-11 22:25:44,323 [ERROR] LogOutputStream:75 - [STDERR_REDIRECT] [Fatal Error] :1:1: Premature end of file.
2025-08-11 22:25:44,323 [ERROR] LogOutputStream:75 - [STDERR_REDIRECT] 
2025-08-11 22:25:44,345 [ERROR] LogOutputStream:75 - [STDERR_REDIRECT] [Fatal Error] :1:1: Premature end of file.
2025-08-11 22:25:44,345 [ERROR] LogOutputStream:75 - [STDERR_REDIRECT] 
2025-08-11 22:25:44,367 [ERROR] LogOutputStream:75 - [STDERR_REDIRECT] [Fatal Error] :1:1: Premature end of file.
2025-08-11 22:25:44,367 [ERROR] LogOutputStream:75 - [STDERR_REDIRECT] 
2025-08-11 22:25:44,388 [ERROR] LogOutputStream:75 - [STDERR_REDIRECT] [Fatal Error] :1:1: Premature end of file.
2025-08-11 22:25:44,388 [ERROR] LogOutputStream:75 - [STDERR_REDIRECT] 
2025-08-11 22:25:44,408 [ERROR] LogOutputStream:75 - [STDERR_REDIRECT] [Fatal Error] :1:1: Premature end of file.
2025-08-11 22:25:44,408 [ERROR] LogOutputStream:75 - [STDERR_REDIRECT] 
2025-08-11 22:25:44,431 [ERROR] LogOutputStream:75 - [STDERR_REDIRECT] [Fatal Error] :1:1: Premature end of file.
2025-08-11 22:25:44,432 [ERROR] LogOutputStream:75 - [STDERR_REDIRECT] 
2025-08-11 22:25:44,463 [ERROR] LogOutputStream:75 - [STDERR_REDIRECT] [Fatal Error] :1:1: Premature end of file.
2025-08-11 22:25:44,463 [ERROR] LogOutputStream:75 - [STDERR_REDIRECT] 
2025-08-11 22:25:44,484 [ERROR] LogOutputStream:75 - [STDERR_REDIRECT] [Fatal Error] :1:1: Premature end of file.
2025-08-11 22:25:44,484 [ERROR] LogOutputStream:75 - [STDERR_REDIRECT] 
2025-08-11 22:25:44,507 [ERROR] LogOutputStream:75 - [STDERR_REDIRECT] [Fatal Error] :1:1: Premature end of file.
2025-08-11 22:25:44,507 [ERROR] LogOutputStream:75 - [STDERR_REDIRECT] 
2025-08-11 22:25:44,527 [ERROR] LogOutputStream:75 - [STDERR_REDIRECT] [Fatal Error] :1:1: Premature end of file.
2025-08-11 22:25:44,528 [ERROR] LogOutputStream:75 - [STDERR_REDIRECT] 
2025-08-11 22:25:44,549 [ERROR] LogOutputStream:75 - [STDERR_REDIRECT] [Fatal Error] :1:1: Premature end of file.
2025-08-11 22:25:44,550 [ERROR] LogOutputStream:75 - [STDERR_REDIRECT] 
2025-08-11 22:25:44,570 [ERROR] LogOutputStream:75 - [STDERR_REDIRECT] [Fatal Error] :1:1: Premature end of file.
2025-08-11 22:25:44,570 [ERROR] LogOutputStream:75 - [STDERR_REDIRECT] 
2025-08-11 22:25:44,590 [ERROR] LogOutputStream:75 - [STDERR_REDIRECT] [Fatal Error] :1:1: Premature end of file.
2025-08-11 22:25:44,590 [ERROR] LogOutputStream:75 - [STDERR_REDIRECT] 
2025-08-11 22:25:44,611 [ERROR] LogOutputStream:75 - [STDERR_REDIRECT] [Fatal Error] :1:1: Premature end of file.
2025-08-11 22:25:44,611 [ERROR] LogOutputStream:75 - [STDERR_REDIRECT] 
2025-08-11 22:25:44,633 [ERROR] LogOutputStream:75 - [STDERR_REDIRECT] [Fatal Error] :1:1: Premature end of file.
2025-08-11 22:25:44,633 [ERROR] LogOutputStream:75 - [STDERR_REDIRECT] 
2025-08-11 22:25:44,656 [ERROR] LogOutputStream:75 - [STDERR_REDIRECT] [Fatal Error] :1:1: Premature end of file.
2025-08-11 22:25:44,656 [ERROR] LogOutputStream:75 - [STDERR_REDIRECT] 
2025-08-11 22:25:44,679 [ERROR] LogOutputStream:75 - [STDERR_REDIRECT] [Fatal Error] :1:1: Premature end of file.
2025-08-11 22:25:44,679 [ERROR] LogOutputStream:75 - [STDERR_REDIRECT] 
2025-08-11 22:25:44,702 [ERROR] LogOutputStream:75 - [STDERR_REDIRECT] [Fatal Error] :1:1: Premature end of file.
2025-08-11 22:25:44,702 [ERROR] LogOutputStream:75 - [STDERR_REDIRECT] 
2025-08-11 22:25:44,725 [ERROR] LogOutputStream:75 - [STDERR_REDIRECT] [Fatal Error] :1:1: Premature end of file.
2025-08-11 22:25:44,725 [ERROR] LogOutputStream:75 - [STDERR_REDIRECT] 
2025-08-11 22:25:44,747 [ERROR] LogOutputStream:75 - [STDERR_REDIRECT] [Fatal Error] :1:1: Premature end of file.
2025-08-11 22:25:44,747 [ERROR] LogOutputStream:75 - [STDERR_REDIRECT] 
2025-08-11 22:25:44,772 [ERROR] LogOutputStream:75 - [STDERR_REDIRECT] [Fatal Error] :1:1: Premature end of file.
2025-08-11 22:25:44,772 [ERROR] LogOutputStream:75 - [STDERR_REDIRECT] 
2025-08-11 22:25:44,800 [ERROR] LogOutputStream:75 - [STDERR_REDIRECT] [Fatal Error] :1:1: Premature end of file.
2025-08-11 22:25:44,801 [ERROR] LogOutputStream:75 - [STDERR_REDIRECT] 
2025-08-11 22:25:44,825 [ERROR] LogOutputStream:75 - [STDERR_REDIRECT] [Fatal Error] :1:1: Premature end of file.
2025-08-11 22:25:44,825 [ERROR] LogOutputStream:75 - [STDERR_REDIRECT] 
2025-08-11 22:25:44,851 [ERROR] LogOutputStream:75 - [STDERR_REDIRECT] [Fatal Error] :1:1: Premature end of file.
2025-08-11 22:25:44,851 [ERROR] LogOutputStream:75 - [STDERR_REDIRECT] 
2025-08-11 22:25:44,875 [ERROR] LogOutputStream:75 - [STDERR_REDIRECT] [Fatal Error] :1:1: Premature end of file.
2025-08-11 22:25:44,875 [ERROR] LogOutputStream:75 - [STDERR_REDIRECT] 
2025-08-11 22:25:44,898 [ERROR] LogOutputStream:75 - [STDERR_REDIRECT] [Fatal Error] :1:1: Premature end of file.
2025-08-11 22:25:44,898 [ERROR] LogOutputStream:75 - [STDERR_REDIRECT] 
2025-08-11 22:25:44,920 [ERROR] LogOutputStream:75 - [STDERR_REDIRECT] [Fatal Error] :1:1: Premature end of file.
2025-08-11 22:25:44,920 [ERROR] LogOutputStream:75 - [STDERR_REDIRECT] 
2025-08-11 22:25:44,941 [ERROR] LogOutputStream:75 - [STDERR_REDIRECT] [Fatal Error] :1:1: Premature end of file.
2025-08-11 22:25:44,941 [ERROR] LogOutputStream:75 - [STDERR_REDIRECT] 
2025-08-11 22:25:44,961 [ERROR] LogOutputStream:75 - [STDERR_REDIRECT] [Fatal Error] :1:1: Premature end of file.
2025-08-11 22:25:44,961 [ERROR] LogOutputStream:75 - [STDERR_REDIRECT] 
2025-08-11 22:25:44,982 [ERROR] LogOutputStream:75 - [STDERR_REDIRECT] [Fatal Error] :1:1: Premature end of file.
2025-08-11 22:25:44,982 [ERROR] LogOutputStream:75 - [STDERR_REDIRECT] 
2025-08-11 22:25:45,005 [ERROR] LogOutputStream:75 - [STDERR_REDIRECT] [Fatal Error] :1:1: Premature end of file.
2025-08-11 22:25:45,005 [ERROR] LogOutputStream:75 - [STDERR_REDIRECT] 
2025-08-11 22:25:45,027 [ERROR] LogOutputStream:75 - [STDERR_REDIRECT] [Fatal Error] :1:1: Premature end of file.
2025-08-11 22:25:45,027 [ERROR] LogOutputStream:75 - [STDERR_REDIRECT] 
2025-08-11 22:25:45,049 [ERROR] LogOutputStream:75 - [STDERR_REDIRECT] [Fatal Error] :1:1: Premature end of file.
2025-08-11 22:25:45,049 [ERROR] LogOutputStream:75 - [STDERR_REDIRECT] 
2025-08-11 22:25:45,071 [ERROR] LogOutputStream:75 - [STDERR_REDIRECT] [Fatal Error] :1:1: Premature end of file.
2025-08-11 22:25:45,071 [ERROR] LogOutputStream:75 - [STDERR_REDIRECT] 
2025-08-11 22:25:45,093 [ERROR] LogOutputStream:75 - [STDERR_REDIRECT] [Fatal Error] :1:1: Premature end of file.
2025-08-11 22:25:45,093 [ERROR] LogOutputStream:75 - [STDERR_REDIRECT] 
2025-08-11 22:25:45,117 [ERROR] LogOutputStream:75 - [STDERR_REDIRECT] [Fatal Error] :1:1: Premature end of file.
2025-08-11 22:25:45,117 [ERROR] LogOutputStream:75 - [STDERR_REDIRECT] 
2025-08-11 22:25:45,139 [ERROR] LogOutputStream:75 - [STDERR_REDIRECT] [Fatal Error] :1:1: Premature end of file.
2025-08-11 22:25:45,139 [ERROR] LogOutputStream:75 - [STDERR_REDIRECT] 
2025-08-11 22:25:45,162 [ERROR] LogOutputStream:75 - [STDERR_REDIRECT] [Fatal Error] :1:1: Premature end of file.
2025-08-11 22:25:45,162 [ERROR] LogOutputStream:75 - [STDERR_REDIRECT] 
2025-08-11 22:25:45,185 [ERROR] LogOutputStream:75 - [STDERR_REDIRECT] [Fatal Error] :1:1: Premature end of file.
2025-08-11 22:25:45,185 [ERROR] LogOutputStream:75 - [STDERR_REDIRECT] 
2025-08-11 22:25:45,207 [ERROR] LogOutputStream:75 - [STDERR_REDIRECT] [Fatal Error] :1:1: Premature end of file.
2025-08-11 22:25:45,207 [ERROR] LogOutputStream:75 - [STDERR_REDIRECT] 
2025-08-11 22:25:45,234 [ERROR] LogOutputStream:75 - [STDERR_REDIRECT] [Fatal Error] :1:1: Premature end of file.
2025-08-11 22:25:45,234 [ERROR] LogOutputStream:75 - [STDERR_REDIRECT] 
2025-08-11 22:25:45,256 [ERROR] LogOutputStream:75 - [STDERR_REDIRECT] [Fatal Error] :1:1: Premature end of file.
2025-08-11 22:25:45,256 [ERROR] LogOutputStream:75 - [STDERR_REDIRECT] 
2025-08-11 22:25:45,277 [ERROR] LogOutputStream:75 - [STDERR_REDIRECT] [Fatal Error] :1:1: Premature end of file.
2025-08-11 22:25:45,277 [ERROR] LogOutputStream:75 - [STDERR_REDIRECT] 
2025-08-11 22:25:45,300 [ERROR] LogOutputStream:75 - [STDERR_REDIRECT] [Fatal Error] :1:1: Premature end of file.
2025-08-11 22:25:45,300 [ERROR] LogOutputStream:75 - [STDERR_REDIRECT] 
2025-08-11 22:25:45,324 [ERROR] LogOutputStream:75 - [STDERR_REDIRECT] [Fatal Error] :1:1: Premature end of file.
2025-08-11 22:25:45,324 [ERROR] LogOutputStream:75 - [STDERR_REDIRECT] 
2025-08-11 22:25:45,345 [ERROR] LogOutputStream:75 - [STDERR_REDIRECT] [Fatal Error] :1:1: Premature end of file.
2025-08-11 22:25:45,345 [ERROR] LogOutputStream:75 - [STDERR_REDIRECT] 
2025-08-11 22:25:45,370 [ERROR] LogOutputStream:75 - [STDERR_REDIRECT] [Fatal Error] :1:1: Premature end of file.
2025-08-11 22:25:45,370 [ERROR] LogOutputStream:75 - [STDERR_REDIRECT] 
2025-08-11 22:25:45,390 [ERROR] LogOutputStream:75 - [STDERR_REDIRECT] [Fatal Error] :1:1: Premature end of file.
2025-08-11 22:25:45,390 [ERROR] LogOutputStream:75 - [STDERR_REDIRECT] 
2025-08-11 22:25:45,412 [ERROR] LogOutputStream:75 - [STDERR_REDIRECT] [Fatal Error] :1:1: Premature end of file.
2025-08-11 22:25:45,412 [ERROR] LogOutputStream:75 - [STDERR_REDIRECT] 
2025-08-11 22:25:45,434 [ERROR] LogOutputStream:75 - [STDERR_REDIRECT] [Fatal Error] :1:1: Premature end of file.
2025-08-11 22:25:45,434 [ERROR] LogOutputStream:75 - [STDERR_REDIRECT] 
2025-08-11 22:25:45,459 [ERROR] LogOutputStream:75 - [STDERR_REDIRECT] [Fatal Error] :1:1: Premature end of file.
2025-08-11 22:25:45,460 [ERROR] LogOutputStream:75 - [STDERR_REDIRECT] 
2025-08-11 22:25:45,482 [ERROR] LogOutputStream:75 - [STDERR_REDIRECT] [Fatal Error] :1:1: Premature end of file.
2025-08-11 22:25:45,482 [ERROR] LogOutputStream:75 - [STDERR_REDIRECT] 
2025-08-11 22:25:45,504 [ERROR] LogOutputStream:75 - [STDERR_REDIRECT] [Fatal Error] :1:1: Premature end of file.
2025-08-11 22:25:45,504 [ERROR] LogOutputStream:75 - [STDERR_REDIRECT] 
2025-08-11 22:25:45,525 [ERROR] LogOutputStream:75 - [STDERR_REDIRECT] [Fatal Error] :1:1: Premature end of file.
2025-08-11 22:25:45,525 [ERROR] LogOutputStream:75 - [STDERR_REDIRECT] 
2025-08-11 22:25:45,559 [ERROR] LogOutputStream:75 - [STDERR_REDIRECT] [Fatal Error] :1:1: Premature end of file.
2025-08-11 22:25:45,559 [ERROR] LogOutputStream:75 - [STDERR_REDIRECT] 
2025-08-11 22:25:45,581 [ERROR] LogOutputStream:75 - [STDERR_REDIRECT] [Fatal Error] :1:1: Premature end of file.
2025-08-11 22:25:45,581 [ERROR] LogOutputStream:75 - [STDERR_REDIRECT] 
2025-08-11 22:25:45,604 [ERROR] LogOutputStream:75 - [STDERR_REDIRECT] [Fatal Error] :1:1: Premature end of file.
2025-08-11 22:25:45,604 [ERROR] LogOutputStream:75 - [STDERR_REDIRECT] 
2025-08-11 22:25:45,627 [ERROR] LogOutputStream:75 - [STDERR_REDIRECT] [Fatal Error] :1:1: Premature end of file.
2025-08-11 22:25:45,627 [ERROR] LogOutputStream:75 - [STDERR_REDIRECT] 
2025-08-11 22:25:45,650 [ERROR] LogOutputStream:75 - [STDERR_REDIRECT] [Fatal Error] :1:1: Premature end of file.
2025-08-11 22:25:45,650 [ERROR] LogOutputStream:75 - [STDERR_REDIRECT] 
2025-08-11 22:25:45,673 [ERROR] LogOutputStream:75 - [STDERR_REDIRECT] [Fatal Error] :1:1: Premature end of file.
2025-08-11 22:25:45,673 [ERROR] LogOutputStream:75 - [STDERR_REDIRECT] 
2025-08-11 22:25:45,696 [ERROR] LogOutputStream:75 - [STDERR_REDIRECT] [Fatal Error] :1:1: Premature end of file.
2025-08-11 22:25:45,696 [ERROR] LogOutputStream:75 - [STDERR_REDIRECT] 
2025-08-11 22:25:45,717 [ERROR] LogOutputStream:75 - [STDERR_REDIRECT] [Fatal Error] :1:1: Premature end of file.
2025-08-11 22:25:45,717 [ERROR] LogOutputStream:75 - [STDERR_REDIRECT] 
2025-08-11 22:25:45,740 [ERROR] LogOutputStream:75 - [STDERR_REDIRECT] [Fatal Error] :1:1: Premature end of file.
2025-08-11 22:25:45,740 [ERROR] LogOutputStream:75 - [STDERR_REDIRECT] 
2025-08-11 22:25:45,763 [ERROR] LogOutputStream:75 - [STDERR_REDIRECT] [Fatal Error] :1:1: Premature end of file.
2025-08-11 22:25:45,763 [ERROR] LogOutputStream:75 - [STDERR_REDIRECT] 
2025-08-11 22:25:45,784 [ERROR] LogOutputStream:75 - [STDERR_REDIRECT] [Fatal Error] :1:1: Premature end of file.
2025-08-11 22:25:45,784 [ERROR] LogOutputStream:75 - [STDERR_REDIRECT] 
2025-08-11 22:25:45,806 [ERROR] LogOutputStream:75 - [STDERR_REDIRECT] [Fatal Error] :1:1: Premature end of file.
2025-08-11 22:25:45,806 [ERROR] LogOutputStream:75 - [STDERR_REDIRECT] 
2025-08-11 22:25:45,829 [ERROR] LogOutputStream:75 - [STDERR_REDIRECT] [Fatal Error] :1:1: Premature end of file.
2025-08-11 22:25:45,829 [ERROR] LogOutputStream:75 - [STDERR_REDIRECT] 
2025-08-11 22:25:45,849 [ERROR] LogOutputStream:75 - [STDERR_REDIRECT] [Fatal Error] :1:1: Premature end of file.
2025-08-11 22:25:45,849 [ERROR] LogOutputStream:75 - [STDERR_REDIRECT] 
2025-08-11 22:25:45,874 [ERROR] LogOutputStream:75 - [STDERR_REDIRECT] [Fatal Error] :1:1: Premature end of file.
2025-08-11 22:25:45,874 [ERROR] LogOutputStream:75 - [STDERR_REDIRECT] 
2025-08-11 22:25:45,895 [ERROR] LogOutputStream:75 - [STDERR_REDIRECT] [Fatal Error] :1:1: Premature end of file.
2025-08-11 22:25:45,895 [ERROR] LogOutputStream:75 - [STDERR_REDIRECT] 
2025-08-11 22:25:45,917 [ERROR] LogOutputStream:75 - [STDERR_REDIRECT] [Fatal Error] :1:1: Premature end of file.
2025-08-11 22:25:45,917 [ERROR] LogOutputStream:75 - [STDERR_REDIRECT] 
2025-08-11 22:25:45,941 [ERROR] LogOutputStream:75 - [STDERR_REDIRECT] [Fatal Error] :1:1: Premature end of file.
2025-08-11 22:25:45,941 [ERROR] LogOutputStream:75 - [STDERR_REDIRECT] 
2025-08-11 22:25:45,967 [ERROR] LogOutputStream:75 - [STDERR_REDIRECT] [Fatal Error] :1:1: Premature end of file.
2025-08-11 22:25:45,967 [ERROR] LogOutputStream:75 - [STDERR_REDIRECT] 
2025-08-11 22:25:45,994 [ERROR] LogOutputStream:75 - [STDERR_REDIRECT] [Fatal Error] :1:1: Premature end of file.
2025-08-11 22:25:45,994 [ERROR] LogOutputStream:75 - [STDERR_REDIRECT] 
2025-08-11 22:25:46,023 [ERROR] LogOutputStream:75 - [STDERR_REDIRECT] [Fatal Error] :1:1: Premature end of file.
2025-08-11 22:25:46,023 [ERROR] LogOutputStream:75 - [STDERR_REDIRECT] 
2025-08-11 22:25:46,051 [ERROR] LogOutputStream:75 - [STDERR_REDIRECT] [Fatal Error] :1:1: Premature end of file.
2025-08-11 22:25:46,051 [ERROR] LogOutputStream:75 - [STDERR_REDIRECT] 
2025-08-11 22:25:46,075 [ERROR] LogOutputStream:75 - [STDERR_REDIRECT] [Fatal Error] :1:1: Premature end of file.
2025-08-11 22:25:46,075 [ERROR] LogOutputStream:75 - [STDERR_REDIRECT] 
2025-08-11 22:25:46,103 [ERROR] LogOutputStream:75 - [STDERR_REDIRECT] [Fatal Error] :1:1: Premature end of file.
2025-08-11 22:25:46,103 [ERROR] LogOutputStream:75 - [STDERR_REDIRECT] 
2025-08-11 22:25:46,126 [ERROR] LogOutputStream:75 - [STDERR_REDIRECT] [Fatal Error] :1:1: Premature end of file.
2025-08-11 22:25:46,126 [ERROR] LogOutputStream:75 - [STDERR_REDIRECT] 
2025-08-11 22:25:46,150 [ERROR] LogOutputStream:75 - [STDERR_REDIRECT] [Fatal Error] :1:1: Premature end of file.
2025-08-11 22:25:46,150 [ERROR] LogOutputStream:75 - [STDERR_REDIRECT] 
2025-08-11 22:25:46,174 [ERROR] LogOutputStream:75 - [STDERR_REDIRECT] [Fatal Error] :1:1: Premature end of file.
2025-08-11 22:25:46,174 [ERROR] LogOutputStream:75 - [STDERR_REDIRECT] 
2025-08-11 22:25:46,196 [ERROR] LogOutputStream:75 - [STDERR_REDIRECT] [Fatal Error] :1:1: Premature end of file.
2025-08-11 22:25:46,197 [ERROR] LogOutputStream:75 - [STDERR_REDIRECT] 
2025-08-11 22:25:46,219 [ERROR] LogOutputStream:75 - [STDERR_REDIRECT] [Fatal Error] :1:1: Premature end of file.
2025-08-11 22:25:46,219 [ERROR] LogOutputStream:75 - [STDERR_REDIRECT] 
2025-08-11 22:25:46,242 [ERROR] LogOutputStream:75 - [STDERR_REDIRECT] [Fatal Error] :1:1: Premature end of file.
2025-08-11 22:25:46,242 [ERROR] LogOutputStream:75 - [STDERR_REDIRECT] 
2025-08-11 22:25:46,264 [ERROR] LogOutputStream:75 - [STDERR_REDIRECT] [Fatal Error] :1:1: Premature end of file.
2025-08-11 22:25:46,264 [ERROR] LogOutputStream:75 - [STDERR_REDIRECT] 
2025-08-11 22:25:46,288 [ERROR] LogOutputStream:75 - [STDERR_REDIRECT] [Fatal Error] :1:1: Premature end of file.
2025-08-11 22:25:46,288 [ERROR] LogOutputStream:75 - [STDERR_REDIRECT] 
2025-08-11 22:25:46,310 [ERROR] LogOutputStream:75 - [STDERR_REDIRECT] [Fatal Error] :1:1: Premature end of file.
2025-08-11 22:25:46,310 [ERROR] LogOutputStream:75 - [STDERR_REDIRECT] 
2025-08-11 22:25:46,334 [ERROR] LogOutputStream:75 - [STDERR_REDIRECT] [Fatal Error] :1:1: Premature end of file.
2025-08-11 22:25:46,334 [ERROR] LogOutputStream:75 - [STDERR_REDIRECT] 
2025-08-11 22:25:46,356 [ERROR] LogOutputStream:75 - [STDERR_REDIRECT] [Fatal Error] :1:1: Premature end of file.
2025-08-11 22:25:46,356 [ERROR] LogOutputStream:75 - [STDERR_REDIRECT] 
2025-08-11 22:25:46,379 [ERROR] LogOutputStream:75 - [STDERR_REDIRECT] [Fatal Error] :1:1: Premature end of file.
2025-08-11 22:25:46,379 [ERROR] LogOutputStream:75 - [STDERR_REDIRECT] 
2025-08-11 22:25:46,402 [ERROR] LogOutputStream:75 - [STDERR_REDIRECT] [Fatal Error] :1:1: Premature end of file.
2025-08-11 22:25:46,402 [ERROR] LogOutputStream:75 - [STDERR_REDIRECT] 
2025-08-11 22:25:46,423 [ERROR] LogOutputStream:75 - [STDERR_REDIRECT] [Fatal Error] :1:1: Premature end of file.
2025-08-11 22:25:46,424 [ERROR] LogOutputStream:75 - [STDERR_REDIRECT] 
2025-08-11 22:25:46,444 [ERROR] LogOutputStream:75 - [STDERR_REDIRECT] [Fatal Error] :1:1: Premature end of file.
2025-08-11 22:25:46,444 [ERROR] LogOutputStream:75 - [STDERR_REDIRECT] 
2025-08-11 22:25:46,466 [ERROR] LogOutputStream:75 - [STDERR_REDIRECT] [Fatal Error] :1:1: Premature end of file.
2025-08-11 22:25:46,466 [ERROR] LogOutputStream:75 - [STDERR_REDIRECT] 
2025-08-11 22:25:46,487 [ERROR] LogOutputStream:75 - [STDERR_REDIRECT] [Fatal Error] :1:1: Premature end of file.
2025-08-11 22:25:46,487 [ERROR] LogOutputStream:75 - [STDERR_REDIRECT] 
2025-08-11 22:25:46,508 [ERROR] LogOutputStream:75 - [STDERR_REDIRECT] [Fatal Error] :1:1: Premature end of file.
2025-08-11 22:25:46,508 [ERROR] LogOutputStream:75 - [STDERR_REDIRECT] 
2025-08-11 22:25:46,536 [ERROR] LogOutputStream:75 - [STDERR_REDIRECT] [Fatal Error] :1:1: Premature end of file.
2025-08-11 22:25:46,536 [ERROR] LogOutputStream:75 - [STDERR_REDIRECT] 
2025-08-11 22:25:46,561 [ERROR] LogOutputStream:75 - [STDERR_REDIRECT] [Fatal Error] :1:1: Premature end of file.
2025-08-11 22:25:46,561 [ERROR] LogOutputStream:75 - [STDERR_REDIRECT] 
2025-08-11 22:25:46,586 [ERROR] LogOutputStream:75 - [STDERR_REDIRECT] [Fatal Error] :1:1: Premature end of file.
2025-08-11 22:25:46,586 [ERROR] LogOutputStream:75 - [STDERR_REDIRECT] 
2025-08-11 22:25:46,613 [ERROR] LogOutputStream:75 - [STDERR_REDIRECT] [Fatal Error] :1:1: Premature end of file.
2025-08-11 22:25:46,613 [ERROR] LogOutputStream:75 - [STDERR_REDIRECT] 
2025-08-11 22:25:46,656 [ERROR] LogOutputStream:75 - [STDERR_REDIRECT] [Fatal Error] :1:1: Premature end of file.
2025-08-11 22:25:46,656 [ERROR] LogOutputStream:75 - [STDERR_REDIRECT] 
2025-08-11 22:25:46,681 [ERROR] LogOutputStream:75 - [STDERR_REDIRECT] [Fatal Error] :1:1: Premature end of file.
2025-08-11 22:25:46,681 [ERROR] LogOutputStream:75 - [STDERR_REDIRECT] 
2025-08-11 22:25:46,705 [ERROR] LogOutputStream:75 - [STDERR_REDIRECT] [Fatal Error] :1:1: Premature end of file.
2025-08-11 22:25:46,705 [ERROR] LogOutputStream:75 - [STDERR_REDIRECT] 
2025-08-11 22:25:46,736 [ERROR] LogOutputStream:75 - [STDERR_REDIRECT] [Fatal Error] :1:1: Premature end of file.
2025-08-11 22:25:46,736 [ERROR] LogOutputStream:75 - [STDERR_REDIRECT] 
2025-08-11 22:25:46,769 [ERROR] LogOutputStream:75 - [STDERR_REDIRECT] [Fatal Error] :1:1: Premature end of file.
2025-08-11 22:25:46,769 [ERROR] LogOutputStream:75 - [STDERR_REDIRECT] 
2025-08-11 22:25:46,797 [ERROR] LogOutputStream:75 - [STDERR_REDIRECT] [Fatal Error] :1:1: Premature end of file.
2025-08-11 22:25:46,797 [ERROR] LogOutputStream:75 - [STDERR_REDIRECT] 
2025-08-11 22:25:46,827 [ERROR] LogOutputStream:75 - [STDERR_REDIRECT] [Fatal Error] :1:1: Premature end of file.
2025-08-11 22:25:46,827 [ERROR] LogOutputStream:75 - [STDERR_REDIRECT] 
2025-08-11 22:25:46,859 [ERROR] LogOutputStream:75 - [STDERR_REDIRECT] [Fatal Error] :1:1: Premature end of file.
2025-08-11 22:25:46,859 [ERROR] LogOutputStream:75 - [STDERR_REDIRECT] 
2025-08-11 22:25:46,887 [ERROR] LogOutputStream:75 - [STDERR_REDIRECT] [Fatal Error] :1:1: Premature end of file.
2025-08-11 22:25:46,888 [ERROR] LogOutputStream:75 - [STDERR_REDIRECT] 
2025-08-11 22:25:46,917 [ERROR] LogOutputStream:75 - [STDERR_REDIRECT] [Fatal Error] :1:1: Premature end of file.
2025-08-11 22:25:46,917 [ERROR] LogOutputStream:75 - [STDERR_REDIRECT] 
2025-08-11 22:25:46,945 [ERROR] LogOutputStream:75 - [STDERR_REDIRECT] [Fatal Error] :1:1: Premature end of file.
2025-08-11 22:25:46,945 [ERROR] LogOutputStream:75 - [STDERR_REDIRECT] 
2025-08-11 22:25:46,974 [ERROR] LogOutputStream:75 - [STDERR_REDIRECT] [Fatal Error] :1:1: Premature end of file.
2025-08-11 22:25:46,974 [ERROR] LogOutputStream:75 - [STDERR_REDIRECT] 
2025-08-11 22:25:47,001 [ERROR] LogOutputStream:75 - [STDERR_REDIRECT] [Fatal Error] :1:1: Premature end of file.
2025-08-11 22:25:47,001 [ERROR] LogOutputStream:75 - [STDERR_REDIRECT] 
2025-08-11 22:25:47,026 [ERROR] LogOutputStream:75 - [STDERR_REDIRECT] [Fatal Error] :1:1: Premature end of file.
2025-08-11 22:25:47,026 [ERROR] LogOutputStream:75 - [STDERR_REDIRECT] 
2025-08-11 22:25:47,057 [ERROR] LogOutputStream:75 - [STDERR_REDIRECT] [Fatal Error] :1:1: Premature end of file.
2025-08-11 22:25:47,057 [ERROR] LogOutputStream:75 - [STDERR_REDIRECT] 
2025-08-11 22:25:47,089 [ERROR] LogOutputStream:75 - [STDERR_REDIRECT] [Fatal Error] :1:1: Premature end of file.
2025-08-11 22:25:47,089 [ERROR] LogOutputStream:75 - [STDERR_REDIRECT] 
2025-08-11 22:25:47,116 [ERROR] LogOutputStream:75 - [STDERR_REDIRECT] [Fatal Error] :1:1: Premature end of file.
2025-08-11 22:25:47,116 [ERROR] LogOutputStream:75 - [STDERR_REDIRECT] 
2025-08-11 22:25:47,191 [ERROR] LogOutputStream:75 - [STDERR_REDIRECT] [Fatal Error] :1:1: Premature end of file.
2025-08-11 22:25:47,191 [ERROR] LogOutputStream:75 - [STDERR_REDIRECT] 
2025-08-11 22:25:47,226 [ERROR] LogOutputStream:75 - [STDERR_REDIRECT] [Fatal Error] :1:1: Premature end of file.
2025-08-11 22:25:47,226 [ERROR] LogOutputStream:75 - [STDERR_REDIRECT] 
2025-08-11 22:25:47,251 [ERROR] LogOutputStream:75 - [STDERR_REDIRECT] [Fatal Error] :1:1: Premature end of file.
2025-08-11 22:25:47,251 [ERROR] LogOutputStream:75 - [STDERR_REDIRECT] 
2025-08-11 22:25:47,276 [ERROR] LogOutputStream:75 - [STDERR_REDIRECT] [Fatal Error] :1:1: Premature end of file.
2025-08-11 22:25:47,276 [ERROR] LogOutputStream:75 - [STDERR_REDIRECT] 
2025-08-11 22:25:47,300 [ERROR] LogOutputStream:75 - [STDERR_REDIRECT] [Fatal Error] :1:1: Premature end of file.
2025-08-11 22:25:47,300 [ERROR] LogOutputStream:75 - [STDERR_REDIRECT] 
2025-08-11 22:25:47,324 [ERROR] LogOutputStream:75 - [STDERR_REDIRECT] [Fatal Error] :1:1: Premature end of file.
2025-08-11 22:25:47,325 [ERROR] LogOutputStream:75 - [STDERR_REDIRECT] 
2025-08-11 22:25:47,345 [ERROR] LogOutputStream:75 - [STDERR_REDIRECT] [Fatal Error] :1:1: Premature end of file.
2025-08-11 22:25:47,345 [ERROR] LogOutputStream:75 - [STDERR_REDIRECT] 
2025-08-11 22:25:47,366 [ERROR] LogOutputStream:75 - [STDERR_REDIRECT] [Fatal Error] :1:1: Premature end of file.
2025-08-11 22:25:47,366 [ERROR] LogOutputStream:75 - [STDERR_REDIRECT] 
2025-08-11 22:25:47,387 [ERROR] LogOutputStream:75 - [STDERR_REDIRECT] [Fatal Error] :1:1: Premature end of file.
2025-08-11 22:25:47,387 [ERROR] LogOutputStream:75 - [STDERR_REDIRECT] 
2025-08-11 22:25:47,408 [ERROR] LogOutputStream:75 - [STDERR_REDIRECT] [Fatal Error] :1:1: Premature end of file.
2025-08-11 22:25:47,408 [ERROR] LogOutputStream:75 - [STDERR_REDIRECT] 
2025-08-11 22:25:47,430 [ERROR] LogOutputStream:75 - [STDERR_REDIRECT] [Fatal Error] :1:1: Premature end of file.
2025-08-11 22:25:47,430 [ERROR] LogOutputStream:75 - [STDERR_REDIRECT] 
2025-08-11 22:25:47,453 [ERROR] LogOutputStream:75 - [STDERR_REDIRECT] [Fatal Error] :1:1: Premature end of file.
2025-08-11 22:25:47,453 [ERROR] LogOutputStream:75 - [STDERR_REDIRECT] 
2025-08-11 22:25:47,477 [ERROR] LogOutputStream:75 - [STDERR_REDIRECT] [Fatal Error] :1:1: Premature end of file.
2025-08-11 22:25:47,477 [ERROR] LogOutputStream:75 - [STDERR_REDIRECT] 
2025-08-11 22:25:47,500 [ERROR] LogOutputStream:75 - [STDERR_REDIRECT] [Fatal Error] :1:1: Premature end of file.
2025-08-11 22:25:47,500 [ERROR] LogOutputStream:75 - [STDERR_REDIRECT] 
2025-08-11 22:25:47,523 [ERROR] LogOutputStream:75 - [STDERR_REDIRECT] [Fatal Error] :1:1: Premature end of file.
2025-08-11 22:25:47,524 [ERROR] LogOutputStream:75 - [STDERR_REDIRECT] 
2025-08-11 22:25:47,547 [ERROR] LogOutputStream:75 - [STDERR_REDIRECT] [Fatal Error] :1:1: Premature end of file.
2025-08-11 22:25:47,548 [ERROR] LogOutputStream:75 - [STDERR_REDIRECT] 
2025-08-11 22:25:47,572 [ERROR] LogOutputStream:75 - [STDERR_REDIRECT] [Fatal Error] :1:1: Premature end of file.
2025-08-11 22:25:47,572 [ERROR] LogOutputStream:75 - [STDERR_REDIRECT] 
2025-08-11 22:25:47,595 [ERROR] LogOutputStream:75 - [STDERR_REDIRECT] [Fatal Error] :1:1: Premature end of file.
2025-08-11 22:25:47,595 [ERROR] LogOutputStream:75 - [STDERR_REDIRECT] 
2025-08-11 22:25:47,617 [ERROR] LogOutputStream:75 - [STDERR_REDIRECT] [Fatal Error] :1:1: Premature end of file.
2025-08-11 22:25:47,617 [ERROR] LogOutputStream:75 - [STDERR_REDIRECT] 
2025-08-11 22:25:47,640 [ERROR] LogOutputStream:75 - [STDERR_REDIRECT] [Fatal Error] :1:1: Premature end of file.
2025-08-11 22:25:47,641 [ERROR] LogOutputStream:75 - [STDERR_REDIRECT] 
2025-08-11 22:25:47,662 [ERROR] LogOutputStream:75 - [STDERR_REDIRECT] [Fatal Error] :1:1: Premature end of file.
2025-08-11 22:25:47,662 [ERROR] LogOutputStream:75 - [STDERR_REDIRECT] 
2025-08-11 22:25:47,686 [ERROR] LogOutputStream:75 - [STDERR_REDIRECT] [Fatal Error] :1:1: Premature end of file.
2025-08-11 22:25:47,686 [ERROR] LogOutputStream:75 - [STDERR_REDIRECT] 
2025-08-11 22:25:47,708 [ERROR] LogOutputStream:75 - [STDERR_REDIRECT] [Fatal Error] :1:1: Premature end of file.
2025-08-11 22:25:47,708 [ERROR] LogOutputStream:75 - [STDERR_REDIRECT] 
2025-08-11 22:25:47,733 [ERROR] LogOutputStream:75 - [STDERR_REDIRECT] [Fatal Error] :1:1: Premature end of file.
2025-08-11 22:25:47,733 [ERROR] LogOutputStream:75 - [STDERR_REDIRECT] 
2025-08-11 22:25:47,756 [ERROR] LogOutputStream:75 - [STDERR_REDIRECT] [Fatal Error] :1:1: Premature end of file.
2025-08-11 22:25:47,756 [ERROR] LogOutputStream:75 - [STDERR_REDIRECT] 
2025-08-11 22:25:47,778 [ERROR] LogOutputStream:75 - [STDERR_REDIRECT] [Fatal Error] :1:1: Premature end of file.
2025-08-11 22:25:47,778 [ERROR] LogOutputStream:75 - [STDERR_REDIRECT] 
2025-08-11 22:25:47,802 [ERROR] LogOutputStream:75 - [STDERR_REDIRECT] [Fatal Error] :1:1: Premature end of file.
2025-08-11 22:25:47,802 [ERROR] LogOutputStream:75 - [STDERR_REDIRECT] 
2025-08-11 22:25:47,827 [ERROR] LogOutputStream:75 - [STDERR_REDIRECT] [Fatal Error] :1:1: Premature end of file.
2025-08-11 22:25:47,827 [ERROR] LogOutputStream:75 - [STDERR_REDIRECT] 
2025-08-11 22:25:47,853 [ERROR] LogOutputStream:75 - [STDERR_REDIRECT] [Fatal Error] :1:1: Premature end of file.
2025-08-11 22:25:47,853 [ERROR] LogOutputStream:75 - [STDERR_REDIRECT] 
2025-08-11 22:25:47,875 [ERROR] LogOutputStream:75 - [STDERR_REDIRECT] [Fatal Error] :1:1: Premature end of file.
2025-08-11 22:25:47,876 [ERROR] LogOutputStream:75 - [STDERR_REDIRECT] 
2025-08-11 22:25:47,898 [ERROR] LogOutputStream:75 - [STDERR_REDIRECT] [Fatal Error] :1:1: Premature end of file.
2025-08-11 22:25:47,899 [ERROR] LogOutputStream:75 - [STDERR_REDIRECT] 
2025-08-11 22:25:47,924 [ERROR] LogOutputStream:75 - [STDERR_REDIRECT] [Fatal Error] :1:1: Premature end of file.
2025-08-11 22:25:47,924 [ERROR] LogOutputStream:75 - [STDERR_REDIRECT] 
2025-08-11 22:25:47,948 [ERROR] LogOutputStream:75 - [STDERR_REDIRECT] [Fatal Error] :1:1: Premature end of file.
2025-08-11 22:25:47,948 [ERROR] LogOutputStream:75 - [STDERR_REDIRECT] 
2025-08-11 22:25:47,973 [ERROR] LogOutputStream:75 - [STDERR_REDIRECT] [Fatal Error] :1:1: Premature end of file.
2025-08-11 22:25:47,974 [ERROR] LogOutputStream:75 - [STDERR_REDIRECT] 
2025-08-11 22:25:47,996 [ERROR] LogOutputStream:75 - [STDERR_REDIRECT] [Fatal Error] :1:1: Premature end of file.
2025-08-11 22:25:47,996 [ERROR] LogOutputStream:75 - [STDERR_REDIRECT] 
2025-08-11 22:25:48,020 [ERROR] LogOutputStream:75 - [STDERR_REDIRECT] [Fatal Error] :1:1: Premature end of file.
2025-08-11 22:25:48,020 [ERROR] LogOutputStream:75 - [STDERR_REDIRECT] 
2025-08-11 22:25:48,044 [ERROR] LogOutputStream:75 - [STDERR_REDIRECT] [Fatal Error] :1:1: Premature end of file.
2025-08-11 22:25:48,044 [ERROR] LogOutputStream:75 - [STDERR_REDIRECT] 
2025-08-11 22:25:48,067 [ERROR] LogOutputStream:75 - [STDERR_REDIRECT] [Fatal Error] :1:1: Premature end of file.
2025-08-11 22:25:48,068 [ERROR] LogOutputStream:75 - [STDERR_REDIRECT] 
2025-08-11 22:25:48,090 [ERROR] LogOutputStream:75 - [STDERR_REDIRECT] [Fatal Error] :1:1: Premature end of file.
2025-08-11 22:25:48,091 [ERROR] LogOutputStream:75 - [STDERR_REDIRECT] 
2025-08-11 22:25:48,111 [ERROR] LogOutputStream:75 - [STDERR_REDIRECT] [Fatal Error] :1:1: Premature end of file.
2025-08-11 22:25:48,111 [ERROR] LogOutputStream:75 - [STDERR_REDIRECT] 
2025-08-11 22:25:48,134 [ERROR] LogOutputStream:75 - [STDERR_REDIRECT] [Fatal Error] :1:1: Premature end of file.
2025-08-11 22:25:48,134 [ERROR] LogOutputStream:75 - [STDERR_REDIRECT] 
2025-08-11 22:25:48,159 [ERROR] LogOutputStream:75 - [STDERR_REDIRECT] [Fatal Error] :1:1: Premature end of file.
2025-08-11 22:25:48,159 [ERROR] LogOutputStream:75 - [STDERR_REDIRECT] 
2025-08-11 22:25:48,185 [ERROR] LogOutputStream:75 - [STDERR_REDIRECT] [Fatal Error] :1:1: Premature end of file.
2025-08-11 22:25:48,185 [ERROR] LogOutputStream:75 - [STDERR_REDIRECT] 
2025-08-11 22:25:48,206 [ERROR] LogOutputStream:75 - [STDERR_REDIRECT] [Fatal Error] :1:1: Premature end of file.
2025-08-11 22:25:48,207 [ERROR] LogOutputStream:75 - [STDERR_REDIRECT] 
2025-08-11 22:25:48,231 [ERROR] LogOutputStream:75 - [STDERR_REDIRECT] [Fatal Error] :1:1: Premature end of file.
2025-08-11 22:25:48,231 [ERROR] LogOutputStream:75 - [STDERR_REDIRECT] 
2025-08-11 22:25:48,258 [ERROR] LogOutputStream:75 - [STDERR_REDIRECT] [Fatal Error] :1:1: Premature end of file.
2025-08-11 22:25:48,258 [ERROR] LogOutputStream:75 - [STDERR_REDIRECT] 
2025-08-11 22:25:48,281 [ERROR] LogOutputStream:75 - [STDERR_REDIRECT] [Fatal Error] :1:1: Premature end of file.
2025-08-11 22:25:48,281 [ERROR] LogOutputStream:75 - [STDERR_REDIRECT] 
2025-08-11 22:25:48,302 [ERROR] LogOutputStream:75 - [STDERR_REDIRECT] [Fatal Error] :1:1: Premature end of file.
2025-08-11 22:25:48,302 [ERROR] LogOutputStream:75 - [STDERR_REDIRECT] 
2025-08-11 22:25:48,323 [ERROR] LogOutputStream:75 - [STDERR_REDIRECT] [Fatal Error] :1:1: Premature end of file.
2025-08-11 22:25:48,323 [ERROR] LogOutputStream:75 - [STDERR_REDIRECT] 
2025-08-11 22:25:48,345 [ERROR] LogOutputStream:75 - [STDERR_REDIRECT] [Fatal Error] :1:1: Premature end of file.
2025-08-11 22:25:48,345 [ERROR] LogOutputStream:75 - [STDERR_REDIRECT] 
2025-08-11 22:25:48,367 [ERROR] LogOutputStream:75 - [STDERR_REDIRECT] [Fatal Error] :1:1: Premature end of file.
2025-08-11 22:25:48,367 [ERROR] LogOutputStream:75 - [STDERR_REDIRECT] 
2025-08-11 22:25:48,390 [ERROR] LogOutputStream:75 - [STDERR_REDIRECT] [Fatal Error] :1:1: Premature end of file.
2025-08-11 22:25:48,390 [ERROR] LogOutputStream:75 - [STDERR_REDIRECT] 
2025-08-11 22:25:48,412 [ERROR] LogOutputStream:75 - [STDERR_REDIRECT] [Fatal Error] :1:1: Premature end of file.
2025-08-11 22:25:48,412 [ERROR] LogOutputStream:75 - [STDERR_REDIRECT] 
2025-08-11 22:25:48,433 [ERROR] LogOutputStream:75 - [STDERR_REDIRECT] [Fatal Error] :1:1: Premature end of file.
2025-08-11 22:25:48,433 [ERROR] LogOutputStream:75 - [STDERR_REDIRECT] 
2025-08-11 22:25:48,454 [ERROR] LogOutputStream:75 - [STDERR_REDIRECT] [Fatal Error] :1:1: Premature end of file.
2025-08-11 22:25:48,454 [ERROR] LogOutputStream:75 - [STDERR_REDIRECT] 
2025-08-11 22:25:48,475 [ERROR] LogOutputStream:75 - [STDERR_REDIRECT] [Fatal Error] :1:1: Premature end of file.
2025-08-11 22:25:48,475 [ERROR] LogOutputStream:75 - [STDERR_REDIRECT] 
2025-08-11 22:25:48,497 [ERROR] LogOutputStream:75 - [STDERR_REDIRECT] [Fatal Error] :1:1: Premature end of file.
2025-08-11 22:25:48,497 [ERROR] LogOutputStream:75 - [STDERR_REDIRECT] 
2025-08-11 22:25:48,518 [ERROR] LogOutputStream:75 - [STDERR_REDIRECT] [Fatal Error] :1:1: Premature end of file.
2025-08-11 22:25:48,518 [ERROR] LogOutputStream:75 - [STDERR_REDIRECT] 
2025-08-11 22:25:48,539 [ERROR] LogOutputStream:75 - [STDERR_REDIRECT] [Fatal Error] :1:1: Premature end of file.
2025-08-11 22:25:48,539 [ERROR] LogOutputStream:75 - [STDERR_REDIRECT] 
2025-08-11 22:25:48,560 [ERROR] LogOutputStream:75 - [STDERR_REDIRECT] [Fatal Error] :1:1: Premature end of file.
2025-08-11 22:25:48,561 [ERROR] LogOutputStream:75 - [STDERR_REDIRECT] 
2025-08-11 22:25:48,582 [ERROR] LogOutputStream:75 - [STDERR_REDIRECT] [Fatal Error] :1:1: Premature end of file.
2025-08-11 22:25:48,582 [ERROR] LogOutputStream:75 - [STDERR_REDIRECT] 
2025-08-11 22:25:48,604 [ERROR] LogOutputStream:75 - [STDERR_REDIRECT] [Fatal Error] :1:1: Premature end of file.
2025-08-11 22:25:48,604 [ERROR] LogOutputStream:75 - [STDERR_REDIRECT] 
2025-08-11 22:25:48,625 [ERROR] LogOutputStream:75 - [STDERR_REDIRECT] [Fatal Error] :1:1: Premature end of file.
2025-08-11 22:25:48,626 [ERROR] LogOutputStream:75 - [STDERR_REDIRECT] 
2025-08-11 22:25:48,648 [ERROR] LogOutputStream:75 - [STDERR_REDIRECT] [Fatal Error] :1:1: Premature end of file.
2025-08-11 22:25:48,648 [ERROR] LogOutputStream:75 - [STDERR_REDIRECT] 
2025-08-11 22:25:48,668 [ERROR] LogOutputStream:75 - [STDERR_REDIRECT] [Fatal Error] :1:1: Premature end of file.
2025-08-11 22:25:48,669 [ERROR] LogOutputStream:75 - [STDERR_REDIRECT] 
2025-08-11 22:25:48,693 [ERROR] LogOutputStream:75 - [STDERR_REDIRECT] [Fatal Error] :1:1: Premature end of file.
2025-08-11 22:25:48,693 [ERROR] LogOutputStream:75 - [STDERR_REDIRECT] 
2025-08-11 22:25:48,715 [ERROR] LogOutputStream:75 - [STDERR_REDIRECT] [Fatal Error] :1:1: Premature end of file.
2025-08-11 22:25:48,715 [ERROR] LogOutputStream:75 - [STDERR_REDIRECT] 
2025-08-11 22:25:48,737 [ERROR] LogOutputStream:75 - [STDERR_REDIRECT] [Fatal Error] :1:1: Premature end of file.
2025-08-11 22:25:48,737 [ERROR] LogOutputStream:75 - [STDERR_REDIRECT] 
2025-08-11 22:25:48,759 [ERROR] LogOutputStream:75 - [STDERR_REDIRECT] [Fatal Error] :1:1: Premature end of file.
2025-08-11 22:25:48,759 [ERROR] LogOutputStream:75 - [STDERR_REDIRECT] 
2025-08-11 22:25:48,781 [ERROR] LogOutputStream:75 - [STDERR_REDIRECT] [Fatal Error] :1:1: Premature end of file.
2025-08-11 22:25:48,781 [ERROR] LogOutputStream:75 - [STDERR_REDIRECT] 
2025-08-11 22:25:48,812 [ERROR] LogOutputStream:75 - [STDERR_REDIRECT] [Fatal Error] :1:1: Premature end of file.
2025-08-11 22:25:48,813 [ERROR] LogOutputStream:75 - [STDERR_REDIRECT] 
2025-08-11 22:25:48,836 [ERROR] LogOutputStream:75 - [STDERR_REDIRECT] [Fatal Error] :1:1: Premature end of file.
2025-08-11 22:25:48,836 [ERROR] LogOutputStream:75 - [STDERR_REDIRECT] 
2025-08-11 22:25:48,859 [ERROR] LogOutputStream:75 - [STDERR_REDIRECT] [Fatal Error] :1:1: Premature end of file.
2025-08-11 22:25:48,859 [ERROR] LogOutputStream:75 - [STDERR_REDIRECT] 
2025-08-11 22:25:48,882 [ERROR] LogOutputStream:75 - [STDERR_REDIRECT] [Fatal Error] :1:1: Premature end of file.
2025-08-11 22:25:48,882 [ERROR] LogOutputStream:75 - [STDERR_REDIRECT] 
2025-08-11 22:25:48,904 [ERROR] LogOutputStream:75 - [STDERR_REDIRECT] [Fatal Error] :1:1: Premature end of file.
2025-08-11 22:25:48,904 [ERROR] LogOutputStream:75 - [STDERR_REDIRECT] 
2025-08-11 22:25:48,930 [ERROR] LogOutputStream:75 - [STDERR_REDIRECT] [Fatal Error] :1:1: Premature end of file.
2025-08-11 22:25:48,931 [ERROR] LogOutputStream:75 - [STDERR_REDIRECT] 
2025-08-11 22:25:48,954 [ERROR] LogOutputStream:75 - [STDERR_REDIRECT] [Fatal Error] :1:1: Premature end of file.
2025-08-11 22:25:48,954 [ERROR] LogOutputStream:75 - [STDERR_REDIRECT] 
2025-08-11 22:25:48,976 [ERROR] LogOutputStream:75 - [STDERR_REDIRECT] [Fatal Error] :1:1: Premature end of file.
2025-08-11 22:25:48,976 [ERROR] LogOutputStream:75 - [STDERR_REDIRECT] 
2025-08-11 22:25:48,998 [ERROR] LogOutputStream:75 - [STDERR_REDIRECT] [Fatal Error] :1:1: Premature end of file.
2025-08-11 22:25:48,998 [ERROR] LogOutputStream:75 - [STDERR_REDIRECT] 
2025-08-11 22:25:49,027 [ERROR] LogOutputStream:75 - [STDERR_REDIRECT] [Fatal Error] :1:1: Premature end of file.
2025-08-11 22:25:49,027 [ERROR] LogOutputStream:75 - [STDERR_REDIRECT] 
2025-08-11 22:25:49,050 [ERROR] LogOutputStream:75 - [STDERR_REDIRECT] [Fatal Error] :1:1: Premature end of file.
2025-08-11 22:25:49,050 [ERROR] LogOutputStream:75 - [STDERR_REDIRECT] 
2025-08-11 22:25:49,072 [ERROR] LogOutputStream:75 - [STDERR_REDIRECT] [Fatal Error] :1:1: Premature end of file.
2025-08-11 22:25:49,072 [ERROR] LogOutputStream:75 - [STDERR_REDIRECT] 
2025-08-11 22:25:49,095 [ERROR] LogOutputStream:75 - [STDERR_REDIRECT] [Fatal Error] :1:1: Premature end of file.
2025-08-11 22:25:49,095 [ERROR] LogOutputStream:75 - [STDERR_REDIRECT] 
2025-08-11 22:25:49,118 [ERROR] LogOutputStream:75 - [STDERR_REDIRECT] [Fatal Error] :1:1: Premature end of file.
2025-08-11 22:25:49,118 [ERROR] LogOutputStream:75 - [STDERR_REDIRECT] 
2025-08-11 22:25:49,141 [ERROR] LogOutputStream:75 - [STDERR_REDIRECT] [Fatal Error] :1:1: Premature end of file.
2025-08-11 22:25:49,141 [ERROR] LogOutputStream:75 - [STDERR_REDIRECT] 
2025-08-11 22:25:49,163 [ERROR] LogOutputStream:75 - [STDERR_REDIRECT] [Fatal Error] :1:1: Premature end of file.
2025-08-11 22:25:49,163 [ERROR] LogOutputStream:75 - [STDERR_REDIRECT] 
2025-08-11 22:25:49,186 [ERROR] LogOutputStream:75 - [STDERR_REDIRECT] [Fatal Error] :1:1: Premature end of file.
2025-08-11 22:25:49,186 [ERROR] LogOutputStream:75 - [STDERR_REDIRECT] 
2025-08-11 22:25:49,207 [ERROR] LogOutputStream:75 - [STDERR_REDIRECT] [Fatal Error] :1:1: Premature end of file.
2025-08-11 22:25:49,207 [ERROR] LogOutputStream:75 - [STDERR_REDIRECT] 
2025-08-11 22:25:49,236 [ERROR] LogOutputStream:75 - [STDERR_REDIRECT] [Fatal Error] :1:1: Premature end of file.
2025-08-11 22:25:49,236 [ERROR] LogOutputStream:75 - [STDERR_REDIRECT] 
2025-08-11 22:25:49,258 [ERROR] LogOutputStream:75 - [STDERR_REDIRECT] [Fatal Error] :1:1: Premature end of file.
2025-08-11 22:25:49,258 [ERROR] LogOutputStream:75 - [STDERR_REDIRECT] 
2025-08-11 22:25:49,278 [ERROR] LogOutputStream:75 - [STDERR_REDIRECT] [Fatal Error] :1:1: Premature end of file.
2025-08-11 22:25:49,279 [ERROR] LogOutputStream:75 - [STDERR_REDIRECT] 
2025-08-11 22:25:49,300 [ERROR] LogOutputStream:75 - [STDERR_REDIRECT] [Fatal Error] :1:1: Premature end of file.
2025-08-11 22:25:49,300 [ERROR] LogOutputStream:75 - [STDERR_REDIRECT] 
2025-08-11 22:25:49,321 [ERROR] LogOutputStream:75 - [STDERR_REDIRECT] [Fatal Error] :1:1: Premature end of file.
2025-08-11 22:25:49,321 [ERROR] LogOutputStream:75 - [STDERR_REDIRECT] 
2025-08-11 22:25:49,343 [ERROR] LogOutputStream:75 - [STDERR_REDIRECT] [Fatal Error] :1:1: Premature end of file.
2025-08-11 22:25:49,343 [ERROR] LogOutputStream:75 - [STDERR_REDIRECT] 
2025-08-11 22:25:49,365 [ERROR] LogOutputStream:75 - [STDERR_REDIRECT] [Fatal Error] :1:1: Premature end of file.
2025-08-11 22:25:49,365 [ERROR] LogOutputStream:75 - [STDERR_REDIRECT] 
2025-08-11 22:25:49,387 [ERROR] LogOutputStream:75 - [STDERR_REDIRECT] [Fatal Error] :1:1: Premature end of file.
2025-08-11 22:25:49,388 [ERROR] LogOutputStream:75 - [STDERR_REDIRECT] 
2025-08-11 22:25:49,409 [ERROR] LogOutputStream:75 - [STDERR_REDIRECT] [Fatal Error] :1:1: Premature end of file.
2025-08-11 22:25:49,409 [ERROR] LogOutputStream:75 - [STDERR_REDIRECT] 
2025-08-11 22:25:49,430 [ERROR] LogOutputStream:75 - [STDERR_REDIRECT] [Fatal Error] :1:1: Premature end of file.
2025-08-11 22:25:49,430 [ERROR] LogOutputStream:75 - [STDERR_REDIRECT] 
2025-08-11 22:25:49,457 [ERROR] LogOutputStream:75 - [STDERR_REDIRECT] [Fatal Error] :1:1: Premature end of file.
2025-08-11 22:25:49,457 [ERROR] LogOutputStream:75 - [STDERR_REDIRECT] 
2025-08-11 22:25:49,478 [ERROR] LogOutputStream:75 - [STDERR_REDIRECT] [Fatal Error] :1:1: Premature end of file.
2025-08-11 22:25:49,478 [ERROR] LogOutputStream:75 - [STDERR_REDIRECT] 
2025-08-11 22:25:49,501 [ERROR] LogOutputStream:75 - [STDERR_REDIRECT] [Fatal Error] :1:1: Premature end of file.
2025-08-11 22:25:49,501 [ERROR] LogOutputStream:75 - [STDERR_REDIRECT] 
2025-08-11 22:25:49,522 [ERROR] LogOutputStream:75 - [STDERR_REDIRECT] [Fatal Error] :1:1: Premature end of file.
2025-08-11 22:25:49,522 [ERROR] LogOutputStream:75 - [STDERR_REDIRECT] 
2025-08-11 22:25:49,543 [ERROR] LogOutputStream:75 - [STDERR_REDIRECT] [Fatal Error] :1:1: Premature end of file.
2025-08-11 22:25:49,543 [ERROR] LogOutputStream:75 - [STDERR_REDIRECT] 
2025-08-11 22:25:49,568 [ERROR] LogOutputStream:75 - [STDERR_REDIRECT] [Fatal Error] :1:1: Premature end of file.
2025-08-11 22:25:49,568 [ERROR] LogOutputStream:75 - [STDERR_REDIRECT] 
2025-08-11 22:25:49,592 [ERROR] LogOutputStream:75 - [STDERR_REDIRECT] [Fatal Error] :1:1: Premature end of file.
2025-08-11 22:25:49,592 [ERROR] LogOutputStream:75 - [STDERR_REDIRECT] 
2025-08-11 22:25:49,615 [ERROR] LogOutputStream:75 - [STDERR_REDIRECT] [Fatal Error] :1:1: Premature end of file.
2025-08-11 22:25:49,615 [ERROR] LogOutputStream:75 - [STDERR_REDIRECT] 
2025-08-11 22:25:49,638 [ERROR] LogOutputStream:75 - [STDERR_REDIRECT] [Fatal Error] :1:1: Premature end of file.
2025-08-11 22:25:49,645 [ERROR] LogOutputStream:75 - [STDERR_REDIRECT] 
2025-08-11 22:25:49,667 [ERROR] LogOutputStream:75 - [STDERR_REDIRECT] [Fatal Error] :1:1: Premature end of file.
2025-08-11 22:25:49,667 [ERROR] LogOutputStream:75 - [STDERR_REDIRECT] 
2025-08-11 22:25:49,692 [ERROR] LogOutputStream:75 - [STDERR_REDIRECT] [Fatal Error] :1:1: Premature end of file.
2025-08-11 22:25:49,692 [ERROR] LogOutputStream:75 - [STDERR_REDIRECT] 
2025-08-11 22:25:49,714 [ERROR] LogOutputStream:75 - [STDERR_REDIRECT] [Fatal Error] :1:1: Premature end of file.
2025-08-11 22:25:49,714 [ERROR] LogOutputStream:75 - [STDERR_REDIRECT] 
2025-08-11 22:25:49,737 [ERROR] LogOutputStream:75 - [STDERR_REDIRECT] [Fatal Error] :1:1: Premature end of file.
2025-08-11 22:25:49,737 [ERROR] LogOutputStream:75 - [STDERR_REDIRECT] 
2025-08-11 22:25:49,758 [ERROR] LogOutputStream:75 - [STDERR_REDIRECT] [Fatal Error] :1:1: Premature end of file.
2025-08-11 22:25:49,759 [ERROR] LogOutputStream:75 - [STDERR_REDIRECT] 
2025-08-11 22:25:49,781 [ERROR] LogOutputStream:75 - [STDERR_REDIRECT] [Fatal Error] :1:1: Premature end of file.
2025-08-11 22:25:49,781 [ERROR] LogOutputStream:75 - [STDERR_REDIRECT] 
2025-08-11 22:25:49,804 [ERROR] LogOutputStream:75 - [STDERR_REDIRECT] [Fatal Error] :1:1: Premature end of file.
2025-08-11 22:25:49,804 [ERROR] LogOutputStream:75 - [STDERR_REDIRECT] 
2025-08-11 22:25:49,826 [ERROR] LogOutputStream:75 - [STDERR_REDIRECT] [Fatal Error] :1:1: Premature end of file.
2025-08-11 22:25:49,826 [ERROR] LogOutputStream:75 - [STDERR_REDIRECT] 
2025-08-11 22:25:49,851 [ERROR] LogOutputStream:75 - [STDERR_REDIRECT] [Fatal Error] :1:1: Premature end of file.
2025-08-11 22:25:49,851 [ERROR] LogOutputStream:75 - [STDERR_REDIRECT] 
2025-08-11 22:25:49,874 [ERROR] LogOutputStream:75 - [STDERR_REDIRECT] [Fatal Error] :1:1: Premature end of file.
2025-08-11 22:25:49,874 [ERROR] LogOutputStream:75 - [STDERR_REDIRECT] 
2025-08-11 22:25:49,900 [ERROR] LogOutputStream:75 - [STDERR_REDIRECT] [Fatal Error] :1:1: Premature end of file.
2025-08-11 22:25:49,900 [ERROR] LogOutputStream:75 - [STDERR_REDIRECT] 
2025-08-11 22:25:49,924 [ERROR] LogOutputStream:75 - [STDERR_REDIRECT] [Fatal Error] :1:1: Premature end of file.
2025-08-11 22:25:49,924 [ERROR] LogOutputStream:75 - [STDERR_REDIRECT] 
2025-08-11 22:25:49,946 [ERROR] LogOutputStream:75 - [STDERR_REDIRECT] [Fatal Error] :1:1: Premature end of file.
2025-08-11 22:25:49,946 [ERROR] LogOutputStream:75 - [STDERR_REDIRECT] 
2025-08-11 22:25:49,970 [ERROR] LogOutputStream:75 - [STDERR_REDIRECT] [Fatal Error] :1:1: Premature end of file.
2025-08-11 22:25:49,970 [ERROR] LogOutputStream:75 - [STDERR_REDIRECT] 
2025-08-11 22:25:49,991 [ERROR] LogOutputStream:75 - [STDERR_REDIRECT] [Fatal Error] :1:1: Premature end of file.
2025-08-11 22:25:49,991 [ERROR] LogOutputStream:75 - [STDERR_REDIRECT] 
2025-08-11 22:25:50,015 [ERROR] LogOutputStream:75 - [STDERR_REDIRECT] [Fatal Error] :1:1: Premature end of file.
2025-08-11 22:25:50,015 [ERROR] LogOutputStream:75 - [STDERR_REDIRECT] 
2025-08-11 22:25:50,037 [ERROR] LogOutputStream:75 - [STDERR_REDIRECT] [Fatal Error] :1:1: Premature end of file.
2025-08-11 22:25:50,037 [ERROR] LogOutputStream:75 - [STDERR_REDIRECT] 
2025-08-11 22:25:50,060 [ERROR] LogOutputStream:75 - [STDERR_REDIRECT] [Fatal Error] :1:1: Premature end of file.
2025-08-11 22:25:50,060 [ERROR] LogOutputStream:75 - [STDERR_REDIRECT] 
2025-08-11 22:25:50,084 [ERROR] LogOutputStream:75 - [STDERR_REDIRECT] [Fatal Error] :1:1: Premature end of file.
2025-08-11 22:25:50,084 [ERROR] LogOutputStream:75 - [STDERR_REDIRECT] 
2025-08-11 22:25:50,107 [ERROR] LogOutputStream:75 - [STDERR_REDIRECT] [Fatal Error] :1:1: Premature end of file.
2025-08-11 22:25:50,107 [ERROR] LogOutputStream:75 - [STDERR_REDIRECT] 
2025-08-11 22:25:50,129 [ERROR] LogOutputStream:75 - [STDERR_REDIRECT] [Fatal Error] :1:1: Premature end of file.
2025-08-11 22:25:50,129 [ERROR] LogOutputStream:75 - [STDERR_REDIRECT] 
2025-08-11 22:25:50,156 [ERROR] LogOutputStream:75 - [STDERR_REDIRECT] [Fatal Error] :1:1: Premature end of file.
2025-08-11 22:25:50,157 [ERROR] LogOutputStream:75 - [STDERR_REDIRECT] 
2025-08-11 22:25:50,179 [ERROR] LogOutputStream:75 - [STDERR_REDIRECT] [Fatal Error] :1:1: Premature end of file.
2025-08-11 22:25:50,179 [ERROR] LogOutputStream:75 - [STDERR_REDIRECT] 
2025-08-11 22:25:50,204 [ERROR] LogOutputStream:75 - [STDERR_REDIRECT] [Fatal Error] :1:1: Premature end of file.
2025-08-11 22:25:50,204 [ERROR] LogOutputStream:75 - [STDERR_REDIRECT] 
2025-08-11 22:25:50,226 [ERROR] LogOutputStream:75 - [STDERR_REDIRECT] [Fatal Error] :1:1: Premature end of file.
2025-08-11 22:25:50,227 [ERROR] LogOutputStream:75 - [STDERR_REDIRECT] 
2025-08-11 22:25:50,249 [ERROR] LogOutputStream:75 - [STDERR_REDIRECT] [Fatal Error] :1:1: Premature end of file.
2025-08-11 22:25:50,250 [ERROR] LogOutputStream:75 - [STDERR_REDIRECT] 
2025-08-11 22:25:50,270 [ERROR] LogOutputStream:75 - [STDERR_REDIRECT] [Fatal Error] :1:1: Premature end of file.
2025-08-11 22:25:50,270 [ERROR] LogOutputStream:75 - [STDERR_REDIRECT] 
2025-08-11 22:25:50,292 [ERROR] LogOutputStream:75 - [STDERR_REDIRECT] [Fatal Error] :1:1: Premature end of file.
2025-08-11 22:25:50,292 [ERROR] LogOutputStream:75 - [STDERR_REDIRECT] 
2025-08-11 22:25:50,312 [ERROR] LogOutputStream:75 - [STDERR_REDIRECT] [Fatal Error] :1:1: Premature end of file.
2025-08-11 22:25:50,312 [ERROR] LogOutputStream:75 - [STDERR_REDIRECT] 
2025-08-11 22:25:50,333 [ERROR] LogOutputStream:75 - [STDERR_REDIRECT] [Fatal Error] :1:1: Premature end of file.
2025-08-11 22:25:50,333 [ERROR] LogOutputStream:75 - [STDERR_REDIRECT] 
2025-08-11 22:25:50,355 [ERROR] LogOutputStream:75 - [STDERR_REDIRECT] [Fatal Error] :1:1: Premature end of file.
2025-08-11 22:25:50,355 [ERROR] LogOutputStream:75 - [STDERR_REDIRECT] 
2025-08-11 22:25:50,376 [ERROR] LogOutputStream:75 - [STDERR_REDIRECT] [Fatal Error] :1:1: Premature end of file.
2025-08-11 22:25:50,376 [ERROR] LogOutputStream:75 - [STDERR_REDIRECT] 
2025-08-11 22:25:50,397 [ERROR] LogOutputStream:75 - [STDERR_REDIRECT] [Fatal Error] :1:1: Premature end of file.
2025-08-11 22:25:50,397 [ERROR] LogOutputStream:75 - [STDERR_REDIRECT] 
2025-08-11 22:25:50,418 [ERROR] LogOutputStream:75 - [STDERR_REDIRECT] [Fatal Error] :1:1: Premature end of file.
2025-08-11 22:25:50,418 [ERROR] LogOutputStream:75 - [STDERR_REDIRECT] 
2025-08-11 22:25:50,440 [ERROR] LogOutputStream:75 - [STDERR_REDIRECT] [Fatal Error] :1:1: Premature end of file.
2025-08-11 22:25:50,440 [ERROR] LogOutputStream:75 - [STDERR_REDIRECT] 
2025-08-11 22:25:50,461 [ERROR] LogOutputStream:75 - [STDERR_REDIRECT] [Fatal Error] :1:1: Premature end of file.
2025-08-11 22:25:50,461 [ERROR] LogOutputStream:75 - [STDERR_REDIRECT] 
2025-08-11 22:25:50,482 [ERROR] LogOutputStream:75 - [STDERR_REDIRECT] [Fatal Error] :1:1: Premature end of file.
2025-08-11 22:25:50,482 [ERROR] LogOutputStream:75 - [STDERR_REDIRECT] 
2025-08-11 22:25:50,503 [ERROR] LogOutputStream:75 - [STDERR_REDIRECT] [Fatal Error] :1:1: Premature end of file.
2025-08-11 22:25:50,503 [ERROR] LogOutputStream:75 - [STDERR_REDIRECT] 
2025-08-11 22:25:50,524 [ERROR] LogOutputStream:75 - [STDERR_REDIRECT] [Fatal Error] :1:1: Premature end of file.
2025-08-11 22:25:50,524 [ERROR] LogOutputStream:75 - [STDERR_REDIRECT] 
2025-08-11 22:25:50,545 [ERROR] LogOutputStream:75 - [STDERR_REDIRECT] [Fatal Error] :1:1: Premature end of file.
2025-08-11 22:25:50,545 [ERROR] LogOutputStream:75 - [STDERR_REDIRECT] 
2025-08-11 22:25:50,567 [ERROR] LogOutputStream:75 - [STDERR_REDIRECT] [Fatal Error] :1:1: Premature end of file.
2025-08-11 22:25:50,567 [ERROR] LogOutputStream:75 - [STDERR_REDIRECT] 
2025-08-11 22:25:50,588 [ERROR] LogOutputStream:75 - [STDERR_REDIRECT] [Fatal Error] :1:1: Premature end of file.
2025-08-11 22:25:50,588 [ERROR] LogOutputStream:75 - [STDERR_REDIRECT] 
2025-08-11 22:25:50,609 [ERROR] LogOutputStream:75 - [STDERR_REDIRECT] [Fatal Error] :1:1: Premature end of file.
2025-08-11 22:25:50,609 [ERROR] LogOutputStream:75 - [STDERR_REDIRECT] 
2025-08-11 22:25:50,629 [ERROR] LogOutputStream:75 - [STDERR_REDIRECT] [Fatal Error] :1:1: Premature end of file.
2025-08-11 22:25:50,629 [ERROR] LogOutputStream:75 - [STDERR_REDIRECT] 
2025-08-11 22:25:50,651 [ERROR] LogOutputStream:75 - [STDERR_REDIRECT] [Fatal Error] :1:1: Premature end of file.
2025-08-11 22:25:50,651 [ERROR] LogOutputStream:75 - [STDERR_REDIRECT] 
2025-08-11 22:25:50,673 [ERROR] LogOutputStream:75 - [STDERR_REDIRECT] [Fatal Error] :1:1: Premature end of file.
2025-08-11 22:25:50,673 [ERROR] LogOutputStream:75 - [STDERR_REDIRECT] 
2025-08-11 22:25:50,693 [ERROR] LogOutputStream:75 - [STDERR_REDIRECT] [Fatal Error] :1:1: Premature end of file.
2025-08-11 22:25:50,693 [ERROR] LogOutputStream:75 - [STDERR_REDIRECT] 
2025-08-11 22:25:50,715 [ERROR] LogOutputStream:75 - [STDERR_REDIRECT] [Fatal Error] :1:1: Premature end of file.
2025-08-11 22:25:50,715 [ERROR] LogOutputStream:75 - [STDERR_REDIRECT] 
2025-08-11 22:25:50,735 [ERROR] LogOutputStream:75 - [STDERR_REDIRECT] [Fatal Error] :1:1: Premature end of file.
2025-08-11 22:25:50,735 [ERROR] LogOutputStream:75 - [STDERR_REDIRECT] 
2025-08-11 22:25:50,755 [ERROR] LogOutputStream:75 - [STDERR_REDIRECT] [Fatal Error] :1:1: Premature end of file.
2025-08-11 22:25:50,755 [ERROR] LogOutputStream:75 - [STDERR_REDIRECT] 
2025-08-11 22:25:50,777 [ERROR] LogOutputStream:75 - [STDERR_REDIRECT] [Fatal Error] :1:1: Premature end of file.
2025-08-11 22:25:50,777 [ERROR] LogOutputStream:75 - [STDERR_REDIRECT] 
2025-08-11 22:25:50,800 [ERROR] LogOutputStream:75 - [STDERR_REDIRECT] [Fatal Error] :1:1: Premature end of file.
2025-08-11 22:25:50,800 [ERROR] LogOutputStream:75 - [STDERR_REDIRECT] 
2025-08-11 22:25:50,821 [ERROR] LogOutputStream:75 - [STDERR_REDIRECT] [Fatal Error] :1:1: Premature end of file.
2025-08-11 22:25:50,821 [ERROR] LogOutputStream:75 - [STDERR_REDIRECT] 
2025-08-11 22:25:50,842 [ERROR] LogOutputStream:75 - [STDERR_REDIRECT] [Fatal Error] :1:1: Premature end of file.
2025-08-11 22:25:50,842 [ERROR] LogOutputStream:75 - [STDERR_REDIRECT] 
2025-08-11 22:25:50,863 [ERROR] LogOutputStream:75 - [STDERR_REDIRECT] [Fatal Error] :1:1: Premature end of file.
2025-08-11 22:25:50,863 [ERROR] LogOutputStream:75 - [STDERR_REDIRECT] 
2025-08-11 22:25:50,885 [ERROR] LogOutputStream:75 - [STDERR_REDIRECT] [Fatal Error] :1:1: Premature end of file.
2025-08-11 22:25:50,885 [ERROR] LogOutputStream:75 - [STDERR_REDIRECT] 
2025-08-11 22:25:50,905 [ERROR] LogOutputStream:75 - [STDERR_REDIRECT] [Fatal Error] :1:1: Premature end of file.
2025-08-11 22:25:50,906 [ERROR] LogOutputStream:75 - [STDERR_REDIRECT] 
2025-08-11 22:25:50,926 [ERROR] LogOutputStream:75 - [STDERR_REDIRECT] [Fatal Error] :1:1: Premature end of file.
2025-08-11 22:25:50,926 [ERROR] LogOutputStream:75 - [STDERR_REDIRECT] 
2025-08-11 22:25:50,948 [ERROR] LogOutputStream:75 - [STDERR_REDIRECT] [Fatal Error] :1:1: Premature end of file.
2025-08-11 22:25:50,948 [ERROR] LogOutputStream:75 - [STDERR_REDIRECT] 
2025-08-11 22:25:50,968 [ERROR] LogOutputStream:75 - [STDERR_REDIRECT] [Fatal Error] :1:1: Premature end of file.
2025-08-11 22:25:50,968 [ERROR] LogOutputStream:75 - [STDERR_REDIRECT] 
2025-08-11 22:25:50,998 [ERROR] LogOutputStream:75 - [STDERR_REDIRECT] [Fatal Error] :1:1: Premature end of file.
2025-08-11 22:25:50,998 [ERROR] LogOutputStream:75 - [STDERR_REDIRECT] 
2025-08-11 22:25:51,020 [ERROR] LogOutputStream:75 - [STDERR_REDIRECT] [Fatal Error] :1:1: Premature end of file.
2025-08-11 22:25:51,020 [ERROR] LogOutputStream:75 - [STDERR_REDIRECT] 
2025-08-11 22:25:51,040 [ERROR] LogOutputStream:75 - [STDERR_REDIRECT] [Fatal Error] :1:1: Premature end of file.
2025-08-11 22:25:51,040 [ERROR] LogOutputStream:75 - [STDERR_REDIRECT] 
2025-08-11 22:25:51,060 [ERROR] LogOutputStream:75 - [STDERR_REDIRECT] [Fatal Error] :1:1: Premature end of file.
2025-08-11 22:25:51,060 [ERROR] LogOutputStream:75 - [STDERR_REDIRECT] 
2025-08-11 22:25:51,082 [ERROR] LogOutputStream:75 - [STDERR_REDIRECT] [Fatal Error] :1:1: Premature end of file.
2025-08-11 22:25:51,082 [ERROR] LogOutputStream:75 - [STDERR_REDIRECT] 
2025-08-11 22:25:51,104 [ERROR] LogOutputStream:75 - [STDERR_REDIRECT] [Fatal Error] :1:1: Premature end of file.
2025-08-11 22:25:51,104 [ERROR] LogOutputStream:75 - [STDERR_REDIRECT] 
2025-08-11 22:25:51,125 [ERROR] LogOutputStream:75 - [STDERR_REDIRECT] [Fatal Error] :1:1: Premature end of file.
2025-08-11 22:25:51,125 [ERROR] LogOutputStream:75 - [STDERR_REDIRECT] 
2025-08-11 22:25:51,146 [ERROR] LogOutputStream:75 - [STDERR_REDIRECT] [Fatal Error] :1:1: Premature end of file.
2025-08-11 22:25:51,146 [ERROR] LogOutputStream:75 - [STDERR_REDIRECT] 
2025-08-11 22:25:51,167 [ERROR] LogOutputStream:75 - [STDERR_REDIRECT] [Fatal Error] :1:1: Premature end of file.
2025-08-11 22:25:51,167 [ERROR] LogOutputStream:75 - [STDERR_REDIRECT] 
2025-08-11 22:25:51,188 [ERROR] LogOutputStream:75 - [STDERR_REDIRECT] [Fatal Error] :1:1: Premature end of file.
2025-08-11 22:25:51,188 [ERROR] LogOutputStream:75 - [STDERR_REDIRECT] 
2025-08-11 22:25:51,209 [ERROR] LogOutputStream:75 - [STDERR_REDIRECT] [Fatal Error] :1:1: Premature end of file.
2025-08-11 22:25:51,210 [ERROR] LogOutputStream:75 - [STDERR_REDIRECT] 
2025-08-11 22:25:51,232 [ERROR] LogOutputStream:75 - [STDERR_REDIRECT] [Fatal Error] :1:1: Premature end of file.
2025-08-11 22:25:51,232 [ERROR] LogOutputStream:75 - [STDERR_REDIRECT] 
2025-08-11 22:25:51,253 [ERROR] LogOutputStream:75 - [STDERR_REDIRECT] [Fatal Error] :1:1: Premature end of file.
2025-08-11 22:25:51,253 [ERROR] LogOutputStream:75 - [STDERR_REDIRECT] 
2025-08-11 22:25:51,273 [ERROR] LogOutputStream:75 - [STDERR_REDIRECT] [Fatal Error] :1:1: Premature end of file.
2025-08-11 22:25:51,274 [ERROR] LogOutputStream:75 - [STDERR_REDIRECT] 
2025-08-11 22:25:51,297 [ERROR] LogOutputStream:75 - [STDERR_REDIRECT] [Fatal Error] :1:1: Premature end of file.
2025-08-11 22:25:51,297 [ERROR] LogOutputStream:75 - [STDERR_REDIRECT] 
2025-08-11 22:25:51,322 [ERROR] LogOutputStream:75 - [STDERR_REDIRECT] [Fatal Error] :1:1: Premature end of file.
2025-08-11 22:25:51,322 [ERROR] LogOutputStream:75 - [STDERR_REDIRECT] 
2025-08-11 22:25:51,345 [ERROR] LogOutputStream:75 - [STDERR_REDIRECT] [Fatal Error] :1:1: Premature end of file.
2025-08-11 22:25:51,345 [ERROR] LogOutputStream:75 - [STDERR_REDIRECT] 
2025-08-11 22:25:51,368 [ERROR] LogOutputStream:75 - [STDERR_REDIRECT] [Fatal Error] :1:1: Premature end of file.
2025-08-11 22:25:51,368 [ERROR] LogOutputStream:75 - [STDERR_REDIRECT] 
2025-08-11 22:25:51,392 [ERROR] LogOutputStream:75 - [STDERR_REDIRECT] [Fatal Error] :1:1: Premature end of file.
2025-08-11 22:25:51,392 [ERROR] LogOutputStream:75 - [STDERR_REDIRECT] 
2025-08-11 22:25:51,413 [ERROR] LogOutputStream:75 - [STDERR_REDIRECT] [Fatal Error] :1:1: Premature end of file.
2025-08-11 22:25:51,413 [ERROR] LogOutputStream:75 - [STDERR_REDIRECT] 
2025-08-11 22:25:51,438 [ERROR] LogOutputStream:75 - [STDERR_REDIRECT] [Fatal Error] :1:1: Premature end of file.
2025-08-11 22:25:51,438 [ERROR] LogOutputStream:75 - [STDERR_REDIRECT] 
2025-08-11 22:25:51,460 [ERROR] LogOutputStream:75 - [STDERR_REDIRECT] [Fatal Error] :1:1: Premature end of file.
2025-08-11 22:25:51,460 [ERROR] LogOutputStream:75 - [STDERR_REDIRECT] 
2025-08-11 22:25:51,483 [ERROR] LogOutputStream:75 - [STDERR_REDIRECT] [Fatal Error] :1:1: Premature end of file.
2025-08-11 22:25:51,483 [ERROR] LogOutputStream:75 - [STDERR_REDIRECT] 
2025-08-11 22:25:51,505 [ERROR] LogOutputStream:75 - [STDERR_REDIRECT] [Fatal Error] :1:1: Premature end of file.
2025-08-11 22:25:51,505 [ERROR] LogOutputStream:75 - [STDERR_REDIRECT] 
2025-08-11 22:25:51,528 [ERROR] LogOutputStream:75 - [STDERR_REDIRECT] [Fatal Error] :1:1: Premature end of file.
2025-08-11 22:25:51,528 [ERROR] LogOutputStream:75 - [STDERR_REDIRECT] 
2025-08-11 22:25:51,552 [ERROR] LogOutputStream:75 - [STDERR_REDIRECT] [Fatal Error] :1:1: Premature end of file.
2025-08-11 22:25:51,552 [ERROR] LogOutputStream:75 - [STDERR_REDIRECT] 
2025-08-11 22:25:51,602 [ERROR] LogOutputStream:75 - [STDERR_REDIRECT] [Fatal Error] :1:1: Premature end of file.
2025-08-11 22:25:51,602 [ERROR] LogOutputStream:75 - [STDERR_REDIRECT] 
2025-08-11 22:25:51,627 [ERROR] LogOutputStream:75 - [STDERR_REDIRECT] [Fatal Error] :1:1: Premature end of file.
2025-08-11 22:25:51,627 [ERROR] LogOutputStream:75 - [STDERR_REDIRECT] 
2025-08-11 22:25:51,651 [ERROR] LogOutputStream:75 - [STDERR_REDIRECT] [Fatal Error] :1:1: Premature end of file.
2025-08-11 22:25:51,651 [ERROR] LogOutputStream:75 - [STDERR_REDIRECT] 
2025-08-11 22:25:51,674 [ERROR] LogOutputStream:75 - [STDERR_REDIRECT] [Fatal Error] :1:1: Premature end of file.
2025-08-11 22:25:51,674 [ERROR] LogOutputStream:75 - [STDERR_REDIRECT] 
2025-08-11 22:25:51,696 [ERROR] LogOutputStream:75 - [STDERR_REDIRECT] [Fatal Error] :1:1: Premature end of file.
2025-08-11 22:25:51,696 [ERROR] LogOutputStream:75 - [STDERR_REDIRECT] 
2025-08-11 22:25:51,719 [ERROR] LogOutputStream:75 - [STDERR_REDIRECT] [Fatal Error] :1:1: Premature end of file.
2025-08-11 22:25:51,719 [ERROR] LogOutputStream:75 - [STDERR_REDIRECT] 
2025-08-11 22:25:51,740 [ERROR] LogOutputStream:75 - [STDERR_REDIRECT] [Fatal Error] :1:1: Premature end of file.
2025-08-11 22:25:51,740 [ERROR] LogOutputStream:75 - [STDERR_REDIRECT] 
2025-08-11 22:25:51,762 [ERROR] LogOutputStream:75 - [STDERR_REDIRECT] [Fatal Error] :1:1: Premature end of file.
2025-08-11 22:25:51,762 [ERROR] LogOutputStream:75 - [STDERR_REDIRECT] 
2025-08-11 22:25:51,785 [ERROR] LogOutputStream:75 - [STDERR_REDIRECT] [Fatal Error] :1:1: Premature end of file.
2025-08-11 22:25:51,785 [ERROR] LogOutputStream:75 - [STDERR_REDIRECT] 
2025-08-11 22:25:51,805 [ERROR] LogOutputStream:75 - [STDERR_REDIRECT] [Fatal Error] :1:1: Premature end of file.
2025-08-11 22:25:51,806 [ERROR] LogOutputStream:75 - [STDERR_REDIRECT] 
2025-08-11 22:25:51,832 [ERROR] LogOutputStream:75 - [STDERR_REDIRECT] [Fatal Error] :1:1: Premature end of file.
2025-08-11 22:25:51,832 [ERROR] LogOutputStream:75 - [STDERR_REDIRECT] 
2025-08-11 22:25:51,852 [ERROR] LogOutputStream:75 - [STDERR_REDIRECT] [Fatal Error] :1:1: Premature end of file.
2025-08-11 22:25:51,852 [ERROR] LogOutputStream:75 - [STDERR_REDIRECT] 
2025-08-11 22:25:51,873 [ERROR] LogOutputStream:75 - [STDERR_REDIRECT] [Fatal Error] :1:1: Premature end of file.
2025-08-11 22:25:51,873 [ERROR] LogOutputStream:75 - [STDERR_REDIRECT] 
2025-08-11 22:25:51,893 [ERROR] LogOutputStream:75 - [STDERR_REDIRECT] [Fatal Error] :1:1: Premature end of file.
2025-08-11 22:25:51,893 [ERROR] LogOutputStream:75 - [STDERR_REDIRECT] 
2025-08-11 22:25:51,916 [ERROR] LogOutputStream:75 - [STDERR_REDIRECT] [Fatal Error] :1:1: Premature end of file.
2025-08-11 22:25:51,916 [ERROR] LogOutputStream:75 - [STDERR_REDIRECT] 
2025-08-11 22:25:51,937 [ERROR] LogOutputStream:75 - [STDERR_REDIRECT] [Fatal Error] :1:1: Premature end of file.
2025-08-11 22:25:51,937 [ERROR] LogOutputStream:75 - [STDERR_REDIRECT] 
2025-08-11 22:25:51,957 [ERROR] LogOutputStream:75 - [STDERR_REDIRECT] [Fatal Error] :1:1: Premature end of file.
2025-08-11 22:25:51,957 [ERROR] LogOutputStream:75 - [STDERR_REDIRECT] 
2025-08-11 22:25:51,980 [ERROR] LogOutputStream:75 - [STDERR_REDIRECT] [Fatal Error] :1:1: Premature end of file.
2025-08-11 22:25:51,980 [ERROR] LogOutputStream:75 - [STDERR_REDIRECT] 
2025-08-11 22:25:52,000 [ERROR] LogOutputStream:75 - [STDERR_REDIRECT] [Fatal Error] :1:1: Premature end of file.
2025-08-11 22:25:52,000 [ERROR] LogOutputStream:75 - [STDERR_REDIRECT] 
2025-08-11 22:25:52,022 [ERROR] LogOutputStream:75 - [STDERR_REDIRECT] [Fatal Error] :1:1: Premature end of file.
2025-08-11 22:25:52,022 [ERROR] LogOutputStream:75 - [STDERR_REDIRECT] 
2025-08-11 22:25:52,043 [ERROR] LogOutputStream:75 - [STDERR_REDIRECT] [Fatal Error] :1:1: Premature end of file.
2025-08-11 22:25:52,043 [ERROR] LogOutputStream:75 - [STDERR_REDIRECT] 
2025-08-11 22:25:52,063 [ERROR] LogOutputStream:75 - [STDERR_REDIRECT] [Fatal Error] :1:1: Premature end of file.
2025-08-11 22:25:52,063 [ERROR] LogOutputStream:75 - [STDERR_REDIRECT] 
2025-08-11 22:25:52,092 [ERROR] LogOutputStream:75 - [STDERR_REDIRECT] [Fatal Error] :1:1: Premature end of file.
2025-08-11 22:25:52,092 [ERROR] LogOutputStream:75 - [STDERR_REDIRECT] 
2025-08-11 22:25:52,114 [ERROR] LogOutputStream:75 - [STDERR_REDIRECT] [Fatal Error] :1:1: Premature end of file.
2025-08-11 22:25:52,114 [ERROR] LogOutputStream:75 - [STDERR_REDIRECT] 
2025-08-11 22:25:52,136 [ERROR] LogOutputStream:75 - [STDERR_REDIRECT] [Fatal Error] :1:1: Premature end of file.
2025-08-11 22:25:52,136 [ERROR] LogOutputStream:75 - [STDERR_REDIRECT] 
2025-08-11 22:25:52,156 [ERROR] LogOutputStream:75 - [STDERR_REDIRECT] [Fatal Error] :1:1: Premature end of file.
2025-08-11 22:25:52,156 [ERROR] LogOutputStream:75 - [STDERR_REDIRECT] 
2025-08-11 22:25:52,178 [ERROR] LogOutputStream:75 - [STDERR_REDIRECT] [Fatal Error] :1:1: Premature end of file.
2025-08-11 22:25:52,178 [ERROR] LogOutputStream:75 - [STDERR_REDIRECT] 
2025-08-11 22:25:52,202 [ERROR] LogOutputStream:75 - [STDERR_REDIRECT] [Fatal Error] :1:1: Premature end of file.
2025-08-11 22:25:52,202 [ERROR] LogOutputStream:75 - [STDERR_REDIRECT] 
2025-08-11 22:25:52,225 [ERROR] LogOutputStream:75 - [STDERR_REDIRECT] [Fatal Error] :1:1: Premature end of file.
2025-08-11 22:25:52,225 [ERROR] LogOutputStream:75 - [STDERR_REDIRECT] 
2025-08-11 22:25:52,250 [ERROR] LogOutputStream:75 - [STDERR_REDIRECT] [Fatal Error] :1:1: Premature end of file.
2025-08-11 22:25:52,250 [ERROR] LogOutputStream:75 - [STDERR_REDIRECT] 
2025-08-11 22:25:52,275 [ERROR] LogOutputStream:75 - [STDERR_REDIRECT] [Fatal Error] :1:1: Premature end of file.
2025-08-11 22:25:52,275 [ERROR] LogOutputStream:75 - [STDERR_REDIRECT] 
2025-08-11 22:25:52,300 [ERROR] LogOutputStream:75 - [STDERR_REDIRECT] [Fatal Error] :1:1: Premature end of file.
2025-08-11 22:25:52,300 [ERROR] LogOutputStream:75 - [STDERR_REDIRECT] 
2025-08-11 22:25:52,324 [ERROR] LogOutputStream:75 - [STDERR_REDIRECT] [Fatal Error] :1:1: Premature end of file.
2025-08-11 22:25:52,324 [ERROR] LogOutputStream:75 - [STDERR_REDIRECT] 
2025-08-11 22:25:52,346 [ERROR] LogOutputStream:75 - [STDERR_REDIRECT] [Fatal Error] :1:1: Premature end of file.
2025-08-11 22:25:52,346 [ERROR] LogOutputStream:75 - [STDERR_REDIRECT] 
2025-08-11 22:25:52,370 [ERROR] LogOutputStream:75 - [STDERR_REDIRECT] [Fatal Error] :1:1: Premature end of file.
2025-08-11 22:25:52,371 [ERROR] LogOutputStream:75 - [STDERR_REDIRECT] 
2025-08-11 22:25:52,396 [ERROR] LogOutputStream:75 - [STDERR_REDIRECT] [Fatal Error] :1:1: Premature end of file.
2025-08-11 22:25:52,396 [ERROR] LogOutputStream:75 - [STDERR_REDIRECT] 
2025-08-11 22:25:52,423 [ERROR] LogOutputStream:75 - [STDERR_REDIRECT] [Fatal Error] :1:1: Premature end of file.
2025-08-11 22:25:52,423 [ERROR] LogOutputStream:75 - [STDERR_REDIRECT] 
2025-08-11 22:25:52,446 [ERROR] LogOutputStream:75 - [STDERR_REDIRECT] [Fatal Error] :1:1: Premature end of file.
2025-08-11 22:25:52,446 [ERROR] LogOutputStream:75 - [STDERR_REDIRECT] 
2025-08-11 22:25:52,472 [ERROR] LogOutputStream:75 - [STDERR_REDIRECT] [Fatal Error] :1:1: Premature end of file.
2025-08-11 22:25:52,472 [ERROR] LogOutputStream:75 - [STDERR_REDIRECT] 
2025-08-11 22:25:52,497 [ERROR] LogOutputStream:75 - [STDERR_REDIRECT] [Fatal Error] :1:1: Premature end of file.
2025-08-11 22:25:52,497 [ERROR] LogOutputStream:75 - [STDERR_REDIRECT] 
2025-08-11 22:25:52,521 [ERROR] LogOutputStream:75 - [STDERR_REDIRECT] [Fatal Error] :1:1: Premature end of file.
2025-08-11 22:25:52,523 [ERROR] LogOutputStream:75 - [STDERR_REDIRECT] 
2025-08-11 22:25:52,550 [ERROR] LogOutputStream:75 - [STDERR_REDIRECT] [Fatal Error] :1:1: Premature end of file.
2025-08-11 22:25:52,550 [ERROR] LogOutputStream:75 - [STDERR_REDIRECT] 
2025-08-11 22:25:52,571 [ERROR] LogOutputStream:75 - [STDERR_REDIRECT] [Fatal Error] :1:1: Premature end of file.
2025-08-11 22:25:52,571 [ERROR] LogOutputStream:75 - [STDERR_REDIRECT] 
2025-08-11 22:25:52,593 [ERROR] LogOutputStream:75 - [STDERR_REDIRECT] [Fatal Error] :1:1: Premature end of file.
2025-08-11 22:25:52,593 [ERROR] LogOutputStream:75 - [STDERR_REDIRECT] 
2025-08-11 22:25:52,613 [ERROR] LogOutputStream:75 - [STDERR_REDIRECT] [Fatal Error] :1:1: Premature end of file.
2025-08-11 22:25:52,613 [ERROR] LogOutputStream:75 - [STDERR_REDIRECT] 
2025-08-11 22:25:52,635 [ERROR] LogOutputStream:75 - [STDERR_REDIRECT] [Fatal Error] :1:1: Premature end of file.
2025-08-11 22:25:52,635 [ERROR] LogOutputStream:75 - [STDERR_REDIRECT] 
2025-08-11 22:25:52,656 [ERROR] LogOutputStream:75 - [STDERR_REDIRECT] [Fatal Error] :1:1: Premature end of file.
2025-08-11 22:25:52,656 [ERROR] LogOutputStream:75 - [STDERR_REDIRECT] 
2025-08-11 22:25:52,677 [ERROR] LogOutputStream:75 - [STDERR_REDIRECT] [Fatal Error] :1:1: Premature end of file.
2025-08-11 22:25:52,678 [ERROR] LogOutputStream:75 - [STDERR_REDIRECT] 
2025-08-11 22:25:52,702 [ERROR] LogOutputStream:75 - [STDERR_REDIRECT] [Fatal Error] :1:1: Premature end of file.
2025-08-11 22:25:52,702 [ERROR] LogOutputStream:75 - [STDERR_REDIRECT] 
2025-08-11 22:25:52,724 [ERROR] LogOutputStream:75 - [STDERR_REDIRECT] [Fatal Error] :1:1: Premature end of file.
2025-08-11 22:25:52,724 [ERROR] LogOutputStream:75 - [STDERR_REDIRECT] 
2025-08-11 22:25:52,749 [ERROR] LogOutputStream:75 - [STDERR_REDIRECT] [Fatal Error] :1:1: Premature end of file.
2025-08-11 22:25:52,749 [ERROR] LogOutputStream:75 - [STDERR_REDIRECT] 
2025-08-11 22:25:52,772 [ERROR] LogOutputStream:75 - [STDERR_REDIRECT] [Fatal Error] :1:1: Premature end of file.
2025-08-11 22:25:52,772 [ERROR] LogOutputStream:75 - [STDERR_REDIRECT] 
2025-08-11 22:25:52,795 [ERROR] LogOutputStream:75 - [STDERR_REDIRECT] [Fatal Error] :1:1: Premature end of file.
2025-08-11 22:25:52,795 [ERROR] LogOutputStream:75 - [STDERR_REDIRECT] 
2025-08-11 22:25:52,819 [ERROR] LogOutputStream:75 - [STDERR_REDIRECT] [Fatal Error] :1:1: Premature end of file.
2025-08-11 22:25:52,819 [ERROR] LogOutputStream:75 - [STDERR_REDIRECT] 
2025-08-11 22:25:52,842 [ERROR] LogOutputStream:75 - [STDERR_REDIRECT] [Fatal Error] :1:1: Premature end of file.
2025-08-11 22:25:52,842 [ERROR] LogOutputStream:75 - [STDERR_REDIRECT] 
2025-08-11 22:25:52,867 [ERROR] LogOutputStream:75 - [STDERR_REDIRECT] [Fatal Error] :1:1: Premature end of file.
2025-08-11 22:25:52,867 [ERROR] LogOutputStream:75 - [STDERR_REDIRECT] 
2025-08-11 22:25:52,890 [ERROR] LogOutputStream:75 - [STDERR_REDIRECT] [Fatal Error] :1:1: Premature end of file.
2025-08-11 22:25:52,890 [ERROR] LogOutputStream:75 - [STDERR_REDIRECT] 
2025-08-11 22:25:52,912 [ERROR] LogOutputStream:75 - [STDERR_REDIRECT] [Fatal Error] :1:1: Premature end of file.
2025-08-11 22:25:52,912 [ERROR] LogOutputStream:75 - [STDERR_REDIRECT] 
2025-08-11 22:25:52,932 [ERROR] LogOutputStream:75 - [STDERR_REDIRECT] [Fatal Error] :1:1: Premature end of file.
2025-08-11 22:25:52,932 [ERROR] LogOutputStream:75 - [STDERR_REDIRECT] 
2025-08-11 22:25:52,953 [ERROR] LogOutputStream:75 - [STDERR_REDIRECT] [Fatal Error] :1:1: Premature end of file.
2025-08-11 22:25:52,953 [ERROR] LogOutputStream:75 - [STDERR_REDIRECT] 
2025-08-11 22:25:52,975 [ERROR] LogOutputStream:75 - [STDERR_REDIRECT] [Fatal Error] :1:1: Premature end of file.
2025-08-11 22:25:52,975 [ERROR] LogOutputStream:75 - [STDERR_REDIRECT] 
2025-08-11 22:25:52,995 [ERROR] LogOutputStream:75 - [STDERR_REDIRECT] [Fatal Error] :1:1: Premature end of file.
2025-08-11 22:25:52,995 [ERROR] LogOutputStream:75 - [STDERR_REDIRECT] 
2025-08-11 22:25:53,016 [ERROR] LogOutputStream:75 - [STDERR_REDIRECT] [Fatal Error] :1:1: Premature end of file.
2025-08-11 22:25:53,016 [ERROR] LogOutputStream:75 - [STDERR_REDIRECT] 
2025-08-11 22:25:53,038 [ERROR] LogOutputStream:75 - [STDERR_REDIRECT] [Fatal Error] :1:1: Premature end of file.
2025-08-11 22:25:53,038 [ERROR] LogOutputStream:75 - [STDERR_REDIRECT] 
2025-08-11 22:25:53,058 [ERROR] LogOutputStream:75 - [STDERR_REDIRECT] [Fatal Error] :1:1: Premature end of file.
2025-08-11 22:25:53,058 [ERROR] LogOutputStream:75 - [STDERR_REDIRECT] 
2025-08-11 22:25:53,079 [ERROR] LogOutputStream:75 - [STDERR_REDIRECT] [Fatal Error] :1:1: Premature end of file.
2025-08-11 22:25:53,079 [ERROR] LogOutputStream:75 - [STDERR_REDIRECT] 
2025-08-11 22:25:53,101 [ERROR] LogOutputStream:75 - [STDERR_REDIRECT] [Fatal Error] :1:1: Premature end of file.
2025-08-11 22:25:53,101 [ERROR] LogOutputStream:75 - [STDERR_REDIRECT] 
2025-08-11 22:25:53,121 [ERROR] LogOutputStream:75 - [STDERR_REDIRECT] [Fatal Error] :1:1: Premature end of file.
2025-08-11 22:25:53,121 [ERROR] LogOutputStream:75 - [STDERR_REDIRECT] 
2025-08-11 22:25:53,143 [ERROR] LogOutputStream:75 - [STDERR_REDIRECT] [Fatal Error] :1:1: Premature end of file.
2025-08-11 22:25:53,143 [ERROR] LogOutputStream:75 - [STDERR_REDIRECT] 
2025-08-11 22:25:53,166 [ERROR] LogOutputStream:75 - [STDERR_REDIRECT] [Fatal Error] :1:1: Premature end of file.
2025-08-11 22:25:53,167 [ERROR] LogOutputStream:75 - [STDERR_REDIRECT] 
2025-08-11 22:25:53,193 [ERROR] LogOutputStream:75 - [STDERR_REDIRECT] [Fatal Error] :1:1: Premature end of file.
2025-08-11 22:25:53,193 [ERROR] LogOutputStream:75 - [STDERR_REDIRECT] 
2025-08-11 22:25:53,215 [ERROR] LogOutputStream:75 - [STDERR_REDIRECT] [Fatal Error] :1:1: Premature end of file.
2025-08-11 22:25:53,215 [ERROR] LogOutputStream:75 - [STDERR_REDIRECT] 
2025-08-11 22:25:53,236 [ERROR] LogOutputStream:75 - [STDERR_REDIRECT] [Fatal Error] :1:1: Premature end of file.
2025-08-11 22:25:53,237 [ERROR] LogOutputStream:75 - [STDERR_REDIRECT] 
2025-08-11 22:25:53,258 [ERROR] LogOutputStream:75 - [STDERR_REDIRECT] [Fatal Error] :1:1: Premature end of file.
2025-08-11 22:25:53,258 [ERROR] LogOutputStream:75 - [STDERR_REDIRECT] 
2025-08-11 22:25:53,278 [ERROR] LogOutputStream:75 - [STDERR_REDIRECT] [Fatal Error] :1:1: Premature end of file.
2025-08-11 22:25:53,278 [ERROR] LogOutputStream:75 - [STDERR_REDIRECT] 
2025-08-11 22:25:53,299 [ERROR] LogOutputStream:75 - [STDERR_REDIRECT] [Fatal Error] :1:1: Premature end of file.
2025-08-11 22:25:53,299 [ERROR] LogOutputStream:75 - [STDERR_REDIRECT] 
2025-08-11 22:25:53,320 [ERROR] LogOutputStream:75 - [STDERR_REDIRECT] [Fatal Error] :1:1: Premature end of file.
2025-08-11 22:25:53,320 [ERROR] LogOutputStream:75 - [STDERR_REDIRECT] 
2025-08-11 22:25:53,340 [ERROR] LogOutputStream:75 - [STDERR_REDIRECT] [Fatal Error] :1:1: Premature end of file.
2025-08-11 22:25:53,340 [ERROR] LogOutputStream:75 - [STDERR_REDIRECT] 
2025-08-11 22:25:53,361 [ERROR] LogOutputStream:75 - [STDERR_REDIRECT] [Fatal Error] :1:1: Premature end of file.
2025-08-11 22:25:53,361 [ERROR] LogOutputStream:75 - [STDERR_REDIRECT] 
2025-08-11 22:25:53,381 [ERROR] LogOutputStream:75 - [STDERR_REDIRECT] [Fatal Error] :1:1: Premature end of file.
2025-08-11 22:25:53,381 [ERROR] LogOutputStream:75 - [STDERR_REDIRECT] 
2025-08-11 22:25:53,403 [ERROR] LogOutputStream:75 - [STDERR_REDIRECT] [Fatal Error] :1:1: Premature end of file.
2025-08-11 22:25:53,403 [ERROR] LogOutputStream:75 - [STDERR_REDIRECT] 
2025-08-11 22:25:53,426 [ERROR] LogOutputStream:75 - [STDERR_REDIRECT] [Fatal Error] :1:1: Premature end of file.
2025-08-11 22:25:53,427 [ERROR] LogOutputStream:75 - [STDERR_REDIRECT] 
2025-08-11 22:25:53,448 [ERROR] LogOutputStream:75 - [STDERR_REDIRECT] [Fatal Error] :1:1: Premature end of file.
2025-08-11 22:25:53,448 [ERROR] LogOutputStream:75 - [STDERR_REDIRECT] 
2025-08-11 22:25:53,470 [ERROR] LogOutputStream:75 - [STDERR_REDIRECT] [Fatal Error] :1:1: Premature end of file.
2025-08-11 22:25:53,470 [ERROR] LogOutputStream:75 - [STDERR_REDIRECT] 
2025-08-11 22:25:53,493 [ERROR] LogOutputStream:75 - [STDERR_REDIRECT] [Fatal Error] :1:1: Premature end of file.
2025-08-11 22:25:53,493 [ERROR] LogOutputStream:75 - [STDERR_REDIRECT] 
2025-08-11 22:25:53,514 [ERROR] LogOutputStream:75 - [STDERR_REDIRECT] [Fatal Error] :1:1: Premature end of file.
2025-08-11 22:25:53,514 [ERROR] LogOutputStream:75 - [STDERR_REDIRECT] 
2025-08-11 22:25:53,536 [ERROR] LogOutputStream:75 - [STDERR_REDIRECT] [Fatal Error] :1:1: Premature end of file.
2025-08-11 22:25:53,536 [ERROR] LogOutputStream:75 - [STDERR_REDIRECT] 
2025-08-11 22:25:53,558 [ERROR] LogOutputStream:75 - [STDERR_REDIRECT] [Fatal Error] :1:1: Premature end of file.
2025-08-11 22:25:53,558 [ERROR] LogOutputStream:75 - [STDERR_REDIRECT] 
2025-08-11 22:25:53,580 [ERROR] LogOutputStream:75 - [STDERR_REDIRECT] [Fatal Error] :1:1: Premature end of file.
2025-08-11 22:25:53,580 [ERROR] LogOutputStream:75 - [STDERR_REDIRECT] 
2025-08-11 22:25:53,602 [ERROR] LogOutputStream:75 - [STDERR_REDIRECT] [Fatal Error] :1:1: Premature end of file.
2025-08-11 22:25:53,602 [ERROR] LogOutputStream:75 - [STDERR_REDIRECT] 
2025-08-11 22:25:53,624 [ERROR] LogOutputStream:75 - [STDERR_REDIRECT] [Fatal Error] :1:1: Premature end of file.
2025-08-11 22:25:53,624 [ERROR] LogOutputStream:75 - [STDERR_REDIRECT] 
2025-08-11 22:25:53,645 [ERROR] LogOutputStream:75 - [STDERR_REDIRECT] [Fatal Error] :1:1: Premature end of file.
2025-08-11 22:25:53,645 [ERROR] LogOutputStream:75 - [STDERR_REDIRECT] 
2025-08-11 22:25:53,666 [ERROR] LogOutputStream:75 - [STDERR_REDIRECT] [Fatal Error] :1:1: Premature end of file.
2025-08-11 22:25:53,667 [ERROR] LogOutputStream:75 - [STDERR_REDIRECT] 
2025-08-11 22:25:53,690 [ERROR] LogOutputStream:75 - [STDERR_REDIRECT] [Fatal Error] :1:1: Premature end of file.
2025-08-11 22:25:53,690 [ERROR] LogOutputStream:75 - [STDERR_REDIRECT] 
2025-08-11 22:25:53,712 [ERROR] LogOutputStream:75 - [STDERR_REDIRECT] [Fatal Error] :1:1: Premature end of file.
2025-08-11 22:25:53,712 [ERROR] LogOutputStream:75 - [STDERR_REDIRECT] 
2025-08-11 22:25:53,734 [ERROR] LogOutputStream:75 - [STDERR_REDIRECT] [Fatal Error] :1:1: Premature end of file.
2025-08-11 22:25:53,739 [ERROR] LogOutputStream:75 - [STDERR_REDIRECT] 
2025-08-11 22:25:53,760 [ERROR] LogOutputStream:75 - [STDERR_REDIRECT] [Fatal Error] :1:1: Premature end of file.
2025-08-11 22:25:53,760 [ERROR] LogOutputStream:75 - [STDERR_REDIRECT] 
2025-08-11 22:25:53,782 [ERROR] LogOutputStream:75 - [STDERR_REDIRECT] [Fatal Error] :1:1: Premature end of file.
2025-08-11 22:25:53,782 [ERROR] LogOutputStream:75 - [STDERR_REDIRECT] 
2025-08-11 22:25:53,804 [ERROR] LogOutputStream:75 - [STDERR_REDIRECT] [Fatal Error] :1:1: Premature end of file.
2025-08-11 22:25:53,804 [ERROR] LogOutputStream:75 - [STDERR_REDIRECT] 
2025-08-11 22:25:53,829 [ERROR] LogOutputStream:75 - [STDERR_REDIRECT] [Fatal Error] :1:1: Premature end of file.
2025-08-11 22:25:53,829 [ERROR] LogOutputStream:75 - [STDERR_REDIRECT] 
2025-08-11 22:25:53,854 [ERROR] LogOutputStream:75 - [STDERR_REDIRECT] [Fatal Error] :1:1: Premature end of file.
2025-08-11 22:25:53,854 [ERROR] LogOutputStream:75 - [STDERR_REDIRECT] 
2025-08-11 22:25:53,876 [ERROR] LogOutputStream:75 - [STDERR_REDIRECT] [Fatal Error] :1:1: Premature end of file.
2025-08-11 22:25:53,876 [ERROR] LogOutputStream:75 - [STDERR_REDIRECT] 
2025-08-11 22:25:53,899 [ERROR] LogOutputStream:75 - [STDERR_REDIRECT] [Fatal Error] :1:1: Premature end of file.
2025-08-11 22:25:53,899 [ERROR] LogOutputStream:75 - [STDERR_REDIRECT] 
2025-08-11 22:25:53,920 [ERROR] LogOutputStream:75 - [STDERR_REDIRECT] [Fatal Error] :1:1: Premature end of file.
2025-08-11 22:25:53,920 [ERROR] LogOutputStream:75 - [STDERR_REDIRECT] 
2025-08-11 22:25:53,942 [ERROR] LogOutputStream:75 - [STDERR_REDIRECT] [Fatal Error] :1:1: Premature end of file.
2025-08-11 22:25:53,943 [ERROR] LogOutputStream:75 - [STDERR_REDIRECT] 
2025-08-11 22:25:53,963 [ERROR] LogOutputStream:75 - [STDERR_REDIRECT] [Fatal Error] :1:1: Premature end of file.
2025-08-11 22:25:53,963 [ERROR] LogOutputStream:75 - [STDERR_REDIRECT] 
2025-08-11 22:25:53,986 [ERROR] LogOutputStream:75 - [STDERR_REDIRECT] [Fatal Error] :1:1: Premature end of file.
2025-08-11 22:25:53,986 [ERROR] LogOutputStream:75 - [STDERR_REDIRECT] 
2025-08-11 22:25:54,008 [ERROR] LogOutputStream:75 - [STDERR_REDIRECT] [Fatal Error] :1:1: Premature end of file.
2025-08-11 22:25:54,008 [ERROR] LogOutputStream:75 - [STDERR_REDIRECT] 
2025-08-11 22:25:54,030 [ERROR] LogOutputStream:75 - [STDERR_REDIRECT] [Fatal Error] :1:1: Premature end of file.
2025-08-11 22:25:54,030 [ERROR] LogOutputStream:75 - [STDERR_REDIRECT] 
2025-08-11 22:25:54,053 [ERROR] LogOutputStream:75 - [STDERR_REDIRECT] [Fatal Error] :1:1: Premature end of file.
2025-08-11 22:25:54,053 [ERROR] LogOutputStream:75 - [STDERR_REDIRECT] 
2025-08-11 22:25:54,074 [ERROR] LogOutputStream:75 - [STDERR_REDIRECT] [Fatal Error] :1:1: Premature end of file.
2025-08-11 22:25:54,075 [ERROR] LogOutputStream:75 - [STDERR_REDIRECT] 
2025-08-11 22:25:54,096 [ERROR] LogOutputStream:75 - [STDERR_REDIRECT] [Fatal Error] :1:1: Premature end of file.
2025-08-11 22:25:54,096 [ERROR] LogOutputStream:75 - [STDERR_REDIRECT] 
2025-08-11 22:25:54,118 [ERROR] LogOutputStream:75 - [STDERR_REDIRECT] [Fatal Error] :1:1: Premature end of file.
2025-08-11 22:25:54,118 [ERROR] LogOutputStream:75 - [STDERR_REDIRECT] 
2025-08-11 22:25:54,139 [ERROR] LogOutputStream:75 - [STDERR_REDIRECT] [Fatal Error] :1:1: Premature end of file.
2025-08-11 22:25:54,139 [ERROR] LogOutputStream:75 - [STDERR_REDIRECT] 
2025-08-11 22:25:54,162 [ERROR] LogOutputStream:75 - [STDERR_REDIRECT] [Fatal Error] :1:1: Premature end of file.
2025-08-11 22:25:54,162 [ERROR] LogOutputStream:75 - [STDERR_REDIRECT] 
2025-08-11 22:25:54,184 [ERROR] LogOutputStream:75 - [STDERR_REDIRECT] [Fatal Error] :1:1: Premature end of file.
2025-08-11 22:25:54,184 [ERROR] LogOutputStream:75 - [STDERR_REDIRECT] 
2025-08-11 22:25:54,206 [ERROR] LogOutputStream:75 - [STDERR_REDIRECT] [Fatal Error] :1:1: Premature end of file.
2025-08-11 22:25:54,206 [ERROR] LogOutputStream:75 - [STDERR_REDIRECT] 
2025-08-11 22:25:54,227 [ERROR] LogOutputStream:75 - [STDERR_REDIRECT] [Fatal Error] :1:1: Premature end of file.
2025-08-11 22:25:54,227 [ERROR] LogOutputStream:75 - [STDERR_REDIRECT] 
2025-08-11 22:25:54,253 [ERROR] LogOutputStream:75 - [STDERR_REDIRECT] [Fatal Error] :1:1: Premature end of file.
2025-08-11 22:25:54,253 [ERROR] LogOutputStream:75 - [STDERR_REDIRECT] 
2025-08-11 22:25:54,282 [ERROR] LogOutputStream:75 - [STDERR_REDIRECT] [Fatal Error] :1:1: Premature end of file.
2025-08-11 22:25:54,282 [ERROR] LogOutputStream:75 - [STDERR_REDIRECT] 
2025-08-11 22:25:54,303 [ERROR] LogOutputStream:75 - [STDERR_REDIRECT] [Fatal Error] :1:1: Premature end of file.
2025-08-11 22:25:54,303 [ERROR] LogOutputStream:75 - [STDERR_REDIRECT] 
2025-08-11 22:25:54,324 [ERROR] LogOutputStream:75 - [STDERR_REDIRECT] [Fatal Error] :1:1: Premature end of file.
2025-08-11 22:25:54,324 [ERROR] LogOutputStream:75 - [STDERR_REDIRECT] 
2025-08-11 22:25:54,346 [ERROR] LogOutputStream:75 - [STDERR_REDIRECT] [Fatal Error] :1:1: Premature end of file.
2025-08-11 22:25:54,347 [ERROR] LogOutputStream:75 - [STDERR_REDIRECT] 
2025-08-11 22:25:54,370 [ERROR] LogOutputStream:75 - [STDERR_REDIRECT] [Fatal Error] :1:1: Premature end of file.
2025-08-11 22:25:54,370 [ERROR] LogOutputStream:75 - [STDERR_REDIRECT] 
2025-08-11 22:25:54,392 [ERROR] LogOutputStream:75 - [STDERR_REDIRECT] [Fatal Error] :1:1: Premature end of file.
2025-08-11 22:25:54,392 [ERROR] LogOutputStream:75 - [STDERR_REDIRECT] 
2025-08-11 22:25:54,413 [ERROR] LogOutputStream:75 - [STDERR_REDIRECT] [Fatal Error] :1:1: Premature end of file.
2025-08-11 22:25:54,413 [ERROR] LogOutputStream:75 - [STDERR_REDIRECT] 
2025-08-11 22:25:54,439 [ERROR] LogOutputStream:75 - [STDERR_REDIRECT] [Fatal Error] :1:1: Premature end of file.
2025-08-11 22:25:54,439 [ERROR] LogOutputStream:75 - [STDERR_REDIRECT] 
2025-08-11 22:25:54,461 [ERROR] LogOutputStream:75 - [STDERR_REDIRECT] [Fatal Error] :1:1: Premature end of file.
2025-08-11 22:25:54,461 [ERROR] LogOutputStream:75 - [STDERR_REDIRECT] 
2025-08-11 22:25:54,485 [ERROR] LogOutputStream:75 - [STDERR_REDIRECT] [Fatal Error] :1:1: Premature end of file.
2025-08-11 22:25:54,485 [ERROR] LogOutputStream:75 - [STDERR_REDIRECT] 
2025-08-11 22:25:54,506 [ERROR] LogOutputStream:75 - [STDERR_REDIRECT] [Fatal Error] :1:1: Premature end of file.
2025-08-11 22:25:54,506 [ERROR] LogOutputStream:75 - [STDERR_REDIRECT] 
2025-08-11 22:25:54,527 [ERROR] LogOutputStream:75 - [STDERR_REDIRECT] [Fatal Error] :1:1: Premature end of file.
2025-08-11 22:25:54,527 [ERROR] LogOutputStream:75 - [STDERR_REDIRECT] 
2025-08-11 22:25:54,551 [ERROR] LogOutputStream:75 - [STDERR_REDIRECT] [Fatal Error] :1:1: Premature end of file.
2025-08-11 22:25:54,551 [ERROR] LogOutputStream:75 - [STDERR_REDIRECT] 
2025-08-11 22:25:54,573 [ERROR] LogOutputStream:75 - [STDERR_REDIRECT] [Fatal Error] :1:1: Premature end of file.
2025-08-11 22:25:54,573 [ERROR] LogOutputStream:75 - [STDERR_REDIRECT] 
2025-08-11 22:25:54,596 [ERROR] LogOutputStream:75 - [STDERR_REDIRECT] [Fatal Error] :1:1: Premature end of file.
2025-08-11 22:25:54,596 [ERROR] LogOutputStream:75 - [STDERR_REDIRECT] 
2025-08-11 22:25:54,618 [ERROR] LogOutputStream:75 - [STDERR_REDIRECT] [Fatal Error] :1:1: Premature end of file.
2025-08-11 22:25:54,618 [ERROR] LogOutputStream:75 - [STDERR_REDIRECT] 
2025-08-11 22:25:54,639 [ERROR] LogOutputStream:75 - [STDERR_REDIRECT] [Fatal Error] :1:1: Premature end of file.
2025-08-11 22:25:54,639 [ERROR] LogOutputStream:75 - [STDERR_REDIRECT] 
2025-08-11 22:25:54,660 [ERROR] LogOutputStream:75 - [STDERR_REDIRECT] [Fatal Error] :1:1: Premature end of file.
2025-08-11 22:25:54,660 [ERROR] LogOutputStream:75 - [STDERR_REDIRECT] 
2025-08-11 22:25:54,683 [ERROR] LogOutputStream:75 - [STDERR_REDIRECT] [Fatal Error] :1:1: Premature end of file.
2025-08-11 22:25:54,684 [ERROR] LogOutputStream:75 - [STDERR_REDIRECT] 
2025-08-11 22:25:54,705 [ERROR] LogOutputStream:75 - [STDERR_REDIRECT] [Fatal Error] :1:1: Premature end of file.
2025-08-11 22:25:54,705 [ERROR] LogOutputStream:75 - [STDERR_REDIRECT] 
2025-08-11 22:25:54,726 [ERROR] LogOutputStream:75 - [STDERR_REDIRECT] [Fatal Error] :1:1: Premature end of file.
2025-08-11 22:25:54,727 [ERROR] LogOutputStream:75 - [STDERR_REDIRECT] 
2025-08-11 22:25:54,748 [ERROR] LogOutputStream:75 - [STDERR_REDIRECT] [Fatal Error] :1:1: Premature end of file.
2025-08-11 22:25:54,748 [ERROR] LogOutputStream:75 - [STDERR_REDIRECT] 
2025-08-11 22:25:54,770 [ERROR] LogOutputStream:75 - [STDERR_REDIRECT] [Fatal Error] :1:1: Premature end of file.
2025-08-11 22:25:54,770 [ERROR] LogOutputStream:75 - [STDERR_REDIRECT] 
2025-08-11 22:25:54,792 [ERROR] LogOutputStream:75 - [STDERR_REDIRECT] [Fatal Error] :1:1: Premature end of file.
2025-08-11 22:25:54,792 [ERROR] LogOutputStream:75 - [STDERR_REDIRECT] 
2025-08-11 22:25:54,814 [ERROR] LogOutputStream:75 - [STDERR_REDIRECT] [Fatal Error] :1:1: Premature end of file.
2025-08-11 22:25:54,814 [ERROR] LogOutputStream:75 - [STDERR_REDIRECT] 
2025-08-11 22:25:54,839 [ERROR] LogOutputStream:75 - [STDERR_REDIRECT] [Fatal Error] :1:1: Premature end of file.
2025-08-11 22:25:54,839 [ERROR] LogOutputStream:75 - [STDERR_REDIRECT] 
2025-08-11 22:25:54,861 [ERROR] LogOutputStream:75 - [STDERR_REDIRECT] [Fatal Error] :1:1: Premature end of file.
2025-08-11 22:25:54,861 [ERROR] LogOutputStream:75 - [STDERR_REDIRECT] 
2025-08-11 22:25:54,885 [ERROR] LogOutputStream:75 - [STDERR_REDIRECT] [Fatal Error] :1:1: Premature end of file.
2025-08-11 22:25:54,885 [ERROR] LogOutputStream:75 - [STDERR_REDIRECT] 
2025-08-11 22:25:54,906 [ERROR] LogOutputStream:75 - [STDERR_REDIRECT] [Fatal Error] :1:1: Premature end of file.
2025-08-11 22:25:54,906 [ERROR] LogOutputStream:75 - [STDERR_REDIRECT] 
2025-08-11 22:25:54,929 [ERROR] LogOutputStream:75 - [STDERR_REDIRECT] [Fatal Error] :1:1: Premature end of file.
2025-08-11 22:25:54,929 [ERROR] LogOutputStream:75 - [STDERR_REDIRECT] 
2025-08-11 22:25:54,952 [ERROR] LogOutputStream:75 - [STDERR_REDIRECT] [Fatal Error] :1:1: Premature end of file.
2025-08-11 22:25:54,952 [ERROR] LogOutputStream:75 - [STDERR_REDIRECT] 
2025-08-11 22:25:54,973 [ERROR] LogOutputStream:75 - [STDERR_REDIRECT] [Fatal Error] :1:1: Premature end of file.
2025-08-11 22:25:54,973 [ERROR] LogOutputStream:75 - [STDERR_REDIRECT] 
2025-08-11 22:25:54,996 [ERROR] LogOutputStream:75 - [STDERR_REDIRECT] [Fatal Error] :1:1: Premature end of file.
2025-08-11 22:25:54,996 [ERROR] LogOutputStream:75 - [STDERR_REDIRECT] 
2025-08-11 22:25:55,018 [ERROR] LogOutputStream:75 - [STDERR_REDIRECT] [Fatal Error] :1:1: Premature end of file.
2025-08-11 22:25:55,018 [ERROR] LogOutputStream:75 - [STDERR_REDIRECT] 
2025-08-11 22:25:55,039 [ERROR] LogOutputStream:75 - [STDERR_REDIRECT] [Fatal Error] :1:1: Premature end of file.
2025-08-11 22:25:55,040 [ERROR] LogOutputStream:75 - [STDERR_REDIRECT] 
2025-08-11 22:25:55,061 [ERROR] LogOutputStream:75 - [STDERR_REDIRECT] [Fatal Error] :1:1: Premature end of file.
2025-08-11 22:25:55,061 [ERROR] LogOutputStream:75 - [STDERR_REDIRECT] 
2025-08-11 22:25:55,085 [ERROR] LogOutputStream:75 - [STDERR_REDIRECT] [Fatal Error] :1:1: Premature end of file.
2025-08-11 22:25:55,085 [ERROR] LogOutputStream:75 - [STDERR_REDIRECT] 
2025-08-11 22:25:55,108 [ERROR] LogOutputStream:75 - [STDERR_REDIRECT] [Fatal Error] :1:1: Premature end of file.
2025-08-11 22:25:55,108 [ERROR] LogOutputStream:75 - [STDERR_REDIRECT] 
2025-08-11 22:25:55,130 [ERROR] LogOutputStream:75 - [STDERR_REDIRECT] [Fatal Error] :1:1: Premature end of file.
2025-08-11 22:25:55,130 [ERROR] LogOutputStream:75 - [STDERR_REDIRECT] 
2025-08-11 22:25:55,154 [ERROR] LogOutputStream:75 - [STDERR_REDIRECT] [Fatal Error] :1:1: Premature end of file.
2025-08-11 22:25:55,154 [ERROR] LogOutputStream:75 - [STDERR_REDIRECT] 
2025-08-11 22:25:55,175 [ERROR] LogOutputStream:75 - [STDERR_REDIRECT] [Fatal Error] :1:1: Premature end of file.
2025-08-11 22:25:55,175 [ERROR] LogOutputStream:75 - [STDERR_REDIRECT] 
2025-08-11 22:25:55,197 [ERROR] LogOutputStream:75 - [STDERR_REDIRECT] [Fatal Error] :1:1: Premature end of file.
2025-08-11 22:25:55,197 [ERROR] LogOutputStream:75 - [STDERR_REDIRECT] 
2025-08-11 22:25:55,220 [ERROR] LogOutputStream:75 - [STDERR_REDIRECT] [Fatal Error] :1:1: Premature end of file.
2025-08-11 22:25:55,220 [ERROR] LogOutputStream:75 - [STDERR_REDIRECT] 
2025-08-11 22:25:55,241 [ERROR] LogOutputStream:75 - [STDERR_REDIRECT] [Fatal Error] :1:1: Premature end of file.
2025-08-11 22:25:55,241 [ERROR] LogOutputStream:75 - [STDERR_REDIRECT] 
2025-08-11 22:25:55,263 [ERROR] LogOutputStream:75 - [STDERR_REDIRECT] [Fatal Error] :1:1: Premature end of file.
2025-08-11 22:25:55,263 [ERROR] LogOutputStream:75 - [STDERR_REDIRECT] 
2025-08-11 22:25:55,285 [ERROR] LogOutputStream:75 - [STDERR_REDIRECT] [Fatal Error] :1:1: Premature end of file.
2025-08-11 22:25:55,285 [ERROR] LogOutputStream:75 - [STDERR_REDIRECT] 
2025-08-11 22:25:55,306 [ERROR] LogOutputStream:75 - [STDERR_REDIRECT] [Fatal Error] :1:1: Premature end of file.
2025-08-11 22:25:55,306 [ERROR] LogOutputStream:75 - [STDERR_REDIRECT] 
2025-08-11 22:25:55,328 [ERROR] LogOutputStream:75 - [STDERR_REDIRECT] [Fatal Error] :1:1: Premature end of file.
2025-08-11 22:25:55,328 [ERROR] LogOutputStream:75 - [STDERR_REDIRECT] 
2025-08-11 22:25:55,353 [ERROR] LogOutputStream:75 - [STDERR_REDIRECT] [Fatal Error] :1:1: Premature end of file.
2025-08-11 22:25:55,353 [ERROR] LogOutputStream:75 - [STDERR_REDIRECT] 
2025-08-11 22:25:55,376 [ERROR] LogOutputStream:75 - [STDERR_REDIRECT] [Fatal Error] :1:1: Premature end of file.
2025-08-11 22:25:55,377 [ERROR] LogOutputStream:75 - [STDERR_REDIRECT] 
2025-08-11 22:25:55,400 [ERROR] LogOutputStream:75 - [STDERR_REDIRECT] [Fatal Error] :1:1: Premature end of file.
2025-08-11 22:25:55,400 [ERROR] LogOutputStream:75 - [STDERR_REDIRECT] 
2025-08-11 22:25:55,421 [ERROR] LogOutputStream:75 - [STDERR_REDIRECT] [Fatal Error] :1:1: Premature end of file.
2025-08-11 22:25:55,421 [ERROR] LogOutputStream:75 - [STDERR_REDIRECT] 
2025-08-11 22:25:55,443 [ERROR] LogOutputStream:75 - [STDERR_REDIRECT] [Fatal Error] :1:1: Premature end of file.
2025-08-11 22:25:55,443 [ERROR] LogOutputStream:75 - [STDERR_REDIRECT] 
2025-08-11 22:25:55,467 [ERROR] LogOutputStream:75 - [STDERR_REDIRECT] [Fatal Error] :1:1: Premature end of file.
2025-08-11 22:25:55,467 [ERROR] LogOutputStream:75 - [STDERR_REDIRECT] 
2025-08-11 22:25:55,490 [ERROR] LogOutputStream:75 - [STDERR_REDIRECT] [Fatal Error] :1:1: Premature end of file.
2025-08-11 22:25:55,490 [ERROR] LogOutputStream:75 - [STDERR_REDIRECT] 
2025-08-11 22:25:55,512 [ERROR] LogOutputStream:75 - [STDERR_REDIRECT] [Fatal Error] :1:1: Premature end of file.
2025-08-11 22:25:55,513 [ERROR] LogOutputStream:75 - [STDERR_REDIRECT] 
2025-08-11 22:25:55,535 [ERROR] LogOutputStream:75 - [STDERR_REDIRECT] [Fatal Error] :1:1: Premature end of file.
2025-08-11 22:25:55,535 [ERROR] LogOutputStream:75 - [STDERR_REDIRECT] 
2025-08-11 22:25:55,557 [ERROR] LogOutputStream:75 - [STDERR_REDIRECT] [Fatal Error] :1:1: Premature end of file.
2025-08-11 22:25:55,557 [ERROR] LogOutputStream:75 - [STDERR_REDIRECT] 
2025-08-11 22:25:55,580 [ERROR] LogOutputStream:75 - [STDERR_REDIRECT] [Fatal Error] :1:1: Premature end of file.
2025-08-11 22:25:55,580 [ERROR] LogOutputStream:75 - [STDERR_REDIRECT] 
2025-08-11 22:25:55,603 [ERROR] LogOutputStream:75 - [STDERR_REDIRECT] [Fatal Error] :1:1: Premature end of file.
2025-08-11 22:25:55,603 [ERROR] LogOutputStream:75 - [STDERR_REDIRECT] 
2025-08-11 22:25:55,625 [ERROR] LogOutputStream:75 - [STDERR_REDIRECT] [Fatal Error] :1:1: Premature end of file.
2025-08-11 22:25:55,625 [ERROR] LogOutputStream:75 - [STDERR_REDIRECT] 
2025-08-11 22:25:55,647 [ERROR] LogOutputStream:75 - [STDERR_REDIRECT] [Fatal Error] :1:1: Premature end of file.
2025-08-11 22:25:55,648 [ERROR] LogOutputStream:75 - [STDERR_REDIRECT] 
2025-08-11 22:25:55,669 [ERROR] LogOutputStream:75 - [STDERR_REDIRECT] [Fatal Error] :1:1: Premature end of file.
2025-08-11 22:25:55,669 [ERROR] LogOutputStream:75 - [STDERR_REDIRECT] 
2025-08-11 22:25:55,692 [ERROR] LogOutputStream:75 - [STDERR_REDIRECT] [Fatal Error] :1:1: Premature end of file.
2025-08-11 22:25:55,692 [ERROR] LogOutputStream:75 - [STDERR_REDIRECT] 
2025-08-11 22:25:55,715 [ERROR] LogOutputStream:75 - [STDERR_REDIRECT] [Fatal Error] :1:1: Premature end of file.
2025-08-11 22:25:55,715 [ERROR] LogOutputStream:75 - [STDERR_REDIRECT] 
2025-08-11 22:25:55,739 [ERROR] LogOutputStream:75 - [STDERR_REDIRECT] [Fatal Error] :1:1: Premature end of file.
2025-08-11 22:25:55,739 [ERROR] LogOutputStream:75 - [STDERR_REDIRECT] 
2025-08-11 22:25:55,760 [ERROR] LogOutputStream:75 - [STDERR_REDIRECT] [Fatal Error] :1:1: Premature end of file.
2025-08-11 22:25:55,760 [ERROR] LogOutputStream:75 - [STDERR_REDIRECT] 
2025-08-11 22:25:55,783 [ERROR] LogOutputStream:75 - [STDERR_REDIRECT] [Fatal Error] :1:1: Premature end of file.
2025-08-11 22:25:55,783 [ERROR] LogOutputStream:75 - [STDERR_REDIRECT] 
2025-08-11 22:25:55,805 [ERROR] LogOutputStream:75 - [STDERR_REDIRECT] [Fatal Error] :1:1: Premature end of file.
2025-08-11 22:25:55,805 [ERROR] LogOutputStream:75 - [STDERR_REDIRECT] 
2025-08-11 22:25:55,827 [ERROR] LogOutputStream:75 - [STDERR_REDIRECT] [Fatal Error] :1:1: Premature end of file.
2025-08-11 22:25:55,827 [ERROR] LogOutputStream:75 - [STDERR_REDIRECT] 
2025-08-11 22:25:55,848 [ERROR] LogOutputStream:75 - [STDERR_REDIRECT] [Fatal Error] :1:1: Premature end of file.
2025-08-11 22:25:55,848 [ERROR] LogOutputStream:75 - [STDERR_REDIRECT] 
2025-08-11 22:25:55,870 [ERROR] LogOutputStream:75 - [STDERR_REDIRECT] [Fatal Error] :1:1: Premature end of file.
2025-08-11 22:25:55,870 [ERROR] LogOutputStream:75 - [STDERR_REDIRECT] 
2025-08-11 22:25:55,892 [ERROR] LogOutputStream:75 - [STDERR_REDIRECT] [Fatal Error] :1:1: Premature end of file.
2025-08-11 22:25:55,892 [ERROR] LogOutputStream:75 - [STDERR_REDIRECT] 
2025-08-11 22:25:55,913 [ERROR] LogOutputStream:75 - [STDERR_REDIRECT] [Fatal Error] :1:1: Premature end of file.
2025-08-11 22:25:55,913 [ERROR] LogOutputStream:75 - [STDERR_REDIRECT] 
2025-08-11 22:25:55,935 [ERROR] LogOutputStream:75 - [STDERR_REDIRECT] [Fatal Error] :1:1: Premature end of file.
2025-08-11 22:25:55,935 [ERROR] LogOutputStream:75 - [STDERR_REDIRECT] 
2025-08-11 22:25:55,955 [ERROR] LogOutputStream:75 - [STDERR_REDIRECT] [Fatal Error] :1:1: Premature end of file.
2025-08-11 22:25:55,955 [ERROR] LogOutputStream:75 - [STDERR_REDIRECT] 
2025-08-11 22:25:55,976 [ERROR] LogOutputStream:75 - [STDERR_REDIRECT] [Fatal Error] :1:1: Premature end of file.
2025-08-11 22:25:55,976 [ERROR] LogOutputStream:75 - [STDERR_REDIRECT] 
2025-08-11 22:25:55,998 [ERROR] LogOutputStream:75 - [STDERR_REDIRECT] [Fatal Error] :1:1: Premature end of file.
2025-08-11 22:25:55,998 [ERROR] LogOutputStream:75 - [STDERR_REDIRECT] 
2025-08-11 22:25:56,020 [ERROR] LogOutputStream:75 - [STDERR_REDIRECT] [Fatal Error] :1:1: Premature end of file.
2025-08-11 22:25:56,020 [ERROR] LogOutputStream:75 - [STDERR_REDIRECT] 
2025-08-11 22:25:56,041 [ERROR] LogOutputStream:75 - [STDERR_REDIRECT] [Fatal Error] :1:1: Premature end of file.
2025-08-11 22:25:56,042 [ERROR] LogOutputStream:75 - [STDERR_REDIRECT] 
2025-08-11 22:25:56,063 [ERROR] LogOutputStream:75 - [STDERR_REDIRECT] [Fatal Error] :1:1: Premature end of file.
2025-08-11 22:25:56,063 [ERROR] LogOutputStream:75 - [STDERR_REDIRECT] 
2025-08-11 22:25:56,085 [ERROR] LogOutputStream:75 - [STDERR_REDIRECT] [Fatal Error] :1:1: Premature end of file.
2025-08-11 22:25:56,085 [ERROR] LogOutputStream:75 - [STDERR_REDIRECT] 
2025-08-11 22:25:56,107 [ERROR] LogOutputStream:75 - [STDERR_REDIRECT] [Fatal Error] :1:1: Premature end of file.
2025-08-11 22:25:56,107 [ERROR] LogOutputStream:75 - [STDERR_REDIRECT] 
2025-08-11 22:25:56,128 [ERROR] LogOutputStream:75 - [STDERR_REDIRECT] [Fatal Error] :1:1: Premature end of file.
2025-08-11 22:25:56,128 [ERROR] LogOutputStream:75 - [STDERR_REDIRECT] 
2025-08-11 22:25:56,151 [ERROR] LogOutputStream:75 - [STDERR_REDIRECT] [Fatal Error] :1:1: Premature end of file.
2025-08-11 22:25:56,151 [ERROR] LogOutputStream:75 - [STDERR_REDIRECT] 
2025-08-11 22:25:56,172 [ERROR] LogOutputStream:75 - [STDERR_REDIRECT] [Fatal Error] :1:1: Premature end of file.
2025-08-11 22:25:56,172 [ERROR] LogOutputStream:75 - [STDERR_REDIRECT] 
2025-08-11 22:25:56,195 [ERROR] LogOutputStream:75 - [STDERR_REDIRECT] [Fatal Error] :1:1: Premature end of file.
2025-08-11 22:25:56,195 [ERROR] LogOutputStream:75 - [STDERR_REDIRECT] 
2025-08-11 22:25:56,218 [ERROR] LogOutputStream:75 - [STDERR_REDIRECT] [Fatal Error] :1:1: Premature end of file.
2025-08-11 22:25:56,218 [ERROR] LogOutputStream:75 - [STDERR_REDIRECT] 
2025-08-11 22:25:56,240 [ERROR] LogOutputStream:75 - [STDERR_REDIRECT] [Fatal Error] :1:1: Premature end of file.
2025-08-11 22:25:56,240 [ERROR] LogOutputStream:75 - [STDERR_REDIRECT] 
2025-08-11 22:25:56,264 [ERROR] LogOutputStream:75 - [STDERR_REDIRECT] [Fatal Error] :1:1: Premature end of file.
2025-08-11 22:25:56,264 [ERROR] LogOutputStream:75 - [STDERR_REDIRECT] 
2025-08-11 22:25:56,288 [ERROR] LogOutputStream:75 - [STDERR_REDIRECT] [Fatal Error] :1:1: Premature end of file.
2025-08-11 22:25:56,288 [ERROR] LogOutputStream:75 - [STDERR_REDIRECT] 
2025-08-11 22:25:56,309 [ERROR] LogOutputStream:75 - [STDERR_REDIRECT] [Fatal Error] :1:1: Premature end of file.
2025-08-11 22:25:56,309 [ERROR] LogOutputStream:75 - [STDERR_REDIRECT] 
2025-08-11 22:25:56,332 [ERROR] LogOutputStream:75 - [STDERR_REDIRECT] [Fatal Error] :1:1: Premature end of file.
2025-08-11 22:25:56,332 [ERROR] LogOutputStream:75 - [STDERR_REDIRECT] 
2025-08-11 22:25:56,357 [ERROR] LogOutputStream:75 - [STDERR_REDIRECT] [Fatal Error] :1:1: Premature end of file.
2025-08-11 22:25:56,357 [ERROR] LogOutputStream:75 - [STDERR_REDIRECT] 
2025-08-11 22:25:56,380 [ERROR] LogOutputStream:75 - [STDERR_REDIRECT] [Fatal Error] :1:1: Premature end of file.
2025-08-11 22:25:56,380 [ERROR] LogOutputStream:75 - [STDERR_REDIRECT] 
2025-08-11 22:25:56,403 [ERROR] LogOutputStream:75 - [STDERR_REDIRECT] [Fatal Error] :1:1: Premature end of file.
2025-08-11 22:25:56,403 [ERROR] LogOutputStream:75 - [STDERR_REDIRECT] 
2025-08-11 22:25:56,424 [ERROR] LogOutputStream:75 - [STDERR_REDIRECT] [Fatal Error] :1:1: Premature end of file.
2025-08-11 22:25:56,425 [ERROR] LogOutputStream:75 - [STDERR_REDIRECT] 
2025-08-11 22:25:56,453 [ERROR] LogOutputStream:75 - [STDERR_REDIRECT] [Fatal Error] :1:1: Premature end of file.
2025-08-11 22:25:56,453 [ERROR] LogOutputStream:75 - [STDERR_REDIRECT] 
2025-08-11 22:25:56,476 [ERROR] LogOutputStream:75 - [STDERR_REDIRECT] [Fatal Error] :1:1: Premature end of file.
2025-08-11 22:25:56,476 [ERROR] LogOutputStream:75 - [STDERR_REDIRECT] 
2025-08-11 22:25:56,500 [ERROR] LogOutputStream:75 - [STDERR_REDIRECT] [Fatal Error] :1:1: Premature end of file.
2025-08-11 22:25:56,500 [ERROR] LogOutputStream:75 - [STDERR_REDIRECT] 
2025-08-11 22:25:56,521 [ERROR] LogOutputStream:75 - [STDERR_REDIRECT] [Fatal Error] :1:1: Premature end of file.
2025-08-11 22:25:56,522 [ERROR] LogOutputStream:75 - [STDERR_REDIRECT] 
2025-08-11 22:25:56,541 [ERROR] LogOutputStream:75 - [STDERR_REDIRECT] [Fatal Error] :1:1: Premature end of file.
2025-08-11 22:25:56,542 [ERROR] LogOutputStream:75 - [STDERR_REDIRECT] 
2025-08-11 22:25:56,563 [ERROR] LogOutputStream:75 - [STDERR_REDIRECT] [Fatal Error] :1:1: Premature end of file.
2025-08-11 22:25:56,563 [ERROR] LogOutputStream:75 - [STDERR_REDIRECT] 
2025-08-11 22:25:56,584 [ERROR] LogOutputStream:75 - [STDERR_REDIRECT] [Fatal Error] :1:1: Premature end of file.
2025-08-11 22:25:56,584 [ERROR] LogOutputStream:75 - [STDERR_REDIRECT] 
2025-08-11 22:25:56,606 [ERROR] LogOutputStream:75 - [STDERR_REDIRECT] [Fatal Error] :1:1: Premature end of file.
2025-08-11 22:25:56,606 [ERROR] LogOutputStream:75 - [STDERR_REDIRECT] 
2025-08-11 22:25:56,627 [ERROR] LogOutputStream:75 - [STDERR_REDIRECT] [Fatal Error] :1:1: Premature end of file.
2025-08-11 22:25:56,627 [ERROR] LogOutputStream:75 - [STDERR_REDIRECT] 
2025-08-11 22:25:56,650 [ERROR] LogOutputStream:75 - [STDERR_REDIRECT] [Fatal Error] :1:1: Premature end of file.
2025-08-11 22:25:56,650 [ERROR] LogOutputStream:75 - [STDERR_REDIRECT] 
2025-08-11 22:25:56,673 [ERROR] LogOutputStream:75 - [STDERR_REDIRECT] [Fatal Error] :1:1: Premature end of file.
2025-08-11 22:25:56,673 [ERROR] LogOutputStream:75 - [STDERR_REDIRECT] 
2025-08-11 22:25:56,694 [ERROR] LogOutputStream:75 - [STDERR_REDIRECT] [Fatal Error] :1:1: Premature end of file.
2025-08-11 22:25:56,694 [ERROR] LogOutputStream:75 - [STDERR_REDIRECT] 
2025-08-11 22:25:56,716 [ERROR] LogOutputStream:75 - [STDERR_REDIRECT] [Fatal Error] :1:1: Premature end of file.
2025-08-11 22:25:56,716 [ERROR] LogOutputStream:75 - [STDERR_REDIRECT] 
2025-08-11 22:25:56,737 [ERROR] LogOutputStream:75 - [STDERR_REDIRECT] [Fatal Error] :1:1: Premature end of file.
2025-08-11 22:25:56,737 [ERROR] LogOutputStream:75 - [STDERR_REDIRECT] 
2025-08-11 22:25:56,759 [ERROR] LogOutputStream:75 - [STDERR_REDIRECT] [Fatal Error] :1:1: Premature end of file.
2025-08-11 22:25:56,759 [ERROR] LogOutputStream:75 - [STDERR_REDIRECT] 
2025-08-11 22:25:56,781 [ERROR] LogOutputStream:75 - [STDERR_REDIRECT] [Fatal Error] :1:1: Premature end of file.
2025-08-11 22:25:56,781 [ERROR] LogOutputStream:75 - [STDERR_REDIRECT] 
2025-08-11 22:25:56,802 [ERROR] LogOutputStream:75 - [STDERR_REDIRECT] [Fatal Error] :1:1: Premature end of file.
2025-08-11 22:25:56,802 [ERROR] LogOutputStream:75 - [STDERR_REDIRECT] 
2025-08-11 22:25:56,824 [ERROR] LogOutputStream:75 - [STDERR_REDIRECT] [Fatal Error] :1:1: Premature end of file.
2025-08-11 22:25:56,825 [ERROR] LogOutputStream:75 - [STDERR_REDIRECT] 
2025-08-11 22:25:56,846 [ERROR] LogOutputStream:75 - [STDERR_REDIRECT] [Fatal Error] :1:1: Premature end of file.
2025-08-11 22:25:56,846 [ERROR] LogOutputStream:75 - [STDERR_REDIRECT] 
2025-08-11 22:25:56,868 [ERROR] LogOutputStream:75 - [STDERR_REDIRECT] [Fatal Error] :1:1: Premature end of file.
2025-08-11 22:25:56,868 [ERROR] LogOutputStream:75 - [STDERR_REDIRECT] 
2025-08-11 22:25:56,891 [ERROR] LogOutputStream:75 - [STDERR_REDIRECT] [Fatal Error] :1:1: Premature end of file.
2025-08-11 22:25:56,891 [ERROR] LogOutputStream:75 - [STDERR_REDIRECT] 
2025-08-11 22:25:56,913 [ERROR] LogOutputStream:75 - [STDERR_REDIRECT] [Fatal Error] :1:1: Premature end of file.
2025-08-11 22:25:56,913 [ERROR] LogOutputStream:75 - [STDERR_REDIRECT] 
2025-08-11 22:25:56,935 [ERROR] LogOutputStream:75 - [STDERR_REDIRECT] [Fatal Error] :1:1: Premature end of file.
2025-08-11 22:25:56,935 [ERROR] LogOutputStream:75 - [STDERR_REDIRECT] 
2025-08-11 22:25:56,956 [ERROR] LogOutputStream:75 - [STDERR_REDIRECT] [Fatal Error] :1:1: Premature end of file.
2025-08-11 22:25:56,956 [ERROR] LogOutputStream:75 - [STDERR_REDIRECT] 
2025-08-11 22:25:56,979 [ERROR] LogOutputStream:75 - [STDERR_REDIRECT] [Fatal Error] :1:1: Premature end of file.
2025-08-11 22:25:56,979 [ERROR] LogOutputStream:75 - [STDERR_REDIRECT] 
2025-08-11 22:25:57,001 [ERROR] LogOutputStream:75 - [STDERR_REDIRECT] [Fatal Error] :1:1: Premature end of file.
2025-08-11 22:25:57,001 [ERROR] LogOutputStream:75 - [STDERR_REDIRECT] 
2025-08-11 22:25:57,022 [ERROR] LogOutputStream:75 - [STDERR_REDIRECT] [Fatal Error] :1:1: Premature end of file.
2025-08-11 22:25:57,022 [ERROR] LogOutputStream:75 - [STDERR_REDIRECT] 
2025-08-11 22:25:57,043 [ERROR] LogOutputStream:75 - [STDERR_REDIRECT] [Fatal Error] :1:1: Premature end of file.
2025-08-11 22:25:57,043 [ERROR] LogOutputStream:75 - [STDERR_REDIRECT] 
2025-08-11 22:25:57,065 [ERROR] LogOutputStream:75 - [STDERR_REDIRECT] [Fatal Error] :1:1: Premature end of file.
2025-08-11 22:25:57,065 [ERROR] LogOutputStream:75 - [STDERR_REDIRECT] 
2025-08-11 22:25:57,086 [ERROR] LogOutputStream:75 - [STDERR_REDIRECT] [Fatal Error] :1:1: Premature end of file.
2025-08-11 22:25:57,086 [ERROR] LogOutputStream:75 - [STDERR_REDIRECT] 
2025-08-11 22:25:57,108 [ERROR] LogOutputStream:75 - [STDERR_REDIRECT] [Fatal Error] :1:1: Premature end of file.
2025-08-11 22:25:57,108 [ERROR] LogOutputStream:75 - [STDERR_REDIRECT] 
2025-08-11 22:25:57,129 [ERROR] LogOutputStream:75 - [STDERR_REDIRECT] [Fatal Error] :1:1: Premature end of file.
2025-08-11 22:25:57,129 [ERROR] LogOutputStream:75 - [STDERR_REDIRECT] 
2025-08-11 22:25:57,151 [ERROR] LogOutputStream:75 - [STDERR_REDIRECT] [Fatal Error] :1:1: Premature end of file.
2025-08-11 22:25:57,151 [ERROR] LogOutputStream:75 - [STDERR_REDIRECT] 
2025-08-11 22:25:57,172 [ERROR] LogOutputStream:75 - [STDERR_REDIRECT] [Fatal Error] :1:1: Premature end of file.
2025-08-11 22:25:57,172 [ERROR] LogOutputStream:75 - [STDERR_REDIRECT] 
2025-08-11 22:25:57,193 [ERROR] LogOutputStream:75 - [STDERR_REDIRECT] [Fatal Error] :1:1: Premature end of file.
2025-08-11 22:25:57,193 [ERROR] LogOutputStream:75 - [STDERR_REDIRECT] 
2025-08-11 22:25:57,216 [ERROR] LogOutputStream:75 - [STDERR_REDIRECT] [Fatal Error] :1:1: Premature end of file.
2025-08-11 22:25:57,216 [ERROR] LogOutputStream:75 - [STDERR_REDIRECT] 
2025-08-11 22:25:57,238 [ERROR] LogOutputStream:75 - [STDERR_REDIRECT] [Fatal Error] :1:1: Premature end of file.
2025-08-11 22:25:57,238 [ERROR] LogOutputStream:75 - [STDERR_REDIRECT] 
2025-08-11 22:25:57,262 [ERROR] LogOutputStream:75 - [STDERR_REDIRECT] [Fatal Error] :1:1: Premature end of file.
2025-08-11 22:25:57,262 [ERROR] LogOutputStream:75 - [STDERR_REDIRECT] 
2025-08-11 22:25:57,285 [ERROR] LogOutputStream:75 - [STDERR_REDIRECT] [Fatal Error] :1:1: Premature end of file.
2025-08-11 22:25:57,285 [ERROR] LogOutputStream:75 - [STDERR_REDIRECT] 
2025-08-11 22:25:57,306 [ERROR] LogOutputStream:75 - [STDERR_REDIRECT] [Fatal Error] :1:1: Premature end of file.
2025-08-11 22:25:57,306 [ERROR] LogOutputStream:75 - [STDERR_REDIRECT] 
2025-08-11 22:25:57,327 [ERROR] LogOutputStream:75 - [STDERR_REDIRECT] [Fatal Error] :1:1: Premature end of file.
2025-08-11 22:25:57,327 [ERROR] LogOutputStream:75 - [STDERR_REDIRECT] 
2025-08-11 22:25:57,350 [ERROR] LogOutputStream:75 - [STDERR_REDIRECT] [Fatal Error] :1:1: Premature end of file.
2025-08-11 22:25:57,350 [ERROR] LogOutputStream:75 - [STDERR_REDIRECT] 
2025-08-11 22:25:57,370 [ERROR] LogOutputStream:75 - [STDERR_REDIRECT] [Fatal Error] :1:1: Premature end of file.
2025-08-11 22:25:57,370 [ERROR] LogOutputStream:75 - [STDERR_REDIRECT] 
2025-08-11 22:25:57,391 [ERROR] LogOutputStream:75 - [STDERR_REDIRECT] [Fatal Error] :1:1: Premature end of file.
2025-08-11 22:25:57,391 [ERROR] LogOutputStream:75 - [STDERR_REDIRECT] 
2025-08-11 22:25:57,413 [ERROR] LogOutputStream:75 - [STDERR_REDIRECT] [Fatal Error] :1:1: Premature end of file.
2025-08-11 22:25:57,413 [ERROR] LogOutputStream:75 - [STDERR_REDIRECT] 
2025-08-11 22:25:57,435 [ERROR] LogOutputStream:75 - [STDERR_REDIRECT] [Fatal Error] :1:1: Premature end of file.
2025-08-11 22:25:57,435 [ERROR] LogOutputStream:75 - [STDERR_REDIRECT] 
2025-08-11 22:25:57,456 [ERROR] LogOutputStream:75 - [STDERR_REDIRECT] [Fatal Error] :1:1: Premature end of file.
2025-08-11 22:25:57,457 [ERROR] LogOutputStream:75 - [STDERR_REDIRECT] 
2025-08-11 22:25:57,477 [ERROR] LogOutputStream:75 - [STDERR_REDIRECT] [Fatal Error] :1:1: Premature end of file.
2025-08-11 22:25:57,477 [ERROR] LogOutputStream:75 - [STDERR_REDIRECT] 
2025-08-11 22:25:57,499 [ERROR] LogOutputStream:75 - [STDERR_REDIRECT] [Fatal Error] :1:1: Premature end of file.
2025-08-11 22:25:57,499 [ERROR] LogOutputStream:75 - [STDERR_REDIRECT] 
2025-08-11 22:25:57,520 [ERROR] LogOutputStream:75 - [STDERR_REDIRECT] [Fatal Error] :1:1: Premature end of file.
2025-08-11 22:25:57,520 [ERROR] LogOutputStream:75 - [STDERR_REDIRECT] 
2025-08-11 22:25:57,552 [ERROR] LogOutputStream:75 - [STDERR_REDIRECT] [Fatal Error] :1:1: Premature end of file.
2025-08-11 22:25:57,552 [ERROR] LogOutputStream:75 - [STDERR_REDIRECT] 
2025-08-11 22:25:57,573 [ERROR] LogOutputStream:75 - [STDERR_REDIRECT] [Fatal Error] :1:1: Premature end of file.
2025-08-11 22:25:57,573 [ERROR] LogOutputStream:75 - [STDERR_REDIRECT] 
2025-08-11 22:25:57,594 [ERROR] LogOutputStream:75 - [STDERR_REDIRECT] [Fatal Error] :1:1: Premature end of file.
2025-08-11 22:25:57,594 [ERROR] LogOutputStream:75 - [STDERR_REDIRECT] 
2025-08-11 22:25:57,617 [ERROR] LogOutputStream:75 - [STDERR_REDIRECT] [Fatal Error] :1:1: Premature end of file.
2025-08-11 22:25:57,617 [ERROR] LogOutputStream:75 - [STDERR_REDIRECT] 
2025-08-11 22:25:57,641 [ERROR] LogOutputStream:75 - [STDERR_REDIRECT] [Fatal Error] :1:1: Premature end of file.
2025-08-11 22:25:57,641 [ERROR] LogOutputStream:75 - [STDERR_REDIRECT] 
2025-08-11 22:25:57,663 [ERROR] LogOutputStream:75 - [STDERR_REDIRECT] [Fatal Error] :1:1: Premature end of file.
2025-08-11 22:25:57,663 [ERROR] LogOutputStream:75 - [STDERR_REDIRECT] 
2025-08-11 22:25:57,684 [ERROR] LogOutputStream:75 - [STDERR_REDIRECT] [Fatal Error] :1:1: Premature end of file.
2025-08-11 22:25:57,684 [ERROR] LogOutputStream:75 - [STDERR_REDIRECT] 
2025-08-11 22:25:57,705 [ERROR] LogOutputStream:75 - [STDERR_REDIRECT] [Fatal Error] :1:1: Premature end of file.
2025-08-11 22:25:57,705 [ERROR] LogOutputStream:75 - [STDERR_REDIRECT] 
2025-08-11 22:25:57,727 [ERROR] LogOutputStream:75 - [STDERR_REDIRECT] [Fatal Error] :1:1: Premature end of file.
2025-08-11 22:25:57,728 [ERROR] LogOutputStream:75 - [STDERR_REDIRECT] 
2025-08-11 22:25:57,750 [ERROR] LogOutputStream:75 - [STDERR_REDIRECT] [Fatal Error] :1:1: Premature end of file.
2025-08-11 22:25:57,751 [ERROR] LogOutputStream:75 - [STDERR_REDIRECT] 
2025-08-11 22:25:57,772 [ERROR] LogOutputStream:75 - [STDERR_REDIRECT] [Fatal Error] :1:1: Premature end of file.
2025-08-11 22:25:57,772 [ERROR] LogOutputStream:75 - [STDERR_REDIRECT] 
2025-08-11 22:25:57,794 [ERROR] LogOutputStream:75 - [STDERR_REDIRECT] [Fatal Error] :1:1: Premature end of file.
2025-08-11 22:25:57,794 [ERROR] LogOutputStream:75 - [STDERR_REDIRECT] 
2025-08-11 22:25:57,817 [ERROR] LogOutputStream:75 - [STDERR_REDIRECT] [Fatal Error] :1:1: Premature end of file.
2025-08-11 22:25:57,827 [ERROR] LogOutputStream:75 - [STDERR_REDIRECT] 
2025-08-11 22:25:57,848 [ERROR] LogOutputStream:75 - [STDERR_REDIRECT] [Fatal Error] :1:1: Premature end of file.
2025-08-11 22:25:57,849 [ERROR] LogOutputStream:75 - [STDERR_REDIRECT] 
2025-08-11 22:25:57,871 [ERROR] LogOutputStream:75 - [STDERR_REDIRECT] [Fatal Error] :1:1: Premature end of file.
2025-08-11 22:25:57,871 [ERROR] LogOutputStream:75 - [STDERR_REDIRECT] 
2025-08-11 22:25:57,893 [ERROR] LogOutputStream:75 - [STDERR_REDIRECT] [Fatal Error] :1:1: Premature end of file.
2025-08-11 22:25:57,893 [ERROR] LogOutputStream:75 - [STDERR_REDIRECT] 
2025-08-11 22:25:57,918 [ERROR] LogOutputStream:75 - [STDERR_REDIRECT] [Fatal Error] :1:1: Premature end of file.
2025-08-11 22:25:57,918 [ERROR] LogOutputStream:75 - [STDERR_REDIRECT] 
2025-08-11 22:25:57,940 [ERROR] LogOutputStream:75 - [STDERR_REDIRECT] [Fatal Error] :1:1: Premature end of file.
2025-08-11 22:25:57,940 [ERROR] LogOutputStream:75 - [STDERR_REDIRECT] 
2025-08-11 22:25:57,963 [ERROR] LogOutputStream:75 - [STDERR_REDIRECT] [Fatal Error] :1:1: Premature end of file.
2025-08-11 22:25:57,963 [ERROR] LogOutputStream:75 - [STDERR_REDIRECT] 
2025-08-11 22:25:57,990 [ERROR] LogOutputStream:75 - [STDERR_REDIRECT] [Fatal Error] :1:1: Premature end of file.
2025-08-11 22:25:57,990 [ERROR] LogOutputStream:75 - [STDERR_REDIRECT] 
2025-08-11 22:25:58,011 [ERROR] LogOutputStream:75 - [STDERR_REDIRECT] [Fatal Error] :1:1: Premature end of file.
2025-08-11 22:25:58,011 [ERROR] LogOutputStream:75 - [STDERR_REDIRECT] 
2025-08-11 22:25:58,034 [ERROR] LogOutputStream:75 - [STDERR_REDIRECT] [Fatal Error] :1:1: Premature end of file.
2025-08-11 22:25:58,034 [ERROR] LogOutputStream:75 - [STDERR_REDIRECT] 
2025-08-11 22:25:58,056 [ERROR] LogOutputStream:75 - [STDERR_REDIRECT] [Fatal Error] :1:1: Premature end of file.
2025-08-11 22:25:58,056 [ERROR] LogOutputStream:75 - [STDERR_REDIRECT] 
2025-08-11 22:25:58,078 [ERROR] LogOutputStream:75 - [STDERR_REDIRECT] [Fatal Error] :1:1: Premature end of file.
2025-08-11 22:25:58,078 [ERROR] LogOutputStream:75 - [STDERR_REDIRECT] 
2025-08-11 22:25:58,101 [ERROR] LogOutputStream:75 - [STDERR_REDIRECT] [Fatal Error] :1:1: Premature end of file.
2025-08-11 22:25:58,101 [ERROR] LogOutputStream:75 - [STDERR_REDIRECT] 
2025-08-11 22:25:58,123 [ERROR] LogOutputStream:75 - [STDERR_REDIRECT] [Fatal Error] :1:1: Premature end of file.
2025-08-11 22:25:58,123 [ERROR] LogOutputStream:75 - [STDERR_REDIRECT] 
2025-08-11 22:25:58,145 [ERROR] LogOutputStream:75 - [STDERR_REDIRECT] [Fatal Error] :1:1: Premature end of file.
2025-08-11 22:25:58,145 [ERROR] LogOutputStream:75 - [STDERR_REDIRECT] 
2025-08-11 22:25:58,171 [ERROR] LogOutputStream:75 - [STDERR_REDIRECT] [Fatal Error] :1:1: Premature end of file.
2025-08-11 22:25:58,171 [ERROR] LogOutputStream:75 - [STDERR_REDIRECT] 
2025-08-11 22:25:58,194 [ERROR] LogOutputStream:75 - [STDERR_REDIRECT] [Fatal Error] :1:1: Premature end of file.
2025-08-11 22:25:58,194 [ERROR] LogOutputStream:75 - [STDERR_REDIRECT] 
2025-08-11 22:25:58,217 [ERROR] LogOutputStream:75 - [STDERR_REDIRECT] [Fatal Error] :1:1: Premature end of file.
2025-08-11 22:25:58,217 [ERROR] LogOutputStream:75 - [STDERR_REDIRECT] 
2025-08-11 22:25:58,238 [ERROR] LogOutputStream:75 - [STDERR_REDIRECT] [Fatal Error] :1:1: Premature end of file.
2025-08-11 22:25:58,238 [ERROR] LogOutputStream:75 - [STDERR_REDIRECT] 
2025-08-11 22:25:58,260 [ERROR] LogOutputStream:75 - [STDERR_REDIRECT] [Fatal Error] :1:1: Premature end of file.
2025-08-11 22:25:58,260 [ERROR] LogOutputStream:75 - [STDERR_REDIRECT] 
2025-08-11 22:25:58,284 [ERROR] LogOutputStream:75 - [STDERR_REDIRECT] [Fatal Error] :1:1: Premature end of file.
2025-08-11 22:25:58,284 [ERROR] LogOutputStream:75 - [STDERR_REDIRECT] 
2025-08-11 22:25:58,309 [ERROR] LogOutputStream:75 - [STDERR_REDIRECT] [Fatal Error] :1:1: Premature end of file.
2025-08-11 22:25:58,309 [ERROR] LogOutputStream:75 - [STDERR_REDIRECT] 
2025-08-11 22:25:58,332 [ERROR] LogOutputStream:75 - [STDERR_REDIRECT] [Fatal Error] :1:1: Premature end of file.
2025-08-11 22:25:58,334 [ERROR] LogOutputStream:75 - [STDERR_REDIRECT] 
2025-08-11 22:25:58,355 [ERROR] LogOutputStream:75 - [STDERR_REDIRECT] [Fatal Error] :1:1: Premature end of file.
2025-08-11 22:25:58,355 [ERROR] LogOutputStream:75 - [STDERR_REDIRECT] 
2025-08-11 22:25:58,376 [ERROR] LogOutputStream:75 - [STDERR_REDIRECT] [Fatal Error] :1:1: Premature end of file.
2025-08-11 22:25:58,376 [ERROR] LogOutputStream:75 - [STDERR_REDIRECT] 
2025-08-11 22:25:58,401 [ERROR] LogOutputStream:75 - [STDERR_REDIRECT] [Fatal Error] :1:1: Premature end of file.
2025-08-11 22:25:58,402 [ERROR] LogOutputStream:75 - [STDERR_REDIRECT] 
2025-08-11 22:25:58,424 [ERROR] LogOutputStream:75 - [STDERR_REDIRECT] [Fatal Error] :1:1: Premature end of file.
2025-08-11 22:25:58,424 [ERROR] LogOutputStream:75 - [STDERR_REDIRECT] 
2025-08-11 22:25:58,448 [ERROR] LogOutputStream:75 - [STDERR_REDIRECT] [Fatal Error] :1:1: Premature end of file.
2025-08-11 22:25:58,448 [ERROR] LogOutputStream:75 - [STDERR_REDIRECT] 
2025-08-11 22:25:58,470 [ERROR] LogOutputStream:75 - [STDERR_REDIRECT] [Fatal Error] :1:1: Premature end of file.
2025-08-11 22:25:58,470 [ERROR] LogOutputStream:75 - [STDERR_REDIRECT] 
2025-08-11 22:25:58,492 [ERROR] LogOutputStream:75 - [STDERR_REDIRECT] [Fatal Error] :1:1: Premature end of file.
2025-08-11 22:25:58,492 [ERROR] LogOutputStream:75 - [STDERR_REDIRECT] 
2025-08-11 22:25:58,514 [ERROR] LogOutputStream:75 - [STDERR_REDIRECT] [Fatal Error] :1:1: Premature end of file.
2025-08-11 22:25:58,514 [ERROR] LogOutputStream:75 - [STDERR_REDIRECT] 
2025-08-11 22:25:58,537 [ERROR] LogOutputStream:75 - [STDERR_REDIRECT] [Fatal Error] :1:1: Premature end of file.
2025-08-11 22:25:58,537 [ERROR] LogOutputStream:75 - [STDERR_REDIRECT] 
2025-08-11 22:25:58,559 [ERROR] LogOutputStream:75 - [STDERR_REDIRECT] [Fatal Error] :1:1: Premature end of file.
2025-08-11 22:25:58,559 [ERROR] LogOutputStream:75 - [STDERR_REDIRECT] 
2025-08-11 22:25:58,583 [ERROR] LogOutputStream:75 - [STDERR_REDIRECT] [Fatal Error] :1:1: Premature end of file.
2025-08-11 22:25:58,583 [ERROR] LogOutputStream:75 - [STDERR_REDIRECT] 
2025-08-11 22:25:58,605 [ERROR] LogOutputStream:75 - [STDERR_REDIRECT] [Fatal Error] :1:1: Premature end of file.
2025-08-11 22:25:58,605 [ERROR] LogOutputStream:75 - [STDERR_REDIRECT] 
2025-08-11 22:25:58,641 [ERROR] LogOutputStream:75 - [STDERR_REDIRECT] [Fatal Error] :1:1: Premature end of file.
2025-08-11 22:25:58,641 [ERROR] LogOutputStream:75 - [STDERR_REDIRECT] 
2025-08-11 22:25:58,662 [ERROR] LogOutputStream:75 - [STDERR_REDIRECT] [Fatal Error] :1:1: Premature end of file.
2025-08-11 22:25:58,662 [ERROR] LogOutputStream:75 - [STDERR_REDIRECT] 
2025-08-11 22:25:58,685 [ERROR] LogOutputStream:75 - [STDERR_REDIRECT] [Fatal Error] :1:1: Premature end of file.
2025-08-11 22:25:58,685 [ERROR] LogOutputStream:75 - [STDERR_REDIRECT] 
2025-08-11 22:25:58,707 [ERROR] LogOutputStream:75 - [STDERR_REDIRECT] [Fatal Error] :1:1: Premature end of file.
2025-08-11 22:25:58,707 [ERROR] LogOutputStream:75 - [STDERR_REDIRECT] 
2025-08-11 22:25:58,729 [ERROR] LogOutputStream:75 - [STDERR_REDIRECT] [Fatal Error] :1:1: Premature end of file.
2025-08-11 22:25:58,729 [ERROR] LogOutputStream:75 - [STDERR_REDIRECT] 
2025-08-11 22:25:58,753 [ERROR] LogOutputStream:75 - [STDERR_REDIRECT] [Fatal Error] :1:1: Premature end of file.
2025-08-11 22:25:58,753 [ERROR] LogOutputStream:75 - [STDERR_REDIRECT] 
2025-08-11 22:25:58,774 [ERROR] LogOutputStream:75 - [STDERR_REDIRECT] [Fatal Error] :1:1: Premature end of file.
2025-08-11 22:25:58,774 [ERROR] LogOutputStream:75 - [STDERR_REDIRECT] 
2025-08-11 22:25:58,797 [ERROR] LogOutputStream:75 - [STDERR_REDIRECT] [Fatal Error] :1:1: Premature end of file.
2025-08-11 22:25:58,797 [ERROR] LogOutputStream:75 - [STDERR_REDIRECT] 
2025-08-11 22:25:58,821 [ERROR] LogOutputStream:75 - [STDERR_REDIRECT] [Fatal Error] :1:1: Premature end of file.
2025-08-11 22:25:58,821 [ERROR] LogOutputStream:75 - [STDERR_REDIRECT] 
2025-08-11 22:25:58,845 [ERROR] LogOutputStream:75 - [STDERR_REDIRECT] [Fatal Error] :1:1: Premature end of file.
2025-08-11 22:25:58,845 [ERROR] LogOutputStream:75 - [STDERR_REDIRECT] 
2025-08-11 22:25:58,868 [ERROR] LogOutputStream:75 - [STDERR_REDIRECT] [Fatal Error] :1:1: Premature end of file.
2025-08-11 22:25:58,868 [ERROR] LogOutputStream:75 - [STDERR_REDIRECT] 
2025-08-11 22:25:58,891 [ERROR] LogOutputStream:75 - [STDERR_REDIRECT] [Fatal Error] :1:1: Premature end of file.
2025-08-11 22:25:58,891 [ERROR] LogOutputStream:75 - [STDERR_REDIRECT] 
2025-08-11 22:25:58,912 [ERROR] LogOutputStream:75 - [STDERR_REDIRECT] [Fatal Error] :1:1: Premature end of file.
2025-08-11 22:25:58,913 [ERROR] LogOutputStream:75 - [STDERR_REDIRECT] 
2025-08-11 22:25:58,934 [ERROR] LogOutputStream:75 - [STDERR_REDIRECT] [Fatal Error] :1:1: Premature end of file.
2025-08-11 22:25:58,934 [ERROR] LogOutputStream:75 - [STDERR_REDIRECT] 
2025-08-11 22:25:58,956 [ERROR] LogOutputStream:75 - [STDERR_REDIRECT] [Fatal Error] :1:1: Premature end of file.
2025-08-11 22:25:58,956 [ERROR] LogOutputStream:75 - [STDERR_REDIRECT] 
2025-08-11 22:25:58,978 [ERROR] LogOutputStream:75 - [STDERR_REDIRECT] [Fatal Error] :1:1: Premature end of file.
2025-08-11 22:25:58,978 [ERROR] LogOutputStream:75 - [STDERR_REDIRECT] 
2025-08-11 22:25:59,002 [ERROR] LogOutputStream:75 - [STDERR_REDIRECT] [Fatal Error] :1:1: Premature end of file.
2025-08-11 22:25:59,002 [ERROR] LogOutputStream:75 - [STDERR_REDIRECT] 
2025-08-11 22:25:59,023 [ERROR] LogOutputStream:75 - [STDERR_REDIRECT] [Fatal Error] :1:1: Premature end of file.
2025-08-11 22:25:59,023 [ERROR] LogOutputStream:75 - [STDERR_REDIRECT] 
2025-08-11 22:25:59,047 [ERROR] LogOutputStream:75 - [STDERR_REDIRECT] [Fatal Error] :1:1: Premature end of file.
2025-08-11 22:25:59,047 [ERROR] LogOutputStream:75 - [STDERR_REDIRECT] 
2025-08-11 22:25:59,070 [ERROR] LogOutputStream:75 - [STDERR_REDIRECT] [Fatal Error] :1:1: Premature end of file.
2025-08-11 22:25:59,071 [ERROR] LogOutputStream:75 - [STDERR_REDIRECT] 
2025-08-11 22:25:59,092 [ERROR] LogOutputStream:75 - [STDERR_REDIRECT] [Fatal Error] :1:1: Premature end of file.
2025-08-11 22:25:59,092 [ERROR] LogOutputStream:75 - [STDERR_REDIRECT] 
2025-08-11 22:25:59,118 [ERROR] LogOutputStream:75 - [STDERR_REDIRECT] [Fatal Error] :1:1: Premature end of file.
2025-08-11 22:25:59,118 [ERROR] LogOutputStream:75 - [STDERR_REDIRECT] 
2025-08-11 22:25:59,139 [ERROR] LogOutputStream:75 - [STDERR_REDIRECT] [Fatal Error] :1:1: Premature end of file.
2025-08-11 22:25:59,139 [ERROR] LogOutputStream:75 - [STDERR_REDIRECT] 
2025-08-11 22:25:59,162 [ERROR] LogOutputStream:75 - [STDERR_REDIRECT] [Fatal Error] :1:1: Premature end of file.
2025-08-11 22:25:59,162 [ERROR] LogOutputStream:75 - [STDERR_REDIRECT] 
2025-08-11 22:25:59,186 [ERROR] LogOutputStream:75 - [STDERR_REDIRECT] [Fatal Error] :1:1: Premature end of file.
2025-08-11 22:25:59,186 [ERROR] LogOutputStream:75 - [STDERR_REDIRECT] 
2025-08-11 22:25:59,208 [ERROR] LogOutputStream:75 - [STDERR_REDIRECT] [Fatal Error] :1:1: Premature end of file.
2025-08-11 22:25:59,208 [ERROR] LogOutputStream:75 - [STDERR_REDIRECT] 
2025-08-11 22:25:59,230 [ERROR] LogOutputStream:75 - [STDERR_REDIRECT] [Fatal Error] :1:1: Premature end of file.
2025-08-11 22:25:59,230 [ERROR] LogOutputStream:75 - [STDERR_REDIRECT] 
2025-08-11 22:25:59,252 [ERROR] LogOutputStream:75 - [STDERR_REDIRECT] [Fatal Error] :1:1: Premature end of file.
2025-08-11 22:25:59,252 [ERROR] LogOutputStream:75 - [STDERR_REDIRECT] 
2025-08-11 22:25:59,274 [ERROR] LogOutputStream:75 - [STDERR_REDIRECT] [Fatal Error] :1:1: Premature end of file.
2025-08-11 22:25:59,274 [ERROR] LogOutputStream:75 - [STDERR_REDIRECT] 
2025-08-11 22:25:59,295 [ERROR] LogOutputStream:75 - [STDERR_REDIRECT] [Fatal Error] :1:1: Premature end of file.
2025-08-11 22:25:59,295 [ERROR] LogOutputStream:75 - [STDERR_REDIRECT] 
2025-08-11 22:25:59,318 [ERROR] LogOutputStream:75 - [STDERR_REDIRECT] [Fatal Error] :1:1: Premature end of file.
2025-08-11 22:25:59,318 [ERROR] LogOutputStream:75 - [STDERR_REDIRECT] 
2025-08-11 22:25:59,341 [ERROR] LogOutputStream:75 - [STDERR_REDIRECT] [Fatal Error] :1:1: Premature end of file.
2025-08-11 22:25:59,341 [ERROR] LogOutputStream:75 - [STDERR_REDIRECT] 
2025-08-11 22:25:59,361 [ERROR] LogOutputStream:75 - [STDERR_REDIRECT] [Fatal Error] :1:1: Premature end of file.
2025-08-11 22:25:59,361 [ERROR] LogOutputStream:75 - [STDERR_REDIRECT] 
2025-08-11 22:25:59,384 [ERROR] LogOutputStream:75 - [STDERR_REDIRECT] [Fatal Error] :1:1: Premature end of file.
2025-08-11 22:25:59,384 [ERROR] LogOutputStream:75 - [STDERR_REDIRECT] 
2025-08-11 22:25:59,411 [ERROR] LogOutputStream:75 - [STDERR_REDIRECT] [Fatal Error] :1:1: Premature end of file.
2025-08-11 22:25:59,412 [ERROR] LogOutputStream:75 - [STDERR_REDIRECT] 
2025-08-11 22:25:59,435 [ERROR] LogOutputStream:75 - [STDERR_REDIRECT] [Fatal Error] :1:1: Premature end of file.
2025-08-11 22:25:59,435 [ERROR] LogOutputStream:75 - [STDERR_REDIRECT] 
2025-08-11 22:25:59,457 [ERROR] LogOutputStream:75 - [STDERR_REDIRECT] [Fatal Error] :1:1: Premature end of file.
2025-08-11 22:25:59,457 [ERROR] LogOutputStream:75 - [STDERR_REDIRECT] 
2025-08-11 22:25:59,479 [ERROR] LogOutputStream:75 - [STDERR_REDIRECT] [Fatal Error] :1:1: Premature end of file.
2025-08-11 22:25:59,479 [ERROR] LogOutputStream:75 - [STDERR_REDIRECT] 
2025-08-11 22:25:59,503 [ERROR] LogOutputStream:75 - [STDERR_REDIRECT] [Fatal Error] :1:1: Premature end of file.
2025-08-11 22:25:59,503 [ERROR] LogOutputStream:75 - [STDERR_REDIRECT] 
2025-08-11 22:25:59,525 [ERROR] LogOutputStream:75 - [STDERR_REDIRECT] [Fatal Error] :1:1: Premature end of file.
2025-08-11 22:25:59,525 [ERROR] LogOutputStream:75 - [STDERR_REDIRECT] 
2025-08-11 22:25:59,549 [ERROR] LogOutputStream:75 - [STDERR_REDIRECT] [Fatal Error] :1:1: Premature end of file.
2025-08-11 22:25:59,549 [ERROR] LogOutputStream:75 - [STDERR_REDIRECT] 
2025-08-11 22:25:59,570 [ERROR] LogOutputStream:75 - [STDERR_REDIRECT] [Fatal Error] :1:1: Premature end of file.
2025-08-11 22:25:59,570 [ERROR] LogOutputStream:75 - [STDERR_REDIRECT] 
2025-08-11 22:25:59,593 [ERROR] LogOutputStream:75 - [STDERR_REDIRECT] [Fatal Error] :1:1: Premature end of file.
2025-08-11 22:25:59,593 [ERROR] LogOutputStream:75 - [STDERR_REDIRECT] 
2025-08-11 22:25:59,616 [ERROR] LogOutputStream:75 - [STDERR_REDIRECT] [Fatal Error] :1:1: Premature end of file.
2025-08-11 22:25:59,616 [ERROR] LogOutputStream:75 - [STDERR_REDIRECT] 
2025-08-11 22:25:59,637 [ERROR] LogOutputStream:75 - [STDERR_REDIRECT] [Fatal Error] :1:1: Premature end of file.
2025-08-11 22:25:59,637 [ERROR] LogOutputStream:75 - [STDERR_REDIRECT] 
2025-08-11 22:25:59,659 [ERROR] LogOutputStream:75 - [STDERR_REDIRECT] [Fatal Error] :1:1: Premature end of file.
2025-08-11 22:25:59,659 [ERROR] LogOutputStream:75 - [STDERR_REDIRECT] 
2025-08-11 22:25:59,681 [ERROR] LogOutputStream:75 - [STDERR_REDIRECT] [Fatal Error] :1:1: Premature end of file.
2025-08-11 22:25:59,681 [ERROR] LogOutputStream:75 - [STDERR_REDIRECT] 
2025-08-11 22:25:59,708 [ERROR] LogOutputStream:75 - [STDERR_REDIRECT] [Fatal Error] :1:1: Premature end of file.
2025-08-11 22:25:59,708 [ERROR] LogOutputStream:75 - [STDERR_REDIRECT] 
2025-08-11 22:25:59,738 [ERROR] LogOutputStream:75 - [STDERR_REDIRECT] [Fatal Error] :1:1: Premature end of file.
2025-08-11 22:25:59,738 [ERROR] LogOutputStream:75 - [STDERR_REDIRECT] 
2025-08-11 22:25:59,761 [ERROR] LogOutputStream:75 - [STDERR_REDIRECT] [Fatal Error] :1:1: Premature end of file.
2025-08-11 22:25:59,761 [ERROR] LogOutputStream:75 - [STDERR_REDIRECT] 
2025-08-11 22:25:59,784 [ERROR] LogOutputStream:75 - [STDERR_REDIRECT] [Fatal Error] :1:1: Premature end of file.
2025-08-11 22:25:59,784 [ERROR] LogOutputStream:75 - [STDERR_REDIRECT] 
2025-08-11 22:25:59,805 [ERROR] LogOutputStream:75 - [STDERR_REDIRECT] [Fatal Error] :1:1: Premature end of file.
2025-08-11 22:25:59,806 [ERROR] LogOutputStream:75 - [STDERR_REDIRECT] 
2025-08-11 22:25:59,834 [ERROR] LogOutputStream:75 - [STDERR_REDIRECT] [Fatal Error] :1:1: Premature end of file.
2025-08-11 22:25:59,834 [ERROR] LogOutputStream:75 - [STDERR_REDIRECT] 
2025-08-11 22:25:59,856 [ERROR] LogOutputStream:75 - [STDERR_REDIRECT] [Fatal Error] :1:1: Premature end of file.
2025-08-11 22:25:59,856 [ERROR] LogOutputStream:75 - [STDERR_REDIRECT] 
2025-08-11 22:25:59,879 [ERROR] LogOutputStream:75 - [STDERR_REDIRECT] [Fatal Error] :1:1: Premature end of file.
2025-08-11 22:25:59,879 [ERROR] LogOutputStream:75 - [STDERR_REDIRECT] 
2025-08-11 22:25:59,902 [ERROR] LogOutputStream:75 - [STDERR_REDIRECT] [Fatal Error] :1:1: Premature end of file.
2025-08-11 22:25:59,902 [ERROR] LogOutputStream:75 - [STDERR_REDIRECT] 
2025-08-11 22:25:59,925 [ERROR] LogOutputStream:75 - [STDERR_REDIRECT] [Fatal Error] :1:1: Premature end of file.
2025-08-11 22:25:59,925 [ERROR] LogOutputStream:75 - [STDERR_REDIRECT] 
2025-08-11 22:25:59,947 [ERROR] LogOutputStream:75 - [STDERR_REDIRECT] [Fatal Error] :1:1: Premature end of file.
2025-08-11 22:25:59,947 [ERROR] LogOutputStream:75 - [STDERR_REDIRECT] 
2025-08-11 22:25:59,972 [ERROR] LogOutputStream:75 - [STDERR_REDIRECT] [Fatal Error] :1:1: Premature end of file.
2025-08-11 22:25:59,972 [ERROR] LogOutputStream:75 - [STDERR_REDIRECT] 
2025-08-11 22:25:59,999 [ERROR] LogOutputStream:75 - [STDERR_REDIRECT] [Fatal Error] :1:1: Premature end of file.
2025-08-11 22:25:59,999 [ERROR] LogOutputStream:75 - [STDERR_REDIRECT] 
2025-08-11 22:26:00,036 [ERROR] LogOutputStream:75 - [STDERR_REDIRECT] [Fatal Error] :1:1: Premature end of file.
2025-08-11 22:26:00,036 [ERROR] LogOutputStream:75 - [STDERR_REDIRECT] 
2025-08-11 22:26:00,071 [ERROR] LogOutputStream:75 - [STDERR_REDIRECT] [Fatal Error] :1:1: Premature end of file.
2025-08-11 22:26:00,071 [ERROR] LogOutputStream:75 - [STDERR_REDIRECT] 
2025-08-11 22:26:00,100 [ERROR] LogOutputStream:75 - [STDERR_REDIRECT] [Fatal Error] :1:1: Premature end of file.
2025-08-11 22:26:00,100 [ERROR] LogOutputStream:75 - [STDERR_REDIRECT] 
2025-08-11 22:26:00,129 [ERROR] LogOutputStream:75 - [STDERR_REDIRECT] [Fatal Error] :1:1: Premature end of file.
2025-08-11 22:26:00,129 [ERROR] LogOutputStream:75 - [STDERR_REDIRECT] 
2025-08-11 22:26:00,153 [ERROR] LogOutputStream:75 - [STDERR_REDIRECT] [Fatal Error] :1:1: Premature end of file.
2025-08-11 22:26:00,153 [ERROR] LogOutputStream:75 - [STDERR_REDIRECT] 
2025-08-11 22:26:00,175 [ERROR] LogOutputStream:75 - [STDERR_REDIRECT] [Fatal Error] :1:1: Premature end of file.
2025-08-11 22:26:00,175 [ERROR] LogOutputStream:75 - [STDERR_REDIRECT] 
2025-08-11 22:26:00,197 [ERROR] LogOutputStream:75 - [STDERR_REDIRECT] [Fatal Error] :1:1: Premature end of file.
2025-08-11 22:26:00,197 [ERROR] LogOutputStream:75 - [STDERR_REDIRECT] 
2025-08-11 22:26:00,219 [ERROR] LogOutputStream:75 - [STDERR_REDIRECT] [Fatal Error] :1:1: Premature end of file.
2025-08-11 22:26:00,219 [ERROR] LogOutputStream:75 - [STDERR_REDIRECT] 
2025-08-11 22:26:00,239 [ERROR] LogOutputStream:75 - [STDERR_REDIRECT] [Fatal Error] :1:1: Premature end of file.
2025-08-11 22:26:00,239 [ERROR] LogOutputStream:75 - [STDERR_REDIRECT] 
2025-08-11 22:26:00,260 [ERROR] LogOutputStream:75 - [STDERR_REDIRECT] [Fatal Error] :1:1: Premature end of file.
2025-08-11 22:26:00,261 [ERROR] LogOutputStream:75 - [STDERR_REDIRECT] 
2025-08-11 22:26:00,281 [ERROR] LogOutputStream:75 - [STDERR_REDIRECT] [Fatal Error] :1:1: Premature end of file.
2025-08-11 22:26:00,281 [ERROR] LogOutputStream:75 - [STDERR_REDIRECT] 
2025-08-11 22:26:00,303 [ERROR] LogOutputStream:75 - [STDERR_REDIRECT] [Fatal Error] :1:1: Premature end of file.
2025-08-11 22:26:00,303 [ERROR] LogOutputStream:75 - [STDERR_REDIRECT] 
2025-08-11 22:26:00,325 [ERROR] LogOutputStream:75 - [STDERR_REDIRECT] [Fatal Error] :1:1: Premature end of file.
2025-08-11 22:26:00,325 [ERROR] LogOutputStream:75 - [STDERR_REDIRECT] 
2025-08-11 22:26:00,346 [ERROR] LogOutputStream:75 - [STDERR_REDIRECT] [Fatal Error] :1:1: Premature end of file.
2025-08-11 22:26:00,346 [ERROR] LogOutputStream:75 - [STDERR_REDIRECT] 
2025-08-11 22:26:00,369 [ERROR] LogOutputStream:75 - [STDERR_REDIRECT] [Fatal Error] :1:1: Premature end of file.
2025-08-11 22:26:00,369 [ERROR] LogOutputStream:75 - [STDERR_REDIRECT] 
2025-08-11 22:26:00,391 [ERROR] LogOutputStream:75 - [STDERR_REDIRECT] [Fatal Error] :1:1: Premature end of file.
2025-08-11 22:26:00,391 [ERROR] LogOutputStream:75 - [STDERR_REDIRECT] 
2025-08-11 22:26:00,412 [ERROR] LogOutputStream:75 - [STDERR_REDIRECT] [Fatal Error] :1:1: Premature end of file.
2025-08-11 22:26:00,412 [ERROR] LogOutputStream:75 - [STDERR_REDIRECT] 
2025-08-11 22:26:00,437 [ERROR] LogOutputStream:75 - [STDERR_REDIRECT] [Fatal Error] :1:1: Premature end of file.
2025-08-11 22:26:00,437 [ERROR] LogOutputStream:75 - [STDERR_REDIRECT] 
2025-08-11 22:26:00,458 [ERROR] LogOutputStream:75 - [STDERR_REDIRECT] [Fatal Error] :1:1: Premature end of file.
2025-08-11 22:26:00,458 [ERROR] LogOutputStream:75 - [STDERR_REDIRECT] 
2025-08-11 22:26:00,481 [ERROR] LogOutputStream:75 - [STDERR_REDIRECT] [Fatal Error] :1:1: Premature end of file.
2025-08-11 22:26:00,481 [ERROR] LogOutputStream:75 - [STDERR_REDIRECT] 
2025-08-11 22:26:00,503 [ERROR] LogOutputStream:75 - [STDERR_REDIRECT] [Fatal Error] :1:1: Premature end of file.
2025-08-11 22:26:00,503 [ERROR] LogOutputStream:75 - [STDERR_REDIRECT] 
2025-08-11 22:26:00,529 [ERROR] LogOutputStream:75 - [STDERR_REDIRECT] [Fatal Error] :1:1: Premature end of file.
2025-08-11 22:26:00,529 [ERROR] LogOutputStream:75 - [STDERR_REDIRECT] 
2025-08-11 22:26:00,553 [ERROR] LogOutputStream:75 - [STDERR_REDIRECT] [Fatal Error] :1:1: Premature end of file.
2025-08-11 22:26:00,553 [ERROR] LogOutputStream:75 - [STDERR_REDIRECT] 
2025-08-11 22:26:00,576 [ERROR] LogOutputStream:75 - [STDERR_REDIRECT] [Fatal Error] :1:1: Premature end of file.
2025-08-11 22:26:00,576 [ERROR] LogOutputStream:75 - [STDERR_REDIRECT] 
2025-08-11 22:26:00,600 [ERROR] LogOutputStream:75 - [STDERR_REDIRECT] [Fatal Error] :1:1: Premature end of file.
2025-08-11 22:26:00,601 [ERROR] LogOutputStream:75 - [STDERR_REDIRECT] 
2025-08-11 22:26:00,623 [ERROR] LogOutputStream:75 - [STDERR_REDIRECT] [Fatal Error] :1:1: Premature end of file.
2025-08-11 22:26:00,623 [ERROR] LogOutputStream:75 - [STDERR_REDIRECT] 
2025-08-11 22:26:00,647 [ERROR] LogOutputStream:75 - [STDERR_REDIRECT] [Fatal Error] :1:1: Premature end of file.
2025-08-11 22:26:00,647 [ERROR] LogOutputStream:75 - [STDERR_REDIRECT] 
2025-08-11 22:26:00,673 [ERROR] LogOutputStream:75 - [STDERR_REDIRECT] [Fatal Error] :1:1: Premature end of file.
2025-08-11 22:26:00,673 [ERROR] LogOutputStream:75 - [STDERR_REDIRECT] 
2025-08-11 22:26:00,702 [ERROR] LogOutputStream:75 - [STDERR_REDIRECT] [Fatal Error] :1:1: Premature end of file.
2025-08-11 22:26:00,702 [ERROR] LogOutputStream:75 - [STDERR_REDIRECT] 
2025-08-11 22:26:00,729 [ERROR] LogOutputStream:75 - [STDERR_REDIRECT] [Fatal Error] :1:1: Premature end of file.
2025-08-11 22:26:00,729 [ERROR] LogOutputStream:75 - [STDERR_REDIRECT] 
2025-08-11 22:26:00,752 [ERROR] LogOutputStream:75 - [STDERR_REDIRECT] [Fatal Error] :1:1: Premature end of file.
2025-08-11 22:26:00,753 [ERROR] LogOutputStream:75 - [STDERR_REDIRECT] 
2025-08-11 22:26:00,775 [ERROR] LogOutputStream:75 - [STDERR_REDIRECT] [Fatal Error] :1:1: Premature end of file.
2025-08-11 22:26:00,775 [ERROR] LogOutputStream:75 - [STDERR_REDIRECT] 
2025-08-11 22:26:00,807 [ERROR] LogOutputStream:75 - [STDERR_REDIRECT] [Fatal Error] :1:1: Premature end of file.
2025-08-11 22:26:00,807 [ERROR] LogOutputStream:75 - [STDERR_REDIRECT] 
2025-08-11 22:26:00,830 [ERROR] LogOutputStream:75 - [STDERR_REDIRECT] [Fatal Error] :1:1: Premature end of file.
2025-08-11 22:26:00,830 [ERROR] LogOutputStream:75 - [STDERR_REDIRECT] 
2025-08-11 22:26:00,854 [ERROR] LogOutputStream:75 - [STDERR_REDIRECT] [Fatal Error] :1:1: Premature end of file.
2025-08-11 22:26:00,854 [ERROR] LogOutputStream:75 - [STDERR_REDIRECT] 
2025-08-11 22:26:00,877 [ERROR] LogOutputStream:75 - [STDERR_REDIRECT] [Fatal Error] :1:1: Premature end of file.
2025-08-11 22:26:00,877 [ERROR] LogOutputStream:75 - [STDERR_REDIRECT] 
2025-08-11 22:26:00,901 [ERROR] LogOutputStream:75 - [STDERR_REDIRECT] [Fatal Error] :1:1: Premature end of file.
2025-08-11 22:26:00,902 [ERROR] LogOutputStream:75 - [STDERR_REDIRECT] 
2025-08-11 22:26:00,925 [ERROR] LogOutputStream:75 - [STDERR_REDIRECT] [Fatal Error] :1:1: Premature end of file.
2025-08-11 22:26:00,925 [ERROR] LogOutputStream:75 - [STDERR_REDIRECT] 
2025-08-11 22:26:01,894 [ERROR] LogOutputStream:75 - [STDERR_REDIRECT] [Fatal Error] :1:1: Premature end of file.
2025-08-11 22:26:01,894 [ERROR] LogOutputStream:75 - [STDERR_REDIRECT] 
2025-08-11 22:26:02,893 [ERROR] LogOutputStream:75 - [STDERR_REDIRECT] [Fatal Error] :1:1: Premature end of file.
2025-08-11 22:26:02,893 [ERROR] LogOutputStream:75 - [STDERR_REDIRECT] 
2025-08-11 22:26:03,891 [ERROR] LogOutputStream:75 - [STDERR_REDIRECT] [Fatal Error] :1:1: Premature end of file.
2025-08-11 22:26:03,891 [ERROR] LogOutputStream:75 - [STDERR_REDIRECT] 
2025-08-11 22:26:04,891 [ERROR] LogOutputStream:75 - [STDERR_REDIRECT] [Fatal Error] :1:1: Premature end of file.
2025-08-11 22:26:04,891 [ERROR] LogOutputStream:75 - [STDERR_REDIRECT] 
2025-08-11 22:26:05,878 [ERROR] LogOutputStream:75 - [STDERR_REDIRECT] [Fatal Error] :1:1: Premature end of file.
2025-08-11 22:26:05,878 [ERROR] LogOutputStream:75 - [STDERR_REDIRECT] 
2025-08-11 22:26:06,887 [ERROR] LogOutputStream:75 - [STDERR_REDIRECT] [Fatal Error] :1:1: Premature end of file.
2025-08-11 22:26:06,887 [ERROR] LogOutputStream:75 - [STDERR_REDIRECT] 
2025-08-11 22:26:07,893 [ERROR] LogOutputStream:75 - [STDERR_REDIRECT] [Fatal Error] :1:1: Premature end of file.
2025-08-11 22:26:07,893 [ERROR] LogOutputStream:75 - [STDERR_REDIRECT] 
2025-08-11 22:26:08,897 [ERROR] LogOutputStream:75 - [STDERR_REDIRECT] [Fatal Error] :1:1: Premature end of file.
2025-08-11 22:26:08,897 [ERROR] LogOutputStream:75 - [STDERR_REDIRECT] 
2025-08-11 22:26:09,891 [ERROR] LogOutputStream:75 - [STDERR_REDIRECT] [Fatal Error] :1:1: Premature end of file.
2025-08-11 22:26:09,891 [ERROR] LogOutputStream:75 - [STDERR_REDIRECT] 
2025-08-11 22:26:10,895 [ERROR] LogOutputStream:75 - [STDERR_REDIRECT] [Fatal Error] :1:1: Premature end of file.
2025-08-11 22:26:10,895 [ERROR] LogOutputStream:75 - [STDERR_REDIRECT] 
2025-08-11 22:26:11,891 [ERROR] LogOutputStream:75 - [STDERR_REDIRECT] [Fatal Error] :1:1: Premature end of file.
2025-08-11 22:26:11,891 [ERROR] LogOutputStream:75 - [STDERR_REDIRECT] 
2025-08-11 22:26:12,888 [ERROR] LogOutputStream:75 - [STDERR_REDIRECT] [Fatal Error] :1:1: Premature end of file.
2025-08-11 22:26:12,888 [ERROR] LogOutputStream:75 - [STDERR_REDIRECT] 
2025-08-11 22:26:13,891 [ERROR] LogOutputStream:75 - [STDERR_REDIRECT] [Fatal Error] :1:1: Premature end of file.
2025-08-11 22:26:13,891 [ERROR] LogOutputStream:75 - [STDERR_REDIRECT] 
2025-08-11 22:26:14,893 [ERROR] LogOutputStream:75 - [STDERR_REDIRECT] [Fatal Error] :1:1: Premature end of file.
2025-08-11 22:26:14,893 [ERROR] LogOutputStream:75 - [STDERR_REDIRECT] 
2025-08-11 22:26:15,892 [ERROR] LogOutputStream:75 - [STDERR_REDIRECT] [Fatal Error] :1:1: Premature end of file.
2025-08-11 22:26:15,892 [ERROR] LogOutputStream:75 - [STDERR_REDIRECT] 
2025-08-11 22:26:16,898 [ERROR] LogOutputStream:75 - [STDERR_REDIRECT] [Fatal Error] :1:1: Premature end of file.
2025-08-11 22:26:16,898 [ERROR] LogOutputStream:75 - [STDERR_REDIRECT] 
2025-08-11 22:26:17,889 [ERROR] LogOutputStream:75 - [STDERR_REDIRECT] [Fatal Error] :1:1: Premature end of file.
2025-08-11 22:26:17,889 [ERROR] LogOutputStream:75 - [STDERR_REDIRECT] 
2025-08-11 22:26:18,893 [ERROR] LogOutputStream:75 - [STDERR_REDIRECT] [Fatal Error] :1:1: Premature end of file.
2025-08-11 22:26:18,894 [ERROR] LogOutputStream:75 - [STDERR_REDIRECT] 
2025-08-11 22:26:19,893 [ERROR] LogOutputStream:75 - [STDERR_REDIRECT] [Fatal Error] :1:1: Premature end of file.
2025-08-11 22:26:19,893 [ERROR] LogOutputStream:75 - [STDERR_REDIRECT] 
2025-08-11 22:26:20,895 [ERROR] LogOutputStream:75 - [STDERR_REDIRECT] [Fatal Error] :1:1: Premature end of file.
2025-08-11 22:26:20,896 [ERROR] LogOutputStream:75 - [STDERR_REDIRECT] 
2025-08-11 22:26:21,893 [ERROR] LogOutputStream:75 - [STDERR_REDIRECT] [Fatal Error] :1:1: Premature end of file.
2025-08-11 22:26:21,893 [ERROR] LogOutputStream:75 - [STDERR_REDIRECT] 
2025-08-11 22:26:22,889 [ERROR] LogOutputStream:75 - [STDERR_REDIRECT] [Fatal Error] :1:1: Premature end of file.
2025-08-11 22:26:22,890 [ERROR] LogOutputStream:75 - [STDERR_REDIRECT] 
2025-08-11 22:26:23,893 [ERROR] LogOutputStream:75 - [STDERR_REDIRECT] [Fatal Error] :1:1: Premature end of file.
2025-08-11 22:26:23,893 [ERROR] LogOutputStream:75 - [STDERR_REDIRECT] 
2025-08-11 22:26:24,881 [ERROR] LogOutputStream:75 - [STDERR_REDIRECT] [Fatal Error] :1:1: Premature end of file.
2025-08-11 22:26:24,881 [ERROR] LogOutputStream:75 - [STDERR_REDIRECT] 
2025-08-11 22:26:25,889 [ERROR] LogOutputStream:75 - [STDERR_REDIRECT] [Fatal Error] :1:1: Premature end of file.
2025-08-11 22:26:25,889 [ERROR] LogOutputStream:75 - [STDERR_REDIRECT] 
2025-08-11 22:26:26,884 [ERROR] LogOutputStream:75 - [STDERR_REDIRECT] [Fatal Error] :1:1: Premature end of file.
2025-08-11 22:26:26,884 [ERROR] LogOutputStream:75 - [STDERR_REDIRECT] 
2025-08-11 22:26:27,885 [ERROR] LogOutputStream:75 - [STDERR_REDIRECT] [Fatal Error] :1:1: Premature end of file.
2025-08-11 22:26:27,885 [ERROR] LogOutputStream:75 - [STDERR_REDIRECT] 
2025-08-11 22:26:28,885 [ERROR] LogOutputStream:75 - [STDERR_REDIRECT] [Fatal Error] :1:1: Premature end of file.
2025-08-11 22:26:28,885 [ERROR] LogOutputStream:75 - [STDERR_REDIRECT] 
2025-08-11 22:26:29,883 [ERROR] LogOutputStream:75 - [STDERR_REDIRECT] [Fatal Error] :1:1: Premature end of file.
2025-08-11 22:26:29,883 [ERROR] LogOutputStream:75 - [STDERR_REDIRECT] 
2025-08-11 22:26:30,894 [ERROR] LogOutputStream:75 - [STDERR_REDIRECT] [Fatal Error] :1:1: Premature end of file.
2025-08-11 22:26:30,894 [ERROR] LogOutputStream:75 - [STDERR_REDIRECT] 
2025-08-11 22:26:31,887 [ERROR] LogOutputStream:75 - [STDERR_REDIRECT] [Fatal Error] :1:1: Premature end of file.
2025-08-11 22:26:31,887 [ERROR] LogOutputStream:75 - [STDERR_REDIRECT] 
2025-08-11 22:26:32,888 [ERROR] LogOutputStream:75 - [STDERR_REDIRECT] [Fatal Error] :1:1: Premature end of file.
2025-08-11 22:26:32,888 [ERROR] LogOutputStream:75 - [STDERR_REDIRECT] 
2025-08-11 22:26:33,885 [ERROR] LogOutputStream:75 - [STDERR_REDIRECT] [Fatal Error] :1:1: Premature end of file.
2025-08-11 22:26:33,885 [ERROR] LogOutputStream:75 - [STDERR_REDIRECT] 
2025-08-11 22:26:34,892 [ERROR] LogOutputStream:75 - [STDERR_REDIRECT] [Fatal Error] :1:1: Premature end of file.
2025-08-11 22:26:34,892 [ERROR] LogOutputStream:75 - [STDERR_REDIRECT] 
2025-08-11 22:26:35,883 [ERROR] LogOutputStream:75 - [STDERR_REDIRECT] [Fatal Error] :1:1: Premature end of file.
2025-08-11 22:26:35,883 [ERROR] LogOutputStream:75 - [STDERR_REDIRECT] 
2025-08-11 22:26:36,887 [ERROR] LogOutputStream:75 - [STDERR_REDIRECT] [Fatal Error] :1:1: Premature end of file.
2025-08-11 22:26:36,887 [ERROR] LogOutputStream:75 - [STDERR_REDIRECT] 
2025-08-11 22:26:37,891 [ERROR] LogOutputStream:75 - [STDERR_REDIRECT] [Fatal Error] :1:1: Premature end of file.
2025-08-11 22:26:37,892 [ERROR] LogOutputStream:75 - [STDERR_REDIRECT] 
2025-08-11 22:26:38,884 [ERROR] LogOutputStream:75 - [STDERR_REDIRECT] [Fatal Error] :1:1: Premature end of file.
2025-08-11 22:26:38,884 [ERROR] LogOutputStream:75 - [STDERR_REDIRECT] 
2025-08-11 22:26:39,896 [ERROR] LogOutputStream:75 - [STDERR_REDIRECT] [Fatal Error] :1:1: Premature end of file.
2025-08-11 22:26:39,896 [ERROR] LogOutputStream:75 - [STDERR_REDIRECT] 
2025-08-11 22:26:40,880 [ERROR] LogOutputStream:75 - [STDERR_REDIRECT] [Fatal Error] :1:1: Premature end of file.
2025-08-11 22:26:40,880 [ERROR] LogOutputStream:75 - [STDERR_REDIRECT] 
2025-08-11 22:26:41,888 [ERROR] LogOutputStream:75 - [STDERR_REDIRECT] [Fatal Error] :1:1: Premature end of file.
2025-08-11 22:26:41,888 [ERROR] LogOutputStream:75 - [STDERR_REDIRECT] 
2025-08-11 22:26:42,877 [ERROR] LogOutputStream:75 - [STDERR_REDIRECT] [Fatal Error] :1:1: Premature end of file.
2025-08-11 22:26:42,877 [ERROR] LogOutputStream:75 - [STDERR_REDIRECT] 
2025-08-11 22:26:43,893 [ERROR] LogOutputStream:75 - [STDERR_REDIRECT] [Fatal Error] :1:1: Premature end of file.
2025-08-11 22:26:43,893 [ERROR] LogOutputStream:75 - [STDERR_REDIRECT] 
2025-08-11 22:26:44,876 [ERROR] LogOutputStream:75 - [STDERR_REDIRECT] [Fatal Error] :1:1: Premature end of file.
2025-08-11 22:26:44,876 [ERROR] LogOutputStream:75 - [STDERR_REDIRECT] 
2025-08-11 22:26:45,879 [ERROR] LogOutputStream:75 - [STDERR_REDIRECT] [Fatal Error] :1:1: Premature end of file.
2025-08-11 22:26:45,879 [ERROR] LogOutputStream:75 - [STDERR_REDIRECT] 
2025-08-11 22:26:46,885 [ERROR] LogOutputStream:75 - [STDERR_REDIRECT] [Fatal Error] :1:1: Premature end of file.
2025-08-11 22:26:46,885 [ERROR] LogOutputStream:75 - [STDERR_REDIRECT] 
2025-08-11 22:26:47,884 [ERROR] LogOutputStream:75 - [STDERR_REDIRECT] [Fatal Error] :1:1: Premature end of file.
2025-08-11 22:26:47,884 [ERROR] LogOutputStream:75 - [STDERR_REDIRECT] 
2025-08-11 22:26:48,876 [ERROR] LogOutputStream:75 - [STDERR_REDIRECT] [Fatal Error] :1:1: Premature end of file.
2025-08-11 22:26:48,876 [ERROR] LogOutputStream:75 - [STDERR_REDIRECT] 
2025-08-11 22:26:49,880 [ERROR] LogOutputStream:75 - [STDERR_REDIRECT] [Fatal Error] :1:1: Premature end of file.
2025-08-11 22:26:49,881 [ERROR] LogOutputStream:75 - [STDERR_REDIRECT] 
2025-08-11 22:26:50,943 [ERROR] LogOutputStream:75 - [STDERR_REDIRECT] [Fatal Error] :1:1: Premature end of file.
2025-08-11 22:26:50,943 [ERROR] LogOutputStream:75 - [STDERR_REDIRECT] 
2025-08-11 22:26:51,886 [ERROR] LogOutputStream:75 - [STDERR_REDIRECT] [Fatal Error] :1:1: Premature end of file.
2025-08-11 22:26:51,886 [ERROR] LogOutputStream:75 - [STDERR_REDIRECT] 
2025-08-11 22:26:52,873 [ERROR] LogOutputStream:75 - [STDERR_REDIRECT] [Fatal Error] :1:1: Premature end of file.
2025-08-11 22:26:52,873 [ERROR] LogOutputStream:75 - [STDERR_REDIRECT] 
2025-08-11 22:26:53,892 [ERROR] LogOutputStream:75 - [STDERR_REDIRECT] [Fatal Error] :1:1: Premature end of file.
2025-08-11 22:26:53,892 [ERROR] LogOutputStream:75 - [STDERR_REDIRECT] 
2025-08-11 22:26:54,517 [INFO] McuFinderGlobals:63 - Set McuFinder mode to 2 (CubeIDE integrated)
2025-08-11 22:26:54,522 [INFO] MainUpdater:2872 - connection check result : 10
2025-08-11 22:26:54,879 [ERROR] LogOutputStream:75 - [STDERR_REDIRECT] [Fatal Error] :1:1: Premature end of file.
2025-08-11 22:26:54,879 [ERROR] LogOutputStream:75 - [STDERR_REDIRECT] 
2025-08-11 22:26:54,908 [INFO] ApiDb:581 - Connected to CubeFinder SQLite database (C:\Users\sumey\.stmcufinder\plugins\mcufinder\mcu\cube-finder-db.db)
2025-08-11 22:26:54,998 [INFO] ApiDb:668 - CubeFinder database Data Model version=2.1
2025-08-11 22:26:54,998 [INFO] ApiDb:669 - CubeFinder database Configuration version=3.0.39
2025-08-11 22:26:54,999 [INFO] ApiDb:670 - CubeFinder database generation date=2025-07-24 (1753349077)
2025-08-11 22:26:55,000 [INFO] ApiDb:671 - CubeFinder database FW Pack versions=[FP-ATR-ASTRA1_V2.0.0, FP-SNS-FLIGHT1_V5.1.0, FP-SNS-MOTENV1_V5.0.0, FP-SNS-MOTENVWB1_V1.4.0, FP-SNS-SMARTAG2_V1.2.0, FP-SNS-STBOX1_V2.0.0, STM32Cube_FW_C0_V1.4.0, STM32Cube_FW_F4_V1.28.2, STM32Cube_FW_F7_V1.17.3, STM32Cube_FW_G0_V1.6.2, STM32Cube_FW_G4_V1.6.1, STM32Cube_FW_H5_V1.5.0, STM32Cube_FW_H7RS_V1.2.0, STM32Cube_FW_H7_V1.12.1, STM32Cube_FW_L0_V1.12.2, STM32Cube_FW_L4_V1.18.1, STM32Cube_FW_L5_V1.5.1, STM32Cube_FW_N6_V1.2.0, STM32Cube_FW_U0_V1.3.0, STM32Cube_FW_U3_V1.2.0, STM32Cube_FW_U5_V1.8.0, STM32Cube_FW_WB0_V1.3.0, STM32Cube_FW_WBA_V1.7.0, STM32Cube_FW_WB_V1.23.0, STM32Cube_FW_WL3_V1.2.0, STM32Cube_FW_WL_V1.3.1, X-CUBE-ALGOBUILD_V1.4.0, X-CUBE-ALS_V1.0.2, X-CUBE-AZRTOS-F4_V1.1.0, X-CUBE-AZRTOS-F7_V1.1.0, X-CUBE-AZRTOS-G0_V1.1.0, X-CUBE-AZRTOS-G4_V2.0.0, X-CUBE-AZRTOS-H7RS_V1.1.0, X-CUBE-AZRTOS-H7_V3.4.0, X-CUBE-AZRTOS-L4_V2.0.0, X-CUBE-AZRTOS-L5_V2.0.0, X-CUBE-AZRTOS-WB_V2.0.0, X-CUBE-AZRTOS-WL_V2.0.0, X-CUBE-BLE1_V7.1.0, X-CUBE-BLE2_V3.3.0, X-CUBE-BLEMGR_V4.1.0, X-CUBE-EEPRMA1_V5.2.0, X-CUBE-FREERTOS_V1.3.1, X-CUBE-GNSS1_V6.0.0, X-CUBE-MEMS1_V11.3.0, X-CUBE-NFC4_V3.0.0, X-CUBE-NFC7_V2.0.0, X-CUBE-SFXS2LP1_V4.0.0, X-CUBE-ST67W61_V1.0.0, X-CUBE-SUBG2_V5.0.0, X-CUBE-TOF1_V3.4.3]
2025-08-11 22:26:55,879 [ERROR] LogOutputStream:75 - [STDERR_REDIRECT] [Fatal Error] :1:1: Premature end of file.
2025-08-11 22:26:55,879 [ERROR] LogOutputStream:75 - [STDERR_REDIRECT] 
2025-08-11 22:26:56,877 [ERROR] LogOutputStream:75 - [STDERR_REDIRECT] [Fatal Error] :1:1: Premature end of file.
2025-08-11 22:26:56,877 [ERROR] LogOutputStream:75 - [STDERR_REDIRECT] 
2025-08-11 22:26:57,855 [INFO] ApiDb:240 - Found 880 in-development CPN: [B-G473E-ZEST1S, B-WB1M-WPAN1, B-WBA5M-WPAN, B-WL5M-SUBG1, NUCLEO-C031C6, NUCLEO-C051C8, NUCLEO-C071RB, NUCLEO-C092RC, NUCLEO-H503RB, NUCLEO-H533RE, NUCLEO-H563ZI, NUCLEO-H7S3L8, NUCLEO-N657X0-Q, NUCLEO-U031R8, NUCLEO-U083RC, NUCLEO-U385RG-Q, NUCLEO-U545RE-Q, NUCLEO-U5A5ZJ-Q, NUCLEO-WB05KZ, NUCLEO-WB07CC, NUCLEO-WB09KE, NUCLEO-WBA52CG, NUCLEO-WBA55CG, NUCLEO-WL33CC1, NUCLEO-WL33CC2, STEVAL-PROTEUS1, STEVAL-SMARTAG2, STEVAL-STWINBX1, STM320518-EVAL, STM32C0116-DK, STM32C011D6Y3TR, STM32C011D6Y6TR, STM32C011F4P3, STM32C011F4P6, STM32C011F4U3, STM32C011F4U6TR, STM32C011F6P3, STM32C011F6P6, STM32C011F6U3, STM32C011F6U6TR, STM32C011J4M3, STM32C011J4M6, STM32C011J6M3, STM32C011J6M6, STM32C0316-DK, STM32C031C4T3, STM32C031C4T6, STM32C031C4U3, STM32C031C4U6, STM32C031C6T3, STM32C031C6T6, STM32C031C6U3, STM32C031C6U6, STM32C031F4P3, STM32C031F4P6, STM32C031F6P3, STM32C031F6P6, STM32C031G4U3, STM32C031G4U6, STM32C031G6U3, STM32C031G6U6, STM32C031K4T3, STM32C031K4T6, STM32C031K4U3, STM32C031K4U6, STM32C031K6T3, STM32C031K6T6, STM32C031K6U3, STM32C031K6U6, STM32C051C6T6, STM32C051C6U6, STM32C051C8T6, STM32C051C8U6, STM32C051D8Y6TR, STM32C051F6P6, STM32C051F8P6, STM32C051G6U6, STM32C051G8U6, STM32C051K6T6, STM32C051K6U6, STM32C051K8T6, STM32C071C8T6, STM32C071C8T6N, STM32C071C8U6, STM32C071C8U6N, STM32C071CBT6, STM32C071CBT6N, STM32C071CBU6, STM32C071CBU6N, STM32C071F8P6, STM32C071F8P6N, STM32C071FBP6, STM32C071FBP6N, STM32C071FBY6TR, STM32C071G8U6, STM32C071G8U6N, STM32C071GBU6, STM32C071GBU6N, STM32C071K8T6, STM32C071K8T6N, STM32C071K8U6, STM32C071K8U6N, STM32C071KBT6, STM32C071KBT6N, STM32C071KBU6, STM32C071KBU6N, STM32C071R8T6, STM32C071R8T6N, STM32C071RBI6N, STM32C071RBT6, STM32C071RBT6N, STM32C091CBT6, STM32C091CBU6, STM32C091CCT6, STM32C091CCU6, STM32C091ECY6TR, STM32C091FBP6, STM32C091FCP6, STM32C091GBU6, STM32C091GCU6, STM32C091KBT6, STM32C091KBU6, STM32C091KCT6, STM32C091KCU6, STM32C091RBT6, STM32C091RCI6, STM32C091RCT6, STM32C092CBT6, STM32C092CBU6, STM32C092CCT6, STM32C092CCU6, STM32C092ECY6TR, STM32C092FBP6, STM32C092FCP6, STM32C092GBU6, STM32C092GCU6, STM32C092KBT6, STM32C092KBU6, STM32C092KCT6, STM32C092KCU6, STM32C092RBT6, STM32C092RCI6, STM32C092RCT6, STM32G071K8TXN, STM32G071K8UXN, STM32G081GBU6N, STM32G081KBT6N, STM32G081KBUXN, STM32G0B1CCT6N, STM32G0B1KCT6, STM32G0B1NEY6TR, STM32G0B1RCT6N, STM32G0C1CCT6, STM32G0C1CCT6N, STM32G0C1CCU6N, STM32G0C1CET6N, STM32G0C1CEU6N, STM32G0C1KCT6, STM32G0C1NEY6TR, STM32G0C1RCI6N, STM32G0C1RCT6N, STM32G0C1REI6N, STM32G0C1RET6N, STM32G0C1VCI6, STM32G0C1VEI6, STM32G411C6T3, STM32G411C6T6, STM32G411C6U3, STM32G411C6U6, STM32G411C8T3, STM32G411C8T6, STM32G411C8U3, STM32G411C8U6, STM32G411CBT3, STM32G411CBT6, STM32G411CBU3, STM32G411CBU6, STM32G411K6T3, STM32G411K6T6, STM32G411K6U3, STM32G411K6U6, STM32G411K8T3, STM32G411K8T6, STM32G411K8U3, STM32G411K8U6, STM32G411KBT3, STM32G411KBT6, STM32G411KBU3, STM32G411KBU6, STM32G411M6T3, STM32G411M6T6, STM32G411M8T3, STM32G411M8T6, STM32G411MBT3, STM32G411MBT6, STM32G411R6T3, STM32G411R6T6, STM32G411R8T3, STM32G411R8T6, STM32G411RBT3, STM32G411RBT6, STM32G414CBT3, STM32G414CBT6, STM32G414CBU3, STM32G414CBU6, STM32G414CCT3, STM32G414CCT6, STM32G414CCU3, STM32G414CCU6, STM32G414MBT3, STM32G414MBT6, STM32G414MCT3, STM32G414MCT6, STM32G414RBT3, STM32G414RBT6, STM32G414RCT3, STM32G414RCT6, STM32G414VBT3, STM32G414VBT6, STM32G414VCT3, STM32G414VCT6, STM32G431CBT3Z, STM32G431RBT3Z, STM32G471CCT6, STM32G471CCU6, STM32G471CET3, STM32G471CET6, STM32G471CEU3, STM32G471CEU6, STM32G471MCT6, STM32G471MET3, STM32G471MET6, STM32G471MEY6TR, STM32G471QCT6, STM32G471QET3, STM32G471RCT6, STM32G471RET3, STM32G471RET6, STM32G471VCH6, STM32G471VCI6, STM32G471VCT6, STM32G471VEH3, STM32G471VEH6, STM32G471VEI3, STM32G471VEI6, STM32G471VET3, STM32G471VET6, STM32G473QET3Z, STM32G473RET3Z, STM32G474CCT6, STM32G491RET3Z, STM32H503CBT6, STM32H503CBU6, STM32H503EBY6TR, STM32H503KBU6, STM32H503RBT6, STM32H523CCT6, STM32H523CCU6, STM32H523CET6, STM32H523CEU6, STM32H523HEY6TR, STM32H523RCT6, STM32H523RET6, STM32H523VCI6, STM32H523VCT6, STM32H523VEI6, STM32H523VET6, STM32H523ZCJ6, STM32H523ZCT6, STM32H523ZEJ6, STM32H523ZET6, STM32H533CET6, STM32H533CEU6, STM32H533HEY6TR, STM32H533RET6, STM32H533VEI6, STM32H533VET6, STM32H533ZEJ6, STM32H533ZET6, STM32H562AGI6, STM32H562AII6, STM32H562IGK6, STM32H562IGT6, STM32H562IIK6, STM32H562IIT6, STM32H562RGT6, STM32H562RGV6, STM32H562RIT6, STM32H562RIV6, STM32H562VGT6, STM32H562VIT6, STM32H562ZGT6, STM32H562ZIT6, STM32H563AGI6, STM32H563AII3Q, STM32H563AII6, STM32H563IGK6, STM32H563IGT6, STM32H563IIK3Q, STM32H563IIK6, STM32H563IIT3Q, STM32H563IIT6, STM32H563MIY3QTR, STM32H563RGT6, STM32H563RGV6, STM32H563RIT6, STM32H563RIV6, STM32H563VGT6, STM32H563VIT3Q, STM32H563VIT6, STM32H563ZGT6, STM32H563ZIT3Q, STM32H563ZIT6, STM32H573AII3Q, STM32H573AII6, STM32H573I-DK, STM32H573IIK3Q, STM32H573IIK6, STM32H573IIT3Q, STM32H573IIT6, STM32H573MIY3QTR, STM32H573RIT6, STM32H573RIV6, STM32H573VIT3Q, STM32H573VIT6, STM32H573ZIT3Q, STM32H573ZIT6, STM32H7R3A8I6, STM32H7R3I8K6, STM32H7R3I8T6, STM32H7R3L8H6, STM32H7R3L8H6H, STM32H7R3R8V6, STM32H7R3V8H6, STM32H7R3V8T6, STM32H7R3V8Y6TR, STM32H7R3Z8J6, STM32H7R3Z8T6, STM32H7R7A8I6, STM32H7R7I8K6, STM32H7R7I8T6, STM32H7R7L8H6, STM32H7R7L8H6H, STM32H7R7Z8J6, STM32H7S3A8I6, STM32H7S3I8K6, STM32H7S3I8T6, STM32H7S3L8H6, STM32H7S3L8H6H, STM32H7S3R8V6, STM32H7S3V8H6, STM32H7S3V8T6, STM32H7S3V8Y6TR, STM32H7S3Z8J6, STM32H7S3Z8T6, STM32H7S78-DK, STM32H7S7A8I6, STM32H7S7I8K6, STM32H7S7I8T6, STM32H7S7L8H6, STM32H7S7L8H6H, STM32H7S7Z8J6, STM32L4R5QGI6STR, STM32MP131AAE3, STM32MP131AAF3, STM32MP131AAG3, STM32MP131CAE3, STM32MP131CAF3, STM32MP131CAG3, STM32MP131DAE7, STM32MP131DAF7, STM32MP131DAG7, STM32MP131FAE7, STM32MP131FAF7, STM32MP131FAG7, STM32MP133AAE3, STM32MP133AAF3, STM32MP133AAG3, STM32MP133CAE3, STM32MP133CAF3, STM32MP133CAG3, STM32MP133DAE7, STM32MP133DAF7, STM32MP133DAG7, STM32MP133FAE7, STM32MP133FAF7, STM32MP133FAG7, STM32MP135AAE3, STM32MP135AAF3, STM32MP135AAG3, STM32MP135CAE3, STM32MP135CAF3, STM32MP135CAG3, STM32MP135DAE7, STM32MP135DAF7, STM32MP135DAG7, STM32MP135F-DK, STM32MP135FAE7, STM32MP135FAF7, STM32MP135FAF7T, STM32MP135FAF7U, STM32MP135FAG7, STM32MP211AAL3, STM32MP211AAM3, STM32MP211AAN3, STM32MP211AAO3, STM32MP211CAL3, STM32MP211CAM3, STM32MP211CAN3, STM32MP211CAO3, STM32MP211DAL3, STM32MP211DAM3, STM32MP211DAN3, STM32MP211DAO3, STM32MP211FAL3, STM32MP211FAM3, STM32MP211FAN3, STM32MP211FAO3, STM32MP213AAL3, STM32MP213AAM3, STM32MP213AAN3, STM32MP213AAO3, STM32MP213CAL3, STM32MP213CAM3, STM32MP213CAN3, STM32MP213CAO3, STM32MP213DAL3, STM32MP213DAM3, STM32MP213DAN3, STM32MP213DAO3, STM32MP213FAL3, STM32MP213FAM3, STM32MP213FAN3, STM32MP213FAO3, STM32MP215AAL3, STM32MP215AAM3, STM32MP215AAN3, STM32MP215AAO3, STM32MP215CAL3, STM32MP215CAM3, STM32MP215CAN3, STM32MP215CAO3, STM32MP215DAL3, STM32MP215DAM3, STM32MP215DAN3, STM32MP215DAO3, STM32MP215F-DK, STM32MP215FAL3, STM32MP215FAM3, STM32MP215FAN3, STM32MP215FAO3, STM32MP231AAJ3, STM32MP231AAK3, STM32MP231AAL3, STM32MP231CAJ3, STM32MP231CAK3, STM32MP231CAL3, STM32MP231DAJ3, STM32MP231DAK3, STM32MP231DAL3, STM32MP231FAJ3, STM32MP231FAK3, STM32MP231FAL3, STM32MP233AAJ3, STM32MP233AAK3, STM32MP233AAL3, STM32MP233CAJ3, STM32MP233CAK3, STM32MP233CAL3, STM32MP233DAJ3, STM32MP233DAK3, STM32MP233DAL3, STM32MP233FAJ3, STM32MP233FAK3, STM32MP233FAL3, STM32MP235AAJ3, STM32MP235AAK3, STM32MP235AAL3, STM32MP235CAJ3, STM32MP235CAK3, STM32MP235CAL3, STM32MP235DAJ3, STM32MP235DAK3, STM32MP235DAL3, STM32MP235FAJ3, STM32MP235FAK3, STM32MP235FAL3, STM32MP251AAI3, STM32MP251AAK3, STM32MP251AAL3, STM32MP251CAI3, STM32MP251CAK3, STM32MP251CAL3, STM32MP251DAI3, STM32MP251DAK3, STM32MP251DAL3, STM32MP251FAI3, STM32MP251FAK3, STM32MP251FAL3, STM32MP253AAI3, STM32MP253AAK3, STM32MP253AAL3, STM32MP253CAI3, STM32MP253CAK3, STM32MP253CAL3, STM32MP253DAI3, STM32MP253DAK3, STM32MP253DAL3, STM32MP253FAI3, STM32MP253FAK3, STM32MP253FAL3, STM32MP255AAI3, STM32MP255AAK3, STM32MP255AAL3, STM32MP255CAI3, STM32MP255CAK3, STM32MP255CAL3, STM32MP255DAI3, STM32MP255DAK3, STM32MP255DAL3, STM32MP255FAI3, STM32MP255FAK3, STM32MP255FAL3, STM32MP257AAI3, STM32MP257AAK3, STM32MP257AAL3, STM32MP257CAI3, STM32MP257CAK3, STM32MP257CAL3, STM32MP257DAI3, STM32MP257DAK3, STM32MP257DAL3, STM32MP257F-DK, STM32MP257F-EV1, STM32MP257FAI3, STM32MP257FAK3, STM32MP257FAL3, STM32N645A0H3Q, STM32N645B0H3Q, STM32N645I0H3Q, STM32N645L0H3Q, STM32N645X0H3Q, STM32N645Z0H3Q, STM32N647A0H3Q, STM32N647B0H3Q, STM32N647I0H3Q, STM32N647L0H3Q, STM32N647X0H3Q, STM32N647Z0H3Q, STM32N655A0H3Q, STM32N655B0H3Q, STM32N655I0H3Q, STM32N655L0H3Q, STM32N655X0H3Q, STM32N655Z0H3Q, STM32N6570-DK, STM32N657A0H3Q, STM32N657B0H3Q, STM32N657I0H3Q, STM32N657L0H3Q, STM32N657X0H3Q, STM32N657Z0H3Q, STM32U031C6T6, STM32U031C6U6, STM32U031C8T6, STM32U031C8U6, STM32U031F4P6, STM32U031F6P6, STM32U031F8P6, STM32U031G6Y6TR, STM32U031G8Y6TR, STM32U031K4U6, STM32U031K6U6, STM32U031K8U6, STM32U031R6I6, STM32U031R6T6, STM32U031R8I6, STM32U031R8T6, STM32U073C8T6, STM32U073C8U6, STM32U073CBT6, STM32U073CBU6, STM32U073CCT6, STM32U073CCU6, STM32U073H8Y6TR, STM32U073HBY6TR, STM32U073HCY6TR, STM32U073K8U6, STM32U073KBU6, STM32U073KCU6, STM32U073M8I6, STM32U073M8T6, STM32U073MBI6, STM32U073MBT6, STM32U073MCI6, STM32U073MCT6, STM32U073R8I6, STM32U073R8T6, STM32U073RBI6, STM32U073RBT6, STM32U073RCI6, STM32U073RCT6, STM32U083C-DK, STM32U083CCT6, STM32U083CCU6, STM32U083HCY6TR, STM32U083KCU6, STM32U083MCI6, STM32U083MCT6, STM32U083RCI6, STM32U083RCT6, STM32U375CET6, STM32U375CET6Q, STM32U375CEU6, STM32U375CEU6Q, STM32U375CEY6QTR, STM32U375CGT6, STM32U375CGT6Q, STM32U375CGU6, STM32U375CGU6Q, STM32U375CGY6QTR, STM32U375KEU6, STM32U375KGU6, STM32U375REI6, STM32U375REI6Q, STM32U375RET6, STM32U375RET6Q, STM32U375REY6GTR, STM32U375REY6QTR, STM32U375RGI6, STM32U375RGI6Q, STM32U375RGT6, STM32U375RGT6Q, STM32U375RGY6GTR, STM32U375RGY6QTR, STM32U375VEI6, STM32U375VEI6Q, STM32U375VET6, STM32U375VET6Q, STM32U375VGI6, STM32U375VGI6Q, STM32U375VGT6, STM32U375VGT6Q, STM32U385CGT6, STM32U385CGT6Q, STM32U385CGU6, STM32U385CGU6Q, STM32U385CGY6QTR, STM32U385KGU6, STM32U385RGI6, STM32U385RGI6Q, STM32U385RGT6, STM32U385RGT6Q, STM32U385RGY6GTR, STM32U385RGY6QTR, STM32U385VGI6, STM32U385VGI6Q, STM32U385VGT6, STM32U385VGT6Q, STM32U535CBT6, STM32U535CBT6Q, STM32U535CBU6, STM32U535CBU6Q, STM32U535CCT6, STM32U535CCT6Q, STM32U535CCU6, STM32U535CCU6Q, STM32U535CET6, STM32U535CET6Q, STM32U535CEU6, STM32U535CEU6Q, STM32U535JEY6QTR, STM32U535NCY6QTR, STM32U535NEY6QTR, STM32U535RBI6, STM32U535RBI6Q, STM32U535RBT6, STM32U535RBT6Q, STM32U535RCI6, STM32U535RCI6Q, STM32U535RCT6, STM32U535RCT6Q, STM32U535REI6, STM32U535REI6Q, STM32U535RET6, STM32U535RET6Q, STM32U535VCI6, STM32U535VCI6Q, STM32U535VCT6, STM32U535VCT6Q, STM32U535VEI6, STM32U535VEI6Q, STM32U535VET6, STM32U535VET6Q, STM32U545CET6, STM32U545CET6Q, STM32U545CEU6, STM32U545CEU6Q, STM32U545JEY6QTR, STM32U545NEY6QTR, STM32U545REI6, STM32U545REI6Q, STM32U545RET6, STM32U545RET6Q, STM32U545VEI6, STM32U545VEI6Q, STM32U545VET6, STM32U545VET6Q, STM32U595AIH6, STM32U595AIH6Q, STM32U595AJH6, STM32U595AJH6Q, STM32U595QII6, STM32U595QII6Q, STM32U595QJI6, STM32U595QJI6Q, STM32U595RIT6, STM32U595RIT6Q, STM32U595RJT6, STM32U595RJT6Q, STM32U595VIT6, STM32U595VIT6Q, STM32U595VJT6, STM32U595VJT6Q, STM32U595ZIT6, STM32U595ZIT6Q, STM32U595ZIY6QTR, STM32U595ZJT6, STM32U595ZJT6Q, STM32U595ZJY6QTR, STM32U599BJY6QTR, STM32U599NIH6Q, STM32U599NJH6Q, STM32U599VIT6Q, STM32U599VJT6, STM32U599VJT6Q, STM32U599ZIT6Q, STM32U599ZIY6QTR, STM32U599ZJT6Q, STM32U599ZJY6QTR, STM32U5A5AJH6, STM32U5A5AJH6Q, STM32U5A5QII3Q , STM32U5A5QJI6, STM32U5A5QJI6Q, STM32U5A5RJT6, STM32U5A5RJT6Q, STM32U5A5VJT6, STM32U5A5VJT6Q, STM32U5A5ZJT6, STM32U5A5ZJT6Q, STM32U5A5ZJY6QTR, STM32U5A9BJY6QTR, STM32U5A9J-DK, STM32U5A9NJH6Q, STM32U5A9VJT6Q, STM32U5A9ZJT6Q, STM32U5A9ZJY6QTR, STM32U5F7VIT6, STM32U5F7VIT6Q, STM32U5F7VJT6, STM32U5F7VJT6Q, STM32U5F9BJY6QTR, STM32U5F9NJH6Q, STM32U5F9VIT6Q, STM32U5F9VJT6Q, STM32U5F9ZIJ6QTR, STM32U5F9ZIT6Q, STM32U5F9ZJJ6QTR, STM32U5F9ZJT6Q, STM32U5G7VJT6, STM32U5G7VJT6Q, STM32U5G9BJY6QTR, STM32U5G9J-DK1, STM32U5G9J-DK2, STM32U5G9NJH6Q, STM32U5G9VJT6Q, STM32U5G9ZJJ6QTR, STM32U5G9ZJT6Q, STM32WB05KZV6TR, STM32WB05KZV7TR, STM32WB05TZF6TR, STM32WB05TZF7TR, STM32WB06CCF6TR, STM32WB06CCF7TR, STM32WB06CCV6TR, STM32WB06CCV7TR, STM32WB06KCV6TR, STM32WB06KCV7TR, STM32WB07CCF6TR, STM32WB07CCF7TR, STM32WB07CCV6TR, STM32WB07CCV7TR, STM32WB07KCV6TR, STM32WB07KCV7TR, STM32WB09KEV6TR, STM32WB09KEV7TR, STM32WB09TEF6TR, STM32WB09TEF7TR, STM32WB1MMCH6, STM32WBA50KGU6, STM32WBA50KGU6TR, STM32WBA52CEU6, STM32WBA52CEU6TR, STM32WBA52CEU7, STM32WBA52CEU7TR, STM32WBA52CGU6, STM32WBA52CGU6TR, STM32WBA52CGU6U, STM32WBA52CGU7, STM32WBA52CGU7TR, STM32WBA52KEU6, STM32WBA52KEU6TR, STM32WBA52KGU6, STM32WBA52KGU6TR, STM32WBA54CEU6, STM32WBA54CEU6TR, STM32WBA54CEU7, STM32WBA54CEU7TR, STM32WBA54CGU6, STM32WBA54CGU6TR, STM32WBA54CGU7, STM32WBA54CGU7TR, STM32WBA54KEU6, STM32WBA54KEU6TR, STM32WBA54KEU7, STM32WBA54KEU7TR, STM32WBA54KGU6, STM32WBA54KGU6TR, STM32WBA54KGU7, STM32WBA54KGU7TR, STM32WBA55CEU6, STM32WBA55CEU6TR, STM32WBA55CEU7, STM32WBA55CEU7TR, STM32WBA55CGU6, STM32WBA55CGU6TR, STM32WBA55CGU6U, STM32WBA55CGU7, STM32WBA55CGU7TR, STM32WBA55G-DK1, STM32WBA55HEF6, STM32WBA55HEF7, STM32WBA55HGF6, STM32WBA55HGF7, STM32WBA55UEI6, STM32WBA55UEI6TR, STM32WBA55UEI7, STM32WBA55UEI7TR, STM32WBA55UGI6, STM32WBA55UGI6TR, STM32WBA55UGI7, STM32WBA55UGI7TR, STM32WBA5MMGH6TR, STM32WBA62MGF6, STM32WBA62MIF6, STM32WBA65MGF7, STM32WBA65MIF6, STM32WBA65MIF7, STM32WL30K8V6, STM32WL30KBV6, STM32WL31C8V6, STM32WL31CBV6, STM32WL31K8V6, STM32WL31KBV6, STM32WL33C8V6, STM32WL33C8V6X, STM32WL33CBV6, STM32WL33CBV6X, STM32WL33CCV6, STM32WL33CCV6A, STM32WL33CCV6X, STM32WL33K8V7, STM32WL33K8V7X, STM32WL33KBV7 , STM32WL33KBV7X, STM32WL33KCV7, STM32WL33KCV7X, STM32WL5MOCH6, STM32WL5MOCH6TR]
2025-08-11 22:26:57,859 [INFO] DbMcus:218 - Found 4801 MCUs, 4801 are supported
2025-08-11 22:26:57,861 [INFO] ApiDb:423 - Load user favorites file C:\Users\sumey/.stm32cubeide/favorites.mcus.txt: 1 item(s)
2025-08-11 22:26:57,861 [INFO] ApiDb:427 - User favorites MCUs=[STM32F103C6T6A]
2025-08-11 22:26:57,861 [INFO] DbMcus:224 - Set 1 / 1 favorites MCUs
2025-08-11 22:26:57,880 [ERROR] LogOutputStream:75 - [STDERR_REDIRECT] [Fatal Error] :1:1: Premature end of file.
2025-08-11 22:26:57,880 [ERROR] LogOutputStream:75 - [STDERR_REDIRECT] 
2025-08-11 22:26:58,298 [INFO] ApiDb:668 - CubeFinder database Data Model version=2.1
2025-08-11 22:26:58,298 [INFO] ApiDb:669 - CubeFinder database Configuration version=3.0.39
2025-08-11 22:26:58,299 [INFO] ApiDb:670 - CubeFinder database generation date=2025-07-24 (1753349077)
2025-08-11 22:26:58,300 [INFO] ApiDb:671 - CubeFinder database FW Pack versions=[FP-ATR-ASTRA1_V2.0.0, FP-SNS-FLIGHT1_V5.1.0, FP-SNS-MOTENV1_V5.0.0, FP-SNS-MOTENVWB1_V1.4.0, FP-SNS-SMARTAG2_V1.2.0, FP-SNS-STBOX1_V2.0.0, STM32Cube_FW_C0_V1.4.0, STM32Cube_FW_F4_V1.28.2, STM32Cube_FW_F7_V1.17.3, STM32Cube_FW_G0_V1.6.2, STM32Cube_FW_G4_V1.6.1, STM32Cube_FW_H5_V1.5.0, STM32Cube_FW_H7RS_V1.2.0, STM32Cube_FW_H7_V1.12.1, STM32Cube_FW_L0_V1.12.2, STM32Cube_FW_L4_V1.18.1, STM32Cube_FW_L5_V1.5.1, STM32Cube_FW_N6_V1.2.0, STM32Cube_FW_U0_V1.3.0, STM32Cube_FW_U3_V1.2.0, STM32Cube_FW_U5_V1.8.0, STM32Cube_FW_WB0_V1.3.0, STM32Cube_FW_WBA_V1.7.0, STM32Cube_FW_WB_V1.23.0, STM32Cube_FW_WL3_V1.2.0, STM32Cube_FW_WL_V1.3.1, X-CUBE-ALGOBUILD_V1.4.0, X-CUBE-ALS_V1.0.2, X-CUBE-AZRTOS-F4_V1.1.0, X-CUBE-AZRTOS-F7_V1.1.0, X-CUBE-AZRTOS-G0_V1.1.0, X-CUBE-AZRTOS-G4_V2.0.0, X-CUBE-AZRTOS-H7RS_V1.1.0, X-CUBE-AZRTOS-H7_V3.4.0, X-CUBE-AZRTOS-L4_V2.0.0, X-CUBE-AZRTOS-L5_V2.0.0, X-CUBE-AZRTOS-WB_V2.0.0, X-CUBE-AZRTOS-WL_V2.0.0, X-CUBE-BLE1_V7.1.0, X-CUBE-BLE2_V3.3.0, X-CUBE-BLEMGR_V4.1.0, X-CUBE-EEPRMA1_V5.2.0, X-CUBE-FREERTOS_V1.3.1, X-CUBE-GNSS1_V6.0.0, X-CUBE-MEMS1_V11.3.0, X-CUBE-NFC4_V3.0.0, X-CUBE-NFC7_V2.0.0, X-CUBE-SFXS2LP1_V4.0.0, X-CUBE-ST67W61_V1.0.0, X-CUBE-SUBG2_V5.0.0, X-CUBE-TOF1_V3.4.3]
2025-08-11 22:26:58,405 [INFO] DbBoardsSqlite:226 - include board P-NUCLEO-WB55-NUCLEO as a kit item of type 'Nucleo-64'
2025-08-11 22:26:58,405 [INFO] DbBoardsSqlite:226 - include board P-NUCLEO-WB55-USBDONGLE as a kit item of type 'Nucleo USB Dongle'
2025-08-11 22:26:58,405 [INFO] DbBoardsSqlite:226 - include board STEVAL-IDP005V1 as a kit item of type 'Evaluation Board'
2025-08-11 22:26:58,406 [INFO] DbBoardsSqlite:226 - include board STEVAL-IDP005V2 as a kit item of type 'Evaluation Board'
2025-08-11 22:26:58,476 [INFO] ApiDb:240 - Found 880 in-development CPN: [B-G473E-ZEST1S, B-WB1M-WPAN1, B-WBA5M-WPAN, B-WL5M-SUBG1, NUCLEO-C031C6, NUCLEO-C051C8, NUCLEO-C071RB, NUCLEO-C092RC, NUCLEO-H503RB, NUCLEO-H533RE, NUCLEO-H563ZI, NUCLEO-H7S3L8, NUCLEO-N657X0-Q, NUCLEO-U031R8, NUCLEO-U083RC, NUCLEO-U385RG-Q, NUCLEO-U545RE-Q, NUCLEO-U5A5ZJ-Q, NUCLEO-WB05KZ, NUCLEO-WB07CC, NUCLEO-WB09KE, NUCLEO-WBA52CG, NUCLEO-WBA55CG, NUCLEO-WL33CC1, NUCLEO-WL33CC2, STEVAL-PROTEUS1, STEVAL-SMARTAG2, STEVAL-STWINBX1, STM320518-EVAL, STM32C0116-DK, STM32C011D6Y3TR, STM32C011D6Y6TR, STM32C011F4P3, STM32C011F4P6, STM32C011F4U3, STM32C011F4U6TR, STM32C011F6P3, STM32C011F6P6, STM32C011F6U3, STM32C011F6U6TR, STM32C011J4M3, STM32C011J4M6, STM32C011J6M3, STM32C011J6M6, STM32C0316-DK, STM32C031C4T3, STM32C031C4T6, STM32C031C4U3, STM32C031C4U6, STM32C031C6T3, STM32C031C6T6, STM32C031C6U3, STM32C031C6U6, STM32C031F4P3, STM32C031F4P6, STM32C031F6P3, STM32C031F6P6, STM32C031G4U3, STM32C031G4U6, STM32C031G6U3, STM32C031G6U6, STM32C031K4T3, STM32C031K4T6, STM32C031K4U3, STM32C031K4U6, STM32C031K6T3, STM32C031K6T6, STM32C031K6U3, STM32C031K6U6, STM32C051C6T6, STM32C051C6U6, STM32C051C8T6, STM32C051C8U6, STM32C051D8Y6TR, STM32C051F6P6, STM32C051F8P6, STM32C051G6U6, STM32C051G8U6, STM32C051K6T6, STM32C051K6U6, STM32C051K8T6, STM32C071C8T6, STM32C071C8T6N, STM32C071C8U6, STM32C071C8U6N, STM32C071CBT6, STM32C071CBT6N, STM32C071CBU6, STM32C071CBU6N, STM32C071F8P6, STM32C071F8P6N, STM32C071FBP6, STM32C071FBP6N, STM32C071FBY6TR, STM32C071G8U6, STM32C071G8U6N, STM32C071GBU6, STM32C071GBU6N, STM32C071K8T6, STM32C071K8T6N, STM32C071K8U6, STM32C071K8U6N, STM32C071KBT6, STM32C071KBT6N, STM32C071KBU6, STM32C071KBU6N, STM32C071R8T6, STM32C071R8T6N, STM32C071RBI6N, STM32C071RBT6, STM32C071RBT6N, STM32C091CBT6, STM32C091CBU6, STM32C091CCT6, STM32C091CCU6, STM32C091ECY6TR, STM32C091FBP6, STM32C091FCP6, STM32C091GBU6, STM32C091GCU6, STM32C091KBT6, STM32C091KBU6, STM32C091KCT6, STM32C091KCU6, STM32C091RBT6, STM32C091RCI6, STM32C091RCT6, STM32C092CBT6, STM32C092CBU6, STM32C092CCT6, STM32C092CCU6, STM32C092ECY6TR, STM32C092FBP6, STM32C092FCP6, STM32C092GBU6, STM32C092GCU6, STM32C092KBT6, STM32C092KBU6, STM32C092KCT6, STM32C092KCU6, STM32C092RBT6, STM32C092RCI6, STM32C092RCT6, STM32G071K8TXN, STM32G071K8UXN, STM32G081GBU6N, STM32G081KBT6N, STM32G081KBUXN, STM32G0B1CCT6N, STM32G0B1KCT6, STM32G0B1NEY6TR, STM32G0B1RCT6N, STM32G0C1CCT6, STM32G0C1CCT6N, STM32G0C1CCU6N, STM32G0C1CET6N, STM32G0C1CEU6N, STM32G0C1KCT6, STM32G0C1NEY6TR, STM32G0C1RCI6N, STM32G0C1RCT6N, STM32G0C1REI6N, STM32G0C1RET6N, STM32G0C1VCI6, STM32G0C1VEI6, STM32G411C6T3, STM32G411C6T6, STM32G411C6U3, STM32G411C6U6, STM32G411C8T3, STM32G411C8T6, STM32G411C8U3, STM32G411C8U6, STM32G411CBT3, STM32G411CBT6, STM32G411CBU3, STM32G411CBU6, STM32G411K6T3, STM32G411K6T6, STM32G411K6U3, STM32G411K6U6, STM32G411K8T3, STM32G411K8T6, STM32G411K8U3, STM32G411K8U6, STM32G411KBT3, STM32G411KBT6, STM32G411KBU3, STM32G411KBU6, STM32G411M6T3, STM32G411M6T6, STM32G411M8T3, STM32G411M8T6, STM32G411MBT3, STM32G411MBT6, STM32G411R6T3, STM32G411R6T6, STM32G411R8T3, STM32G411R8T6, STM32G411RBT3, STM32G411RBT6, STM32G414CBT3, STM32G414CBT6, STM32G414CBU3, STM32G414CBU6, STM32G414CCT3, STM32G414CCT6, STM32G414CCU3, STM32G414CCU6, STM32G414MBT3, STM32G414MBT6, STM32G414MCT3, STM32G414MCT6, STM32G414RBT3, STM32G414RBT6, STM32G414RCT3, STM32G414RCT6, STM32G414VBT3, STM32G414VBT6, STM32G414VCT3, STM32G414VCT6, STM32G431CBT3Z, STM32G431RBT3Z, STM32G471CCT6, STM32G471CCU6, STM32G471CET3, STM32G471CET6, STM32G471CEU3, STM32G471CEU6, STM32G471MCT6, STM32G471MET3, STM32G471MET6, STM32G471MEY6TR, STM32G471QCT6, STM32G471QET3, STM32G471RCT6, STM32G471RET3, STM32G471RET6, STM32G471VCH6, STM32G471VCI6, STM32G471VCT6, STM32G471VEH3, STM32G471VEH6, STM32G471VEI3, STM32G471VEI6, STM32G471VET3, STM32G471VET6, STM32G473QET3Z, STM32G473RET3Z, STM32G474CCT6, STM32G491RET3Z, STM32H503CBT6, STM32H503CBU6, STM32H503EBY6TR, STM32H503KBU6, STM32H503RBT6, STM32H523CCT6, STM32H523CCU6, STM32H523CET6, STM32H523CEU6, STM32H523HEY6TR, STM32H523RCT6, STM32H523RET6, STM32H523VCI6, STM32H523VCT6, STM32H523VEI6, STM32H523VET6, STM32H523ZCJ6, STM32H523ZCT6, STM32H523ZEJ6, STM32H523ZET6, STM32H533CET6, STM32H533CEU6, STM32H533HEY6TR, STM32H533RET6, STM32H533VEI6, STM32H533VET6, STM32H533ZEJ6, STM32H533ZET6, STM32H562AGI6, STM32H562AII6, STM32H562IGK6, STM32H562IGT6, STM32H562IIK6, STM32H562IIT6, STM32H562RGT6, STM32H562RGV6, STM32H562RIT6, STM32H562RIV6, STM32H562VGT6, STM32H562VIT6, STM32H562ZGT6, STM32H562ZIT6, STM32H563AGI6, STM32H563AII3Q, STM32H563AII6, STM32H563IGK6, STM32H563IGT6, STM32H563IIK3Q, STM32H563IIK6, STM32H563IIT3Q, STM32H563IIT6, STM32H563MIY3QTR, STM32H563RGT6, STM32H563RGV6, STM32H563RIT6, STM32H563RIV6, STM32H563VGT6, STM32H563VIT3Q, STM32H563VIT6, STM32H563ZGT6, STM32H563ZIT3Q, STM32H563ZIT6, STM32H573AII3Q, STM32H573AII6, STM32H573I-DK, STM32H573IIK3Q, STM32H573IIK6, STM32H573IIT3Q, STM32H573IIT6, STM32H573MIY3QTR, STM32H573RIT6, STM32H573RIV6, STM32H573VIT3Q, STM32H573VIT6, STM32H573ZIT3Q, STM32H573ZIT6, STM32H7R3A8I6, STM32H7R3I8K6, STM32H7R3I8T6, STM32H7R3L8H6, STM32H7R3L8H6H, STM32H7R3R8V6, STM32H7R3V8H6, STM32H7R3V8T6, STM32H7R3V8Y6TR, STM32H7R3Z8J6, STM32H7R3Z8T6, STM32H7R7A8I6, STM32H7R7I8K6, STM32H7R7I8T6, STM32H7R7L8H6, STM32H7R7L8H6H, STM32H7R7Z8J6, STM32H7S3A8I6, STM32H7S3I8K6, STM32H7S3I8T6, STM32H7S3L8H6, STM32H7S3L8H6H, STM32H7S3R8V6, STM32H7S3V8H6, STM32H7S3V8T6, STM32H7S3V8Y6TR, STM32H7S3Z8J6, STM32H7S3Z8T6, STM32H7S78-DK, STM32H7S7A8I6, STM32H7S7I8K6, STM32H7S7I8T6, STM32H7S7L8H6, STM32H7S7L8H6H, STM32H7S7Z8J6, STM32L4R5QGI6STR, STM32MP131AAE3, STM32MP131AAF3, STM32MP131AAG3, STM32MP131CAE3, STM32MP131CAF3, STM32MP131CAG3, STM32MP131DAE7, STM32MP131DAF7, STM32MP131DAG7, STM32MP131FAE7, STM32MP131FAF7, STM32MP131FAG7, STM32MP133AAE3, STM32MP133AAF3, STM32MP133AAG3, STM32MP133CAE3, STM32MP133CAF3, STM32MP133CAG3, STM32MP133DAE7, STM32MP133DAF7, STM32MP133DAG7, STM32MP133FAE7, STM32MP133FAF7, STM32MP133FAG7, STM32MP135AAE3, STM32MP135AAF3, STM32MP135AAG3, STM32MP135CAE3, STM32MP135CAF3, STM32MP135CAG3, STM32MP135DAE7, STM32MP135DAF7, STM32MP135DAG7, STM32MP135F-DK, STM32MP135FAE7, STM32MP135FAF7, STM32MP135FAF7T, STM32MP135FAF7U, STM32MP135FAG7, STM32MP211AAL3, STM32MP211AAM3, STM32MP211AAN3, STM32MP211AAO3, STM32MP211CAL3, STM32MP211CAM3, STM32MP211CAN3, STM32MP211CAO3, STM32MP211DAL3, STM32MP211DAM3, STM32MP211DAN3, STM32MP211DAO3, STM32MP211FAL3, STM32MP211FAM3, STM32MP211FAN3, STM32MP211FAO3, STM32MP213AAL3, STM32MP213AAM3, STM32MP213AAN3, STM32MP213AAO3, STM32MP213CAL3, STM32MP213CAM3, STM32MP213CAN3, STM32MP213CAO3, STM32MP213DAL3, STM32MP213DAM3, STM32MP213DAN3, STM32MP213DAO3, STM32MP213FAL3, STM32MP213FAM3, STM32MP213FAN3, STM32MP213FAO3, STM32MP215AAL3, STM32MP215AAM3, STM32MP215AAN3, STM32MP215AAO3, STM32MP215CAL3, STM32MP215CAM3, STM32MP215CAN3, STM32MP215CAO3, STM32MP215DAL3, STM32MP215DAM3, STM32MP215DAN3, STM32MP215DAO3, STM32MP215F-DK, STM32MP215FAL3, STM32MP215FAM3, STM32MP215FAN3, STM32MP215FAO3, STM32MP231AAJ3, STM32MP231AAK3, STM32MP231AAL3, STM32MP231CAJ3, STM32MP231CAK3, STM32MP231CAL3, STM32MP231DAJ3, STM32MP231DAK3, STM32MP231DAL3, STM32MP231FAJ3, STM32MP231FAK3, STM32MP231FAL3, STM32MP233AAJ3, STM32MP233AAK3, STM32MP233AAL3, STM32MP233CAJ3, STM32MP233CAK3, STM32MP233CAL3, STM32MP233DAJ3, STM32MP233DAK3, STM32MP233DAL3, STM32MP233FAJ3, STM32MP233FAK3, STM32MP233FAL3, STM32MP235AAJ3, STM32MP235AAK3, STM32MP235AAL3, STM32MP235CAJ3, STM32MP235CAK3, STM32MP235CAL3, STM32MP235DAJ3, STM32MP235DAK3, STM32MP235DAL3, STM32MP235FAJ3, STM32MP235FAK3, STM32MP235FAL3, STM32MP251AAI3, STM32MP251AAK3, STM32MP251AAL3, STM32MP251CAI3, STM32MP251CAK3, STM32MP251CAL3, STM32MP251DAI3, STM32MP251DAK3, STM32MP251DAL3, STM32MP251FAI3, STM32MP251FAK3, STM32MP251FAL3, STM32MP253AAI3, STM32MP253AAK3, STM32MP253AAL3, STM32MP253CAI3, STM32MP253CAK3, STM32MP253CAL3, STM32MP253DAI3, STM32MP253DAK3, STM32MP253DAL3, STM32MP253FAI3, STM32MP253FAK3, STM32MP253FAL3, STM32MP255AAI3, STM32MP255AAK3, STM32MP255AAL3, STM32MP255CAI3, STM32MP255CAK3, STM32MP255CAL3, STM32MP255DAI3, STM32MP255DAK3, STM32MP255DAL3, STM32MP255FAI3, STM32MP255FAK3, STM32MP255FAL3, STM32MP257AAI3, STM32MP257AAK3, STM32MP257AAL3, STM32MP257CAI3, STM32MP257CAK3, STM32MP257CAL3, STM32MP257DAI3, STM32MP257DAK3, STM32MP257DAL3, STM32MP257F-DK, STM32MP257F-EV1, STM32MP257FAI3, STM32MP257FAK3, STM32MP257FAL3, STM32N645A0H3Q, STM32N645B0H3Q, STM32N645I0H3Q, STM32N645L0H3Q, STM32N645X0H3Q, STM32N645Z0H3Q, STM32N647A0H3Q, STM32N647B0H3Q, STM32N647I0H3Q, STM32N647L0H3Q, STM32N647X0H3Q, STM32N647Z0H3Q, STM32N655A0H3Q, STM32N655B0H3Q, STM32N655I0H3Q, STM32N655L0H3Q, STM32N655X0H3Q, STM32N655Z0H3Q, STM32N6570-DK, STM32N657A0H3Q, STM32N657B0H3Q, STM32N657I0H3Q, STM32N657L0H3Q, STM32N657X0H3Q, STM32N657Z0H3Q, STM32U031C6T6, STM32U031C6U6, STM32U031C8T6, STM32U031C8U6, STM32U031F4P6, STM32U031F6P6, STM32U031F8P6, STM32U031G6Y6TR, STM32U031G8Y6TR, STM32U031K4U6, STM32U031K6U6, STM32U031K8U6, STM32U031R6I6, STM32U031R6T6, STM32U031R8I6, STM32U031R8T6, STM32U073C8T6, STM32U073C8U6, STM32U073CBT6, STM32U073CBU6, STM32U073CCT6, STM32U073CCU6, STM32U073H8Y6TR, STM32U073HBY6TR, STM32U073HCY6TR, STM32U073K8U6, STM32U073KBU6, STM32U073KCU6, STM32U073M8I6, STM32U073M8T6, STM32U073MBI6, STM32U073MBT6, STM32U073MCI6, STM32U073MCT6, STM32U073R8I6, STM32U073R8T6, STM32U073RBI6, STM32U073RBT6, STM32U073RCI6, STM32U073RCT6, STM32U083C-DK, STM32U083CCT6, STM32U083CCU6, STM32U083HCY6TR, STM32U083KCU6, STM32U083MCI6, STM32U083MCT6, STM32U083RCI6, STM32U083RCT6, STM32U375CET6, STM32U375CET6Q, STM32U375CEU6, STM32U375CEU6Q, STM32U375CEY6QTR, STM32U375CGT6, STM32U375CGT6Q, STM32U375CGU6, STM32U375CGU6Q, STM32U375CGY6QTR, STM32U375KEU6, STM32U375KGU6, STM32U375REI6, STM32U375REI6Q, STM32U375RET6, STM32U375RET6Q, STM32U375REY6GTR, STM32U375REY6QTR, STM32U375RGI6, STM32U375RGI6Q, STM32U375RGT6, STM32U375RGT6Q, STM32U375RGY6GTR, STM32U375RGY6QTR, STM32U375VEI6, STM32U375VEI6Q, STM32U375VET6, STM32U375VET6Q, STM32U375VGI6, STM32U375VGI6Q, STM32U375VGT6, STM32U375VGT6Q, STM32U385CGT6, STM32U385CGT6Q, STM32U385CGU6, STM32U385CGU6Q, STM32U385CGY6QTR, STM32U385KGU6, STM32U385RGI6, STM32U385RGI6Q, STM32U385RGT6, STM32U385RGT6Q, STM32U385RGY6GTR, STM32U385RGY6QTR, STM32U385VGI6, STM32U385VGI6Q, STM32U385VGT6, STM32U385VGT6Q, STM32U535CBT6, STM32U535CBT6Q, STM32U535CBU6, STM32U535CBU6Q, STM32U535CCT6, STM32U535CCT6Q, STM32U535CCU6, STM32U535CCU6Q, STM32U535CET6, STM32U535CET6Q, STM32U535CEU6, STM32U535CEU6Q, STM32U535JEY6QTR, STM32U535NCY6QTR, STM32U535NEY6QTR, STM32U535RBI6, STM32U535RBI6Q, STM32U535RBT6, STM32U535RBT6Q, STM32U535RCI6, STM32U535RCI6Q, STM32U535RCT6, STM32U535RCT6Q, STM32U535REI6, STM32U535REI6Q, STM32U535RET6, STM32U535RET6Q, STM32U535VCI6, STM32U535VCI6Q, STM32U535VCT6, STM32U535VCT6Q, STM32U535VEI6, STM32U535VEI6Q, STM32U535VET6, STM32U535VET6Q, STM32U545CET6, STM32U545CET6Q, STM32U545CEU6, STM32U545CEU6Q, STM32U545JEY6QTR, STM32U545NEY6QTR, STM32U545REI6, STM32U545REI6Q, STM32U545RET6, STM32U545RET6Q, STM32U545VEI6, STM32U545VEI6Q, STM32U545VET6, STM32U545VET6Q, STM32U595AIH6, STM32U595AIH6Q, STM32U595AJH6, STM32U595AJH6Q, STM32U595QII6, STM32U595QII6Q, STM32U595QJI6, STM32U595QJI6Q, STM32U595RIT6, STM32U595RIT6Q, STM32U595RJT6, STM32U595RJT6Q, STM32U595VIT6, STM32U595VIT6Q, STM32U595VJT6, STM32U595VJT6Q, STM32U595ZIT6, STM32U595ZIT6Q, STM32U595ZIY6QTR, STM32U595ZJT6, STM32U595ZJT6Q, STM32U595ZJY6QTR, STM32U599BJY6QTR, STM32U599NIH6Q, STM32U599NJH6Q, STM32U599VIT6Q, STM32U599VJT6, STM32U599VJT6Q, STM32U599ZIT6Q, STM32U599ZIY6QTR, STM32U599ZJT6Q, STM32U599ZJY6QTR, STM32U5A5AJH6, STM32U5A5AJH6Q, STM32U5A5QII3Q , STM32U5A5QJI6, STM32U5A5QJI6Q, STM32U5A5RJT6, STM32U5A5RJT6Q, STM32U5A5VJT6, STM32U5A5VJT6Q, STM32U5A5ZJT6, STM32U5A5ZJT6Q, STM32U5A5ZJY6QTR, STM32U5A9BJY6QTR, STM32U5A9J-DK, STM32U5A9NJH6Q, STM32U5A9VJT6Q, STM32U5A9ZJT6Q, STM32U5A9ZJY6QTR, STM32U5F7VIT6, STM32U5F7VIT6Q, STM32U5F7VJT6, STM32U5F7VJT6Q, STM32U5F9BJY6QTR, STM32U5F9NJH6Q, STM32U5F9VIT6Q, STM32U5F9VJT6Q, STM32U5F9ZIJ6QTR, STM32U5F9ZIT6Q, STM32U5F9ZJJ6QTR, STM32U5F9ZJT6Q, STM32U5G7VJT6, STM32U5G7VJT6Q, STM32U5G9BJY6QTR, STM32U5G9J-DK1, STM32U5G9J-DK2, STM32U5G9NJH6Q, STM32U5G9VJT6Q, STM32U5G9ZJJ6QTR, STM32U5G9ZJT6Q, STM32WB05KZV6TR, STM32WB05KZV7TR, STM32WB05TZF6TR, STM32WB05TZF7TR, STM32WB06CCF6TR, STM32WB06CCF7TR, STM32WB06CCV6TR, STM32WB06CCV7TR, STM32WB06KCV6TR, STM32WB06KCV7TR, STM32WB07CCF6TR, STM32WB07CCF7TR, STM32WB07CCV6TR, STM32WB07CCV7TR, STM32WB07KCV6TR, STM32WB07KCV7TR, STM32WB09KEV6TR, STM32WB09KEV7TR, STM32WB09TEF6TR, STM32WB09TEF7TR, STM32WB1MMCH6, STM32WBA50KGU6, STM32WBA50KGU6TR, STM32WBA52CEU6, STM32WBA52CEU6TR, STM32WBA52CEU7, STM32WBA52CEU7TR, STM32WBA52CGU6, STM32WBA52CGU6TR, STM32WBA52CGU6U, STM32WBA52CGU7, STM32WBA52CGU7TR, STM32WBA52KEU6, STM32WBA52KEU6TR, STM32WBA52KGU6, STM32WBA52KGU6TR, STM32WBA54CEU6, STM32WBA54CEU6TR, STM32WBA54CEU7, STM32WBA54CEU7TR, STM32WBA54CGU6, STM32WBA54CGU6TR, STM32WBA54CGU7, STM32WBA54CGU7TR, STM32WBA54KEU6, STM32WBA54KEU6TR, STM32WBA54KEU7, STM32WBA54KEU7TR, STM32WBA54KGU6, STM32WBA54KGU6TR, STM32WBA54KGU7, STM32WBA54KGU7TR, STM32WBA55CEU6, STM32WBA55CEU6TR, STM32WBA55CEU7, STM32WBA55CEU7TR, STM32WBA55CGU6, STM32WBA55CGU6TR, STM32WBA55CGU6U, STM32WBA55CGU7, STM32WBA55CGU7TR, STM32WBA55G-DK1, STM32WBA55HEF6, STM32WBA55HEF7, STM32WBA55HGF6, STM32WBA55HGF7, STM32WBA55UEI6, STM32WBA55UEI6TR, STM32WBA55UEI7, STM32WBA55UEI7TR, STM32WBA55UGI6, STM32WBA55UGI6TR, STM32WBA55UGI7, STM32WBA55UGI7TR, STM32WBA5MMGH6TR, STM32WBA62MGF6, STM32WBA62MIF6, STM32WBA65MGF7, STM32WBA65MIF6, STM32WBA65MIF7, STM32WL30K8V6, STM32WL30KBV6, STM32WL31C8V6, STM32WL31CBV6, STM32WL31K8V6, STM32WL31KBV6, STM32WL33C8V6, STM32WL33C8V6X, STM32WL33CBV6, STM32WL33CBV6X, STM32WL33CCV6, STM32WL33CCV6A, STM32WL33CCV6X, STM32WL33K8V7, STM32WL33K8V7X, STM32WL33KBV7 , STM32WL33KBV7X, STM32WL33KCV7, STM32WL33KCV7X, STM32WL5MOCH6, STM32WL5MOCH6TR]
2025-08-11 22:26:58,749 [INFO] BoardInfo:889 - No configuration file found for board P-NUCLEO-WB55
2025-08-11 22:26:58,750 [INFO] DbBoards:161 - Kit is not supported: P-NUCLEO-WB55
2025-08-11 22:26:58,759 [INFO] BoardInfo:889 - No configuration file found for board STEVAL-BFA001V1B
2025-08-11 22:26:58,760 [INFO] DbBoards:161 - Kit is not supported: STEVAL-BFA001V1B
2025-08-11 22:26:58,761 [INFO] BoardInfo:889 - No configuration file found for board STEVAL-BFA001V2B
2025-08-11 22:26:58,762 [INFO] DbBoards:161 - Kit is not supported: STEVAL-BFA001V2B
2025-08-11 22:26:58,879 [ERROR] LogOutputStream:75 - [STDERR_REDIRECT] [Fatal Error] :1:1: Premature end of file.
2025-08-11 22:26:58,879 [ERROR] LogOutputStream:75 - [STDERR_REDIRECT] 
2025-08-11 22:26:59,017 [INFO] DbBoards:168 - Found 212 boards, 209 are supported
2025-08-11 22:26:59,017 [INFO] DbBoards:169 - Found 212 boards, 43 of them is supported for  Bsp
2025-08-11 22:26:59,020 [INFO] ApiDb:423 - Load user favorites file C:\Users\sumey/.stm32cubeide/favorites.boards.txt: 0 item(s)
2025-08-11 22:26:59,020 [INFO] ApiDb:427 - User favorites Boards=[]
2025-08-11 22:26:59,020 [INFO] DbBoards:198 - Set 0 / 0 favorites Boards
2025-08-11 22:26:59,020 [INFO] McuFinderGlobals:76 - Set McuFinderConnectedMode to true
2025-08-11 22:26:59,036 [INFO] MultiScanPanel:200 - Auto-refresh data requested => check proxy status ongoing
2025-08-11 22:26:59,038 [INFO] FinderPluginLoader:96 - Searching for filters in installed packs
2025-08-11 22:26:59,882 [ERROR] LogOutputStream:75 - [STDERR_REDIRECT] [Fatal Error] :1:1: Premature end of file.
2025-08-11 22:26:59,882 [ERROR] LogOutputStream:75 - [STDERR_REDIRECT] 
2025-08-11 22:27:00,876 [ERROR] LogOutputStream:75 - [STDERR_REDIRECT] [Fatal Error] :1:1: Premature end of file.
2025-08-11 22:27:00,876 [ERROR] LogOutputStream:75 - [STDERR_REDIRECT] 
2025-08-11 22:27:00,919 [INFO] LoadUrlFilesThread:185 - End of LoadServerUrlFiles without Thread
2025-08-11 22:27:01,000 [INFO] DetailPanel:341 - Set advertising image to C:/Users/sumey/STM32Cube/Repository/\en.2400x1350px.jpeg
2025-08-11 22:27:01,908 [ERROR] LogOutputStream:75 - [STDERR_REDIRECT] [Fatal Error] :1:1: Premature end of file.
2025-08-11 22:27:01,909 [ERROR] LogOutputStream:75 - [STDERR_REDIRECT] 
2025-08-11 22:27:02,913 [ERROR] LogOutputStream:75 - [STDERR_REDIRECT] [Fatal Error] :1:1: Premature end of file.
2025-08-11 22:27:02,913 [ERROR] LogOutputStream:75 - [STDERR_REDIRECT] 
2025-08-11 22:27:03,890 [ERROR] LogOutputStream:75 - [STDERR_REDIRECT] [Fatal Error] :1:1: Premature end of file.
2025-08-11 22:27:03,890 [ERROR] LogOutputStream:75 - [STDERR_REDIRECT] 
2025-08-11 22:27:04,890 [ERROR] LogOutputStream:75 - [STDERR_REDIRECT] [Fatal Error] :1:1: Premature end of file.
2025-08-11 22:27:04,890 [ERROR] LogOutputStream:75 - [STDERR_REDIRECT] 
2025-08-11 22:27:05,879 [ERROR] LogOutputStream:75 - [STDERR_REDIRECT] [Fatal Error] :1:1: Premature end of file.
2025-08-11 22:27:05,879 [ERROR] LogOutputStream:75 - [STDERR_REDIRECT] 
2025-08-11 22:27:06,886 [ERROR] LogOutputStream:75 - [STDERR_REDIRECT] [Fatal Error] :1:1: Premature end of file.
2025-08-11 22:27:06,886 [ERROR] LogOutputStream:75 - [STDERR_REDIRECT] 
2025-08-11 22:27:07,887 [ERROR] LogOutputStream:75 - [STDERR_REDIRECT] [Fatal Error] :1:1: Premature end of file.
2025-08-11 22:27:07,887 [ERROR] LogOutputStream:75 - [STDERR_REDIRECT] 
2025-08-11 22:27:08,890 [ERROR] LogOutputStream:75 - [STDERR_REDIRECT] [Fatal Error] :1:1: Premature end of file.
2025-08-11 22:27:08,890 [ERROR] LogOutputStream:75 - [STDERR_REDIRECT] 
2025-08-11 22:27:09,894 [ERROR] LogOutputStream:75 - [STDERR_REDIRECT] [Fatal Error] :1:1: Premature end of file.
2025-08-11 22:27:09,894 [ERROR] LogOutputStream:75 - [STDERR_REDIRECT] 
2025-08-11 22:27:10,890 [ERROR] LogOutputStream:75 - [STDERR_REDIRECT] [Fatal Error] :1:1: Premature end of file.
2025-08-11 22:27:10,890 [ERROR] LogOutputStream:75 - [STDERR_REDIRECT] 
2025-08-11 22:27:11,892 [ERROR] LogOutputStream:75 - [STDERR_REDIRECT] [Fatal Error] :1:1: Premature end of file.
2025-08-11 22:27:11,892 [ERROR] LogOutputStream:75 - [STDERR_REDIRECT] 
2025-08-11 22:27:12,898 [ERROR] LogOutputStream:75 - [STDERR_REDIRECT] [Fatal Error] :1:1: Premature end of file.
2025-08-11 22:27:12,898 [ERROR] LogOutputStream:75 - [STDERR_REDIRECT] 
2025-08-11 22:27:13,894 [ERROR] LogOutputStream:75 - [STDERR_REDIRECT] [Fatal Error] :1:1: Premature end of file.
2025-08-11 22:27:13,894 [ERROR] LogOutputStream:75 - [STDERR_REDIRECT] 
2025-08-11 22:27:14,894 [ERROR] LogOutputStream:75 - [STDERR_REDIRECT] [Fatal Error] :1:1: Premature end of file.
2025-08-11 22:27:14,894 [ERROR] LogOutputStream:75 - [STDERR_REDIRECT] 
2025-08-11 22:27:15,894 [ERROR] LogOutputStream:75 - [STDERR_REDIRECT] [Fatal Error] :1:1: Premature end of file.
2025-08-11 22:27:15,894 [ERROR] LogOutputStream:75 - [STDERR_REDIRECT] 
2025-08-11 22:27:16,897 [ERROR] LogOutputStream:75 - [STDERR_REDIRECT] [Fatal Error] :1:1: Premature end of file.
2025-08-11 22:27:16,897 [ERROR] LogOutputStream:75 - [STDERR_REDIRECT] 
2025-08-11 22:27:17,895 [ERROR] LogOutputStream:75 - [STDERR_REDIRECT] [Fatal Error] :1:1: Premature end of file.
2025-08-11 22:27:17,895 [ERROR] LogOutputStream:75 - [STDERR_REDIRECT] 
2025-08-11 22:27:18,892 [ERROR] LogOutputStream:75 - [STDERR_REDIRECT] [Fatal Error] :1:1: Premature end of file.
2025-08-11 22:27:18,892 [ERROR] LogOutputStream:75 - [STDERR_REDIRECT] 
2025-08-11 22:27:19,894 [ERROR] LogOutputStream:75 - [STDERR_REDIRECT] [Fatal Error] :1:1: Premature end of file.
2025-08-11 22:27:19,894 [ERROR] LogOutputStream:75 - [STDERR_REDIRECT] 
2025-08-11 22:27:20,894 [ERROR] LogOutputStream:75 - [STDERR_REDIRECT] [Fatal Error] :1:1: Premature end of file.
2025-08-11 22:27:20,894 [ERROR] LogOutputStream:75 - [STDERR_REDIRECT] 
2025-08-11 22:27:21,892 [ERROR] LogOutputStream:75 - [STDERR_REDIRECT] [Fatal Error] :1:1: Premature end of file.
2025-08-11 22:27:21,892 [ERROR] LogOutputStream:75 - [STDERR_REDIRECT] 
2025-08-11 22:27:22,892 [ERROR] LogOutputStream:75 - [STDERR_REDIRECT] [Fatal Error] :1:1: Premature end of file.
2025-08-11 22:27:22,892 [ERROR] LogOutputStream:75 - [STDERR_REDIRECT] 
2025-08-11 22:27:23,891 [ERROR] LogOutputStream:75 - [STDERR_REDIRECT] [Fatal Error] :1:1: Premature end of file.
2025-08-11 22:27:23,891 [ERROR] LogOutputStream:75 - [STDERR_REDIRECT] 
2025-08-11 22:27:24,880 [ERROR] LogOutputStream:75 - [STDERR_REDIRECT] [Fatal Error] :1:1: Premature end of file.
2025-08-11 22:27:24,881 [ERROR] LogOutputStream:75 - [STDERR_REDIRECT] 
2025-08-11 22:27:25,883 [ERROR] LogOutputStream:75 - [STDERR_REDIRECT] [Fatal Error] :1:1: Premature end of file.
2025-08-11 22:27:25,883 [ERROR] LogOutputStream:75 - [STDERR_REDIRECT] 
2025-08-11 22:27:26,892 [ERROR] LogOutputStream:75 - [STDERR_REDIRECT] [Fatal Error] :1:1: Premature end of file.
2025-08-11 22:27:26,892 [ERROR] LogOutputStream:75 - [STDERR_REDIRECT] 
2025-08-11 22:27:27,896 [ERROR] LogOutputStream:75 - [STDERR_REDIRECT] [Fatal Error] :1:1: Premature end of file.
2025-08-11 22:27:27,896 [ERROR] LogOutputStream:75 - [STDERR_REDIRECT] 
2025-08-11 22:27:28,893 [ERROR] LogOutputStream:75 - [STDERR_REDIRECT] [Fatal Error] :1:1: Premature end of file.
2025-08-11 22:27:28,893 [ERROR] LogOutputStream:75 - [STDERR_REDIRECT] 
2025-08-11 22:27:29,894 [ERROR] LogOutputStream:75 - [STDERR_REDIRECT] [Fatal Error] :1:1: Premature end of file.
2025-08-11 22:27:29,894 [ERROR] LogOutputStream:75 - [STDERR_REDIRECT] 
2025-08-11 22:27:30,888 [ERROR] LogOutputStream:75 - [STDERR_REDIRECT] [Fatal Error] :1:1: Premature end of file.
2025-08-11 22:27:30,888 [ERROR] LogOutputStream:75 - [STDERR_REDIRECT] 
2025-08-11 22:27:31,878 [ERROR] LogOutputStream:75 - [STDERR_REDIRECT] [Fatal Error] :1:1: Premature end of file.
2025-08-11 22:27:31,878 [ERROR] LogOutputStream:75 - [STDERR_REDIRECT] 
2025-08-11 22:27:32,889 [ERROR] LogOutputStream:75 - [STDERR_REDIRECT] [Fatal Error] :1:1: Premature end of file.
2025-08-11 22:27:32,889 [ERROR] LogOutputStream:75 - [STDERR_REDIRECT] 
2025-08-11 22:27:33,882 [ERROR] LogOutputStream:75 - [STDERR_REDIRECT] [Fatal Error] :1:1: Premature end of file.
2025-08-11 22:27:33,883 [ERROR] LogOutputStream:75 - [STDERR_REDIRECT] 
2025-08-11 22:27:34,893 [ERROR] LogOutputStream:75 - [STDERR_REDIRECT] [Fatal Error] :1:1: Premature end of file.
2025-08-11 22:27:34,894 [ERROR] LogOutputStream:75 - [STDERR_REDIRECT] 
2025-08-11 22:27:35,892 [ERROR] LogOutputStream:75 - [STDERR_REDIRECT] [Fatal Error] :1:1: Premature end of file.
2025-08-11 22:27:35,892 [ERROR] LogOutputStream:75 - [STDERR_REDIRECT] 
2025-08-11 22:27:36,886 [ERROR] LogOutputStream:75 - [STDERR_REDIRECT] [Fatal Error] :1:1: Premature end of file.
2025-08-11 22:27:36,886 [ERROR] LogOutputStream:75 - [STDERR_REDIRECT] 
2025-08-11 22:27:37,894 [ERROR] LogOutputStream:75 - [STDERR_REDIRECT] [Fatal Error] :1:1: Premature end of file.
2025-08-11 22:27:37,895 [ERROR] LogOutputStream:75 - [STDERR_REDIRECT] 
2025-08-11 22:27:38,893 [ERROR] LogOutputStream:75 - [STDERR_REDIRECT] [Fatal Error] :1:1: Premature end of file.
2025-08-11 22:27:38,894 [ERROR] LogOutputStream:75 - [STDERR_REDIRECT] 
2025-08-11 22:27:39,892 [ERROR] LogOutputStream:75 - [STDERR_REDIRECT] [Fatal Error] :1:1: Premature end of file.
2025-08-11 22:27:39,892 [ERROR] LogOutputStream:75 - [STDERR_REDIRECT] 
2025-08-11 22:27:40,880 [ERROR] LogOutputStream:75 - [STDERR_REDIRECT] [Fatal Error] :1:1: Premature end of file.
2025-08-11 22:27:40,880 [ERROR] LogOutputStream:75 - [STDERR_REDIRECT] 
2025-08-11 22:27:41,892 [ERROR] LogOutputStream:75 - [STDERR_REDIRECT] [Fatal Error] :1:1: Premature end of file.
2025-08-11 22:27:41,892 [ERROR] LogOutputStream:75 - [STDERR_REDIRECT] 
2025-08-11 22:27:42,892 [ERROR] LogOutputStream:75 - [STDERR_REDIRECT] [Fatal Error] :1:1: Premature end of file.
2025-08-11 22:27:42,892 [ERROR] LogOutputStream:75 - [STDERR_REDIRECT] 
2025-08-11 22:27:43,895 [ERROR] LogOutputStream:75 - [STDERR_REDIRECT] [Fatal Error] :1:1: Premature end of file.
2025-08-11 22:27:43,895 [ERROR] LogOutputStream:75 - [STDERR_REDIRECT] 
2025-08-11 22:27:44,892 [ERROR] LogOutputStream:75 - [STDERR_REDIRECT] [Fatal Error] :1:1: Premature end of file.
2025-08-11 22:27:44,892 [ERROR] LogOutputStream:75 - [STDERR_REDIRECT] 
2025-08-11 22:27:45,895 [ERROR] LogOutputStream:75 - [STDERR_REDIRECT] [Fatal Error] :1:1: Premature end of file.
2025-08-11 22:27:45,895 [ERROR] LogOutputStream:75 - [STDERR_REDIRECT] 
2025-08-11 22:27:46,893 [ERROR] LogOutputStream:75 - [STDERR_REDIRECT] [Fatal Error] :1:1: Premature end of file.
2025-08-11 22:27:46,893 [ERROR] LogOutputStream:75 - [STDERR_REDIRECT] 
2025-08-11 22:27:47,893 [ERROR] LogOutputStream:75 - [STDERR_REDIRECT] [Fatal Error] :1:1: Premature end of file.
2025-08-11 22:27:47,893 [ERROR] LogOutputStream:75 - [STDERR_REDIRECT] 
2025-08-11 22:27:48,894 [ERROR] LogOutputStream:75 - [STDERR_REDIRECT] [Fatal Error] :1:1: Premature end of file.
2025-08-11 22:27:48,894 [ERROR] LogOutputStream:75 - [STDERR_REDIRECT] 
2025-08-11 22:27:49,894 [ERROR] LogOutputStream:75 - [STDERR_REDIRECT] [Fatal Error] :1:1: Premature end of file.
2025-08-11 22:27:49,894 [ERROR] LogOutputStream:75 - [STDERR_REDIRECT] 
2025-08-11 22:27:50,875 [ERROR] LogOutputStream:75 - [STDERR_REDIRECT] [Fatal Error] :1:1: Premature end of file.
2025-08-11 22:27:50,876 [ERROR] LogOutputStream:75 - [STDERR_REDIRECT] 
2025-08-11 22:27:51,137 [INFO] MainUpdater:2872 - connection check result : 10
2025-08-11 22:27:51,137 [INFO] MainUpdater:2872 - connection check result : 10
2025-08-11 22:27:51,157 [INFO] MicroXplorer:468 - Change Database Path : 
2025-08-11 22:27:51,158 [INFO] MicroXplorer:498 - Change Database Version : DB.6.0.150
2025-08-11 22:27:51,164 [WARN] ThirdParty:871 - waiting for thirdparty lock release [close project]
2025-08-11 22:27:51,165 [INFO] ThirdParty:873 - entering critical section [close project]
2025-08-11 22:27:51,166 [INFO] ThirdParty:883 - exiting critical section [close project]
2025-08-11 22:27:51,170 [INFO] PinOutPanel:1589 - setPackage(No Configuration,No Configuration)
2025-08-11 22:27:51,171 [INFO] UtilMem:75 - Begin LoadConfig() Used Memory: 301774000 Bytes (864026624)
2025-08-11 22:27:51,174 [INFO] MicroXplorer:468 - Change Database Path : 
2025-08-11 22:27:51,174 [INFO] MicroXplorer:498 - Change Database Version : DB.6.0.150
2025-08-11 22:27:51,174 [INFO] OpenFileManager:355 - Change cursor
2025-08-11 22:27:51,353 [INFO] Mcu:2029 - Initializing MCU STM32F103C6Tx STM32F103C6Tx STM32F103C6T6A
2025-08-11 22:27:51,889 [ERROR] LogOutputStream:75 - [STDERR_REDIRECT] [Fatal Error] :1:1: Premature end of file.
2025-08-11 22:27:51,890 [ERROR] LogOutputStream:75 - [STDERR_REDIRECT] 
2025-08-11 22:27:52,845 [INFO] Context:786 - Trying to add GPIOservice into a context  which must be forbidden
2025-08-11 22:27:52,878 [ERROR] LogOutputStream:75 - [STDERR_REDIRECT] [Fatal Error] :1:1: Premature end of file.
2025-08-11 22:27:52,879 [ERROR] LogOutputStream:75 - [STDERR_REDIRECT] 
2025-08-11 22:27:53,087 [INFO] ImportTextPane:234 - (OptionalMessage_ERROR) Unable to find key (Mcu.ThirdPartyNb) in loaded IOC file
2025-08-11 22:27:53,088 [INFO] ImportTextPane:234 - (OptionalMessage_ERROR) Unable to find key (Mcu.PinsNb) in loaded IOC file
2025-08-11 22:27:53,088 [INFO] ImportTextPane:234 - (OptionalMessage_ERROR) Pin0 (VP_RIF_VS_RIF1) cannot be retrieved for this MCU
2025-08-11 22:27:53,088 [INFO] ImportTextPane:234 - (OptionalMessage_ERROR) Unable to find key (Mcu.IPNb) in loaded IOC file
2025-08-11 22:27:53,227 [INFO] RtosManager:558 - Registered RTOS mode: class=CMSIS, group=RTOS, mode=CMSIS_V1, owner=FREERTOS
2025-08-11 22:27:53,227 [INFO] RtosManager:558 - Registered RTOS mode: class=CMSIS, group=RTOS2, mode=CMSIS_V2, owner=FREERTOS
2025-08-11 22:27:53,228 [INFO] RtosManager:558 - Registered RTOS mode: class=RTOS, group=Core, mode=CMSIS_V1, owner=FREERTOS
2025-08-11 22:27:53,228 [INFO] RtosManager:558 - Registered RTOS mode: class=RTOS, group=Core, mode=CMSIS_V2, owner=FREERTOS
2025-08-11 22:27:53,228 [WARN] ModelIntegratedComponent:184 - Missing modes for component STMicroelectronics:FreeRTOS:0.0.1:STMicroelectronics:RTOS:FreeRTOS:Core:::10.2.0:
2025-08-11 22:27:53,275 [WARN] ModelIntegratedComponent:63 - No mode defined for component null
2025-08-11 22:27:53,275 [WARN] ModelIntegratedComponent:63 - No mode defined for component null
2025-08-11 22:27:53,275 [WARN] ModelIntegratedComponent:63 - No mode defined for component null
2025-08-11 22:27:53,275 [WARN] ModelIntegratedComponent:63 - No mode defined for component null
2025-08-11 22:27:53,275 [WARN] ModelIntegratedComponent:63 - No mode defined for component null
2025-08-11 22:27:53,275 [WARN] ModelIntegratedComponent:63 - No mode defined for component null
2025-08-11 22:27:53,275 [WARN] ModelIntegratedComponent:63 - No mode defined for component null
2025-08-11 22:27:53,275 [WARN] ModelIntegratedComponent:63 - No mode defined for component null
2025-08-11 22:27:53,275 [WARN] ModelIntegratedComponent:63 - No mode defined for component null
2025-08-11 22:27:53,275 [WARN] ModelIntegratedComponent:63 - No mode defined for component null
2025-08-11 22:27:53,275 [WARN] ModelIntegratedComponent:63 - No mode defined for component null
2025-08-11 22:27:53,275 [WARN] ModelIntegratedComponent:63 - No mode defined for component null
2025-08-11 22:27:53,275 [WARN] ModelIntegratedComponent:63 - No mode defined for component null
2025-08-11 22:27:53,276 [WARN] ModelIntegratedComponent:63 - No mode defined for component null
2025-08-11 22:27:53,276 [WARN] ModelIntegratedComponent:63 - No mode defined for component null
2025-08-11 22:27:53,276 [WARN] ModelIntegratedComponent:63 - No mode defined for component null
2025-08-11 22:27:53,276 [WARN] ModelIntegratedComponent:63 - No mode defined for component null
2025-08-11 22:27:53,276 [WARN] ModelIntegratedComponent:63 - No mode defined for component null
2025-08-11 22:27:53,276 [WARN] ModelIntegratedComponent:63 - No mode defined for component null
2025-08-11 22:27:53,276 [WARN] ModelIntegratedComponent:63 - No mode defined for component null
2025-08-11 22:27:53,276 [WARN] ModelIntegratedComponent:63 - No mode defined for component null
2025-08-11 22:27:53,277 [WARN] ModelIntegratedComponent:63 - No mode defined for component null
2025-08-11 22:27:53,277 [WARN] ModelIntegratedComponent:63 - No mode defined for component null
2025-08-11 22:27:53,277 [WARN] ModelIntegratedComponent:63 - No mode defined for component null
2025-08-11 22:27:53,277 [WARN] ModelIntegratedComponent:63 - No mode defined for component null
2025-08-11 22:27:53,277 [WARN] ModelIntegratedComponent:63 - No mode defined for component null
2025-08-11 22:27:53,277 [WARN] ModelIntegratedComponent:63 - No mode defined for component null
2025-08-11 22:27:53,277 [WARN] ModelIntegratedComponent:63 - No mode defined for component null
2025-08-11 22:27:53,277 [WARN] ModelIntegratedComponent:63 - No mode defined for component null
2025-08-11 22:27:53,277 [WARN] ModelIntegratedComponent:63 - No mode defined for component null
2025-08-11 22:27:53,277 [WARN] ModelIntegratedComponent:63 - No mode defined for component null
2025-08-11 22:27:53,277 [WARN] ModelIntegratedComponent:63 - No mode defined for component null
2025-08-11 22:27:53,277 [WARN] ModelIntegratedComponent:63 - No mode defined for component null
2025-08-11 22:27:53,277 [WARN] ModelIntegratedComponent:63 - No mode defined for component null
2025-08-11 22:27:53,277 [WARN] ModelIntegratedComponent:63 - No mode defined for component null
2025-08-11 22:27:53,278 [WARN] ModelPack:524 - Component already loaded: STMicroelectronics:HAL Drivers:0.0.0:STMicroelectronics:Device:STMicro_Driver:XSPI:HAL::0.0.1:HAL_XSPI
2025-08-11 22:27:53,461 [INFO] ThirdPartyModel:298 - Start build external matchings
2025-08-11 22:27:53,884 [ERROR] LogOutputStream:75 - [STDERR_REDIRECT] [Fatal Error] :1:1: Premature end of file.
2025-08-11 22:27:53,885 [ERROR] LogOutputStream:75 - [STDERR_REDIRECT] 
2025-08-11 22:27:53,890 [INFO] ThirdPartyModel:316 - End build external matchings
2025-08-11 22:27:54,155 [INFO] UtilMem:75 - End LoadConfig() Used Memory: 398863496 Bytes (864026624)
2025-08-11 22:27:54,205 [WARN] ThirdParty:833 - waiting for thirdparty lock release [change project]
2025-08-11 22:27:54,206 [INFO] ThirdParty:835 - entering critical section [change project]
2025-08-11 22:27:54,206 [INFO] ThirdParty:1030 - CMSIS Pack Vendor :STMicroelectronics X-CUBE-PM33A1 1.0.0
2025-08-11 22:27:54,206 [INFO] ThirdParty:1030 - CMSIS Pack Vendor :STMicroelectronics USBPD 4.1
2025-08-11 22:27:54,206 [INFO] ThirdParty:1030 - CMSIS Pack Vendor :STMicroelectronics X-CUBE-AZRTOS-H7 3.3.0
2025-08-11 22:27:54,206 [INFO] ThirdParty:1030 - CMSIS Pack Vendor :STMicroelectronics X-CUBE-NFC9 1.0.0
2025-08-11 22:27:54,206 [INFO] ThirdParty:1030 - CMSIS Pack Vendor :wolfSSL I-CUBE-wolfSSL 5.8.0
2025-08-11 22:27:54,206 [INFO] ThirdParty:1030 - CMSIS Pack Vendor :STMicroelectronics USB_HOST 2.0.0
2025-08-11 22:27:54,206 [INFO] ThirdParty:1030 - CMSIS Pack Vendor :STMicroelectronics FP-SNS-MOTENVWB1 1.4.0
2025-08-11 22:27:54,206 [INFO] ThirdParty:1030 - CMSIS Pack Vendor :STMicroelectronics X-CUBE-AZRTOS-F4 1.1.0
2025-08-11 22:27:54,206 [INFO] ThirdParty:1030 - CMSIS Pack Vendor :STMicroelectronics LIBJPEG 8.0.0
2025-08-11 22:27:54,206 [INFO] ThirdParty:1030 - CMSIS Pack Vendor :STMicroelectronics FP-ATR-ASTRA1 2.0.2
2025-08-11 22:27:54,206 [INFO] ThirdParty:1030 - CMSIS Pack Vendor :STMicroelectronics X-CUBE-BLE1 7.1.0
2025-08-11 22:27:54,206 [INFO] ThirdParty:1030 - CMSIS Pack Vendor :STMicroelectronics X-CUBE-SMBUS 2.1.0
2025-08-11 22:27:54,206 [INFO] ThirdParty:1030 - CMSIS Pack Vendor :wolfSSL I-CUBE-wolfMQTT 1.19.2
2025-08-11 22:27:54,206 [INFO] ThirdParty:1030 - CMSIS Pack Vendor :STMicroelectronics USB_DEVICE 3.0.0
2025-08-11 22:27:54,206 [INFO] ThirdParty:1030 - CMSIS Pack Vendor :STMicroelectronics X-CUBE-ISPU 2.1.0
2025-08-11 22:27:54,206 [INFO] ThirdParty:1030 - CMSIS Pack Vendor :STMicroelectronics X-CUBE-EEPRMA1 5.2.0
2025-08-11 22:27:54,206 [INFO] ThirdParty:1030 - CMSIS Pack Vendor :STMicroelectronics X-CUBE-BLEMGR 4.1.0
2025-08-11 22:27:54,206 [INFO] ThirdParty:1030 - CMSIS Pack Vendor :STMicroelectronics X-CUBE-AZRTOS-WB 2.0.0
2025-08-11 22:27:54,206 [INFO] ThirdParty:1030 - CMSIS Pack Vendor :STMicroelectronics X-CUBE-ST60 1.0.0
2025-08-11 22:27:54,206 [INFO] ThirdParty:1030 - CMSIS Pack Vendor :STMicroelectronics X-CUBE-GNSS1 7.0.1
2025-08-11 22:27:54,207 [INFO] ThirdParty:1030 - CMSIS Pack Vendor :STMicroelectronics X-CUBE-NFC12 1.0.0
2025-08-11 22:27:54,207 [INFO] ThirdParty:1030 - CMSIS Pack Vendor :STMicroelectronics X-CUBE-AZRTOS-F7 1.1.0
2025-08-11 22:27:54,207 [INFO] ThirdParty:1030 - CMSIS Pack Vendor :STMicroelectronics X-CUBE-AZRTOS-L5 2.0.0
2025-08-11 22:27:54,208 [INFO] ThirdParty:1030 - CMSIS Pack Vendor :STMicroelectronics X-CUBE-TOUCHGFX 4.25.0
2025-08-11 22:27:54,208 [INFO] ThirdParty:1030 - CMSIS Pack Vendor :STMicroelectronics USB_DEVICE 2.0.0
2025-08-11 22:27:54,208 [INFO] ThirdParty:1030 - CMSIS Pack Vendor :STMicroelectronics X-CUBE-NFC6 3.1.0
2025-08-11 22:27:54,208 [INFO] ThirdParty:1030 - CMSIS Pack Vendor :STMicroelectronics X-CUBE-AI 10.1.0
2025-08-11 22:27:54,208 [INFO] ThirdParty:1030 - CMSIS Pack Vendor :STMicroelectronics FP-SNS-STBOX1 2.0.0
2025-08-11 22:27:54,208 [INFO] ThirdParty:1030 - CMSIS Pack Vendor :STMicroelectronics FreeRTOS 0.0.1
2025-08-11 22:27:54,208 [INFO] ThirdParty:1030 - CMSIS Pack Vendor :STMicroelectronics X-CUBE-AZRTOS-G0 1.1.0
2025-08-11 22:27:54,208 [INFO] ThirdParty:1030 - CMSIS Pack Vendor :STMicroelectronics X-CUBE-SAFEA1 1.2.2
2025-08-11 22:27:54,208 [INFO] ThirdParty:1030 - CMSIS Pack Vendor :STMicroelectronics X-CUBE-NFC4 3.0.0
2025-08-11 22:27:54,208 [INFO] ThirdParty:1030 - CMSIS Pack Vendor :STMicroelectronics X-CUBE-SUBG2 5.0.0
2025-08-11 22:27:54,208 [INFO] ThirdParty:1030 - CMSIS Pack Vendor :STMicroelectronics X-CUBE-AZRTOS-H7RS 1.1.0
2025-08-11 22:27:54,208 [INFO] ThirdParty:1030 - CMSIS Pack Vendor :STMicroelectronics STM32_WPAN 1.0.0
2025-08-11 22:27:54,208 [INFO] ThirdParty:1030 - CMSIS Pack Vendor :EmbeddedOffice I-CUBE-FS-RTOS 1.0.1
2025-08-11 22:27:54,208 [INFO] ThirdParty:1030 - CMSIS Pack Vendor :STMicroelectronics lwIP 2.0.3
2025-08-11 22:27:54,208 [INFO] ThirdParty:1030 - CMSIS Pack Vendor :Cesanta I-CUBE-Mongoose 7.13.0
2025-08-11 22:27:54,208 [INFO] ThirdParty:1030 - CMSIS Pack Vendor :STMicroelectronics USB_HOST 1.0.0
2025-08-11 22:27:54,208 [INFO] ThirdParty:1030 - CMSIS Pack Vendor :Infineon AIROC-Wi-Fi-Bluetooth-STM32 1.7.0
2025-08-11 22:27:54,209 [INFO] ThirdParty:1030 - CMSIS Pack Vendor :STMicroelectronics X-CUBE-AZRTOS-G4 2.0.0
2025-08-11 22:27:54,209 [INFO] ThirdParty:1030 - CMSIS Pack Vendor :STMicroelectronics X-CUBE-WB05N 2.0.0
2025-08-11 22:27:54,209 [INFO] ThirdParty:1030 - CMSIS Pack Vendor :STMicroelectronics PDM2PCM 3.1.0
2025-08-11 22:27:54,209 [INFO] ThirdParty:1030 - CMSIS Pack Vendor :STMicroelectronics PDM2PCM 3.3.0
2025-08-11 22:27:54,209 [INFO] ThirdParty:1030 - CMSIS Pack Vendor :wolfSSL I-CUBE-wolfTPM 3.8.0
2025-08-11 22:27:54,209 [INFO] ThirdParty:1030 - CMSIS Pack Vendor :STMicroelectronics X-CUBE-AZRTOS-H7 3.4.0
2025-08-11 22:27:54,209 [INFO] ThirdParty:1030 - CMSIS Pack Vendor :STMicroelectronics X-CUBE-DISPLAY 3.0.0
2025-08-11 22:27:54,209 [INFO] ThirdParty:1030 - CMSIS Pack Vendor :wolfSSL I-CUBE-wolfSSH 1.4.20
2025-08-11 22:27:54,209 [INFO] ThirdParty:1030 - CMSIS Pack Vendor :STMicroelectronics X-CUBE-NFC7 2.0.0
2025-08-11 22:27:54,209 [INFO] ThirdParty:1030 - CMSIS Pack Vendor :STMicroelectronics X-CUBE-TCPP 4.2.0
2025-08-11 22:27:54,209 [INFO] ThirdParty:1030 - CMSIS Pack Vendor :RealThread X-CUBE-RT-Thread_Nano 4.1.1
2025-08-11 22:27:54,209 [INFO] ThirdParty:1030 - CMSIS Pack Vendor :STMicroelectronics FP-ATR-SIGFOX1 3.2.0
2025-08-11 22:27:54,209 [INFO] ThirdParty:1030 - CMSIS Pack Vendor :STMicroelectronics X-CUBE-NFC10 1.0.0
2025-08-11 22:27:54,209 [INFO] ThirdParty:1030 - CMSIS Pack Vendor :STMicroelectronics X-CUBE-BLEMGR 4.0.0
2025-08-11 22:27:54,209 [INFO] ThirdParty:1030 - CMSIS Pack Vendor :STMicroelectronics X-CUBE-EEPRMA1 5.1.0
2025-08-11 22:27:54,209 [INFO] ThirdParty:1030 - CMSIS Pack Vendor :STMicroelectronics X-CUBE-FREERTOS 1.3.1
2025-08-11 22:27:54,209 [INFO] ThirdParty:1030 - CMSIS Pack Vendor :STMicroelectronics HAL Drivers 0.0.0
2025-08-11 22:27:54,209 [INFO] ThirdParty:1030 - CMSIS Pack Vendor :STMicroelectronics MBEDTLS 2.16.2
2025-08-11 22:27:54,209 [INFO] ThirdParty:1030 - CMSIS Pack Vendor :STMicroelectronics X-CUBE-IPS 3.1.0
2025-08-11 22:27:54,209 [INFO] ThirdParty:1030 - CMSIS Pack Vendor :STMicroelectronics X-CUBE-ALS 1.0.2
2025-08-11 22:27:54,209 [INFO] ThirdParty:1030 - CMSIS Pack Vendor :emotas I-CUBE-CANOPEN 1.3.0
2025-08-11 22:27:54,209 [INFO] ThirdParty:1030 - CMSIS Pack Vendor :STMicroelectronics MBEDTLS 2.14.1
2025-08-11 22:27:54,210 [INFO] ThirdParty:1030 - CMSIS Pack Vendor :ITTIA_DB I-CUBE-ITTIADB 8.9.0
2025-08-11 22:27:54,210 [INFO] ThirdParty:1030 - CMSIS Pack Vendor :portGmbH I-Cube-SoM-uGOAL 1.1.0
2025-08-11 22:27:54,210 [INFO] ThirdParty:1030 - CMSIS Pack Vendor :quantropi X-CUBE-qispace-sdk-base 2.0.0
2025-08-11 22:27:54,210 [INFO] ThirdParty:1030 - CMSIS Pack Vendor :STMicroelectronics X-CUBE-ST67W61 1.0.0
2025-08-11 22:27:54,210 [INFO] ThirdParty:1030 - CMSIS Pack Vendor :STMicroelectronics FP-SNS-STBOX1 2.1.0
2025-08-11 22:27:54,210 [INFO] ThirdParty:1030 - CMSIS Pack Vendor :STMicroelectronics X-CUBE-AI 10.2.0
2025-08-11 22:27:54,210 [INFO] ThirdParty:1030 - CMSIS Pack Vendor :STMicroelectronics FP-SNS-STAIOTCFT 1.0.0
2025-08-11 22:27:54,210 [INFO] ThirdParty:1030 - CMSIS Pack Vendor :STMicroelectronics ThreadX 1.0.0
2025-08-11 22:27:54,210 [INFO] ThirdParty:1030 - CMSIS Pack Vendor :STMicroelectronics FP-SNS-SMARTAG2 1.2.0
2025-08-11 22:27:54,210 [INFO] ThirdParty:1030 - CMSIS Pack Vendor :STMicroelectronics FP-SNS-FLIGHT1 5.1.0
2025-08-11 22:27:54,210 [INFO] ThirdParty:1030 - CMSIS Pack Vendor :STMicroelectronics X-CUBE-AZRTOS-WL 2.0.0
2025-08-11 22:27:54,210 [INFO] ThirdParty:1030 - CMSIS Pack Vendor :SEGGER I-CUBE-embOS 1.3.1
2025-08-11 22:27:54,210 [INFO] ThirdParty:1030 - CMSIS Pack Vendor :STMicroelectronics X-CUBE-ALGOBUILD 1.4.0
2025-08-11 22:27:54,210 [INFO] ThirdParty:1030 - CMSIS Pack Vendor :STMicroelectronics X-CUBE-DPower 1.3.0
2025-08-11 22:27:54,210 [INFO] ThirdParty:1030 - CMSIS Pack Vendor :STMicroelectronics X-CUBE-MEMS1 11.3.0
2025-08-11 22:27:54,210 [INFO] ThirdParty:1030 - CMSIS Pack Vendor :STMicroelectronics FP-SNS-MOTENV1 5.0.0
2025-08-11 22:27:54,210 [INFO] ThirdParty:1030 - CMSIS Pack Vendor :STMicroelectronics USB_DEVICE 1.0.0
2025-08-11 22:27:54,210 [INFO] ThirdParty:1030 - CMSIS Pack Vendor :STMicroelectronics X-CUBE-AZRTOS-L4 2.0.0
2025-08-11 22:27:54,210 [INFO] ThirdParty:1030 - CMSIS Pack Vendor :STMicroelectronics ThreadX 0.0.2
2025-08-11 22:27:54,210 [INFO] ThirdParty:1030 - CMSIS Pack Vendor :WES I-CUBE-Cesium 1.3.0
2025-08-11 22:27:54,210 [INFO] ThirdParty:1030 - CMSIS Pack Vendor :STMicroelectronics lwIP 2.1.2
2025-08-11 22:27:54,210 [INFO] ThirdParty:1030 - CMSIS Pack Vendor :STMicroelectronics X-CUBE-SFXS2LP1 4.0.0
2025-08-11 22:27:54,210 [INFO] ThirdParty:1030 - CMSIS Pack Vendor :STMicroelectronics X-CUBE-BLE2 3.3.0
2025-08-11 22:27:54,211 [INFO] ThirdParty:1030 - CMSIS Pack Vendor :STMicroelectronics X-CUBE-TOF1 3.4.3
2025-08-11 22:27:54,211 [INFO] ThirdParty:1030 - CMSIS Pack Vendor :STMicroelectronics PDM2PCM 3.2.0
2025-08-11 22:27:54,211 [INFO] ThirdParty:841 - exiting critical section [change project]
2025-08-11 22:27:54,445 [INFO] PinOutPanel:1589 - setPackage(No Configuration,No Configuration)
2025-08-11 22:27:54,447 [INFO] PinOutPanel:1589 - setPackage(STM32F103C6Tx,LQFP48)
2025-08-11 22:27:54,893 [ERROR] LogOutputStream:75 - [STDERR_REDIRECT] [Fatal Error] :1:1: Premature end of file.
2025-08-11 22:27:54,893 [ERROR] LogOutputStream:75 - [STDERR_REDIRECT] 
2025-08-11 22:27:55,111 [INFO] UtilMem:75 - Before build in PCC Used Memory: 484442112 Bytes (864026624)
2025-08-11 22:27:55,910 [ERROR] LogOutputStream:75 - [STDERR_REDIRECT] [Fatal Error] :1:1: Premature end of file.
2025-08-11 22:27:55,911 [ERROR] LogOutputStream:75 - [STDERR_REDIRECT] 
2025-08-11 22:27:56,279 [INFO] UtilMem:75 - After build in PCC Used Memory: 544737280 Bytes (864026624)
2025-08-11 22:27:56,321 [INFO] IPUIPlugin:80 - create IPUIPlugin
2025-08-11 22:27:56,321 [INFO] IPUIPlugin:80 - create IPUIPlugin
2025-08-11 22:27:56,321 [INFO] IPUIPlugin:80 - create IPUIPlugin
2025-08-11 22:27:56,322 [INFO] IPUIPlugin:80 - create IPUIPlugin
2025-08-11 22:27:56,322 [INFO] IPUIPlugin:80 - create IPUIPlugin
2025-08-11 22:27:56,322 [INFO] IPUIPlugin:80 - create IPUIPlugin
2025-08-11 22:27:56,322 [INFO] IPUIPlugin:80 - create IPUIPlugin
2025-08-11 22:27:56,322 [INFO] IPUIPlugin:80 - create IPUIPlugin
2025-08-11 22:27:56,322 [INFO] IPUIPlugin:80 - create IPUIPlugin
2025-08-11 22:27:56,322 [INFO] IPUIPlugin:80 - create IPUIPlugin
2025-08-11 22:27:56,323 [INFO] IPUIPlugin:80 - create IPUIPlugin
2025-08-11 22:27:56,323 [INFO] IPUIPlugin:80 - create IPUIPlugin
2025-08-11 22:27:56,323 [INFO] IPUIPlugin:80 - create IPUIPlugin
2025-08-11 22:27:56,324 [INFO] IPUIPlugin:80 - create IPUIPlugin
2025-08-11 22:27:56,324 [INFO] IPUIPlugin:80 - create IPUIPlugin
2025-08-11 22:27:56,325 [INFO] IPUIPlugin:80 - create IPUIPlugin
2025-08-11 22:27:56,325 [INFO] IPUIPlugin:80 - create IPUIPlugin
2025-08-11 22:27:56,325 [INFO] IPUIPlugin:80 - create IPUIPlugin
2025-08-11 22:27:56,326 [INFO] IPUIPlugin:80 - create IPUIPlugin
2025-08-11 22:27:56,326 [INFO] IPUIPlugin:80 - create IPUIPlugin
2025-08-11 22:27:56,327 [INFO] IPUIPlugin:80 - create IPUIPlugin
2025-08-11 22:27:56,327 [INFO] IPUIPlugin:80 - create IPUIPlugin
2025-08-11 22:27:56,327 [INFO] IPUIPlugin:80 - create IPUIPlugin
2025-08-11 22:27:56,569 [INFO] CADModel:165 - CPN selected for project levelSTM32F103C6T6A
2025-08-11 22:27:56,570 [INFO] CADModel:114 - Register for checkConnection events
2025-08-11 22:27:56,626 [INFO] OpenFileManager:386 - Restore cursor
2025-08-11 22:27:56,906 [ERROR] LogOutputStream:75 - [STDERR_REDIRECT] [Fatal Error] :1:1: Premature end of file.
2025-08-11 22:27:56,908 [ERROR] LogOutputStream:75 - [STDERR_REDIRECT] 
2025-08-11 22:27:57,546 [INFO] UtilMem:75 - End SaveConfig() Used Memory: 617091672 Bytes (864026624)
2025-08-11 22:27:57,605 [INFO] UtilMem:75 - End SaveConfig() Used Memory: 628623360 Bytes (864026624)
2025-08-11 22:27:57,894 [ERROR] LogOutputStream:75 - [STDERR_REDIRECT] [Fatal Error] :1:1: Premature end of file.
2025-08-11 22:27:57,895 [ERROR] LogOutputStream:75 - [STDERR_REDIRECT] 
2025-08-11 22:27:58,284 [INFO] BlockDiagram:2775 - set Specific Code input for plugin: NVIC
2025-08-11 22:27:58,285 [INFO] BlockDiagram:2775 - set Specific Code input for plugin: RCC
2025-08-11 22:27:58,286 [INFO] CodeGenerator:892 - code generatio: config db path: C:\ST\STM32CubeIDE_1.19.0\STM32CubeIDE\plugins\com.st.stm32cube.common.mx_6.15.0.202507011659\\db\
2025-08-11 22:27:58,454 [INFO] CodeEngine:265 - oldGeneratedFile, C:\Users\sumey\STM32CubeIDE\workspace_1.19.0\5_5_TimerPWMButton1\MXTmpFiles\license.tmp_save
2025-08-11 22:27:58,943 [ERROR] LogOutputStream:75 - [STDERR_REDIRECT] [Fatal Error] :1:1: Premature end of file.
2025-08-11 22:27:58,944 [ERROR] LogOutputStream:75 - [STDERR_REDIRECT] 
2025-08-11 22:27:58,948 [INFO] CodeEngine:289 - Generated code: C:\Users\sumey\STM32CubeIDE\workspace_1.19.0\5_5_TimerPWMButton1\MXTmpFiles\license.tmp
2025-08-11 22:27:59,003 [INFO] CodeEngine:265 - oldGeneratedFile, C:\Users\sumey\STM32CubeIDE\workspace_1.19.0\5_5_TimerPWMButton1\Core\Src\stm32f1xx_it.c_save
2025-08-11 22:27:59,321 [INFO] CodeEngine:289 - Generated code: C:\Users\sumey\STM32CubeIDE\workspace_1.19.0\5_5_TimerPWMButton1\Core\Src\stm32f1xx_it.c
2025-08-11 22:27:59,328 [INFO] CodeEngine:265 - oldGeneratedFile, C:\Users\sumey\STM32CubeIDE\workspace_1.19.0\5_5_TimerPWMButton1\Core\Inc\stm32f1xx_it.h_save
2025-08-11 22:27:59,476 [INFO] CodeEngine:289 - Generated code: C:\Users\sumey\STM32CubeIDE\workspace_1.19.0\5_5_TimerPWMButton1\Core\Inc\stm32f1xx_it.h
2025-08-11 22:27:59,840 [INFO] CodeEngine:265 - oldGeneratedFile, C:\Users\sumey\STM32CubeIDE\workspace_1.19.0\5_5_TimerPWMButton1\Core\Src\stm32f1xx_hal_msp.c_save
2025-08-11 22:27:59,903 [ERROR] LogOutputStream:75 - [STDERR_REDIRECT] [Fatal Error] :1:1: Premature end of file.
2025-08-11 22:27:59,905 [ERROR] LogOutputStream:75 - [STDERR_REDIRECT] 
2025-08-11 22:28:00,024 [INFO] CodeEngine:289 - Generated code: C:\Users\sumey\STM32CubeIDE\workspace_1.19.0\5_5_TimerPWMButton1\Core\Src\stm32f1xx_hal_msp.c
2025-08-11 22:28:00,030 [INFO] CodeEngine:265 - oldGeneratedFile, C:\Users\sumey\STM32CubeIDE\workspace_1.19.0\5_5_TimerPWMButton1\MXTmpFiles\system.tmp_save
2025-08-11 22:28:00,117 [INFO] CodeEngine:289 - Generated code: C:\Users\sumey\STM32CubeIDE\workspace_1.19.0\5_5_TimerPWMButton1\MXTmpFiles\system.tmp
2025-08-11 22:28:00,130 [INFO] CodeEngine:321 - oldGeneratedFile, C:\Users\sumey\STM32CubeIDE\workspace_1.19.0\5_5_TimerPWMButton1\Core\Inc\stm32f1xx_hal_conf.h_save
2025-08-11 22:28:00,221 [INFO] CodeEngine:345 - Generated code: C:\Users\sumey\STM32CubeIDE\workspace_1.19.0\5_5_TimerPWMButton1\Core\Inc\stm32f1xx_hal_conf.h
2025-08-11 22:28:00,274 [INFO] ApiDbMcu:532 - Load IP Config File for RCC
2025-08-11 22:28:00,285 [INFO] CodeEngine:265 - oldGeneratedFile, C:\Users\sumey\STM32CubeIDE\workspace_1.19.0\5_5_TimerPWMButton1\Core\Inc\main.h_save
2025-08-11 22:28:00,378 [INFO] CodeEngine:289 - Generated code: C:\Users\sumey\STM32CubeIDE\workspace_1.19.0\5_5_TimerPWMButton1\Core\Inc\main.h
2025-08-11 22:28:00,383 [INFO] CodeEngine:265 - oldGeneratedFile, C:\Users\sumey\STM32CubeIDE\workspace_1.19.0\5_5_TimerPWMButton1\Core\Src\main.c_save
2025-08-11 22:28:00,522 [INFO] CodeEngine:289 - Generated code: C:\Users\sumey\STM32CubeIDE\workspace_1.19.0\5_5_TimerPWMButton1\Core\Src\main.c
2025-08-11 22:28:00,851 [INFO] ProjectBuilder:3606 - Time for Copy HAL[1] : 132mS.
2025-08-11 22:28:00,859 [INFO] ProjectBuilder:5216 - Project Generator version: 4.7.0-B52
2025-08-11 22:28:00,919 [ERROR] LogOutputStream:75 - [STDERR_REDIRECT] [Fatal Error] :1:1: Premature end of file.
2025-08-11 22:28:00,919 [ERROR] LogOutputStream:75 - [STDERR_REDIRECT] 
2025-08-11 22:28:00,944 [INFO] ConfigFileManager:1595 - The Die is : DIE412
2025-08-11 22:28:00,956 [INFO] ApiDbMcu:532 - Load IP Config File for FATFS
2025-08-11 22:28:00,964 [INFO] ApiDbMcu:532 - Load IP Config File for FREERTOS
2025-08-11 22:28:00,977 [INFO] ApiDbMcu:532 - Load IP Config File for USB_DEVICE
2025-08-11 22:28:01,428 [INFO] LogOutputStream:77 - [STDOUT_REDIRECT] 
2025-08-11 22:28:01,901 [ERROR] LogOutputStream:75 - [STDERR_REDIRECT] [Fatal Error] :1:1: Premature end of file.
2025-08-11 22:28:01,902 [ERROR] LogOutputStream:75 - [STDERR_REDIRECT] 
2025-08-11 22:28:02,913 [ERROR] LogOutputStream:75 - [STDERR_REDIRECT] [Fatal Error] :1:1: Premature end of file.
2025-08-11 22:28:02,914 [ERROR] LogOutputStream:75 - [STDERR_REDIRECT] 
2025-08-11 22:28:03,350 [INFO] ProjectBuilder:5496 - Time for Generating toolchain IDE Files: 2490mS.
2025-08-11 22:28:03,351 [INFO] ProjectBuilder:3463 - Time for Copy CMSIS : 1mS.
2025-08-11 22:28:03,354 [INFO] ProjectBuilder:3463 - Time for Copy CMSIS : 1mS.
2025-08-11 22:28:03,951 [ERROR] LogOutputStream:75 - [STDERR_REDIRECT] [Fatal Error] :1:1: Premature end of file.
2025-08-11 22:28:03,953 [ERROR] LogOutputStream:75 - [STDERR_REDIRECT] 
2025-08-11 22:28:04,896 [ERROR] LogOutputStream:75 - [STDERR_REDIRECT] [Fatal Error] :1:1: Premature end of file.
2025-08-11 22:28:04,897 [ERROR] LogOutputStream:75 - [STDERR_REDIRECT] 
2025-08-11 22:28:05,923 [ERROR] LogOutputStream:75 - [STDERR_REDIRECT] [Fatal Error] :1:1: Premature end of file.
2025-08-11 22:28:05,924 [ERROR] LogOutputStream:75 - [STDERR_REDIRECT] 
2025-08-11 22:28:06,036 [INFO] McuFinderGlobals:76 - Set McuFinderConnectedMode to true
2025-08-11 22:28:06,040 [INFO] ApiDb:448 - Save user favorites file C:\Users\sumey/.stm32cubeide/favorites.mcus.txt: 1 item(s)
2025-08-11 22:28:06,040 [INFO] ApiDb:452 - User favorites MCUs=[STM32F103C6T6A]
2025-08-11 22:28:06,885 [ERROR] LogOutputStream:75 - [STDERR_REDIRECT] [Fatal Error] :1:1: Premature end of file.
2025-08-11 22:28:06,885 [ERROR] LogOutputStream:75 - [STDERR_REDIRECT] 
2025-08-11 22:28:07,892 [ERROR] LogOutputStream:75 - [STDERR_REDIRECT] [Fatal Error] :1:1: Premature end of file.
2025-08-11 22:28:07,892 [ERROR] LogOutputStream:75 - [STDERR_REDIRECT] 
2025-08-11 22:28:08,878 [ERROR] LogOutputStream:75 - [STDERR_REDIRECT] [Fatal Error] :1:1: Premature end of file.
2025-08-11 22:28:08,878 [ERROR] LogOutputStream:75 - [STDERR_REDIRECT] 
2025-08-11 22:28:09,886 [ERROR] LogOutputStream:75 - [STDERR_REDIRECT] [Fatal Error] :1:1: Premature end of file.
2025-08-11 22:28:09,886 [ERROR] LogOutputStream:75 - [STDERR_REDIRECT] 
2025-08-11 22:28:10,887 [ERROR] LogOutputStream:75 - [STDERR_REDIRECT] [Fatal Error] :1:1: Premature end of file.
2025-08-11 22:28:10,887 [ERROR] LogOutputStream:75 - [STDERR_REDIRECT] 
2025-08-11 22:28:11,877 [ERROR] LogOutputStream:75 - [STDERR_REDIRECT] [Fatal Error] :1:1: Premature end of file.
2025-08-11 22:28:11,877 [ERROR] LogOutputStream:75 - [STDERR_REDIRECT] 
2025-08-11 22:28:12,903 [ERROR] LogOutputStream:75 - [STDERR_REDIRECT] [Fatal Error] :1:1: Premature end of file.
2025-08-11 22:28:12,903 [ERROR] LogOutputStream:75 - [STDERR_REDIRECT] 
2025-08-11 22:28:13,889 [ERROR] LogOutputStream:75 - [STDERR_REDIRECT] [Fatal Error] :1:1: Premature end of file.
2025-08-11 22:28:13,889 [ERROR] LogOutputStream:75 - [STDERR_REDIRECT] 
2025-08-11 22:28:14,886 [ERROR] LogOutputStream:75 - [STDERR_REDIRECT] [Fatal Error] :1:1: Premature end of file.
2025-08-11 22:28:14,886 [ERROR] LogOutputStream:75 - [STDERR_REDIRECT] 
2025-08-11 22:28:15,888 [ERROR] LogOutputStream:75 - [STDERR_REDIRECT] [Fatal Error] :1:1: Premature end of file.
2025-08-11 22:28:15,888 [ERROR] LogOutputStream:75 - [STDERR_REDIRECT] 
2025-08-11 22:28:16,893 [ERROR] LogOutputStream:75 - [STDERR_REDIRECT] [Fatal Error] :1:1: Premature end of file.
2025-08-11 22:28:16,893 [ERROR] LogOutputStream:75 - [STDERR_REDIRECT] 
2025-08-11 22:28:17,890 [ERROR] LogOutputStream:75 - [STDERR_REDIRECT] [Fatal Error] :1:1: Premature end of file.
2025-08-11 22:28:17,890 [ERROR] LogOutputStream:75 - [STDERR_REDIRECT] 
2025-08-11 22:28:18,888 [ERROR] LogOutputStream:75 - [STDERR_REDIRECT] [Fatal Error] :1:1: Premature end of file.
2025-08-11 22:28:18,888 [ERROR] LogOutputStream:75 - [STDERR_REDIRECT] 
2025-08-11 22:28:19,893 [ERROR] LogOutputStream:75 - [STDERR_REDIRECT] [Fatal Error] :1:1: Premature end of file.
2025-08-11 22:28:19,893 [ERROR] LogOutputStream:75 - [STDERR_REDIRECT] 
2025-08-11 22:28:20,885 [ERROR] LogOutputStream:75 - [STDERR_REDIRECT] [Fatal Error] :1:1: Premature end of file.
2025-08-11 22:28:20,885 [ERROR] LogOutputStream:75 - [STDERR_REDIRECT] 
2025-08-11 22:28:21,893 [ERROR] LogOutputStream:75 - [STDERR_REDIRECT] [Fatal Error] :1:1: Premature end of file.
2025-08-11 22:28:21,893 [ERROR] LogOutputStream:75 - [STDERR_REDIRECT] 
2025-08-11 22:28:22,878 [ERROR] LogOutputStream:75 - [STDERR_REDIRECT] [Fatal Error] :1:1: Premature end of file.
2025-08-11 22:28:22,878 [ERROR] LogOutputStream:75 - [STDERR_REDIRECT] 
2025-08-11 22:28:23,877 [ERROR] LogOutputStream:75 - [STDERR_REDIRECT] [Fatal Error] :1:1: Premature end of file.
2025-08-11 22:28:23,877 [ERROR] LogOutputStream:75 - [STDERR_REDIRECT] 
2025-08-11 22:28:24,888 [ERROR] LogOutputStream:75 - [STDERR_REDIRECT] [Fatal Error] :1:1: Premature end of file.
2025-08-11 22:28:24,888 [ERROR] LogOutputStream:75 - [STDERR_REDIRECT] 
2025-08-11 22:28:25,876 [ERROR] LogOutputStream:75 - [STDERR_REDIRECT] [Fatal Error] :1:1: Premature end of file.
2025-08-11 22:28:25,876 [ERROR] LogOutputStream:75 - [STDERR_REDIRECT] 
2025-08-11 22:28:26,891 [ERROR] LogOutputStream:75 - [STDERR_REDIRECT] [Fatal Error] :1:1: Premature end of file.
2025-08-11 22:28:26,891 [ERROR] LogOutputStream:75 - [STDERR_REDIRECT] 
2025-08-11 22:28:27,884 [ERROR] LogOutputStream:75 - [STDERR_REDIRECT] [Fatal Error] :1:1: Premature end of file.
2025-08-11 22:28:27,884 [ERROR] LogOutputStream:75 - [STDERR_REDIRECT] 
2025-08-11 22:28:28,878 [ERROR] LogOutputStream:75 - [STDERR_REDIRECT] [Fatal Error] :1:1: Premature end of file.
2025-08-11 22:28:28,878 [ERROR] LogOutputStream:75 - [STDERR_REDIRECT] 
2025-08-11 22:28:29,888 [ERROR] LogOutputStream:75 - [STDERR_REDIRECT] [Fatal Error] :1:1: Premature end of file.
2025-08-11 22:28:29,889 [ERROR] LogOutputStream:75 - [STDERR_REDIRECT] 
2025-08-11 22:28:30,873 [ERROR] LogOutputStream:75 - [STDERR_REDIRECT] [Fatal Error] :1:1: Premature end of file.
2025-08-11 22:28:30,873 [ERROR] LogOutputStream:75 - [STDERR_REDIRECT] 
2025-08-11 22:28:31,893 [ERROR] LogOutputStream:75 - [STDERR_REDIRECT] [Fatal Error] :1:1: Premature end of file.
2025-08-11 22:28:31,893 [ERROR] LogOutputStream:75 - [STDERR_REDIRECT] 
2025-08-11 22:28:32,883 [ERROR] LogOutputStream:75 - [STDERR_REDIRECT] [Fatal Error] :1:1: Premature end of file.
2025-08-11 22:28:32,883 [ERROR] LogOutputStream:75 - [STDERR_REDIRECT] 
2025-08-11 22:28:33,883 [ERROR] LogOutputStream:75 - [STDERR_REDIRECT] [Fatal Error] :1:1: Premature end of file.
2025-08-11 22:28:33,883 [ERROR] LogOutputStream:75 - [STDERR_REDIRECT] 
2025-08-11 22:28:34,883 [ERROR] LogOutputStream:75 - [STDERR_REDIRECT] [Fatal Error] :1:1: Premature end of file.
2025-08-11 22:28:34,883 [ERROR] LogOutputStream:75 - [STDERR_REDIRECT] 
2025-08-11 22:28:35,892 [ERROR] LogOutputStream:75 - [STDERR_REDIRECT] [Fatal Error] :1:1: Premature end of file.
2025-08-11 22:28:35,892 [ERROR] LogOutputStream:75 - [STDERR_REDIRECT] 
2025-08-11 22:28:36,894 [ERROR] LogOutputStream:75 - [STDERR_REDIRECT] [Fatal Error] :1:1: Premature end of file.
2025-08-11 22:28:36,894 [ERROR] LogOutputStream:75 - [STDERR_REDIRECT] 
2025-08-11 22:28:37,889 [ERROR] LogOutputStream:75 - [STDERR_REDIRECT] [Fatal Error] :1:1: Premature end of file.
2025-08-11 22:28:37,889 [ERROR] LogOutputStream:75 - [STDERR_REDIRECT] 
2025-08-11 22:28:38,892 [ERROR] LogOutputStream:75 - [STDERR_REDIRECT] [Fatal Error] :1:1: Premature end of file.
2025-08-11 22:28:38,893 [ERROR] LogOutputStream:75 - [STDERR_REDIRECT] 
2025-08-11 22:28:39,890 [ERROR] LogOutputStream:75 - [STDERR_REDIRECT] [Fatal Error] :1:1: Premature end of file.
2025-08-11 22:28:39,890 [ERROR] LogOutputStream:75 - [STDERR_REDIRECT] 
2025-08-11 22:28:40,883 [ERROR] LogOutputStream:75 - [STDERR_REDIRECT] [Fatal Error] :1:1: Premature end of file.
2025-08-11 22:28:40,883 [ERROR] LogOutputStream:75 - [STDERR_REDIRECT] 
2025-08-11 22:28:41,894 [ERROR] LogOutputStream:75 - [STDERR_REDIRECT] [Fatal Error] :1:1: Premature end of file.
2025-08-11 22:28:41,894 [ERROR] LogOutputStream:75 - [STDERR_REDIRECT] 
2025-08-11 22:28:42,879 [ERROR] LogOutputStream:75 - [STDERR_REDIRECT] [Fatal Error] :1:1: Premature end of file.
2025-08-11 22:28:42,879 [ERROR] LogOutputStream:75 - [STDERR_REDIRECT] 
2025-08-11 22:28:43,888 [ERROR] LogOutputStream:75 - [STDERR_REDIRECT] [Fatal Error] :1:1: Premature end of file.
2025-08-11 22:28:43,888 [ERROR] LogOutputStream:75 - [STDERR_REDIRECT] 
2025-08-11 22:28:44,892 [ERROR] LogOutputStream:75 - [STDERR_REDIRECT] [Fatal Error] :1:1: Premature end of file.
2025-08-11 22:28:44,892 [ERROR] LogOutputStream:75 - [STDERR_REDIRECT] 
2025-08-11 22:28:45,891 [ERROR] LogOutputStream:75 - [STDERR_REDIRECT] [Fatal Error] :1:1: Premature end of file.
2025-08-11 22:28:45,891 [ERROR] LogOutputStream:75 - [STDERR_REDIRECT] 
2025-08-11 22:28:46,893 [ERROR] LogOutputStream:75 - [STDERR_REDIRECT] [Fatal Error] :1:1: Premature end of file.
2025-08-11 22:28:46,900 [ERROR] LogOutputStream:75 - [STDERR_REDIRECT] 
2025-08-11 22:28:47,894 [ERROR] LogOutputStream:75 - [STDERR_REDIRECT] [Fatal Error] :1:1: Premature end of file.
2025-08-11 22:28:47,894 [ERROR] LogOutputStream:75 - [STDERR_REDIRECT] 
2025-08-11 22:28:48,891 [ERROR] LogOutputStream:75 - [STDERR_REDIRECT] [Fatal Error] :1:1: Premature end of file.
2025-08-11 22:28:48,892 [ERROR] LogOutputStream:75 - [STDERR_REDIRECT] 
2025-08-11 22:28:49,883 [ERROR] LogOutputStream:75 - [STDERR_REDIRECT] [Fatal Error] :1:1: Premature end of file.
2025-08-11 22:28:49,883 [ERROR] LogOutputStream:75 - [STDERR_REDIRECT] 
2025-08-11 22:28:50,881 [ERROR] LogOutputStream:75 - [STDERR_REDIRECT] [Fatal Error] :1:1: Premature end of file.
2025-08-11 22:28:50,881 [ERROR] LogOutputStream:75 - [STDERR_REDIRECT] 
2025-08-11 22:28:51,892 [ERROR] LogOutputStream:75 - [STDERR_REDIRECT] [Fatal Error] :1:1: Premature end of file.
2025-08-11 22:28:51,892 [ERROR] LogOutputStream:75 - [STDERR_REDIRECT] 
2025-08-11 22:28:52,890 [ERROR] LogOutputStream:75 - [STDERR_REDIRECT] [Fatal Error] :1:1: Premature end of file.
2025-08-11 22:28:52,890 [ERROR] LogOutputStream:75 - [STDERR_REDIRECT] 
2025-08-11 22:28:53,893 [ERROR] LogOutputStream:75 - [STDERR_REDIRECT] [Fatal Error] :1:1: Premature end of file.
2025-08-11 22:28:53,893 [ERROR] LogOutputStream:75 - [STDERR_REDIRECT] 
2025-08-11 22:28:54,895 [ERROR] LogOutputStream:75 - [STDERR_REDIRECT] [Fatal Error] :1:1: Premature end of file.
2025-08-11 22:28:54,896 [ERROR] LogOutputStream:75 - [STDERR_REDIRECT] 
2025-08-11 22:28:55,878 [ERROR] LogOutputStream:75 - [STDERR_REDIRECT] [Fatal Error] :1:1: Premature end of file.
2025-08-11 22:28:55,878 [ERROR] LogOutputStream:75 - [STDERR_REDIRECT] 
2025-08-11 22:28:56,885 [ERROR] LogOutputStream:75 - [STDERR_REDIRECT] [Fatal Error] :1:1: Premature end of file.
2025-08-11 22:28:56,885 [ERROR] LogOutputStream:75 - [STDERR_REDIRECT] 
2025-08-11 22:28:57,878 [ERROR] LogOutputStream:75 - [STDERR_REDIRECT] [Fatal Error] :1:1: Premature end of file.
2025-08-11 22:28:57,878 [ERROR] LogOutputStream:75 - [STDERR_REDIRECT] 
2025-08-11 22:28:58,893 [ERROR] LogOutputStream:75 - [STDERR_REDIRECT] [Fatal Error] :1:1: Premature end of file.
2025-08-11 22:28:58,893 [ERROR] LogOutputStream:75 - [STDERR_REDIRECT] 
2025-08-11 22:28:59,892 [ERROR] LogOutputStream:75 - [STDERR_REDIRECT] [Fatal Error] :1:1: Premature end of file.
2025-08-11 22:28:59,892 [ERROR] LogOutputStream:75 - [STDERR_REDIRECT] 
2025-08-11 22:29:00,897 [ERROR] LogOutputStream:75 - [STDERR_REDIRECT] [Fatal Error] :1:1: Premature end of file.
2025-08-11 22:29:00,898 [ERROR] LogOutputStream:75 - [STDERR_REDIRECT] 
2025-08-11 22:29:01,892 [ERROR] LogOutputStream:75 - [STDERR_REDIRECT] [Fatal Error] :1:1: Premature end of file.
2025-08-11 22:29:01,892 [ERROR] LogOutputStream:75 - [STDERR_REDIRECT] 
2025-08-11 22:29:02,897 [ERROR] LogOutputStream:75 - [STDERR_REDIRECT] [Fatal Error] :1:1: Premature end of file.
2025-08-11 22:29:02,897 [ERROR] LogOutputStream:75 - [STDERR_REDIRECT] 
2025-08-11 22:29:03,895 [ERROR] LogOutputStream:75 - [STDERR_REDIRECT] [Fatal Error] :1:1: Premature end of file.
2025-08-11 22:29:03,895 [ERROR] LogOutputStream:75 - [STDERR_REDIRECT] 
2025-08-11 22:29:04,892 [ERROR] LogOutputStream:75 - [STDERR_REDIRECT] [Fatal Error] :1:1: Premature end of file.
2025-08-11 22:29:04,892 [ERROR] LogOutputStream:75 - [STDERR_REDIRECT] 
2025-08-11 22:29:05,890 [ERROR] LogOutputStream:75 - [STDERR_REDIRECT] [Fatal Error] :1:1: Premature end of file.
2025-08-11 22:29:05,890 [ERROR] LogOutputStream:75 - [STDERR_REDIRECT] 
2025-08-11 22:29:06,892 [ERROR] LogOutputStream:75 - [STDERR_REDIRECT] [Fatal Error] :1:1: Premature end of file.
2025-08-11 22:29:06,892 [ERROR] LogOutputStream:75 - [STDERR_REDIRECT] 
2025-08-11 22:29:07,890 [ERROR] LogOutputStream:75 - [STDERR_REDIRECT] [Fatal Error] :1:1: Premature end of file.
2025-08-11 22:29:07,891 [ERROR] LogOutputStream:75 - [STDERR_REDIRECT] 
2025-08-11 22:29:08,893 [ERROR] LogOutputStream:75 - [STDERR_REDIRECT] [Fatal Error] :1:1: Premature end of file.
2025-08-11 22:29:08,893 [ERROR] LogOutputStream:75 - [STDERR_REDIRECT] 
2025-08-11 22:29:09,886 [ERROR] LogOutputStream:75 - [STDERR_REDIRECT] [Fatal Error] :1:1: Premature end of file.
2025-08-11 22:29:09,886 [ERROR] LogOutputStream:75 - [STDERR_REDIRECT] 
2025-08-11 22:29:10,884 [ERROR] LogOutputStream:75 - [STDERR_REDIRECT] [Fatal Error] :1:1: Premature end of file.
2025-08-11 22:29:10,884 [ERROR] LogOutputStream:75 - [STDERR_REDIRECT] 
2025-08-11 22:29:11,896 [ERROR] LogOutputStream:75 - [STDERR_REDIRECT] [Fatal Error] :1:1: Premature end of file.
2025-08-11 22:29:11,896 [ERROR] LogOutputStream:75 - [STDERR_REDIRECT] 
2025-08-11 22:29:12,883 [ERROR] LogOutputStream:75 - [STDERR_REDIRECT] [Fatal Error] :1:1: Premature end of file.
2025-08-11 22:29:12,884 [ERROR] LogOutputStream:75 - [STDERR_REDIRECT] 
2025-08-11 22:29:13,896 [ERROR] LogOutputStream:75 - [STDERR_REDIRECT] [Fatal Error] :1:1: Premature end of file.
2025-08-11 22:29:13,896 [ERROR] LogOutputStream:75 - [STDERR_REDIRECT] 
2025-08-11 22:29:14,880 [ERROR] LogOutputStream:75 - [STDERR_REDIRECT] [Fatal Error] :1:1: Premature end of file.
2025-08-11 22:29:14,881 [ERROR] LogOutputStream:75 - [STDERR_REDIRECT] 
2025-08-11 22:29:15,885 [ERROR] LogOutputStream:75 - [STDERR_REDIRECT] [Fatal Error] :1:1: Premature end of file.
2025-08-11 22:29:15,885 [ERROR] LogOutputStream:75 - [STDERR_REDIRECT] 
2025-08-11 22:29:16,885 [ERROR] LogOutputStream:75 - [STDERR_REDIRECT] [Fatal Error] :1:1: Premature end of file.
2025-08-11 22:29:16,885 [ERROR] LogOutputStream:75 - [STDERR_REDIRECT] 
2025-08-11 22:29:17,892 [ERROR] LogOutputStream:75 - [STDERR_REDIRECT] [Fatal Error] :1:1: Premature end of file.
2025-08-11 22:29:17,892 [ERROR] LogOutputStream:75 - [STDERR_REDIRECT] 
2025-08-11 22:29:18,894 [ERROR] LogOutputStream:75 - [STDERR_REDIRECT] [Fatal Error] :1:1: Premature end of file.
2025-08-11 22:29:18,894 [ERROR] LogOutputStream:75 - [STDERR_REDIRECT] 
2025-08-11 22:29:19,892 [ERROR] LogOutputStream:75 - [STDERR_REDIRECT] [Fatal Error] :1:1: Premature end of file.
2025-08-11 22:29:19,892 [ERROR] LogOutputStream:75 - [STDERR_REDIRECT] 
2025-08-11 22:29:20,890 [ERROR] LogOutputStream:75 - [STDERR_REDIRECT] [Fatal Error] :1:1: Premature end of file.
2025-08-11 22:29:20,890 [ERROR] LogOutputStream:75 - [STDERR_REDIRECT] 
2025-08-11 22:29:21,893 [ERROR] LogOutputStream:75 - [STDERR_REDIRECT] [Fatal Error] :1:1: Premature end of file.
2025-08-11 22:29:21,893 [ERROR] LogOutputStream:75 - [STDERR_REDIRECT] 
2025-08-11 22:29:22,888 [ERROR] LogOutputStream:75 - [STDERR_REDIRECT] [Fatal Error] :1:1: Premature end of file.
2025-08-11 22:29:22,888 [ERROR] LogOutputStream:75 - [STDERR_REDIRECT] 
2025-08-11 22:29:23,902 [ERROR] LogOutputStream:75 - [STDERR_REDIRECT] [Fatal Error] :1:1: Premature end of file.
2025-08-11 22:29:23,902 [ERROR] LogOutputStream:75 - [STDERR_REDIRECT] 
2025-08-11 22:29:24,893 [ERROR] LogOutputStream:75 - [STDERR_REDIRECT] [Fatal Error] :1:1: Premature end of file.
2025-08-11 22:29:24,893 [ERROR] LogOutputStream:75 - [STDERR_REDIRECT] 
2025-08-11 22:29:25,893 [ERROR] LogOutputStream:75 - [STDERR_REDIRECT] [Fatal Error] :1:1: Premature end of file.
2025-08-11 22:29:25,893 [ERROR] LogOutputStream:75 - [STDERR_REDIRECT] 
2025-08-11 22:29:26,890 [ERROR] LogOutputStream:75 - [STDERR_REDIRECT] [Fatal Error] :1:1: Premature end of file.
2025-08-11 22:29:26,890 [ERROR] LogOutputStream:75 - [STDERR_REDIRECT] 
2025-08-11 22:29:27,894 [ERROR] LogOutputStream:75 - [STDERR_REDIRECT] [Fatal Error] :1:1: Premature end of file.
2025-08-11 22:29:27,894 [ERROR] LogOutputStream:75 - [STDERR_REDIRECT] 
2025-08-11 22:29:28,895 [ERROR] LogOutputStream:75 - [STDERR_REDIRECT] [Fatal Error] :1:1: Premature end of file.
2025-08-11 22:29:28,896 [ERROR] LogOutputStream:75 - [STDERR_REDIRECT] 
2025-08-11 22:29:29,894 [ERROR] LogOutputStream:75 - [STDERR_REDIRECT] [Fatal Error] :1:1: Premature end of file.
2025-08-11 22:29:29,894 [ERROR] LogOutputStream:75 - [STDERR_REDIRECT] 
2025-08-11 22:29:30,893 [ERROR] LogOutputStream:75 - [STDERR_REDIRECT] [Fatal Error] :1:1: Premature end of file.
2025-08-11 22:29:30,893 [ERROR] LogOutputStream:75 - [STDERR_REDIRECT] 
2025-08-11 22:29:31,894 [ERROR] LogOutputStream:75 - [STDERR_REDIRECT] [Fatal Error] :1:1: Premature end of file.
2025-08-11 22:29:31,894 [ERROR] LogOutputStream:75 - [STDERR_REDIRECT] 
2025-08-11 22:29:32,881 [ERROR] LogOutputStream:75 - [STDERR_REDIRECT] [Fatal Error] :1:1: Premature end of file.
2025-08-11 22:29:32,881 [ERROR] LogOutputStream:75 - [STDERR_REDIRECT] 
2025-08-11 22:29:33,892 [ERROR] LogOutputStream:75 - [STDERR_REDIRECT] [Fatal Error] :1:1: Premature end of file.
2025-08-11 22:29:33,892 [ERROR] LogOutputStream:75 - [STDERR_REDIRECT] 
2025-08-11 22:29:34,892 [ERROR] LogOutputStream:75 - [STDERR_REDIRECT] [Fatal Error] :1:1: Premature end of file.
2025-08-11 22:29:34,892 [ERROR] LogOutputStream:75 - [STDERR_REDIRECT] 
2025-08-11 22:29:35,883 [ERROR] LogOutputStream:75 - [STDERR_REDIRECT] [Fatal Error] :1:1: Premature end of file.
2025-08-11 22:29:35,884 [ERROR] LogOutputStream:75 - [STDERR_REDIRECT] 
2025-08-11 22:29:36,894 [ERROR] LogOutputStream:75 - [STDERR_REDIRECT] [Fatal Error] :1:1: Premature end of file.
2025-08-11 22:29:36,894 [ERROR] LogOutputStream:75 - [STDERR_REDIRECT] 
2025-08-11 22:29:37,891 [ERROR] LogOutputStream:75 - [STDERR_REDIRECT] [Fatal Error] :1:1: Premature end of file.
2025-08-11 22:29:37,891 [ERROR] LogOutputStream:75 - [STDERR_REDIRECT] 
2025-08-11 22:29:38,902 [ERROR] LogOutputStream:75 - [STDERR_REDIRECT] [Fatal Error] :1:1: Premature end of file.
2025-08-11 22:29:38,902 [ERROR] LogOutputStream:75 - [STDERR_REDIRECT] 
2025-08-11 22:29:39,896 [ERROR] LogOutputStream:75 - [STDERR_REDIRECT] [Fatal Error] :1:1: Premature end of file.
2025-08-11 22:29:39,896 [ERROR] LogOutputStream:75 - [STDERR_REDIRECT] 
2025-08-11 22:29:40,885 [ERROR] LogOutputStream:75 - [STDERR_REDIRECT] [Fatal Error] :1:1: Premature end of file.
2025-08-11 22:29:40,885 [ERROR] LogOutputStream:75 - [STDERR_REDIRECT] 
2025-08-11 22:29:41,880 [ERROR] LogOutputStream:75 - [STDERR_REDIRECT] [Fatal Error] :1:1: Premature end of file.
2025-08-11 22:29:41,880 [ERROR] LogOutputStream:75 - [STDERR_REDIRECT] 
2025-08-11 22:29:42,891 [ERROR] LogOutputStream:75 - [STDERR_REDIRECT] [Fatal Error] :1:1: Premature end of file.
2025-08-11 22:29:42,891 [ERROR] LogOutputStream:75 - [STDERR_REDIRECT] 
2025-08-11 22:29:43,886 [ERROR] LogOutputStream:75 - [STDERR_REDIRECT] [Fatal Error] :1:1: Premature end of file.
2025-08-11 22:29:43,886 [ERROR] LogOutputStream:75 - [STDERR_REDIRECT] 
2025-08-11 22:29:44,888 [ERROR] LogOutputStream:75 - [STDERR_REDIRECT] [Fatal Error] :1:1: Premature end of file.
2025-08-11 22:29:44,889 [ERROR] LogOutputStream:75 - [STDERR_REDIRECT] 
2025-08-11 22:29:45,893 [ERROR] LogOutputStream:75 - [STDERR_REDIRECT] [Fatal Error] :1:1: Premature end of file.
2025-08-11 22:29:45,893 [ERROR] LogOutputStream:75 - [STDERR_REDIRECT] 
2025-08-11 22:29:46,891 [ERROR] LogOutputStream:75 - [STDERR_REDIRECT] [Fatal Error] :1:1: Premature end of file.
2025-08-11 22:29:46,891 [ERROR] LogOutputStream:75 - [STDERR_REDIRECT] 
2025-08-11 22:29:47,899 [ERROR] LogOutputStream:75 - [STDERR_REDIRECT] [Fatal Error] :1:1: Premature end of file.
2025-08-11 22:29:47,900 [ERROR] LogOutputStream:75 - [STDERR_REDIRECT] 
2025-08-11 22:29:48,894 [ERROR] LogOutputStream:75 - [STDERR_REDIRECT] [Fatal Error] :1:1: Premature end of file.
2025-08-11 22:29:48,894 [ERROR] LogOutputStream:75 - [STDERR_REDIRECT] 
2025-08-11 22:29:49,895 [ERROR] LogOutputStream:75 - [STDERR_REDIRECT] [Fatal Error] :1:1: Premature end of file.
2025-08-11 22:29:49,895 [ERROR] LogOutputStream:75 - [STDERR_REDIRECT] 
2025-08-11 22:29:50,881 [ERROR] LogOutputStream:75 - [STDERR_REDIRECT] [Fatal Error] :1:1: Premature end of file.
2025-08-11 22:29:50,881 [ERROR] LogOutputStream:75 - [STDERR_REDIRECT] 
2025-08-11 22:29:51,881 [ERROR] LogOutputStream:75 - [STDERR_REDIRECT] [Fatal Error] :1:1: Premature end of file.
2025-08-11 22:29:51,881 [ERROR] LogOutputStream:75 - [STDERR_REDIRECT] 
2025-08-11 22:29:52,891 [ERROR] LogOutputStream:75 - [STDERR_REDIRECT] [Fatal Error] :1:1: Premature end of file.
2025-08-11 22:29:52,891 [ERROR] LogOutputStream:75 - [STDERR_REDIRECT] 
2025-08-11 22:29:53,893 [ERROR] LogOutputStream:75 - [STDERR_REDIRECT] [Fatal Error] :1:1: Premature end of file.
2025-08-11 22:29:53,893 [ERROR] LogOutputStream:75 - [STDERR_REDIRECT] 
2025-08-11 22:29:54,893 [ERROR] LogOutputStream:75 - [STDERR_REDIRECT] [Fatal Error] :1:1: Premature end of file.
2025-08-11 22:29:54,894 [ERROR] LogOutputStream:75 - [STDERR_REDIRECT] 
2025-08-11 22:29:55,895 [ERROR] LogOutputStream:75 - [STDERR_REDIRECT] [Fatal Error] :1:1: Premature end of file.
2025-08-11 22:29:55,895 [ERROR] LogOutputStream:75 - [STDERR_REDIRECT] 
2025-08-11 22:29:56,898 [ERROR] LogOutputStream:75 - [STDERR_REDIRECT] [Fatal Error] :1:1: Premature end of file.
2025-08-11 22:29:56,898 [ERROR] LogOutputStream:75 - [STDERR_REDIRECT] 
2025-08-11 22:29:57,892 [ERROR] LogOutputStream:75 - [STDERR_REDIRECT] [Fatal Error] :1:1: Premature end of file.
2025-08-11 22:29:57,892 [ERROR] LogOutputStream:75 - [STDERR_REDIRECT] 
2025-08-11 22:29:58,888 [ERROR] LogOutputStream:75 - [STDERR_REDIRECT] [Fatal Error] :1:1: Premature end of file.
2025-08-11 22:29:58,888 [ERROR] LogOutputStream:75 - [STDERR_REDIRECT] 
2025-08-11 22:29:59,894 [ERROR] LogOutputStream:75 - [STDERR_REDIRECT] [Fatal Error] :1:1: Premature end of file.
2025-08-11 22:29:59,894 [ERROR] LogOutputStream:75 - [STDERR_REDIRECT] 
2025-08-11 22:30:00,881 [ERROR] LogOutputStream:75 - [STDERR_REDIRECT] [Fatal Error] :1:1: Premature end of file.
2025-08-11 22:30:00,881 [ERROR] LogOutputStream:75 - [STDERR_REDIRECT] 
2025-08-11 22:30:01,881 [ERROR] LogOutputStream:75 - [STDERR_REDIRECT] [Fatal Error] :1:1: Premature end of file.
2025-08-11 22:30:01,883 [ERROR] LogOutputStream:75 - [STDERR_REDIRECT] 
2025-08-11 22:30:02,880 [ERROR] LogOutputStream:75 - [STDERR_REDIRECT] [Fatal Error] :1:1: Premature end of file.
2025-08-11 22:30:02,880 [ERROR] LogOutputStream:75 - [STDERR_REDIRECT] 
2025-08-11 22:30:03,894 [ERROR] LogOutputStream:75 - [STDERR_REDIRECT] [Fatal Error] :1:1: Premature end of file.
2025-08-11 22:30:03,895 [ERROR] LogOutputStream:75 - [STDERR_REDIRECT] 
2025-08-11 22:30:04,885 [ERROR] LogOutputStream:75 - [STDERR_REDIRECT] [Fatal Error] :1:1: Premature end of file.
2025-08-11 22:30:04,885 [ERROR] LogOutputStream:75 - [STDERR_REDIRECT] 
2025-08-11 22:30:05,892 [ERROR] LogOutputStream:75 - [STDERR_REDIRECT] [Fatal Error] :1:1: Premature end of file.
2025-08-11 22:30:05,892 [ERROR] LogOutputStream:75 - [STDERR_REDIRECT] 
2025-08-11 22:30:06,894 [ERROR] LogOutputStream:75 - [STDERR_REDIRECT] [Fatal Error] :1:1: Premature end of file.
2025-08-11 22:30:06,894 [ERROR] LogOutputStream:75 - [STDERR_REDIRECT] 
2025-08-11 22:30:07,895 [ERROR] LogOutputStream:75 - [STDERR_REDIRECT] [Fatal Error] :1:1: Premature end of file.
2025-08-11 22:30:07,896 [ERROR] LogOutputStream:75 - [STDERR_REDIRECT] 
2025-08-11 22:30:08,895 [ERROR] LogOutputStream:75 - [STDERR_REDIRECT] [Fatal Error] :1:1: Premature end of file.
2025-08-11 22:30:08,895 [ERROR] LogOutputStream:75 - [STDERR_REDIRECT] 
2025-08-11 22:30:09,892 [ERROR] LogOutputStream:75 - [STDERR_REDIRECT] [Fatal Error] :1:1: Premature end of file.
2025-08-11 22:30:09,892 [ERROR] LogOutputStream:75 - [STDERR_REDIRECT] 
2025-08-11 22:30:10,900 [ERROR] LogOutputStream:75 - [STDERR_REDIRECT] [Fatal Error] :1:1: Premature end of file.
2025-08-11 22:30:10,900 [ERROR] LogOutputStream:75 - [STDERR_REDIRECT] 
2025-08-11 22:30:11,886 [ERROR] LogOutputStream:75 - [STDERR_REDIRECT] [Fatal Error] :1:1: Premature end of file.
2025-08-11 22:30:11,886 [ERROR] LogOutputStream:75 - [STDERR_REDIRECT] 
2025-08-11 22:30:12,892 [ERROR] LogOutputStream:75 - [STDERR_REDIRECT] [Fatal Error] :1:1: Premature end of file.
2025-08-11 22:30:12,892 [ERROR] LogOutputStream:75 - [STDERR_REDIRECT] 
2025-08-11 22:30:13,893 [ERROR] LogOutputStream:75 - [STDERR_REDIRECT] [Fatal Error] :1:1: Premature end of file.
2025-08-11 22:30:13,893 [ERROR] LogOutputStream:75 - [STDERR_REDIRECT] 
2025-08-11 22:30:14,896 [ERROR] LogOutputStream:75 - [STDERR_REDIRECT] [Fatal Error] :1:1: Premature end of file.
2025-08-11 22:30:14,896 [ERROR] LogOutputStream:75 - [STDERR_REDIRECT] 
2025-08-11 22:30:15,894 [ERROR] LogOutputStream:75 - [STDERR_REDIRECT] [Fatal Error] :1:1: Premature end of file.
2025-08-11 22:30:15,894 [ERROR] LogOutputStream:75 - [STDERR_REDIRECT] 
2025-08-11 22:30:16,896 [ERROR] LogOutputStream:75 - [STDERR_REDIRECT] [Fatal Error] :1:1: Premature end of file.
2025-08-11 22:30:16,897 [ERROR] LogOutputStream:75 - [STDERR_REDIRECT] 
2025-08-11 22:30:17,892 [ERROR] LogOutputStream:75 - [STDERR_REDIRECT] [Fatal Error] :1:1: Premature end of file.
2025-08-11 22:30:17,892 [ERROR] LogOutputStream:75 - [STDERR_REDIRECT] 
2025-08-11 22:30:18,887 [ERROR] LogOutputStream:75 - [STDERR_REDIRECT] [Fatal Error] :1:1: Premature end of file.
2025-08-11 22:30:18,887 [ERROR] LogOutputStream:75 - [STDERR_REDIRECT] 
2025-08-11 22:30:19,892 [ERROR] LogOutputStream:75 - [STDERR_REDIRECT] [Fatal Error] :1:1: Premature end of file.
2025-08-11 22:30:19,892 [ERROR] LogOutputStream:75 - [STDERR_REDIRECT] 
2025-08-11 22:30:20,894 [ERROR] LogOutputStream:75 - [STDERR_REDIRECT] [Fatal Error] :1:1: Premature end of file.
2025-08-11 22:30:20,894 [ERROR] LogOutputStream:75 - [STDERR_REDIRECT] 
2025-08-11 22:30:21,880 [ERROR] LogOutputStream:75 - [STDERR_REDIRECT] [Fatal Error] :1:1: Premature end of file.
2025-08-11 22:30:21,880 [ERROR] LogOutputStream:75 - [STDERR_REDIRECT] 
2025-08-11 22:30:22,880 [ERROR] LogOutputStream:75 - [STDERR_REDIRECT] [Fatal Error] :1:1: Premature end of file.
2025-08-11 22:30:22,880 [ERROR] LogOutputStream:75 - [STDERR_REDIRECT] 
2025-08-11 22:30:23,896 [ERROR] LogOutputStream:75 - [STDERR_REDIRECT] [Fatal Error] :1:1: Premature end of file.
2025-08-11 22:30:23,897 [ERROR] LogOutputStream:75 - [STDERR_REDIRECT] 
2025-08-11 22:30:24,881 [ERROR] LogOutputStream:75 - [STDERR_REDIRECT] [Fatal Error] :1:1: Premature end of file.
2025-08-11 22:30:24,881 [ERROR] LogOutputStream:75 - [STDERR_REDIRECT] 
2025-08-11 22:30:25,890 [ERROR] LogOutputStream:75 - [STDERR_REDIRECT] [Fatal Error] :1:1: Premature end of file.
2025-08-11 22:30:25,890 [ERROR] LogOutputStream:75 - [STDERR_REDIRECT] 
2025-08-11 22:30:26,893 [ERROR] LogOutputStream:75 - [STDERR_REDIRECT] [Fatal Error] :1:1: Premature end of file.
2025-08-11 22:30:26,893 [ERROR] LogOutputStream:75 - [STDERR_REDIRECT] 
2025-08-11 22:30:27,887 [ERROR] LogOutputStream:75 - [STDERR_REDIRECT] [Fatal Error] :1:1: Premature end of file.
2025-08-11 22:30:27,887 [ERROR] LogOutputStream:75 - [STDERR_REDIRECT] 
2025-08-11 22:30:28,894 [ERROR] LogOutputStream:75 - [STDERR_REDIRECT] [Fatal Error] :1:1: Premature end of file.
2025-08-11 22:30:28,894 [ERROR] LogOutputStream:75 - [STDERR_REDIRECT] 
2025-08-11 22:30:29,882 [ERROR] LogOutputStream:75 - [STDERR_REDIRECT] [Fatal Error] :1:1: Premature end of file.
2025-08-11 22:30:29,882 [ERROR] LogOutputStream:75 - [STDERR_REDIRECT] 
2025-08-11 22:30:30,876 [ERROR] LogOutputStream:75 - [STDERR_REDIRECT] [Fatal Error] :1:1: Premature end of file.
2025-08-11 22:30:30,876 [ERROR] LogOutputStream:75 - [STDERR_REDIRECT] 
2025-08-11 22:30:31,894 [ERROR] LogOutputStream:75 - [STDERR_REDIRECT] [Fatal Error] :1:1: Premature end of file.
2025-08-11 22:30:31,895 [ERROR] LogOutputStream:75 - [STDERR_REDIRECT] 
2025-08-11 22:30:32,885 [ERROR] LogOutputStream:75 - [STDERR_REDIRECT] [Fatal Error] :1:1: Premature end of file.
2025-08-11 22:30:32,885 [ERROR] LogOutputStream:75 - [STDERR_REDIRECT] 
2025-08-11 22:30:33,895 [ERROR] LogOutputStream:75 - [STDERR_REDIRECT] [Fatal Error] :1:1: Premature end of file.
2025-08-11 22:30:33,895 [ERROR] LogOutputStream:75 - [STDERR_REDIRECT] 
2025-08-11 22:30:34,897 [ERROR] LogOutputStream:75 - [STDERR_REDIRECT] [Fatal Error] :1:1: Premature end of file.
2025-08-11 22:30:34,897 [ERROR] LogOutputStream:75 - [STDERR_REDIRECT] 
2025-08-11 22:30:35,891 [ERROR] LogOutputStream:75 - [STDERR_REDIRECT] [Fatal Error] :1:1: Premature end of file.
2025-08-11 22:30:35,891 [ERROR] LogOutputStream:75 - [STDERR_REDIRECT] 
2025-08-11 22:30:36,881 [ERROR] LogOutputStream:75 - [STDERR_REDIRECT] [Fatal Error] :1:1: Premature end of file.
2025-08-11 22:30:36,881 [ERROR] LogOutputStream:75 - [STDERR_REDIRECT] 
2025-08-11 22:30:37,893 [ERROR] LogOutputStream:75 - [STDERR_REDIRECT] [Fatal Error] :1:1: Premature end of file.
2025-08-11 22:30:37,893 [ERROR] LogOutputStream:75 - [STDERR_REDIRECT] 
2025-08-11 22:30:38,880 [ERROR] LogOutputStream:75 - [STDERR_REDIRECT] [Fatal Error] :1:1: Premature end of file.
2025-08-11 22:30:38,880 [ERROR] LogOutputStream:75 - [STDERR_REDIRECT] 
2025-08-11 22:30:39,895 [ERROR] LogOutputStream:75 - [STDERR_REDIRECT] [Fatal Error] :1:1: Premature end of file.
2025-08-11 22:30:39,895 [ERROR] LogOutputStream:75 - [STDERR_REDIRECT] 
2025-08-11 22:30:40,888 [ERROR] LogOutputStream:75 - [STDERR_REDIRECT] [Fatal Error] :1:1: Premature end of file.
2025-08-11 22:30:40,888 [ERROR] LogOutputStream:75 - [STDERR_REDIRECT] 
2025-08-11 22:30:41,905 [ERROR] LogOutputStream:75 - [STDERR_REDIRECT] [Fatal Error] :1:1: Premature end of file.
2025-08-11 22:30:41,905 [ERROR] LogOutputStream:75 - [STDERR_REDIRECT] 
2025-08-11 22:30:42,891 [ERROR] LogOutputStream:75 - [STDERR_REDIRECT] [Fatal Error] :1:1: Premature end of file.
2025-08-11 22:30:42,891 [ERROR] LogOutputStream:75 - [STDERR_REDIRECT] 
2025-08-11 22:30:43,894 [ERROR] LogOutputStream:75 - [STDERR_REDIRECT] [Fatal Error] :1:1: Premature end of file.
2025-08-11 22:30:43,894 [ERROR] LogOutputStream:75 - [STDERR_REDIRECT] 
2025-08-11 22:30:44,897 [ERROR] LogOutputStream:75 - [STDERR_REDIRECT] [Fatal Error] :1:1: Premature end of file.
2025-08-11 22:30:44,897 [ERROR] LogOutputStream:75 - [STDERR_REDIRECT] 
2025-08-11 22:30:45,894 [ERROR] LogOutputStream:75 - [STDERR_REDIRECT] [Fatal Error] :1:1: Premature end of file.
2025-08-11 22:30:45,894 [ERROR] LogOutputStream:75 - [STDERR_REDIRECT] 
2025-08-11 22:30:46,897 [ERROR] LogOutputStream:75 - [STDERR_REDIRECT] [Fatal Error] :1:1: Premature end of file.
2025-08-11 22:30:46,897 [ERROR] LogOutputStream:75 - [STDERR_REDIRECT] 
2025-08-11 22:30:47,885 [ERROR] LogOutputStream:75 - [STDERR_REDIRECT] [Fatal Error] :1:1: Premature end of file.
2025-08-11 22:30:47,885 [ERROR] LogOutputStream:75 - [STDERR_REDIRECT] 
2025-08-11 22:30:48,894 [ERROR] LogOutputStream:75 - [STDERR_REDIRECT] [Fatal Error] :1:1: Premature end of file.
2025-08-11 22:30:48,894 [ERROR] LogOutputStream:75 - [STDERR_REDIRECT] 
2025-08-11 22:30:49,881 [ERROR] LogOutputStream:75 - [STDERR_REDIRECT] [Fatal Error] :1:1: Premature end of file.
2025-08-11 22:30:49,881 [ERROR] LogOutputStream:75 - [STDERR_REDIRECT] 
2025-08-11 22:30:50,890 [ERROR] LogOutputStream:75 - [STDERR_REDIRECT] [Fatal Error] :1:1: Premature end of file.
2025-08-11 22:30:50,890 [ERROR] LogOutputStream:75 - [STDERR_REDIRECT] 
2025-08-11 22:30:51,894 [ERROR] LogOutputStream:75 - [STDERR_REDIRECT] [Fatal Error] :1:1: Premature end of file.
2025-08-11 22:30:51,895 [ERROR] LogOutputStream:75 - [STDERR_REDIRECT] 
2025-08-11 22:30:52,892 [ERROR] LogOutputStream:75 - [STDERR_REDIRECT] [Fatal Error] :1:1: Premature end of file.
2025-08-11 22:30:52,892 [ERROR] LogOutputStream:75 - [STDERR_REDIRECT] 
2025-08-11 22:30:53,895 [ERROR] LogOutputStream:75 - [STDERR_REDIRECT] [Fatal Error] :1:1: Premature end of file.
2025-08-11 22:30:53,895 [ERROR] LogOutputStream:75 - [STDERR_REDIRECT] 
2025-08-11 22:30:54,896 [ERROR] LogOutputStream:75 - [STDERR_REDIRECT] [Fatal Error] :1:1: Premature end of file.
2025-08-11 22:30:54,896 [ERROR] LogOutputStream:75 - [STDERR_REDIRECT] 
2025-08-11 22:30:55,892 [ERROR] LogOutputStream:75 - [STDERR_REDIRECT] [Fatal Error] :1:1: Premature end of file.
2025-08-11 22:30:55,892 [ERROR] LogOutputStream:75 - [STDERR_REDIRECT] 
2025-08-11 22:30:56,896 [ERROR] LogOutputStream:75 - [STDERR_REDIRECT] [Fatal Error] :1:1: Premature end of file.
2025-08-11 22:30:56,896 [ERROR] LogOutputStream:75 - [STDERR_REDIRECT] 
2025-08-11 22:30:57,894 [ERROR] LogOutputStream:75 - [STDERR_REDIRECT] [Fatal Error] :1:1: Premature end of file.
2025-08-11 22:30:57,894 [ERROR] LogOutputStream:75 - [STDERR_REDIRECT] 
2025-08-11 22:30:58,891 [ERROR] LogOutputStream:75 - [STDERR_REDIRECT] [Fatal Error] :1:1: Premature end of file.
2025-08-11 22:30:58,891 [ERROR] LogOutputStream:75 - [STDERR_REDIRECT] 
2025-08-11 22:30:59,903 [ERROR] LogOutputStream:75 - [STDERR_REDIRECT] [Fatal Error] :1:1: Premature end of file.
2025-08-11 22:30:59,903 [ERROR] LogOutputStream:75 - [STDERR_REDIRECT] 
2025-08-11 22:31:00,893 [ERROR] LogOutputStream:75 - [STDERR_REDIRECT] [Fatal Error] :1:1: Premature end of file.
2025-08-11 22:31:00,893 [ERROR] LogOutputStream:75 - [STDERR_REDIRECT] 
2025-08-11 22:31:01,897 [ERROR] LogOutputStream:75 - [STDERR_REDIRECT] [Fatal Error] :1:1: Premature end of file.
2025-08-11 22:31:01,897 [ERROR] LogOutputStream:75 - [STDERR_REDIRECT] 
2025-08-11 22:31:02,895 [ERROR] LogOutputStream:75 - [STDERR_REDIRECT] [Fatal Error] :1:1: Premature end of file.
2025-08-11 22:31:02,895 [ERROR] LogOutputStream:75 - [STDERR_REDIRECT] 
2025-08-11 22:31:03,895 [ERROR] LogOutputStream:75 - [STDERR_REDIRECT] [Fatal Error] :1:1: Premature end of file.
2025-08-11 22:31:03,895 [ERROR] LogOutputStream:75 - [STDERR_REDIRECT] 
2025-08-11 22:31:04,880 [ERROR] LogOutputStream:75 - [STDERR_REDIRECT] [Fatal Error] :1:1: Premature end of file.
2025-08-11 22:31:04,881 [ERROR] LogOutputStream:75 - [STDERR_REDIRECT] 
2025-08-11 22:31:05,878 [ERROR] LogOutputStream:75 - [STDERR_REDIRECT] [Fatal Error] :1:1: Premature end of file.
2025-08-11 22:31:05,878 [ERROR] LogOutputStream:75 - [STDERR_REDIRECT] 
2025-08-11 22:31:06,890 [ERROR] LogOutputStream:75 - [STDERR_REDIRECT] [Fatal Error] :1:1: Premature end of file.
2025-08-11 22:31:06,890 [ERROR] LogOutputStream:75 - [STDERR_REDIRECT] 
2025-08-11 22:31:07,879 [ERROR] LogOutputStream:75 - [STDERR_REDIRECT] [Fatal Error] :1:1: Premature end of file.
2025-08-11 22:31:07,879 [ERROR] LogOutputStream:75 - [STDERR_REDIRECT] 
2025-08-11 22:31:08,891 [ERROR] LogOutputStream:75 - [STDERR_REDIRECT] [Fatal Error] :1:1: Premature end of file.
2025-08-11 22:31:08,891 [ERROR] LogOutputStream:75 - [STDERR_REDIRECT] 
2025-08-11 22:31:09,877 [ERROR] LogOutputStream:75 - [STDERR_REDIRECT] [Fatal Error] :1:1: Premature end of file.
2025-08-11 22:31:09,877 [ERROR] LogOutputStream:75 - [STDERR_REDIRECT] 
2025-08-11 22:31:10,878 [ERROR] LogOutputStream:75 - [STDERR_REDIRECT] [Fatal Error] :1:1: Premature end of file.
2025-08-11 22:31:10,878 [ERROR] LogOutputStream:75 - [STDERR_REDIRECT] 
2025-08-11 22:31:11,886 [ERROR] LogOutputStream:75 - [STDERR_REDIRECT] [Fatal Error] :1:1: Premature end of file.
2025-08-11 22:31:11,886 [ERROR] LogOutputStream:75 - [STDERR_REDIRECT] 
2025-08-11 22:31:12,891 [ERROR] LogOutputStream:75 - [STDERR_REDIRECT] [Fatal Error] :1:1: Premature end of file.
2025-08-11 22:31:12,891 [ERROR] LogOutputStream:75 - [STDERR_REDIRECT] 
2025-08-11 22:31:13,882 [ERROR] LogOutputStream:75 - [STDERR_REDIRECT] [Fatal Error] :1:1: Premature end of file.
2025-08-11 22:31:13,883 [ERROR] LogOutputStream:75 - [STDERR_REDIRECT] 
2025-08-11 22:31:14,886 [ERROR] LogOutputStream:75 - [STDERR_REDIRECT] [Fatal Error] :1:1: Premature end of file.
2025-08-11 22:31:14,886 [ERROR] LogOutputStream:75 - [STDERR_REDIRECT] 
2025-08-11 22:31:15,888 [ERROR] LogOutputStream:75 - [STDERR_REDIRECT] [Fatal Error] :1:1: Premature end of file.
2025-08-11 22:31:15,888 [ERROR] LogOutputStream:75 - [STDERR_REDIRECT] 
2025-08-11 22:31:16,904 [ERROR] LogOutputStream:75 - [STDERR_REDIRECT] [Fatal Error] :1:1: Premature end of file.
2025-08-11 22:31:16,904 [ERROR] LogOutputStream:75 - [STDERR_REDIRECT] 
2025-08-11 22:31:17,895 [ERROR] LogOutputStream:75 - [STDERR_REDIRECT] [Fatal Error] :1:1: Premature end of file.
2025-08-11 22:31:17,895 [ERROR] LogOutputStream:75 - [STDERR_REDIRECT] 
2025-08-11 22:31:18,891 [ERROR] LogOutputStream:75 - [STDERR_REDIRECT] [Fatal Error] :1:1: Premature end of file.
2025-08-11 22:31:18,891 [ERROR] LogOutputStream:75 - [STDERR_REDIRECT] 
2025-08-11 22:31:19,886 [ERROR] LogOutputStream:75 - [STDERR_REDIRECT] [Fatal Error] :1:1: Premature end of file.
2025-08-11 22:31:19,887 [ERROR] LogOutputStream:75 - [STDERR_REDIRECT] 
2025-08-11 22:31:20,879 [ERROR] LogOutputStream:75 - [STDERR_REDIRECT] [Fatal Error] :1:1: Premature end of file.
2025-08-11 22:31:20,879 [ERROR] LogOutputStream:75 - [STDERR_REDIRECT] 
2025-08-11 22:31:21,883 [ERROR] LogOutputStream:75 - [STDERR_REDIRECT] [Fatal Error] :1:1: Premature end of file.
2025-08-11 22:31:21,883 [ERROR] LogOutputStream:75 - [STDERR_REDIRECT] 
2025-08-11 22:31:22,878 [ERROR] LogOutputStream:75 - [STDERR_REDIRECT] [Fatal Error] :1:1: Premature end of file.
2025-08-11 22:31:22,878 [ERROR] LogOutputStream:75 - [STDERR_REDIRECT] 
2025-08-11 22:31:23,889 [ERROR] LogOutputStream:75 - [STDERR_REDIRECT] [Fatal Error] :1:1: Premature end of file.
2025-08-11 22:31:23,889 [ERROR] LogOutputStream:75 - [STDERR_REDIRECT] 
2025-08-11 22:31:24,883 [ERROR] LogOutputStream:75 - [STDERR_REDIRECT] [Fatal Error] :1:1: Premature end of file.
2025-08-11 22:31:24,883 [ERROR] LogOutputStream:75 - [STDERR_REDIRECT] 
2025-08-11 22:31:25,882 [ERROR] LogOutputStream:75 - [STDERR_REDIRECT] [Fatal Error] :1:1: Premature end of file.
2025-08-11 22:31:25,882 [ERROR] LogOutputStream:75 - [STDERR_REDIRECT] 
2025-08-11 22:31:26,885 [ERROR] LogOutputStream:75 - [STDERR_REDIRECT] [Fatal Error] :1:1: Premature end of file.
2025-08-11 22:31:26,885 [ERROR] LogOutputStream:75 - [STDERR_REDIRECT] 
2025-08-11 22:31:27,882 [ERROR] LogOutputStream:75 - [STDERR_REDIRECT] [Fatal Error] :1:1: Premature end of file.
2025-08-11 22:31:27,882 [ERROR] LogOutputStream:75 - [STDERR_REDIRECT] 
2025-08-11 22:31:28,888 [ERROR] LogOutputStream:75 - [STDERR_REDIRECT] [Fatal Error] :1:1: Premature end of file.
2025-08-11 22:31:28,888 [ERROR] LogOutputStream:75 - [STDERR_REDIRECT] 
2025-08-11 22:31:29,886 [ERROR] LogOutputStream:75 - [STDERR_REDIRECT] [Fatal Error] :1:1: Premature end of file.
2025-08-11 22:31:29,886 [ERROR] LogOutputStream:75 - [STDERR_REDIRECT] 
2025-08-11 22:31:30,894 [ERROR] LogOutputStream:75 - [STDERR_REDIRECT] [Fatal Error] :1:1: Premature end of file.
2025-08-11 22:31:30,895 [ERROR] LogOutputStream:75 - [STDERR_REDIRECT] 
2025-08-11 22:31:31,891 [ERROR] LogOutputStream:75 - [STDERR_REDIRECT] [Fatal Error] :1:1: Premature end of file.
2025-08-11 22:31:31,891 [ERROR] LogOutputStream:75 - [STDERR_REDIRECT] 
2025-08-11 22:31:32,894 [ERROR] LogOutputStream:75 - [STDERR_REDIRECT] [Fatal Error] :1:1: Premature end of file.
2025-08-11 22:31:32,894 [ERROR] LogOutputStream:75 - [STDERR_REDIRECT] 
2025-08-11 22:31:33,890 [ERROR] LogOutputStream:75 - [STDERR_REDIRECT] [Fatal Error] :1:1: Premature end of file.
2025-08-11 22:31:33,890 [ERROR] LogOutputStream:75 - [STDERR_REDIRECT] 
2025-08-11 22:31:34,887 [ERROR] LogOutputStream:75 - [STDERR_REDIRECT] [Fatal Error] :1:1: Premature end of file.
2025-08-11 22:31:34,887 [ERROR] LogOutputStream:75 - [STDERR_REDIRECT] 
2025-08-11 22:31:35,889 [ERROR] LogOutputStream:75 - [STDERR_REDIRECT] [Fatal Error] :1:1: Premature end of file.
2025-08-11 22:31:35,889 [ERROR] LogOutputStream:75 - [STDERR_REDIRECT] 
2025-08-11 22:31:36,891 [ERROR] LogOutputStream:75 - [STDERR_REDIRECT] [Fatal Error] :1:1: Premature end of file.
2025-08-11 22:31:36,892 [ERROR] LogOutputStream:75 - [STDERR_REDIRECT] 
2025-08-11 22:31:37,880 [ERROR] LogOutputStream:75 - [STDERR_REDIRECT] [Fatal Error] :1:1: Premature end of file.
2025-08-11 22:31:37,880 [ERROR] LogOutputStream:75 - [STDERR_REDIRECT] 
2025-08-11 22:31:38,891 [ERROR] LogOutputStream:75 - [STDERR_REDIRECT] [Fatal Error] :1:1: Premature end of file.
2025-08-11 22:31:38,891 [ERROR] LogOutputStream:75 - [STDERR_REDIRECT] 
2025-08-11 22:31:39,947 [ERROR] LogOutputStream:75 - [STDERR_REDIRECT] [Fatal Error] :1:1: Premature end of file.
2025-08-11 22:31:39,947 [ERROR] LogOutputStream:75 - [STDERR_REDIRECT] 
2025-08-11 22:31:40,895 [ERROR] LogOutputStream:75 - [STDERR_REDIRECT] [Fatal Error] :1:1: Premature end of file.
2025-08-11 22:31:40,895 [ERROR] LogOutputStream:75 - [STDERR_REDIRECT] 
2025-08-11 22:31:41,896 [ERROR] LogOutputStream:75 - [STDERR_REDIRECT] [Fatal Error] :1:1: Premature end of file.
2025-08-11 22:31:41,896 [ERROR] LogOutputStream:75 - [STDERR_REDIRECT] 
2025-08-11 22:31:42,893 [ERROR] LogOutputStream:75 - [STDERR_REDIRECT] [Fatal Error] :1:1: Premature end of file.
2025-08-11 22:31:42,893 [ERROR] LogOutputStream:75 - [STDERR_REDIRECT] 
2025-08-11 22:31:43,894 [ERROR] LogOutputStream:75 - [STDERR_REDIRECT] [Fatal Error] :1:1: Premature end of file.
2025-08-11 22:31:43,894 [ERROR] LogOutputStream:75 - [STDERR_REDIRECT] 
2025-08-11 22:31:44,885 [ERROR] LogOutputStream:75 - [STDERR_REDIRECT] [Fatal Error] :1:1: Premature end of file.
2025-08-11 22:31:44,885 [ERROR] LogOutputStream:75 - [STDERR_REDIRECT] 
2025-08-11 22:31:45,892 [ERROR] LogOutputStream:75 - [STDERR_REDIRECT] [Fatal Error] :1:1: Premature end of file.
2025-08-11 22:31:45,892 [ERROR] LogOutputStream:75 - [STDERR_REDIRECT] 
2025-08-11 22:31:46,892 [ERROR] LogOutputStream:75 - [STDERR_REDIRECT] [Fatal Error] :1:1: Premature end of file.
2025-08-11 22:31:46,892 [ERROR] LogOutputStream:75 - [STDERR_REDIRECT] 
2025-08-11 22:31:47,893 [ERROR] LogOutputStream:75 - [STDERR_REDIRECT] [Fatal Error] :1:1: Premature end of file.
2025-08-11 22:31:47,893 [ERROR] LogOutputStream:75 - [STDERR_REDIRECT] 
2025-08-11 22:31:48,888 [ERROR] LogOutputStream:75 - [STDERR_REDIRECT] [Fatal Error] :1:1: Premature end of file.
2025-08-11 22:31:48,888 [ERROR] LogOutputStream:75 - [STDERR_REDIRECT] 
2025-08-11 22:31:49,893 [ERROR] LogOutputStream:75 - [STDERR_REDIRECT] [Fatal Error] :1:1: Premature end of file.
2025-08-11 22:31:49,893 [ERROR] LogOutputStream:75 - [STDERR_REDIRECT] 
2025-08-11 22:31:50,897 [ERROR] LogOutputStream:75 - [STDERR_REDIRECT] [Fatal Error] :1:1: Premature end of file.
2025-08-11 22:31:50,899 [ERROR] LogOutputStream:75 - [STDERR_REDIRECT] 
2025-08-11 22:31:51,895 [ERROR] LogOutputStream:75 - [STDERR_REDIRECT] [Fatal Error] :1:1: Premature end of file.
2025-08-11 22:31:51,895 [ERROR] LogOutputStream:75 - [STDERR_REDIRECT] 
2025-08-11 22:31:52,894 [ERROR] LogOutputStream:75 - [STDERR_REDIRECT] [Fatal Error] :1:1: Premature end of file.
2025-08-11 22:31:52,894 [ERROR] LogOutputStream:75 - [STDERR_REDIRECT] 
2025-08-11 22:31:53,894 [ERROR] LogOutputStream:75 - [STDERR_REDIRECT] [Fatal Error] :1:1: Premature end of file.
2025-08-11 22:31:53,894 [ERROR] LogOutputStream:75 - [STDERR_REDIRECT] 
2025-08-11 22:31:54,893 [ERROR] LogOutputStream:75 - [STDERR_REDIRECT] [Fatal Error] :1:1: Premature end of file.
2025-08-11 22:31:54,893 [ERROR] LogOutputStream:75 - [STDERR_REDIRECT] 
2025-08-11 22:31:55,892 [ERROR] LogOutputStream:75 - [STDERR_REDIRECT] [Fatal Error] :1:1: Premature end of file.
2025-08-11 22:31:55,892 [ERROR] LogOutputStream:75 - [STDERR_REDIRECT] 
2025-08-11 22:31:56,880 [ERROR] LogOutputStream:75 - [STDERR_REDIRECT] [Fatal Error] :1:1: Premature end of file.
2025-08-11 22:31:56,880 [ERROR] LogOutputStream:75 - [STDERR_REDIRECT] 
2025-08-11 22:31:57,892 [ERROR] LogOutputStream:75 - [STDERR_REDIRECT] [Fatal Error] :1:1: Premature end of file.
2025-08-11 22:31:57,892 [ERROR] LogOutputStream:75 - [STDERR_REDIRECT] 
2025-08-11 22:31:58,894 [ERROR] LogOutputStream:75 - [STDERR_REDIRECT] [Fatal Error] :1:1: Premature end of file.
2025-08-11 22:31:58,894 [ERROR] LogOutputStream:75 - [STDERR_REDIRECT] 
2025-08-11 22:31:59,892 [ERROR] LogOutputStream:75 - [STDERR_REDIRECT] [Fatal Error] :1:1: Premature end of file.
2025-08-11 22:31:59,892 [ERROR] LogOutputStream:75 - [STDERR_REDIRECT] 
2025-08-11 22:32:00,896 [ERROR] LogOutputStream:75 - [STDERR_REDIRECT] [Fatal Error] :1:1: Premature end of file.
2025-08-11 22:32:00,896 [ERROR] LogOutputStream:75 - [STDERR_REDIRECT] 
2025-08-11 22:32:01,887 [ERROR] LogOutputStream:75 - [STDERR_REDIRECT] [Fatal Error] :1:1: Premature end of file.
2025-08-11 22:32:01,887 [ERROR] LogOutputStream:75 - [STDERR_REDIRECT] 
2025-08-11 22:32:02,891 [ERROR] LogOutputStream:75 - [STDERR_REDIRECT] [Fatal Error] :1:1: Premature end of file.
2025-08-11 22:32:02,891 [ERROR] LogOutputStream:75 - [STDERR_REDIRECT] 
2025-08-11 22:32:03,891 [ERROR] LogOutputStream:75 - [STDERR_REDIRECT] [Fatal Error] :1:1: Premature end of file.
2025-08-11 22:32:03,891 [ERROR] LogOutputStream:75 - [STDERR_REDIRECT] 
2025-08-11 22:32:04,881 [ERROR] LogOutputStream:75 - [STDERR_REDIRECT] [Fatal Error] :1:1: Premature end of file.
2025-08-11 22:32:04,882 [ERROR] LogOutputStream:75 - [STDERR_REDIRECT] 
2025-08-11 22:32:05,892 [ERROR] LogOutputStream:75 - [STDERR_REDIRECT] [Fatal Error] :1:1: Premature end of file.
2025-08-11 22:32:05,892 [ERROR] LogOutputStream:75 - [STDERR_REDIRECT] 
2025-08-11 22:32:06,894 [ERROR] LogOutputStream:75 - [STDERR_REDIRECT] [Fatal Error] :1:1: Premature end of file.
2025-08-11 22:32:06,894 [ERROR] LogOutputStream:75 - [STDERR_REDIRECT] 
2025-08-11 22:32:07,877 [ERROR] LogOutputStream:75 - [STDERR_REDIRECT] [Fatal Error] :1:1: Premature end of file.
2025-08-11 22:32:07,877 [ERROR] LogOutputStream:75 - [STDERR_REDIRECT] 
2025-08-11 22:32:08,880 [ERROR] LogOutputStream:75 - [STDERR_REDIRECT] [Fatal Error] :1:1: Premature end of file.
2025-08-11 22:32:08,880 [ERROR] LogOutputStream:75 - [STDERR_REDIRECT] 
2025-08-11 22:32:09,885 [ERROR] LogOutputStream:75 - [STDERR_REDIRECT] [Fatal Error] :1:1: Premature end of file.
2025-08-11 22:32:09,885 [ERROR] LogOutputStream:75 - [STDERR_REDIRECT] 
2025-08-11 22:32:10,897 [ERROR] LogOutputStream:75 - [STDERR_REDIRECT] [Fatal Error] :1:1: Premature end of file.
2025-08-11 22:32:10,897 [ERROR] LogOutputStream:75 - [STDERR_REDIRECT] 
2025-08-11 22:32:11,893 [ERROR] LogOutputStream:75 - [STDERR_REDIRECT] [Fatal Error] :1:1: Premature end of file.
2025-08-11 22:32:11,893 [ERROR] LogOutputStream:75 - [STDERR_REDIRECT] 
2025-08-11 22:32:12,890 [ERROR] LogOutputStream:75 - [STDERR_REDIRECT] [Fatal Error] :1:1: Premature end of file.
2025-08-11 22:32:12,890 [ERROR] LogOutputStream:75 - [STDERR_REDIRECT] 
2025-08-11 22:32:13,879 [ERROR] LogOutputStream:75 - [STDERR_REDIRECT] [Fatal Error] :1:1: Premature end of file.
2025-08-11 22:32:13,879 [ERROR] LogOutputStream:75 - [STDERR_REDIRECT] 
2025-08-11 22:32:14,880 [ERROR] LogOutputStream:75 - [STDERR_REDIRECT] [Fatal Error] :1:1: Premature end of file.
2025-08-11 22:32:14,880 [ERROR] LogOutputStream:75 - [STDERR_REDIRECT] 
2025-08-11 22:32:15,878 [ERROR] LogOutputStream:75 - [STDERR_REDIRECT] [Fatal Error] :1:1: Premature end of file.
2025-08-11 22:32:15,878 [ERROR] LogOutputStream:75 - [STDERR_REDIRECT] 
2025-08-11 22:32:16,884 [ERROR] LogOutputStream:75 - [STDERR_REDIRECT] [Fatal Error] :1:1: Premature end of file.
2025-08-11 22:32:16,886 [ERROR] LogOutputStream:75 - [STDERR_REDIRECT] 
2025-08-11 22:32:17,878 [ERROR] LogOutputStream:75 - [STDERR_REDIRECT] [Fatal Error] :1:1: Premature end of file.
2025-08-11 22:32:17,879 [ERROR] LogOutputStream:75 - [STDERR_REDIRECT] 
2025-08-11 22:32:18,891 [ERROR] LogOutputStream:75 - [STDERR_REDIRECT] [Fatal Error] :1:1: Premature end of file.
2025-08-11 22:32:18,891 [ERROR] LogOutputStream:75 - [STDERR_REDIRECT] 
2025-08-11 22:32:19,891 [ERROR] LogOutputStream:75 - [STDERR_REDIRECT] [Fatal Error] :1:1: Premature end of file.
2025-08-11 22:32:19,892 [ERROR] LogOutputStream:75 - [STDERR_REDIRECT] 
2025-08-11 22:32:20,893 [ERROR] LogOutputStream:75 - [STDERR_REDIRECT] [Fatal Error] :1:1: Premature end of file.
2025-08-11 22:32:20,893 [ERROR] LogOutputStream:75 - [STDERR_REDIRECT] 
2025-08-11 22:32:21,891 [ERROR] LogOutputStream:75 - [STDERR_REDIRECT] [Fatal Error] :1:1: Premature end of file.
2025-08-11 22:32:21,891 [ERROR] LogOutputStream:75 - [STDERR_REDIRECT] 
2025-08-11 22:32:22,889 [ERROR] LogOutputStream:75 - [STDERR_REDIRECT] [Fatal Error] :1:1: Premature end of file.
2025-08-11 22:32:22,889 [ERROR] LogOutputStream:75 - [STDERR_REDIRECT] 
2025-08-11 22:32:23,892 [ERROR] LogOutputStream:75 - [STDERR_REDIRECT] [Fatal Error] :1:1: Premature end of file.
2025-08-11 22:32:23,892 [ERROR] LogOutputStream:75 - [STDERR_REDIRECT] 
2025-08-11 22:32:24,893 [ERROR] LogOutputStream:75 - [STDERR_REDIRECT] [Fatal Error] :1:1: Premature end of file.
2025-08-11 22:32:24,893 [ERROR] LogOutputStream:75 - [STDERR_REDIRECT] 
2025-08-11 22:32:25,885 [ERROR] LogOutputStream:75 - [STDERR_REDIRECT] [Fatal Error] :1:1: Premature end of file.
2025-08-11 22:32:25,886 [ERROR] LogOutputStream:75 - [STDERR_REDIRECT] 
2025-08-11 22:32:26,891 [ERROR] LogOutputStream:75 - [STDERR_REDIRECT] [Fatal Error] :1:1: Premature end of file.
2025-08-11 22:32:26,891 [ERROR] LogOutputStream:75 - [STDERR_REDIRECT] 
2025-08-11 22:32:27,888 [ERROR] LogOutputStream:75 - [STDERR_REDIRECT] [Fatal Error] :1:1: Premature end of file.
2025-08-11 22:32:27,888 [ERROR] LogOutputStream:75 - [STDERR_REDIRECT] 
2025-08-11 22:32:28,891 [ERROR] LogOutputStream:75 - [STDERR_REDIRECT] [Fatal Error] :1:1: Premature end of file.
2025-08-11 22:32:28,891 [ERROR] LogOutputStream:75 - [STDERR_REDIRECT] 
2025-08-11 22:32:29,889 [ERROR] LogOutputStream:75 - [STDERR_REDIRECT] [Fatal Error] :1:1: Premature end of file.
2025-08-11 22:32:29,889 [ERROR] LogOutputStream:75 - [STDERR_REDIRECT] 
2025-08-11 22:32:30,892 [ERROR] LogOutputStream:75 - [STDERR_REDIRECT] [Fatal Error] :1:1: Premature end of file.
2025-08-11 22:32:30,892 [ERROR] LogOutputStream:75 - [STDERR_REDIRECT] 
2025-08-11 22:32:31,888 [ERROR] LogOutputStream:75 - [STDERR_REDIRECT] [Fatal Error] :1:1: Premature end of file.
2025-08-11 22:32:31,888 [ERROR] LogOutputStream:75 - [STDERR_REDIRECT] 
2025-08-11 22:32:32,892 [ERROR] LogOutputStream:75 - [STDERR_REDIRECT] [Fatal Error] :1:1: Premature end of file.
2025-08-11 22:32:32,892 [ERROR] LogOutputStream:75 - [STDERR_REDIRECT] 
2025-08-11 22:32:33,881 [ERROR] LogOutputStream:75 - [STDERR_REDIRECT] [Fatal Error] :1:1: Premature end of file.
2025-08-11 22:32:33,881 [ERROR] LogOutputStream:75 - [STDERR_REDIRECT] 
2025-08-11 22:32:34,890 [ERROR] LogOutputStream:75 - [STDERR_REDIRECT] [Fatal Error] :1:1: Premature end of file.
2025-08-11 22:32:34,890 [ERROR] LogOutputStream:75 - [STDERR_REDIRECT] 
2025-08-11 22:32:35,894 [ERROR] LogOutputStream:75 - [STDERR_REDIRECT] [Fatal Error] :1:1: Premature end of file.
2025-08-11 22:32:35,894 [ERROR] LogOutputStream:75 - [STDERR_REDIRECT] 
2025-08-11 22:32:36,892 [ERROR] LogOutputStream:75 - [STDERR_REDIRECT] [Fatal Error] :1:1: Premature end of file.
2025-08-11 22:32:36,894 [ERROR] LogOutputStream:75 - [STDERR_REDIRECT] 
2025-08-11 22:32:37,894 [ERROR] LogOutputStream:75 - [STDERR_REDIRECT] [Fatal Error] :1:1: Premature end of file.
2025-08-11 22:32:37,894 [ERROR] LogOutputStream:75 - [STDERR_REDIRECT] 
2025-08-11 22:32:38,893 [ERROR] LogOutputStream:75 - [STDERR_REDIRECT] [Fatal Error] :1:1: Premature end of file.
2025-08-11 22:32:38,894 [ERROR] LogOutputStream:75 - [STDERR_REDIRECT] 
2025-08-11 22:32:39,885 [ERROR] LogOutputStream:75 - [STDERR_REDIRECT] [Fatal Error] :1:1: Premature end of file.
2025-08-11 22:32:39,885 [ERROR] LogOutputStream:75 - [STDERR_REDIRECT] 
2025-08-11 22:32:40,894 [ERROR] LogOutputStream:75 - [STDERR_REDIRECT] [Fatal Error] :1:1: Premature end of file.
2025-08-11 22:32:40,894 [ERROR] LogOutputStream:75 - [STDERR_REDIRECT] 
2025-08-11 22:32:41,879 [ERROR] LogOutputStream:75 - [STDERR_REDIRECT] [Fatal Error] :1:1: Premature end of file.
2025-08-11 22:32:41,879 [ERROR] LogOutputStream:75 - [STDERR_REDIRECT] 
2025-08-11 22:32:42,891 [ERROR] LogOutputStream:75 - [STDERR_REDIRECT] [Fatal Error] :1:1: Premature end of file.
2025-08-11 22:32:42,891 [ERROR] LogOutputStream:75 - [STDERR_REDIRECT] 
2025-08-11 22:32:43,894 [ERROR] LogOutputStream:75 - [STDERR_REDIRECT] [Fatal Error] :1:1: Premature end of file.
2025-08-11 22:32:43,894 [ERROR] LogOutputStream:75 - [STDERR_REDIRECT] 
2025-08-11 22:32:44,892 [ERROR] LogOutputStream:75 - [STDERR_REDIRECT] [Fatal Error] :1:1: Premature end of file.
2025-08-11 22:32:44,892 [ERROR] LogOutputStream:75 - [STDERR_REDIRECT] 
2025-08-11 22:32:45,878 [ERROR] LogOutputStream:75 - [STDERR_REDIRECT] [Fatal Error] :1:1: Premature end of file.
2025-08-11 22:32:45,878 [ERROR] LogOutputStream:75 - [STDERR_REDIRECT] 
2025-08-11 22:32:46,893 [ERROR] LogOutputStream:75 - [STDERR_REDIRECT] [Fatal Error] :1:1: Premature end of file.
2025-08-11 22:32:46,893 [ERROR] LogOutputStream:75 - [STDERR_REDIRECT] 
2025-08-11 22:32:47,878 [ERROR] LogOutputStream:75 - [STDERR_REDIRECT] [Fatal Error] :1:1: Premature end of file.
2025-08-11 22:32:47,878 [ERROR] LogOutputStream:75 - [STDERR_REDIRECT] 
2025-08-11 22:32:48,891 [ERROR] LogOutputStream:75 - [STDERR_REDIRECT] [Fatal Error] :1:1: Premature end of file.
2025-08-11 22:32:48,891 [ERROR] LogOutputStream:75 - [STDERR_REDIRECT] 
2025-08-11 22:32:49,880 [ERROR] LogOutputStream:75 - [STDERR_REDIRECT] [Fatal Error] :1:1: Premature end of file.
2025-08-11 22:32:49,880 [ERROR] LogOutputStream:75 - [STDERR_REDIRECT] 
2025-08-11 22:32:50,892 [ERROR] LogOutputStream:75 - [STDERR_REDIRECT] [Fatal Error] :1:1: Premature end of file.
2025-08-11 22:32:50,892 [ERROR] LogOutputStream:75 - [STDERR_REDIRECT] 
2025-08-11 22:32:51,888 [ERROR] LogOutputStream:75 - [STDERR_REDIRECT] [Fatal Error] :1:1: Premature end of file.
2025-08-11 22:32:51,888 [ERROR] LogOutputStream:75 - [STDERR_REDIRECT] 
2025-08-11 22:32:52,893 [ERROR] LogOutputStream:75 - [STDERR_REDIRECT] [Fatal Error] :1:1: Premature end of file.
2025-08-11 22:32:52,893 [ERROR] LogOutputStream:75 - [STDERR_REDIRECT] 
2025-08-11 22:32:53,889 [ERROR] LogOutputStream:75 - [STDERR_REDIRECT] [Fatal Error] :1:1: Premature end of file.
2025-08-11 22:32:53,889 [ERROR] LogOutputStream:75 - [STDERR_REDIRECT] 
2025-08-11 22:32:54,894 [ERROR] LogOutputStream:75 - [STDERR_REDIRECT] [Fatal Error] :1:1: Premature end of file.
2025-08-11 22:32:54,894 [ERROR] LogOutputStream:75 - [STDERR_REDIRECT] 
2025-08-11 22:32:55,891 [ERROR] LogOutputStream:75 - [STDERR_REDIRECT] [Fatal Error] :1:1: Premature end of file.
2025-08-11 22:32:55,891 [ERROR] LogOutputStream:75 - [STDERR_REDIRECT] 
2025-08-11 22:32:56,891 [ERROR] LogOutputStream:75 - [STDERR_REDIRECT] [Fatal Error] :1:1: Premature end of file.
2025-08-11 22:32:56,891 [ERROR] LogOutputStream:75 - [STDERR_REDIRECT] 
2025-08-11 22:32:57,888 [ERROR] LogOutputStream:75 - [STDERR_REDIRECT] [Fatal Error] :1:1: Premature end of file.
2025-08-11 22:32:57,888 [ERROR] LogOutputStream:75 - [STDERR_REDIRECT] 
2025-08-11 22:32:58,879 [ERROR] LogOutputStream:75 - [STDERR_REDIRECT] [Fatal Error] :1:1: Premature end of file.
2025-08-11 22:32:58,879 [ERROR] LogOutputStream:75 - [STDERR_REDIRECT] 
2025-08-11 22:32:59,895 [ERROR] LogOutputStream:75 - [STDERR_REDIRECT] [Fatal Error] :1:1: Premature end of file.
2025-08-11 22:32:59,895 [ERROR] LogOutputStream:75 - [STDERR_REDIRECT] 
2025-08-11 22:33:00,886 [ERROR] LogOutputStream:75 - [STDERR_REDIRECT] [Fatal Error] :1:1: Premature end of file.
2025-08-11 22:33:00,886 [ERROR] LogOutputStream:75 - [STDERR_REDIRECT] 
2025-08-11 22:33:01,892 [ERROR] LogOutputStream:75 - [STDERR_REDIRECT] [Fatal Error] :1:1: Premature end of file.
2025-08-11 22:33:01,892 [ERROR] LogOutputStream:75 - [STDERR_REDIRECT] 
2025-08-11 22:33:02,892 [ERROR] LogOutputStream:75 - [STDERR_REDIRECT] [Fatal Error] :1:1: Premature end of file.
2025-08-11 22:33:02,892 [ERROR] LogOutputStream:75 - [STDERR_REDIRECT] 
2025-08-11 22:33:03,893 [ERROR] LogOutputStream:75 - [STDERR_REDIRECT] [Fatal Error] :1:1: Premature end of file.
2025-08-11 22:33:03,893 [ERROR] LogOutputStream:75 - [STDERR_REDIRECT] 
2025-08-11 22:33:04,898 [ERROR] LogOutputStream:75 - [STDERR_REDIRECT] [Fatal Error] :1:1: Premature end of file.
2025-08-11 22:33:04,899 [ERROR] LogOutputStream:75 - [STDERR_REDIRECT] 
2025-08-11 22:33:05,898 [ERROR] LogOutputStream:75 - [STDERR_REDIRECT] [Fatal Error] :1:1: Premature end of file.
2025-08-11 22:33:05,904 [ERROR] LogOutputStream:75 - [STDERR_REDIRECT] 
2025-08-11 22:33:06,889 [ERROR] LogOutputStream:75 - [STDERR_REDIRECT] [Fatal Error] :1:1: Premature end of file.
2025-08-11 22:33:06,889 [ERROR] LogOutputStream:75 - [STDERR_REDIRECT] 
2025-08-11 22:33:07,891 [ERROR] LogOutputStream:75 - [STDERR_REDIRECT] [Fatal Error] :1:1: Premature end of file.
2025-08-11 22:33:07,891 [ERROR] LogOutputStream:75 - [STDERR_REDIRECT] 
2025-08-11 22:33:08,893 [ERROR] LogOutputStream:75 - [STDERR_REDIRECT] [Fatal Error] :1:1: Premature end of file.
2025-08-11 22:33:08,893 [ERROR] LogOutputStream:75 - [STDERR_REDIRECT] 
2025-08-11 22:33:09,895 [ERROR] LogOutputStream:75 - [STDERR_REDIRECT] [Fatal Error] :1:1: Premature end of file.
2025-08-11 22:33:09,895 [ERROR] LogOutputStream:75 - [STDERR_REDIRECT] 
2025-08-11 22:33:10,893 [ERROR] LogOutputStream:75 - [STDERR_REDIRECT] [Fatal Error] :1:1: Premature end of file.
2025-08-11 22:33:10,893 [ERROR] LogOutputStream:75 - [STDERR_REDIRECT] 
2025-08-11 22:33:11,897 [ERROR] LogOutputStream:75 - [STDERR_REDIRECT] [Fatal Error] :1:1: Premature end of file.
2025-08-11 22:33:11,897 [ERROR] LogOutputStream:75 - [STDERR_REDIRECT] 
2025-08-11 22:33:12,895 [ERROR] LogOutputStream:75 - [STDERR_REDIRECT] [Fatal Error] :1:1: Premature end of file.
2025-08-11 22:33:12,895 [ERROR] LogOutputStream:75 - [STDERR_REDIRECT] 
2025-08-11 22:33:13,896 [ERROR] LogOutputStream:75 - [STDERR_REDIRECT] [Fatal Error] :1:1: Premature end of file.
2025-08-11 22:33:13,896 [ERROR] LogOutputStream:75 - [STDERR_REDIRECT] 
2025-08-11 22:33:14,894 [ERROR] LogOutputStream:75 - [STDERR_REDIRECT] [Fatal Error] :1:1: Premature end of file.
2025-08-11 22:33:14,894 [ERROR] LogOutputStream:75 - [STDERR_REDIRECT] 
2025-08-11 22:33:15,894 [ERROR] LogOutputStream:75 - [STDERR_REDIRECT] [Fatal Error] :1:1: Premature end of file.
2025-08-11 22:33:15,894 [ERROR] LogOutputStream:75 - [STDERR_REDIRECT] 
2025-08-11 22:33:16,894 [ERROR] LogOutputStream:75 - [STDERR_REDIRECT] [Fatal Error] :1:1: Premature end of file.
2025-08-11 22:33:16,894 [ERROR] LogOutputStream:75 - [STDERR_REDIRECT] 
2025-08-11 22:33:17,881 [ERROR] LogOutputStream:75 - [STDERR_REDIRECT] [Fatal Error] :1:1: Premature end of file.
2025-08-11 22:33:17,881 [ERROR] LogOutputStream:75 - [STDERR_REDIRECT] 
2025-08-11 22:33:18,880 [ERROR] LogOutputStream:75 - [STDERR_REDIRECT] [Fatal Error] :1:1: Premature end of file.
2025-08-11 22:33:18,880 [ERROR] LogOutputStream:75 - [STDERR_REDIRECT] 
2025-08-11 22:33:19,879 [ERROR] LogOutputStream:75 - [STDERR_REDIRECT] [Fatal Error] :1:1: Premature end of file.
2025-08-11 22:33:19,879 [ERROR] LogOutputStream:75 - [STDERR_REDIRECT] 
2025-08-11 22:33:20,879 [ERROR] LogOutputStream:75 - [STDERR_REDIRECT] [Fatal Error] :1:1: Premature end of file.
2025-08-11 22:33:20,879 [ERROR] LogOutputStream:75 - [STDERR_REDIRECT] 
2025-08-11 22:33:21,901 [ERROR] LogOutputStream:75 - [STDERR_REDIRECT] [Fatal Error] :1:1: Premature end of file.
2025-08-11 22:33:21,901 [ERROR] LogOutputStream:75 - [STDERR_REDIRECT] 
2025-08-11 22:33:22,880 [ERROR] LogOutputStream:75 - [STDERR_REDIRECT] [Fatal Error] :1:1: Premature end of file.
2025-08-11 22:33:22,880 [ERROR] LogOutputStream:75 - [STDERR_REDIRECT] 
2025-08-11 22:33:23,879 [ERROR] LogOutputStream:75 - [STDERR_REDIRECT] [Fatal Error] :1:1: Premature end of file.
2025-08-11 22:33:23,879 [ERROR] LogOutputStream:75 - [STDERR_REDIRECT] 
2025-08-11 22:33:24,889 [ERROR] LogOutputStream:75 - [STDERR_REDIRECT] [Fatal Error] :1:1: Premature end of file.
2025-08-11 22:33:24,889 [ERROR] LogOutputStream:75 - [STDERR_REDIRECT] 
2025-08-11 22:33:25,891 [ERROR] LogOutputStream:75 - [STDERR_REDIRECT] [Fatal Error] :1:1: Premature end of file.
2025-08-11 22:33:25,891 [ERROR] LogOutputStream:75 - [STDERR_REDIRECT] 
2025-08-11 22:33:26,893 [ERROR] LogOutputStream:75 - [STDERR_REDIRECT] [Fatal Error] :1:1: Premature end of file.
2025-08-11 22:33:26,893 [ERROR] LogOutputStream:75 - [STDERR_REDIRECT] 
2025-08-11 22:33:27,886 [ERROR] LogOutputStream:75 - [STDERR_REDIRECT] [Fatal Error] :1:1: Premature end of file.
2025-08-11 22:33:27,886 [ERROR] LogOutputStream:75 - [STDERR_REDIRECT] 
2025-08-11 22:33:28,892 [ERROR] LogOutputStream:75 - [STDERR_REDIRECT] [Fatal Error] :1:1: Premature end of file.
2025-08-11 22:33:28,892 [ERROR] LogOutputStream:75 - [STDERR_REDIRECT] 
2025-08-11 22:33:29,884 [ERROR] LogOutputStream:75 - [STDERR_REDIRECT] [Fatal Error] :1:1: Premature end of file.
2025-08-11 22:33:29,884 [ERROR] LogOutputStream:75 - [STDERR_REDIRECT] 
2025-08-11 22:33:30,888 [ERROR] LogOutputStream:75 - [STDERR_REDIRECT] [Fatal Error] :1:1: Premature end of file.
2025-08-11 22:33:30,889 [ERROR] LogOutputStream:75 - [STDERR_REDIRECT] 
2025-08-11 22:33:31,894 [ERROR] LogOutputStream:75 - [STDERR_REDIRECT] [Fatal Error] :1:1: Premature end of file.
2025-08-11 22:33:31,894 [ERROR] LogOutputStream:75 - [STDERR_REDIRECT] 
2025-08-11 22:33:32,879 [ERROR] LogOutputStream:75 - [STDERR_REDIRECT] [Fatal Error] :1:1: Premature end of file.
2025-08-11 22:33:32,879 [ERROR] LogOutputStream:75 - [STDERR_REDIRECT] 
2025-08-11 22:33:33,908 [ERROR] LogOutputStream:75 - [STDERR_REDIRECT] [Fatal Error] :1:1: Premature end of file.
2025-08-11 22:33:33,908 [ERROR] LogOutputStream:75 - [STDERR_REDIRECT] 
2025-08-11 22:33:34,892 [ERROR] LogOutputStream:75 - [STDERR_REDIRECT] [Fatal Error] :1:1: Premature end of file.
2025-08-11 22:33:34,892 [ERROR] LogOutputStream:75 - [STDERR_REDIRECT] 
2025-08-11 22:33:35,899 [ERROR] LogOutputStream:75 - [STDERR_REDIRECT] [Fatal Error] :1:1: Premature end of file.
2025-08-11 22:33:35,900 [ERROR] LogOutputStream:75 - [STDERR_REDIRECT] 
2025-08-11 22:33:36,893 [ERROR] LogOutputStream:75 - [STDERR_REDIRECT] [Fatal Error] :1:1: Premature end of file.
2025-08-11 22:33:36,894 [ERROR] LogOutputStream:75 - [STDERR_REDIRECT] 
2025-08-11 22:33:37,884 [ERROR] LogOutputStream:75 - [STDERR_REDIRECT] [Fatal Error] :1:1: Premature end of file.
2025-08-11 22:33:37,884 [ERROR] LogOutputStream:75 - [STDERR_REDIRECT] 
2025-08-11 22:33:38,888 [ERROR] LogOutputStream:75 - [STDERR_REDIRECT] [Fatal Error] :1:1: Premature end of file.
2025-08-11 22:33:38,888 [ERROR] LogOutputStream:75 - [STDERR_REDIRECT] 
2025-08-11 22:33:39,896 [ERROR] LogOutputStream:75 - [STDERR_REDIRECT] [Fatal Error] :1:1: Premature end of file.
2025-08-11 22:33:39,896 [ERROR] LogOutputStream:75 - [STDERR_REDIRECT] 
2025-08-11 22:33:40,896 [ERROR] LogOutputStream:75 - [STDERR_REDIRECT] [Fatal Error] :1:1: Premature end of file.
2025-08-11 22:33:40,896 [ERROR] LogOutputStream:75 - [STDERR_REDIRECT] 
2025-08-11 22:33:41,877 [ERROR] LogOutputStream:75 - [STDERR_REDIRECT] [Fatal Error] :1:1: Premature end of file.
2025-08-11 22:33:41,877 [ERROR] LogOutputStream:75 - [STDERR_REDIRECT] 
2025-08-11 22:33:42,881 [ERROR] LogOutputStream:75 - [STDERR_REDIRECT] [Fatal Error] :1:1: Premature end of file.
2025-08-11 22:33:42,881 [ERROR] LogOutputStream:75 - [STDERR_REDIRECT] 
2025-08-11 22:33:43,892 [ERROR] LogOutputStream:75 - [STDERR_REDIRECT] [Fatal Error] :1:1: Premature end of file.
2025-08-11 22:33:43,892 [ERROR] LogOutputStream:75 - [STDERR_REDIRECT] 
2025-08-11 22:33:44,891 [ERROR] LogOutputStream:75 - [STDERR_REDIRECT] [Fatal Error] :1:1: Premature end of file.
2025-08-11 22:33:44,891 [ERROR] LogOutputStream:75 - [STDERR_REDIRECT] 
2025-08-11 22:33:45,894 [ERROR] LogOutputStream:75 - [STDERR_REDIRECT] [Fatal Error] :1:1: Premature end of file.
2025-08-11 22:33:45,894 [ERROR] LogOutputStream:75 - [STDERR_REDIRECT] 
2025-08-11 22:33:46,880 [ERROR] LogOutputStream:75 - [STDERR_REDIRECT] [Fatal Error] :1:1: Premature end of file.
2025-08-11 22:33:46,880 [ERROR] LogOutputStream:75 - [STDERR_REDIRECT] 
2025-08-11 22:33:47,891 [ERROR] LogOutputStream:75 - [STDERR_REDIRECT] [Fatal Error] :1:1: Premature end of file.
2025-08-11 22:33:47,891 [ERROR] LogOutputStream:75 - [STDERR_REDIRECT] 
2025-08-11 22:33:48,881 [ERROR] LogOutputStream:75 - [STDERR_REDIRECT] [Fatal Error] :1:1: Premature end of file.
2025-08-11 22:33:48,881 [ERROR] LogOutputStream:75 - [STDERR_REDIRECT] 
2025-08-11 22:33:49,887 [ERROR] LogOutputStream:75 - [STDERR_REDIRECT] [Fatal Error] :1:1: Premature end of file.
2025-08-11 22:33:49,887 [ERROR] LogOutputStream:75 - [STDERR_REDIRECT] 
2025-08-11 22:33:50,889 [ERROR] LogOutputStream:75 - [STDERR_REDIRECT] [Fatal Error] :1:1: Premature end of file.
2025-08-11 22:33:50,898 [ERROR] LogOutputStream:75 - [STDERR_REDIRECT] 
2025-08-11 22:33:51,893 [ERROR] LogOutputStream:75 - [STDERR_REDIRECT] [Fatal Error] :1:1: Premature end of file.
2025-08-11 22:33:51,893 [ERROR] LogOutputStream:75 - [STDERR_REDIRECT] 
2025-08-11 22:33:52,889 [ERROR] LogOutputStream:75 - [STDERR_REDIRECT] [Fatal Error] :1:1: Premature end of file.
2025-08-11 22:33:52,889 [ERROR] LogOutputStream:75 - [STDERR_REDIRECT] 
2025-08-11 22:33:53,893 [ERROR] LogOutputStream:75 - [STDERR_REDIRECT] [Fatal Error] :1:1: Premature end of file.
2025-08-11 22:33:53,893 [ERROR] LogOutputStream:75 - [STDERR_REDIRECT] 
2025-08-11 22:33:54,893 [ERROR] LogOutputStream:75 - [STDERR_REDIRECT] [Fatal Error] :1:1: Premature end of file.
2025-08-11 22:33:54,893 [ERROR] LogOutputStream:75 - [STDERR_REDIRECT] 
2025-08-11 22:33:55,879 [ERROR] LogOutputStream:75 - [STDERR_REDIRECT] [Fatal Error] :1:1: Premature end of file.
2025-08-11 22:33:55,879 [ERROR] LogOutputStream:75 - [STDERR_REDIRECT] 
2025-08-11 22:33:56,889 [ERROR] LogOutputStream:75 - [STDERR_REDIRECT] [Fatal Error] :1:1: Premature end of file.
2025-08-11 22:33:56,889 [ERROR] LogOutputStream:75 - [STDERR_REDIRECT] 
2025-08-11 22:33:57,894 [ERROR] LogOutputStream:75 - [STDERR_REDIRECT] [Fatal Error] :1:1: Premature end of file.
2025-08-11 22:33:57,894 [ERROR] LogOutputStream:75 - [STDERR_REDIRECT] 
2025-08-11 22:33:58,893 [ERROR] LogOutputStream:75 - [STDERR_REDIRECT] [Fatal Error] :1:1: Premature end of file.
2025-08-11 22:33:58,894 [ERROR] LogOutputStream:75 - [STDERR_REDIRECT] 
2025-08-11 22:33:59,896 [ERROR] LogOutputStream:75 - [STDERR_REDIRECT] [Fatal Error] :1:1: Premature end of file.
2025-08-11 22:33:59,897 [ERROR] LogOutputStream:75 - [STDERR_REDIRECT] 
2025-08-11 22:34:00,895 [ERROR] LogOutputStream:75 - [STDERR_REDIRECT] [Fatal Error] :1:1: Premature end of file.
2025-08-11 22:34:00,896 [ERROR] LogOutputStream:75 - [STDERR_REDIRECT] 
2025-08-11 22:34:01,897 [ERROR] LogOutputStream:75 - [STDERR_REDIRECT] [Fatal Error] :1:1: Premature end of file.
2025-08-11 22:34:01,897 [ERROR] LogOutputStream:75 - [STDERR_REDIRECT] 
2025-08-11 22:34:02,899 [ERROR] LogOutputStream:75 - [STDERR_REDIRECT] [Fatal Error] :1:1: Premature end of file.
2025-08-11 22:34:02,899 [ERROR] LogOutputStream:75 - [STDERR_REDIRECT] 
2025-08-11 22:34:03,891 [ERROR] LogOutputStream:75 - [STDERR_REDIRECT] [Fatal Error] :1:1: Premature end of file.
2025-08-11 22:34:03,891 [ERROR] LogOutputStream:75 - [STDERR_REDIRECT] 
2025-08-11 22:34:04,894 [ERROR] LogOutputStream:75 - [STDERR_REDIRECT] [Fatal Error] :1:1: Premature end of file.
2025-08-11 22:34:04,895 [ERROR] LogOutputStream:75 - [STDERR_REDIRECT] 
2025-08-11 22:34:05,893 [ERROR] LogOutputStream:75 - [STDERR_REDIRECT] [Fatal Error] :1:1: Premature end of file.
2025-08-11 22:34:05,893 [ERROR] LogOutputStream:75 - [STDERR_REDIRECT] 
2025-08-11 22:34:06,878 [ERROR] LogOutputStream:75 - [STDERR_REDIRECT] [Fatal Error] :1:1: Premature end of file.
2025-08-11 22:34:06,878 [ERROR] LogOutputStream:75 - [STDERR_REDIRECT] 
2025-08-11 22:34:07,894 [ERROR] LogOutputStream:75 - [STDERR_REDIRECT] [Fatal Error] :1:1: Premature end of file.
2025-08-11 22:34:07,894 [ERROR] LogOutputStream:75 - [STDERR_REDIRECT] 
2025-08-11 22:34:08,894 [ERROR] LogOutputStream:75 - [STDERR_REDIRECT] [Fatal Error] :1:1: Premature end of file.
2025-08-11 22:34:08,894 [ERROR] LogOutputStream:75 - [STDERR_REDIRECT] 
2025-08-11 22:34:09,888 [ERROR] LogOutputStream:75 - [STDERR_REDIRECT] [Fatal Error] :1:1: Premature end of file.
2025-08-11 22:34:09,888 [ERROR] LogOutputStream:75 - [STDERR_REDIRECT] 
2025-08-11 22:34:10,894 [ERROR] LogOutputStream:75 - [STDERR_REDIRECT] [Fatal Error] :1:1: Premature end of file.
2025-08-11 22:34:10,895 [ERROR] LogOutputStream:75 - [STDERR_REDIRECT] 
2025-08-11 22:34:11,897 [ERROR] LogOutputStream:75 - [STDERR_REDIRECT] [Fatal Error] :1:1: Premature end of file.
2025-08-11 22:34:11,897 [ERROR] LogOutputStream:75 - [STDERR_REDIRECT] 
2025-08-11 22:34:12,893 [ERROR] LogOutputStream:75 - [STDERR_REDIRECT] [Fatal Error] :1:1: Premature end of file.
2025-08-11 22:34:12,893 [ERROR] LogOutputStream:75 - [STDERR_REDIRECT] 
2025-08-11 22:34:13,881 [ERROR] LogOutputStream:75 - [STDERR_REDIRECT] [Fatal Error] :1:1: Premature end of file.
2025-08-11 22:34:13,881 [ERROR] LogOutputStream:75 - [STDERR_REDIRECT] 
2025-08-11 22:34:14,894 [ERROR] LogOutputStream:75 - [STDERR_REDIRECT] [Fatal Error] :1:1: Premature end of file.
2025-08-11 22:34:14,895 [ERROR] LogOutputStream:75 - [STDERR_REDIRECT] 
2025-08-11 22:34:15,879 [ERROR] LogOutputStream:75 - [STDERR_REDIRECT] [Fatal Error] :1:1: Premature end of file.
2025-08-11 22:34:15,879 [ERROR] LogOutputStream:75 - [STDERR_REDIRECT] 
2025-08-11 22:34:16,896 [ERROR] LogOutputStream:75 - [STDERR_REDIRECT] [Fatal Error] :1:1: Premature end of file.
2025-08-11 22:34:16,896 [ERROR] LogOutputStream:75 - [STDERR_REDIRECT] 
2025-08-11 22:34:17,893 [ERROR] LogOutputStream:75 - [STDERR_REDIRECT] [Fatal Error] :1:1: Premature end of file.
2025-08-11 22:34:17,893 [ERROR] LogOutputStream:75 - [STDERR_REDIRECT] 
2025-08-11 22:34:18,898 [ERROR] LogOutputStream:75 - [STDERR_REDIRECT] [Fatal Error] :1:1: Premature end of file.
2025-08-11 22:34:18,898 [ERROR] LogOutputStream:75 - [STDERR_REDIRECT] 
2025-08-11 22:34:19,897 [ERROR] LogOutputStream:75 - [STDERR_REDIRECT] [Fatal Error] :1:1: Premature end of file.
2025-08-11 22:34:19,897 [ERROR] LogOutputStream:75 - [STDERR_REDIRECT] 
2025-08-11 22:34:20,892 [ERROR] LogOutputStream:75 - [STDERR_REDIRECT] [Fatal Error] :1:1: Premature end of file.
2025-08-11 22:34:20,892 [ERROR] LogOutputStream:75 - [STDERR_REDIRECT] 
2025-08-11 22:34:21,893 [ERROR] LogOutputStream:75 - [STDERR_REDIRECT] [Fatal Error] :1:1: Premature end of file.
2025-08-11 22:34:21,893 [ERROR] LogOutputStream:75 - [STDERR_REDIRECT] 
2025-08-11 22:34:22,892 [ERROR] LogOutputStream:75 - [STDERR_REDIRECT] [Fatal Error] :1:1: Premature end of file.
2025-08-11 22:34:22,892 [ERROR] LogOutputStream:75 - [STDERR_REDIRECT] 
2025-08-11 22:34:23,877 [ERROR] LogOutputStream:75 - [STDERR_REDIRECT] [Fatal Error] :1:1: Premature end of file.
2025-08-11 22:34:23,877 [ERROR] LogOutputStream:75 - [STDERR_REDIRECT] 
2025-08-11 22:34:24,887 [ERROR] LogOutputStream:75 - [STDERR_REDIRECT] [Fatal Error] :1:1: Premature end of file.
2025-08-11 22:34:24,887 [ERROR] LogOutputStream:75 - [STDERR_REDIRECT] 
2025-08-11 22:34:25,893 [ERROR] LogOutputStream:75 - [STDERR_REDIRECT] [Fatal Error] :1:1: Premature end of file.
2025-08-11 22:34:25,893 [ERROR] LogOutputStream:75 - [STDERR_REDIRECT] 
2025-08-11 22:34:26,893 [ERROR] LogOutputStream:75 - [STDERR_REDIRECT] [Fatal Error] :1:1: Premature end of file.
2025-08-11 22:34:26,894 [ERROR] LogOutputStream:75 - [STDERR_REDIRECT] 
2025-08-11 22:34:27,878 [ERROR] LogOutputStream:75 - [STDERR_REDIRECT] [Fatal Error] :1:1: Premature end of file.
2025-08-11 22:34:27,878 [ERROR] LogOutputStream:75 - [STDERR_REDIRECT] 
2025-08-11 22:34:28,880 [ERROR] LogOutputStream:75 - [STDERR_REDIRECT] [Fatal Error] :1:1: Premature end of file.
2025-08-11 22:34:28,881 [ERROR] LogOutputStream:75 - [STDERR_REDIRECT] 
2025-08-11 22:34:29,894 [ERROR] LogOutputStream:75 - [STDERR_REDIRECT] [Fatal Error] :1:1: Premature end of file.
2025-08-11 22:34:29,894 [ERROR] LogOutputStream:75 - [STDERR_REDIRECT] 
2025-08-11 22:34:30,893 [ERROR] LogOutputStream:75 - [STDERR_REDIRECT] [Fatal Error] :1:1: Premature end of file.
2025-08-11 22:34:30,893 [ERROR] LogOutputStream:75 - [STDERR_REDIRECT] 
2025-08-11 22:34:31,893 [ERROR] LogOutputStream:75 - [STDERR_REDIRECT] [Fatal Error] :1:1: Premature end of file.
2025-08-11 22:34:31,893 [ERROR] LogOutputStream:75 - [STDERR_REDIRECT] 
2025-08-11 22:34:32,893 [ERROR] LogOutputStream:75 - [STDERR_REDIRECT] [Fatal Error] :1:1: Premature end of file.
2025-08-11 22:34:32,894 [ERROR] LogOutputStream:75 - [STDERR_REDIRECT] 
2025-08-11 22:34:33,886 [ERROR] LogOutputStream:75 - [STDERR_REDIRECT] [Fatal Error] :1:1: Premature end of file.
2025-08-11 22:34:33,887 [ERROR] LogOutputStream:75 - [STDERR_REDIRECT] 
2025-08-11 22:34:34,893 [ERROR] LogOutputStream:75 - [STDERR_REDIRECT] [Fatal Error] :1:1: Premature end of file.
2025-08-11 22:34:34,893 [ERROR] LogOutputStream:75 - [STDERR_REDIRECT] 
2025-08-11 22:34:35,884 [ERROR] LogOutputStream:75 - [STDERR_REDIRECT] [Fatal Error] :1:1: Premature end of file.
2025-08-11 22:34:35,885 [ERROR] LogOutputStream:75 - [STDERR_REDIRECT] 
2025-08-11 22:34:36,881 [ERROR] LogOutputStream:75 - [STDERR_REDIRECT] [Fatal Error] :1:1: Premature end of file.
2025-08-11 22:34:36,881 [ERROR] LogOutputStream:75 - [STDERR_REDIRECT] 
2025-08-11 22:34:37,895 [ERROR] LogOutputStream:75 - [STDERR_REDIRECT] [Fatal Error] :1:1: Premature end of file.
2025-08-11 22:34:37,895 [ERROR] LogOutputStream:75 - [STDERR_REDIRECT] 
2025-08-11 22:34:38,894 [ERROR] LogOutputStream:75 - [STDERR_REDIRECT] [Fatal Error] :1:1: Premature end of file.
2025-08-11 22:34:38,894 [ERROR] LogOutputStream:75 - [STDERR_REDIRECT] 
2025-08-11 22:34:39,888 [ERROR] LogOutputStream:75 - [STDERR_REDIRECT] [Fatal Error] :1:1: Premature end of file.
2025-08-11 22:34:39,888 [ERROR] LogOutputStream:75 - [STDERR_REDIRECT] 
2025-08-11 22:34:40,915 [ERROR] LogOutputStream:75 - [STDERR_REDIRECT] [Fatal Error] :1:1: Premature end of file.
2025-08-11 22:34:40,915 [ERROR] LogOutputStream:75 - [STDERR_REDIRECT] 
2025-08-11 22:34:41,895 [ERROR] LogOutputStream:75 - [STDERR_REDIRECT] [Fatal Error] :1:1: Premature end of file.
2025-08-11 22:34:41,895 [ERROR] LogOutputStream:75 - [STDERR_REDIRECT] 
2025-08-11 22:34:42,891 [ERROR] LogOutputStream:75 - [STDERR_REDIRECT] [Fatal Error] :1:1: Premature end of file.
2025-08-11 22:34:42,891 [ERROR] LogOutputStream:75 - [STDERR_REDIRECT] 
2025-08-11 22:34:43,897 [ERROR] LogOutputStream:75 - [STDERR_REDIRECT] [Fatal Error] :1:1: Premature end of file.
2025-08-11 22:34:43,897 [ERROR] LogOutputStream:75 - [STDERR_REDIRECT] 
2025-08-11 22:34:44,888 [ERROR] LogOutputStream:75 - [STDERR_REDIRECT] [Fatal Error] :1:1: Premature end of file.
2025-08-11 22:34:44,888 [ERROR] LogOutputStream:75 - [STDERR_REDIRECT] 
2025-08-11 22:34:45,890 [ERROR] LogOutputStream:75 - [STDERR_REDIRECT] [Fatal Error] :1:1: Premature end of file.
2025-08-11 22:34:45,891 [ERROR] LogOutputStream:75 - [STDERR_REDIRECT] 
2025-08-11 22:34:46,888 [ERROR] LogOutputStream:75 - [STDERR_REDIRECT] [Fatal Error] :1:1: Premature end of file.
2025-08-11 22:34:46,888 [ERROR] LogOutputStream:75 - [STDERR_REDIRECT] 
2025-08-11 22:34:47,893 [ERROR] LogOutputStream:75 - [STDERR_REDIRECT] [Fatal Error] :1:1: Premature end of file.
2025-08-11 22:34:47,893 [ERROR] LogOutputStream:75 - [STDERR_REDIRECT] 
2025-08-11 22:34:48,894 [ERROR] LogOutputStream:75 - [STDERR_REDIRECT] [Fatal Error] :1:1: Premature end of file.
2025-08-11 22:34:48,894 [ERROR] LogOutputStream:75 - [STDERR_REDIRECT] 
2025-08-11 22:34:49,894 [ERROR] LogOutputStream:75 - [STDERR_REDIRECT] [Fatal Error] :1:1: Premature end of file.
2025-08-11 22:34:49,894 [ERROR] LogOutputStream:75 - [STDERR_REDIRECT] 
2025-08-11 22:34:50,896 [ERROR] LogOutputStream:75 - [STDERR_REDIRECT] [Fatal Error] :1:1: Premature end of file.
2025-08-11 22:34:50,896 [ERROR] LogOutputStream:75 - [STDERR_REDIRECT] 
2025-08-11 22:34:51,897 [ERROR] LogOutputStream:75 - [STDERR_REDIRECT] [Fatal Error] :1:1: Premature end of file.
2025-08-11 22:34:51,897 [ERROR] LogOutputStream:75 - [STDERR_REDIRECT] 
2025-08-11 22:34:52,891 [ERROR] LogOutputStream:75 - [STDERR_REDIRECT] [Fatal Error] :1:1: Premature end of file.
2025-08-11 22:34:52,891 [ERROR] LogOutputStream:75 - [STDERR_REDIRECT] 
2025-08-11 22:34:53,896 [ERROR] LogOutputStream:75 - [STDERR_REDIRECT] [Fatal Error] :1:1: Premature end of file.
2025-08-11 22:34:53,896 [ERROR] LogOutputStream:75 - [STDERR_REDIRECT] 
2025-08-11 22:34:54,895 [ERROR] LogOutputStream:75 - [STDERR_REDIRECT] [Fatal Error] :1:1: Premature end of file.
2025-08-11 22:34:54,896 [ERROR] LogOutputStream:75 - [STDERR_REDIRECT] 
2025-08-11 22:34:55,893 [ERROR] LogOutputStream:75 - [STDERR_REDIRECT] [Fatal Error] :1:1: Premature end of file.
2025-08-11 22:34:55,893 [ERROR] LogOutputStream:75 - [STDERR_REDIRECT] 
2025-08-11 22:34:56,879 [ERROR] LogOutputStream:75 - [STDERR_REDIRECT] [Fatal Error] :1:1: Premature end of file.
2025-08-11 22:34:56,879 [ERROR] LogOutputStream:75 - [STDERR_REDIRECT] 
2025-08-11 22:34:57,894 [ERROR] LogOutputStream:75 - [STDERR_REDIRECT] [Fatal Error] :1:1: Premature end of file.
2025-08-11 22:34:57,894 [ERROR] LogOutputStream:75 - [STDERR_REDIRECT] 
2025-08-11 22:34:58,894 [ERROR] LogOutputStream:75 - [STDERR_REDIRECT] [Fatal Error] :1:1: Premature end of file.
2025-08-11 22:34:58,894 [ERROR] LogOutputStream:75 - [STDERR_REDIRECT] 
2025-08-11 22:34:59,878 [ERROR] LogOutputStream:75 - [STDERR_REDIRECT] [Fatal Error] :1:1: Premature end of file.
2025-08-11 22:34:59,878 [ERROR] LogOutputStream:75 - [STDERR_REDIRECT] 
2025-08-11 22:35:00,884 [ERROR] LogOutputStream:75 - [STDERR_REDIRECT] [Fatal Error] :1:1: Premature end of file.
2025-08-11 22:35:00,884 [ERROR] LogOutputStream:75 - [STDERR_REDIRECT] 
2025-08-11 22:35:01,885 [ERROR] LogOutputStream:75 - [STDERR_REDIRECT] [Fatal Error] :1:1: Premature end of file.
2025-08-11 22:35:01,885 [ERROR] LogOutputStream:75 - [STDERR_REDIRECT] 
2025-08-11 22:35:02,890 [ERROR] LogOutputStream:75 - [STDERR_REDIRECT] [Fatal Error] :1:1: Premature end of file.
2025-08-11 22:35:02,890 [ERROR] LogOutputStream:75 - [STDERR_REDIRECT] 
2025-08-11 22:35:03,881 [ERROR] LogOutputStream:75 - [STDERR_REDIRECT] [Fatal Error] :1:1: Premature end of file.
2025-08-11 22:35:03,881 [ERROR] LogOutputStream:75 - [STDERR_REDIRECT] 
2025-08-11 22:35:04,894 [ERROR] LogOutputStream:75 - [STDERR_REDIRECT] [Fatal Error] :1:1: Premature end of file.
2025-08-11 22:35:04,894 [ERROR] LogOutputStream:75 - [STDERR_REDIRECT] 
2025-08-11 22:35:06,012 [ERROR] LogOutputStream:75 - [STDERR_REDIRECT] [Fatal Error] :1:1: Premature end of file.
2025-08-11 22:35:06,012 [ERROR] LogOutputStream:75 - [STDERR_REDIRECT] 
2025-08-11 22:35:07,014 [ERROR] LogOutputStream:75 - [STDERR_REDIRECT] [Fatal Error] :1:1: Premature end of file.
2025-08-11 22:35:07,014 [ERROR] LogOutputStream:75 - [STDERR_REDIRECT] 
2025-08-11 22:35:07,913 [ERROR] LogOutputStream:75 - [STDERR_REDIRECT] [Fatal Error] :1:1: Premature end of file.
2025-08-11 22:35:07,913 [ERROR] LogOutputStream:75 - [STDERR_REDIRECT] 
2025-08-11 22:35:08,895 [ERROR] LogOutputStream:75 - [STDERR_REDIRECT] [Fatal Error] :1:1: Premature end of file.
2025-08-11 22:35:08,895 [ERROR] LogOutputStream:75 - [STDERR_REDIRECT] 
2025-08-11 22:35:09,887 [ERROR] LogOutputStream:75 - [STDERR_REDIRECT] [Fatal Error] :1:1: Premature end of file.
2025-08-11 22:35:09,887 [ERROR] LogOutputStream:75 - [STDERR_REDIRECT] 
2025-08-11 22:35:10,891 [ERROR] LogOutputStream:75 - [STDERR_REDIRECT] [Fatal Error] :1:1: Premature end of file.
2025-08-11 22:35:10,891 [ERROR] LogOutputStream:75 - [STDERR_REDIRECT] 
2025-08-11 22:35:11,892 [ERROR] LogOutputStream:75 - [STDERR_REDIRECT] [Fatal Error] :1:1: Premature end of file.
2025-08-11 22:35:11,893 [ERROR] LogOutputStream:75 - [STDERR_REDIRECT] 
2025-08-11 22:35:12,895 [ERROR] LogOutputStream:75 - [STDERR_REDIRECT] [Fatal Error] :1:1: Premature end of file.
2025-08-11 22:35:12,895 [ERROR] LogOutputStream:75 - [STDERR_REDIRECT] 
2025-08-11 22:35:13,897 [ERROR] LogOutputStream:75 - [STDERR_REDIRECT] [Fatal Error] :1:1: Premature end of file.
2025-08-11 22:35:13,897 [ERROR] LogOutputStream:75 - [STDERR_REDIRECT] 
2025-08-11 22:35:14,887 [ERROR] LogOutputStream:75 - [STDERR_REDIRECT] [Fatal Error] :1:1: Premature end of file.
2025-08-11 22:35:14,888 [ERROR] LogOutputStream:75 - [STDERR_REDIRECT] 
2025-08-11 22:35:15,893 [ERROR] LogOutputStream:75 - [STDERR_REDIRECT] [Fatal Error] :1:1: Premature end of file.
2025-08-11 22:35:15,893 [ERROR] LogOutputStream:75 - [STDERR_REDIRECT] 
2025-08-11 22:35:16,882 [ERROR] LogOutputStream:75 - [STDERR_REDIRECT] [Fatal Error] :1:1: Premature end of file.
2025-08-11 22:35:16,882 [ERROR] LogOutputStream:75 - [STDERR_REDIRECT] 
2025-08-11 22:35:17,888 [ERROR] LogOutputStream:75 - [STDERR_REDIRECT] [Fatal Error] :1:1: Premature end of file.
2025-08-11 22:35:17,888 [ERROR] LogOutputStream:75 - [STDERR_REDIRECT] 
2025-08-11 22:35:18,885 [ERROR] LogOutputStream:75 - [STDERR_REDIRECT] [Fatal Error] :1:1: Premature end of file.
2025-08-11 22:35:18,885 [ERROR] LogOutputStream:75 - [STDERR_REDIRECT] 
2025-08-11 22:35:19,880 [ERROR] LogOutputStream:75 - [STDERR_REDIRECT] [Fatal Error] :1:1: Premature end of file.
2025-08-11 22:35:19,880 [ERROR] LogOutputStream:75 - [STDERR_REDIRECT] 
2025-08-11 22:35:20,879 [ERROR] LogOutputStream:75 - [STDERR_REDIRECT] [Fatal Error] :1:1: Premature end of file.
2025-08-11 22:35:20,879 [ERROR] LogOutputStream:75 - [STDERR_REDIRECT] 
2025-08-11 22:35:21,923 [ERROR] LogOutputStream:75 - [STDERR_REDIRECT] [Fatal Error] :1:1: Premature end of file.
2025-08-11 22:35:21,925 [ERROR] LogOutputStream:75 - [STDERR_REDIRECT] 
2025-08-11 22:35:22,880 [ERROR] LogOutputStream:75 - [STDERR_REDIRECT] [Fatal Error] :1:1: Premature end of file.
2025-08-11 22:35:22,880 [ERROR] LogOutputStream:75 - [STDERR_REDIRECT] 
2025-08-11 22:35:23,892 [ERROR] LogOutputStream:75 - [STDERR_REDIRECT] [Fatal Error] :1:1: Premature end of file.
2025-08-11 22:35:23,893 [ERROR] LogOutputStream:75 - [STDERR_REDIRECT] 
2025-08-11 22:35:24,906 [ERROR] LogOutputStream:75 - [STDERR_REDIRECT] [Fatal Error] :1:1: Premature end of file.
2025-08-11 22:35:24,906 [ERROR] LogOutputStream:75 - [STDERR_REDIRECT] 
2025-08-11 22:35:25,893 [ERROR] LogOutputStream:75 - [STDERR_REDIRECT] [Fatal Error] :1:1: Premature end of file.
2025-08-11 22:35:25,893 [ERROR] LogOutputStream:75 - [STDERR_REDIRECT] 
2025-08-11 22:35:26,894 [ERROR] LogOutputStream:75 - [STDERR_REDIRECT] [Fatal Error] :1:1: Premature end of file.
2025-08-11 22:35:26,894 [ERROR] LogOutputStream:75 - [STDERR_REDIRECT] 
2025-08-11 22:35:27,883 [ERROR] LogOutputStream:75 - [STDERR_REDIRECT] [Fatal Error] :1:1: Premature end of file.
2025-08-11 22:35:27,883 [ERROR] LogOutputStream:75 - [STDERR_REDIRECT] 
2025-08-11 22:35:28,889 [ERROR] LogOutputStream:75 - [STDERR_REDIRECT] [Fatal Error] :1:1: Premature end of file.
2025-08-11 22:35:28,889 [ERROR] LogOutputStream:75 - [STDERR_REDIRECT] 
2025-08-11 22:35:29,886 [ERROR] LogOutputStream:75 - [STDERR_REDIRECT] [Fatal Error] :1:1: Premature end of file.
2025-08-11 22:35:29,886 [ERROR] LogOutputStream:75 - [STDERR_REDIRECT] 
2025-08-11 22:35:30,880 [ERROR] LogOutputStream:75 - [STDERR_REDIRECT] [Fatal Error] :1:1: Premature end of file.
2025-08-11 22:35:30,880 [ERROR] LogOutputStream:75 - [STDERR_REDIRECT] 
2025-08-11 22:35:31,891 [ERROR] LogOutputStream:75 - [STDERR_REDIRECT] [Fatal Error] :1:1: Premature end of file.
2025-08-11 22:35:31,891 [ERROR] LogOutputStream:75 - [STDERR_REDIRECT] 
2025-08-11 22:35:32,878 [ERROR] LogOutputStream:75 - [STDERR_REDIRECT] [Fatal Error] :1:1: Premature end of file.
2025-08-11 22:35:32,878 [ERROR] LogOutputStream:75 - [STDERR_REDIRECT] 
2025-08-11 22:35:33,898 [ERROR] LogOutputStream:75 - [STDERR_REDIRECT] [Fatal Error] :1:1: Premature end of file.
2025-08-11 22:35:33,898 [ERROR] LogOutputStream:75 - [STDERR_REDIRECT] 
2025-08-11 22:35:34,891 [ERROR] LogOutputStream:75 - [STDERR_REDIRECT] [Fatal Error] :1:1: Premature end of file.
2025-08-11 22:35:34,891 [ERROR] LogOutputStream:75 - [STDERR_REDIRECT] 
2025-08-11 22:35:35,888 [ERROR] LogOutputStream:75 - [STDERR_REDIRECT] [Fatal Error] :1:1: Premature end of file.
2025-08-11 22:35:35,888 [ERROR] LogOutputStream:75 - [STDERR_REDIRECT] 
2025-08-11 22:35:36,893 [ERROR] LogOutputStream:75 - [STDERR_REDIRECT] [Fatal Error] :1:1: Premature end of file.
2025-08-11 22:35:36,894 [ERROR] LogOutputStream:75 - [STDERR_REDIRECT] 
2025-08-11 22:35:37,895 [ERROR] LogOutputStream:75 - [STDERR_REDIRECT] [Fatal Error] :1:1: Premature end of file.
2025-08-11 22:35:37,895 [ERROR] LogOutputStream:75 - [STDERR_REDIRECT] 
2025-08-11 22:35:38,896 [ERROR] LogOutputStream:75 - [STDERR_REDIRECT] [Fatal Error] :1:1: Premature end of file.
2025-08-11 22:35:38,896 [ERROR] LogOutputStream:75 - [STDERR_REDIRECT] 
2025-08-11 22:35:39,896 [ERROR] LogOutputStream:75 - [STDERR_REDIRECT] [Fatal Error] :1:1: Premature end of file.
2025-08-11 22:35:39,896 [ERROR] LogOutputStream:75 - [STDERR_REDIRECT] 
2025-08-11 22:35:40,894 [ERROR] LogOutputStream:75 - [STDERR_REDIRECT] [Fatal Error] :1:1: Premature end of file.
2025-08-11 22:35:40,894 [ERROR] LogOutputStream:75 - [STDERR_REDIRECT] 
2025-08-11 22:35:41,889 [ERROR] LogOutputStream:75 - [STDERR_REDIRECT] [Fatal Error] :1:1: Premature end of file.
2025-08-11 22:35:41,889 [ERROR] LogOutputStream:75 - [STDERR_REDIRECT] 
2025-08-11 22:35:42,893 [ERROR] LogOutputStream:75 - [STDERR_REDIRECT] [Fatal Error] :1:1: Premature end of file.
2025-08-11 22:35:42,893 [ERROR] LogOutputStream:75 - [STDERR_REDIRECT] 
2025-08-11 22:35:43,893 [ERROR] LogOutputStream:75 - [STDERR_REDIRECT] [Fatal Error] :1:1: Premature end of file.
2025-08-11 22:35:43,893 [ERROR] LogOutputStream:75 - [STDERR_REDIRECT] 
2025-08-11 22:35:44,892 [ERROR] LogOutputStream:75 - [STDERR_REDIRECT] [Fatal Error] :1:1: Premature end of file.
2025-08-11 22:35:44,892 [ERROR] LogOutputStream:75 - [STDERR_REDIRECT] 
2025-08-11 22:35:45,893 [ERROR] LogOutputStream:75 - [STDERR_REDIRECT] [Fatal Error] :1:1: Premature end of file.
2025-08-11 22:35:45,893 [ERROR] LogOutputStream:75 - [STDERR_REDIRECT] 
2025-08-11 22:35:46,895 [ERROR] LogOutputStream:75 - [STDERR_REDIRECT] [Fatal Error] :1:1: Premature end of file.
2025-08-11 22:35:46,895 [ERROR] LogOutputStream:75 - [STDERR_REDIRECT] 
2025-08-11 22:35:47,885 [ERROR] LogOutputStream:75 - [STDERR_REDIRECT] [Fatal Error] :1:1: Premature end of file.
2025-08-11 22:35:47,885 [ERROR] LogOutputStream:75 - [STDERR_REDIRECT] 
2025-08-11 22:35:48,880 [ERROR] LogOutputStream:75 - [STDERR_REDIRECT] [Fatal Error] :1:1: Premature end of file.
2025-08-11 22:35:48,880 [ERROR] LogOutputStream:75 - [STDERR_REDIRECT] 
2025-08-11 22:35:49,879 [ERROR] LogOutputStream:75 - [STDERR_REDIRECT] [Fatal Error] :1:1: Premature end of file.
2025-08-11 22:35:49,879 [ERROR] LogOutputStream:75 - [STDERR_REDIRECT] 
2025-08-11 22:35:50,898 [ERROR] LogOutputStream:75 - [STDERR_REDIRECT] [Fatal Error] :1:1: Premature end of file.
2025-08-11 22:35:50,898 [ERROR] LogOutputStream:75 - [STDERR_REDIRECT] 
2025-08-11 22:35:51,892 [ERROR] LogOutputStream:75 - [STDERR_REDIRECT] [Fatal Error] :1:1: Premature end of file.
2025-08-11 22:35:51,892 [ERROR] LogOutputStream:75 - [STDERR_REDIRECT] 
2025-08-11 22:35:52,881 [ERROR] LogOutputStream:75 - [STDERR_REDIRECT] [Fatal Error] :1:1: Premature end of file.
2025-08-11 22:35:52,881 [ERROR] LogOutputStream:75 - [STDERR_REDIRECT] 
2025-08-11 22:35:53,894 [ERROR] LogOutputStream:75 - [STDERR_REDIRECT] [Fatal Error] :1:1: Premature end of file.
2025-08-11 22:35:53,894 [ERROR] LogOutputStream:75 - [STDERR_REDIRECT] 
2025-08-11 22:35:54,891 [ERROR] LogOutputStream:75 - [STDERR_REDIRECT] [Fatal Error] :1:1: Premature end of file.
2025-08-11 22:35:54,891 [ERROR] LogOutputStream:75 - [STDERR_REDIRECT] 
2025-08-11 22:35:55,884 [ERROR] LogOutputStream:75 - [STDERR_REDIRECT] [Fatal Error] :1:1: Premature end of file.
2025-08-11 22:35:55,884 [ERROR] LogOutputStream:75 - [STDERR_REDIRECT] 
2025-08-11 22:35:56,947 [ERROR] LogOutputStream:75 - [STDERR_REDIRECT] [Fatal Error] :1:1: Premature end of file.
2025-08-11 22:35:56,947 [ERROR] LogOutputStream:75 - [STDERR_REDIRECT] 
2025-08-11 22:35:57,924 [ERROR] LogOutputStream:75 - [STDERR_REDIRECT] [Fatal Error] :1:1: Premature end of file.
2025-08-11 22:35:57,925 [ERROR] LogOutputStream:75 - [STDERR_REDIRECT] 
2025-08-11 22:35:58,886 [ERROR] LogOutputStream:75 - [STDERR_REDIRECT] [Fatal Error] :1:1: Premature end of file.
2025-08-11 22:35:58,886 [ERROR] LogOutputStream:75 - [STDERR_REDIRECT] 
2025-08-11 22:35:59,891 [ERROR] LogOutputStream:75 - [STDERR_REDIRECT] [Fatal Error] :1:1: Premature end of file.
2025-08-11 22:35:59,891 [ERROR] LogOutputStream:75 - [STDERR_REDIRECT] 
2025-08-11 22:36:00,880 [ERROR] LogOutputStream:75 - [STDERR_REDIRECT] [Fatal Error] :1:1: Premature end of file.
2025-08-11 22:36:00,880 [ERROR] LogOutputStream:75 - [STDERR_REDIRECT] 
2025-08-11 22:36:01,890 [ERROR] LogOutputStream:75 - [STDERR_REDIRECT] [Fatal Error] :1:1: Premature end of file.
2025-08-11 22:36:01,891 [ERROR] LogOutputStream:75 - [STDERR_REDIRECT] 
2025-08-11 22:36:02,889 [ERROR] LogOutputStream:75 - [STDERR_REDIRECT] [Fatal Error] :1:1: Premature end of file.
2025-08-11 22:36:02,890 [ERROR] LogOutputStream:75 - [STDERR_REDIRECT] 
2025-08-11 22:36:03,892 [ERROR] LogOutputStream:75 - [STDERR_REDIRECT] [Fatal Error] :1:1: Premature end of file.
2025-08-11 22:36:03,892 [ERROR] LogOutputStream:75 - [STDERR_REDIRECT] 
2025-08-11 22:36:04,896 [ERROR] LogOutputStream:75 - [STDERR_REDIRECT] [Fatal Error] :1:1: Premature end of file.
2025-08-11 22:36:04,896 [ERROR] LogOutputStream:75 - [STDERR_REDIRECT] 
2025-08-11 22:36:05,892 [ERROR] LogOutputStream:75 - [STDERR_REDIRECT] [Fatal Error] :1:1: Premature end of file.
2025-08-11 22:36:05,892 [ERROR] LogOutputStream:75 - [STDERR_REDIRECT] 
2025-08-11 22:36:06,886 [ERROR] LogOutputStream:75 - [STDERR_REDIRECT] [Fatal Error] :1:1: Premature end of file.
2025-08-11 22:36:06,886 [ERROR] LogOutputStream:75 - [STDERR_REDIRECT] 
2025-08-11 22:36:07,895 [ERROR] LogOutputStream:75 - [STDERR_REDIRECT] [Fatal Error] :1:1: Premature end of file.
2025-08-11 22:36:07,895 [ERROR] LogOutputStream:75 - [STDERR_REDIRECT] 
2025-08-11 22:36:08,891 [ERROR] LogOutputStream:75 - [STDERR_REDIRECT] [Fatal Error] :1:1: Premature end of file.
2025-08-11 22:36:08,891 [ERROR] LogOutputStream:75 - [STDERR_REDIRECT] 
2025-08-11 22:36:09,883 [ERROR] LogOutputStream:75 - [STDERR_REDIRECT] [Fatal Error] :1:1: Premature end of file.
2025-08-11 22:36:09,883 [ERROR] LogOutputStream:75 - [STDERR_REDIRECT] 
2025-08-11 22:36:10,892 [ERROR] LogOutputStream:75 - [STDERR_REDIRECT] [Fatal Error] :1:1: Premature end of file.
2025-08-11 22:36:10,892 [ERROR] LogOutputStream:75 - [STDERR_REDIRECT] 
2025-08-11 22:36:11,878 [ERROR] LogOutputStream:75 - [STDERR_REDIRECT] [Fatal Error] :1:1: Premature end of file.
2025-08-11 22:36:11,878 [ERROR] LogOutputStream:75 - [STDERR_REDIRECT] 
2025-08-11 22:36:12,892 [ERROR] LogOutputStream:75 - [STDERR_REDIRECT] [Fatal Error] :1:1: Premature end of file.
2025-08-11 22:36:12,892 [ERROR] LogOutputStream:75 - [STDERR_REDIRECT] 
2025-08-11 22:36:13,893 [ERROR] LogOutputStream:75 - [STDERR_REDIRECT] [Fatal Error] :1:1: Premature end of file.
2025-08-11 22:36:13,893 [ERROR] LogOutputStream:75 - [STDERR_REDIRECT] 
2025-08-11 22:36:14,886 [ERROR] LogOutputStream:75 - [STDERR_REDIRECT] [Fatal Error] :1:1: Premature end of file.
2025-08-11 22:36:14,886 [ERROR] LogOutputStream:75 - [STDERR_REDIRECT] 
2025-08-11 22:36:15,886 [ERROR] LogOutputStream:75 - [STDERR_REDIRECT] [Fatal Error] :1:1: Premature end of file.
2025-08-11 22:36:15,886 [ERROR] LogOutputStream:75 - [STDERR_REDIRECT] 
2025-08-11 22:36:16,892 [ERROR] LogOutputStream:75 - [STDERR_REDIRECT] [Fatal Error] :1:1: Premature end of file.
2025-08-11 22:36:16,892 [ERROR] LogOutputStream:75 - [STDERR_REDIRECT] 
2025-08-11 22:36:17,880 [ERROR] LogOutputStream:75 - [STDERR_REDIRECT] [Fatal Error] :1:1: Premature end of file.
2025-08-11 22:36:17,880 [ERROR] LogOutputStream:75 - [STDERR_REDIRECT] 
2025-08-11 22:36:18,885 [ERROR] LogOutputStream:75 - [STDERR_REDIRECT] [Fatal Error] :1:1: Premature end of file.
2025-08-11 22:36:18,885 [ERROR] LogOutputStream:75 - [STDERR_REDIRECT] 
2025-08-11 22:36:19,880 [ERROR] LogOutputStream:75 - [STDERR_REDIRECT] [Fatal Error] :1:1: Premature end of file.
2025-08-11 22:36:19,880 [ERROR] LogOutputStream:75 - [STDERR_REDIRECT] 
2025-08-11 22:36:20,926 [ERROR] LogOutputStream:75 - [STDERR_REDIRECT] [Fatal Error] :1:1: Premature end of file.
2025-08-11 22:36:20,926 [ERROR] LogOutputStream:75 - [STDERR_REDIRECT] 
2025-08-11 22:36:21,883 [ERROR] LogOutputStream:75 - [STDERR_REDIRECT] [Fatal Error] :1:1: Premature end of file.
2025-08-11 22:36:21,883 [ERROR] LogOutputStream:75 - [STDERR_REDIRECT] 
2025-08-11 22:36:22,880 [ERROR] LogOutputStream:75 - [STDERR_REDIRECT] [Fatal Error] :1:1: Premature end of file.
2025-08-11 22:36:22,880 [ERROR] LogOutputStream:75 - [STDERR_REDIRECT] 
2025-08-11 22:36:23,882 [ERROR] LogOutputStream:75 - [STDERR_REDIRECT] [Fatal Error] :1:1: Premature end of file.
2025-08-11 22:36:23,883 [ERROR] LogOutputStream:75 - [STDERR_REDIRECT] 
2025-08-11 22:36:24,880 [ERROR] LogOutputStream:75 - [STDERR_REDIRECT] [Fatal Error] :1:1: Premature end of file.
2025-08-11 22:36:24,880 [ERROR] LogOutputStream:75 - [STDERR_REDIRECT] 
2025-08-11 22:36:25,879 [ERROR] LogOutputStream:75 - [STDERR_REDIRECT] [Fatal Error] :1:1: Premature end of file.
2025-08-11 22:36:25,879 [ERROR] LogOutputStream:75 - [STDERR_REDIRECT] 
2025-08-11 22:36:26,878 [ERROR] LogOutputStream:75 - [STDERR_REDIRECT] [Fatal Error] :1:1: Premature end of file.
2025-08-11 22:36:26,878 [ERROR] LogOutputStream:75 - [STDERR_REDIRECT] 
2025-08-11 22:36:27,880 [ERROR] LogOutputStream:75 - [STDERR_REDIRECT] [Fatal Error] :1:1: Premature end of file.
2025-08-11 22:36:27,880 [ERROR] LogOutputStream:75 - [STDERR_REDIRECT] 
2025-08-11 22:36:28,881 [ERROR] LogOutputStream:75 - [STDERR_REDIRECT] [Fatal Error] :1:1: Premature end of file.
2025-08-11 22:36:28,882 [ERROR] LogOutputStream:75 - [STDERR_REDIRECT] 
2025-08-11 22:36:29,877 [ERROR] LogOutputStream:75 - [STDERR_REDIRECT] [Fatal Error] :1:1: Premature end of file.
2025-08-11 22:36:29,877 [ERROR] LogOutputStream:75 - [STDERR_REDIRECT] 
2025-08-11 22:36:30,878 [ERROR] LogOutputStream:75 - [STDERR_REDIRECT] [Fatal Error] :1:1: Premature end of file.
2025-08-11 22:36:30,878 [ERROR] LogOutputStream:75 - [STDERR_REDIRECT] 
2025-08-11 22:36:31,890 [ERROR] LogOutputStream:75 - [STDERR_REDIRECT] [Fatal Error] :1:1: Premature end of file.
2025-08-11 22:36:31,890 [ERROR] LogOutputStream:75 - [STDERR_REDIRECT] 
2025-08-11 22:36:32,891 [ERROR] LogOutputStream:75 - [STDERR_REDIRECT] [Fatal Error] :1:1: Premature end of file.
2025-08-11 22:36:32,891 [ERROR] LogOutputStream:75 - [STDERR_REDIRECT] 
2025-08-11 22:36:33,889 [ERROR] LogOutputStream:75 - [STDERR_REDIRECT] [Fatal Error] :1:1: Premature end of file.
2025-08-11 22:36:33,889 [ERROR] LogOutputStream:75 - [STDERR_REDIRECT] 
2025-08-11 22:36:34,887 [ERROR] LogOutputStream:75 - [STDERR_REDIRECT] [Fatal Error] :1:1: Premature end of file.
2025-08-11 22:36:34,888 [ERROR] LogOutputStream:75 - [STDERR_REDIRECT] 
2025-08-11 22:36:35,884 [ERROR] LogOutputStream:75 - [STDERR_REDIRECT] [Fatal Error] :1:1: Premature end of file.
2025-08-11 22:36:35,885 [ERROR] LogOutputStream:75 - [STDERR_REDIRECT] 
2025-08-11 22:36:36,882 [ERROR] LogOutputStream:75 - [STDERR_REDIRECT] [Fatal Error] :1:1: Premature end of file.
2025-08-11 22:36:36,883 [ERROR] LogOutputStream:75 - [STDERR_REDIRECT] 
2025-08-11 22:36:37,904 [ERROR] LogOutputStream:75 - [STDERR_REDIRECT] [Fatal Error] :1:1: Premature end of file.
2025-08-11 22:36:37,905 [ERROR] LogOutputStream:75 - [STDERR_REDIRECT] 
2025-08-11 22:36:38,882 [ERROR] LogOutputStream:75 - [STDERR_REDIRECT] [Fatal Error] :1:1: Premature end of file.
2025-08-11 22:36:38,882 [ERROR] LogOutputStream:75 - [STDERR_REDIRECT] 
2025-08-11 22:36:39,885 [ERROR] LogOutputStream:75 - [STDERR_REDIRECT] [Fatal Error] :1:1: Premature end of file.
2025-08-11 22:36:39,885 [ERROR] LogOutputStream:75 - [STDERR_REDIRECT] 
2025-08-11 22:36:40,886 [ERROR] LogOutputStream:75 - [STDERR_REDIRECT] [Fatal Error] :1:1: Premature end of file.
2025-08-11 22:36:40,886 [ERROR] LogOutputStream:75 - [STDERR_REDIRECT] 
2025-08-11 22:36:41,890 [ERROR] LogOutputStream:75 - [STDERR_REDIRECT] [Fatal Error] :1:1: Premature end of file.
2025-08-11 22:36:41,890 [ERROR] LogOutputStream:75 - [STDERR_REDIRECT] 
2025-08-11 22:36:42,882 [ERROR] LogOutputStream:75 - [STDERR_REDIRECT] [Fatal Error] :1:1: Premature end of file.
2025-08-11 22:36:42,882 [ERROR] LogOutputStream:75 - [STDERR_REDIRECT] 
2025-08-11 22:36:43,890 [ERROR] LogOutputStream:75 - [STDERR_REDIRECT] [Fatal Error] :1:1: Premature end of file.
2025-08-11 22:36:43,890 [ERROR] LogOutputStream:75 - [STDERR_REDIRECT] 
2025-08-11 22:36:44,892 [ERROR] LogOutputStream:75 - [STDERR_REDIRECT] [Fatal Error] :1:1: Premature end of file.
2025-08-11 22:36:44,892 [ERROR] LogOutputStream:75 - [STDERR_REDIRECT] 
2025-08-11 22:36:45,879 [ERROR] LogOutputStream:75 - [STDERR_REDIRECT] [Fatal Error] :1:1: Premature end of file.
2025-08-11 22:36:45,879 [ERROR] LogOutputStream:75 - [STDERR_REDIRECT] 
2025-08-11 22:36:46,894 [ERROR] LogOutputStream:75 - [STDERR_REDIRECT] [Fatal Error] :1:1: Premature end of file.
2025-08-11 22:36:46,894 [ERROR] LogOutputStream:75 - [STDERR_REDIRECT] 
2025-08-11 22:36:47,894 [ERROR] LogOutputStream:75 - [STDERR_REDIRECT] [Fatal Error] :1:1: Premature end of file.
2025-08-11 22:36:47,894 [ERROR] LogOutputStream:75 - [STDERR_REDIRECT] 
2025-08-11 22:36:48,897 [ERROR] LogOutputStream:75 - [STDERR_REDIRECT] [Fatal Error] :1:1: Premature end of file.
2025-08-11 22:36:48,897 [ERROR] LogOutputStream:75 - [STDERR_REDIRECT] 
2025-08-11 22:36:49,892 [ERROR] LogOutputStream:75 - [STDERR_REDIRECT] [Fatal Error] :1:1: Premature end of file.
2025-08-11 22:36:49,892 [ERROR] LogOutputStream:75 - [STDERR_REDIRECT] 
2025-08-11 22:36:50,888 [ERROR] LogOutputStream:75 - [STDERR_REDIRECT] [Fatal Error] :1:1: Premature end of file.
2025-08-11 22:36:50,889 [ERROR] LogOutputStream:75 - [STDERR_REDIRECT] 
2025-08-11 22:36:51,893 [ERROR] LogOutputStream:75 - [STDERR_REDIRECT] [Fatal Error] :1:1: Premature end of file.
2025-08-11 22:36:51,893 [ERROR] LogOutputStream:75 - [STDERR_REDIRECT] 
2025-08-11 22:36:52,896 [ERROR] LogOutputStream:75 - [STDERR_REDIRECT] [Fatal Error] :1:1: Premature end of file.
2025-08-11 22:36:52,896 [ERROR] LogOutputStream:75 - [STDERR_REDIRECT] 
2025-08-11 22:36:53,893 [ERROR] LogOutputStream:75 - [STDERR_REDIRECT] [Fatal Error] :1:1: Premature end of file.
2025-08-11 22:36:53,893 [ERROR] LogOutputStream:75 - [STDERR_REDIRECT] 
2025-08-11 22:36:54,891 [ERROR] LogOutputStream:75 - [STDERR_REDIRECT] [Fatal Error] :1:1: Premature end of file.
2025-08-11 22:36:54,892 [ERROR] LogOutputStream:75 - [STDERR_REDIRECT] 
2025-08-11 22:36:55,893 [ERROR] LogOutputStream:75 - [STDERR_REDIRECT] [Fatal Error] :1:1: Premature end of file.
2025-08-11 22:36:55,893 [ERROR] LogOutputStream:75 - [STDERR_REDIRECT] 
2025-08-11 22:36:56,891 [ERROR] LogOutputStream:75 - [STDERR_REDIRECT] [Fatal Error] :1:1: Premature end of file.
2025-08-11 22:36:56,892 [ERROR] LogOutputStream:75 - [STDERR_REDIRECT] 
2025-08-11 22:36:57,887 [ERROR] LogOutputStream:75 - [STDERR_REDIRECT] [Fatal Error] :1:1: Premature end of file.
2025-08-11 22:36:57,887 [ERROR] LogOutputStream:75 - [STDERR_REDIRECT] 
2025-08-11 22:36:58,885 [ERROR] LogOutputStream:75 - [STDERR_REDIRECT] [Fatal Error] :1:1: Premature end of file.
2025-08-11 22:36:58,885 [ERROR] LogOutputStream:75 - [STDERR_REDIRECT] 
2025-08-11 22:36:59,880 [ERROR] LogOutputStream:75 - [STDERR_REDIRECT] [Fatal Error] :1:1: Premature end of file.
2025-08-11 22:36:59,880 [ERROR] LogOutputStream:75 - [STDERR_REDIRECT] 
2025-08-11 22:37:00,895 [ERROR] LogOutputStream:75 - [STDERR_REDIRECT] [Fatal Error] :1:1: Premature end of file.
2025-08-11 22:37:00,895 [ERROR] LogOutputStream:75 - [STDERR_REDIRECT] 
2025-08-11 22:37:01,891 [ERROR] LogOutputStream:75 - [STDERR_REDIRECT] [Fatal Error] :1:1: Premature end of file.
2025-08-11 22:37:01,891 [ERROR] LogOutputStream:75 - [STDERR_REDIRECT] 
2025-08-11 22:37:02,894 [ERROR] LogOutputStream:75 - [STDERR_REDIRECT] [Fatal Error] :1:1: Premature end of file.
2025-08-11 22:37:02,894 [ERROR] LogOutputStream:75 - [STDERR_REDIRECT] 
2025-08-11 22:37:03,896 [ERROR] LogOutputStream:75 - [STDERR_REDIRECT] [Fatal Error] :1:1: Premature end of file.
2025-08-11 22:37:03,897 [ERROR] LogOutputStream:75 - [STDERR_REDIRECT] 
2025-08-11 22:37:04,885 [ERROR] LogOutputStream:75 - [STDERR_REDIRECT] [Fatal Error] :1:1: Premature end of file.
2025-08-11 22:37:04,885 [ERROR] LogOutputStream:75 - [STDERR_REDIRECT] 
2025-08-11 22:37:05,893 [ERROR] LogOutputStream:75 - [STDERR_REDIRECT] [Fatal Error] :1:1: Premature end of file.
2025-08-11 22:37:05,893 [ERROR] LogOutputStream:75 - [STDERR_REDIRECT] 
2025-08-11 22:37:06,892 [ERROR] LogOutputStream:75 - [STDERR_REDIRECT] [Fatal Error] :1:1: Premature end of file.
2025-08-11 22:37:06,892 [ERROR] LogOutputStream:75 - [STDERR_REDIRECT] 
2025-08-11 22:37:07,895 [ERROR] LogOutputStream:75 - [STDERR_REDIRECT] [Fatal Error] :1:1: Premature end of file.
2025-08-11 22:37:07,895 [ERROR] LogOutputStream:75 - [STDERR_REDIRECT] 
2025-08-11 22:37:08,905 [ERROR] LogOutputStream:75 - [STDERR_REDIRECT] [Fatal Error] :1:1: Premature end of file.
2025-08-11 22:37:08,905 [ERROR] LogOutputStream:75 - [STDERR_REDIRECT] 
2025-08-11 22:37:09,894 [ERROR] LogOutputStream:75 - [STDERR_REDIRECT] [Fatal Error] :1:1: Premature end of file.
2025-08-11 22:37:09,894 [ERROR] LogOutputStream:75 - [STDERR_REDIRECT] 
2025-08-11 22:37:10,881 [ERROR] LogOutputStream:75 - [STDERR_REDIRECT] [Fatal Error] :1:1: Premature end of file.
2025-08-11 22:37:10,882 [ERROR] LogOutputStream:75 - [STDERR_REDIRECT] 
2025-08-11 22:37:11,896 [ERROR] LogOutputStream:75 - [STDERR_REDIRECT] [Fatal Error] :1:1: Premature end of file.
2025-08-11 22:37:11,897 [ERROR] LogOutputStream:75 - [STDERR_REDIRECT] 
2025-08-11 22:37:12,879 [ERROR] LogOutputStream:75 - [STDERR_REDIRECT] [Fatal Error] :1:1: Premature end of file.
2025-08-11 22:37:12,879 [ERROR] LogOutputStream:75 - [STDERR_REDIRECT] 
2025-08-11 22:37:13,880 [ERROR] LogOutputStream:75 - [STDERR_REDIRECT] [Fatal Error] :1:1: Premature end of file.
2025-08-11 22:37:13,880 [ERROR] LogOutputStream:75 - [STDERR_REDIRECT] 
2025-08-11 22:37:14,886 [ERROR] LogOutputStream:75 - [STDERR_REDIRECT] [Fatal Error] :1:1: Premature end of file.
2025-08-11 22:37:14,886 [ERROR] LogOutputStream:75 - [STDERR_REDIRECT] 
2025-08-11 22:37:15,895 [ERROR] LogOutputStream:75 - [STDERR_REDIRECT] [Fatal Error] :1:1: Premature end of file.
2025-08-11 22:37:15,895 [ERROR] LogOutputStream:75 - [STDERR_REDIRECT] 
2025-08-11 22:37:16,889 [ERROR] LogOutputStream:75 - [STDERR_REDIRECT] [Fatal Error] :1:1: Premature end of file.
2025-08-11 22:37:16,890 [ERROR] LogOutputStream:75 - [STDERR_REDIRECT] 
2025-08-11 22:37:17,880 [ERROR] LogOutputStream:75 - [STDERR_REDIRECT] [Fatal Error] :1:1: Premature end of file.
2025-08-11 22:37:17,880 [ERROR] LogOutputStream:75 - [STDERR_REDIRECT] 
2025-08-11 22:37:18,897 [ERROR] LogOutputStream:75 - [STDERR_REDIRECT] [Fatal Error] :1:1: Premature end of file.
2025-08-11 22:37:18,897 [ERROR] LogOutputStream:75 - [STDERR_REDIRECT] 
2025-08-11 22:37:19,889 [ERROR] LogOutputStream:75 - [STDERR_REDIRECT] [Fatal Error] :1:1: Premature end of file.
2025-08-11 22:37:19,889 [ERROR] LogOutputStream:75 - [STDERR_REDIRECT] 
2025-08-11 22:37:20,906 [ERROR] LogOutputStream:75 - [STDERR_REDIRECT] [Fatal Error] :1:1: Premature end of file.
2025-08-11 22:37:20,906 [ERROR] LogOutputStream:75 - [STDERR_REDIRECT] 
2025-08-11 22:37:21,895 [ERROR] LogOutputStream:75 - [STDERR_REDIRECT] [Fatal Error] :1:1: Premature end of file.
2025-08-11 22:37:21,895 [ERROR] LogOutputStream:75 - [STDERR_REDIRECT] 
2025-08-11 22:37:22,898 [ERROR] LogOutputStream:75 - [STDERR_REDIRECT] [Fatal Error] :1:1: Premature end of file.
2025-08-11 22:37:22,898 [ERROR] LogOutputStream:75 - [STDERR_REDIRECT] 
2025-08-11 22:37:23,887 [ERROR] LogOutputStream:75 - [STDERR_REDIRECT] [Fatal Error] :1:1: Premature end of file.
2025-08-11 22:37:23,887 [ERROR] LogOutputStream:75 - [STDERR_REDIRECT] 
2025-08-11 22:37:24,892 [ERROR] LogOutputStream:75 - [STDERR_REDIRECT] [Fatal Error] :1:1: Premature end of file.
2025-08-11 22:37:24,892 [ERROR] LogOutputStream:75 - [STDERR_REDIRECT] 
2025-08-11 22:37:25,893 [ERROR] LogOutputStream:75 - [STDERR_REDIRECT] [Fatal Error] :1:1: Premature end of file.
2025-08-11 22:37:25,893 [ERROR] LogOutputStream:75 - [STDERR_REDIRECT] 
2025-08-11 22:37:26,914 [ERROR] LogOutputStream:75 - [STDERR_REDIRECT] [Fatal Error] :1:1: Premature end of file.
2025-08-11 22:37:26,915 [ERROR] LogOutputStream:75 - [STDERR_REDIRECT] 
2025-08-11 22:37:27,894 [ERROR] LogOutputStream:75 - [STDERR_REDIRECT] [Fatal Error] :1:1: Premature end of file.
2025-08-11 22:37:27,894 [ERROR] LogOutputStream:75 - [STDERR_REDIRECT] 
2025-08-11 22:37:28,888 [ERROR] LogOutputStream:75 - [STDERR_REDIRECT] [Fatal Error] :1:1: Premature end of file.
2025-08-11 22:37:28,888 [ERROR] LogOutputStream:75 - [STDERR_REDIRECT] 
2025-08-11 22:37:29,877 [ERROR] LogOutputStream:75 - [STDERR_REDIRECT] [Fatal Error] :1:1: Premature end of file.
2025-08-11 22:37:29,877 [ERROR] LogOutputStream:75 - [STDERR_REDIRECT] 
2025-08-11 22:37:30,889 [ERROR] LogOutputStream:75 - [STDERR_REDIRECT] [Fatal Error] :1:1: Premature end of file.
2025-08-11 22:37:30,889 [ERROR] LogOutputStream:75 - [STDERR_REDIRECT] 
2025-08-11 22:37:31,882 [ERROR] LogOutputStream:75 - [STDERR_REDIRECT] [Fatal Error] :1:1: Premature end of file.
2025-08-11 22:37:31,882 [ERROR] LogOutputStream:75 - [STDERR_REDIRECT] 
2025-08-11 22:37:32,895 [ERROR] LogOutputStream:75 - [STDERR_REDIRECT] [Fatal Error] :1:1: Premature end of file.
2025-08-11 22:37:32,895 [ERROR] LogOutputStream:75 - [STDERR_REDIRECT] 
2025-08-11 22:37:33,896 [ERROR] LogOutputStream:75 - [STDERR_REDIRECT] [Fatal Error] :1:1: Premature end of file.
2025-08-11 22:37:33,897 [ERROR] LogOutputStream:75 - [STDERR_REDIRECT] 
2025-08-11 22:37:34,880 [ERROR] LogOutputStream:75 - [STDERR_REDIRECT] [Fatal Error] :1:1: Premature end of file.
2025-08-11 22:37:34,880 [ERROR] LogOutputStream:75 - [STDERR_REDIRECT] 
2025-08-11 22:37:35,885 [ERROR] LogOutputStream:75 - [STDERR_REDIRECT] [Fatal Error] :1:1: Premature end of file.
2025-08-11 22:37:35,885 [ERROR] LogOutputStream:75 - [STDERR_REDIRECT] 
2025-08-11 22:37:36,887 [ERROR] LogOutputStream:75 - [STDERR_REDIRECT] [Fatal Error] :1:1: Premature end of file.
2025-08-11 22:37:36,887 [ERROR] LogOutputStream:75 - [STDERR_REDIRECT] 
2025-08-11 22:37:37,890 [ERROR] LogOutputStream:75 - [STDERR_REDIRECT] [Fatal Error] :1:1: Premature end of file.
2025-08-11 22:37:37,890 [ERROR] LogOutputStream:75 - [STDERR_REDIRECT] 
2025-08-11 22:37:38,893 [ERROR] LogOutputStream:75 - [STDERR_REDIRECT] [Fatal Error] :1:1: Premature end of file.
2025-08-11 22:37:38,893 [ERROR] LogOutputStream:75 - [STDERR_REDIRECT] 
2025-08-11 22:37:39,882 [ERROR] LogOutputStream:75 - [STDERR_REDIRECT] [Fatal Error] :1:1: Premature end of file.
2025-08-11 22:37:39,882 [ERROR] LogOutputStream:75 - [STDERR_REDIRECT] 
2025-08-11 22:37:40,888 [ERROR] LogOutputStream:75 - [STDERR_REDIRECT] [Fatal Error] :1:1: Premature end of file.
2025-08-11 22:37:40,888 [ERROR] LogOutputStream:75 - [STDERR_REDIRECT] 
2025-08-11 22:37:41,916 [ERROR] LogOutputStream:75 - [STDERR_REDIRECT] [Fatal Error] :1:1: Premature end of file.
2025-08-11 22:37:41,916 [ERROR] LogOutputStream:75 - [STDERR_REDIRECT] 
2025-08-11 22:37:42,891 [ERROR] LogOutputStream:75 - [STDERR_REDIRECT] [Fatal Error] :1:1: Premature end of file.
2025-08-11 22:37:42,891 [ERROR] LogOutputStream:75 - [STDERR_REDIRECT] 
2025-08-11 22:37:43,888 [ERROR] LogOutputStream:75 - [STDERR_REDIRECT] [Fatal Error] :1:1: Premature end of file.
2025-08-11 22:37:43,889 [ERROR] LogOutputStream:75 - [STDERR_REDIRECT] 
2025-08-11 22:37:44,879 [ERROR] LogOutputStream:75 - [STDERR_REDIRECT] [Fatal Error] :1:1: Premature end of file.
2025-08-11 22:37:44,879 [ERROR] LogOutputStream:75 - [STDERR_REDIRECT] 
2025-08-11 22:37:45,892 [ERROR] LogOutputStream:75 - [STDERR_REDIRECT] [Fatal Error] :1:1: Premature end of file.
2025-08-11 22:37:45,892 [ERROR] LogOutputStream:75 - [STDERR_REDIRECT] 
2025-08-11 22:37:46,892 [ERROR] LogOutputStream:75 - [STDERR_REDIRECT] [Fatal Error] :1:1: Premature end of file.
2025-08-11 22:37:46,892 [ERROR] LogOutputStream:75 - [STDERR_REDIRECT] 
2025-08-11 22:37:47,894 [ERROR] LogOutputStream:75 - [STDERR_REDIRECT] [Fatal Error] :1:1: Premature end of file.
2025-08-11 22:37:47,894 [ERROR] LogOutputStream:75 - [STDERR_REDIRECT] 
2025-08-11 22:37:48,898 [ERROR] LogOutputStream:75 - [STDERR_REDIRECT] [Fatal Error] :1:1: Premature end of file.
2025-08-11 22:37:48,898 [ERROR] LogOutputStream:75 - [STDERR_REDIRECT] 
2025-08-11 22:37:49,895 [ERROR] LogOutputStream:75 - [STDERR_REDIRECT] [Fatal Error] :1:1: Premature end of file.
2025-08-11 22:37:49,895 [ERROR] LogOutputStream:75 - [STDERR_REDIRECT] 
2025-08-11 22:37:50,896 [ERROR] LogOutputStream:75 - [STDERR_REDIRECT] [Fatal Error] :1:1: Premature end of file.
2025-08-11 22:37:50,896 [ERROR] LogOutputStream:75 - [STDERR_REDIRECT] 
2025-08-11 22:37:51,896 [ERROR] LogOutputStream:75 - [STDERR_REDIRECT] [Fatal Error] :1:1: Premature end of file.
2025-08-11 22:37:51,897 [ERROR] LogOutputStream:75 - [STDERR_REDIRECT] 
2025-08-11 22:37:52,894 [ERROR] LogOutputStream:75 - [STDERR_REDIRECT] [Fatal Error] :1:1: Premature end of file.
2025-08-11 22:37:52,894 [ERROR] LogOutputStream:75 - [STDERR_REDIRECT] 
2025-08-11 22:37:53,895 [ERROR] LogOutputStream:75 - [STDERR_REDIRECT] [Fatal Error] :1:1: Premature end of file.
2025-08-11 22:37:53,896 [ERROR] LogOutputStream:75 - [STDERR_REDIRECT] 
2025-08-11 22:37:54,894 [ERROR] LogOutputStream:75 - [STDERR_REDIRECT] [Fatal Error] :1:1: Premature end of file.
2025-08-11 22:37:54,895 [ERROR] LogOutputStream:75 - [STDERR_REDIRECT] 
2025-08-11 22:37:55,890 [ERROR] LogOutputStream:75 - [STDERR_REDIRECT] [Fatal Error] :1:1: Premature end of file.
2025-08-11 22:37:55,890 [ERROR] LogOutputStream:75 - [STDERR_REDIRECT] 
2025-08-11 22:37:56,895 [ERROR] LogOutputStream:75 - [STDERR_REDIRECT] [Fatal Error] :1:1: Premature end of file.
2025-08-11 22:37:56,895 [ERROR] LogOutputStream:75 - [STDERR_REDIRECT] 
2025-08-11 22:37:57,895 [ERROR] LogOutputStream:75 - [STDERR_REDIRECT] [Fatal Error] :1:1: Premature end of file.
2025-08-11 22:37:57,895 [ERROR] LogOutputStream:75 - [STDERR_REDIRECT] 
2025-08-11 22:37:58,895 [ERROR] LogOutputStream:75 - [STDERR_REDIRECT] [Fatal Error] :1:1: Premature end of file.
2025-08-11 22:37:58,895 [ERROR] LogOutputStream:75 - [STDERR_REDIRECT] 
2025-08-11 22:37:59,898 [ERROR] LogOutputStream:75 - [STDERR_REDIRECT] [Fatal Error] :1:1: Premature end of file.
2025-08-11 22:37:59,898 [ERROR] LogOutputStream:75 - [STDERR_REDIRECT] 
2025-08-11 22:38:00,894 [ERROR] LogOutputStream:75 - [STDERR_REDIRECT] [Fatal Error] :1:1: Premature end of file.
2025-08-11 22:38:00,894 [ERROR] LogOutputStream:75 - [STDERR_REDIRECT] 
2025-08-11 22:38:01,896 [ERROR] LogOutputStream:75 - [STDERR_REDIRECT] [Fatal Error] :1:1: Premature end of file.
2025-08-11 22:38:01,896 [ERROR] LogOutputStream:75 - [STDERR_REDIRECT] 
2025-08-11 22:38:02,896 [ERROR] LogOutputStream:75 - [STDERR_REDIRECT] [Fatal Error] :1:1: Premature end of file.
2025-08-11 22:38:02,896 [ERROR] LogOutputStream:75 - [STDERR_REDIRECT] 
2025-08-11 22:38:03,881 [ERROR] LogOutputStream:75 - [STDERR_REDIRECT] [Fatal Error] :1:1: Premature end of file.
2025-08-11 22:38:03,881 [ERROR] LogOutputStream:75 - [STDERR_REDIRECT] 
2025-08-11 22:38:04,895 [ERROR] LogOutputStream:75 - [STDERR_REDIRECT] [Fatal Error] :1:1: Premature end of file.
2025-08-11 22:38:04,895 [ERROR] LogOutputStream:75 - [STDERR_REDIRECT] 
2025-08-11 22:38:05,882 [ERROR] LogOutputStream:75 - [STDERR_REDIRECT] [Fatal Error] :1:1: Premature end of file.
2025-08-11 22:38:05,882 [ERROR] LogOutputStream:75 - [STDERR_REDIRECT] 
2025-08-11 22:38:06,884 [ERROR] LogOutputStream:75 - [STDERR_REDIRECT] [Fatal Error] :1:1: Premature end of file.
2025-08-11 22:38:06,884 [ERROR] LogOutputStream:75 - [STDERR_REDIRECT] 
2025-08-11 22:38:07,906 [ERROR] LogOutputStream:75 - [STDERR_REDIRECT] [Fatal Error] :1:1: Premature end of file.
2025-08-11 22:38:07,906 [ERROR] LogOutputStream:75 - [STDERR_REDIRECT] 
2025-08-11 22:38:08,893 [ERROR] LogOutputStream:75 - [STDERR_REDIRECT] [Fatal Error] :1:1: Premature end of file.
2025-08-11 22:38:08,893 [ERROR] LogOutputStream:75 - [STDERR_REDIRECT] 
2025-08-11 22:38:09,894 [ERROR] LogOutputStream:75 - [STDERR_REDIRECT] [Fatal Error] :1:1: Premature end of file.
2025-08-11 22:38:09,894 [ERROR] LogOutputStream:75 - [STDERR_REDIRECT] 
2025-08-11 22:38:10,896 [ERROR] LogOutputStream:75 - [STDERR_REDIRECT] [Fatal Error] :1:1: Premature end of file.
2025-08-11 22:38:10,897 [ERROR] LogOutputStream:75 - [STDERR_REDIRECT] 
2025-08-11 22:38:11,898 [ERROR] LogOutputStream:75 - [STDERR_REDIRECT] [Fatal Error] :1:1: Premature end of file.
2025-08-11 22:38:11,898 [ERROR] LogOutputStream:75 - [STDERR_REDIRECT] 
2025-08-11 22:38:12,899 [ERROR] LogOutputStream:75 - [STDERR_REDIRECT] [Fatal Error] :1:1: Premature end of file.
2025-08-11 22:38:12,899 [ERROR] LogOutputStream:75 - [STDERR_REDIRECT] 
2025-08-11 22:38:13,894 [ERROR] LogOutputStream:75 - [STDERR_REDIRECT] [Fatal Error] :1:1: Premature end of file.
2025-08-11 22:38:13,894 [ERROR] LogOutputStream:75 - [STDERR_REDIRECT] 
2025-08-11 22:38:14,896 [ERROR] LogOutputStream:75 - [STDERR_REDIRECT] [Fatal Error] :1:1: Premature end of file.
2025-08-11 22:38:14,896 [ERROR] LogOutputStream:75 - [STDERR_REDIRECT] 
2025-08-11 22:38:15,897 [ERROR] LogOutputStream:75 - [STDERR_REDIRECT] [Fatal Error] :1:1: Premature end of file.
2025-08-11 22:38:15,897 [ERROR] LogOutputStream:75 - [STDERR_REDIRECT] 
2025-08-11 22:38:16,896 [ERROR] LogOutputStream:75 - [STDERR_REDIRECT] [Fatal Error] :1:1: Premature end of file.
2025-08-11 22:38:16,896 [ERROR] LogOutputStream:75 - [STDERR_REDIRECT] 
2025-08-11 22:38:17,892 [ERROR] LogOutputStream:75 - [STDERR_REDIRECT] [Fatal Error] :1:1: Premature end of file.
2025-08-11 22:38:17,893 [ERROR] LogOutputStream:75 - [STDERR_REDIRECT] 
2025-08-11 22:38:18,895 [ERROR] LogOutputStream:75 - [STDERR_REDIRECT] [Fatal Error] :1:1: Premature end of file.
2025-08-11 22:38:18,895 [ERROR] LogOutputStream:75 - [STDERR_REDIRECT] 
2025-08-11 22:38:19,901 [ERROR] LogOutputStream:75 - [STDERR_REDIRECT] [Fatal Error] :1:1: Premature end of file.
2025-08-11 22:38:19,901 [ERROR] LogOutputStream:75 - [STDERR_REDIRECT] 
2025-08-11 22:38:20,900 [ERROR] LogOutputStream:75 - [STDERR_REDIRECT] [Fatal Error] :1:1: Premature end of file.
2025-08-11 22:38:20,900 [ERROR] LogOutputStream:75 - [STDERR_REDIRECT] 
2025-08-11 22:38:21,895 [ERROR] LogOutputStream:75 - [STDERR_REDIRECT] [Fatal Error] :1:1: Premature end of file.
2025-08-11 22:38:21,895 [ERROR] LogOutputStream:75 - [STDERR_REDIRECT] 
2025-08-11 22:38:22,896 [ERROR] LogOutputStream:75 - [STDERR_REDIRECT] [Fatal Error] :1:1: Premature end of file.
2025-08-11 22:38:22,896 [ERROR] LogOutputStream:75 - [STDERR_REDIRECT] 
2025-08-11 22:38:23,892 [ERROR] LogOutputStream:75 - [STDERR_REDIRECT] [Fatal Error] :1:1: Premature end of file.
2025-08-11 22:38:23,892 [ERROR] LogOutputStream:75 - [STDERR_REDIRECT] 
2025-08-11 22:38:24,894 [ERROR] LogOutputStream:75 - [STDERR_REDIRECT] [Fatal Error] :1:1: Premature end of file.
2025-08-11 22:38:24,894 [ERROR] LogOutputStream:75 - [STDERR_REDIRECT] 
2025-08-11 22:38:25,895 [ERROR] LogOutputStream:75 - [STDERR_REDIRECT] [Fatal Error] :1:1: Premature end of file.
2025-08-11 22:38:25,896 [ERROR] LogOutputStream:75 - [STDERR_REDIRECT] 
2025-08-11 22:38:26,894 [ERROR] LogOutputStream:75 - [STDERR_REDIRECT] [Fatal Error] :1:1: Premature end of file.
2025-08-11 22:38:26,894 [ERROR] LogOutputStream:75 - [STDERR_REDIRECT] 
2025-08-11 22:38:27,883 [ERROR] LogOutputStream:75 - [STDERR_REDIRECT] [Fatal Error] :1:1: Premature end of file.
2025-08-11 22:38:27,883 [ERROR] LogOutputStream:75 - [STDERR_REDIRECT] 
2025-08-11 22:38:28,882 [ERROR] LogOutputStream:75 - [STDERR_REDIRECT] [Fatal Error] :1:1: Premature end of file.
2025-08-11 22:38:28,882 [ERROR] LogOutputStream:75 - [STDERR_REDIRECT] 
2025-08-11 22:38:29,879 [ERROR] LogOutputStream:75 - [STDERR_REDIRECT] [Fatal Error] :1:1: Premature end of file.
2025-08-11 22:38:29,879 [ERROR] LogOutputStream:75 - [STDERR_REDIRECT] 
2025-08-11 22:38:30,877 [ERROR] LogOutputStream:75 - [STDERR_REDIRECT] [Fatal Error] :1:1: Premature end of file.
2025-08-11 22:38:30,877 [ERROR] LogOutputStream:75 - [STDERR_REDIRECT] 
2025-08-11 22:38:31,880 [ERROR] LogOutputStream:75 - [STDERR_REDIRECT] [Fatal Error] :1:1: Premature end of file.
2025-08-11 22:38:31,880 [ERROR] LogOutputStream:75 - [STDERR_REDIRECT] 
2025-08-11 22:38:32,885 [ERROR] LogOutputStream:75 - [STDERR_REDIRECT] [Fatal Error] :1:1: Premature end of file.
2025-08-11 22:38:32,885 [ERROR] LogOutputStream:75 - [STDERR_REDIRECT] 
2025-08-11 22:38:33,891 [ERROR] LogOutputStream:75 - [STDERR_REDIRECT] [Fatal Error] :1:1: Premature end of file.
2025-08-11 22:38:33,891 [ERROR] LogOutputStream:75 - [STDERR_REDIRECT] 
2025-08-11 22:38:34,897 [ERROR] LogOutputStream:75 - [STDERR_REDIRECT] [Fatal Error] :1:1: Premature end of file.
2025-08-11 22:38:34,898 [ERROR] LogOutputStream:75 - [STDERR_REDIRECT] 
2025-08-11 22:38:35,880 [ERROR] LogOutputStream:75 - [STDERR_REDIRECT] [Fatal Error] :1:1: Premature end of file.
2025-08-11 22:38:35,880 [ERROR] LogOutputStream:75 - [STDERR_REDIRECT] 
2025-08-11 22:38:36,884 [ERROR] LogOutputStream:75 - [STDERR_REDIRECT] [Fatal Error] :1:1: Premature end of file.
2025-08-11 22:38:36,884 [ERROR] LogOutputStream:75 - [STDERR_REDIRECT] 
2025-08-11 22:38:37,895 [ERROR] LogOutputStream:75 - [STDERR_REDIRECT] [Fatal Error] :1:1: Premature end of file.
2025-08-11 22:38:37,895 [ERROR] LogOutputStream:75 - [STDERR_REDIRECT] 
2025-08-11 22:38:38,892 [ERROR] LogOutputStream:75 - [STDERR_REDIRECT] [Fatal Error] :1:1: Premature end of file.
2025-08-11 22:38:38,892 [ERROR] LogOutputStream:75 - [STDERR_REDIRECT] 
2025-08-11 22:38:39,900 [ERROR] LogOutputStream:75 - [STDERR_REDIRECT] [Fatal Error] :1:1: Premature end of file.
2025-08-11 22:38:39,908 [ERROR] LogOutputStream:75 - [STDERR_REDIRECT] 
2025-08-11 22:38:40,893 [ERROR] LogOutputStream:75 - [STDERR_REDIRECT] [Fatal Error] :1:1: Premature end of file.
2025-08-11 22:38:40,893 [ERROR] LogOutputStream:75 - [STDERR_REDIRECT] 
2025-08-11 22:38:41,902 [ERROR] LogOutputStream:75 - [STDERR_REDIRECT] [Fatal Error] :1:1: Premature end of file.
2025-08-11 22:38:41,902 [ERROR] LogOutputStream:75 - [STDERR_REDIRECT] 
2025-08-11 22:38:42,901 [ERROR] LogOutputStream:75 - [STDERR_REDIRECT] [Fatal Error] :1:1: Premature end of file.
2025-08-11 22:38:42,901 [ERROR] LogOutputStream:75 - [STDERR_REDIRECT] 
2025-08-11 22:38:43,900 [ERROR] LogOutputStream:75 - [STDERR_REDIRECT] [Fatal Error] :1:1: Premature end of file.
2025-08-11 22:38:43,900 [ERROR] LogOutputStream:75 - [STDERR_REDIRECT] 
2025-08-11 22:38:44,886 [ERROR] LogOutputStream:75 - [STDERR_REDIRECT] [Fatal Error] :1:1: Premature end of file.
2025-08-11 22:38:44,886 [ERROR] LogOutputStream:75 - [STDERR_REDIRECT] 
2025-08-11 22:38:45,907 [ERROR] LogOutputStream:75 - [STDERR_REDIRECT] [Fatal Error] :1:1: Premature end of file.
2025-08-11 22:38:45,907 [ERROR] LogOutputStream:75 - [STDERR_REDIRECT] 
2025-08-11 22:38:46,887 [ERROR] LogOutputStream:75 - [STDERR_REDIRECT] [Fatal Error] :1:1: Premature end of file.
2025-08-11 22:38:46,887 [ERROR] LogOutputStream:75 - [STDERR_REDIRECT] 
2025-08-11 22:38:47,884 [ERROR] LogOutputStream:75 - [STDERR_REDIRECT] [Fatal Error] :1:1: Premature end of file.
2025-08-11 22:38:47,884 [ERROR] LogOutputStream:75 - [STDERR_REDIRECT] 
2025-08-11 22:38:48,887 [ERROR] LogOutputStream:75 - [STDERR_REDIRECT] [Fatal Error] :1:1: Premature end of file.
2025-08-11 22:38:48,887 [ERROR] LogOutputStream:75 - [STDERR_REDIRECT] 
2025-08-11 22:38:49,888 [ERROR] LogOutputStream:75 - [STDERR_REDIRECT] [Fatal Error] :1:1: Premature end of file.
2025-08-11 22:38:49,888 [ERROR] LogOutputStream:75 - [STDERR_REDIRECT] 
2025-08-11 22:38:50,898 [ERROR] LogOutputStream:75 - [STDERR_REDIRECT] [Fatal Error] :1:1: Premature end of file.
2025-08-11 22:38:50,898 [ERROR] LogOutputStream:75 - [STDERR_REDIRECT] 
2025-08-11 22:38:51,877 [ERROR] LogOutputStream:75 - [STDERR_REDIRECT] [Fatal Error] :1:1: Premature end of file.
2025-08-11 22:38:51,877 [ERROR] LogOutputStream:75 - [STDERR_REDIRECT] 
2025-08-11 22:38:52,879 [ERROR] LogOutputStream:75 - [STDERR_REDIRECT] [Fatal Error] :1:1: Premature end of file.
2025-08-11 22:38:52,879 [ERROR] LogOutputStream:75 - [STDERR_REDIRECT] 
2025-08-11 22:38:53,893 [ERROR] LogOutputStream:75 - [STDERR_REDIRECT] [Fatal Error] :1:1: Premature end of file.
2025-08-11 22:38:53,893 [ERROR] LogOutputStream:75 - [STDERR_REDIRECT] 
2025-08-11 22:38:54,893 [ERROR] LogOutputStream:75 - [STDERR_REDIRECT] [Fatal Error] :1:1: Premature end of file.
2025-08-11 22:38:54,893 [ERROR] LogOutputStream:75 - [STDERR_REDIRECT] 
2025-08-11 22:38:55,892 [ERROR] LogOutputStream:75 - [STDERR_REDIRECT] [Fatal Error] :1:1: Premature end of file.
2025-08-11 22:38:55,892 [ERROR] LogOutputStream:75 - [STDERR_REDIRECT] 
2025-08-11 22:38:56,889 [ERROR] LogOutputStream:75 - [STDERR_REDIRECT] [Fatal Error] :1:1: Premature end of file.
2025-08-11 22:38:56,889 [ERROR] LogOutputStream:75 - [STDERR_REDIRECT] 
2025-08-11 22:38:57,885 [ERROR] LogOutputStream:75 - [STDERR_REDIRECT] [Fatal Error] :1:1: Premature end of file.
2025-08-11 22:38:57,885 [ERROR] LogOutputStream:75 - [STDERR_REDIRECT] 
2025-08-11 22:38:58,887 [ERROR] LogOutputStream:75 - [STDERR_REDIRECT] [Fatal Error] :1:1: Premature end of file.
2025-08-11 22:38:58,887 [ERROR] LogOutputStream:75 - [STDERR_REDIRECT] 
2025-08-11 22:38:59,902 [ERROR] LogOutputStream:75 - [STDERR_REDIRECT] [Fatal Error] :1:1: Premature end of file.
2025-08-11 22:38:59,902 [ERROR] LogOutputStream:75 - [STDERR_REDIRECT] 
2025-08-11 22:39:00,905 [ERROR] LogOutputStream:75 - [STDERR_REDIRECT] [Fatal Error] :1:1: Premature end of file.
2025-08-11 22:39:00,905 [ERROR] LogOutputStream:75 - [STDERR_REDIRECT] 
2025-08-11 22:39:01,900 [ERROR] LogOutputStream:75 - [STDERR_REDIRECT] [Fatal Error] :1:1: Premature end of file.
2025-08-11 22:39:01,900 [ERROR] LogOutputStream:75 - [STDERR_REDIRECT] 
2025-08-11 22:39:02,900 [ERROR] LogOutputStream:75 - [STDERR_REDIRECT] [Fatal Error] :1:1: Premature end of file.
2025-08-11 22:39:02,900 [ERROR] LogOutputStream:75 - [STDERR_REDIRECT] 
2025-08-11 22:39:03,914 [ERROR] LogOutputStream:75 - [STDERR_REDIRECT] [Fatal Error] :1:1: Premature end of file.
2025-08-11 22:39:03,914 [ERROR] LogOutputStream:75 - [STDERR_REDIRECT] 
2025-08-11 22:39:04,894 [ERROR] LogOutputStream:75 - [STDERR_REDIRECT] [Fatal Error] :1:1: Premature end of file.
2025-08-11 22:39:04,894 [ERROR] LogOutputStream:75 - [STDERR_REDIRECT] 
2025-08-11 22:39:05,896 [ERROR] LogOutputStream:75 - [STDERR_REDIRECT] [Fatal Error] :1:1: Premature end of file.
2025-08-11 22:39:05,899 [ERROR] LogOutputStream:75 - [STDERR_REDIRECT] 
2025-08-11 22:39:06,902 [ERROR] LogOutputStream:75 - [STDERR_REDIRECT] [Fatal Error] :1:1: Premature end of file.
2025-08-11 22:39:06,902 [ERROR] LogOutputStream:75 - [STDERR_REDIRECT] 
2025-08-11 22:39:07,891 [ERROR] LogOutputStream:75 - [STDERR_REDIRECT] [Fatal Error] :1:1: Premature end of file.
2025-08-11 22:39:07,891 [ERROR] LogOutputStream:75 - [STDERR_REDIRECT] 
2025-08-11 22:39:08,891 [ERROR] LogOutputStream:75 - [STDERR_REDIRECT] [Fatal Error] :1:1: Premature end of file.
2025-08-11 22:39:08,891 [ERROR] LogOutputStream:75 - [STDERR_REDIRECT] 
2025-08-11 22:39:09,900 [ERROR] LogOutputStream:75 - [STDERR_REDIRECT] [Fatal Error] :1:1: Premature end of file.
2025-08-11 22:39:09,900 [ERROR] LogOutputStream:75 - [STDERR_REDIRECT] 
2025-08-11 22:39:10,898 [ERROR] LogOutputStream:75 - [STDERR_REDIRECT] [Fatal Error] :1:1: Premature end of file.
2025-08-11 22:39:10,898 [ERROR] LogOutputStream:75 - [STDERR_REDIRECT] 
2025-08-11 22:39:11,900 [ERROR] LogOutputStream:75 - [STDERR_REDIRECT] [Fatal Error] :1:1: Premature end of file.
2025-08-11 22:39:11,900 [ERROR] LogOutputStream:75 - [STDERR_REDIRECT] 
2025-08-11 22:39:12,911 [ERROR] LogOutputStream:75 - [STDERR_REDIRECT] [Fatal Error] :1:1: Premature end of file.
2025-08-11 22:39:12,911 [ERROR] LogOutputStream:75 - [STDERR_REDIRECT] 
2025-08-11 22:39:13,888 [ERROR] LogOutputStream:75 - [STDERR_REDIRECT] [Fatal Error] :1:1: Premature end of file.
2025-08-11 22:39:13,888 [ERROR] LogOutputStream:75 - [STDERR_REDIRECT] 
2025-08-11 22:39:14,903 [ERROR] LogOutputStream:75 - [STDERR_REDIRECT] [Fatal Error] :1:1: Premature end of file.
2025-08-11 22:39:14,903 [ERROR] LogOutputStream:75 - [STDERR_REDIRECT] 
2025-08-11 22:39:15,905 [ERROR] LogOutputStream:75 - [STDERR_REDIRECT] [Fatal Error] :1:1: Premature end of file.
2025-08-11 22:39:15,905 [ERROR] LogOutputStream:75 - [STDERR_REDIRECT] 
2025-08-11 22:39:16,901 [ERROR] LogOutputStream:75 - [STDERR_REDIRECT] [Fatal Error] :1:1: Premature end of file.
2025-08-11 22:39:16,901 [ERROR] LogOutputStream:75 - [STDERR_REDIRECT] 
2025-08-11 22:39:17,901 [ERROR] LogOutputStream:75 - [STDERR_REDIRECT] [Fatal Error] :1:1: Premature end of file.
2025-08-11 22:39:17,901 [ERROR] LogOutputStream:75 - [STDERR_REDIRECT] 
2025-08-11 22:39:18,889 [ERROR] LogOutputStream:75 - [STDERR_REDIRECT] [Fatal Error] :1:1: Premature end of file.
2025-08-11 22:39:18,889 [ERROR] LogOutputStream:75 - [STDERR_REDIRECT] 
2025-08-11 22:39:19,910 [ERROR] LogOutputStream:75 - [STDERR_REDIRECT] [Fatal Error] :1:1: Premature end of file.
2025-08-11 22:39:19,910 [ERROR] LogOutputStream:75 - [STDERR_REDIRECT] 
2025-08-11 22:39:20,894 [ERROR] LogOutputStream:75 - [STDERR_REDIRECT] [Fatal Error] :1:1: Premature end of file.
2025-08-11 22:39:20,894 [ERROR] LogOutputStream:75 - [STDERR_REDIRECT] 
2025-08-11 22:39:21,903 [ERROR] LogOutputStream:75 - [STDERR_REDIRECT] [Fatal Error] :1:1: Premature end of file.
2025-08-11 22:39:21,903 [ERROR] LogOutputStream:75 - [STDERR_REDIRECT] 
2025-08-11 22:39:22,886 [ERROR] LogOutputStream:75 - [STDERR_REDIRECT] [Fatal Error] :1:1: Premature end of file.
2025-08-11 22:39:22,886 [ERROR] LogOutputStream:75 - [STDERR_REDIRECT] 
2025-08-11 22:39:23,891 [ERROR] LogOutputStream:75 - [STDERR_REDIRECT] [Fatal Error] :1:1: Premature end of file.
2025-08-11 22:39:23,891 [ERROR] LogOutputStream:75 - [STDERR_REDIRECT] 
2025-08-11 22:39:24,899 [ERROR] LogOutputStream:75 - [STDERR_REDIRECT] [Fatal Error] :1:1: Premature end of file.
2025-08-11 22:39:24,899 [ERROR] LogOutputStream:75 - [STDERR_REDIRECT] 
2025-08-11 22:39:25,893 [ERROR] LogOutputStream:75 - [STDERR_REDIRECT] [Fatal Error] :1:1: Premature end of file.
2025-08-11 22:39:25,893 [ERROR] LogOutputStream:75 - [STDERR_REDIRECT] 
2025-08-11 22:39:26,901 [ERROR] LogOutputStream:75 - [STDERR_REDIRECT] [Fatal Error] :1:1: Premature end of file.
2025-08-11 22:39:26,901 [ERROR] LogOutputStream:75 - [STDERR_REDIRECT] 
2025-08-11 22:39:27,902 [ERROR] LogOutputStream:75 - [STDERR_REDIRECT] [Fatal Error] :1:1: Premature end of file.
2025-08-11 22:39:27,902 [ERROR] LogOutputStream:75 - [STDERR_REDIRECT] 
2025-08-11 22:39:28,894 [ERROR] LogOutputStream:75 - [STDERR_REDIRECT] [Fatal Error] :1:1: Premature end of file.
2025-08-11 22:39:28,894 [ERROR] LogOutputStream:75 - [STDERR_REDIRECT] 
2025-08-11 22:39:29,898 [ERROR] LogOutputStream:75 - [STDERR_REDIRECT] [Fatal Error] :1:1: Premature end of file.
2025-08-11 22:39:29,898 [ERROR] LogOutputStream:75 - [STDERR_REDIRECT] 
2025-08-11 22:39:30,907 [ERROR] LogOutputStream:75 - [STDERR_REDIRECT] [Fatal Error] :1:1: Premature end of file.
2025-08-11 22:39:30,907 [ERROR] LogOutputStream:75 - [STDERR_REDIRECT] 
2025-08-11 22:39:31,895 [ERROR] LogOutputStream:75 - [STDERR_REDIRECT] [Fatal Error] :1:1: Premature end of file.
2025-08-11 22:39:31,895 [ERROR] LogOutputStream:75 - [STDERR_REDIRECT] 
2025-08-11 22:39:32,901 [ERROR] LogOutputStream:75 - [STDERR_REDIRECT] [Fatal Error] :1:1: Premature end of file.
2025-08-11 22:39:32,901 [ERROR] LogOutputStream:75 - [STDERR_REDIRECT] 
2025-08-11 22:39:33,908 [ERROR] LogOutputStream:75 - [STDERR_REDIRECT] [Fatal Error] :1:1: Premature end of file.
2025-08-11 22:39:33,908 [ERROR] LogOutputStream:75 - [STDERR_REDIRECT] 
2025-08-11 22:39:34,884 [ERROR] LogOutputStream:75 - [STDERR_REDIRECT] [Fatal Error] :1:1: Premature end of file.
2025-08-11 22:39:34,884 [ERROR] LogOutputStream:75 - [STDERR_REDIRECT] 
2025-08-11 22:39:35,905 [ERROR] LogOutputStream:75 - [STDERR_REDIRECT] [Fatal Error] :1:1: Premature end of file.
2025-08-11 22:39:35,905 [ERROR] LogOutputStream:75 - [STDERR_REDIRECT] 
2025-08-11 22:39:36,911 [ERROR] LogOutputStream:75 - [STDERR_REDIRECT] [Fatal Error] :1:1: Premature end of file.
2025-08-11 22:39:36,911 [ERROR] LogOutputStream:75 - [STDERR_REDIRECT] 
2025-08-11 22:39:37,904 [ERROR] LogOutputStream:75 - [STDERR_REDIRECT] [Fatal Error] :1:1: Premature end of file.
2025-08-11 22:39:37,904 [ERROR] LogOutputStream:75 - [STDERR_REDIRECT] 
2025-08-11 22:39:38,906 [ERROR] LogOutputStream:75 - [STDERR_REDIRECT] [Fatal Error] :1:1: Premature end of file.
2025-08-11 22:39:38,906 [ERROR] LogOutputStream:75 - [STDERR_REDIRECT] 
2025-08-11 22:39:39,903 [ERROR] LogOutputStream:75 - [STDERR_REDIRECT] [Fatal Error] :1:1: Premature end of file.
2025-08-11 22:39:39,903 [ERROR] LogOutputStream:75 - [STDERR_REDIRECT] 
2025-08-11 22:39:40,906 [ERROR] LogOutputStream:75 - [STDERR_REDIRECT] [Fatal Error] :1:1: Premature end of file.
2025-08-11 22:39:40,906 [ERROR] LogOutputStream:75 - [STDERR_REDIRECT] 
2025-08-11 22:39:41,901 [ERROR] LogOutputStream:75 - [STDERR_REDIRECT] [Fatal Error] :1:1: Premature end of file.
2025-08-11 22:39:41,901 [ERROR] LogOutputStream:75 - [STDERR_REDIRECT] 
2025-08-11 22:39:42,896 [ERROR] LogOutputStream:75 - [STDERR_REDIRECT] [Fatal Error] :1:1: Premature end of file.
2025-08-11 22:39:42,896 [ERROR] LogOutputStream:75 - [STDERR_REDIRECT] 
2025-08-11 22:39:43,909 [ERROR] LogOutputStream:75 - [STDERR_REDIRECT] [Fatal Error] :1:1: Premature end of file.
2025-08-11 22:39:43,909 [ERROR] LogOutputStream:75 - [STDERR_REDIRECT] 
2025-08-11 22:39:44,891 [ERROR] LogOutputStream:75 - [STDERR_REDIRECT] [Fatal Error] :1:1: Premature end of file.
2025-08-11 22:39:44,891 [ERROR] LogOutputStream:75 - [STDERR_REDIRECT] 
2025-08-11 22:39:45,884 [ERROR] LogOutputStream:75 - [STDERR_REDIRECT] [Fatal Error] :1:1: Premature end of file.
2025-08-11 22:39:45,884 [ERROR] LogOutputStream:75 - [STDERR_REDIRECT] 
2025-08-11 22:39:46,900 [ERROR] LogOutputStream:75 - [STDERR_REDIRECT] [Fatal Error] :1:1: Premature end of file.
2025-08-11 22:39:46,900 [ERROR] LogOutputStream:75 - [STDERR_REDIRECT] 
2025-08-11 22:39:47,884 [ERROR] LogOutputStream:75 - [STDERR_REDIRECT] [Fatal Error] :1:1: Premature end of file.
2025-08-11 22:39:47,884 [ERROR] LogOutputStream:75 - [STDERR_REDIRECT] 
2025-08-11 22:39:48,894 [ERROR] LogOutputStream:75 - [STDERR_REDIRECT] [Fatal Error] :1:1: Premature end of file.
2025-08-11 22:39:48,894 [ERROR] LogOutputStream:75 - [STDERR_REDIRECT] 
2025-08-11 22:39:49,906 [ERROR] LogOutputStream:75 - [STDERR_REDIRECT] [Fatal Error] :1:1: Premature end of file.
2025-08-11 22:39:49,906 [ERROR] LogOutputStream:75 - [STDERR_REDIRECT] 
2025-08-11 22:39:50,909 [ERROR] LogOutputStream:75 - [STDERR_REDIRECT] [Fatal Error] :1:1: Premature end of file.
2025-08-11 22:39:50,909 [ERROR] LogOutputStream:75 - [STDERR_REDIRECT] 
2025-08-11 22:39:51,894 [ERROR] LogOutputStream:75 - [STDERR_REDIRECT] [Fatal Error] :1:1: Premature end of file.
2025-08-11 22:39:51,894 [ERROR] LogOutputStream:75 - [STDERR_REDIRECT] 
2025-08-11 22:39:52,899 [ERROR] LogOutputStream:75 - [STDERR_REDIRECT] [Fatal Error] :1:1: Premature end of file.
2025-08-11 22:39:52,899 [ERROR] LogOutputStream:75 - [STDERR_REDIRECT] 
2025-08-11 22:39:53,905 [ERROR] LogOutputStream:75 - [STDERR_REDIRECT] [Fatal Error] :1:1: Premature end of file.
2025-08-11 22:39:53,905 [ERROR] LogOutputStream:75 - [STDERR_REDIRECT] 
2025-08-11 22:39:54,890 [ERROR] LogOutputStream:75 - [STDERR_REDIRECT] [Fatal Error] :1:1: Premature end of file.
2025-08-11 22:39:54,890 [ERROR] LogOutputStream:75 - [STDERR_REDIRECT] 
2025-08-11 22:39:55,886 [ERROR] LogOutputStream:75 - [STDERR_REDIRECT] [Fatal Error] :1:1: Premature end of file.
2025-08-11 22:39:55,886 [ERROR] LogOutputStream:75 - [STDERR_REDIRECT] 
2025-08-11 22:39:56,895 [ERROR] LogOutputStream:75 - [STDERR_REDIRECT] [Fatal Error] :1:1: Premature end of file.
2025-08-11 22:39:56,895 [ERROR] LogOutputStream:75 - [STDERR_REDIRECT] 
2025-08-11 22:39:57,894 [ERROR] LogOutputStream:75 - [STDERR_REDIRECT] [Fatal Error] :1:1: Premature end of file.
2025-08-11 22:39:57,894 [ERROR] LogOutputStream:75 - [STDERR_REDIRECT] 
2025-08-11 22:39:58,901 [ERROR] LogOutputStream:75 - [STDERR_REDIRECT] [Fatal Error] :1:1: Premature end of file.
2025-08-11 22:39:58,901 [ERROR] LogOutputStream:75 - [STDERR_REDIRECT] 
2025-08-11 22:39:59,901 [ERROR] LogOutputStream:75 - [STDERR_REDIRECT] [Fatal Error] :1:1: Premature end of file.
2025-08-11 22:39:59,901 [ERROR] LogOutputStream:75 - [STDERR_REDIRECT] 
2025-08-11 22:40:00,889 [ERROR] LogOutputStream:75 - [STDERR_REDIRECT] [Fatal Error] :1:1: Premature end of file.
2025-08-11 22:40:00,889 [ERROR] LogOutputStream:75 - [STDERR_REDIRECT] 
2025-08-11 22:40:01,901 [ERROR] LogOutputStream:75 - [STDERR_REDIRECT] [Fatal Error] :1:1: Premature end of file.
2025-08-11 22:40:01,901 [ERROR] LogOutputStream:75 - [STDERR_REDIRECT] 
2025-08-11 22:40:02,901 [ERROR] LogOutputStream:75 - [STDERR_REDIRECT] [Fatal Error] :1:1: Premature end of file.
2025-08-11 22:40:02,901 [ERROR] LogOutputStream:75 - [STDERR_REDIRECT] 
2025-08-11 22:40:03,884 [ERROR] LogOutputStream:75 - [STDERR_REDIRECT] [Fatal Error] :1:1: Premature end of file.
2025-08-11 22:40:03,884 [ERROR] LogOutputStream:75 - [STDERR_REDIRECT] 
2025-08-11 22:40:04,893 [ERROR] LogOutputStream:75 - [STDERR_REDIRECT] [Fatal Error] :1:1: Premature end of file.
2025-08-11 22:40:04,893 [ERROR] LogOutputStream:75 - [STDERR_REDIRECT] 
2025-08-11 22:40:05,930 [ERROR] LogOutputStream:75 - [STDERR_REDIRECT] [Fatal Error] :1:1: Premature end of file.
2025-08-11 22:40:05,933 [ERROR] LogOutputStream:75 - [STDERR_REDIRECT] 
2025-08-11 22:40:06,897 [ERROR] LogOutputStream:75 - [STDERR_REDIRECT] [Fatal Error] :1:1: Premature end of file.
2025-08-11 22:40:06,897 [ERROR] LogOutputStream:75 - [STDERR_REDIRECT] 
2025-08-11 22:40:07,892 [ERROR] LogOutputStream:75 - [STDERR_REDIRECT] [Fatal Error] :1:1: Premature end of file.
2025-08-11 22:40:07,892 [ERROR] LogOutputStream:75 - [STDERR_REDIRECT] 
2025-08-11 22:40:08,885 [ERROR] LogOutputStream:75 - [STDERR_REDIRECT] [Fatal Error] :1:1: Premature end of file.
2025-08-11 22:40:08,885 [ERROR] LogOutputStream:75 - [STDERR_REDIRECT] 
2025-08-11 22:40:09,896 [ERROR] LogOutputStream:75 - [STDERR_REDIRECT] [Fatal Error] :1:1: Premature end of file.
2025-08-11 22:40:09,896 [ERROR] LogOutputStream:75 - [STDERR_REDIRECT] 
2025-08-11 22:40:10,901 [ERROR] LogOutputStream:75 - [STDERR_REDIRECT] [Fatal Error] :1:1: Premature end of file.
2025-08-11 22:40:10,901 [ERROR] LogOutputStream:75 - [STDERR_REDIRECT] 
2025-08-11 22:40:11,894 [ERROR] LogOutputStream:75 - [STDERR_REDIRECT] [Fatal Error] :1:1: Premature end of file.
2025-08-11 22:40:11,894 [ERROR] LogOutputStream:75 - [STDERR_REDIRECT] 
2025-08-11 22:40:12,891 [ERROR] LogOutputStream:75 - [STDERR_REDIRECT] [Fatal Error] :1:1: Premature end of file.
2025-08-11 22:40:12,891 [ERROR] LogOutputStream:75 - [STDERR_REDIRECT] 
2025-08-11 22:40:13,886 [ERROR] LogOutputStream:75 - [STDERR_REDIRECT] [Fatal Error] :1:1: Premature end of file.
2025-08-11 22:40:13,886 [ERROR] LogOutputStream:75 - [STDERR_REDIRECT] 
2025-08-11 22:40:14,893 [ERROR] LogOutputStream:75 - [STDERR_REDIRECT] [Fatal Error] :1:1: Premature end of file.
2025-08-11 22:40:14,893 [ERROR] LogOutputStream:75 - [STDERR_REDIRECT] 
2025-08-11 22:40:15,891 [ERROR] LogOutputStream:75 - [STDERR_REDIRECT] [Fatal Error] :1:1: Premature end of file.
2025-08-11 22:40:15,891 [ERROR] LogOutputStream:75 - [STDERR_REDIRECT] 
2025-08-11 22:40:16,876 [ERROR] LogOutputStream:75 - [STDERR_REDIRECT] [Fatal Error] :1:1: Premature end of file.
2025-08-11 22:40:16,876 [ERROR] LogOutputStream:75 - [STDERR_REDIRECT] 
2025-08-11 22:40:17,883 [ERROR] LogOutputStream:75 - [STDERR_REDIRECT] [Fatal Error] :1:1: Premature end of file.
2025-08-11 22:40:17,883 [ERROR] LogOutputStream:75 - [STDERR_REDIRECT] 
2025-08-11 22:40:18,901 [ERROR] LogOutputStream:75 - [STDERR_REDIRECT] [Fatal Error] :1:1: Premature end of file.
2025-08-11 22:40:18,901 [ERROR] LogOutputStream:75 - [STDERR_REDIRECT] 
2025-08-11 22:40:19,900 [ERROR] LogOutputStream:75 - [STDERR_REDIRECT] [Fatal Error] :1:1: Premature end of file.
2025-08-11 22:40:19,900 [ERROR] LogOutputStream:75 - [STDERR_REDIRECT] 
2025-08-11 22:40:20,905 [ERROR] LogOutputStream:75 - [STDERR_REDIRECT] [Fatal Error] :1:1: Premature end of file.
2025-08-11 22:40:20,905 [ERROR] LogOutputStream:75 - [STDERR_REDIRECT] 
2025-08-11 22:40:21,891 [ERROR] LogOutputStream:75 - [STDERR_REDIRECT] [Fatal Error] :1:1: Premature end of file.
2025-08-11 22:40:21,891 [ERROR] LogOutputStream:75 - [STDERR_REDIRECT] 
2025-08-11 22:40:22,931 [ERROR] LogOutputStream:75 - [STDERR_REDIRECT] [Fatal Error] :1:1: Premature end of file.
2025-08-11 22:40:22,931 [ERROR] LogOutputStream:75 - [STDERR_REDIRECT] 
2025-08-11 22:40:23,895 [ERROR] LogOutputStream:75 - [STDERR_REDIRECT] [Fatal Error] :1:1: Premature end of file.
2025-08-11 22:40:23,895 [ERROR] LogOutputStream:75 - [STDERR_REDIRECT] 
2025-08-11 22:40:24,897 [ERROR] LogOutputStream:75 - [STDERR_REDIRECT] [Fatal Error] :1:1: Premature end of file.
2025-08-11 22:40:24,897 [ERROR] LogOutputStream:75 - [STDERR_REDIRECT] 
2025-08-11 22:40:25,887 [ERROR] LogOutputStream:75 - [STDERR_REDIRECT] [Fatal Error] :1:1: Premature end of file.
2025-08-11 22:40:25,887 [ERROR] LogOutputStream:75 - [STDERR_REDIRECT] 
2025-08-11 22:40:26,903 [ERROR] LogOutputStream:75 - [STDERR_REDIRECT] [Fatal Error] :1:1: Premature end of file.
2025-08-11 22:40:26,903 [ERROR] LogOutputStream:75 - [STDERR_REDIRECT] 
2025-08-11 22:40:27,894 [ERROR] LogOutputStream:75 - [STDERR_REDIRECT] [Fatal Error] :1:1: Premature end of file.
2025-08-11 22:40:27,894 [ERROR] LogOutputStream:75 - [STDERR_REDIRECT] 
2025-08-11 22:40:28,904 [ERROR] LogOutputStream:75 - [STDERR_REDIRECT] [Fatal Error] :1:1: Premature end of file.
2025-08-11 22:40:28,904 [ERROR] LogOutputStream:75 - [STDERR_REDIRECT] 
2025-08-11 22:40:29,892 [ERROR] LogOutputStream:75 - [STDERR_REDIRECT] [Fatal Error] :1:1: Premature end of file.
2025-08-11 22:40:29,892 [ERROR] LogOutputStream:75 - [STDERR_REDIRECT] 
2025-08-11 22:40:30,885 [ERROR] LogOutputStream:75 - [STDERR_REDIRECT] [Fatal Error] :1:1: Premature end of file.
2025-08-11 22:40:30,885 [ERROR] LogOutputStream:75 - [STDERR_REDIRECT] 
2025-08-11 22:40:31,892 [ERROR] LogOutputStream:75 - [STDERR_REDIRECT] [Fatal Error] :1:1: Premature end of file.
2025-08-11 22:40:31,894 [ERROR] LogOutputStream:75 - [STDERR_REDIRECT] 
2025-08-11 22:40:32,894 [ERROR] LogOutputStream:75 - [STDERR_REDIRECT] [Fatal Error] :1:1: Premature end of file.
2025-08-11 22:40:32,894 [ERROR] LogOutputStream:75 - [STDERR_REDIRECT] 
2025-08-11 22:40:33,890 [ERROR] LogOutputStream:75 - [STDERR_REDIRECT] [Fatal Error] :1:1: Premature end of file.
2025-08-11 22:40:33,890 [ERROR] LogOutputStream:75 - [STDERR_REDIRECT] 
2025-08-11 22:40:34,897 [ERROR] LogOutputStream:75 - [STDERR_REDIRECT] [Fatal Error] :1:1: Premature end of file.
2025-08-11 22:40:34,897 [ERROR] LogOutputStream:75 - [STDERR_REDIRECT] 
2025-08-11 22:40:35,902 [ERROR] LogOutputStream:75 - [STDERR_REDIRECT] [Fatal Error] :1:1: Premature end of file.
2025-08-11 22:40:35,902 [ERROR] LogOutputStream:75 - [STDERR_REDIRECT] 
2025-08-11 22:40:36,889 [ERROR] LogOutputStream:75 - [STDERR_REDIRECT] [Fatal Error] :1:1: Premature end of file.
2025-08-11 22:40:36,889 [ERROR] LogOutputStream:75 - [STDERR_REDIRECT] 
2025-08-11 22:40:37,893 [ERROR] LogOutputStream:75 - [STDERR_REDIRECT] [Fatal Error] :1:1: Premature end of file.
2025-08-11 22:40:37,893 [ERROR] LogOutputStream:75 - [STDERR_REDIRECT] 
2025-08-11 22:40:38,898 [ERROR] LogOutputStream:75 - [STDERR_REDIRECT] [Fatal Error] :1:1: Premature end of file.
2025-08-11 22:40:38,898 [ERROR] LogOutputStream:75 - [STDERR_REDIRECT] 
2025-08-11 22:40:39,897 [ERROR] LogOutputStream:75 - [STDERR_REDIRECT] [Fatal Error] :1:1: Premature end of file.
2025-08-11 22:40:39,897 [ERROR] LogOutputStream:75 - [STDERR_REDIRECT] 
2025-08-11 22:40:40,900 [ERROR] LogOutputStream:75 - [STDERR_REDIRECT] [Fatal Error] :1:1: Premature end of file.
2025-08-11 22:40:40,900 [ERROR] LogOutputStream:75 - [STDERR_REDIRECT] 
2025-08-11 22:40:41,897 [ERROR] LogOutputStream:75 - [STDERR_REDIRECT] [Fatal Error] :1:1: Premature end of file.
2025-08-11 22:40:41,897 [ERROR] LogOutputStream:75 - [STDERR_REDIRECT] 
2025-08-11 22:40:42,900 [ERROR] LogOutputStream:75 - [STDERR_REDIRECT] [Fatal Error] :1:1: Premature end of file.
2025-08-11 22:40:42,900 [ERROR] LogOutputStream:75 - [STDERR_REDIRECT] 
2025-08-11 22:40:43,901 [ERROR] LogOutputStream:75 - [STDERR_REDIRECT] [Fatal Error] :1:1: Premature end of file.
2025-08-11 22:40:43,901 [ERROR] LogOutputStream:75 - [STDERR_REDIRECT] 
2025-08-11 22:40:44,898 [ERROR] LogOutputStream:75 - [STDERR_REDIRECT] [Fatal Error] :1:1: Premature end of file.
2025-08-11 22:40:44,899 [ERROR] LogOutputStream:75 - [STDERR_REDIRECT] 
2025-08-11 22:40:45,908 [ERROR] LogOutputStream:75 - [STDERR_REDIRECT] [Fatal Error] :1:1: Premature end of file.
2025-08-11 22:40:45,908 [ERROR] LogOutputStream:75 - [STDERR_REDIRECT] 
2025-08-11 22:40:46,884 [ERROR] LogOutputStream:75 - [STDERR_REDIRECT] [Fatal Error] :1:1: Premature end of file.
2025-08-11 22:40:46,884 [ERROR] LogOutputStream:75 - [STDERR_REDIRECT] 
2025-08-11 22:40:47,905 [ERROR] LogOutputStream:75 - [STDERR_REDIRECT] [Fatal Error] :1:1: Premature end of file.
2025-08-11 22:40:47,905 [ERROR] LogOutputStream:75 - [STDERR_REDIRECT] 
2025-08-11 22:40:48,892 [ERROR] LogOutputStream:75 - [STDERR_REDIRECT] [Fatal Error] :1:1: Premature end of file.
2025-08-11 22:40:48,892 [ERROR] LogOutputStream:75 - [STDERR_REDIRECT] 
2025-08-11 22:40:49,884 [ERROR] LogOutputStream:75 - [STDERR_REDIRECT] [Fatal Error] :1:1: Premature end of file.
2025-08-11 22:40:49,884 [ERROR] LogOutputStream:75 - [STDERR_REDIRECT] 
2025-08-11 22:40:50,901 [ERROR] LogOutputStream:75 - [STDERR_REDIRECT] [Fatal Error] :1:1: Premature end of file.
2025-08-11 22:40:50,901 [ERROR] LogOutputStream:75 - [STDERR_REDIRECT] 
2025-08-11 22:40:51,901 [ERROR] LogOutputStream:75 - [STDERR_REDIRECT] [Fatal Error] :1:1: Premature end of file.
2025-08-11 22:40:51,901 [ERROR] LogOutputStream:75 - [STDERR_REDIRECT] 
2025-08-11 22:40:52,906 [ERROR] LogOutputStream:75 - [STDERR_REDIRECT] [Fatal Error] :1:1: Premature end of file.
2025-08-11 22:40:52,906 [ERROR] LogOutputStream:75 - [STDERR_REDIRECT] 
2025-08-11 22:40:53,894 [ERROR] LogOutputStream:75 - [STDERR_REDIRECT] [Fatal Error] :1:1: Premature end of file.
2025-08-11 22:40:53,894 [ERROR] LogOutputStream:75 - [STDERR_REDIRECT] 
2025-08-11 22:40:54,891 [ERROR] LogOutputStream:75 - [STDERR_REDIRECT] [Fatal Error] :1:1: Premature end of file.
2025-08-11 22:40:54,891 [ERROR] LogOutputStream:75 - [STDERR_REDIRECT] 
2025-08-11 22:40:55,890 [ERROR] LogOutputStream:75 - [STDERR_REDIRECT] [Fatal Error] :1:1: Premature end of file.
2025-08-11 22:40:55,890 [ERROR] LogOutputStream:75 - [STDERR_REDIRECT] 
2025-08-11 22:40:56,890 [ERROR] LogOutputStream:75 - [STDERR_REDIRECT] [Fatal Error] :1:1: Premature end of file.
2025-08-11 22:40:56,890 [ERROR] LogOutputStream:75 - [STDERR_REDIRECT] 
2025-08-11 22:40:57,887 [ERROR] LogOutputStream:75 - [STDERR_REDIRECT] [Fatal Error] :1:1: Premature end of file.
2025-08-11 22:40:57,887 [ERROR] LogOutputStream:75 - [STDERR_REDIRECT] 
2025-08-11 22:40:58,885 [ERROR] LogOutputStream:75 - [STDERR_REDIRECT] [Fatal Error] :1:1: Premature end of file.
2025-08-11 22:40:58,885 [ERROR] LogOutputStream:75 - [STDERR_REDIRECT] 
2025-08-11 22:40:59,906 [ERROR] LogOutputStream:75 - [STDERR_REDIRECT] [Fatal Error] :1:1: Premature end of file.
2025-08-11 22:40:59,906 [ERROR] LogOutputStream:75 - [STDERR_REDIRECT] 
2025-08-11 22:41:00,899 [ERROR] LogOutputStream:75 - [STDERR_REDIRECT] [Fatal Error] :1:1: Premature end of file.
2025-08-11 22:41:00,899 [ERROR] LogOutputStream:75 - [STDERR_REDIRECT] 
2025-08-11 22:41:01,891 [ERROR] LogOutputStream:75 - [STDERR_REDIRECT] [Fatal Error] :1:1: Premature end of file.
2025-08-11 22:41:01,891 [ERROR] LogOutputStream:75 - [STDERR_REDIRECT] 
2025-08-11 22:41:02,884 [ERROR] LogOutputStream:75 - [STDERR_REDIRECT] [Fatal Error] :1:1: Premature end of file.
2025-08-11 22:41:02,884 [ERROR] LogOutputStream:75 - [STDERR_REDIRECT] 
2025-08-11 22:41:03,892 [ERROR] LogOutputStream:75 - [STDERR_REDIRECT] [Fatal Error] :1:1: Premature end of file.
2025-08-11 22:41:03,892 [ERROR] LogOutputStream:75 - [STDERR_REDIRECT] 
2025-08-11 22:41:04,883 [ERROR] LogOutputStream:75 - [STDERR_REDIRECT] [Fatal Error] :1:1: Premature end of file.
2025-08-11 22:41:04,883 [ERROR] LogOutputStream:75 - [STDERR_REDIRECT] 
2025-08-11 22:41:05,924 [ERROR] LogOutputStream:75 - [STDERR_REDIRECT] [Fatal Error] :1:1: Premature end of file.
2025-08-11 22:41:05,924 [ERROR] LogOutputStream:75 - [STDERR_REDIRECT] 
2025-08-11 22:41:06,897 [ERROR] LogOutputStream:75 - [STDERR_REDIRECT] [Fatal Error] :1:1: Premature end of file.
2025-08-11 22:41:06,897 [ERROR] LogOutputStream:75 - [STDERR_REDIRECT] 
2025-08-11 22:41:07,901 [ERROR] LogOutputStream:75 - [STDERR_REDIRECT] [Fatal Error] :1:1: Premature end of file.
2025-08-11 22:41:07,901 [ERROR] LogOutputStream:75 - [STDERR_REDIRECT] 
2025-08-11 22:41:08,891 [ERROR] LogOutputStream:75 - [STDERR_REDIRECT] [Fatal Error] :1:1: Premature end of file.
2025-08-11 22:41:08,891 [ERROR] LogOutputStream:75 - [STDERR_REDIRECT] 
2025-08-11 22:41:09,890 [ERROR] LogOutputStream:75 - [STDERR_REDIRECT] [Fatal Error] :1:1: Premature end of file.
2025-08-11 22:41:09,890 [ERROR] LogOutputStream:75 - [STDERR_REDIRECT] 
2025-08-11 22:41:10,895 [ERROR] LogOutputStream:75 - [STDERR_REDIRECT] [Fatal Error] :1:1: Premature end of file.
2025-08-11 22:41:10,895 [ERROR] LogOutputStream:75 - [STDERR_REDIRECT] 
2025-08-11 22:41:11,885 [ERROR] LogOutputStream:75 - [STDERR_REDIRECT] [Fatal Error] :1:1: Premature end of file.
2025-08-11 22:41:11,885 [ERROR] LogOutputStream:75 - [STDERR_REDIRECT] 
2025-08-11 22:41:12,896 [ERROR] LogOutputStream:75 - [STDERR_REDIRECT] [Fatal Error] :1:1: Premature end of file.
2025-08-11 22:41:12,896 [ERROR] LogOutputStream:75 - [STDERR_REDIRECT] 
2025-08-11 22:41:13,900 [ERROR] LogOutputStream:75 - [STDERR_REDIRECT] [Fatal Error] :1:1: Premature end of file.
2025-08-11 22:41:13,900 [ERROR] LogOutputStream:75 - [STDERR_REDIRECT] 
2025-08-11 22:41:14,904 [ERROR] LogOutputStream:75 - [STDERR_REDIRECT] [Fatal Error] :1:1: Premature end of file.
2025-08-11 22:41:14,904 [ERROR] LogOutputStream:75 - [STDERR_REDIRECT] 
2025-08-11 22:41:15,901 [ERROR] LogOutputStream:75 - [STDERR_REDIRECT] [Fatal Error] :1:1: Premature end of file.
2025-08-11 22:41:15,901 [ERROR] LogOutputStream:75 - [STDERR_REDIRECT] 
2025-08-11 22:41:16,900 [ERROR] LogOutputStream:75 - [STDERR_REDIRECT] [Fatal Error] :1:1: Premature end of file.
2025-08-11 22:41:16,900 [ERROR] LogOutputStream:75 - [STDERR_REDIRECT] 
2025-08-11 22:41:17,889 [ERROR] LogOutputStream:75 - [STDERR_REDIRECT] [Fatal Error] :1:1: Premature end of file.
2025-08-11 22:41:17,889 [ERROR] LogOutputStream:75 - [STDERR_REDIRECT] 
2025-08-11 22:41:18,900 [ERROR] LogOutputStream:75 - [STDERR_REDIRECT] [Fatal Error] :1:1: Premature end of file.
2025-08-11 22:41:18,900 [ERROR] LogOutputStream:75 - [STDERR_REDIRECT] 
2025-08-11 22:41:19,911 [ERROR] LogOutputStream:75 - [STDERR_REDIRECT] [Fatal Error] :1:1: Premature end of file.
2025-08-11 22:41:19,911 [ERROR] LogOutputStream:75 - [STDERR_REDIRECT] 
2025-08-11 22:41:20,901 [ERROR] LogOutputStream:75 - [STDERR_REDIRECT] [Fatal Error] :1:1: Premature end of file.
2025-08-11 22:41:20,901 [ERROR] LogOutputStream:75 - [STDERR_REDIRECT] 
2025-08-11 22:41:21,903 [ERROR] LogOutputStream:75 - [STDERR_REDIRECT] [Fatal Error] :1:1: Premature end of file.
2025-08-11 22:41:21,903 [ERROR] LogOutputStream:75 - [STDERR_REDIRECT] 
2025-08-11 22:41:22,901 [ERROR] LogOutputStream:75 - [STDERR_REDIRECT] [Fatal Error] :1:1: Premature end of file.
2025-08-11 22:41:22,902 [ERROR] LogOutputStream:75 - [STDERR_REDIRECT] 
2025-08-11 22:41:23,905 [ERROR] LogOutputStream:75 - [STDERR_REDIRECT] [Fatal Error] :1:1: Premature end of file.
2025-08-11 22:41:23,905 [ERROR] LogOutputStream:75 - [STDERR_REDIRECT] 
2025-08-11 22:41:24,899 [ERROR] LogOutputStream:75 - [STDERR_REDIRECT] [Fatal Error] :1:1: Premature end of file.
2025-08-11 22:41:24,899 [ERROR] LogOutputStream:75 - [STDERR_REDIRECT] 
2025-08-11 22:41:25,893 [ERROR] LogOutputStream:75 - [STDERR_REDIRECT] [Fatal Error] :1:1: Premature end of file.
2025-08-11 22:41:25,893 [ERROR] LogOutputStream:75 - [STDERR_REDIRECT] 
2025-08-11 22:41:26,892 [ERROR] LogOutputStream:75 - [STDERR_REDIRECT] [Fatal Error] :1:1: Premature end of file.
2025-08-11 22:41:26,892 [ERROR] LogOutputStream:75 - [STDERR_REDIRECT] 
2025-08-11 22:41:27,889 [ERROR] LogOutputStream:75 - [STDERR_REDIRECT] [Fatal Error] :1:1: Premature end of file.
2025-08-11 22:41:27,901 [ERROR] LogOutputStream:75 - [STDERR_REDIRECT] 
2025-08-11 22:41:28,887 [ERROR] LogOutputStream:75 - [STDERR_REDIRECT] [Fatal Error] :1:1: Premature end of file.
2025-08-11 22:41:28,887 [ERROR] LogOutputStream:75 - [STDERR_REDIRECT] 
2025-08-11 22:41:29,890 [ERROR] LogOutputStream:75 - [STDERR_REDIRECT] [Fatal Error] :1:1: Premature end of file.
2025-08-11 22:41:29,890 [ERROR] LogOutputStream:75 - [STDERR_REDIRECT] 
2025-08-11 22:41:30,900 [ERROR] LogOutputStream:75 - [STDERR_REDIRECT] [Fatal Error] :1:1: Premature end of file.
2025-08-11 22:41:30,900 [ERROR] LogOutputStream:75 - [STDERR_REDIRECT] 
2025-08-11 22:41:31,889 [ERROR] LogOutputStream:75 - [STDERR_REDIRECT] [Fatal Error] :1:1: Premature end of file.
2025-08-11 22:41:31,889 [ERROR] LogOutputStream:75 - [STDERR_REDIRECT] 
2025-08-11 22:41:32,901 [ERROR] LogOutputStream:75 - [STDERR_REDIRECT] [Fatal Error] :1:1: Premature end of file.
2025-08-11 22:41:32,901 [ERROR] LogOutputStream:75 - [STDERR_REDIRECT] 
2025-08-11 22:41:33,897 [ERROR] LogOutputStream:75 - [STDERR_REDIRECT] [Fatal Error] :1:1: Premature end of file.
2025-08-11 22:41:33,898 [ERROR] LogOutputStream:75 - [STDERR_REDIRECT] 
2025-08-11 22:41:34,892 [ERROR] LogOutputStream:75 - [STDERR_REDIRECT] [Fatal Error] :1:1: Premature end of file.
2025-08-11 22:41:34,892 [ERROR] LogOutputStream:75 - [STDERR_REDIRECT] 
2025-08-11 22:41:35,887 [ERROR] LogOutputStream:75 - [STDERR_REDIRECT] [Fatal Error] :1:1: Premature end of file.
2025-08-11 22:41:35,887 [ERROR] LogOutputStream:75 - [STDERR_REDIRECT] 
2025-08-11 22:41:36,897 [ERROR] LogOutputStream:75 - [STDERR_REDIRECT] [Fatal Error] :1:1: Premature end of file.
2025-08-11 22:41:36,897 [ERROR] LogOutputStream:75 - [STDERR_REDIRECT] 
2025-08-11 22:41:37,891 [ERROR] LogOutputStream:75 - [STDERR_REDIRECT] [Fatal Error] :1:1: Premature end of file.
2025-08-11 22:41:37,891 [ERROR] LogOutputStream:75 - [STDERR_REDIRECT] 
2025-08-11 22:41:38,895 [ERROR] LogOutputStream:75 - [STDERR_REDIRECT] [Fatal Error] :1:1: Premature end of file.
2025-08-11 22:41:38,895 [ERROR] LogOutputStream:75 - [STDERR_REDIRECT] 
2025-08-11 22:41:39,894 [ERROR] LogOutputStream:75 - [STDERR_REDIRECT] [Fatal Error] :1:1: Premature end of file.
2025-08-11 22:41:39,894 [ERROR] LogOutputStream:75 - [STDERR_REDIRECT] 
2025-08-11 22:41:40,892 [ERROR] LogOutputStream:75 - [STDERR_REDIRECT] [Fatal Error] :1:1: Premature end of file.
2025-08-11 22:41:40,892 [ERROR] LogOutputStream:75 - [STDERR_REDIRECT] 
2025-08-11 22:41:41,898 [ERROR] LogOutputStream:75 - [STDERR_REDIRECT] [Fatal Error] :1:1: Premature end of file.
2025-08-11 22:41:41,898 [ERROR] LogOutputStream:75 - [STDERR_REDIRECT] 
2025-08-11 22:41:42,902 [ERROR] LogOutputStream:75 - [STDERR_REDIRECT] [Fatal Error] :1:1: Premature end of file.
2025-08-11 22:41:42,902 [ERROR] LogOutputStream:75 - [STDERR_REDIRECT] 
2025-08-11 22:41:43,889 [ERROR] LogOutputStream:75 - [STDERR_REDIRECT] [Fatal Error] :1:1: Premature end of file.
2025-08-11 22:41:43,889 [ERROR] LogOutputStream:75 - [STDERR_REDIRECT] 
2025-08-11 22:41:44,884 [ERROR] LogOutputStream:75 - [STDERR_REDIRECT] [Fatal Error] :1:1: Premature end of file.
2025-08-11 22:41:44,884 [ERROR] LogOutputStream:75 - [STDERR_REDIRECT] 
2025-08-11 22:41:45,888 [ERROR] LogOutputStream:75 - [STDERR_REDIRECT] [Fatal Error] :1:1: Premature end of file.
2025-08-11 22:41:45,888 [ERROR] LogOutputStream:75 - [STDERR_REDIRECT] 
2025-08-11 22:41:46,895 [ERROR] LogOutputStream:75 - [STDERR_REDIRECT] [Fatal Error] :1:1: Premature end of file.
2025-08-11 22:41:46,895 [ERROR] LogOutputStream:75 - [STDERR_REDIRECT] 
2025-08-11 22:41:47,907 [ERROR] LogOutputStream:75 - [STDERR_REDIRECT] [Fatal Error] :1:1: Premature end of file.
2025-08-11 22:41:47,908 [ERROR] LogOutputStream:75 - [STDERR_REDIRECT] 
2025-08-11 22:41:48,884 [ERROR] LogOutputStream:75 - [STDERR_REDIRECT] [Fatal Error] :1:1: Premature end of file.
2025-08-11 22:41:48,884 [ERROR] LogOutputStream:75 - [STDERR_REDIRECT] 
2025-08-11 22:41:49,900 [ERROR] LogOutputStream:75 - [STDERR_REDIRECT] [Fatal Error] :1:1: Premature end of file.
2025-08-11 22:41:49,901 [ERROR] LogOutputStream:75 - [STDERR_REDIRECT] 
2025-08-11 22:41:50,885 [ERROR] LogOutputStream:75 - [STDERR_REDIRECT] [Fatal Error] :1:1: Premature end of file.
2025-08-11 22:41:50,885 [ERROR] LogOutputStream:75 - [STDERR_REDIRECT] 
2025-08-11 22:41:51,908 [ERROR] LogOutputStream:75 - [STDERR_REDIRECT] [Fatal Error] :1:1: Premature end of file.
2025-08-11 22:41:51,908 [ERROR] LogOutputStream:75 - [STDERR_REDIRECT] 
2025-08-11 22:41:52,891 [ERROR] LogOutputStream:75 - [STDERR_REDIRECT] [Fatal Error] :1:1: Premature end of file.
2025-08-11 22:41:52,891 [ERROR] LogOutputStream:75 - [STDERR_REDIRECT] 
2025-08-11 22:41:53,901 [ERROR] LogOutputStream:75 - [STDERR_REDIRECT] [Fatal Error] :1:1: Premature end of file.
2025-08-11 22:41:53,901 [ERROR] LogOutputStream:75 - [STDERR_REDIRECT] 
2025-08-11 22:41:54,901 [ERROR] LogOutputStream:75 - [STDERR_REDIRECT] [Fatal Error] :1:1: Premature end of file.
2025-08-11 22:41:54,901 [ERROR] LogOutputStream:75 - [STDERR_REDIRECT] 
2025-08-11 22:41:55,900 [ERROR] LogOutputStream:75 - [STDERR_REDIRECT] [Fatal Error] :1:1: Premature end of file.
2025-08-11 22:41:55,900 [ERROR] LogOutputStream:75 - [STDERR_REDIRECT] 
2025-08-11 22:41:56,892 [ERROR] LogOutputStream:75 - [STDERR_REDIRECT] [Fatal Error] :1:1: Premature end of file.
2025-08-11 22:41:56,892 [ERROR] LogOutputStream:75 - [STDERR_REDIRECT] 
2025-08-11 22:41:57,903 [ERROR] LogOutputStream:75 - [STDERR_REDIRECT] [Fatal Error] :1:1: Premature end of file.
2025-08-11 22:41:57,903 [ERROR] LogOutputStream:75 - [STDERR_REDIRECT] 
2025-08-11 22:41:58,905 [ERROR] LogOutputStream:75 - [STDERR_REDIRECT] [Fatal Error] :1:1: Premature end of file.
2025-08-11 22:41:58,905 [ERROR] LogOutputStream:75 - [STDERR_REDIRECT] 
2025-08-11 22:41:59,903 [ERROR] LogOutputStream:75 - [STDERR_REDIRECT] [Fatal Error] :1:1: Premature end of file.
2025-08-11 22:41:59,903 [ERROR] LogOutputStream:75 - [STDERR_REDIRECT] 
2025-08-11 22:42:00,896 [ERROR] LogOutputStream:75 - [STDERR_REDIRECT] [Fatal Error] :1:1: Premature end of file.
2025-08-11 22:42:00,896 [ERROR] LogOutputStream:75 - [STDERR_REDIRECT] 
2025-08-11 22:42:01,893 [ERROR] LogOutputStream:75 - [STDERR_REDIRECT] [Fatal Error] :1:1: Premature end of file.
2025-08-11 22:42:01,893 [ERROR] LogOutputStream:75 - [STDERR_REDIRECT] 
2025-08-11 22:42:02,910 [ERROR] LogOutputStream:75 - [STDERR_REDIRECT] [Fatal Error] :1:1: Premature end of file.
2025-08-11 22:42:02,910 [ERROR] LogOutputStream:75 - [STDERR_REDIRECT] 
2025-08-11 22:42:03,910 [ERROR] LogOutputStream:75 - [STDERR_REDIRECT] [Fatal Error] :1:1: Premature end of file.
2025-08-11 22:42:03,910 [ERROR] LogOutputStream:75 - [STDERR_REDIRECT] 
2025-08-11 22:42:04,887 [ERROR] LogOutputStream:75 - [STDERR_REDIRECT] [Fatal Error] :1:1: Premature end of file.
2025-08-11 22:42:04,887 [ERROR] LogOutputStream:75 - [STDERR_REDIRECT] 
2025-08-11 22:42:05,899 [ERROR] LogOutputStream:75 - [STDERR_REDIRECT] [Fatal Error] :1:1: Premature end of file.
2025-08-11 22:42:05,899 [ERROR] LogOutputStream:75 - [STDERR_REDIRECT] 
2025-08-11 22:42:06,889 [ERROR] LogOutputStream:75 - [STDERR_REDIRECT] [Fatal Error] :1:1: Premature end of file.
2025-08-11 22:42:06,889 [ERROR] LogOutputStream:75 - [STDERR_REDIRECT] 
2025-08-11 22:42:07,894 [ERROR] LogOutputStream:75 - [STDERR_REDIRECT] [Fatal Error] :1:1: Premature end of file.
2025-08-11 22:42:07,894 [ERROR] LogOutputStream:75 - [STDERR_REDIRECT] 
2025-08-11 22:42:08,891 [ERROR] LogOutputStream:75 - [STDERR_REDIRECT] [Fatal Error] :1:1: Premature end of file.
2025-08-11 22:42:08,891 [ERROR] LogOutputStream:75 - [STDERR_REDIRECT] 
2025-08-11 22:42:09,901 [ERROR] LogOutputStream:75 - [STDERR_REDIRECT] [Fatal Error] :1:1: Premature end of file.
2025-08-11 22:42:09,901 [ERROR] LogOutputStream:75 - [STDERR_REDIRECT] 
2025-08-11 22:42:10,907 [ERROR] LogOutputStream:75 - [STDERR_REDIRECT] [Fatal Error] :1:1: Premature end of file.
2025-08-11 22:42:10,907 [ERROR] LogOutputStream:75 - [STDERR_REDIRECT] 
2025-08-11 22:42:11,876 [ERROR] LogOutputStream:75 - [STDERR_REDIRECT] [Fatal Error] :1:1: Premature end of file.
2025-08-11 22:42:11,876 [ERROR] LogOutputStream:75 - [STDERR_REDIRECT] 
2025-08-11 22:42:12,901 [ERROR] LogOutputStream:75 - [STDERR_REDIRECT] [Fatal Error] :1:1: Premature end of file.
2025-08-11 22:42:12,901 [ERROR] LogOutputStream:75 - [STDERR_REDIRECT] 
2025-08-11 22:42:13,901 [ERROR] LogOutputStream:75 - [STDERR_REDIRECT] [Fatal Error] :1:1: Premature end of file.
2025-08-11 22:42:13,901 [ERROR] LogOutputStream:75 - [STDERR_REDIRECT] 
2025-08-11 22:42:14,895 [ERROR] LogOutputStream:75 - [STDERR_REDIRECT] [Fatal Error] :1:1: Premature end of file.
2025-08-11 22:42:14,895 [ERROR] LogOutputStream:75 - [STDERR_REDIRECT] 
2025-08-11 22:42:15,890 [ERROR] LogOutputStream:75 - [STDERR_REDIRECT] [Fatal Error] :1:1: Premature end of file.
2025-08-11 22:42:15,890 [ERROR] LogOutputStream:75 - [STDERR_REDIRECT] 
2025-08-11 22:42:16,884 [ERROR] LogOutputStream:75 - [STDERR_REDIRECT] [Fatal Error] :1:1: Premature end of file.
2025-08-11 22:42:16,884 [ERROR] LogOutputStream:75 - [STDERR_REDIRECT] 
2025-08-11 22:42:17,882 [ERROR] LogOutputStream:75 - [STDERR_REDIRECT] [Fatal Error] :1:1: Premature end of file.
2025-08-11 22:42:17,882 [ERROR] LogOutputStream:75 - [STDERR_REDIRECT] 
2025-08-11 22:42:18,888 [ERROR] LogOutputStream:75 - [STDERR_REDIRECT] [Fatal Error] :1:1: Premature end of file.
2025-08-11 22:42:18,888 [ERROR] LogOutputStream:75 - [STDERR_REDIRECT] 
2025-08-11 22:42:19,896 [ERROR] LogOutputStream:75 - [STDERR_REDIRECT] [Fatal Error] :1:1: Premature end of file.
2025-08-11 22:42:19,896 [ERROR] LogOutputStream:75 - [STDERR_REDIRECT] 
2025-08-11 22:42:20,892 [ERROR] LogOutputStream:75 - [STDERR_REDIRECT] [Fatal Error] :1:1: Premature end of file.
2025-08-11 22:42:20,892 [ERROR] LogOutputStream:75 - [STDERR_REDIRECT] 
2025-08-11 22:42:21,898 [ERROR] LogOutputStream:75 - [STDERR_REDIRECT] [Fatal Error] :1:1: Premature end of file.
2025-08-11 22:42:21,898 [ERROR] LogOutputStream:75 - [STDERR_REDIRECT] 
2025-08-11 22:42:22,895 [ERROR] LogOutputStream:75 - [STDERR_REDIRECT] [Fatal Error] :1:1: Premature end of file.
2025-08-11 22:42:22,895 [ERROR] LogOutputStream:75 - [STDERR_REDIRECT] 
2025-08-11 22:42:23,877 [ERROR] LogOutputStream:75 - [STDERR_REDIRECT] [Fatal Error] :1:1: Premature end of file.
2025-08-11 22:42:23,877 [ERROR] LogOutputStream:75 - [STDERR_REDIRECT] 
2025-08-11 22:42:24,886 [ERROR] LogOutputStream:75 - [STDERR_REDIRECT] [Fatal Error] :1:1: Premature end of file.
2025-08-11 22:42:24,886 [ERROR] LogOutputStream:75 - [STDERR_REDIRECT] 
2025-08-11 22:42:25,884 [ERROR] LogOutputStream:75 - [STDERR_REDIRECT] [Fatal Error] :1:1: Premature end of file.
2025-08-11 22:42:25,884 [ERROR] LogOutputStream:75 - [STDERR_REDIRECT] 
2025-08-11 22:42:26,901 [ERROR] LogOutputStream:75 - [STDERR_REDIRECT] [Fatal Error] :1:1: Premature end of file.
2025-08-11 22:42:26,901 [ERROR] LogOutputStream:75 - [STDERR_REDIRECT] 
2025-08-11 22:42:27,925 [ERROR] LogOutputStream:75 - [STDERR_REDIRECT] [Fatal Error] :1:1: Premature end of file.
2025-08-11 22:42:27,926 [ERROR] LogOutputStream:75 - [STDERR_REDIRECT] 
2025-08-11 22:42:28,886 [ERROR] LogOutputStream:75 - [STDERR_REDIRECT] [Fatal Error] :1:1: Premature end of file.
2025-08-11 22:42:28,886 [ERROR] LogOutputStream:75 - [STDERR_REDIRECT] 
2025-08-11 22:42:29,901 [ERROR] LogOutputStream:75 - [STDERR_REDIRECT] [Fatal Error] :1:1: Premature end of file.
2025-08-11 22:42:29,901 [ERROR] LogOutputStream:75 - [STDERR_REDIRECT] 
2025-08-11 22:42:30,890 [ERROR] LogOutputStream:75 - [STDERR_REDIRECT] [Fatal Error] :1:1: Premature end of file.
2025-08-11 22:42:30,890 [ERROR] LogOutputStream:75 - [STDERR_REDIRECT] 
2025-08-11 22:42:31,888 [ERROR] LogOutputStream:75 - [STDERR_REDIRECT] [Fatal Error] :1:1: Premature end of file.
2025-08-11 22:42:31,888 [ERROR] LogOutputStream:75 - [STDERR_REDIRECT] 
2025-08-11 22:42:32,878 [ERROR] LogOutputStream:75 - [STDERR_REDIRECT] [Fatal Error] :1:1: Premature end of file.
2025-08-11 22:42:32,878 [ERROR] LogOutputStream:75 - [STDERR_REDIRECT] 
2025-08-11 22:42:33,892 [ERROR] LogOutputStream:75 - [STDERR_REDIRECT] [Fatal Error] :1:1: Premature end of file.
2025-08-11 22:42:33,892 [ERROR] LogOutputStream:75 - [STDERR_REDIRECT] 
2025-08-11 22:42:34,892 [ERROR] LogOutputStream:75 - [STDERR_REDIRECT] [Fatal Error] :1:1: Premature end of file.
2025-08-11 22:42:34,892 [ERROR] LogOutputStream:75 - [STDERR_REDIRECT] 
2025-08-11 22:42:35,880 [ERROR] LogOutputStream:75 - [STDERR_REDIRECT] [Fatal Error] :1:1: Premature end of file.
2025-08-11 22:42:35,880 [ERROR] LogOutputStream:75 - [STDERR_REDIRECT] 
2025-08-11 22:42:36,894 [ERROR] LogOutputStream:75 - [STDERR_REDIRECT] [Fatal Error] :1:1: Premature end of file.
2025-08-11 22:42:36,894 [ERROR] LogOutputStream:75 - [STDERR_REDIRECT] 
2025-08-11 22:42:37,903 [ERROR] LogOutputStream:75 - [STDERR_REDIRECT] [Fatal Error] :1:1: Premature end of file.
2025-08-11 22:42:37,903 [ERROR] LogOutputStream:75 - [STDERR_REDIRECT] 
2025-08-11 22:42:38,907 [ERROR] LogOutputStream:75 - [STDERR_REDIRECT] [Fatal Error] :1:1: Premature end of file.
2025-08-11 22:42:38,907 [ERROR] LogOutputStream:75 - [STDERR_REDIRECT] 
2025-08-11 22:42:39,888 [ERROR] LogOutputStream:75 - [STDERR_REDIRECT] [Fatal Error] :1:1: Premature end of file.
2025-08-11 22:42:39,888 [ERROR] LogOutputStream:75 - [STDERR_REDIRECT] 
2025-08-11 22:42:40,877 [ERROR] LogOutputStream:75 - [STDERR_REDIRECT] [Fatal Error] :1:1: Premature end of file.
2025-08-11 22:42:40,877 [ERROR] LogOutputStream:75 - [STDERR_REDIRECT] 
2025-08-11 22:42:41,904 [ERROR] LogOutputStream:75 - [STDERR_REDIRECT] [Fatal Error] :1:1: Premature end of file.
2025-08-11 22:42:41,904 [ERROR] LogOutputStream:75 - [STDERR_REDIRECT] 
2025-08-11 22:42:42,884 [ERROR] LogOutputStream:75 - [STDERR_REDIRECT] [Fatal Error] :1:1: Premature end of file.
2025-08-11 22:42:42,884 [ERROR] LogOutputStream:75 - [STDERR_REDIRECT] 
2025-08-11 22:42:43,884 [ERROR] LogOutputStream:75 - [STDERR_REDIRECT] [Fatal Error] :1:1: Premature end of file.
2025-08-11 22:42:43,884 [ERROR] LogOutputStream:75 - [STDERR_REDIRECT] 
2025-08-11 22:42:44,912 [ERROR] LogOutputStream:75 - [STDERR_REDIRECT] [Fatal Error] :1:1: Premature end of file.
2025-08-11 22:42:44,912 [ERROR] LogOutputStream:75 - [STDERR_REDIRECT] 
2025-08-11 22:42:45,895 [ERROR] LogOutputStream:75 - [STDERR_REDIRECT] [Fatal Error] :1:1: Premature end of file.
2025-08-11 22:42:45,895 [ERROR] LogOutputStream:75 - [STDERR_REDIRECT] 
2025-08-11 22:42:46,870 [ERROR] LogOutputStream:75 - [STDERR_REDIRECT] [Fatal Error] :1:1: Premature end of file.
2025-08-11 22:42:46,870 [ERROR] LogOutputStream:75 - [STDERR_REDIRECT] 
2025-08-11 22:42:47,886 [ERROR] LogOutputStream:75 - [STDERR_REDIRECT] [Fatal Error] :1:1: Premature end of file.
2025-08-11 22:42:47,886 [ERROR] LogOutputStream:75 - [STDERR_REDIRECT] 
2025-08-11 22:42:48,912 [ERROR] LogOutputStream:75 - [STDERR_REDIRECT] [Fatal Error] :1:1: Premature end of file.
2025-08-11 22:42:48,912 [ERROR] LogOutputStream:75 - [STDERR_REDIRECT] 
2025-08-11 22:42:49,937 [ERROR] LogOutputStream:75 - [STDERR_REDIRECT] [Fatal Error] :1:1: Premature end of file.
2025-08-11 22:42:49,937 [ERROR] LogOutputStream:75 - [STDERR_REDIRECT] 
2025-08-11 22:42:50,895 [ERROR] LogOutputStream:75 - [STDERR_REDIRECT] [Fatal Error] :1:1: Premature end of file.
2025-08-11 22:42:50,895 [ERROR] LogOutputStream:75 - [STDERR_REDIRECT] 
2025-08-11 22:42:51,904 [ERROR] LogOutputStream:75 - [STDERR_REDIRECT] [Fatal Error] :1:1: Premature end of file.
2025-08-11 22:42:51,904 [ERROR] LogOutputStream:75 - [STDERR_REDIRECT] 
2025-08-11 22:42:52,894 [ERROR] LogOutputStream:75 - [STDERR_REDIRECT] [Fatal Error] :1:1: Premature end of file.
2025-08-11 22:42:52,894 [ERROR] LogOutputStream:75 - [STDERR_REDIRECT] 
2025-08-11 22:42:53,890 [ERROR] LogOutputStream:75 - [STDERR_REDIRECT] [Fatal Error] :1:1: Premature end of file.
2025-08-11 22:42:53,890 [ERROR] LogOutputStream:75 - [STDERR_REDIRECT] 
2025-08-11 22:42:54,893 [ERROR] LogOutputStream:75 - [STDERR_REDIRECT] [Fatal Error] :1:1: Premature end of file.
2025-08-11 22:42:54,893 [ERROR] LogOutputStream:75 - [STDERR_REDIRECT] 
2025-08-11 22:42:55,899 [ERROR] LogOutputStream:75 - [STDERR_REDIRECT] [Fatal Error] :1:1: Premature end of file.
2025-08-11 22:42:55,899 [ERROR] LogOutputStream:75 - [STDERR_REDIRECT] 
2025-08-11 22:42:56,897 [ERROR] LogOutputStream:75 - [STDERR_REDIRECT] [Fatal Error] :1:1: Premature end of file.
2025-08-11 22:42:56,897 [ERROR] LogOutputStream:75 - [STDERR_REDIRECT] 
2025-08-11 22:42:57,911 [ERROR] LogOutputStream:75 - [STDERR_REDIRECT] [Fatal Error] :1:1: Premature end of file.
2025-08-11 22:42:57,911 [ERROR] LogOutputStream:75 - [STDERR_REDIRECT] 
2025-08-11 22:42:58,900 [ERROR] LogOutputStream:75 - [STDERR_REDIRECT] [Fatal Error] :1:1: Premature end of file.
2025-08-11 22:42:58,900 [ERROR] LogOutputStream:75 - [STDERR_REDIRECT] 
2025-08-11 22:42:59,883 [ERROR] LogOutputStream:75 - [STDERR_REDIRECT] [Fatal Error] :1:1: Premature end of file.
2025-08-11 22:42:59,883 [ERROR] LogOutputStream:75 - [STDERR_REDIRECT] 
2025-08-11 22:43:00,895 [ERROR] LogOutputStream:75 - [STDERR_REDIRECT] [Fatal Error] :1:1: Premature end of file.
2025-08-11 22:43:00,895 [ERROR] LogOutputStream:75 - [STDERR_REDIRECT] 
2025-08-11 22:43:01,891 [ERROR] LogOutputStream:75 - [STDERR_REDIRECT] [Fatal Error] :1:1: Premature end of file.
2025-08-11 22:43:01,891 [ERROR] LogOutputStream:75 - [STDERR_REDIRECT] 
2025-08-11 22:43:02,893 [ERROR] LogOutputStream:75 - [STDERR_REDIRECT] [Fatal Error] :1:1: Premature end of file.
2025-08-11 22:43:02,893 [ERROR] LogOutputStream:75 - [STDERR_REDIRECT] 
2025-08-11 22:43:03,889 [ERROR] LogOutputStream:75 - [STDERR_REDIRECT] [Fatal Error] :1:1: Premature end of file.
2025-08-11 22:43:03,889 [ERROR] LogOutputStream:75 - [STDERR_REDIRECT] 
2025-08-11 22:43:04,890 [ERROR] LogOutputStream:75 - [STDERR_REDIRECT] [Fatal Error] :1:1: Premature end of file.
2025-08-11 22:43:04,890 [ERROR] LogOutputStream:75 - [STDERR_REDIRECT] 
2025-08-11 22:43:05,895 [ERROR] LogOutputStream:75 - [STDERR_REDIRECT] [Fatal Error] :1:1: Premature end of file.
2025-08-11 22:43:05,895 [ERROR] LogOutputStream:75 - [STDERR_REDIRECT] 
2025-08-11 22:43:06,901 [ERROR] LogOutputStream:75 - [STDERR_REDIRECT] [Fatal Error] :1:1: Premature end of file.
2025-08-11 22:43:06,901 [ERROR] LogOutputStream:75 - [STDERR_REDIRECT] 
2025-08-11 22:43:07,901 [ERROR] LogOutputStream:75 - [STDERR_REDIRECT] [Fatal Error] :1:1: Premature end of file.
2025-08-11 22:43:07,901 [ERROR] LogOutputStream:75 - [STDERR_REDIRECT] 
2025-08-11 22:43:08,887 [ERROR] LogOutputStream:75 - [STDERR_REDIRECT] [Fatal Error] :1:1: Premature end of file.
2025-08-11 22:43:08,887 [ERROR] LogOutputStream:75 - [STDERR_REDIRECT] 
2025-08-11 22:43:09,896 [ERROR] LogOutputStream:75 - [STDERR_REDIRECT] [Fatal Error] :1:1: Premature end of file.
2025-08-11 22:43:09,896 [ERROR] LogOutputStream:75 - [STDERR_REDIRECT] 
2025-08-11 22:43:10,892 [ERROR] LogOutputStream:75 - [STDERR_REDIRECT] [Fatal Error] :1:1: Premature end of file.
2025-08-11 22:43:10,892 [ERROR] LogOutputStream:75 - [STDERR_REDIRECT] 
2025-08-11 22:43:11,884 [ERROR] LogOutputStream:75 - [STDERR_REDIRECT] [Fatal Error] :1:1: Premature end of file.
2025-08-11 22:43:11,884 [ERROR] LogOutputStream:75 - [STDERR_REDIRECT] 
2025-08-11 22:43:12,884 [ERROR] LogOutputStream:75 - [STDERR_REDIRECT] [Fatal Error] :1:1: Premature end of file.
2025-08-11 22:43:12,884 [ERROR] LogOutputStream:75 - [STDERR_REDIRECT] 
2025-08-11 22:43:13,874 [ERROR] LogOutputStream:75 - [STDERR_REDIRECT] [Fatal Error] :1:1: Premature end of file.
2025-08-11 22:43:13,874 [ERROR] LogOutputStream:75 - [STDERR_REDIRECT] 
2025-08-11 22:43:14,890 [ERROR] LogOutputStream:75 - [STDERR_REDIRECT] [Fatal Error] :1:1: Premature end of file.
2025-08-11 22:43:14,890 [ERROR] LogOutputStream:75 - [STDERR_REDIRECT] 
2025-08-11 22:43:15,895 [ERROR] LogOutputStream:75 - [STDERR_REDIRECT] [Fatal Error] :1:1: Premature end of file.
2025-08-11 22:43:15,895 [ERROR] LogOutputStream:75 - [STDERR_REDIRECT] 
2025-08-11 22:43:16,895 [ERROR] LogOutputStream:75 - [STDERR_REDIRECT] [Fatal Error] :1:1: Premature end of file.
2025-08-11 22:43:16,895 [ERROR] LogOutputStream:75 - [STDERR_REDIRECT] 
2025-08-11 22:43:17,908 [ERROR] LogOutputStream:75 - [STDERR_REDIRECT] [Fatal Error] :1:1: Premature end of file.
2025-08-11 22:43:17,908 [ERROR] LogOutputStream:75 - [STDERR_REDIRECT] 
2025-08-11 22:43:18,894 [ERROR] LogOutputStream:75 - [STDERR_REDIRECT] [Fatal Error] :1:1: Premature end of file.
2025-08-11 22:43:18,894 [ERROR] LogOutputStream:75 - [STDERR_REDIRECT] 
2025-08-11 22:43:19,907 [ERROR] LogOutputStream:75 - [STDERR_REDIRECT] [Fatal Error] :1:1: Premature end of file.
2025-08-11 22:43:19,907 [ERROR] LogOutputStream:75 - [STDERR_REDIRECT] 
2025-08-11 22:43:20,906 [ERROR] LogOutputStream:75 - [STDERR_REDIRECT] [Fatal Error] :1:1: Premature end of file.
2025-08-11 22:43:20,906 [ERROR] LogOutputStream:75 - [STDERR_REDIRECT] 
2025-08-11 22:43:21,905 [ERROR] LogOutputStream:75 - [STDERR_REDIRECT] [Fatal Error] :1:1: Premature end of file.
2025-08-11 22:43:21,905 [ERROR] LogOutputStream:75 - [STDERR_REDIRECT] 
2025-08-11 22:43:22,909 [ERROR] LogOutputStream:75 - [STDERR_REDIRECT] [Fatal Error] :1:1: Premature end of file.
2025-08-11 22:43:22,910 [ERROR] LogOutputStream:75 - [STDERR_REDIRECT] 
2025-08-11 22:43:23,909 [ERROR] LogOutputStream:75 - [STDERR_REDIRECT] [Fatal Error] :1:1: Premature end of file.
2025-08-11 22:43:23,909 [ERROR] LogOutputStream:75 - [STDERR_REDIRECT] 
2025-08-11 22:43:24,891 [ERROR] LogOutputStream:75 - [STDERR_REDIRECT] [Fatal Error] :1:1: Premature end of file.
2025-08-11 22:43:24,891 [ERROR] LogOutputStream:75 - [STDERR_REDIRECT] 
2025-08-11 22:43:25,900 [ERROR] LogOutputStream:75 - [STDERR_REDIRECT] [Fatal Error] :1:1: Premature end of file.
2025-08-11 22:43:25,900 [ERROR] LogOutputStream:75 - [STDERR_REDIRECT] 
2025-08-11 22:43:26,902 [ERROR] LogOutputStream:75 - [STDERR_REDIRECT] [Fatal Error] :1:1: Premature end of file.
2025-08-11 22:43:26,902 [ERROR] LogOutputStream:75 - [STDERR_REDIRECT] 
2025-08-11 22:43:27,900 [ERROR] LogOutputStream:75 - [STDERR_REDIRECT] [Fatal Error] :1:1: Premature end of file.
2025-08-11 22:43:27,900 [ERROR] LogOutputStream:75 - [STDERR_REDIRECT] 
2025-08-11 22:43:28,910 [ERROR] LogOutputStream:75 - [STDERR_REDIRECT] [Fatal Error] :1:1: Premature end of file.
2025-08-11 22:43:28,919 [ERROR] LogOutputStream:75 - [STDERR_REDIRECT] 
2025-08-11 22:43:29,883 [ERROR] LogOutputStream:75 - [STDERR_REDIRECT] [Fatal Error] :1:1: Premature end of file.
2025-08-11 22:43:29,883 [ERROR] LogOutputStream:75 - [STDERR_REDIRECT] 
2025-08-11 22:43:30,888 [ERROR] LogOutputStream:75 - [STDERR_REDIRECT] [Fatal Error] :1:1: Premature end of file.
2025-08-11 22:43:30,888 [ERROR] LogOutputStream:75 - [STDERR_REDIRECT] 
2025-08-11 22:43:31,901 [ERROR] LogOutputStream:75 - [STDERR_REDIRECT] [Fatal Error] :1:1: Premature end of file.
2025-08-11 22:43:31,901 [ERROR] LogOutputStream:75 - [STDERR_REDIRECT] 
2025-08-11 22:43:32,894 [ERROR] LogOutputStream:75 - [STDERR_REDIRECT] [Fatal Error] :1:1: Premature end of file.
2025-08-11 22:43:32,894 [ERROR] LogOutputStream:75 - [STDERR_REDIRECT] 
2025-08-11 22:43:33,876 [ERROR] LogOutputStream:75 - [STDERR_REDIRECT] [Fatal Error] :1:1: Premature end of file.
2025-08-11 22:43:33,876 [ERROR] LogOutputStream:75 - [STDERR_REDIRECT] 
2025-08-11 22:43:34,882 [ERROR] LogOutputStream:75 - [STDERR_REDIRECT] [Fatal Error] :1:1: Premature end of file.
2025-08-11 22:43:34,882 [ERROR] LogOutputStream:75 - [STDERR_REDIRECT] 
2025-08-11 22:43:35,885 [ERROR] LogOutputStream:75 - [STDERR_REDIRECT] [Fatal Error] :1:1: Premature end of file.
2025-08-11 22:43:35,885 [ERROR] LogOutputStream:75 - [STDERR_REDIRECT] 
2025-08-11 22:43:36,886 [ERROR] LogOutputStream:75 - [STDERR_REDIRECT] [Fatal Error] :1:1: Premature end of file.
2025-08-11 22:43:36,886 [ERROR] LogOutputStream:75 - [STDERR_REDIRECT] 
2025-08-11 22:43:37,886 [ERROR] LogOutputStream:75 - [STDERR_REDIRECT] [Fatal Error] :1:1: Premature end of file.
2025-08-11 22:43:37,886 [ERROR] LogOutputStream:75 - [STDERR_REDIRECT] 
2025-08-11 22:43:38,887 [ERROR] LogOutputStream:75 - [STDERR_REDIRECT] [Fatal Error] :1:1: Premature end of file.
2025-08-11 22:43:38,887 [ERROR] LogOutputStream:75 - [STDERR_REDIRECT] 
2025-08-11 22:43:39,889 [ERROR] LogOutputStream:75 - [STDERR_REDIRECT] [Fatal Error] :1:1: Premature end of file.
2025-08-11 22:43:39,889 [ERROR] LogOutputStream:75 - [STDERR_REDIRECT] 
2025-08-11 22:43:40,892 [ERROR] LogOutputStream:75 - [STDERR_REDIRECT] [Fatal Error] :1:1: Premature end of file.
2025-08-11 22:43:40,892 [ERROR] LogOutputStream:75 - [STDERR_REDIRECT] 
2025-08-11 22:43:41,890 [ERROR] LogOutputStream:75 - [STDERR_REDIRECT] [Fatal Error] :1:1: Premature end of file.
2025-08-11 22:43:41,890 [ERROR] LogOutputStream:75 - [STDERR_REDIRECT] 
2025-08-11 22:43:42,888 [ERROR] LogOutputStream:75 - [STDERR_REDIRECT] [Fatal Error] :1:1: Premature end of file.
2025-08-11 22:43:42,888 [ERROR] LogOutputStream:75 - [STDERR_REDIRECT] 
2025-08-11 22:43:43,891 [ERROR] LogOutputStream:75 - [STDERR_REDIRECT] [Fatal Error] :1:1: Premature end of file.
2025-08-11 22:43:43,891 [ERROR] LogOutputStream:75 - [STDERR_REDIRECT] 
2025-08-11 22:43:44,888 [ERROR] LogOutputStream:75 - [STDERR_REDIRECT] [Fatal Error] :1:1: Premature end of file.
2025-08-11 22:43:44,888 [ERROR] LogOutputStream:75 - [STDERR_REDIRECT] 
2025-08-11 22:43:45,901 [ERROR] LogOutputStream:75 - [STDERR_REDIRECT] [Fatal Error] :1:1: Premature end of file.
2025-08-11 22:43:45,901 [ERROR] LogOutputStream:75 - [STDERR_REDIRECT] 
2025-08-11 22:43:46,886 [ERROR] LogOutputStream:75 - [STDERR_REDIRECT] [Fatal Error] :1:1: Premature end of file.
2025-08-11 22:43:46,886 [ERROR] LogOutputStream:75 - [STDERR_REDIRECT] 
2025-08-11 22:43:47,887 [ERROR] LogOutputStream:75 - [STDERR_REDIRECT] [Fatal Error] :1:1: Premature end of file.
2025-08-11 22:43:47,887 [ERROR] LogOutputStream:75 - [STDERR_REDIRECT] 
2025-08-11 22:43:48,884 [ERROR] LogOutputStream:75 - [STDERR_REDIRECT] [Fatal Error] :1:1: Premature end of file.
2025-08-11 22:43:48,884 [ERROR] LogOutputStream:75 - [STDERR_REDIRECT] 
2025-08-11 22:43:49,910 [ERROR] LogOutputStream:75 - [STDERR_REDIRECT] [Fatal Error] :1:1: Premature end of file.
2025-08-11 22:43:49,910 [ERROR] LogOutputStream:75 - [STDERR_REDIRECT] 
2025-08-11 22:43:50,884 [ERROR] LogOutputStream:75 - [STDERR_REDIRECT] [Fatal Error] :1:1: Premature end of file.
2025-08-11 22:43:50,884 [ERROR] LogOutputStream:75 - [STDERR_REDIRECT] 
2025-08-11 22:43:51,887 [ERROR] LogOutputStream:75 - [STDERR_REDIRECT] [Fatal Error] :1:1: Premature end of file.
2025-08-11 22:43:51,887 [ERROR] LogOutputStream:75 - [STDERR_REDIRECT] 
2025-08-11 22:43:52,893 [ERROR] LogOutputStream:75 - [STDERR_REDIRECT] [Fatal Error] :1:1: Premature end of file.
2025-08-11 22:43:52,893 [ERROR] LogOutputStream:75 - [STDERR_REDIRECT] 
2025-08-11 22:43:53,917 [ERROR] LogOutputStream:75 - [STDERR_REDIRECT] [Fatal Error] :1:1: Premature end of file.
2025-08-11 22:43:53,917 [ERROR] LogOutputStream:75 - [STDERR_REDIRECT] 
2025-08-11 22:43:54,916 [ERROR] LogOutputStream:75 - [STDERR_REDIRECT] [Fatal Error] :1:1: Premature end of file.
2025-08-11 22:43:54,916 [ERROR] LogOutputStream:75 - [STDERR_REDIRECT] 
2025-08-11 22:43:55,901 [ERROR] LogOutputStream:75 - [STDERR_REDIRECT] [Fatal Error] :1:1: Premature end of file.
2025-08-11 22:43:55,901 [ERROR] LogOutputStream:75 - [STDERR_REDIRECT] 
2025-08-11 22:43:56,898 [ERROR] LogOutputStream:75 - [STDERR_REDIRECT] [Fatal Error] :1:1: Premature end of file.
2025-08-11 22:43:56,898 [ERROR] LogOutputStream:75 - [STDERR_REDIRECT] 
2025-08-11 22:43:57,870 [ERROR] LogOutputStream:75 - [STDERR_REDIRECT] [Fatal Error] :1:1: Premature end of file.
2025-08-11 22:43:57,870 [ERROR] LogOutputStream:75 - [STDERR_REDIRECT] 
2025-08-11 22:43:58,868 [ERROR] LogOutputStream:75 - [STDERR_REDIRECT] [Fatal Error] :1:1: Premature end of file.
2025-08-11 22:43:58,868 [ERROR] LogOutputStream:75 - [STDERR_REDIRECT] 
2025-08-11 22:43:59,897 [ERROR] LogOutputStream:75 - [STDERR_REDIRECT] [Fatal Error] :1:1: Premature end of file.
2025-08-11 22:43:59,897 [ERROR] LogOutputStream:75 - [STDERR_REDIRECT] 
2025-08-11 22:44:00,897 [ERROR] LogOutputStream:75 - [STDERR_REDIRECT] [Fatal Error] :1:1: Premature end of file.
2025-08-11 22:44:00,897 [ERROR] LogOutputStream:75 - [STDERR_REDIRECT] 
2025-08-11 22:44:01,902 [ERROR] LogOutputStream:75 - [STDERR_REDIRECT] [Fatal Error] :1:1: Premature end of file.
2025-08-11 22:44:01,902 [ERROR] LogOutputStream:75 - [STDERR_REDIRECT] 
2025-08-11 22:44:02,894 [ERROR] LogOutputStream:75 - [STDERR_REDIRECT] [Fatal Error] :1:1: Premature end of file.
2025-08-11 22:44:02,894 [ERROR] LogOutputStream:75 - [STDERR_REDIRECT] 
2025-08-11 22:44:03,909 [ERROR] LogOutputStream:75 - [STDERR_REDIRECT] [Fatal Error] :1:1: Premature end of file.
2025-08-11 22:44:03,909 [ERROR] LogOutputStream:75 - [STDERR_REDIRECT] 
2025-08-11 22:44:04,901 [ERROR] LogOutputStream:75 - [STDERR_REDIRECT] [Fatal Error] :1:1: Premature end of file.
2025-08-11 22:44:04,901 [ERROR] LogOutputStream:75 - [STDERR_REDIRECT] 
2025-08-11 22:44:05,894 [ERROR] LogOutputStream:75 - [STDERR_REDIRECT] [Fatal Error] :1:1: Premature end of file.
2025-08-11 22:44:05,894 [ERROR] LogOutputStream:75 - [STDERR_REDIRECT] 
2025-08-11 22:44:06,908 [ERROR] LogOutputStream:75 - [STDERR_REDIRECT] [Fatal Error] :1:1: Premature end of file.
2025-08-11 22:44:06,908 [ERROR] LogOutputStream:75 - [STDERR_REDIRECT] 
2025-08-11 22:44:07,870 [ERROR] LogOutputStream:75 - [STDERR_REDIRECT] [Fatal Error] :1:1: Premature end of file.
2025-08-11 22:44:07,870 [ERROR] LogOutputStream:75 - [STDERR_REDIRECT] 
2025-08-11 22:44:08,906 [ERROR] LogOutputStream:75 - [STDERR_REDIRECT] [Fatal Error] :1:1: Premature end of file.
2025-08-11 22:44:08,906 [ERROR] LogOutputStream:75 - [STDERR_REDIRECT] 
2025-08-11 22:44:09,888 [ERROR] LogOutputStream:75 - [STDERR_REDIRECT] [Fatal Error] :1:1: Premature end of file.
2025-08-11 22:44:09,888 [ERROR] LogOutputStream:75 - [STDERR_REDIRECT] 
2025-08-11 22:44:10,907 [ERROR] LogOutputStream:75 - [STDERR_REDIRECT] [Fatal Error] :1:1: Premature end of file.
2025-08-11 22:44:10,907 [ERROR] LogOutputStream:75 - [STDERR_REDIRECT] 
2025-08-11 22:44:11,886 [ERROR] LogOutputStream:75 - [STDERR_REDIRECT] [Fatal Error] :1:1: Premature end of file.
2025-08-11 22:44:11,886 [ERROR] LogOutputStream:75 - [STDERR_REDIRECT] 
2025-08-11 22:44:12,907 [ERROR] LogOutputStream:75 - [STDERR_REDIRECT] [Fatal Error] :1:1: Premature end of file.
2025-08-11 22:44:12,907 [ERROR] LogOutputStream:75 - [STDERR_REDIRECT] 
2025-08-11 22:44:13,905 [ERROR] LogOutputStream:75 - [STDERR_REDIRECT] [Fatal Error] :1:1: Premature end of file.
2025-08-11 22:44:13,905 [ERROR] LogOutputStream:75 - [STDERR_REDIRECT] 
2025-08-11 22:44:14,893 [ERROR] LogOutputStream:75 - [STDERR_REDIRECT] [Fatal Error] :1:1: Premature end of file.
2025-08-11 22:44:14,893 [ERROR] LogOutputStream:75 - [STDERR_REDIRECT] 
2025-08-11 22:44:15,906 [ERROR] LogOutputStream:75 - [STDERR_REDIRECT] [Fatal Error] :1:1: Premature end of file.
2025-08-11 22:44:15,906 [ERROR] LogOutputStream:75 - [STDERR_REDIRECT] 
2025-08-11 22:44:16,890 [ERROR] LogOutputStream:75 - [STDERR_REDIRECT] [Fatal Error] :1:1: Premature end of file.
2025-08-11 22:44:16,890 [ERROR] LogOutputStream:75 - [STDERR_REDIRECT] 
2025-08-11 22:44:17,897 [ERROR] LogOutputStream:75 - [STDERR_REDIRECT] [Fatal Error] :1:1: Premature end of file.
2025-08-11 22:44:17,897 [ERROR] LogOutputStream:75 - [STDERR_REDIRECT] 
2025-08-11 22:44:18,905 [ERROR] LogOutputStream:75 - [STDERR_REDIRECT] [Fatal Error] :1:1: Premature end of file.
2025-08-11 22:44:18,905 [ERROR] LogOutputStream:75 - [STDERR_REDIRECT] 
2025-08-11 22:44:19,883 [ERROR] LogOutputStream:75 - [STDERR_REDIRECT] [Fatal Error] :1:1: Premature end of file.
2025-08-11 22:44:19,883 [ERROR] LogOutputStream:75 - [STDERR_REDIRECT] 
2025-08-11 22:44:20,892 [ERROR] LogOutputStream:75 - [STDERR_REDIRECT] [Fatal Error] :1:1: Premature end of file.
2025-08-11 22:44:20,892 [ERROR] LogOutputStream:75 - [STDERR_REDIRECT] 
2025-08-11 22:44:21,895 [ERROR] LogOutputStream:75 - [STDERR_REDIRECT] [Fatal Error] :1:1: Premature end of file.
2025-08-11 22:44:21,895 [ERROR] LogOutputStream:75 - [STDERR_REDIRECT] 
2025-08-11 22:44:22,893 [ERROR] LogOutputStream:75 - [STDERR_REDIRECT] [Fatal Error] :1:1: Premature end of file.
2025-08-11 22:44:22,893 [ERROR] LogOutputStream:75 - [STDERR_REDIRECT] 
2025-08-11 22:44:23,896 [ERROR] LogOutputStream:75 - [STDERR_REDIRECT] [Fatal Error] :1:1: Premature end of file.
2025-08-11 22:44:23,896 [ERROR] LogOutputStream:75 - [STDERR_REDIRECT] 
2025-08-11 22:44:24,899 [ERROR] LogOutputStream:75 - [STDERR_REDIRECT] [Fatal Error] :1:1: Premature end of file.
2025-08-11 22:44:24,899 [ERROR] LogOutputStream:75 - [STDERR_REDIRECT] 
2025-08-11 22:44:25,885 [ERROR] LogOutputStream:75 - [STDERR_REDIRECT] [Fatal Error] :1:1: Premature end of file.
2025-08-11 22:44:25,885 [ERROR] LogOutputStream:75 - [STDERR_REDIRECT] 
2025-08-11 22:44:26,902 [ERROR] LogOutputStream:75 - [STDERR_REDIRECT] [Fatal Error] :1:1: Premature end of file.
2025-08-11 22:44:26,902 [ERROR] LogOutputStream:75 - [STDERR_REDIRECT] 
2025-08-11 22:44:27,891 [ERROR] LogOutputStream:75 - [STDERR_REDIRECT] [Fatal Error] :1:1: Premature end of file.
2025-08-11 22:44:27,891 [ERROR] LogOutputStream:75 - [STDERR_REDIRECT] 
2025-08-11 22:44:28,900 [ERROR] LogOutputStream:75 - [STDERR_REDIRECT] [Fatal Error] :1:1: Premature end of file.
2025-08-11 22:44:28,900 [ERROR] LogOutputStream:75 - [STDERR_REDIRECT] 
2025-08-11 22:44:29,894 [ERROR] LogOutputStream:75 - [STDERR_REDIRECT] [Fatal Error] :1:1: Premature end of file.
2025-08-11 22:44:29,894 [ERROR] LogOutputStream:75 - [STDERR_REDIRECT] 
2025-08-11 22:44:30,890 [ERROR] LogOutputStream:75 - [STDERR_REDIRECT] [Fatal Error] :1:1: Premature end of file.
2025-08-11 22:44:30,890 [ERROR] LogOutputStream:75 - [STDERR_REDIRECT] 
2025-08-11 22:44:31,907 [ERROR] LogOutputStream:75 - [STDERR_REDIRECT] [Fatal Error] :1:1: Premature end of file.
2025-08-11 22:44:31,907 [ERROR] LogOutputStream:75 - [STDERR_REDIRECT] 
2025-08-11 22:44:32,887 [ERROR] LogOutputStream:75 - [STDERR_REDIRECT] [Fatal Error] :1:1: Premature end of file.
2025-08-11 22:44:32,887 [ERROR] LogOutputStream:75 - [STDERR_REDIRECT] 
2025-08-11 22:44:33,893 [ERROR] LogOutputStream:75 - [STDERR_REDIRECT] [Fatal Error] :1:1: Premature end of file.
2025-08-11 22:44:33,893 [ERROR] LogOutputStream:75 - [STDERR_REDIRECT] 
2025-08-11 22:44:34,923 [ERROR] LogOutputStream:75 - [STDERR_REDIRECT] [Fatal Error] :1:1: Premature end of file.
2025-08-11 22:44:34,923 [ERROR] LogOutputStream:75 - [STDERR_REDIRECT] 
2025-08-11 22:44:35,897 [ERROR] LogOutputStream:75 - [STDERR_REDIRECT] [Fatal Error] :1:1: Premature end of file.
2025-08-11 22:44:35,897 [ERROR] LogOutputStream:75 - [STDERR_REDIRECT] 
2025-08-11 22:44:36,892 [ERROR] LogOutputStream:75 - [STDERR_REDIRECT] [Fatal Error] :1:1: Premature end of file.
2025-08-11 22:44:36,892 [ERROR] LogOutputStream:75 - [STDERR_REDIRECT] 
2025-08-11 22:44:37,886 [ERROR] LogOutputStream:75 - [STDERR_REDIRECT] [Fatal Error] :1:1: Premature end of file.
2025-08-11 22:44:37,886 [ERROR] LogOutputStream:75 - [STDERR_REDIRECT] 
2025-08-11 22:44:38,904 [ERROR] LogOutputStream:75 - [STDERR_REDIRECT] [Fatal Error] :1:1: Premature end of file.
2025-08-11 22:44:38,904 [ERROR] LogOutputStream:75 - [STDERR_REDIRECT] 
2025-08-11 22:44:39,890 [ERROR] LogOutputStream:75 - [STDERR_REDIRECT] [Fatal Error] :1:1: Premature end of file.
2025-08-11 22:44:39,890 [ERROR] LogOutputStream:75 - [STDERR_REDIRECT] 
2025-08-11 22:44:40,907 [ERROR] LogOutputStream:75 - [STDERR_REDIRECT] [Fatal Error] :1:1: Premature end of file.
2025-08-11 22:44:40,907 [ERROR] LogOutputStream:75 - [STDERR_REDIRECT] 
2025-08-11 22:44:41,927 [ERROR] LogOutputStream:75 - [STDERR_REDIRECT] [Fatal Error] :1:1: Premature end of file.
2025-08-11 22:44:41,927 [ERROR] LogOutputStream:75 - [STDERR_REDIRECT] 
2025-08-11 22:44:42,902 [ERROR] LogOutputStream:75 - [STDERR_REDIRECT] [Fatal Error] :1:1: Premature end of file.
2025-08-11 22:44:42,902 [ERROR] LogOutputStream:75 - [STDERR_REDIRECT] 
2025-08-11 22:44:43,898 [ERROR] LogOutputStream:75 - [STDERR_REDIRECT] [Fatal Error] :1:1: Premature end of file.
2025-08-11 22:44:43,898 [ERROR] LogOutputStream:75 - [STDERR_REDIRECT] 
2025-08-11 22:44:44,893 [ERROR] LogOutputStream:75 - [STDERR_REDIRECT] [Fatal Error] :1:1: Premature end of file.
2025-08-11 22:44:44,893 [ERROR] LogOutputStream:75 - [STDERR_REDIRECT] 
2025-08-11 22:44:45,902 [ERROR] LogOutputStream:75 - [STDERR_REDIRECT] [Fatal Error] :1:1: Premature end of file.
2025-08-11 22:44:45,902 [ERROR] LogOutputStream:75 - [STDERR_REDIRECT] 
2025-08-11 22:44:46,895 [ERROR] LogOutputStream:75 - [STDERR_REDIRECT] [Fatal Error] :1:1: Premature end of file.
2025-08-11 22:44:46,895 [ERROR] LogOutputStream:75 - [STDERR_REDIRECT] 
2025-08-11 22:44:47,907 [ERROR] LogOutputStream:75 - [STDERR_REDIRECT] [Fatal Error] :1:1: Premature end of file.
2025-08-11 22:44:47,907 [ERROR] LogOutputStream:75 - [STDERR_REDIRECT] 
2025-08-11 22:44:48,884 [ERROR] LogOutputStream:75 - [STDERR_REDIRECT] [Fatal Error] :1:1: Premature end of file.
2025-08-11 22:44:48,884 [ERROR] LogOutputStream:75 - [STDERR_REDIRECT] 
2025-08-11 22:44:49,896 [ERROR] LogOutputStream:75 - [STDERR_REDIRECT] [Fatal Error] :1:1: Premature end of file.
2025-08-11 22:44:49,896 [ERROR] LogOutputStream:75 - [STDERR_REDIRECT] 
2025-08-11 22:44:50,897 [ERROR] LogOutputStream:75 - [STDERR_REDIRECT] [Fatal Error] :1:1: Premature end of file.
2025-08-11 22:44:50,897 [ERROR] LogOutputStream:75 - [STDERR_REDIRECT] 
2025-08-11 22:44:51,892 [ERROR] LogOutputStream:75 - [STDERR_REDIRECT] [Fatal Error] :1:1: Premature end of file.
2025-08-11 22:44:51,892 [ERROR] LogOutputStream:75 - [STDERR_REDIRECT] 
2025-08-11 22:44:52,894 [ERROR] LogOutputStream:75 - [STDERR_REDIRECT] [Fatal Error] :1:1: Premature end of file.
2025-08-11 22:44:52,894 [ERROR] LogOutputStream:75 - [STDERR_REDIRECT] 
2025-08-11 22:44:53,887 [ERROR] LogOutputStream:75 - [STDERR_REDIRECT] [Fatal Error] :1:1: Premature end of file.
2025-08-11 22:44:53,887 [ERROR] LogOutputStream:75 - [STDERR_REDIRECT] 
2025-08-11 22:44:54,893 [ERROR] LogOutputStream:75 - [STDERR_REDIRECT] [Fatal Error] :1:1: Premature end of file.
2025-08-11 22:44:54,893 [ERROR] LogOutputStream:75 - [STDERR_REDIRECT] 
2025-08-11 22:44:55,886 [ERROR] LogOutputStream:75 - [STDERR_REDIRECT] [Fatal Error] :1:1: Premature end of file.
2025-08-11 22:44:55,886 [ERROR] LogOutputStream:75 - [STDERR_REDIRECT] 
2025-08-11 22:44:56,911 [ERROR] LogOutputStream:75 - [STDERR_REDIRECT] [Fatal Error] :1:1: Premature end of file.
2025-08-11 22:44:56,911 [ERROR] LogOutputStream:75 - [STDERR_REDIRECT] 
2025-08-11 22:44:57,882 [ERROR] LogOutputStream:75 - [STDERR_REDIRECT] [Fatal Error] :1:1: Premature end of file.
2025-08-11 22:44:57,882 [ERROR] LogOutputStream:75 - [STDERR_REDIRECT] 
2025-08-11 22:44:58,902 [ERROR] LogOutputStream:75 - [STDERR_REDIRECT] [Fatal Error] :1:1: Premature end of file.
2025-08-11 22:44:58,902 [ERROR] LogOutputStream:75 - [STDERR_REDIRECT] 
2025-08-11 22:44:59,886 [ERROR] LogOutputStream:75 - [STDERR_REDIRECT] [Fatal Error] :1:1: Premature end of file.
2025-08-11 22:44:59,886 [ERROR] LogOutputStream:75 - [STDERR_REDIRECT] 
2025-08-11 22:45:00,901 [ERROR] LogOutputStream:75 - [STDERR_REDIRECT] [Fatal Error] :1:1: Premature end of file.
2025-08-11 22:45:00,901 [ERROR] LogOutputStream:75 - [STDERR_REDIRECT] 
2025-08-11 22:45:01,913 [ERROR] LogOutputStream:75 - [STDERR_REDIRECT] [Fatal Error] :1:1: Premature end of file.
2025-08-11 22:45:01,913 [ERROR] LogOutputStream:75 - [STDERR_REDIRECT] 
2025-08-11 22:45:02,888 [ERROR] LogOutputStream:75 - [STDERR_REDIRECT] [Fatal Error] :1:1: Premature end of file.
2025-08-11 22:45:02,888 [ERROR] LogOutputStream:75 - [STDERR_REDIRECT] 
2025-08-11 22:45:03,910 [ERROR] LogOutputStream:75 - [STDERR_REDIRECT] [Fatal Error] :1:1: Premature end of file.
2025-08-11 22:45:03,910 [ERROR] LogOutputStream:75 - [STDERR_REDIRECT] 
2025-08-11 22:45:04,901 [ERROR] LogOutputStream:75 - [STDERR_REDIRECT] [Fatal Error] :1:1: Premature end of file.
2025-08-11 22:45:04,901 [ERROR] LogOutputStream:75 - [STDERR_REDIRECT] 
2025-08-11 22:45:05,905 [ERROR] LogOutputStream:75 - [STDERR_REDIRECT] [Fatal Error] :1:1: Premature end of file.
2025-08-11 22:45:05,905 [ERROR] LogOutputStream:75 - [STDERR_REDIRECT] 
2025-08-11 22:45:06,896 [ERROR] LogOutputStream:75 - [STDERR_REDIRECT] [Fatal Error] :1:1: Premature end of file.
2025-08-11 22:45:06,896 [ERROR] LogOutputStream:75 - [STDERR_REDIRECT] 
2025-08-11 22:45:07,892 [ERROR] LogOutputStream:75 - [STDERR_REDIRECT] [Fatal Error] :1:1: Premature end of file.
2025-08-11 22:45:07,892 [ERROR] LogOutputStream:75 - [STDERR_REDIRECT] 
2025-08-11 22:45:08,904 [ERROR] LogOutputStream:75 - [STDERR_REDIRECT] [Fatal Error] :1:1: Premature end of file.
2025-08-11 22:45:08,904 [ERROR] LogOutputStream:75 - [STDERR_REDIRECT] 
2025-08-11 22:45:09,901 [ERROR] LogOutputStream:75 - [STDERR_REDIRECT] [Fatal Error] :1:1: Premature end of file.
2025-08-11 22:45:09,901 [ERROR] LogOutputStream:75 - [STDERR_REDIRECT] 
2025-08-11 22:45:10,896 [ERROR] LogOutputStream:75 - [STDERR_REDIRECT] [Fatal Error] :1:1: Premature end of file.
2025-08-11 22:45:10,896 [ERROR] LogOutputStream:75 - [STDERR_REDIRECT] 
2025-08-11 22:45:11,907 [ERROR] LogOutputStream:75 - [STDERR_REDIRECT] [Fatal Error] :1:1: Premature end of file.
2025-08-11 22:45:11,907 [ERROR] LogOutputStream:75 - [STDERR_REDIRECT] 
2025-08-11 22:45:12,908 [ERROR] LogOutputStream:75 - [STDERR_REDIRECT] [Fatal Error] :1:1: Premature end of file.
2025-08-11 22:45:12,908 [ERROR] LogOutputStream:75 - [STDERR_REDIRECT] 
2025-08-11 22:45:13,902 [ERROR] LogOutputStream:75 - [STDERR_REDIRECT] [Fatal Error] :1:1: Premature end of file.
2025-08-11 22:45:13,902 [ERROR] LogOutputStream:75 - [STDERR_REDIRECT] 
2025-08-11 22:45:14,902 [ERROR] LogOutputStream:75 - [STDERR_REDIRECT] [Fatal Error] :1:1: Premature end of file.
2025-08-11 22:45:14,902 [ERROR] LogOutputStream:75 - [STDERR_REDIRECT] 
2025-08-11 22:45:15,895 [ERROR] LogOutputStream:75 - [STDERR_REDIRECT] [Fatal Error] :1:1: Premature end of file.
2025-08-11 22:45:15,895 [ERROR] LogOutputStream:75 - [STDERR_REDIRECT] 
2025-08-11 22:45:16,898 [ERROR] LogOutputStream:75 - [STDERR_REDIRECT] [Fatal Error] :1:1: Premature end of file.
2025-08-11 22:45:16,898 [ERROR] LogOutputStream:75 - [STDERR_REDIRECT] 
2025-08-11 22:45:17,887 [ERROR] LogOutputStream:75 - [STDERR_REDIRECT] [Fatal Error] :1:1: Premature end of file.
2025-08-11 22:45:17,887 [ERROR] LogOutputStream:75 - [STDERR_REDIRECT] 
2025-08-11 22:45:18,907 [ERROR] LogOutputStream:75 - [STDERR_REDIRECT] [Fatal Error] :1:1: Premature end of file.
2025-08-11 22:45:18,907 [ERROR] LogOutputStream:75 - [STDERR_REDIRECT] 
2025-08-11 22:45:19,891 [ERROR] LogOutputStream:75 - [STDERR_REDIRECT] [Fatal Error] :1:1: Premature end of file.
2025-08-11 22:45:19,891 [ERROR] LogOutputStream:75 - [STDERR_REDIRECT] 
2025-08-11 22:45:20,903 [ERROR] LogOutputStream:75 - [STDERR_REDIRECT] [Fatal Error] :1:1: Premature end of file.
2025-08-11 22:45:20,903 [ERROR] LogOutputStream:75 - [STDERR_REDIRECT] 
2025-08-11 22:45:21,885 [ERROR] LogOutputStream:75 - [STDERR_REDIRECT] [Fatal Error] :1:1: Premature end of file.
2025-08-11 22:45:21,885 [ERROR] LogOutputStream:75 - [STDERR_REDIRECT] 
2025-08-11 22:45:22,883 [ERROR] LogOutputStream:75 - [STDERR_REDIRECT] [Fatal Error] :1:1: Premature end of file.
2025-08-11 22:45:22,883 [ERROR] LogOutputStream:75 - [STDERR_REDIRECT] 
2025-08-11 22:45:23,885 [ERROR] LogOutputStream:75 - [STDERR_REDIRECT] [Fatal Error] :1:1: Premature end of file.
2025-08-11 22:45:23,885 [ERROR] LogOutputStream:75 - [STDERR_REDIRECT] 
2025-08-11 22:45:24,902 [ERROR] LogOutputStream:75 - [STDERR_REDIRECT] [Fatal Error] :1:1: Premature end of file.
2025-08-11 22:45:24,902 [ERROR] LogOutputStream:75 - [STDERR_REDIRECT] 
2025-08-11 22:45:25,890 [ERROR] LogOutputStream:75 - [STDERR_REDIRECT] [Fatal Error] :1:1: Premature end of file.
2025-08-11 22:45:25,890 [ERROR] LogOutputStream:75 - [STDERR_REDIRECT] 
2025-08-11 22:45:26,901 [ERROR] LogOutputStream:75 - [STDERR_REDIRECT] [Fatal Error] :1:1: Premature end of file.
2025-08-11 22:45:26,901 [ERROR] LogOutputStream:75 - [STDERR_REDIRECT] 
2025-08-11 22:45:27,891 [ERROR] LogOutputStream:75 - [STDERR_REDIRECT] [Fatal Error] :1:1: Premature end of file.
2025-08-11 22:45:27,891 [ERROR] LogOutputStream:75 - [STDERR_REDIRECT] 
2025-08-11 22:45:28,898 [ERROR] LogOutputStream:75 - [STDERR_REDIRECT] [Fatal Error] :1:1: Premature end of file.
2025-08-11 22:45:28,898 [ERROR] LogOutputStream:75 - [STDERR_REDIRECT] 
2025-08-11 22:45:29,888 [ERROR] LogOutputStream:75 - [STDERR_REDIRECT] [Fatal Error] :1:1: Premature end of file.
2025-08-11 22:45:29,888 [ERROR] LogOutputStream:75 - [STDERR_REDIRECT] 
2025-08-11 22:45:30,884 [ERROR] LogOutputStream:75 - [STDERR_REDIRECT] [Fatal Error] :1:1: Premature end of file.
2025-08-11 22:45:30,884 [ERROR] LogOutputStream:75 - [STDERR_REDIRECT] 
2025-08-11 22:45:31,902 [ERROR] LogOutputStream:75 - [STDERR_REDIRECT] [Fatal Error] :1:1: Premature end of file.
2025-08-11 22:45:31,902 [ERROR] LogOutputStream:75 - [STDERR_REDIRECT] 
2025-08-11 22:45:32,894 [ERROR] LogOutputStream:75 - [STDERR_REDIRECT] [Fatal Error] :1:1: Premature end of file.
2025-08-11 22:45:32,894 [ERROR] LogOutputStream:75 - [STDERR_REDIRECT] 
2025-08-11 22:45:33,894 [ERROR] LogOutputStream:75 - [STDERR_REDIRECT] [Fatal Error] :1:1: Premature end of file.
2025-08-11 22:45:33,898 [ERROR] LogOutputStream:75 - [STDERR_REDIRECT] 
2025-08-11 22:45:34,891 [ERROR] LogOutputStream:75 - [STDERR_REDIRECT] [Fatal Error] :1:1: Premature end of file.
2025-08-11 22:45:34,891 [ERROR] LogOutputStream:75 - [STDERR_REDIRECT] 
2025-08-11 22:45:35,893 [ERROR] LogOutputStream:75 - [STDERR_REDIRECT] [Fatal Error] :1:1: Premature end of file.
2025-08-11 22:45:35,893 [ERROR] LogOutputStream:75 - [STDERR_REDIRECT] 
2025-08-11 22:45:36,892 [ERROR] LogOutputStream:75 - [STDERR_REDIRECT] [Fatal Error] :1:1: Premature end of file.
2025-08-11 22:45:36,892 [ERROR] LogOutputStream:75 - [STDERR_REDIRECT] 
2025-08-11 22:45:37,902 [ERROR] LogOutputStream:75 - [STDERR_REDIRECT] [Fatal Error] :1:1: Premature end of file.
2025-08-11 22:45:37,902 [ERROR] LogOutputStream:75 - [STDERR_REDIRECT] 
2025-08-11 22:45:38,901 [ERROR] LogOutputStream:75 - [STDERR_REDIRECT] [Fatal Error] :1:1: Premature end of file.
2025-08-11 22:45:38,901 [ERROR] LogOutputStream:75 - [STDERR_REDIRECT] 
2025-08-11 22:45:39,900 [ERROR] LogOutputStream:75 - [STDERR_REDIRECT] [Fatal Error] :1:1: Premature end of file.
2025-08-11 22:45:39,900 [ERROR] LogOutputStream:75 - [STDERR_REDIRECT] 
2025-08-11 22:45:40,890 [ERROR] LogOutputStream:75 - [STDERR_REDIRECT] [Fatal Error] :1:1: Premature end of file.
2025-08-11 22:45:40,890 [ERROR] LogOutputStream:75 - [STDERR_REDIRECT] 
2025-08-11 22:45:41,886 [ERROR] LogOutputStream:75 - [STDERR_REDIRECT] [Fatal Error] :1:1: Premature end of file.
2025-08-11 22:45:41,886 [ERROR] LogOutputStream:75 - [STDERR_REDIRECT] 
2025-08-11 22:45:42,889 [ERROR] LogOutputStream:75 - [STDERR_REDIRECT] [Fatal Error] :1:1: Premature end of file.
2025-08-11 22:45:42,889 [ERROR] LogOutputStream:75 - [STDERR_REDIRECT] 
2025-08-11 22:45:43,896 [ERROR] LogOutputStream:75 - [STDERR_REDIRECT] [Fatal Error] :1:1: Premature end of file.
2025-08-11 22:45:43,896 [ERROR] LogOutputStream:75 - [STDERR_REDIRECT] 
2025-08-11 22:45:44,888 [ERROR] LogOutputStream:75 - [STDERR_REDIRECT] [Fatal Error] :1:1: Premature end of file.
2025-08-11 22:45:44,888 [ERROR] LogOutputStream:75 - [STDERR_REDIRECT] 
2025-08-11 22:45:45,549 [INFO] WebApp:403 - JxBrowser engine has been closed 
2025-08-11 22:45:45,868 [ERROR] LogOutputStream:75 - [STDERR_REDIRECT] [Fatal Error] :1:1: Premature end of file.
2025-08-11 22:45:45,868 [ERROR] LogOutputStream:75 - [STDERR_REDIRECT] 
2025-08-11 22:45:46,870 [ERROR] LogOutputStream:75 - [STDERR_REDIRECT] [Fatal Error] :1:1: Premature end of file.
2025-08-11 22:45:46,870 [ERROR] LogOutputStream:75 - [STDERR_REDIRECT] 
2025-08-11 22:45:47,866 [ERROR] LogOutputStream:75 - [STDERR_REDIRECT] [Fatal Error] :1:1: Premature end of file.
2025-08-11 22:45:47,866 [ERROR] LogOutputStream:75 - [STDERR_REDIRECT] 
2025-08-11 22:45:48,866 [ERROR] LogOutputStream:75 - [STDERR_REDIRECT] [Fatal Error] :1:1: Premature end of file.
2025-08-11 22:45:48,866 [ERROR] LogOutputStream:75 - [STDERR_REDIRECT] 
2025-08-11 22:45:49,876 [ERROR] LogOutputStream:75 - [STDERR_REDIRECT] [Fatal Error] :1:1: Premature end of file.
2025-08-11 22:45:49,876 [ERROR] LogOutputStream:75 - [STDERR_REDIRECT] 
2025-08-11 22:45:50,861 [ERROR] LogOutputStream:75 - [STDERR_REDIRECT] [Fatal Error] :1:1: Premature end of file.
2025-08-11 22:45:50,861 [ERROR] LogOutputStream:75 - [STDERR_REDIRECT] 
2025-08-11 22:45:51,860 [ERROR] LogOutputStream:75 - [STDERR_REDIRECT] [Fatal Error] :1:1: Premature end of file.
2025-08-11 22:45:51,860 [ERROR] LogOutputStream:75 - [STDERR_REDIRECT] 
2025-08-11 22:45:52,863 [ERROR] LogOutputStream:75 - [STDERR_REDIRECT] [Fatal Error] :1:1: Premature end of file.
2025-08-11 22:45:52,863 [ERROR] LogOutputStream:75 - [STDERR_REDIRECT] 
2025-08-11 22:45:53,861 [ERROR] LogOutputStream:75 - [STDERR_REDIRECT] [Fatal Error] :1:1: Premature end of file.
2025-08-11 22:45:53,861 [ERROR] LogOutputStream:75 - [STDERR_REDIRECT] 
2025-08-11 22:45:54,865 [ERROR] LogOutputStream:75 - [STDERR_REDIRECT] [Fatal Error] :1:1: Premature end of file.
2025-08-11 22:45:54,865 [ERROR] LogOutputStream:75 - [STDERR_REDIRECT] 
2025-08-11 22:45:55,861 [ERROR] LogOutputStream:75 - [STDERR_REDIRECT] [Fatal Error] :1:1: Premature end of file.
2025-08-11 22:45:55,861 [ERROR] LogOutputStream:75 - [STDERR_REDIRECT] 
2025-08-11 22:45:56,864 [ERROR] LogOutputStream:75 - [STDERR_REDIRECT] [Fatal Error] :1:1: Premature end of file.
2025-08-11 22:45:56,864 [ERROR] LogOutputStream:75 - [STDERR_REDIRECT] 
2025-08-11 22:45:57,863 [ERROR] LogOutputStream:75 - [STDERR_REDIRECT] [Fatal Error] :1:1: Premature end of file.
2025-08-11 22:45:57,863 [ERROR] LogOutputStream:75 - [STDERR_REDIRECT] 
2025-08-11 22:45:58,861 [ERROR] LogOutputStream:75 - [STDERR_REDIRECT] [Fatal Error] :1:1: Premature end of file.
2025-08-11 22:45:58,861 [ERROR] LogOutputStream:75 - [STDERR_REDIRECT] 
2025-08-11 22:45:59,860 [ERROR] LogOutputStream:75 - [STDERR_REDIRECT] [Fatal Error] :1:1: Premature end of file.
2025-08-11 22:45:59,860 [ERROR] LogOutputStream:75 - [STDERR_REDIRECT] 
2025-08-11 22:46:00,862 [ERROR] LogOutputStream:75 - [STDERR_REDIRECT] [Fatal Error] :1:1: Premature end of file.
2025-08-11 22:46:00,862 [ERROR] LogOutputStream:75 - [STDERR_REDIRECT] 
2025-08-11 22:46:01,861 [ERROR] LogOutputStream:75 - [STDERR_REDIRECT] [Fatal Error] :1:1: Premature end of file.
2025-08-11 22:46:01,861 [ERROR] LogOutputStream:75 - [STDERR_REDIRECT] 
2025-08-11 22:46:02,860 [ERROR] LogOutputStream:75 - [STDERR_REDIRECT] [Fatal Error] :1:1: Premature end of file.
2025-08-11 22:46:02,860 [ERROR] LogOutputStream:75 - [STDERR_REDIRECT] 
2025-08-11 22:46:03,862 [ERROR] LogOutputStream:75 - [STDERR_REDIRECT] [Fatal Error] :1:1: Premature end of file.
2025-08-11 22:46:03,862 [ERROR] LogOutputStream:75 - [STDERR_REDIRECT] 
2025-08-11 22:46:04,866 [ERROR] LogOutputStream:75 - [STDERR_REDIRECT] [Fatal Error] :1:1: Premature end of file.
2025-08-11 22:46:04,866 [ERROR] LogOutputStream:75 - [STDERR_REDIRECT] 
2025-08-11 22:46:05,861 [ERROR] LogOutputStream:75 - [STDERR_REDIRECT] [Fatal Error] :1:1: Premature end of file.
2025-08-11 22:46:05,861 [ERROR] LogOutputStream:75 - [STDERR_REDIRECT] 
2025-08-11 22:46:06,860 [ERROR] LogOutputStream:75 - [STDERR_REDIRECT] [Fatal Error] :1:1: Premature end of file.
2025-08-11 22:46:06,861 [ERROR] LogOutputStream:75 - [STDERR_REDIRECT] 
2025-08-11 22:46:07,860 [ERROR] LogOutputStream:75 - [STDERR_REDIRECT] [Fatal Error] :1:1: Premature end of file.
2025-08-11 22:46:07,860 [ERROR] LogOutputStream:75 - [STDERR_REDIRECT] 
2025-08-11 22:46:08,864 [ERROR] LogOutputStream:75 - [STDERR_REDIRECT] [Fatal Error] :1:1: Premature end of file.
2025-08-11 22:46:08,864 [ERROR] LogOutputStream:75 - [STDERR_REDIRECT] 
2025-08-11 22:46:09,861 [ERROR] LogOutputStream:75 - [STDERR_REDIRECT] [Fatal Error] :1:1: Premature end of file.
2025-08-11 22:46:09,861 [ERROR] LogOutputStream:75 - [STDERR_REDIRECT] 
2025-08-11 22:46:10,861 [ERROR] LogOutputStream:75 - [STDERR_REDIRECT] [Fatal Error] :1:1: Premature end of file.
2025-08-11 22:46:10,861 [ERROR] LogOutputStream:75 - [STDERR_REDIRECT] 
2025-08-11 22:46:11,861 [ERROR] LogOutputStream:75 - [STDERR_REDIRECT] [Fatal Error] :1:1: Premature end of file.
2025-08-11 22:46:11,861 [ERROR] LogOutputStream:75 - [STDERR_REDIRECT] 
2025-08-11 22:46:12,862 [ERROR] LogOutputStream:75 - [STDERR_REDIRECT] [Fatal Error] :1:1: Premature end of file.
2025-08-11 22:46:12,862 [ERROR] LogOutputStream:75 - [STDERR_REDIRECT] 
2025-08-11 22:46:13,861 [ERROR] LogOutputStream:75 - [STDERR_REDIRECT] [Fatal Error] :1:1: Premature end of file.
2025-08-11 22:46:13,861 [ERROR] LogOutputStream:75 - [STDERR_REDIRECT] 
2025-08-11 22:46:14,861 [ERROR] LogOutputStream:75 - [STDERR_REDIRECT] [Fatal Error] :1:1: Premature end of file.
2025-08-11 22:46:14,861 [ERROR] LogOutputStream:75 - [STDERR_REDIRECT] 
2025-08-11 22:46:15,862 [ERROR] LogOutputStream:75 - [STDERR_REDIRECT] [Fatal Error] :1:1: Premature end of file.
2025-08-11 22:46:15,862 [ERROR] LogOutputStream:75 - [STDERR_REDIRECT] 
2025-08-11 22:46:16,861 [ERROR] LogOutputStream:75 - [STDERR_REDIRECT] [Fatal Error] :1:1: Premature end of file.
2025-08-11 22:46:16,861 [ERROR] LogOutputStream:75 - [STDERR_REDIRECT] 
2025-08-11 22:46:17,860 [ERROR] LogOutputStream:75 - [STDERR_REDIRECT] [Fatal Error] :1:1: Premature end of file.
2025-08-11 22:46:17,861 [ERROR] LogOutputStream:75 - [STDERR_REDIRECT] 
2025-08-11 22:46:18,861 [ERROR] LogOutputStream:75 - [STDERR_REDIRECT] [Fatal Error] :1:1: Premature end of file.
2025-08-11 22:46:18,861 [ERROR] LogOutputStream:75 - [STDERR_REDIRECT] 
2025-08-11 22:46:19,862 [ERROR] LogOutputStream:75 - [STDERR_REDIRECT] [Fatal Error] :1:1: Premature end of file.
2025-08-11 22:46:19,862 [ERROR] LogOutputStream:75 - [STDERR_REDIRECT] 
2025-08-11 22:46:20,861 [ERROR] LogOutputStream:75 - [STDERR_REDIRECT] [Fatal Error] :1:1: Premature end of file.
2025-08-11 22:46:20,861 [ERROR] LogOutputStream:75 - [STDERR_REDIRECT] 
2025-08-11 22:46:21,861 [ERROR] LogOutputStream:75 - [STDERR_REDIRECT] [Fatal Error] :1:1: Premature end of file.
2025-08-11 22:46:21,861 [ERROR] LogOutputStream:75 - [STDERR_REDIRECT] 
2025-08-11 22:46:22,861 [ERROR] LogOutputStream:75 - [STDERR_REDIRECT] [Fatal Error] :1:1: Premature end of file.
2025-08-11 22:46:22,861 [ERROR] LogOutputStream:75 - [STDERR_REDIRECT] 
2025-08-11 22:46:23,861 [ERROR] LogOutputStream:75 - [STDERR_REDIRECT] [Fatal Error] :1:1: Premature end of file.
2025-08-11 22:46:23,861 [ERROR] LogOutputStream:75 - [STDERR_REDIRECT] 
2025-08-11 22:46:24,862 [ERROR] LogOutputStream:75 - [STDERR_REDIRECT] [Fatal Error] :1:1: Premature end of file.
2025-08-11 22:46:24,862 [ERROR] LogOutputStream:75 - [STDERR_REDIRECT] 
2025-08-11 22:46:25,860 [ERROR] LogOutputStream:75 - [STDERR_REDIRECT] [Fatal Error] :1:1: Premature end of file.
2025-08-11 22:46:25,860 [ERROR] LogOutputStream:75 - [STDERR_REDIRECT] 
2025-08-11 22:46:26,861 [ERROR] LogOutputStream:75 - [STDERR_REDIRECT] [Fatal Error] :1:1: Premature end of file.
2025-08-11 22:46:26,861 [ERROR] LogOutputStream:75 - [STDERR_REDIRECT] 
2025-08-11 22:46:27,863 [ERROR] LogOutputStream:75 - [STDERR_REDIRECT] [Fatal Error] :1:1: Premature end of file.
2025-08-11 22:46:27,863 [ERROR] LogOutputStream:75 - [STDERR_REDIRECT] 
2025-08-11 22:46:28,862 [ERROR] LogOutputStream:75 - [STDERR_REDIRECT] [Fatal Error] :1:1: Premature end of file.
2025-08-11 22:46:28,862 [ERROR] LogOutputStream:75 - [STDERR_REDIRECT] 
2025-08-11 22:46:29,863 [ERROR] LogOutputStream:75 - [STDERR_REDIRECT] [Fatal Error] :1:1: Premature end of file.
2025-08-11 22:46:29,863 [ERROR] LogOutputStream:75 - [STDERR_REDIRECT] 
2025-08-11 22:46:30,863 [ERROR] LogOutputStream:75 - [STDERR_REDIRECT] [Fatal Error] :1:1: Premature end of file.
2025-08-11 22:46:30,863 [ERROR] LogOutputStream:75 - [STDERR_REDIRECT] 
2025-08-11 22:46:31,862 [ERROR] LogOutputStream:75 - [STDERR_REDIRECT] [Fatal Error] :1:1: Premature end of file.
2025-08-11 22:46:31,862 [ERROR] LogOutputStream:75 - [STDERR_REDIRECT] 
2025-08-11 22:46:32,863 [ERROR] LogOutputStream:75 - [STDERR_REDIRECT] [Fatal Error] :1:1: Premature end of file.
2025-08-11 22:46:32,863 [ERROR] LogOutputStream:75 - [STDERR_REDIRECT] 
