2025-08-12 21:39:29,661 [INFO] Activator:176 - 


2025-08-12 21:39:29,665 [INFO] Activator:177 - !SESSION log4j initialized
2025-08-12 21:39:34,293 [INFO] LogOutputStream:77 - [STDOUT_REDIRECT] 
2025-08-12 21:39:35,435 [INFO] ApplicationProperties:184 - Using Application install path: C:\ST\STM32CubeIDE_1.19.0\STM32CubeIDE\plugins\com.st.stm32cube.common.mx_6.15.0.202507011659
2025-08-12 21:39:35,448 [INFO] DbMcusXml:78 - Set database path to: C:\ST\STM32CubeIDE_1.19.0\STM32CubeIDE\plugins\com.st.stm32cube.common.mx_6.15.0.202507011659\\db\/mcu/
2025-08-12 21:39:35,448 [INFO] ApiDb:274 - Set plugin database path to: C:\ST\STM32CubeIDE_1.19.0\STM32CubeIDE\plugins\com.st.stm32cube.common.mx_6.15.0.202507011659\\db\/plugins/boardmanager/
2025-08-12 21:39:35,448 [WARN] ApiDb:259 - Overriding images path with different value:  => C:\ST\STM32CubeIDE_1.19.0\STM32CubeIDE\plugins\com.st.stm32cube.common.mx_6.15.0.202507011659\\db\/plugins/mcufinder/images/
2025-08-12 21:39:35,454 [INFO] ApiDb:250 - Set database path to: C:\Users\sumey\.stmcufinder\plugins\mcufinder//mcu/
2025-08-12 21:39:35,455 [INFO] DbMcusAds:125 - Set database path to: C:\Users\sumey\.stmcufinder\plugins\mcufinder//mcu/
2025-08-12 21:39:35,457 [INFO] CrossReferenceDbSqlite:203 - Set database path to: C:\Users\sumey\.stmcufinder\plugins\mcufinder//mcu/cs/
2025-08-12 21:39:35,536 [INFO] RulesReader:64 - Compatibility file has been processed (317 Rules)
2025-08-12 21:39:35,596 [INFO] DbMcusXml:78 - Set database path to: C:\ST\STM32CubeIDE_1.19.0\STM32CubeIDE\plugins\com.st.stm32cube.common.mx_6.15.0.202507011659\\db\/mcu/
2025-08-12 21:39:35,596 [INFO] ApiDb:274 - Set plugin database path to: C:\ST\STM32CubeIDE_1.19.0\STM32CubeIDE\plugins\com.st.stm32cube.common.mx_6.15.0.202507011659\\db\/plugins/boardmanager/
2025-08-12 21:39:35,596 [INFO] ApiDb:261 - Set plugin images path to: C:\ST\STM32CubeIDE_1.19.0\STM32CubeIDE\plugins\com.st.stm32cube.common.mx_6.15.0.202507011659\\db\/plugins/mcufinder/images/
2025-08-12 21:39:35,598 [WARN] DbFile:41 - Overriding database path with different value: C:\Users\sumey\.stmcufinder\plugins\mcufinder/ => C:\Users\sumey\.stmcufinder\plugins\mcufinder
2025-08-12 21:39:35,598 [INFO] ApiDb:250 - Set database path to: C:\Users\sumey\.stmcufinder\plugins\mcufinder//mcu/
2025-08-12 21:39:35,598 [WARN] DbFile:41 - Overriding database path with different value: C:\Users\sumey\.stmcufinder\plugins\mcufinder/ => C:\Users\sumey\.stmcufinder\plugins\mcufinder
2025-08-12 21:39:35,598 [INFO] DbMcusAds:125 - Set database path to: C:\Users\sumey\.stmcufinder\plugins\mcufinder//mcu/
2025-08-12 21:39:35,598 [WARN] DbFile:41 - Overriding database path with different value: C:\Users\sumey\.stmcufinder\plugins\mcufinder/ => C:\Users\sumey\.stmcufinder\plugins\mcufinder
2025-08-12 21:39:35,598 [WARN] DbFile:41 - Overriding database path with different value: C:\Users\sumey\.stmcufinder\plugins\mcufinder/ => C:\Users\sumey\.stmcufinder\plugins\mcufinder
2025-08-12 21:39:35,598 [INFO] CrossReferenceDbSqlite:203 - Set database path to: C:\Users\sumey\.stmcufinder\plugins\mcufinder//mcu/cs/
2025-08-12 21:39:35,649 [INFO] MainPanel:274 - HeapMemory: 268435456
2025-08-12 21:39:35,733 [INFO] DbMcusXml:78 - Set database path to: C:\ST\STM32CubeIDE_1.19.0\STM32CubeIDE\plugins\com.st.stm32cube.common.mx_6.15.0.202507011659\\db\/mcu/
2025-08-12 21:39:35,733 [INFO] ApiDb:274 - Set plugin database path to: C:\ST\STM32CubeIDE_1.19.0\STM32CubeIDE\plugins\com.st.stm32cube.common.mx_6.15.0.202507011659\\db\/plugins/boardmanager/
2025-08-12 21:39:35,733 [INFO] ApiDb:261 - Set plugin images path to: C:\ST\STM32CubeIDE_1.19.0\STM32CubeIDE\plugins\com.st.stm32cube.common.mx_6.15.0.202507011659\\db\/plugins/mcufinder/images/
2025-08-12 21:39:35,733 [WARN] DbFile:41 - Overriding database path with different value: C:\Users\sumey\.stmcufinder\plugins\mcufinder/ => C:\Users\sumey\.stmcufinder\plugins\mcufinder
2025-08-12 21:39:35,734 [INFO] ApiDb:250 - Set database path to: C:\Users\sumey\.stmcufinder\plugins\mcufinder//mcu/
2025-08-12 21:39:35,734 [WARN] DbFile:41 - Overriding database path with different value: C:\Users\sumey\.stmcufinder\plugins\mcufinder/ => C:\Users\sumey\.stmcufinder\plugins\mcufinder
2025-08-12 21:39:35,734 [INFO] DbMcusAds:125 - Set database path to: C:\Users\sumey\.stmcufinder\plugins\mcufinder//mcu/
2025-08-12 21:39:35,734 [WARN] DbFile:41 - Overriding database path with different value: C:\Users\sumey\.stmcufinder\plugins\mcufinder/ => C:\Users\sumey\.stmcufinder\plugins\mcufinder
2025-08-12 21:39:35,734 [WARN] DbFile:41 - Overriding database path with different value: C:\Users\sumey\.stmcufinder\plugins\mcufinder/ => C:\Users\sumey\.stmcufinder\plugins\mcufinder
2025-08-12 21:39:35,734 [INFO] CrossReferenceDbSqlite:203 - Set database path to: C:\Users\sumey\.stmcufinder\plugins\mcufinder//mcu/cs/
2025-08-12 21:39:35,748 [INFO] ApplicationProperties:184 - Using Application install path: C:\ST\STM32CubeIDE_1.19.0\STM32CubeIDE\plugins\com.st.stm32cube.common.mx_6.15.0.202507011659
2025-08-12 21:39:35,749 [INFO] PluginManage:196 - Search for loadable plugins [exclusion list=, ]
2025-08-12 21:39:35,751 [INFO] PluginManage:310 - Check plugin analytics
2025-08-12 21:39:35,868 [INFO] AnalyticsPlugin:253 - Accepted Software Licenses: 
2025-08-12 21:39:35,868 [INFO] AnalyticsPlugin:255 - Accepted CMSIS Pack Licenses: 
2025-08-12 21:39:35,868 [INFO] AnalyticsPlugin:257 - Accepted Firmware Licenses: 
2025-08-12 21:39:35,869 [INFO] PluginManage:359 - Loaded plugin analytics (category:tool,tabindex:-1)
2025-08-12 21:39:35,869 [INFO] PluginManage:310 - Check plugin cadmodel
2025-08-12 21:39:35,874 [INFO] CADModel:105 - Init CAD model plugin
2025-08-12 21:39:35,874 [INFO] PluginManage:359 - Loaded plugin cadmodel (category:power,tabindex:5)
2025-08-12 21:39:35,874 [INFO] PluginManage:310 - Check plugin clock
2025-08-12 21:39:35,881 [INFO] PluginManage:359 - Loaded plugin clock (category:base,tabindex:2)
2025-08-12 21:39:35,881 [INFO] PluginManage:310 - Check plugin ddr
2025-08-12 21:39:35,882 [INFO] PluginManage:359 - Loaded plugin ddr (category:tool,tabindex:6)
2025-08-12 21:39:35,882 [INFO] PluginManage:310 - Check plugin filemanager
2025-08-12 21:39:35,980 [INFO] PluginManage:359 - Loaded plugin filemanager (category:base,tabindex:10)
2025-08-12 21:39:35,980 [INFO] PluginManage:310 - Check plugin ipmanager
2025-08-12 21:39:35,985 [INFO] PluginManage:359 - Loaded plugin ipmanager (category:base,tabindex:5)
2025-08-12 21:39:35,985 [INFO] PluginManage:310 - Check plugin lpbam
2025-08-12 21:39:35,992 [INFO] PluginManage:359 - Loaded plugin lpbam (category:base,tabindex:0)
2025-08-12 21:39:35,992 [INFO] PluginManage:310 - Check plugin memorymap
2025-08-12 21:39:36,003 [INFO] PluginManage:359 - Loaded plugin memorymap (category:base,tabindex:4)
2025-08-12 21:39:36,003 [INFO] PluginManage:310 - Check plugin pinoutandconfiguration
2025-08-12 21:39:36,011 [INFO] PluginManage:359 - Loaded plugin pinoutandconfiguration (category:base,tabindex:1)
2025-08-12 21:39:36,011 [INFO] PluginManage:310 - Check plugin pinoutconfig
2025-08-12 21:39:36,072 [WARN] SupportedApi:132 - Cannot load RTOS API schema: s4s-elt-must-match.1: The content of 'definitions' must match (annotation?, (simpleType | complexType)?, (unique | key | keyref)*)). A problem was found starting at: attribute.
2025-08-12 21:39:36,167 [INFO] PluginManage:359 - Loaded plugin pinoutconfig (category:base,tabindex:0)
2025-08-12 21:39:36,167 [INFO] PluginManage:310 - Check plugin power
2025-08-12 21:39:36,174 [INFO] PluginManage:359 - Loaded plugin power (category:power,tabindex:4)
2025-08-12 21:39:36,174 [INFO] PluginManage:310 - Check plugin projectmanager
2025-08-12 21:39:36,186 [INFO] PluginManage:359 - Loaded plugin projectmanager (category:projectmanager,tabindex:4)
2025-08-12 21:39:36,186 [INFO] PluginManage:310 - Check plugin rif
2025-08-12 21:39:36,198 [INFO] PluginManage:359 - Loaded plugin rif (category:base,tabindex:3)
2025-08-12 21:39:36,198 [INFO] PluginManage:310 - Check plugin thirdparty
2025-08-12 21:39:36,297 [INFO] PluginManage:359 - Loaded plugin thirdparty (category:base,tabindex:-1)
2025-08-12 21:39:36,297 [WARN] IntegrityCheckThread:84 - waiting for thirdparty lock release [integrity check]
2025-08-12 21:39:36,297 [INFO] IntegrityCheckThread:86 - entering critical section [integrity check]
2025-08-12 21:39:36,297 [INFO] PluginManage:310 - Check plugin tools
2025-08-12 21:39:36,297 [INFO] ThirdPartyUpdaterWithRetryManager:70 - Updater plugin not ready yet. [1/15]
2025-08-12 21:39:36,299 [INFO] PluginManage:359 - Loaded plugin tools (category:base,tabindex:7)
2025-08-12 21:39:36,299 [INFO] PluginManage:310 - Check plugin tutovideos
2025-08-12 21:39:36,453 [INFO] PluginManage:359 - Loaded plugin tutovideos (category:base,tabindex:-1)
2025-08-12 21:39:36,453 [INFO] PluginManage:310 - Check plugin updater
2025-08-12 21:39:36,467 [INFO] PluginManage:359 - Loaded plugin updater (category:base,tabindex:12)
2025-08-12 21:39:36,468 [INFO] PluginManage:310 - Check plugin userauth
2025-08-12 21:39:36,470 [INFO] UserAuth:118 - Init User Auth plugin
2025-08-12 21:39:36,471 [INFO] PluginManage:359 - Loaded plugin userauth (category:base,tabindex:14)
2025-08-12 21:39:36,471 [INFO] PluginManage:283 - PluginManage : Loaded plugins [18]
2025-08-12 21:39:36,615 [INFO] PinOutPanel:1589 - setPackage(No Configuration,No Configuration)
2025-08-12 21:39:36,691 [INFO] CADModel:165 - CPN selected for project level
2025-08-12 21:39:36,691 [INFO] CADModel:114 - Register for checkConnection events
2025-08-12 21:39:36,711 [INFO] IPUIPlugin:80 - create IPUIPlugin
2025-08-12 21:39:36,711 [INFO] PluginManager:220 - loadIPPluginJar : add adc
2025-08-12 21:39:36,713 [INFO] IPUIPlugin:80 - create IPUIPlugin
2025-08-12 21:39:36,713 [INFO] PluginManager:220 - loadIPPluginJar : add aes
2025-08-12 21:39:36,715 [INFO] IPUIPlugin:80 - create IPUIPlugin
2025-08-12 21:39:36,715 [INFO] PluginManager:220 - loadIPPluginJar : add can
2025-08-12 21:39:36,717 [INFO] IPUIPlugin:80 - create IPUIPlugin
2025-08-12 21:39:36,717 [INFO] PluginManager:220 - loadIPPluginJar : add comp
2025-08-12 21:39:36,719 [INFO] IPUIPlugin:80 - create IPUIPlugin
2025-08-12 21:39:36,719 [INFO] PluginManager:220 - loadIPPluginJar : add cryp
2025-08-12 21:39:36,723 [INFO] IPUIPlugin:80 - create IPUIPlugin
2025-08-12 21:39:36,723 [INFO] PluginManager:220 - loadIPPluginJar : add ddr_ctrl_phy
2025-08-12 21:39:36,725 [INFO] IPUIPlugin:80 - create IPUIPlugin
2025-08-12 21:39:36,725 [INFO] PluginManager:220 - loadIPPluginJar : add dfsdm
2025-08-12 21:39:36,729 [INFO] IPUIPlugin:80 - create IPUIPlugin
2025-08-12 21:39:36,729 [INFO] PluginManager:220 - loadIPPluginJar : add dma
2025-08-12 21:39:36,732 [INFO] IPUIPlugin:80 - create IPUIPlugin
2025-08-12 21:39:36,732 [INFO] PluginManager:220 - loadIPPluginJar : add dma3
2025-08-12 21:39:36,735 [INFO] IPUIPlugin:80 - create IPUIPlugin
2025-08-12 21:39:36,735 [INFO] PluginManager:220 - loadIPPluginJar : add extmemmanager
2025-08-12 21:39:36,736 [INFO] IPUIPlugin:80 - create IPUIPlugin
2025-08-12 21:39:36,736 [INFO] PluginManager:220 - loadIPPluginJar : add fatfs
2025-08-12 21:39:36,740 [INFO] IPUIPlugin:80 - create IPUIPlugin
2025-08-12 21:39:36,740 [INFO] PluginManager:220 - loadIPPluginJar : add fmc
2025-08-12 21:39:36,744 [INFO] IPUIPlugin:80 - create IPUIPlugin
2025-08-12 21:39:36,745 [INFO] PluginManager:220 - loadIPPluginJar : add freertos
2025-08-12 21:39:36,746 [INFO] IPUIPlugin:80 - create IPUIPlugin
2025-08-12 21:39:36,746 [INFO] PluginManager:220 - loadIPPluginJar : add genericplugin
2025-08-12 21:39:36,747 [INFO] IPUIPlugin:80 - create IPUIPlugin
2025-08-12 21:39:36,748 [INFO] PluginManager:220 - loadIPPluginJar : add gfxmmu
2025-08-12 21:39:36,750 [INFO] IPUIPlugin:80 - create IPUIPlugin
2025-08-12 21:39:36,750 [INFO] PluginManager:220 - loadIPPluginJar : add gic
2025-08-12 21:39:36,753 [INFO] IPUIPlugin:80 - create IPUIPlugin
2025-08-12 21:39:36,753 [INFO] PluginManager:220 - loadIPPluginJar : add gpio
2025-08-12 21:39:36,754 [INFO] IPUIPlugin:80 - create IPUIPlugin
2025-08-12 21:39:36,754 [INFO] PluginManager:220 - loadIPPluginJar : add gtzc
2025-08-12 21:39:36,756 [INFO] IPUIPlugin:80 - create IPUIPlugin
2025-08-12 21:39:36,756 [INFO] PluginManager:220 - loadIPPluginJar : add hash
2025-08-12 21:39:36,757 [INFO] IPUIPlugin:80 - create IPUIPlugin
2025-08-12 21:39:36,759 [INFO] PluginManager:220 - loadIPPluginJar : add i2c
2025-08-12 21:39:36,760 [INFO] IPUIPlugin:80 - create IPUIPlugin
2025-08-12 21:39:36,760 [INFO] PluginManager:220 - loadIPPluginJar : add i2s
2025-08-12 21:39:36,762 [INFO] IPUIPlugin:80 - create IPUIPlugin
2025-08-12 21:39:36,762 [INFO] PluginManager:220 - loadIPPluginJar : add i3c
2025-08-12 21:39:36,764 [INFO] IPUIPlugin:80 - create IPUIPlugin
2025-08-12 21:39:36,764 [INFO] PluginManager:220 - loadIPPluginJar : add ipddr
2025-08-12 21:39:36,769 [INFO] IPUIPlugin:80 - create IPUIPlugin
2025-08-12 21:39:36,769 [INFO] PluginManager:220 - loadIPPluginJar : add linkedlist
2025-08-12 21:39:36,771 [INFO] IPUIPlugin:80 - create IPUIPlugin
2025-08-12 21:39:36,771 [INFO] PluginManager:220 - loadIPPluginJar : add lorawan
2025-08-12 21:39:36,773 [INFO] IPUIPlugin:80 - create IPUIPlugin
2025-08-12 21:39:36,773 [INFO] PluginManager:220 - loadIPPluginJar : add ltdc
2025-08-12 21:39:36,776 [INFO] IPUIPlugin:80 - create IPUIPlugin
2025-08-12 21:39:36,777 [INFO] PluginManager:220 - loadIPPluginJar : add mdma
2025-08-12 21:39:36,779 [INFO] IPUIPlugin:80 - create IPUIPlugin
2025-08-12 21:39:36,779 [INFO] PluginManager:220 - loadIPPluginJar : add nvic
2025-08-12 21:39:36,780 [INFO] IPUIPlugin:80 - create IPUIPlugin
2025-08-12 21:39:36,780 [INFO] PluginManager:220 - loadIPPluginJar : add opamp
2025-08-12 21:39:36,782 [INFO] IPUIPlugin:80 - create IPUIPlugin
2025-08-12 21:39:36,782 [INFO] PluginManager:220 - loadIPPluginJar : add openamp
2025-08-12 21:39:36,784 [INFO] IPUIPlugin:80 - create IPUIPlugin
2025-08-12 21:39:36,784 [INFO] PluginManager:220 - loadIPPluginJar : add pdm2pcm
2025-08-12 21:39:36,789 [INFO] IPUIPlugin:80 - create IPUIPlugin
2025-08-12 21:39:36,790 [INFO] PluginManager:220 - loadIPPluginJar : add plateformsettings
2025-08-12 21:39:36,791 [INFO] IPUIPlugin:80 - create IPUIPlugin
2025-08-12 21:39:36,791 [INFO] PluginManager:220 - loadIPPluginJar : add quadspi
2025-08-12 21:39:36,792 [INFO] IPUIPlugin:80 - create IPUIPlugin
2025-08-12 21:39:36,792 [INFO] PluginManager:220 - loadIPPluginJar : add radio
2025-08-12 21:39:36,795 [INFO] IPUIPlugin:80 - create IPUIPlugin
2025-08-12 21:39:36,795 [INFO] PluginManager:220 - loadIPPluginJar : add resmgrutility
2025-08-12 21:39:36,798 [INFO] IPUIPlugin:80 - create IPUIPlugin
2025-08-12 21:39:36,798 [INFO] PluginManager:220 - loadIPPluginJar : add sai
2025-08-12 21:39:36,799 [INFO] IPUIPlugin:80 - create IPUIPlugin
2025-08-12 21:39:36,799 [INFO] PluginManager:220 - loadIPPluginJar : add spi
2025-08-12 21:39:36,804 [INFO] IPUIPlugin:80 - create IPUIPlugin
2025-08-12 21:39:36,804 [INFO] PluginManager:220 - loadIPPluginJar : add stm32_wpan
2025-08-12 21:39:36,805 [INFO] IPUIPlugin:80 - create IPUIPlugin
2025-08-12 21:39:36,805 [INFO] PluginManager:220 - loadIPPluginJar : add tim
2025-08-12 21:39:36,809 [INFO] IPUIPlugin:80 - create IPUIPlugin
2025-08-12 21:39:36,809 [INFO] PluginManager:220 - loadIPPluginJar : add touchsensing
2025-08-12 21:39:36,810 [INFO] IPUIPlugin:80 - create IPUIPlugin
2025-08-12 21:39:36,810 [INFO] PluginManager:220 - loadIPPluginJar : add tracer_emb
2025-08-12 21:39:36,811 [INFO] IPUIPlugin:80 - create IPUIPlugin
2025-08-12 21:39:36,811 [INFO] PluginManager:220 - loadIPPluginJar : add ts
2025-08-12 21:39:36,812 [INFO] IPUIPlugin:80 - create IPUIPlugin
2025-08-12 21:39:36,812 [INFO] PluginManager:220 - loadIPPluginJar : add tsc
2025-08-12 21:39:36,814 [INFO] IPUIPlugin:80 - create IPUIPlugin
2025-08-12 21:39:36,814 [INFO] PluginManager:220 - loadIPPluginJar : add ucpd
2025-08-12 21:39:36,815 [INFO] IPUIPlugin:80 - create IPUIPlugin
2025-08-12 21:39:36,816 [INFO] PluginManager:220 - loadIPPluginJar : add usart
2025-08-12 21:39:36,818 [INFO] IPUIPlugin:80 - create IPUIPlugin
2025-08-12 21:39:36,818 [INFO] PluginManager:220 - loadIPPluginJar : add usbx
2025-08-12 21:39:36,926 [FATAL] Updater:351 - Updater called before beeing initialized
2025-08-12 21:39:36,955 [INFO] RulesReader:64 - Compatibility file has been processed (317 Rules)
2025-08-12 21:39:36,966 [INFO] RulesReader:64 - Compatibility file has been processed (317 Rules)
2025-08-12 21:39:36,979 [INFO] CADModel:165 - CPN selected for project level
2025-08-12 21:39:36,979 [INFO] CADModel:114 - Register for checkConnection events
2025-08-12 21:39:36,979 [FATAL] Updater:351 - Updater called before beeing initialized
2025-08-12 21:39:36,979 [ERROR] CADModel:125 - Updater not yet initialized, retry later 
2025-08-12 21:39:37,095 [FATAL] Updater:351 - Updater called before beeing initialized
2025-08-12 21:39:37,097 [INFO] CADModel:165 - CPN selected for project level
2025-08-12 21:39:37,097 [INFO] CADModel:114 - Register for checkConnection events
2025-08-12 21:39:37,097 [FATAL] Updater:351 - Updater called before beeing initialized
2025-08-12 21:39:37,097 [ERROR] CADModel:125 - Updater not yet initialized, retry later 
2025-08-12 21:39:37,101 [FATAL] Updater:351 - Updater called before beeing initialized
2025-08-12 21:39:37,219 [FATAL] Updater:351 - Updater called before beeing initialized
2025-08-12 21:39:37,222 [INFO] DbMcusAds:53 - JSON generation date=Tue Jul 08 11:14:23 TRT 2025 (1751962463593)
2025-08-12 21:39:37,222 [FATAL] Updater:351 - Updater called before beeing initialized
2025-08-12 21:39:37,249 [WARN] DetailPanel:346 - Failed to get advertising image, set to default
2025-08-12 21:39:37,302 [FATAL] Updater:351 - Updater called before beeing initialized
2025-08-12 21:39:37,304 [FATAL] Updater:351 - Updater called before beeing initialized
2025-08-12 21:39:37,304 [FATAL] Updater:351 - Updater called before beeing initialized
2025-08-12 21:39:37,304 [WARN] DetailPanel:346 - Failed to get advertising image, set to default
2025-08-12 21:39:37,305 [FATAL] Updater:351 - Updater called before beeing initialized
2025-08-12 21:39:37,332 [ERROR] Updater:1198 - MainUpdater not yet initialized. External WinMGr cannot be set.
2025-08-12 21:39:37,334 [INFO] Updater:1134 - Updater Version found : 6.15.0
2025-08-12 21:39:37,346 [INFO] ApplicationProperties:184 - Using Application install path: C:\ST\STM32CubeIDE_1.19.0\STM32CubeIDE\plugins\com.st.stm32cube.common.mx_6.15.0.202507011659
2025-08-12 21:39:38,922 [ERROR] LogOutputStream:75 - [STDERR_REDIRECT] Aug 12, 2025 9:39:38 PM java.util.prefs.WindowsPreferences <init>
2025-08-12 21:39:38,923 [ERROR] LogOutputStream:75 - [STDERR_REDIRECT] WARNING: Could not open/create prefs root node Software\JavaSoft\Prefs at root 0xffffffff80000002. Windows RegCreateKeyEx(...) returned error code 5.
2025-08-12 21:39:38,923 [ERROR] LogOutputStream:75 - [STDERR_REDIRECT] 
2025-08-12 21:39:39,298 [INFO] ThirdPartyUpdaterWithRetryManager:70 - Updater plugin not ready yet. [2/15]
2025-08-12 21:39:39,373 [INFO] MainUpdater:2872 - connection check result : 10
2025-08-12 21:39:39,374 [INFO] MainUpdater:289 - Updater Check For Update Now.
2025-08-12 21:39:39,374 [INFO] MicroXplorer:498 - Change Database Version : DB.6.0.150
2025-08-12 21:39:39,381 [INFO] McuFinderGlobals:63 - Set McuFinder mode to 2 (CubeIDE integrated)
2025-08-12 21:39:39,381 [INFO] UserAuth:171 - activating auth plugin
2025-08-12 21:39:39,383 [INFO] UserAuth:487 - Internet connection configuration mode: 1
2025-08-12 21:39:39,412 [INFO] JxBrowserEngine:152 - Initiate JxBrowser Engine with user profile folder
2025-08-12 21:39:39,531 [INFO] CheckServerUpdateThread:120 - End of CheckServer Thread
2025-08-12 21:39:41,167 [INFO] WebApp:169 - Instantiating new browser for Auth
2025-08-12 21:39:41,634 [INFO] WebApp:463 - Apply proxy settings
2025-08-12 21:39:41,634 [INFO] WebApp:548 - Chromium requires no authentication
2025-08-12 21:39:41,642 [INFO] WebApp:491 - Direct internet connection detected
2025-08-12 21:39:41,661 [INFO] WebApp:900 - Register for checkConnection events
2025-08-12 21:39:41,661 [INFO] WebApp:463 - Apply proxy settings
2025-08-12 21:39:41,661 [INFO] WebApp:548 - Chromium requires no authentication
2025-08-12 21:39:41,661 [INFO] WebApp:491 - Direct internet connection detected
2025-08-12 21:39:41,785 [INFO] WebApp:225 - Starting web application
2025-08-12 21:39:41,785 [INFO] WebApp:593 - Web application path used C:\ST\STM32CubeIDE_1.19.0\STM32CubeIDE\plugins\com.st.stm32cube.common.mx_6.15.0.202507011659\db\plugins\mcufinder\reactClient1\index.html
2025-08-12 21:39:41,997 [ERROR] LogOutputStream:75 - [STDERR_REDIRECT] [Fatal Error] :1:1: Premature end of file.
2025-08-12 21:39:41,998 [ERROR] LogOutputStream:75 - [STDERR_REDIRECT] 
2025-08-12 21:39:42,326 [INFO] WebApp:191 - Connection restablished
2025-08-12 21:39:42,458 [WARN] PackLoader:240 - Cannot read IP mode file for STMicroelectronics.FP-SNS-MOTENVWB1.1.4.0
2025-08-12 21:39:42,463 [WARN] PackLoader:240 - Cannot read IP mode file for STMicroelectronics.FP-ATR-ASTRA1.2.0.2
2025-08-12 21:39:42,470 [WARN] PackLoader:240 - Cannot read IP mode file for STMicroelectronics.X-CUBE-SMBUS.2.1.0
2025-08-12 21:39:42,475 [WARN] PackLoader:240 - Cannot read IP mode file for STMicroelectronics.X-CUBE-ST60.1.0.0
2025-08-12 21:39:42,493 [WARN] PackLoader:240 - Cannot read IP mode file for STMicroelectronics.X-CUBE-AZRTOS-F7.1.1.0
2025-08-12 21:39:42,514 [WARN] PackLoader:240 - Cannot read IP mode file for Infineon.AIROC-Wi-Fi-Bluetooth-STM32.1.7.0
2025-08-12 21:39:42,532 [WARN] PackLoader:240 - Cannot read IP mode file for STMicroelectronics.X-CUBE-AZRTOS-H7.3.4.0
2025-08-12 21:39:42,541 [WARN] PackLoader:240 - Cannot read IP mode file for STMicroelectronics.X-CUBE-DISPLAY.3.0.0
2025-08-12 21:39:42,551 [WARN] PackLoader:240 - Cannot read IP mode file for STMicroelectronics.X-CUBE-NFC10.1.0.0
2025-08-12 21:39:42,559 [WARN] PackLoader:240 - Cannot read IP mode file for STMicroelectronics.X-CUBE-BLEMGR.4.0.0
2025-08-12 21:39:42,564 [WARN] PackLoader:240 - Cannot read IP mode file for emotas.I-CUBE-CANOPEN.1.3.0
2025-08-12 21:39:42,569 [WARN] ConditionMgr:438 - getConditionDescription Invalid condition id : Cortex-A Device cause : null
2025-08-12 21:39:42,592 [WARN] ConditionMgr:1044 - genDependencies : Invalid condition id : Cortex-A Device cause : null
2025-08-12 21:39:42,593 [WARN] ConditionMgr:1044 - genDependencies : Invalid condition id : Cortex-A Device cause : null
2025-08-12 21:39:42,593 [WARN] ConditionMgr:1044 - genDependencies : Invalid condition id : Cortex-A Device cause : null
2025-08-12 21:39:42,598 [WARN] PackLoader:240 - Cannot read IP mode file for STMicroelectronics.FP-SNS-STBOX1.2.1.0
2025-08-12 21:39:42,602 [WARN] PackLoader:240 - Cannot read IP mode file for STMicroelectronics.FP-SNS-SMARTAG2.1.2.0
2025-08-12 21:39:42,606 [WARN] PackLoader:240 - Cannot read IP mode file for STMicroelectronics.FP-SNS-FLIGHT1.5.1.0
2025-08-12 21:39:42,616 [INFO] LogOutputStream:77 - [STDOUT_REDIRECT] 1 : Invalid condition id : UX_CORESTACK_Condition cause : null
2025-08-12 21:39:42,617 [INFO] LogOutputStream:77 - [STDOUT_REDIRECT] 1 : Invalid condition id : UX_CORESTACK_Condition cause : null
2025-08-12 21:39:42,618 [INFO] LogOutputStream:77 - [STDOUT_REDIRECT] 1 : Invalid condition id : UX_CORESTACK_Condition cause : null
2025-08-12 21:39:42,618 [INFO] LogOutputStream:77 - [STDOUT_REDIRECT] 1 : Invalid condition id : UX_CORESTACK_Condition cause : null
2025-08-12 21:39:42,619 [INFO] LogOutputStream:77 - [STDOUT_REDIRECT] 1 : Invalid condition id : UX_CORESTACK_Condition cause : null
2025-08-12 21:39:42,621 [WARN] PackLoader:240 - Cannot read IP mode file for STMicroelectronics.X-CUBE-AZRTOS-WL.2.0.0
2025-08-12 21:39:42,626 [WARN] PackLoader:240 - Cannot read IP mode file for STMicroelectronics.FP-SNS-MOTENV1.5.0.0
2025-08-12 21:39:42,633 [WARN] PackLoader:240 - Cannot read IP mode file for WES.I-CUBE-Cesium.1.3.0
2025-08-12 21:39:42,638 [WARN] PackLoader:240 - Cannot read IP mode file for STMicroelectronics.X-CUBE-BLE2.3.3.0
2025-08-12 21:39:42,645 [WARN] PackLoader:240 - Cannot read IP mode file for STMicroelectronics.X-CUBE-NFC9.1.0.0
2025-08-12 21:39:42,652 [WARN] PackLoader:240 - Cannot read IP mode file for wolfSSL.I-CUBE-wolfSSL.5.8.0
2025-08-12 21:39:42,666 [WARN] PackLoader:240 - Cannot read IP mode file for STMicroelectronics.X-CUBE-BLE1.7.1.0
2025-08-12 21:39:42,672 [WARN] PackLoader:240 - Cannot read IP mode file for wolfSSL.I-CUBE-wolfMQTT.1.19.2
2025-08-12 21:39:42,680 [WARN] PackLoader:240 - Cannot read IP mode file for STMicroelectronics.X-CUBE-EEPRMA1.5.2.0
2025-08-12 21:39:42,686 [WARN] PackLoader:240 - Cannot read IP mode file for STMicroelectronics.X-CUBE-AI.10.1.0
2025-08-12 21:39:42,696 [WARN] PackLoader:240 - Cannot read IP mode file for STMicroelectronics.X-CUBE-AZRTOS-G0.1.1.0
2025-08-12 21:39:42,701 [WARN] PackLoader:240 - Cannot read IP mode file for STMicroelectronics.X-CUBE-SAFEA1.1.2.2
2025-08-12 21:39:42,707 [WARN] PackLoader:240 - Cannot read IP mode file for STMicroelectronics.X-CUBE-NFC4.3.0.0
2025-08-12 21:39:42,712 [WARN] PackLoader:240 - Cannot read IP mode file for EmbeddedOffice.I-CUBE-FS-RTOS.1.0.1
2025-08-12 21:39:42,718 [WARN] PackLoader:240 - Cannot read IP mode file for STMicroelectronics.X-CUBE-WB05N.2.0.0
2025-08-12 21:39:42,722 [WARN] PackLoader:240 - Cannot read IP mode file for wolfSSL.I-CUBE-wolfTPM.3.8.0
2025-08-12 21:39:42,726 [WARN] PackLoader:240 - Cannot read IP mode file for STMicroelectronics.X-CUBE-TCPP.4.2.0
2025-08-12 21:39:42,732 [WARN] PackLoader:240 - Cannot read IP mode file for RealThread.X-CUBE-RT-Thread_Nano.4.1.1
2025-08-12 21:39:42,736 [WARN] PackLoader:240 - Cannot read IP mode file for STMicroelectronics.FP-ATR-SIGFOX1.3.2.0
2025-08-12 21:39:42,740 [WARN] PackLoader:240 - Cannot read IP mode file for STMicroelectronics.X-CUBE-EEPRMA1.5.1.0
2025-08-12 21:39:42,746 [WARN] PackLoader:240 - Cannot read IP mode file for ITTIA_DB.I-CUBE-ITTIADB.8.9.0
2025-08-12 21:39:42,754 [WARN] PackLoader:240 - Cannot read IP mode file for STMicroelectronics.X-CUBE-ST67W61.1.0.0
2025-08-12 21:39:42,758 [WARN] PackLoader:240 - Cannot read IP mode file for STMicroelectronics.X-CUBE-AI.10.2.0
2025-08-12 21:39:42,777 [WARN] PackLoader:240 - Cannot read IP mode file for SEGGER.I-CUBE-embOS.1.3.1
2025-08-12 21:39:42,802 [WARN] PackLoader:240 - Cannot read IP mode file for STMicroelectronics.X-CUBE-ALGOBUILD.1.4.0
2025-08-12 21:39:42,837 [WARN] PackLoader:240 - Cannot read IP mode file for STMicroelectronics.X-CUBE-MEMS1.11.3.0
2025-08-12 21:39:42,972 [WARN] PackLoader:240 - Cannot read IP mode file for STMicroelectronics.X-CUBE-PM33A1.1.0.0
2025-08-12 21:39:42,973 [ERROR] LogOutputStream:75 - [STDERR_REDIRECT] [Fatal Error] :1:1: Premature end of file.
2025-08-12 21:39:42,974 [ERROR] LogOutputStream:75 - [STDERR_REDIRECT] 
2025-08-12 21:39:42,981 [WARN] PackLoader:240 - Cannot read IP mode file for STMicroelectronics.X-CUBE-AZRTOS-F4.1.1.0
2025-08-12 21:39:42,986 [WARN] PackLoader:240 - Cannot read IP mode file for STMicroelectronics.X-CUBE-ISPU.2.1.0
2025-08-12 21:39:42,990 [WARN] PackLoader:240 - Cannot read IP mode file for STMicroelectronics.X-CUBE-NFC12.1.0.0
2025-08-12 21:39:42,999 [WARN] PackLoader:240 - Cannot read IP mode file for STMicroelectronics.X-CUBE-AZRTOS-L5.2.0.0
2025-08-12 21:39:43,008 [WARN] PackLoader:240 - Cannot read IP mode file for STMicroelectronics.X-CUBE-NFC6.3.1.0
2025-08-12 21:39:43,013 [WARN] PackLoader:240 - Cannot read IP mode file for STMicroelectronics.X-CUBE-FREERTOS.1.3.1
2025-08-12 21:39:43,016 [WARN] PackLoader:240 - Cannot read IP mode file for STMicroelectronics.FP-SNS-STAIOTCFT.1.0.0
2025-08-12 21:39:43,019 [WARN] PackLoader:240 - Cannot read IP mode file for STMicroelectronics.X-CUBE-DPower.1.3.0
2025-08-12 21:39:43,027 [WARN] ConditionMgr:438 - getConditionDescription Invalid condition id : LAN8742 Phy interface Condition cause : null
2025-08-12 21:39:43,027 [WARN] PackLoader:240 - Cannot read IP mode file for STMicroelectronics.X-CUBE-AZRTOS-L4.2.0.0
2025-08-12 21:39:43,028 [WARN] ConditionMgr:1044 - genDependencies : Invalid condition id : LAN8742 Phy interface Condition cause : null
2025-08-12 21:39:43,028 [WARN] ConditionMgr:1044 - genDependencies : Invalid condition id : LAN8742 Phy interface Condition cause : null
2025-08-12 21:39:43,028 [WARN] ConditionMgr:1044 - genDependencies : Invalid condition id : LAN8742 Phy interface Condition cause : null
2025-08-12 21:39:43,032 [WARN] PackLoader:240 - Cannot read IP mode file for STMicroelectronics.X-CUBE-SFXS2LP1.4.0.0
2025-08-12 21:39:43,041 [WARN] PackLoader:240 - Cannot read IP mode file for STMicroelectronics.X-CUBE-AZRTOS-H7.3.3.0
2025-08-12 21:39:43,048 [WARN] PackLoader:240 - Cannot read IP mode file for STMicroelectronics.X-CUBE-BLEMGR.4.1.0
2025-08-12 21:39:43,053 [WARN] ConditionMgr:438 - getConditionDescription Invalid condition id : UX DEVICE CLASS RTOS Condition cause : null
2025-08-12 21:39:43,053 [WARN] ConditionMgr:438 - getConditionDescription Invalid condition id : UX DEVICE CLASS RTOS Condition cause : null
2025-08-12 21:39:43,055 [WARN] PackLoader:240 - Cannot read IP mode file for STMicroelectronics.X-CUBE-AZRTOS-WB.2.0.0
2025-08-12 21:39:43,055 [WARN] ConditionMgr:1044 - genDependencies : Invalid condition id : UX DEVICE CLASS RTOS Condition cause : null
2025-08-12 21:39:43,055 [WARN] ConditionMgr:1044 - genDependencies : Invalid condition id : UX DEVICE CLASS RTOS Condition cause : null
2025-08-12 21:39:43,056 [WARN] ConditionMgr:1044 - genDependencies : Invalid condition id : UX DEVICE CLASS RTOS Condition cause : null
2025-08-12 21:39:43,056 [WARN] ConditionMgr:1044 - genDependencies : Invalid condition id : UX DEVICE CLASS RTOS Condition cause : null
2025-08-12 21:39:43,056 [WARN] ConditionMgr:1044 - genDependencies : Invalid condition id : UX DEVICE CLASS RTOS Condition cause : null
2025-08-12 21:39:43,059 [WARN] PackLoader:240 - Cannot read IP mode file for STMicroelectronics.X-CUBE-GNSS1.7.0.1
2025-08-12 21:39:43,064 [WARN] PackLoader:240 - Cannot read IP mode file for STMicroelectronics.X-CUBE-TOUCHGFX.4.25.0
2025-08-12 21:39:43,067 [WARN] PackLoader:240 - Cannot read IP mode file for STMicroelectronics.FP-SNS-STBOX1.2.0.0
2025-08-12 21:39:43,072 [WARN] PackLoader:240 - Cannot read IP mode file for STMicroelectronics.X-CUBE-SUBG2.5.0.0
2025-08-12 21:39:43,082 [WARN] PackLoader:240 - Cannot read IP mode file for STMicroelectronics.X-CUBE-AZRTOS-H7RS.1.1.0
2025-08-12 21:39:43,086 [WARN] PackLoader:240 - Cannot read IP mode file for Cesanta.I-CUBE-Mongoose.7.13.0
2025-08-12 21:39:43,093 [WARN] PackLoader:240 - Cannot read IP mode file for STMicroelectronics.X-CUBE-AZRTOS-G4.2.0.0
2025-08-12 21:39:43,096 [WARN] PackLoader:240 - Cannot read IP mode file for wolfSSL.I-CUBE-wolfSSH.1.4.20
2025-08-12 21:39:43,102 [WARN] PackLoader:240 - Cannot read IP mode file for STMicroelectronics.X-CUBE-NFC7.2.0.0
2025-08-12 21:39:43,110 [WARN] PackLoader:240 - Cannot read IP mode file for STMicroelectronics.X-CUBE-IPS.3.1.0
2025-08-12 21:39:43,117 [WARN] PackLoader:240 - Cannot read IP mode file for STMicroelectronics.X-CUBE-ALS.1.0.2
2025-08-12 21:39:43,121 [WARN] PackLoader:240 - Cannot read IP mode file for portGmbH.I-Cube-SoM-uGOAL.1.1.0
2025-08-12 21:39:43,126 [WARN] PackLoader:240 - Cannot read IP mode file for STMicroelectronics.X-CUBE-TOF1.3.4.3
2025-08-12 21:39:43,131 [INFO] ThirdParty:978 - Integrity check success = true
2025-08-12 21:39:43,131 [INFO] IntegrityCheckThread:100 - exiting critical section [integrity check]
2025-08-12 21:39:43,131 [INFO] IntegrityCheckThread:103 - End integrity checks thread
2025-08-12 21:39:43,972 [ERROR] LogOutputStream:75 - [STDERR_REDIRECT] [Fatal Error] :1:1: Premature end of file.
2025-08-12 21:39:43,972 [ERROR] LogOutputStream:75 - [STDERR_REDIRECT] 
2025-08-12 21:39:44,954 [ERROR] LogOutputStream:75 - [STDERR_REDIRECT] [Fatal Error] :1:1: Premature end of file.
2025-08-12 21:39:44,954 [ERROR] LogOutputStream:75 - [STDERR_REDIRECT] 
2025-08-12 21:39:45,976 [ERROR] LogOutputStream:75 - [STDERR_REDIRECT] [Fatal Error] :1:1: Premature end of file.
2025-08-12 21:39:45,976 [ERROR] LogOutputStream:75 - [STDERR_REDIRECT] 
2025-08-12 21:39:46,974 [ERROR] LogOutputStream:75 - [STDERR_REDIRECT] [Fatal Error] :1:1: Premature end of file.
2025-08-12 21:39:46,975 [ERROR] LogOutputStream:75 - [STDERR_REDIRECT] 
2025-08-12 21:39:47,977 [ERROR] LogOutputStream:75 - [STDERR_REDIRECT] [Fatal Error] :1:1: Premature end of file.
2025-08-12 21:39:47,977 [ERROR] LogOutputStream:75 - [STDERR_REDIRECT] 
2025-08-12 21:39:48,981 [ERROR] LogOutputStream:75 - [STDERR_REDIRECT] [Fatal Error] :1:1: Premature end of file.
2025-08-12 21:39:48,981 [ERROR] LogOutputStream:75 - [STDERR_REDIRECT] 
2025-08-12 21:39:49,974 [ERROR] LogOutputStream:75 - [STDERR_REDIRECT] [Fatal Error] :1:1: Premature end of file.
2025-08-12 21:39:49,974 [ERROR] LogOutputStream:75 - [STDERR_REDIRECT] 
2025-08-12 21:39:50,977 [ERROR] LogOutputStream:75 - [STDERR_REDIRECT] [Fatal Error] :1:1: Premature end of file.
2025-08-12 21:39:50,977 [ERROR] LogOutputStream:75 - [STDERR_REDIRECT] 
2025-08-12 21:39:51,974 [ERROR] LogOutputStream:75 - [STDERR_REDIRECT] [Fatal Error] :1:1: Premature end of file.
2025-08-12 21:39:51,974 [ERROR] LogOutputStream:75 - [STDERR_REDIRECT] 
2025-08-12 21:39:52,974 [ERROR] LogOutputStream:75 - [STDERR_REDIRECT] [Fatal Error] :1:1: Premature end of file.
2025-08-12 21:39:52,974 [ERROR] LogOutputStream:75 - [STDERR_REDIRECT] 
2025-08-12 21:39:53,977 [ERROR] LogOutputStream:75 - [STDERR_REDIRECT] [Fatal Error] :1:1: Premature end of file.
2025-08-12 21:39:53,977 [ERROR] LogOutputStream:75 - [STDERR_REDIRECT] 
2025-08-12 21:39:54,971 [ERROR] LogOutputStream:75 - [STDERR_REDIRECT] [Fatal Error] :1:1: Premature end of file.
2025-08-12 21:39:54,971 [ERROR] LogOutputStream:75 - [STDERR_REDIRECT] 
2025-08-12 21:39:55,978 [ERROR] LogOutputStream:75 - [STDERR_REDIRECT] [Fatal Error] :1:1: Premature end of file.
2025-08-12 21:39:55,978 [ERROR] LogOutputStream:75 - [STDERR_REDIRECT] 
2025-08-12 21:39:56,974 [ERROR] LogOutputStream:75 - [STDERR_REDIRECT] [Fatal Error] :1:1: Premature end of file.
2025-08-12 21:39:56,975 [ERROR] LogOutputStream:75 - [STDERR_REDIRECT] 
2025-08-12 21:39:57,977 [ERROR] LogOutputStream:75 - [STDERR_REDIRECT] [Fatal Error] :1:1: Premature end of file.
2025-08-12 21:39:57,977 [ERROR] LogOutputStream:75 - [STDERR_REDIRECT] 
2025-08-12 21:39:58,979 [ERROR] LogOutputStream:75 - [STDERR_REDIRECT] [Fatal Error] :1:1: Premature end of file.
2025-08-12 21:39:58,979 [ERROR] LogOutputStream:75 - [STDERR_REDIRECT] 
2025-08-12 21:39:59,976 [ERROR] LogOutputStream:75 - [STDERR_REDIRECT] [Fatal Error] :1:1: Premature end of file.
2025-08-12 21:39:59,976 [ERROR] LogOutputStream:75 - [STDERR_REDIRECT] 
2025-08-12 21:40:00,977 [ERROR] LogOutputStream:75 - [STDERR_REDIRECT] [Fatal Error] :1:1: Premature end of file.
2025-08-12 21:40:00,977 [ERROR] LogOutputStream:75 - [STDERR_REDIRECT] 
2025-08-12 21:40:01,978 [ERROR] LogOutputStream:75 - [STDERR_REDIRECT] [Fatal Error] :1:1: Premature end of file.
2025-08-12 21:40:01,979 [ERROR] LogOutputStream:75 - [STDERR_REDIRECT] 
2025-08-12 21:40:02,974 [ERROR] LogOutputStream:75 - [STDERR_REDIRECT] [Fatal Error] :1:1: Premature end of file.
2025-08-12 21:40:02,975 [ERROR] LogOutputStream:75 - [STDERR_REDIRECT] 
2025-08-12 21:40:03,957 [ERROR] LogOutputStream:75 - [STDERR_REDIRECT] [Fatal Error] :1:1: Premature end of file.
2025-08-12 21:40:03,958 [ERROR] LogOutputStream:75 - [STDERR_REDIRECT] 
2025-08-12 21:40:04,970 [ERROR] LogOutputStream:75 - [STDERR_REDIRECT] [Fatal Error] :1:1: Premature end of file.
2025-08-12 21:40:04,970 [ERROR] LogOutputStream:75 - [STDERR_REDIRECT] 
2025-08-12 21:40:05,977 [ERROR] LogOutputStream:75 - [STDERR_REDIRECT] [Fatal Error] :1:1: Premature end of file.
2025-08-12 21:40:05,977 [ERROR] LogOutputStream:75 - [STDERR_REDIRECT] 
2025-08-12 21:40:06,976 [ERROR] LogOutputStream:75 - [STDERR_REDIRECT] [Fatal Error] :1:1: Premature end of file.
2025-08-12 21:40:06,976 [ERROR] LogOutputStream:75 - [STDERR_REDIRECT] 
2025-08-12 21:40:07,957 [ERROR] LogOutputStream:75 - [STDERR_REDIRECT] [Fatal Error] :1:1: Premature end of file.
2025-08-12 21:40:07,958 [ERROR] LogOutputStream:75 - [STDERR_REDIRECT] 
2025-08-12 21:40:08,968 [ERROR] LogOutputStream:75 - [STDERR_REDIRECT] [Fatal Error] :1:1: Premature end of file.
2025-08-12 21:40:08,968 [ERROR] LogOutputStream:75 - [STDERR_REDIRECT] 
2025-08-12 21:40:09,967 [ERROR] LogOutputStream:75 - [STDERR_REDIRECT] [Fatal Error] :1:1: Premature end of file.
2025-08-12 21:40:09,967 [ERROR] LogOutputStream:75 - [STDERR_REDIRECT] 
2025-08-12 21:40:10,973 [ERROR] LogOutputStream:75 - [STDERR_REDIRECT] [Fatal Error] :1:1: Premature end of file.
2025-08-12 21:40:10,973 [ERROR] LogOutputStream:75 - [STDERR_REDIRECT] 
2025-08-12 21:40:11,961 [ERROR] LogOutputStream:75 - [STDERR_REDIRECT] [Fatal Error] :1:1: Premature end of file.
2025-08-12 21:40:11,961 [ERROR] LogOutputStream:75 - [STDERR_REDIRECT] 
2025-08-12 21:40:12,965 [ERROR] LogOutputStream:75 - [STDERR_REDIRECT] [Fatal Error] :1:1: Premature end of file.
2025-08-12 21:40:12,965 [ERROR] LogOutputStream:75 - [STDERR_REDIRECT] 
2025-08-12 21:40:13,971 [ERROR] LogOutputStream:75 - [STDERR_REDIRECT] [Fatal Error] :1:1: Premature end of file.
2025-08-12 21:40:13,971 [ERROR] LogOutputStream:75 - [STDERR_REDIRECT] 
2025-08-12 21:40:14,970 [ERROR] LogOutputStream:75 - [STDERR_REDIRECT] [Fatal Error] :1:1: Premature end of file.
2025-08-12 21:40:14,970 [ERROR] LogOutputStream:75 - [STDERR_REDIRECT] 
2025-08-12 21:40:15,977 [ERROR] LogOutputStream:75 - [STDERR_REDIRECT] [Fatal Error] :1:1: Premature end of file.
2025-08-12 21:40:15,977 [ERROR] LogOutputStream:75 - [STDERR_REDIRECT] 
2025-08-12 21:40:16,966 [ERROR] LogOutputStream:75 - [STDERR_REDIRECT] [Fatal Error] :1:1: Premature end of file.
2025-08-12 21:40:16,966 [ERROR] LogOutputStream:75 - [STDERR_REDIRECT] 
2025-08-12 21:40:17,965 [ERROR] LogOutputStream:75 - [STDERR_REDIRECT] [Fatal Error] :1:1: Premature end of file.
2025-08-12 21:40:17,965 [ERROR] LogOutputStream:75 - [STDERR_REDIRECT] 
2025-08-12 21:40:18,967 [ERROR] LogOutputStream:75 - [STDERR_REDIRECT] [Fatal Error] :1:1: Premature end of file.
2025-08-12 21:40:18,967 [ERROR] LogOutputStream:75 - [STDERR_REDIRECT] 
2025-08-12 21:40:19,966 [ERROR] LogOutputStream:75 - [STDERR_REDIRECT] [Fatal Error] :1:1: Premature end of file.
2025-08-12 21:40:19,966 [ERROR] LogOutputStream:75 - [STDERR_REDIRECT] 
2025-08-12 21:40:20,972 [ERROR] LogOutputStream:75 - [STDERR_REDIRECT] [Fatal Error] :1:1: Premature end of file.
2025-08-12 21:40:20,973 [ERROR] LogOutputStream:75 - [STDERR_REDIRECT] 
2025-08-12 21:40:21,984 [ERROR] LogOutputStream:75 - [STDERR_REDIRECT] [Fatal Error] :1:1: Premature end of file.
2025-08-12 21:40:21,984 [ERROR] LogOutputStream:75 - [STDERR_REDIRECT] 
2025-08-12 21:40:22,968 [ERROR] LogOutputStream:75 - [STDERR_REDIRECT] [Fatal Error] :1:1: Premature end of file.
2025-08-12 21:40:22,968 [ERROR] LogOutputStream:75 - [STDERR_REDIRECT] 
2025-08-12 21:40:23,980 [ERROR] LogOutputStream:75 - [STDERR_REDIRECT] [Fatal Error] :1:1: Premature end of file.
2025-08-12 21:40:23,980 [ERROR] LogOutputStream:75 - [STDERR_REDIRECT] 
2025-08-12 21:40:24,978 [ERROR] LogOutputStream:75 - [STDERR_REDIRECT] [Fatal Error] :1:1: Premature end of file.
2025-08-12 21:40:24,978 [ERROR] LogOutputStream:75 - [STDERR_REDIRECT] 
2025-08-12 21:40:25,963 [ERROR] LogOutputStream:75 - [STDERR_REDIRECT] [Fatal Error] :1:1: Premature end of file.
2025-08-12 21:40:25,963 [ERROR] LogOutputStream:75 - [STDERR_REDIRECT] 
2025-08-12 21:40:26,965 [ERROR] LogOutputStream:75 - [STDERR_REDIRECT] [Fatal Error] :1:1: Premature end of file.
2025-08-12 21:40:26,965 [ERROR] LogOutputStream:75 - [STDERR_REDIRECT] 
2025-08-12 21:40:27,978 [ERROR] LogOutputStream:75 - [STDERR_REDIRECT] [Fatal Error] :1:1: Premature end of file.
2025-08-12 21:40:27,978 [ERROR] LogOutputStream:75 - [STDERR_REDIRECT] 
2025-08-12 21:40:28,963 [ERROR] LogOutputStream:75 - [STDERR_REDIRECT] [Fatal Error] :1:1: Premature end of file.
2025-08-12 21:40:28,963 [ERROR] LogOutputStream:75 - [STDERR_REDIRECT] 
2025-08-12 21:40:29,973 [ERROR] LogOutputStream:75 - [STDERR_REDIRECT] [Fatal Error] :1:1: Premature end of file.
2025-08-12 21:40:29,973 [ERROR] LogOutputStream:75 - [STDERR_REDIRECT] 
2025-08-12 21:40:30,962 [ERROR] LogOutputStream:75 - [STDERR_REDIRECT] [Fatal Error] :1:1: Premature end of file.
2025-08-12 21:40:30,962 [ERROR] LogOutputStream:75 - [STDERR_REDIRECT] 
2025-08-12 21:40:31,969 [ERROR] LogOutputStream:75 - [STDERR_REDIRECT] [Fatal Error] :1:1: Premature end of file.
2025-08-12 21:40:31,969 [ERROR] LogOutputStream:75 - [STDERR_REDIRECT] 
2025-08-12 21:40:32,978 [ERROR] LogOutputStream:75 - [STDERR_REDIRECT] [Fatal Error] :1:1: Premature end of file.
2025-08-12 21:40:32,978 [ERROR] LogOutputStream:75 - [STDERR_REDIRECT] 
2025-08-12 21:40:33,960 [ERROR] LogOutputStream:75 - [STDERR_REDIRECT] [Fatal Error] :1:1: Premature end of file.
2025-08-12 21:40:33,960 [ERROR] LogOutputStream:75 - [STDERR_REDIRECT] 
2025-08-12 21:40:34,968 [ERROR] LogOutputStream:75 - [STDERR_REDIRECT] [Fatal Error] :1:1: Premature end of file.
2025-08-12 21:40:34,968 [ERROR] LogOutputStream:75 - [STDERR_REDIRECT] 
2025-08-12 21:40:35,961 [ERROR] LogOutputStream:75 - [STDERR_REDIRECT] [Fatal Error] :1:1: Premature end of file.
2025-08-12 21:40:35,962 [ERROR] LogOutputStream:75 - [STDERR_REDIRECT] 
2025-08-12 21:40:36,961 [ERROR] LogOutputStream:75 - [STDERR_REDIRECT] [Fatal Error] :1:1: Premature end of file.
2025-08-12 21:40:36,962 [ERROR] LogOutputStream:75 - [STDERR_REDIRECT] 
2025-08-12 21:40:37,960 [ERROR] LogOutputStream:75 - [STDERR_REDIRECT] [Fatal Error] :1:1: Premature end of file.
2025-08-12 21:40:37,960 [ERROR] LogOutputStream:75 - [STDERR_REDIRECT] 
2025-08-12 21:40:38,980 [ERROR] LogOutputStream:75 - [STDERR_REDIRECT] [Fatal Error] :1:1: Premature end of file.
2025-08-12 21:40:38,980 [ERROR] LogOutputStream:75 - [STDERR_REDIRECT] 
2025-08-12 21:40:39,978 [ERROR] LogOutputStream:75 - [STDERR_REDIRECT] [Fatal Error] :1:1: Premature end of file.
2025-08-12 21:40:39,979 [ERROR] LogOutputStream:75 - [STDERR_REDIRECT] 
2025-08-12 21:40:40,970 [ERROR] LogOutputStream:75 - [STDERR_REDIRECT] [Fatal Error] :1:1: Premature end of file.
2025-08-12 21:40:40,970 [ERROR] LogOutputStream:75 - [STDERR_REDIRECT] 
2025-08-12 21:40:41,978 [ERROR] LogOutputStream:75 - [STDERR_REDIRECT] [Fatal Error] :1:1: Premature end of file.
2025-08-12 21:40:41,978 [ERROR] LogOutputStream:75 - [STDERR_REDIRECT] 
2025-08-12 21:40:42,975 [ERROR] LogOutputStream:75 - [STDERR_REDIRECT] [Fatal Error] :1:1: Premature end of file.
2025-08-12 21:40:42,976 [ERROR] LogOutputStream:75 - [STDERR_REDIRECT] 
2025-08-12 21:40:43,979 [ERROR] LogOutputStream:75 - [STDERR_REDIRECT] [Fatal Error] :1:1: Premature end of file.
2025-08-12 21:40:43,979 [ERROR] LogOutputStream:75 - [STDERR_REDIRECT] 
2025-08-12 21:40:44,957 [ERROR] LogOutputStream:75 - [STDERR_REDIRECT] [Fatal Error] :1:1: Premature end of file.
2025-08-12 21:40:44,957 [ERROR] LogOutputStream:75 - [STDERR_REDIRECT] 
2025-08-12 21:40:45,962 [ERROR] LogOutputStream:75 - [STDERR_REDIRECT] [Fatal Error] :1:1: Premature end of file.
2025-08-12 21:40:45,963 [ERROR] LogOutputStream:75 - [STDERR_REDIRECT] 
2025-08-12 21:40:46,999 [ERROR] LogOutputStream:75 - [STDERR_REDIRECT] [Fatal Error] :1:1: Premature end of file.
2025-08-12 21:40:46,999 [ERROR] LogOutputStream:75 - [STDERR_REDIRECT] 
2025-08-12 21:40:47,956 [ERROR] LogOutputStream:75 - [STDERR_REDIRECT] [Fatal Error] :1:1: Premature end of file.
2025-08-12 21:40:47,956 [ERROR] LogOutputStream:75 - [STDERR_REDIRECT] 
2025-08-12 21:40:48,965 [ERROR] LogOutputStream:75 - [STDERR_REDIRECT] [Fatal Error] :1:1: Premature end of file.
2025-08-12 21:40:48,965 [ERROR] LogOutputStream:75 - [STDERR_REDIRECT] 
2025-08-12 21:40:49,965 [ERROR] LogOutputStream:75 - [STDERR_REDIRECT] [Fatal Error] :1:1: Premature end of file.
2025-08-12 21:40:49,965 [ERROR] LogOutputStream:75 - [STDERR_REDIRECT] 
2025-08-12 21:40:50,961 [ERROR] LogOutputStream:75 - [STDERR_REDIRECT] [Fatal Error] :1:1: Premature end of file.
2025-08-12 21:40:50,962 [ERROR] LogOutputStream:75 - [STDERR_REDIRECT] 
2025-08-12 21:40:51,973 [ERROR] LogOutputStream:75 - [STDERR_REDIRECT] [Fatal Error] :1:1: Premature end of file.
2025-08-12 21:40:51,973 [ERROR] LogOutputStream:75 - [STDERR_REDIRECT] 
2025-08-12 21:40:52,971 [ERROR] LogOutputStream:75 - [STDERR_REDIRECT] [Fatal Error] :1:1: Premature end of file.
2025-08-12 21:40:52,971 [ERROR] LogOutputStream:75 - [STDERR_REDIRECT] 
2025-08-12 21:40:53,974 [ERROR] LogOutputStream:75 - [STDERR_REDIRECT] [Fatal Error] :1:1: Premature end of file.
2025-08-12 21:40:53,974 [ERROR] LogOutputStream:75 - [STDERR_REDIRECT] 
2025-08-12 21:40:54,976 [ERROR] LogOutputStream:75 - [STDERR_REDIRECT] [Fatal Error] :1:1: Premature end of file.
2025-08-12 21:40:54,976 [ERROR] LogOutputStream:75 - [STDERR_REDIRECT] 
2025-08-12 21:40:55,979 [ERROR] LogOutputStream:75 - [STDERR_REDIRECT] [Fatal Error] :1:1: Premature end of file.
2025-08-12 21:40:55,979 [ERROR] LogOutputStream:75 - [STDERR_REDIRECT] 
2025-08-12 21:40:56,977 [ERROR] LogOutputStream:75 - [STDERR_REDIRECT] [Fatal Error] :1:1: Premature end of file.
2025-08-12 21:40:56,977 [ERROR] LogOutputStream:75 - [STDERR_REDIRECT] 
2025-08-12 21:40:57,976 [ERROR] LogOutputStream:75 - [STDERR_REDIRECT] [Fatal Error] :1:1: Premature end of file.
2025-08-12 21:40:57,977 [ERROR] LogOutputStream:75 - [STDERR_REDIRECT] 
2025-08-12 21:40:58,966 [ERROR] LogOutputStream:75 - [STDERR_REDIRECT] [Fatal Error] :1:1: Premature end of file.
2025-08-12 21:40:58,967 [ERROR] LogOutputStream:75 - [STDERR_REDIRECT] 
2025-08-12 21:40:59,964 [ERROR] LogOutputStream:75 - [STDERR_REDIRECT] [Fatal Error] :1:1: Premature end of file.
2025-08-12 21:40:59,964 [ERROR] LogOutputStream:75 - [STDERR_REDIRECT] 
2025-08-12 21:41:00,958 [ERROR] LogOutputStream:75 - [STDERR_REDIRECT] [Fatal Error] :1:1: Premature end of file.
2025-08-12 21:41:00,958 [ERROR] LogOutputStream:75 - [STDERR_REDIRECT] 
2025-08-12 21:41:01,958 [ERROR] LogOutputStream:75 - [STDERR_REDIRECT] [Fatal Error] :1:1: Premature end of file.
2025-08-12 21:41:01,958 [ERROR] LogOutputStream:75 - [STDERR_REDIRECT] 
2025-08-12 21:41:02,957 [ERROR] LogOutputStream:75 - [STDERR_REDIRECT] [Fatal Error] :1:1: Premature end of file.
2025-08-12 21:41:02,957 [ERROR] LogOutputStream:75 - [STDERR_REDIRECT] 
2025-08-12 21:41:03,970 [ERROR] LogOutputStream:75 - [STDERR_REDIRECT] [Fatal Error] :1:1: Premature end of file.
2025-08-12 21:41:03,970 [ERROR] LogOutputStream:75 - [STDERR_REDIRECT] 
2025-08-12 21:41:04,977 [ERROR] LogOutputStream:75 - [STDERR_REDIRECT] [Fatal Error] :1:1: Premature end of file.
2025-08-12 21:41:04,977 [ERROR] LogOutputStream:75 - [STDERR_REDIRECT] 
2025-08-12 21:41:05,964 [ERROR] LogOutputStream:75 - [STDERR_REDIRECT] [Fatal Error] :1:1: Premature end of file.
2025-08-12 21:41:05,964 [ERROR] LogOutputStream:75 - [STDERR_REDIRECT] 
2025-08-12 21:41:06,972 [ERROR] LogOutputStream:75 - [STDERR_REDIRECT] [Fatal Error] :1:1: Premature end of file.
2025-08-12 21:41:06,972 [ERROR] LogOutputStream:75 - [STDERR_REDIRECT] 
2025-08-12 21:41:07,974 [ERROR] LogOutputStream:75 - [STDERR_REDIRECT] [Fatal Error] :1:1: Premature end of file.
2025-08-12 21:41:07,975 [ERROR] LogOutputStream:75 - [STDERR_REDIRECT] 
2025-08-12 21:41:08,975 [ERROR] LogOutputStream:75 - [STDERR_REDIRECT] [Fatal Error] :1:1: Premature end of file.
2025-08-12 21:41:08,976 [ERROR] LogOutputStream:75 - [STDERR_REDIRECT] 
2025-08-12 21:41:09,976 [ERROR] LogOutputStream:75 - [STDERR_REDIRECT] [Fatal Error] :1:1: Premature end of file.
2025-08-12 21:41:09,976 [ERROR] LogOutputStream:75 - [STDERR_REDIRECT] 
2025-08-12 21:41:10,959 [ERROR] LogOutputStream:75 - [STDERR_REDIRECT] [Fatal Error] :1:1: Premature end of file.
2025-08-12 21:41:10,959 [ERROR] LogOutputStream:75 - [STDERR_REDIRECT] 
2025-08-12 21:41:11,968 [ERROR] LogOutputStream:75 - [STDERR_REDIRECT] [Fatal Error] :1:1: Premature end of file.
2025-08-12 21:41:11,968 [ERROR] LogOutputStream:75 - [STDERR_REDIRECT] 
2025-08-12 21:41:12,975 [ERROR] LogOutputStream:75 - [STDERR_REDIRECT] [Fatal Error] :1:1: Premature end of file.
2025-08-12 21:41:12,976 [ERROR] LogOutputStream:75 - [STDERR_REDIRECT] 
2025-08-12 21:41:13,957 [ERROR] LogOutputStream:75 - [STDERR_REDIRECT] [Fatal Error] :1:1: Premature end of file.
2025-08-12 21:41:13,957 [ERROR] LogOutputStream:75 - [STDERR_REDIRECT] 
2025-08-12 21:41:14,975 [ERROR] LogOutputStream:75 - [STDERR_REDIRECT] [Fatal Error] :1:1: Premature end of file.
2025-08-12 21:41:14,976 [ERROR] LogOutputStream:75 - [STDERR_REDIRECT] 
2025-08-12 21:41:15,973 [ERROR] LogOutputStream:75 - [STDERR_REDIRECT] [Fatal Error] :1:1: Premature end of file.
2025-08-12 21:41:15,973 [ERROR] LogOutputStream:75 - [STDERR_REDIRECT] 
2025-08-12 21:41:16,978 [ERROR] LogOutputStream:75 - [STDERR_REDIRECT] [Fatal Error] :1:1: Premature end of file.
2025-08-12 21:41:16,978 [ERROR] LogOutputStream:75 - [STDERR_REDIRECT] 
2025-08-12 21:41:17,976 [ERROR] LogOutputStream:75 - [STDERR_REDIRECT] [Fatal Error] :1:1: Premature end of file.
2025-08-12 21:41:17,976 [ERROR] LogOutputStream:75 - [STDERR_REDIRECT] 
2025-08-12 21:41:18,977 [ERROR] LogOutputStream:75 - [STDERR_REDIRECT] [Fatal Error] :1:1: Premature end of file.
2025-08-12 21:41:18,978 [ERROR] LogOutputStream:75 - [STDERR_REDIRECT] 
2025-08-12 21:41:19,965 [ERROR] LogOutputStream:75 - [STDERR_REDIRECT] [Fatal Error] :1:1: Premature end of file.
2025-08-12 21:41:19,965 [ERROR] LogOutputStream:75 - [STDERR_REDIRECT] 
2025-08-12 21:41:20,975 [ERROR] LogOutputStream:75 - [STDERR_REDIRECT] [Fatal Error] :1:1: Premature end of file.
2025-08-12 21:41:20,976 [ERROR] LogOutputStream:75 - [STDERR_REDIRECT] 
2025-08-12 21:41:21,970 [ERROR] LogOutputStream:75 - [STDERR_REDIRECT] [Fatal Error] :1:1: Premature end of file.
2025-08-12 21:41:21,970 [ERROR] LogOutputStream:75 - [STDERR_REDIRECT] 
2025-08-12 21:41:22,965 [ERROR] LogOutputStream:75 - [STDERR_REDIRECT] [Fatal Error] :1:1: Premature end of file.
2025-08-12 21:41:22,965 [ERROR] LogOutputStream:75 - [STDERR_REDIRECT] 
2025-08-12 21:41:23,959 [ERROR] LogOutputStream:75 - [STDERR_REDIRECT] [Fatal Error] :1:1: Premature end of file.
2025-08-12 21:41:23,959 [ERROR] LogOutputStream:75 - [STDERR_REDIRECT] 
2025-08-12 21:41:24,971 [ERROR] LogOutputStream:75 - [STDERR_REDIRECT] [Fatal Error] :1:1: Premature end of file.
2025-08-12 21:41:24,972 [ERROR] LogOutputStream:75 - [STDERR_REDIRECT] 
2025-08-12 21:41:25,973 [ERROR] LogOutputStream:75 - [STDERR_REDIRECT] [Fatal Error] :1:1: Premature end of file.
2025-08-12 21:41:25,973 [ERROR] LogOutputStream:75 - [STDERR_REDIRECT] 
2025-08-12 21:41:26,964 [ERROR] LogOutputStream:75 - [STDERR_REDIRECT] [Fatal Error] :1:1: Premature end of file.
2025-08-12 21:41:26,964 [ERROR] LogOutputStream:75 - [STDERR_REDIRECT] 
2025-08-12 21:41:27,969 [ERROR] LogOutputStream:75 - [STDERR_REDIRECT] [Fatal Error] :1:1: Premature end of file.
2025-08-12 21:41:27,970 [ERROR] LogOutputStream:75 - [STDERR_REDIRECT] 
2025-08-12 21:41:28,972 [ERROR] LogOutputStream:75 - [STDERR_REDIRECT] [Fatal Error] :1:1: Premature end of file.
2025-08-12 21:41:28,972 [ERROR] LogOutputStream:75 - [STDERR_REDIRECT] 
2025-08-12 21:41:29,976 [ERROR] LogOutputStream:75 - [STDERR_REDIRECT] [Fatal Error] :1:1: Premature end of file.
2025-08-12 21:41:29,976 [ERROR] LogOutputStream:75 - [STDERR_REDIRECT] 
2025-08-12 21:41:30,975 [ERROR] LogOutputStream:75 - [STDERR_REDIRECT] [Fatal Error] :1:1: Premature end of file.
2025-08-12 21:41:30,976 [ERROR] LogOutputStream:75 - [STDERR_REDIRECT] 
2025-08-12 21:41:31,985 [ERROR] LogOutputStream:75 - [STDERR_REDIRECT] [Fatal Error] :1:1: Premature end of file.
2025-08-12 21:41:31,985 [ERROR] LogOutputStream:75 - [STDERR_REDIRECT] 
2025-08-12 21:41:32,979 [ERROR] LogOutputStream:75 - [STDERR_REDIRECT] [Fatal Error] :1:1: Premature end of file.
2025-08-12 21:41:32,980 [ERROR] LogOutputStream:75 - [STDERR_REDIRECT] 
2025-08-12 21:41:33,981 [ERROR] LogOutputStream:75 - [STDERR_REDIRECT] [Fatal Error] :1:1: Premature end of file.
2025-08-12 21:41:33,981 [ERROR] LogOutputStream:75 - [STDERR_REDIRECT] 
2025-08-12 21:41:34,977 [ERROR] LogOutputStream:75 - [STDERR_REDIRECT] [Fatal Error] :1:1: Premature end of file.
2025-08-12 21:41:34,978 [ERROR] LogOutputStream:75 - [STDERR_REDIRECT] 
2025-08-12 21:41:35,973 [ERROR] LogOutputStream:75 - [STDERR_REDIRECT] [Fatal Error] :1:1: Premature end of file.
2025-08-12 21:41:35,973 [ERROR] LogOutputStream:75 - [STDERR_REDIRECT] 
2025-08-12 21:41:36,981 [ERROR] LogOutputStream:75 - [STDERR_REDIRECT] [Fatal Error] :1:1: Premature end of file.
2025-08-12 21:41:36,982 [ERROR] LogOutputStream:75 - [STDERR_REDIRECT] 
2025-08-12 21:41:37,985 [ERROR] LogOutputStream:75 - [STDERR_REDIRECT] [Fatal Error] :1:1: Premature end of file.
2025-08-12 21:41:37,985 [ERROR] LogOutputStream:75 - [STDERR_REDIRECT] 
2025-08-12 21:41:38,976 [ERROR] LogOutputStream:75 - [STDERR_REDIRECT] [Fatal Error] :1:1: Premature end of file.
2025-08-12 21:41:38,977 [ERROR] LogOutputStream:75 - [STDERR_REDIRECT] 
2025-08-12 21:41:39,973 [ERROR] LogOutputStream:75 - [STDERR_REDIRECT] [Fatal Error] :1:1: Premature end of file.
2025-08-12 21:41:39,973 [ERROR] LogOutputStream:75 - [STDERR_REDIRECT] 
2025-08-12 21:41:40,983 [ERROR] LogOutputStream:75 - [STDERR_REDIRECT] [Fatal Error] :1:1: Premature end of file.
2025-08-12 21:41:40,984 [ERROR] LogOutputStream:75 - [STDERR_REDIRECT] 
2025-08-12 21:41:41,991 [ERROR] LogOutputStream:75 - [STDERR_REDIRECT] [Fatal Error] :1:1: Premature end of file.
2025-08-12 21:41:41,991 [ERROR] LogOutputStream:75 - [STDERR_REDIRECT] 
2025-08-12 21:41:42,995 [ERROR] LogOutputStream:75 - [STDERR_REDIRECT] [Fatal Error] :1:1: Premature end of file.
2025-08-12 21:41:42,995 [ERROR] LogOutputStream:75 - [STDERR_REDIRECT] 
2025-08-12 21:41:43,977 [ERROR] LogOutputStream:75 - [STDERR_REDIRECT] [Fatal Error] :1:1: Premature end of file.
2025-08-12 21:41:43,978 [ERROR] LogOutputStream:75 - [STDERR_REDIRECT] 
2025-08-12 21:41:44,976 [ERROR] LogOutputStream:75 - [STDERR_REDIRECT] [Fatal Error] :1:1: Premature end of file.
2025-08-12 21:41:44,977 [ERROR] LogOutputStream:75 - [STDERR_REDIRECT] 
2025-08-12 21:41:45,983 [ERROR] LogOutputStream:75 - [STDERR_REDIRECT] [Fatal Error] :1:1: Premature end of file.
2025-08-12 21:41:45,983 [ERROR] LogOutputStream:75 - [STDERR_REDIRECT] 
2025-08-12 21:41:46,982 [ERROR] LogOutputStream:75 - [STDERR_REDIRECT] [Fatal Error] :1:1: Premature end of file.
2025-08-12 21:41:46,983 [ERROR] LogOutputStream:75 - [STDERR_REDIRECT] 
2025-08-12 21:41:47,971 [ERROR] LogOutputStream:75 - [STDERR_REDIRECT] [Fatal Error] :1:1: Premature end of file.
2025-08-12 21:41:47,971 [ERROR] LogOutputStream:75 - [STDERR_REDIRECT] 
2025-08-12 21:41:48,982 [ERROR] LogOutputStream:75 - [STDERR_REDIRECT] [Fatal Error] :1:1: Premature end of file.
2025-08-12 21:41:48,982 [ERROR] LogOutputStream:75 - [STDERR_REDIRECT] 
2025-08-12 21:41:49,990 [ERROR] LogOutputStream:75 - [STDERR_REDIRECT] [Fatal Error] :1:1: Premature end of file.
2025-08-12 21:41:49,990 [ERROR] LogOutputStream:75 - [STDERR_REDIRECT] 
2025-08-12 21:41:50,982 [ERROR] LogOutputStream:75 - [STDERR_REDIRECT] [Fatal Error] :1:1: Premature end of file.
2025-08-12 21:41:50,982 [ERROR] LogOutputStream:75 - [STDERR_REDIRECT] 
2025-08-12 21:41:51,980 [ERROR] LogOutputStream:75 - [STDERR_REDIRECT] [Fatal Error] :1:1: Premature end of file.
2025-08-12 21:41:51,981 [ERROR] LogOutputStream:75 - [STDERR_REDIRECT] 
2025-08-12 21:41:52,998 [ERROR] LogOutputStream:75 - [STDERR_REDIRECT] [Fatal Error] :1:1: Premature end of file.
2025-08-12 21:41:52,999 [ERROR] LogOutputStream:75 - [STDERR_REDIRECT] 
2025-08-12 21:41:53,974 [ERROR] LogOutputStream:75 - [STDERR_REDIRECT] [Fatal Error] :1:1: Premature end of file.
2025-08-12 21:41:53,975 [ERROR] LogOutputStream:75 - [STDERR_REDIRECT] 
2025-08-12 21:41:54,969 [ERROR] LogOutputStream:75 - [STDERR_REDIRECT] [Fatal Error] :1:1: Premature end of file.
2025-08-12 21:41:54,969 [ERROR] LogOutputStream:75 - [STDERR_REDIRECT] 
2025-08-12 21:41:55,975 [ERROR] LogOutputStream:75 - [STDERR_REDIRECT] [Fatal Error] :1:1: Premature end of file.
2025-08-12 21:41:55,975 [ERROR] LogOutputStream:75 - [STDERR_REDIRECT] 
2025-08-12 21:41:56,972 [ERROR] LogOutputStream:75 - [STDERR_REDIRECT] [Fatal Error] :1:1: Premature end of file.
2025-08-12 21:41:56,972 [ERROR] LogOutputStream:75 - [STDERR_REDIRECT] 
2025-08-12 21:41:57,979 [ERROR] LogOutputStream:75 - [STDERR_REDIRECT] [Fatal Error] :1:1: Premature end of file.
2025-08-12 21:41:57,981 [ERROR] LogOutputStream:75 - [STDERR_REDIRECT] 
2025-08-12 21:41:58,987 [ERROR] LogOutputStream:75 - [STDERR_REDIRECT] [Fatal Error] :1:1: Premature end of file.
2025-08-12 21:41:58,988 [ERROR] LogOutputStream:75 - [STDERR_REDIRECT] 
2025-08-12 21:41:59,973 [ERROR] LogOutputStream:75 - [STDERR_REDIRECT] [Fatal Error] :1:1: Premature end of file.
2025-08-12 21:41:59,974 [ERROR] LogOutputStream:75 - [STDERR_REDIRECT] 
2025-08-12 21:42:00,976 [ERROR] LogOutputStream:75 - [STDERR_REDIRECT] [Fatal Error] :1:1: Premature end of file.
2025-08-12 21:42:00,976 [ERROR] LogOutputStream:75 - [STDERR_REDIRECT] 
2025-08-12 21:42:01,972 [ERROR] LogOutputStream:75 - [STDERR_REDIRECT] [Fatal Error] :1:1: Premature end of file.
2025-08-12 21:42:01,972 [ERROR] LogOutputStream:75 - [STDERR_REDIRECT] 
2025-08-12 21:42:02,977 [ERROR] LogOutputStream:75 - [STDERR_REDIRECT] [Fatal Error] :1:1: Premature end of file.
2025-08-12 21:42:02,977 [ERROR] LogOutputStream:75 - [STDERR_REDIRECT] 
2025-08-12 21:42:03,969 [ERROR] LogOutputStream:75 - [STDERR_REDIRECT] [Fatal Error] :1:1: Premature end of file.
2025-08-12 21:42:03,970 [ERROR] LogOutputStream:75 - [STDERR_REDIRECT] 
2025-08-12 21:42:04,981 [ERROR] LogOutputStream:75 - [STDERR_REDIRECT] [Fatal Error] :1:1: Premature end of file.
2025-08-12 21:42:04,982 [ERROR] LogOutputStream:75 - [STDERR_REDIRECT] 
2025-08-12 21:42:05,965 [ERROR] LogOutputStream:75 - [STDERR_REDIRECT] [Fatal Error] :1:1: Premature end of file.
2025-08-12 21:42:05,965 [ERROR] LogOutputStream:75 - [STDERR_REDIRECT] 
2025-08-12 21:42:06,976 [ERROR] LogOutputStream:75 - [STDERR_REDIRECT] [Fatal Error] :1:1: Premature end of file.
2025-08-12 21:42:06,976 [ERROR] LogOutputStream:75 - [STDERR_REDIRECT] 
2025-08-12 21:42:07,974 [ERROR] LogOutputStream:75 - [STDERR_REDIRECT] [Fatal Error] :1:1: Premature end of file.
2025-08-12 21:42:07,975 [ERROR] LogOutputStream:75 - [STDERR_REDIRECT] 
2025-08-12 21:42:08,975 [ERROR] LogOutputStream:75 - [STDERR_REDIRECT] [Fatal Error] :1:1: Premature end of file.
2025-08-12 21:42:08,976 [ERROR] LogOutputStream:75 - [STDERR_REDIRECT] 
2025-08-12 21:42:09,962 [ERROR] LogOutputStream:75 - [STDERR_REDIRECT] [Fatal Error] :1:1: Premature end of file.
2025-08-12 21:42:09,963 [ERROR] LogOutputStream:75 - [STDERR_REDIRECT] 
2025-08-12 21:42:10,973 [ERROR] LogOutputStream:75 - [STDERR_REDIRECT] [Fatal Error] :1:1: Premature end of file.
2025-08-12 21:42:10,974 [ERROR] LogOutputStream:75 - [STDERR_REDIRECT] 
2025-08-12 21:42:11,967 [ERROR] LogOutputStream:75 - [STDERR_REDIRECT] [Fatal Error] :1:1: Premature end of file.
2025-08-12 21:42:11,967 [ERROR] LogOutputStream:75 - [STDERR_REDIRECT] 
2025-08-12 21:42:12,971 [ERROR] LogOutputStream:75 - [STDERR_REDIRECT] [Fatal Error] :1:1: Premature end of file.
2025-08-12 21:42:12,971 [ERROR] LogOutputStream:75 - [STDERR_REDIRECT] 
2025-08-12 21:42:13,994 [ERROR] LogOutputStream:75 - [STDERR_REDIRECT] [Fatal Error] :1:1: Premature end of file.
2025-08-12 21:42:13,994 [ERROR] LogOutputStream:75 - [STDERR_REDIRECT] 
2025-08-12 21:42:14,972 [ERROR] LogOutputStream:75 - [STDERR_REDIRECT] [Fatal Error] :1:1: Premature end of file.
2025-08-12 21:42:14,972 [ERROR] LogOutputStream:75 - [STDERR_REDIRECT] 
2025-08-12 21:42:15,978 [ERROR] LogOutputStream:75 - [STDERR_REDIRECT] [Fatal Error] :1:1: Premature end of file.
2025-08-12 21:42:15,978 [ERROR] LogOutputStream:75 - [STDERR_REDIRECT] 
2025-08-12 21:42:16,986 [ERROR] LogOutputStream:75 - [STDERR_REDIRECT] [Fatal Error] :1:1: Premature end of file.
2025-08-12 21:42:16,987 [ERROR] LogOutputStream:75 - [STDERR_REDIRECT] 
2025-08-12 21:42:17,968 [ERROR] LogOutputStream:75 - [STDERR_REDIRECT] [Fatal Error] :1:1: Premature end of file.
2025-08-12 21:42:17,968 [ERROR] LogOutputStream:75 - [STDERR_REDIRECT] 
2025-08-12 21:42:18,956 [ERROR] LogOutputStream:75 - [STDERR_REDIRECT] [Fatal Error] :1:1: Premature end of file.
2025-08-12 21:42:18,956 [ERROR] LogOutputStream:75 - [STDERR_REDIRECT] 
2025-08-12 21:42:19,972 [ERROR] LogOutputStream:75 - [STDERR_REDIRECT] [Fatal Error] :1:1: Premature end of file.
2025-08-12 21:42:19,972 [ERROR] LogOutputStream:75 - [STDERR_REDIRECT] 
2025-08-12 21:42:20,969 [ERROR] LogOutputStream:75 - [STDERR_REDIRECT] [Fatal Error] :1:1: Premature end of file.
2025-08-12 21:42:20,969 [ERROR] LogOutputStream:75 - [STDERR_REDIRECT] 
2025-08-12 21:42:21,967 [ERROR] LogOutputStream:75 - [STDERR_REDIRECT] [Fatal Error] :1:1: Premature end of file.
2025-08-12 21:42:21,967 [ERROR] LogOutputStream:75 - [STDERR_REDIRECT] 
2025-08-12 21:42:22,973 [ERROR] LogOutputStream:75 - [STDERR_REDIRECT] [Fatal Error] :1:1: Premature end of file.
2025-08-12 21:42:22,975 [ERROR] LogOutputStream:75 - [STDERR_REDIRECT] 
2025-08-12 21:42:23,972 [ERROR] LogOutputStream:75 - [STDERR_REDIRECT] [Fatal Error] :1:1: Premature end of file.
2025-08-12 21:42:23,972 [ERROR] LogOutputStream:75 - [STDERR_REDIRECT] 
2025-08-12 21:42:24,967 [ERROR] LogOutputStream:75 - [STDERR_REDIRECT] [Fatal Error] :1:1: Premature end of file.
2025-08-12 21:42:24,968 [ERROR] LogOutputStream:75 - [STDERR_REDIRECT] 
2025-08-12 21:42:25,959 [ERROR] LogOutputStream:75 - [STDERR_REDIRECT] [Fatal Error] :1:1: Premature end of file.
2025-08-12 21:42:25,959 [ERROR] LogOutputStream:75 - [STDERR_REDIRECT] 
2025-08-12 21:42:26,977 [ERROR] LogOutputStream:75 - [STDERR_REDIRECT] [Fatal Error] :1:1: Premature end of file.
2025-08-12 21:42:26,977 [ERROR] LogOutputStream:75 - [STDERR_REDIRECT] 
2025-08-12 21:42:27,963 [ERROR] LogOutputStream:75 - [STDERR_REDIRECT] [Fatal Error] :1:1: Premature end of file.
2025-08-12 21:42:27,964 [ERROR] LogOutputStream:75 - [STDERR_REDIRECT] 
2025-08-12 21:42:28,971 [ERROR] LogOutputStream:75 - [STDERR_REDIRECT] [Fatal Error] :1:1: Premature end of file.
2025-08-12 21:42:28,971 [ERROR] LogOutputStream:75 - [STDERR_REDIRECT] 
2025-08-12 21:42:29,971 [ERROR] LogOutputStream:75 - [STDERR_REDIRECT] [Fatal Error] :1:1: Premature end of file.
2025-08-12 21:42:29,971 [ERROR] LogOutputStream:75 - [STDERR_REDIRECT] 
2025-08-12 21:42:30,970 [ERROR] LogOutputStream:75 - [STDERR_REDIRECT] [Fatal Error] :1:1: Premature end of file.
2025-08-12 21:42:30,970 [ERROR] LogOutputStream:75 - [STDERR_REDIRECT] 
2025-08-12 21:42:31,963 [ERROR] LogOutputStream:75 - [STDERR_REDIRECT] [Fatal Error] :1:1: Premature end of file.
2025-08-12 21:42:31,970 [ERROR] LogOutputStream:75 - [STDERR_REDIRECT] 
2025-08-12 21:42:32,979 [ERROR] LogOutputStream:75 - [STDERR_REDIRECT] [Fatal Error] :1:1: Premature end of file.
2025-08-12 21:42:32,979 [ERROR] LogOutputStream:75 - [STDERR_REDIRECT] 
2025-08-12 21:42:33,971 [ERROR] LogOutputStream:75 - [STDERR_REDIRECT] [Fatal Error] :1:1: Premature end of file.
2025-08-12 21:42:33,972 [ERROR] LogOutputStream:75 - [STDERR_REDIRECT] 
2025-08-12 21:42:34,980 [ERROR] LogOutputStream:75 - [STDERR_REDIRECT] [Fatal Error] :1:1: Premature end of file.
2025-08-12 21:42:34,980 [ERROR] LogOutputStream:75 - [STDERR_REDIRECT] 
2025-08-12 21:42:35,971 [ERROR] LogOutputStream:75 - [STDERR_REDIRECT] [Fatal Error] :1:1: Premature end of file.
2025-08-12 21:42:35,971 [ERROR] LogOutputStream:75 - [STDERR_REDIRECT] 
2025-08-12 21:42:36,973 [ERROR] LogOutputStream:75 - [STDERR_REDIRECT] [Fatal Error] :1:1: Premature end of file.
2025-08-12 21:42:36,973 [ERROR] LogOutputStream:75 - [STDERR_REDIRECT] 
2025-08-12 21:42:37,971 [ERROR] LogOutputStream:75 - [STDERR_REDIRECT] [Fatal Error] :1:1: Premature end of file.
2025-08-12 21:42:37,971 [ERROR] LogOutputStream:75 - [STDERR_REDIRECT] 
2025-08-12 21:42:38,976 [ERROR] LogOutputStream:75 - [STDERR_REDIRECT] [Fatal Error] :1:1: Premature end of file.
2025-08-12 21:42:38,976 [ERROR] LogOutputStream:75 - [STDERR_REDIRECT] 
2025-08-12 21:42:39,970 [ERROR] LogOutputStream:75 - [STDERR_REDIRECT] [Fatal Error] :1:1: Premature end of file.
2025-08-12 21:42:39,970 [ERROR] LogOutputStream:75 - [STDERR_REDIRECT] 
2025-08-12 21:42:40,976 [ERROR] LogOutputStream:75 - [STDERR_REDIRECT] [Fatal Error] :1:1: Premature end of file.
2025-08-12 21:42:40,976 [ERROR] LogOutputStream:75 - [STDERR_REDIRECT] 
2025-08-12 21:42:41,983 [ERROR] LogOutputStream:75 - [STDERR_REDIRECT] [Fatal Error] :1:1: Premature end of file.
2025-08-12 21:42:41,983 [ERROR] LogOutputStream:75 - [STDERR_REDIRECT] 
2025-08-12 21:42:42,962 [ERROR] LogOutputStream:75 - [STDERR_REDIRECT] [Fatal Error] :1:1: Premature end of file.
2025-08-12 21:42:42,962 [ERROR] LogOutputStream:75 - [STDERR_REDIRECT] 
2025-08-12 21:42:43,972 [ERROR] LogOutputStream:75 - [STDERR_REDIRECT] [Fatal Error] :1:1: Premature end of file.
2025-08-12 21:42:43,972 [ERROR] LogOutputStream:75 - [STDERR_REDIRECT] 
2025-08-12 21:42:44,973 [ERROR] LogOutputStream:75 - [STDERR_REDIRECT] [Fatal Error] :1:1: Premature end of file.
2025-08-12 21:42:44,973 [ERROR] LogOutputStream:75 - [STDERR_REDIRECT] 
2025-08-12 21:42:45,971 [ERROR] LogOutputStream:75 - [STDERR_REDIRECT] [Fatal Error] :1:1: Premature end of file.
2025-08-12 21:42:45,972 [ERROR] LogOutputStream:75 - [STDERR_REDIRECT] 
2025-08-12 21:42:46,967 [ERROR] LogOutputStream:75 - [STDERR_REDIRECT] [Fatal Error] :1:1: Premature end of file.
2025-08-12 21:42:46,968 [ERROR] LogOutputStream:75 - [STDERR_REDIRECT] 
2025-08-12 21:42:47,985 [ERROR] LogOutputStream:75 - [STDERR_REDIRECT] [Fatal Error] :1:1: Premature end of file.
2025-08-12 21:42:47,985 [ERROR] LogOutputStream:75 - [STDERR_REDIRECT] 
2025-08-12 21:42:48,962 [ERROR] LogOutputStream:75 - [STDERR_REDIRECT] [Fatal Error] :1:1: Premature end of file.
2025-08-12 21:42:48,962 [ERROR] LogOutputStream:75 - [STDERR_REDIRECT] 
2025-08-12 21:42:49,965 [ERROR] LogOutputStream:75 - [STDERR_REDIRECT] [Fatal Error] :1:1: Premature end of file.
2025-08-12 21:42:49,965 [ERROR] LogOutputStream:75 - [STDERR_REDIRECT] 
2025-08-12 21:42:50,971 [ERROR] LogOutputStream:75 - [STDERR_REDIRECT] [Fatal Error] :1:1: Premature end of file.
2025-08-12 21:42:50,971 [ERROR] LogOutputStream:75 - [STDERR_REDIRECT] 
2025-08-12 21:42:51,973 [ERROR] LogOutputStream:75 - [STDERR_REDIRECT] [Fatal Error] :1:1: Premature end of file.
2025-08-12 21:42:51,973 [ERROR] LogOutputStream:75 - [STDERR_REDIRECT] 
2025-08-12 21:42:52,963 [ERROR] LogOutputStream:75 - [STDERR_REDIRECT] [Fatal Error] :1:1: Premature end of file.
2025-08-12 21:42:52,963 [ERROR] LogOutputStream:75 - [STDERR_REDIRECT] 
2025-08-12 21:42:53,971 [ERROR] LogOutputStream:75 - [STDERR_REDIRECT] [Fatal Error] :1:1: Premature end of file.
2025-08-12 21:42:53,971 [ERROR] LogOutputStream:75 - [STDERR_REDIRECT] 
2025-08-12 21:42:54,961 [ERROR] LogOutputStream:75 - [STDERR_REDIRECT] [Fatal Error] :1:1: Premature end of file.
2025-08-12 21:42:54,962 [ERROR] LogOutputStream:75 - [STDERR_REDIRECT] 
2025-08-12 21:42:55,965 [ERROR] LogOutputStream:75 - [STDERR_REDIRECT] [Fatal Error] :1:1: Premature end of file.
2025-08-12 21:42:55,965 [ERROR] LogOutputStream:75 - [STDERR_REDIRECT] 
2025-08-12 21:42:56,956 [ERROR] LogOutputStream:75 - [STDERR_REDIRECT] [Fatal Error] :1:1: Premature end of file.
2025-08-12 21:42:56,956 [ERROR] LogOutputStream:75 - [STDERR_REDIRECT] 
2025-08-12 21:42:57,972 [ERROR] LogOutputStream:75 - [STDERR_REDIRECT] [Fatal Error] :1:1: Premature end of file.
2025-08-12 21:42:57,972 [ERROR] LogOutputStream:75 - [STDERR_REDIRECT] 
2025-08-12 21:42:58,970 [ERROR] LogOutputStream:75 - [STDERR_REDIRECT] [Fatal Error] :1:1: Premature end of file.
2025-08-12 21:42:58,970 [ERROR] LogOutputStream:75 - [STDERR_REDIRECT] 
2025-08-12 21:42:59,990 [ERROR] LogOutputStream:75 - [STDERR_REDIRECT] [Fatal Error] :1:1: Premature end of file.
2025-08-12 21:42:59,990 [ERROR] LogOutputStream:75 - [STDERR_REDIRECT] 
2025-08-12 21:43:00,980 [ERROR] LogOutputStream:75 - [STDERR_REDIRECT] [Fatal Error] :1:1: Premature end of file.
2025-08-12 21:43:00,980 [ERROR] LogOutputStream:75 - [STDERR_REDIRECT] 
2025-08-12 21:43:01,971 [ERROR] LogOutputStream:75 - [STDERR_REDIRECT] [Fatal Error] :1:1: Premature end of file.
2025-08-12 21:43:01,971 [ERROR] LogOutputStream:75 - [STDERR_REDIRECT] 
2025-08-12 21:43:02,973 [ERROR] LogOutputStream:75 - [STDERR_REDIRECT] [Fatal Error] :1:1: Premature end of file.
2025-08-12 21:43:02,973 [ERROR] LogOutputStream:75 - [STDERR_REDIRECT] 
2025-08-12 21:43:03,967 [ERROR] LogOutputStream:75 - [STDERR_REDIRECT] [Fatal Error] :1:1: Premature end of file.
2025-08-12 21:43:03,967 [ERROR] LogOutputStream:75 - [STDERR_REDIRECT] 
2025-08-12 21:43:04,978 [ERROR] LogOutputStream:75 - [STDERR_REDIRECT] [Fatal Error] :1:1: Premature end of file.
2025-08-12 21:43:04,978 [ERROR] LogOutputStream:75 - [STDERR_REDIRECT] 
2025-08-12 21:43:05,991 [ERROR] LogOutputStream:75 - [STDERR_REDIRECT] [Fatal Error] :1:1: Premature end of file.
2025-08-12 21:43:05,991 [ERROR] LogOutputStream:75 - [STDERR_REDIRECT] 
2025-08-12 21:43:06,967 [ERROR] LogOutputStream:75 - [STDERR_REDIRECT] [Fatal Error] :1:1: Premature end of file.
2025-08-12 21:43:06,968 [ERROR] LogOutputStream:75 - [STDERR_REDIRECT] 
2025-08-12 21:43:07,973 [ERROR] LogOutputStream:75 - [STDERR_REDIRECT] [Fatal Error] :1:1: Premature end of file.
2025-08-12 21:43:07,973 [ERROR] LogOutputStream:75 - [STDERR_REDIRECT] 
2025-08-12 21:43:08,971 [ERROR] LogOutputStream:75 - [STDERR_REDIRECT] [Fatal Error] :1:1: Premature end of file.
2025-08-12 21:43:08,971 [ERROR] LogOutputStream:75 - [STDERR_REDIRECT] 
2025-08-12 21:43:09,984 [ERROR] LogOutputStream:75 - [STDERR_REDIRECT] [Fatal Error] :1:1: Premature end of file.
2025-08-12 21:43:09,984 [ERROR] LogOutputStream:75 - [STDERR_REDIRECT] 
2025-08-12 21:43:10,981 [ERROR] LogOutputStream:75 - [STDERR_REDIRECT] [Fatal Error] :1:1: Premature end of file.
2025-08-12 21:43:10,982 [ERROR] LogOutputStream:75 - [STDERR_REDIRECT] 
2025-08-12 21:43:11,977 [ERROR] LogOutputStream:75 - [STDERR_REDIRECT] [Fatal Error] :1:1: Premature end of file.
2025-08-12 21:43:11,977 [ERROR] LogOutputStream:75 - [STDERR_REDIRECT] 
2025-08-12 21:43:12,983 [ERROR] LogOutputStream:75 - [STDERR_REDIRECT] [Fatal Error] :1:1: Premature end of file.
2025-08-12 21:43:12,983 [ERROR] LogOutputStream:75 - [STDERR_REDIRECT] 
2025-08-12 21:43:13,972 [ERROR] LogOutputStream:75 - [STDERR_REDIRECT] [Fatal Error] :1:1: Premature end of file.
2025-08-12 21:43:13,972 [ERROR] LogOutputStream:75 - [STDERR_REDIRECT] 
2025-08-12 21:43:14,979 [ERROR] LogOutputStream:75 - [STDERR_REDIRECT] [Fatal Error] :1:1: Premature end of file.
2025-08-12 21:43:14,979 [ERROR] LogOutputStream:75 - [STDERR_REDIRECT] 
2025-08-12 21:43:15,998 [ERROR] LogOutputStream:75 - [STDERR_REDIRECT] [Fatal Error] :1:1: Premature end of file.
2025-08-12 21:43:15,998 [ERROR] LogOutputStream:75 - [STDERR_REDIRECT] 
2025-08-12 21:43:16,975 [ERROR] LogOutputStream:75 - [STDERR_REDIRECT] [Fatal Error] :1:1: Premature end of file.
2025-08-12 21:43:16,975 [ERROR] LogOutputStream:75 - [STDERR_REDIRECT] 
2025-08-12 21:43:17,956 [ERROR] LogOutputStream:75 - [STDERR_REDIRECT] [Fatal Error] :1:1: Premature end of file.
2025-08-12 21:43:17,956 [ERROR] LogOutputStream:75 - [STDERR_REDIRECT] 
2025-08-12 21:43:18,962 [ERROR] LogOutputStream:75 - [STDERR_REDIRECT] [Fatal Error] :1:1: Premature end of file.
2025-08-12 21:43:18,962 [ERROR] LogOutputStream:75 - [STDERR_REDIRECT] 
2025-08-12 21:43:19,981 [ERROR] LogOutputStream:75 - [STDERR_REDIRECT] [Fatal Error] :1:1: Premature end of file.
2025-08-12 21:43:19,981 [ERROR] LogOutputStream:75 - [STDERR_REDIRECT] 
2025-08-12 21:43:20,976 [ERROR] LogOutputStream:75 - [STDERR_REDIRECT] [Fatal Error] :1:1: Premature end of file.
2025-08-12 21:43:20,977 [ERROR] LogOutputStream:75 - [STDERR_REDIRECT] 
2025-08-12 21:43:21,965 [ERROR] LogOutputStream:75 - [STDERR_REDIRECT] [Fatal Error] :1:1: Premature end of file.
2025-08-12 21:43:21,966 [ERROR] LogOutputStream:75 - [STDERR_REDIRECT] 
2025-08-12 21:43:22,977 [ERROR] LogOutputStream:75 - [STDERR_REDIRECT] [Fatal Error] :1:1: Premature end of file.
2025-08-12 21:43:22,978 [ERROR] LogOutputStream:75 - [STDERR_REDIRECT] 
2025-08-12 21:43:23,970 [ERROR] LogOutputStream:75 - [STDERR_REDIRECT] [Fatal Error] :1:1: Premature end of file.
2025-08-12 21:43:23,970 [ERROR] LogOutputStream:75 - [STDERR_REDIRECT] 
2025-08-12 21:43:24,961 [ERROR] LogOutputStream:75 - [STDERR_REDIRECT] [Fatal Error] :1:1: Premature end of file.
2025-08-12 21:43:24,961 [ERROR] LogOutputStream:75 - [STDERR_REDIRECT] 
2025-08-12 21:43:25,972 [ERROR] LogOutputStream:75 - [STDERR_REDIRECT] [Fatal Error] :1:1: Premature end of file.
2025-08-12 21:43:25,972 [ERROR] LogOutputStream:75 - [STDERR_REDIRECT] 
2025-08-12 21:43:26,969 [ERROR] LogOutputStream:75 - [STDERR_REDIRECT] [Fatal Error] :1:1: Premature end of file.
2025-08-12 21:43:26,969 [ERROR] LogOutputStream:75 - [STDERR_REDIRECT] 
2025-08-12 21:43:27,962 [ERROR] LogOutputStream:75 - [STDERR_REDIRECT] [Fatal Error] :1:1: Premature end of file.
2025-08-12 21:43:27,962 [ERROR] LogOutputStream:75 - [STDERR_REDIRECT] 
2025-08-12 21:43:28,972 [ERROR] LogOutputStream:75 - [STDERR_REDIRECT] [Fatal Error] :1:1: Premature end of file.
2025-08-12 21:43:28,973 [ERROR] LogOutputStream:75 - [STDERR_REDIRECT] 
2025-08-12 21:43:29,960 [ERROR] LogOutputStream:75 - [STDERR_REDIRECT] [Fatal Error] :1:1: Premature end of file.
2025-08-12 21:43:29,961 [ERROR] LogOutputStream:75 - [STDERR_REDIRECT] 
2025-08-12 21:43:30,969 [ERROR] LogOutputStream:75 - [STDERR_REDIRECT] [Fatal Error] :1:1: Premature end of file.
2025-08-12 21:43:30,970 [ERROR] LogOutputStream:75 - [STDERR_REDIRECT] 
2025-08-12 21:43:31,974 [ERROR] LogOutputStream:75 - [STDERR_REDIRECT] [Fatal Error] :1:1: Premature end of file.
2025-08-12 21:43:31,974 [ERROR] LogOutputStream:75 - [STDERR_REDIRECT] 
2025-08-12 21:43:32,979 [ERROR] LogOutputStream:75 - [STDERR_REDIRECT] [Fatal Error] :1:1: Premature end of file.
2025-08-12 21:43:32,979 [ERROR] LogOutputStream:75 - [STDERR_REDIRECT] 
2025-08-12 21:43:33,986 [ERROR] LogOutputStream:75 - [STDERR_REDIRECT] [Fatal Error] :1:1: Premature end of file.
2025-08-12 21:43:33,986 [ERROR] LogOutputStream:75 - [STDERR_REDIRECT] 
2025-08-12 21:43:34,982 [ERROR] LogOutputStream:75 - [STDERR_REDIRECT] [Fatal Error] :1:1: Premature end of file.
2025-08-12 21:43:34,982 [ERROR] LogOutputStream:75 - [STDERR_REDIRECT] 
2025-08-12 21:43:35,960 [ERROR] LogOutputStream:75 - [STDERR_REDIRECT] [Fatal Error] :1:1: Premature end of file.
2025-08-12 21:43:35,960 [ERROR] LogOutputStream:75 - [STDERR_REDIRECT] 
2025-08-12 21:43:36,973 [ERROR] LogOutputStream:75 - [STDERR_REDIRECT] [Fatal Error] :1:1: Premature end of file.
2025-08-12 21:43:36,973 [ERROR] LogOutputStream:75 - [STDERR_REDIRECT] 
2025-08-12 21:43:37,980 [ERROR] LogOutputStream:75 - [STDERR_REDIRECT] [Fatal Error] :1:1: Premature end of file.
2025-08-12 21:43:37,980 [ERROR] LogOutputStream:75 - [STDERR_REDIRECT] 
2025-08-12 21:43:38,976 [ERROR] LogOutputStream:75 - [STDERR_REDIRECT] [Fatal Error] :1:1: Premature end of file.
2025-08-12 21:43:38,976 [ERROR] LogOutputStream:75 - [STDERR_REDIRECT] 
2025-08-12 21:43:39,982 [ERROR] LogOutputStream:75 - [STDERR_REDIRECT] [Fatal Error] :1:1: Premature end of file.
2025-08-12 21:43:39,982 [ERROR] LogOutputStream:75 - [STDERR_REDIRECT] 
2025-08-12 21:43:40,977 [ERROR] LogOutputStream:75 - [STDERR_REDIRECT] [Fatal Error] :1:1: Premature end of file.
2025-08-12 21:43:40,978 [ERROR] LogOutputStream:75 - [STDERR_REDIRECT] 
2025-08-12 21:43:41,972 [ERROR] LogOutputStream:75 - [STDERR_REDIRECT] [Fatal Error] :1:1: Premature end of file.
2025-08-12 21:43:41,972 [ERROR] LogOutputStream:75 - [STDERR_REDIRECT] 
2025-08-12 21:43:42,973 [ERROR] LogOutputStream:75 - [STDERR_REDIRECT] [Fatal Error] :1:1: Premature end of file.
2025-08-12 21:43:42,973 [ERROR] LogOutputStream:75 - [STDERR_REDIRECT] 
2025-08-12 21:43:43,974 [ERROR] LogOutputStream:75 - [STDERR_REDIRECT] [Fatal Error] :1:1: Premature end of file.
2025-08-12 21:43:43,974 [ERROR] LogOutputStream:75 - [STDERR_REDIRECT] 
2025-08-12 21:43:44,980 [ERROR] LogOutputStream:75 - [STDERR_REDIRECT] [Fatal Error] :1:1: Premature end of file.
2025-08-12 21:43:44,980 [ERROR] LogOutputStream:75 - [STDERR_REDIRECT] 
2025-08-12 21:43:45,975 [ERROR] LogOutputStream:75 - [STDERR_REDIRECT] [Fatal Error] :1:1: Premature end of file.
2025-08-12 21:43:45,976 [ERROR] LogOutputStream:75 - [STDERR_REDIRECT] 
2025-08-12 21:43:46,978 [ERROR] LogOutputStream:75 - [STDERR_REDIRECT] [Fatal Error] :1:1: Premature end of file.
2025-08-12 21:43:46,979 [ERROR] LogOutputStream:75 - [STDERR_REDIRECT] 
2025-08-12 21:43:47,979 [ERROR] LogOutputStream:75 - [STDERR_REDIRECT] [Fatal Error] :1:1: Premature end of file.
2025-08-12 21:43:47,979 [ERROR] LogOutputStream:75 - [STDERR_REDIRECT] 
2025-08-12 21:43:48,978 [ERROR] LogOutputStream:75 - [STDERR_REDIRECT] [Fatal Error] :1:1: Premature end of file.
2025-08-12 21:43:48,978 [ERROR] LogOutputStream:75 - [STDERR_REDIRECT] 
2025-08-12 21:43:49,982 [ERROR] LogOutputStream:75 - [STDERR_REDIRECT] [Fatal Error] :1:1: Premature end of file.
2025-08-12 21:43:49,982 [ERROR] LogOutputStream:75 - [STDERR_REDIRECT] 
2025-08-12 21:43:50,980 [ERROR] LogOutputStream:75 - [STDERR_REDIRECT] [Fatal Error] :1:1: Premature end of file.
2025-08-12 21:43:50,980 [ERROR] LogOutputStream:75 - [STDERR_REDIRECT] 
2025-08-12 21:43:51,980 [ERROR] LogOutputStream:75 - [STDERR_REDIRECT] [Fatal Error] :1:1: Premature end of file.
2025-08-12 21:43:51,996 [ERROR] LogOutputStream:75 - [STDERR_REDIRECT] 
2025-08-12 21:43:52,982 [ERROR] LogOutputStream:75 - [STDERR_REDIRECT] [Fatal Error] :1:1: Premature end of file.
2025-08-12 21:43:52,983 [ERROR] LogOutputStream:75 - [STDERR_REDIRECT] 
2025-08-12 21:43:53,980 [ERROR] LogOutputStream:75 - [STDERR_REDIRECT] [Fatal Error] :1:1: Premature end of file.
2025-08-12 21:43:53,980 [ERROR] LogOutputStream:75 - [STDERR_REDIRECT] 
2025-08-12 21:43:54,979 [ERROR] LogOutputStream:75 - [STDERR_REDIRECT] [Fatal Error] :1:1: Premature end of file.
2025-08-12 21:43:54,979 [ERROR] LogOutputStream:75 - [STDERR_REDIRECT] 
2025-08-12 21:43:55,979 [ERROR] LogOutputStream:75 - [STDERR_REDIRECT] [Fatal Error] :1:1: Premature end of file.
2025-08-12 21:43:55,979 [ERROR] LogOutputStream:75 - [STDERR_REDIRECT] 
2025-08-12 21:43:56,960 [ERROR] LogOutputStream:75 - [STDERR_REDIRECT] [Fatal Error] :1:1: Premature end of file.
2025-08-12 21:43:56,960 [ERROR] LogOutputStream:75 - [STDERR_REDIRECT] 
2025-08-12 21:43:57,980 [ERROR] LogOutputStream:75 - [STDERR_REDIRECT] [Fatal Error] :1:1: Premature end of file.
2025-08-12 21:43:57,980 [ERROR] LogOutputStream:75 - [STDERR_REDIRECT] 
2025-08-12 21:43:58,973 [ERROR] LogOutputStream:75 - [STDERR_REDIRECT] [Fatal Error] :1:1: Premature end of file.
2025-08-12 21:43:58,973 [ERROR] LogOutputStream:75 - [STDERR_REDIRECT] 
2025-08-12 21:43:59,965 [ERROR] LogOutputStream:75 - [STDERR_REDIRECT] [Fatal Error] :1:1: Premature end of file.
2025-08-12 21:43:59,965 [ERROR] LogOutputStream:75 - [STDERR_REDIRECT] 
2025-08-12 21:44:00,982 [ERROR] LogOutputStream:75 - [STDERR_REDIRECT] [Fatal Error] :1:1: Premature end of file.
2025-08-12 21:44:00,983 [ERROR] LogOutputStream:75 - [STDERR_REDIRECT] 
2025-08-12 21:44:01,980 [ERROR] LogOutputStream:75 - [STDERR_REDIRECT] [Fatal Error] :1:1: Premature end of file.
2025-08-12 21:44:01,980 [ERROR] LogOutputStream:75 - [STDERR_REDIRECT] 
2025-08-12 21:44:02,978 [ERROR] LogOutputStream:75 - [STDERR_REDIRECT] [Fatal Error] :1:1: Premature end of file.
2025-08-12 21:44:02,978 [ERROR] LogOutputStream:75 - [STDERR_REDIRECT] 
2025-08-12 21:44:03,975 [ERROR] LogOutputStream:75 - [STDERR_REDIRECT] [Fatal Error] :1:1: Premature end of file.
2025-08-12 21:44:03,976 [ERROR] LogOutputStream:75 - [STDERR_REDIRECT] 
2025-08-12 21:44:04,977 [ERROR] LogOutputStream:75 - [STDERR_REDIRECT] [Fatal Error] :1:1: Premature end of file.
2025-08-12 21:44:04,977 [ERROR] LogOutputStream:75 - [STDERR_REDIRECT] 
2025-08-12 21:44:05,977 [ERROR] LogOutputStream:75 - [STDERR_REDIRECT] [Fatal Error] :1:1: Premature end of file.
2025-08-12 21:44:05,977 [ERROR] LogOutputStream:75 - [STDERR_REDIRECT] 
2025-08-12 21:44:06,973 [ERROR] LogOutputStream:75 - [STDERR_REDIRECT] [Fatal Error] :1:1: Premature end of file.
2025-08-12 21:44:06,973 [ERROR] LogOutputStream:75 - [STDERR_REDIRECT] 
2025-08-12 21:44:07,982 [ERROR] LogOutputStream:75 - [STDERR_REDIRECT] [Fatal Error] :1:1: Premature end of file.
2025-08-12 21:44:07,982 [ERROR] LogOutputStream:75 - [STDERR_REDIRECT] 
2025-08-12 21:44:08,983 [ERROR] LogOutputStream:75 - [STDERR_REDIRECT] [Fatal Error] :1:1: Premature end of file.
2025-08-12 21:44:08,983 [ERROR] LogOutputStream:75 - [STDERR_REDIRECT] 
2025-08-12 21:44:09,974 [ERROR] LogOutputStream:75 - [STDERR_REDIRECT] [Fatal Error] :1:1: Premature end of file.
2025-08-12 21:44:09,974 [ERROR] LogOutputStream:75 - [STDERR_REDIRECT] 
2025-08-12 21:44:10,957 [ERROR] LogOutputStream:75 - [STDERR_REDIRECT] [Fatal Error] :1:1: Premature end of file.
2025-08-12 21:44:10,957 [ERROR] LogOutputStream:75 - [STDERR_REDIRECT] 
2025-08-12 21:44:11,975 [ERROR] LogOutputStream:75 - [STDERR_REDIRECT] [Fatal Error] :1:1: Premature end of file.
2025-08-12 21:44:11,976 [ERROR] LogOutputStream:75 - [STDERR_REDIRECT] 
2025-08-12 21:44:12,971 [ERROR] LogOutputStream:75 - [STDERR_REDIRECT] [Fatal Error] :1:1: Premature end of file.
2025-08-12 21:44:12,971 [ERROR] LogOutputStream:75 - [STDERR_REDIRECT] 
2025-08-12 21:44:13,973 [ERROR] LogOutputStream:75 - [STDERR_REDIRECT] [Fatal Error] :1:1: Premature end of file.
2025-08-12 21:44:13,973 [ERROR] LogOutputStream:75 - [STDERR_REDIRECT] 
2025-08-12 21:44:14,978 [ERROR] LogOutputStream:75 - [STDERR_REDIRECT] [Fatal Error] :1:1: Premature end of file.
2025-08-12 21:44:14,978 [ERROR] LogOutputStream:75 - [STDERR_REDIRECT] 
2025-08-12 21:44:15,988 [ERROR] LogOutputStream:75 - [STDERR_REDIRECT] [Fatal Error] :1:1: Premature end of file.
2025-08-12 21:44:15,989 [ERROR] LogOutputStream:75 - [STDERR_REDIRECT] 
2025-08-12 21:44:16,987 [ERROR] LogOutputStream:75 - [STDERR_REDIRECT] [Fatal Error] :1:1: Premature end of file.
2025-08-12 21:44:16,987 [ERROR] LogOutputStream:75 - [STDERR_REDIRECT] 
2025-08-12 21:44:17,973 [ERROR] LogOutputStream:75 - [STDERR_REDIRECT] [Fatal Error] :1:1: Premature end of file.
2025-08-12 21:44:17,973 [ERROR] LogOutputStream:75 - [STDERR_REDIRECT] 
2025-08-12 21:44:18,974 [ERROR] LogOutputStream:75 - [STDERR_REDIRECT] [Fatal Error] :1:1: Premature end of file.
2025-08-12 21:44:18,974 [ERROR] LogOutputStream:75 - [STDERR_REDIRECT] 
2025-08-12 21:44:19,959 [ERROR] LogOutputStream:75 - [STDERR_REDIRECT] [Fatal Error] :1:1: Premature end of file.
2025-08-12 21:44:19,959 [ERROR] LogOutputStream:75 - [STDERR_REDIRECT] 
2025-08-12 21:44:20,984 [ERROR] LogOutputStream:75 - [STDERR_REDIRECT] [Fatal Error] :1:1: Premature end of file.
2025-08-12 21:44:20,984 [ERROR] LogOutputStream:75 - [STDERR_REDIRECT] 
2025-08-12 21:44:21,958 [ERROR] LogOutputStream:75 - [STDERR_REDIRECT] [Fatal Error] :1:1: Premature end of file.
2025-08-12 21:44:21,958 [ERROR] LogOutputStream:75 - [STDERR_REDIRECT] 
2025-08-12 21:44:22,977 [ERROR] LogOutputStream:75 - [STDERR_REDIRECT] [Fatal Error] :1:1: Premature end of file.
2025-08-12 21:44:22,977 [ERROR] LogOutputStream:75 - [STDERR_REDIRECT] 
2025-08-12 21:44:23,969 [ERROR] LogOutputStream:75 - [STDERR_REDIRECT] [Fatal Error] :1:1: Premature end of file.
2025-08-12 21:44:23,969 [ERROR] LogOutputStream:75 - [STDERR_REDIRECT] 
2025-08-12 21:44:24,985 [ERROR] LogOutputStream:75 - [STDERR_REDIRECT] [Fatal Error] :1:1: Premature end of file.
2025-08-12 21:44:24,985 [ERROR] LogOutputStream:75 - [STDERR_REDIRECT] 
2025-08-12 21:44:25,974 [ERROR] LogOutputStream:75 - [STDERR_REDIRECT] [Fatal Error] :1:1: Premature end of file.
2025-08-12 21:44:25,974 [ERROR] LogOutputStream:75 - [STDERR_REDIRECT] 
2025-08-12 21:44:26,979 [ERROR] LogOutputStream:75 - [STDERR_REDIRECT] [Fatal Error] :1:1: Premature end of file.
2025-08-12 21:44:26,979 [ERROR] LogOutputStream:75 - [STDERR_REDIRECT] 
2025-08-12 21:44:27,976 [ERROR] LogOutputStream:75 - [STDERR_REDIRECT] [Fatal Error] :1:1: Premature end of file.
2025-08-12 21:44:27,976 [ERROR] LogOutputStream:75 - [STDERR_REDIRECT] 
2025-08-12 21:44:29,007 [ERROR] LogOutputStream:75 - [STDERR_REDIRECT] [Fatal Error] :1:1: Premature end of file.
2025-08-12 21:44:29,007 [ERROR] LogOutputStream:75 - [STDERR_REDIRECT] 
2025-08-12 21:44:29,974 [ERROR] LogOutputStream:75 - [STDERR_REDIRECT] [Fatal Error] :1:1: Premature end of file.
2025-08-12 21:44:29,974 [ERROR] LogOutputStream:75 - [STDERR_REDIRECT] 
2025-08-12 21:44:30,984 [ERROR] LogOutputStream:75 - [STDERR_REDIRECT] [Fatal Error] :1:1: Premature end of file.
2025-08-12 21:44:30,984 [ERROR] LogOutputStream:75 - [STDERR_REDIRECT] 
2025-08-12 21:44:31,973 [ERROR] LogOutputStream:75 - [STDERR_REDIRECT] [Fatal Error] :1:1: Premature end of file.
2025-08-12 21:44:31,989 [ERROR] LogOutputStream:75 - [STDERR_REDIRECT] 
2025-08-12 21:44:32,959 [ERROR] LogOutputStream:75 - [STDERR_REDIRECT] [Fatal Error] :1:1: Premature end of file.
2025-08-12 21:44:32,959 [ERROR] LogOutputStream:75 - [STDERR_REDIRECT] 
2025-08-12 21:44:33,974 [ERROR] LogOutputStream:75 - [STDERR_REDIRECT] [Fatal Error] :1:1: Premature end of file.
2025-08-12 21:44:33,974 [ERROR] LogOutputStream:75 - [STDERR_REDIRECT] 
2025-08-12 21:44:34,980 [ERROR] LogOutputStream:75 - [STDERR_REDIRECT] [Fatal Error] :1:1: Premature end of file.
2025-08-12 21:44:34,980 [ERROR] LogOutputStream:75 - [STDERR_REDIRECT] 
2025-08-12 21:44:35,976 [ERROR] LogOutputStream:75 - [STDERR_REDIRECT] [Fatal Error] :1:1: Premature end of file.
2025-08-12 21:44:35,976 [ERROR] LogOutputStream:75 - [STDERR_REDIRECT] 
2025-08-12 21:44:36,977 [ERROR] LogOutputStream:75 - [STDERR_REDIRECT] [Fatal Error] :1:1: Premature end of file.
2025-08-12 21:44:36,977 [ERROR] LogOutputStream:75 - [STDERR_REDIRECT] 
2025-08-12 21:44:37,956 [ERROR] LogOutputStream:75 - [STDERR_REDIRECT] [Fatal Error] :1:1: Premature end of file.
2025-08-12 21:44:37,956 [ERROR] LogOutputStream:75 - [STDERR_REDIRECT] 
2025-08-12 21:44:38,977 [ERROR] LogOutputStream:75 - [STDERR_REDIRECT] [Fatal Error] :1:1: Premature end of file.
2025-08-12 21:44:38,978 [ERROR] LogOutputStream:75 - [STDERR_REDIRECT] 
2025-08-12 21:44:39,983 [ERROR] LogOutputStream:75 - [STDERR_REDIRECT] [Fatal Error] :1:1: Premature end of file.
2025-08-12 21:44:39,983 [ERROR] LogOutputStream:75 - [STDERR_REDIRECT] 
2025-08-12 21:44:40,985 [ERROR] LogOutputStream:75 - [STDERR_REDIRECT] [Fatal Error] :1:1: Premature end of file.
2025-08-12 21:44:40,986 [ERROR] LogOutputStream:75 - [STDERR_REDIRECT] 
2025-08-12 21:44:41,963 [ERROR] LogOutputStream:75 - [STDERR_REDIRECT] [Fatal Error] :1:1: Premature end of file.
2025-08-12 21:44:41,963 [ERROR] LogOutputStream:75 - [STDERR_REDIRECT] 
2025-08-12 21:44:42,976 [ERROR] LogOutputStream:75 - [STDERR_REDIRECT] [Fatal Error] :1:1: Premature end of file.
2025-08-12 21:44:42,976 [ERROR] LogOutputStream:75 - [STDERR_REDIRECT] 
2025-08-12 21:44:43,976 [ERROR] LogOutputStream:75 - [STDERR_REDIRECT] [Fatal Error] :1:1: Premature end of file.
2025-08-12 21:44:43,976 [ERROR] LogOutputStream:75 - [STDERR_REDIRECT] 
2025-08-12 21:44:44,979 [ERROR] LogOutputStream:75 - [STDERR_REDIRECT] [Fatal Error] :1:1: Premature end of file.
2025-08-12 21:44:44,979 [ERROR] LogOutputStream:75 - [STDERR_REDIRECT] 
2025-08-12 21:44:45,974 [ERROR] LogOutputStream:75 - [STDERR_REDIRECT] [Fatal Error] :1:1: Premature end of file.
2025-08-12 21:44:45,974 [ERROR] LogOutputStream:75 - [STDERR_REDIRECT] 
2025-08-12 21:44:46,962 [ERROR] LogOutputStream:75 - [STDERR_REDIRECT] [Fatal Error] :1:1: Premature end of file.
2025-08-12 21:44:46,962 [ERROR] LogOutputStream:75 - [STDERR_REDIRECT] 
2025-08-12 21:44:47,962 [ERROR] LogOutputStream:75 - [STDERR_REDIRECT] [Fatal Error] :1:1: Premature end of file.
2025-08-12 21:44:47,962 [ERROR] LogOutputStream:75 - [STDERR_REDIRECT] 
2025-08-12 21:44:48,969 [ERROR] LogOutputStream:75 - [STDERR_REDIRECT] [Fatal Error] :1:1: Premature end of file.
2025-08-12 21:44:48,969 [ERROR] LogOutputStream:75 - [STDERR_REDIRECT] 
2025-08-12 21:44:49,967 [ERROR] LogOutputStream:75 - [STDERR_REDIRECT] [Fatal Error] :1:1: Premature end of file.
2025-08-12 21:44:49,967 [ERROR] LogOutputStream:75 - [STDERR_REDIRECT] 
2025-08-12 21:44:50,981 [ERROR] LogOutputStream:75 - [STDERR_REDIRECT] [Fatal Error] :1:1: Premature end of file.
2025-08-12 21:44:50,981 [ERROR] LogOutputStream:75 - [STDERR_REDIRECT] 
2025-08-12 21:44:51,973 [ERROR] LogOutputStream:75 - [STDERR_REDIRECT] [Fatal Error] :1:1: Premature end of file.
2025-08-12 21:44:51,973 [ERROR] LogOutputStream:75 - [STDERR_REDIRECT] 
2025-08-12 21:44:52,967 [ERROR] LogOutputStream:75 - [STDERR_REDIRECT] [Fatal Error] :1:1: Premature end of file.
2025-08-12 21:44:52,967 [ERROR] LogOutputStream:75 - [STDERR_REDIRECT] 
2025-08-12 21:44:53,978 [ERROR] LogOutputStream:75 - [STDERR_REDIRECT] [Fatal Error] :1:1: Premature end of file.
2025-08-12 21:44:53,978 [ERROR] LogOutputStream:75 - [STDERR_REDIRECT] 
2025-08-12 21:44:54,974 [ERROR] LogOutputStream:75 - [STDERR_REDIRECT] [Fatal Error] :1:1: Premature end of file.
2025-08-12 21:44:54,978 [ERROR] LogOutputStream:75 - [STDERR_REDIRECT] 
2025-08-12 21:44:55,976 [ERROR] LogOutputStream:75 - [STDERR_REDIRECT] [Fatal Error] :1:1: Premature end of file.
2025-08-12 21:44:55,976 [ERROR] LogOutputStream:75 - [STDERR_REDIRECT] 
2025-08-12 21:44:56,980 [ERROR] LogOutputStream:75 - [STDERR_REDIRECT] [Fatal Error] :1:1: Premature end of file.
2025-08-12 21:44:56,980 [ERROR] LogOutputStream:75 - [STDERR_REDIRECT] 
2025-08-12 21:44:57,968 [ERROR] LogOutputStream:75 - [STDERR_REDIRECT] [Fatal Error] :1:1: Premature end of file.
2025-08-12 21:44:57,968 [ERROR] LogOutputStream:75 - [STDERR_REDIRECT] 
2025-08-12 21:44:58,964 [ERROR] LogOutputStream:75 - [STDERR_REDIRECT] [Fatal Error] :1:1: Premature end of file.
2025-08-12 21:44:58,964 [ERROR] LogOutputStream:75 - [STDERR_REDIRECT] 
2025-08-12 21:44:59,966 [ERROR] LogOutputStream:75 - [STDERR_REDIRECT] [Fatal Error] :1:1: Premature end of file.
2025-08-12 21:44:59,966 [ERROR] LogOutputStream:75 - [STDERR_REDIRECT] 
2025-08-12 21:45:00,957 [ERROR] LogOutputStream:75 - [STDERR_REDIRECT] [Fatal Error] :1:1: Premature end of file.
2025-08-12 21:45:00,957 [ERROR] LogOutputStream:75 - [STDERR_REDIRECT] 
2025-08-12 21:45:01,976 [ERROR] LogOutputStream:75 - [STDERR_REDIRECT] [Fatal Error] :1:1: Premature end of file.
2025-08-12 21:45:01,976 [ERROR] LogOutputStream:75 - [STDERR_REDIRECT] 
2025-08-12 21:45:02,980 [ERROR] LogOutputStream:75 - [STDERR_REDIRECT] [Fatal Error] :1:1: Premature end of file.
2025-08-12 21:45:02,980 [ERROR] LogOutputStream:75 - [STDERR_REDIRECT] 
2025-08-12 21:45:03,974 [ERROR] LogOutputStream:75 - [STDERR_REDIRECT] [Fatal Error] :1:1: Premature end of file.
2025-08-12 21:45:03,975 [ERROR] LogOutputStream:75 - [STDERR_REDIRECT] 
2025-08-12 21:45:04,982 [ERROR] LogOutputStream:75 - [STDERR_REDIRECT] [Fatal Error] :1:1: Premature end of file.
2025-08-12 21:45:04,982 [ERROR] LogOutputStream:75 - [STDERR_REDIRECT] 
2025-08-12 21:45:05,967 [ERROR] LogOutputStream:75 - [STDERR_REDIRECT] [Fatal Error] :1:1: Premature end of file.
2025-08-12 21:45:05,967 [ERROR] LogOutputStream:75 - [STDERR_REDIRECT] 
2025-08-12 21:45:06,973 [ERROR] LogOutputStream:75 - [STDERR_REDIRECT] [Fatal Error] :1:1: Premature end of file.
2025-08-12 21:45:06,973 [ERROR] LogOutputStream:75 - [STDERR_REDIRECT] 
2025-08-12 21:45:07,979 [ERROR] LogOutputStream:75 - [STDERR_REDIRECT] [Fatal Error] :1:1: Premature end of file.
2025-08-12 21:45:07,980 [ERROR] LogOutputStream:75 - [STDERR_REDIRECT] 
2025-08-12 21:45:08,970 [ERROR] LogOutputStream:75 - [STDERR_REDIRECT] [Fatal Error] :1:1: Premature end of file.
2025-08-12 21:45:08,970 [ERROR] LogOutputStream:75 - [STDERR_REDIRECT] 
2025-08-12 21:45:09,962 [ERROR] LogOutputStream:75 - [STDERR_REDIRECT] [Fatal Error] :1:1: Premature end of file.
2025-08-12 21:45:09,962 [ERROR] LogOutputStream:75 - [STDERR_REDIRECT] 
2025-08-12 21:45:10,989 [ERROR] LogOutputStream:75 - [STDERR_REDIRECT] [Fatal Error] :1:1: Premature end of file.
2025-08-12 21:45:10,989 [ERROR] LogOutputStream:75 - [STDERR_REDIRECT] 
2025-08-12 21:45:11,974 [ERROR] LogOutputStream:75 - [STDERR_REDIRECT] [Fatal Error] :1:1: Premature end of file.
2025-08-12 21:45:11,974 [ERROR] LogOutputStream:75 - [STDERR_REDIRECT] 
2025-08-12 21:45:12,982 [ERROR] LogOutputStream:75 - [STDERR_REDIRECT] [Fatal Error] :1:1: Premature end of file.
2025-08-12 21:45:12,982 [ERROR] LogOutputStream:75 - [STDERR_REDIRECT] 
2025-08-12 21:45:13,970 [ERROR] LogOutputStream:75 - [STDERR_REDIRECT] [Fatal Error] :1:1: Premature end of file.
2025-08-12 21:45:13,970 [ERROR] LogOutputStream:75 - [STDERR_REDIRECT] 
2025-08-12 21:45:14,977 [ERROR] LogOutputStream:75 - [STDERR_REDIRECT] [Fatal Error] :1:1: Premature end of file.
2025-08-12 21:45:14,977 [ERROR] LogOutputStream:75 - [STDERR_REDIRECT] 
2025-08-12 21:45:15,973 [ERROR] LogOutputStream:75 - [STDERR_REDIRECT] [Fatal Error] :1:1: Premature end of file.
2025-08-12 21:45:15,974 [ERROR] LogOutputStream:75 - [STDERR_REDIRECT] 
2025-08-12 21:45:16,974 [ERROR] LogOutputStream:75 - [STDERR_REDIRECT] [Fatal Error] :1:1: Premature end of file.
2025-08-12 21:45:16,974 [ERROR] LogOutputStream:75 - [STDERR_REDIRECT] 
2025-08-12 21:45:17,994 [ERROR] LogOutputStream:75 - [STDERR_REDIRECT] [Fatal Error] :1:1: Premature end of file.
2025-08-12 21:45:17,994 [ERROR] LogOutputStream:75 - [STDERR_REDIRECT] 
2025-08-12 21:45:18,979 [ERROR] LogOutputStream:75 - [STDERR_REDIRECT] [Fatal Error] :1:1: Premature end of file.
2025-08-12 21:45:18,979 [ERROR] LogOutputStream:75 - [STDERR_REDIRECT] 
2025-08-12 21:45:19,968 [ERROR] LogOutputStream:75 - [STDERR_REDIRECT] [Fatal Error] :1:1: Premature end of file.
2025-08-12 21:45:19,968 [ERROR] LogOutputStream:75 - [STDERR_REDIRECT] 
2025-08-12 21:45:20,988 [ERROR] LogOutputStream:75 - [STDERR_REDIRECT] [Fatal Error] :1:1: Premature end of file.
2025-08-12 21:45:20,988 [ERROR] LogOutputStream:75 - [STDERR_REDIRECT] 
2025-08-12 21:45:21,973 [ERROR] LogOutputStream:75 - [STDERR_REDIRECT] [Fatal Error] :1:1: Premature end of file.
2025-08-12 21:45:21,973 [ERROR] LogOutputStream:75 - [STDERR_REDIRECT] 
2025-08-12 21:45:22,975 [ERROR] LogOutputStream:75 - [STDERR_REDIRECT] [Fatal Error] :1:1: Premature end of file.
2025-08-12 21:45:22,975 [ERROR] LogOutputStream:75 - [STDERR_REDIRECT] 
2025-08-12 21:45:23,973 [ERROR] LogOutputStream:75 - [STDERR_REDIRECT] [Fatal Error] :1:1: Premature end of file.
2025-08-12 21:45:23,973 [ERROR] LogOutputStream:75 - [STDERR_REDIRECT] 
2025-08-12 21:45:24,977 [ERROR] LogOutputStream:75 - [STDERR_REDIRECT] [Fatal Error] :1:1: Premature end of file.
2025-08-12 21:45:24,977 [ERROR] LogOutputStream:75 - [STDERR_REDIRECT] 
2025-08-12 21:45:25,972 [ERROR] LogOutputStream:75 - [STDERR_REDIRECT] [Fatal Error] :1:1: Premature end of file.
2025-08-12 21:45:25,972 [ERROR] LogOutputStream:75 - [STDERR_REDIRECT] 
2025-08-12 21:45:26,985 [ERROR] LogOutputStream:75 - [STDERR_REDIRECT] [Fatal Error] :1:1: Premature end of file.
2025-08-12 21:45:26,985 [ERROR] LogOutputStream:75 - [STDERR_REDIRECT] 
2025-08-12 21:45:27,967 [ERROR] LogOutputStream:75 - [STDERR_REDIRECT] [Fatal Error] :1:1: Premature end of file.
2025-08-12 21:45:27,968 [ERROR] LogOutputStream:75 - [STDERR_REDIRECT] 
2025-08-12 21:45:28,980 [ERROR] LogOutputStream:75 - [STDERR_REDIRECT] [Fatal Error] :1:1: Premature end of file.
2025-08-12 21:45:28,980 [ERROR] LogOutputStream:75 - [STDERR_REDIRECT] 
2025-08-12 21:45:29,973 [ERROR] LogOutputStream:75 - [STDERR_REDIRECT] [Fatal Error] :1:1: Premature end of file.
2025-08-12 21:45:29,973 [ERROR] LogOutputStream:75 - [STDERR_REDIRECT] 
2025-08-12 21:45:30,983 [ERROR] LogOutputStream:75 - [STDERR_REDIRECT] [Fatal Error] :1:1: Premature end of file.
2025-08-12 21:45:30,983 [ERROR] LogOutputStream:75 - [STDERR_REDIRECT] 
2025-08-12 21:45:31,981 [ERROR] LogOutputStream:75 - [STDERR_REDIRECT] [Fatal Error] :1:1: Premature end of file.
2025-08-12 21:45:31,981 [ERROR] LogOutputStream:75 - [STDERR_REDIRECT] 
2025-08-12 21:45:32,981 [ERROR] LogOutputStream:75 - [STDERR_REDIRECT] [Fatal Error] :1:1: Premature end of file.
2025-08-12 21:45:32,981 [ERROR] LogOutputStream:75 - [STDERR_REDIRECT] 
2025-08-12 21:45:33,988 [ERROR] LogOutputStream:75 - [STDERR_REDIRECT] [Fatal Error] :1:1: Premature end of file.
2025-08-12 21:45:33,988 [ERROR] LogOutputStream:75 - [STDERR_REDIRECT] 
2025-08-12 21:45:34,982 [ERROR] LogOutputStream:75 - [STDERR_REDIRECT] [Fatal Error] :1:1: Premature end of file.
2025-08-12 21:45:34,982 [ERROR] LogOutputStream:75 - [STDERR_REDIRECT] 
2025-08-12 21:45:35,980 [ERROR] LogOutputStream:75 - [STDERR_REDIRECT] [Fatal Error] :1:1: Premature end of file.
2025-08-12 21:45:35,980 [ERROR] LogOutputStream:75 - [STDERR_REDIRECT] 
2025-08-12 21:45:36,982 [ERROR] LogOutputStream:75 - [STDERR_REDIRECT] [Fatal Error] :1:1: Premature end of file.
2025-08-12 21:45:36,982 [ERROR] LogOutputStream:75 - [STDERR_REDIRECT] 
2025-08-12 21:45:37,970 [ERROR] LogOutputStream:75 - [STDERR_REDIRECT] [Fatal Error] :1:1: Premature end of file.
2025-08-12 21:45:37,970 [ERROR] LogOutputStream:75 - [STDERR_REDIRECT] 
2025-08-12 21:45:38,971 [ERROR] LogOutputStream:75 - [STDERR_REDIRECT] [Fatal Error] :1:1: Premature end of file.
2025-08-12 21:45:38,971 [ERROR] LogOutputStream:75 - [STDERR_REDIRECT] 
2025-08-12 21:45:39,981 [ERROR] LogOutputStream:75 - [STDERR_REDIRECT] [Fatal Error] :1:1: Premature end of file.
2025-08-12 21:45:39,981 [ERROR] LogOutputStream:75 - [STDERR_REDIRECT] 
2025-08-12 21:45:40,968 [ERROR] LogOutputStream:75 - [STDERR_REDIRECT] [Fatal Error] :1:1: Premature end of file.
2025-08-12 21:45:40,969 [ERROR] LogOutputStream:75 - [STDERR_REDIRECT] 
2025-08-12 21:45:41,979 [ERROR] LogOutputStream:75 - [STDERR_REDIRECT] [Fatal Error] :1:1: Premature end of file.
2025-08-12 21:45:41,979 [ERROR] LogOutputStream:75 - [STDERR_REDIRECT] 
2025-08-12 21:45:42,981 [ERROR] LogOutputStream:75 - [STDERR_REDIRECT] [Fatal Error] :1:1: Premature end of file.
2025-08-12 21:45:42,981 [ERROR] LogOutputStream:75 - [STDERR_REDIRECT] 
2025-08-12 21:45:43,981 [ERROR] LogOutputStream:75 - [STDERR_REDIRECT] [Fatal Error] :1:1: Premature end of file.
2025-08-12 21:45:43,981 [ERROR] LogOutputStream:75 - [STDERR_REDIRECT] 
2025-08-12 21:45:44,984 [ERROR] LogOutputStream:75 - [STDERR_REDIRECT] [Fatal Error] :1:1: Premature end of file.
2025-08-12 21:45:44,984 [ERROR] LogOutputStream:75 - [STDERR_REDIRECT] 
2025-08-12 21:45:45,982 [ERROR] LogOutputStream:75 - [STDERR_REDIRECT] [Fatal Error] :1:1: Premature end of file.
2025-08-12 21:45:45,982 [ERROR] LogOutputStream:75 - [STDERR_REDIRECT] 
2025-08-12 21:45:46,986 [ERROR] LogOutputStream:75 - [STDERR_REDIRECT] [Fatal Error] :1:1: Premature end of file.
2025-08-12 21:45:46,986 [ERROR] LogOutputStream:75 - [STDERR_REDIRECT] 
2025-08-12 21:45:47,972 [ERROR] LogOutputStream:75 - [STDERR_REDIRECT] [Fatal Error] :1:1: Premature end of file.
2025-08-12 21:45:47,972 [ERROR] LogOutputStream:75 - [STDERR_REDIRECT] 
2025-08-12 21:45:48,983 [ERROR] LogOutputStream:75 - [STDERR_REDIRECT] [Fatal Error] :1:1: Premature end of file.
2025-08-12 21:45:48,984 [ERROR] LogOutputStream:75 - [STDERR_REDIRECT] 
2025-08-12 21:45:49,981 [ERROR] LogOutputStream:75 - [STDERR_REDIRECT] [Fatal Error] :1:1: Premature end of file.
2025-08-12 21:45:49,981 [ERROR] LogOutputStream:75 - [STDERR_REDIRECT] 
2025-08-12 21:45:50,980 [ERROR] LogOutputStream:75 - [STDERR_REDIRECT] [Fatal Error] :1:1: Premature end of file.
2025-08-12 21:45:50,980 [ERROR] LogOutputStream:75 - [STDERR_REDIRECT] 
2025-08-12 21:45:51,984 [ERROR] LogOutputStream:75 - [STDERR_REDIRECT] [Fatal Error] :1:1: Premature end of file.
2025-08-12 21:45:51,984 [ERROR] LogOutputStream:75 - [STDERR_REDIRECT] 
2025-08-12 21:45:52,985 [ERROR] LogOutputStream:75 - [STDERR_REDIRECT] [Fatal Error] :1:1: Premature end of file.
2025-08-12 21:45:52,985 [ERROR] LogOutputStream:75 - [STDERR_REDIRECT] 
2025-08-12 21:45:53,983 [ERROR] LogOutputStream:75 - [STDERR_REDIRECT] [Fatal Error] :1:1: Premature end of file.
2025-08-12 21:45:53,983 [ERROR] LogOutputStream:75 - [STDERR_REDIRECT] 
2025-08-12 21:45:54,989 [ERROR] LogOutputStream:75 - [STDERR_REDIRECT] [Fatal Error] :1:1: Premature end of file.
2025-08-12 21:45:54,989 [ERROR] LogOutputStream:75 - [STDERR_REDIRECT] 
2025-08-12 21:45:55,979 [ERROR] LogOutputStream:75 - [STDERR_REDIRECT] [Fatal Error] :1:1: Premature end of file.
2025-08-12 21:45:55,979 [ERROR] LogOutputStream:75 - [STDERR_REDIRECT] 
2025-08-12 21:45:56,973 [ERROR] LogOutputStream:75 - [STDERR_REDIRECT] [Fatal Error] :1:1: Premature end of file.
2025-08-12 21:45:56,973 [ERROR] LogOutputStream:75 - [STDERR_REDIRECT] 
2025-08-12 21:45:57,985 [ERROR] LogOutputStream:75 - [STDERR_REDIRECT] [Fatal Error] :1:1: Premature end of file.
2025-08-12 21:45:57,985 [ERROR] LogOutputStream:75 - [STDERR_REDIRECT] 
2025-08-12 21:45:58,990 [ERROR] LogOutputStream:75 - [STDERR_REDIRECT] [Fatal Error] :1:1: Premature end of file.
2025-08-12 21:45:58,990 [ERROR] LogOutputStream:75 - [STDERR_REDIRECT] 
2025-08-12 21:45:59,980 [ERROR] LogOutputStream:75 - [STDERR_REDIRECT] [Fatal Error] :1:1: Premature end of file.
2025-08-12 21:45:59,980 [ERROR] LogOutputStream:75 - [STDERR_REDIRECT] 
2025-08-12 21:46:00,981 [ERROR] LogOutputStream:75 - [STDERR_REDIRECT] [Fatal Error] :1:1: Premature end of file.
2025-08-12 21:46:00,981 [ERROR] LogOutputStream:75 - [STDERR_REDIRECT] 
2025-08-12 21:46:01,987 [ERROR] LogOutputStream:75 - [STDERR_REDIRECT] [Fatal Error] :1:1: Premature end of file.
2025-08-12 21:46:01,987 [ERROR] LogOutputStream:75 - [STDERR_REDIRECT] 
2025-08-12 21:46:02,983 [ERROR] LogOutputStream:75 - [STDERR_REDIRECT] [Fatal Error] :1:1: Premature end of file.
2025-08-12 21:46:02,983 [ERROR] LogOutputStream:75 - [STDERR_REDIRECT] 
2025-08-12 21:46:03,965 [ERROR] LogOutputStream:75 - [STDERR_REDIRECT] [Fatal Error] :1:1: Premature end of file.
2025-08-12 21:46:03,965 [ERROR] LogOutputStream:75 - [STDERR_REDIRECT] 
2025-08-12 21:46:04,970 [ERROR] LogOutputStream:75 - [STDERR_REDIRECT] [Fatal Error] :1:1: Premature end of file.
2025-08-12 21:46:04,970 [ERROR] LogOutputStream:75 - [STDERR_REDIRECT] 
2025-08-12 21:46:05,988 [ERROR] LogOutputStream:75 - [STDERR_REDIRECT] [Fatal Error] :1:1: Premature end of file.
2025-08-12 21:46:05,988 [ERROR] LogOutputStream:75 - [STDERR_REDIRECT] 
2025-08-12 21:46:06,977 [ERROR] LogOutputStream:75 - [STDERR_REDIRECT] [Fatal Error] :1:1: Premature end of file.
2025-08-12 21:46:06,977 [ERROR] LogOutputStream:75 - [STDERR_REDIRECT] 
2025-08-12 21:46:07,967 [ERROR] LogOutputStream:75 - [STDERR_REDIRECT] [Fatal Error] :1:1: Premature end of file.
2025-08-12 21:46:07,967 [ERROR] LogOutputStream:75 - [STDERR_REDIRECT] 
2025-08-12 21:46:08,964 [ERROR] LogOutputStream:75 - [STDERR_REDIRECT] [Fatal Error] :1:1: Premature end of file.
2025-08-12 21:46:08,964 [ERROR] LogOutputStream:75 - [STDERR_REDIRECT] 
2025-08-12 21:46:09,963 [ERROR] LogOutputStream:75 - [STDERR_REDIRECT] [Fatal Error] :1:1: Premature end of file.
2025-08-12 21:46:09,963 [ERROR] LogOutputStream:75 - [STDERR_REDIRECT] 
2025-08-12 21:46:10,979 [ERROR] LogOutputStream:75 - [STDERR_REDIRECT] [Fatal Error] :1:1: Premature end of file.
2025-08-12 21:46:10,979 [ERROR] LogOutputStream:75 - [STDERR_REDIRECT] 
2025-08-12 21:46:11,958 [ERROR] LogOutputStream:75 - [STDERR_REDIRECT] [Fatal Error] :1:1: Premature end of file.
2025-08-12 21:46:11,958 [ERROR] LogOutputStream:75 - [STDERR_REDIRECT] 
2025-08-12 21:46:12,973 [ERROR] LogOutputStream:75 - [STDERR_REDIRECT] [Fatal Error] :1:1: Premature end of file.
2025-08-12 21:46:12,973 [ERROR] LogOutputStream:75 - [STDERR_REDIRECT] 
2025-08-12 21:46:13,977 [ERROR] LogOutputStream:75 - [STDERR_REDIRECT] [Fatal Error] :1:1: Premature end of file.
2025-08-12 21:46:13,977 [ERROR] LogOutputStream:75 - [STDERR_REDIRECT] 
2025-08-12 21:46:14,982 [ERROR] LogOutputStream:75 - [STDERR_REDIRECT] [Fatal Error] :1:1: Premature end of file.
2025-08-12 21:46:14,982 [ERROR] LogOutputStream:75 - [STDERR_REDIRECT] 
2025-08-12 21:46:15,988 [ERROR] LogOutputStream:75 - [STDERR_REDIRECT] [Fatal Error] :1:1: Premature end of file.
2025-08-12 21:46:15,988 [ERROR] LogOutputStream:75 - [STDERR_REDIRECT] 
2025-08-12 21:46:16,980 [ERROR] LogOutputStream:75 - [STDERR_REDIRECT] [Fatal Error] :1:1: Premature end of file.
2025-08-12 21:46:16,981 [ERROR] LogOutputStream:75 - [STDERR_REDIRECT] 
2025-08-12 21:46:17,969 [ERROR] LogOutputStream:75 - [STDERR_REDIRECT] [Fatal Error] :1:1: Premature end of file.
2025-08-12 21:46:17,969 [ERROR] LogOutputStream:75 - [STDERR_REDIRECT] 
2025-08-12 21:46:18,980 [ERROR] LogOutputStream:75 - [STDERR_REDIRECT] [Fatal Error] :1:1: Premature end of file.
2025-08-12 21:46:18,981 [ERROR] LogOutputStream:75 - [STDERR_REDIRECT] 
2025-08-12 21:46:19,971 [ERROR] LogOutputStream:75 - [STDERR_REDIRECT] [Fatal Error] :1:1: Premature end of file.
2025-08-12 21:46:19,971 [ERROR] LogOutputStream:75 - [STDERR_REDIRECT] 
2025-08-12 21:46:20,979 [ERROR] LogOutputStream:75 - [STDERR_REDIRECT] [Fatal Error] :1:1: Premature end of file.
2025-08-12 21:46:20,979 [ERROR] LogOutputStream:75 - [STDERR_REDIRECT] 
2025-08-12 21:46:21,980 [ERROR] LogOutputStream:75 - [STDERR_REDIRECT] [Fatal Error] :1:1: Premature end of file.
2025-08-12 21:46:21,980 [ERROR] LogOutputStream:75 - [STDERR_REDIRECT] 
2025-08-12 21:46:22,985 [ERROR] LogOutputStream:75 - [STDERR_REDIRECT] [Fatal Error] :1:1: Premature end of file.
2025-08-12 21:46:22,985 [ERROR] LogOutputStream:75 - [STDERR_REDIRECT] 
2025-08-12 21:46:23,981 [ERROR] LogOutputStream:75 - [STDERR_REDIRECT] [Fatal Error] :1:1: Premature end of file.
2025-08-12 21:46:23,981 [ERROR] LogOutputStream:75 - [STDERR_REDIRECT] 
2025-08-12 21:46:24,971 [ERROR] LogOutputStream:75 - [STDERR_REDIRECT] [Fatal Error] :1:1: Premature end of file.
2025-08-12 21:46:24,971 [ERROR] LogOutputStream:75 - [STDERR_REDIRECT] 
2025-08-12 21:46:25,987 [ERROR] LogOutputStream:75 - [STDERR_REDIRECT] [Fatal Error] :1:1: Premature end of file.
2025-08-12 21:46:25,987 [ERROR] LogOutputStream:75 - [STDERR_REDIRECT] 
2025-08-12 21:46:26,974 [ERROR] LogOutputStream:75 - [STDERR_REDIRECT] [Fatal Error] :1:1: Premature end of file.
2025-08-12 21:46:26,974 [ERROR] LogOutputStream:75 - [STDERR_REDIRECT] 
2025-08-12 21:46:27,979 [ERROR] LogOutputStream:75 - [STDERR_REDIRECT] [Fatal Error] :1:1: Premature end of file.
2025-08-12 21:46:27,979 [ERROR] LogOutputStream:75 - [STDERR_REDIRECT] 
2025-08-12 21:46:28,972 [ERROR] LogOutputStream:75 - [STDERR_REDIRECT] [Fatal Error] :1:1: Premature end of file.
2025-08-12 21:46:28,972 [ERROR] LogOutputStream:75 - [STDERR_REDIRECT] 
2025-08-12 21:46:29,972 [ERROR] LogOutputStream:75 - [STDERR_REDIRECT] [Fatal Error] :1:1: Premature end of file.
2025-08-12 21:46:29,972 [ERROR] LogOutputStream:75 - [STDERR_REDIRECT] 
2025-08-12 21:46:30,981 [ERROR] LogOutputStream:75 - [STDERR_REDIRECT] [Fatal Error] :1:1: Premature end of file.
2025-08-12 21:46:30,981 [ERROR] LogOutputStream:75 - [STDERR_REDIRECT] 
2025-08-12 21:46:31,996 [ERROR] LogOutputStream:75 - [STDERR_REDIRECT] [Fatal Error] :1:1: Premature end of file.
2025-08-12 21:46:31,996 [ERROR] LogOutputStream:75 - [STDERR_REDIRECT] 
2025-08-12 21:46:32,996 [ERROR] LogOutputStream:75 - [STDERR_REDIRECT] [Fatal Error] :1:1: Premature end of file.
2025-08-12 21:46:32,996 [ERROR] LogOutputStream:75 - [STDERR_REDIRECT] 
2025-08-12 21:46:33,981 [ERROR] LogOutputStream:75 - [STDERR_REDIRECT] [Fatal Error] :1:1: Premature end of file.
2025-08-12 21:46:33,981 [ERROR] LogOutputStream:75 - [STDERR_REDIRECT] 
2025-08-12 21:46:34,972 [ERROR] LogOutputStream:75 - [STDERR_REDIRECT] [Fatal Error] :1:1: Premature end of file.
2025-08-12 21:46:34,972 [ERROR] LogOutputStream:75 - [STDERR_REDIRECT] 
2025-08-12 21:46:35,994 [ERROR] LogOutputStream:75 - [STDERR_REDIRECT] [Fatal Error] :1:1: Premature end of file.
2025-08-12 21:46:35,994 [ERROR] LogOutputStream:75 - [STDERR_REDIRECT] 
2025-08-12 21:46:36,975 [ERROR] LogOutputStream:75 - [STDERR_REDIRECT] [Fatal Error] :1:1: Premature end of file.
2025-08-12 21:46:36,975 [ERROR] LogOutputStream:75 - [STDERR_REDIRECT] 
2025-08-12 21:46:37,974 [ERROR] LogOutputStream:75 - [STDERR_REDIRECT] [Fatal Error] :1:1: Premature end of file.
2025-08-12 21:46:37,974 [ERROR] LogOutputStream:75 - [STDERR_REDIRECT] 
2025-08-12 21:46:38,978 [ERROR] LogOutputStream:75 - [STDERR_REDIRECT] [Fatal Error] :1:1: Premature end of file.
2025-08-12 21:46:38,978 [ERROR] LogOutputStream:75 - [STDERR_REDIRECT] 
2025-08-12 21:46:39,985 [ERROR] LogOutputStream:75 - [STDERR_REDIRECT] [Fatal Error] :1:1: Premature end of file.
2025-08-12 21:46:39,985 [ERROR] LogOutputStream:75 - [STDERR_REDIRECT] 
2025-08-12 21:46:40,984 [ERROR] LogOutputStream:75 - [STDERR_REDIRECT] [Fatal Error] :1:1: Premature end of file.
2025-08-12 21:46:40,984 [ERROR] LogOutputStream:75 - [STDERR_REDIRECT] 
2025-08-12 21:46:41,972 [ERROR] LogOutputStream:75 - [STDERR_REDIRECT] [Fatal Error] :1:1: Premature end of file.
2025-08-12 21:46:41,972 [ERROR] LogOutputStream:75 - [STDERR_REDIRECT] 
2025-08-12 21:46:42,973 [ERROR] LogOutputStream:75 - [STDERR_REDIRECT] [Fatal Error] :1:1: Premature end of file.
2025-08-12 21:46:42,973 [ERROR] LogOutputStream:75 - [STDERR_REDIRECT] 
2025-08-12 21:46:43,992 [ERROR] LogOutputStream:75 - [STDERR_REDIRECT] [Fatal Error] :1:1: Premature end of file.
2025-08-12 21:46:43,992 [ERROR] LogOutputStream:75 - [STDERR_REDIRECT] 
2025-08-12 21:46:44,975 [ERROR] LogOutputStream:75 - [STDERR_REDIRECT] [Fatal Error] :1:1: Premature end of file.
2025-08-12 21:46:44,975 [ERROR] LogOutputStream:75 - [STDERR_REDIRECT] 
2025-08-12 21:46:45,972 [ERROR] LogOutputStream:75 - [STDERR_REDIRECT] [Fatal Error] :1:1: Premature end of file.
2025-08-12 21:46:45,972 [ERROR] LogOutputStream:75 - [STDERR_REDIRECT] 
2025-08-12 21:46:46,974 [ERROR] LogOutputStream:75 - [STDERR_REDIRECT] [Fatal Error] :1:1: Premature end of file.
2025-08-12 21:46:46,974 [ERROR] LogOutputStream:75 - [STDERR_REDIRECT] 
2025-08-12 21:46:47,996 [ERROR] LogOutputStream:75 - [STDERR_REDIRECT] [Fatal Error] :1:1: Premature end of file.
2025-08-12 21:46:47,996 [ERROR] LogOutputStream:75 - [STDERR_REDIRECT] 
2025-08-12 21:46:48,956 [ERROR] LogOutputStream:75 - [STDERR_REDIRECT] [Fatal Error] :1:1: Premature end of file.
2025-08-12 21:46:48,956 [ERROR] LogOutputStream:75 - [STDERR_REDIRECT] 
2025-08-12 21:46:49,990 [ERROR] LogOutputStream:75 - [STDERR_REDIRECT] [Fatal Error] :1:1: Premature end of file.
2025-08-12 21:46:49,990 [ERROR] LogOutputStream:75 - [STDERR_REDIRECT] 
2025-08-12 21:46:50,973 [ERROR] LogOutputStream:75 - [STDERR_REDIRECT] [Fatal Error] :1:1: Premature end of file.
2025-08-12 21:46:50,973 [ERROR] LogOutputStream:75 - [STDERR_REDIRECT] 
2025-08-12 21:46:51,978 [ERROR] LogOutputStream:75 - [STDERR_REDIRECT] [Fatal Error] :1:1: Premature end of file.
2025-08-12 21:46:51,978 [ERROR] LogOutputStream:75 - [STDERR_REDIRECT] 
2025-08-12 21:46:52,973 [ERROR] LogOutputStream:75 - [STDERR_REDIRECT] [Fatal Error] :1:1: Premature end of file.
2025-08-12 21:46:52,973 [ERROR] LogOutputStream:75 - [STDERR_REDIRECT] 
2025-08-12 21:46:53,980 [ERROR] LogOutputStream:75 - [STDERR_REDIRECT] [Fatal Error] :1:1: Premature end of file.
2025-08-12 21:46:53,980 [ERROR] LogOutputStream:75 - [STDERR_REDIRECT] 
2025-08-12 21:46:54,980 [ERROR] LogOutputStream:75 - [STDERR_REDIRECT] [Fatal Error] :1:1: Premature end of file.
2025-08-12 21:46:54,980 [ERROR] LogOutputStream:75 - [STDERR_REDIRECT] 
2025-08-12 21:46:55,988 [ERROR] LogOutputStream:75 - [STDERR_REDIRECT] [Fatal Error] :1:1: Premature end of file.
2025-08-12 21:46:55,989 [ERROR] LogOutputStream:75 - [STDERR_REDIRECT] 
2025-08-12 21:46:56,982 [ERROR] LogOutputStream:75 - [STDERR_REDIRECT] [Fatal Error] :1:1: Premature end of file.
2025-08-12 21:46:56,982 [ERROR] LogOutputStream:75 - [STDERR_REDIRECT] 
2025-08-12 21:46:57,982 [ERROR] LogOutputStream:75 - [STDERR_REDIRECT] [Fatal Error] :1:1: Premature end of file.
2025-08-12 21:46:57,982 [ERROR] LogOutputStream:75 - [STDERR_REDIRECT] 
2025-08-12 21:46:58,977 [ERROR] LogOutputStream:75 - [STDERR_REDIRECT] [Fatal Error] :1:1: Premature end of file.
2025-08-12 21:46:58,978 [ERROR] LogOutputStream:75 - [STDERR_REDIRECT] 
2025-08-12 21:46:59,979 [ERROR] LogOutputStream:75 - [STDERR_REDIRECT] [Fatal Error] :1:1: Premature end of file.
2025-08-12 21:46:59,979 [ERROR] LogOutputStream:75 - [STDERR_REDIRECT] 
2025-08-12 21:47:00,956 [ERROR] LogOutputStream:75 - [STDERR_REDIRECT] [Fatal Error] :1:1: Premature end of file.
2025-08-12 21:47:00,956 [ERROR] LogOutputStream:75 - [STDERR_REDIRECT] 
2025-08-12 21:47:01,984 [ERROR] LogOutputStream:75 - [STDERR_REDIRECT] [Fatal Error] :1:1: Premature end of file.
2025-08-12 21:47:01,984 [ERROR] LogOutputStream:75 - [STDERR_REDIRECT] 
2025-08-12 21:47:02,980 [ERROR] LogOutputStream:75 - [STDERR_REDIRECT] [Fatal Error] :1:1: Premature end of file.
2025-08-12 21:47:02,981 [ERROR] LogOutputStream:75 - [STDERR_REDIRECT] 
2025-08-12 21:47:03,972 [ERROR] LogOutputStream:75 - [STDERR_REDIRECT] [Fatal Error] :1:1: Premature end of file.
2025-08-12 21:47:03,972 [ERROR] LogOutputStream:75 - [STDERR_REDIRECT] 
2025-08-12 21:47:04,973 [ERROR] LogOutputStream:75 - [STDERR_REDIRECT] [Fatal Error] :1:1: Premature end of file.
2025-08-12 21:47:04,973 [ERROR] LogOutputStream:75 - [STDERR_REDIRECT] 
2025-08-12 21:47:05,986 [ERROR] LogOutputStream:75 - [STDERR_REDIRECT] [Fatal Error] :1:1: Premature end of file.
2025-08-12 21:47:05,986 [ERROR] LogOutputStream:75 - [STDERR_REDIRECT] 
2025-08-12 21:47:06,973 [ERROR] LogOutputStream:75 - [STDERR_REDIRECT] [Fatal Error] :1:1: Premature end of file.
2025-08-12 21:47:06,973 [ERROR] LogOutputStream:75 - [STDERR_REDIRECT] 
2025-08-12 21:47:07,985 [ERROR] LogOutputStream:75 - [STDERR_REDIRECT] [Fatal Error] :1:1: Premature end of file.
2025-08-12 21:47:07,985 [ERROR] LogOutputStream:75 - [STDERR_REDIRECT] 
2025-08-12 21:47:08,974 [ERROR] LogOutputStream:75 - [STDERR_REDIRECT] [Fatal Error] :1:1: Premature end of file.
2025-08-12 21:47:08,974 [ERROR] LogOutputStream:75 - [STDERR_REDIRECT] 
2025-08-12 21:47:09,971 [ERROR] LogOutputStream:75 - [STDERR_REDIRECT] [Fatal Error] :1:1: Premature end of file.
2025-08-12 21:47:09,971 [ERROR] LogOutputStream:75 - [STDERR_REDIRECT] 
2025-08-12 21:47:10,976 [ERROR] LogOutputStream:75 - [STDERR_REDIRECT] [Fatal Error] :1:1: Premature end of file.
2025-08-12 21:47:10,976 [ERROR] LogOutputStream:75 - [STDERR_REDIRECT] 
2025-08-12 21:47:11,978 [ERROR] LogOutputStream:75 - [STDERR_REDIRECT] [Fatal Error] :1:1: Premature end of file.
2025-08-12 21:47:11,979 [ERROR] LogOutputStream:75 - [STDERR_REDIRECT] 
2025-08-12 21:47:12,973 [ERROR] LogOutputStream:75 - [STDERR_REDIRECT] [Fatal Error] :1:1: Premature end of file.
2025-08-12 21:47:12,973 [ERROR] LogOutputStream:75 - [STDERR_REDIRECT] 
2025-08-12 21:47:13,981 [ERROR] LogOutputStream:75 - [STDERR_REDIRECT] [Fatal Error] :1:1: Premature end of file.
2025-08-12 21:47:13,981 [ERROR] LogOutputStream:75 - [STDERR_REDIRECT] 
2025-08-12 21:47:14,980 [ERROR] LogOutputStream:75 - [STDERR_REDIRECT] [Fatal Error] :1:1: Premature end of file.
2025-08-12 21:47:14,980 [ERROR] LogOutputStream:75 - [STDERR_REDIRECT] 
2025-08-12 21:47:15,990 [ERROR] LogOutputStream:75 - [STDERR_REDIRECT] [Fatal Error] :1:1: Premature end of file.
2025-08-12 21:47:15,990 [ERROR] LogOutputStream:75 - [STDERR_REDIRECT] 
2025-08-12 21:47:16,972 [ERROR] LogOutputStream:75 - [STDERR_REDIRECT] [Fatal Error] :1:1: Premature end of file.
2025-08-12 21:47:16,972 [ERROR] LogOutputStream:75 - [STDERR_REDIRECT] 
2025-08-12 21:47:17,981 [ERROR] LogOutputStream:75 - [STDERR_REDIRECT] [Fatal Error] :1:1: Premature end of file.
2025-08-12 21:47:17,981 [ERROR] LogOutputStream:75 - [STDERR_REDIRECT] 
2025-08-12 21:47:18,972 [ERROR] LogOutputStream:75 - [STDERR_REDIRECT] [Fatal Error] :1:1: Premature end of file.
2025-08-12 21:47:18,972 [ERROR] LogOutputStream:75 - [STDERR_REDIRECT] 
2025-08-12 21:47:19,993 [ERROR] LogOutputStream:75 - [STDERR_REDIRECT] [Fatal Error] :1:1: Premature end of file.
2025-08-12 21:47:19,993 [ERROR] LogOutputStream:75 - [STDERR_REDIRECT] 
2025-08-12 21:47:20,983 [ERROR] LogOutputStream:75 - [STDERR_REDIRECT] [Fatal Error] :1:1: Premature end of file.
2025-08-12 21:47:20,983 [ERROR] LogOutputStream:75 - [STDERR_REDIRECT] 
2025-08-12 21:47:21,974 [ERROR] LogOutputStream:75 - [STDERR_REDIRECT] [Fatal Error] :1:1: Premature end of file.
2025-08-12 21:47:21,974 [ERROR] LogOutputStream:75 - [STDERR_REDIRECT] 
2025-08-12 21:47:22,979 [ERROR] LogOutputStream:75 - [STDERR_REDIRECT] [Fatal Error] :1:1: Premature end of file.
2025-08-12 21:47:22,979 [ERROR] LogOutputStream:75 - [STDERR_REDIRECT] 
2025-08-12 21:47:23,993 [ERROR] LogOutputStream:75 - [STDERR_REDIRECT] [Fatal Error] :1:1: Premature end of file.
2025-08-12 21:47:23,994 [ERROR] LogOutputStream:75 - [STDERR_REDIRECT] 
2025-08-12 21:47:24,992 [ERROR] LogOutputStream:75 - [STDERR_REDIRECT] [Fatal Error] :1:1: Premature end of file.
2025-08-12 21:47:24,993 [ERROR] LogOutputStream:75 - [STDERR_REDIRECT] 
2025-08-12 21:47:25,978 [ERROR] LogOutputStream:75 - [STDERR_REDIRECT] [Fatal Error] :1:1: Premature end of file.
2025-08-12 21:47:25,978 [ERROR] LogOutputStream:75 - [STDERR_REDIRECT] 
2025-08-12 21:47:26,975 [ERROR] LogOutputStream:75 - [STDERR_REDIRECT] [Fatal Error] :1:1: Premature end of file.
2025-08-12 21:47:26,975 [ERROR] LogOutputStream:75 - [STDERR_REDIRECT] 
2025-08-12 21:47:27,978 [ERROR] LogOutputStream:75 - [STDERR_REDIRECT] [Fatal Error] :1:1: Premature end of file.
2025-08-12 21:47:27,978 [ERROR] LogOutputStream:75 - [STDERR_REDIRECT] 
2025-08-12 21:47:28,982 [ERROR] LogOutputStream:75 - [STDERR_REDIRECT] [Fatal Error] :1:1: Premature end of file.
2025-08-12 21:47:28,983 [ERROR] LogOutputStream:75 - [STDERR_REDIRECT] 
2025-08-12 21:47:29,979 [ERROR] LogOutputStream:75 - [STDERR_REDIRECT] [Fatal Error] :1:1: Premature end of file.
2025-08-12 21:47:29,979 [ERROR] LogOutputStream:75 - [STDERR_REDIRECT] 
2025-08-12 21:47:30,982 [ERROR] LogOutputStream:75 - [STDERR_REDIRECT] [Fatal Error] :1:1: Premature end of file.
2025-08-12 21:47:30,982 [ERROR] LogOutputStream:75 - [STDERR_REDIRECT] 
2025-08-12 21:47:31,993 [ERROR] LogOutputStream:75 - [STDERR_REDIRECT] [Fatal Error] :1:1: Premature end of file.
2025-08-12 21:47:31,993 [ERROR] LogOutputStream:75 - [STDERR_REDIRECT] 
2025-08-12 21:47:32,975 [ERROR] LogOutputStream:75 - [STDERR_REDIRECT] [Fatal Error] :1:1: Premature end of file.
2025-08-12 21:47:32,975 [ERROR] LogOutputStream:75 - [STDERR_REDIRECT] 
2025-08-12 21:47:33,975 [ERROR] LogOutputStream:75 - [STDERR_REDIRECT] [Fatal Error] :1:1: Premature end of file.
2025-08-12 21:47:33,975 [ERROR] LogOutputStream:75 - [STDERR_REDIRECT] 
2025-08-12 21:47:34,972 [ERROR] LogOutputStream:75 - [STDERR_REDIRECT] [Fatal Error] :1:1: Premature end of file.
2025-08-12 21:47:34,972 [ERROR] LogOutputStream:75 - [STDERR_REDIRECT] 
2025-08-12 21:47:35,985 [ERROR] LogOutputStream:75 - [STDERR_REDIRECT] [Fatal Error] :1:1: Premature end of file.
2025-08-12 21:47:35,985 [ERROR] LogOutputStream:75 - [STDERR_REDIRECT] 
2025-08-12 21:47:36,975 [ERROR] LogOutputStream:75 - [STDERR_REDIRECT] [Fatal Error] :1:1: Premature end of file.
2025-08-12 21:47:36,975 [ERROR] LogOutputStream:75 - [STDERR_REDIRECT] 
2025-08-12 21:47:37,986 [ERROR] LogOutputStream:75 - [STDERR_REDIRECT] [Fatal Error] :1:1: Premature end of file.
2025-08-12 21:47:37,986 [ERROR] LogOutputStream:75 - [STDERR_REDIRECT] 
2025-08-12 21:47:38,982 [ERROR] LogOutputStream:75 - [STDERR_REDIRECT] [Fatal Error] :1:1: Premature end of file.
2025-08-12 21:47:38,982 [ERROR] LogOutputStream:75 - [STDERR_REDIRECT] 
2025-08-12 21:47:39,974 [ERROR] LogOutputStream:75 - [STDERR_REDIRECT] [Fatal Error] :1:1: Premature end of file.
2025-08-12 21:47:39,974 [ERROR] LogOutputStream:75 - [STDERR_REDIRECT] 
2025-08-12 21:47:40,972 [ERROR] LogOutputStream:75 - [STDERR_REDIRECT] [Fatal Error] :1:1: Premature end of file.
2025-08-12 21:47:40,972 [ERROR] LogOutputStream:75 - [STDERR_REDIRECT] 
2025-08-12 21:47:41,994 [ERROR] LogOutputStream:75 - [STDERR_REDIRECT] [Fatal Error] :1:1: Premature end of file.
2025-08-12 21:47:41,994 [ERROR] LogOutputStream:75 - [STDERR_REDIRECT] 
2025-08-12 21:47:42,976 [ERROR] LogOutputStream:75 - [STDERR_REDIRECT] [Fatal Error] :1:1: Premature end of file.
2025-08-12 21:47:42,976 [ERROR] LogOutputStream:75 - [STDERR_REDIRECT] 
2025-08-12 21:47:43,974 [ERROR] LogOutputStream:75 - [STDERR_REDIRECT] [Fatal Error] :1:1: Premature end of file.
2025-08-12 21:47:43,974 [ERROR] LogOutputStream:75 - [STDERR_REDIRECT] 
2025-08-12 21:47:44,980 [ERROR] LogOutputStream:75 - [STDERR_REDIRECT] [Fatal Error] :1:1: Premature end of file.
2025-08-12 21:47:44,980 [ERROR] LogOutputStream:75 - [STDERR_REDIRECT] 
2025-08-12 21:47:45,985 [ERROR] LogOutputStream:75 - [STDERR_REDIRECT] [Fatal Error] :1:1: Premature end of file.
2025-08-12 21:47:45,985 [ERROR] LogOutputStream:75 - [STDERR_REDIRECT] 
2025-08-12 21:47:46,972 [ERROR] LogOutputStream:75 - [STDERR_REDIRECT] [Fatal Error] :1:1: Premature end of file.
2025-08-12 21:47:46,972 [ERROR] LogOutputStream:75 - [STDERR_REDIRECT] 
2025-08-12 21:47:47,976 [ERROR] LogOutputStream:75 - [STDERR_REDIRECT] [Fatal Error] :1:1: Premature end of file.
2025-08-12 21:47:47,976 [ERROR] LogOutputStream:75 - [STDERR_REDIRECT] 
2025-08-12 21:47:48,982 [ERROR] LogOutputStream:75 - [STDERR_REDIRECT] [Fatal Error] :1:1: Premature end of file.
2025-08-12 21:47:48,982 [ERROR] LogOutputStream:75 - [STDERR_REDIRECT] 
2025-08-12 21:47:49,993 [ERROR] LogOutputStream:75 - [STDERR_REDIRECT] [Fatal Error] :1:1: Premature end of file.
2025-08-12 21:47:49,993 [ERROR] LogOutputStream:75 - [STDERR_REDIRECT] 
2025-08-12 21:47:50,983 [ERROR] LogOutputStream:75 - [STDERR_REDIRECT] [Fatal Error] :1:1: Premature end of file.
2025-08-12 21:47:50,983 [ERROR] LogOutputStream:75 - [STDERR_REDIRECT] 
2025-08-12 21:47:51,960 [ERROR] LogOutputStream:75 - [STDERR_REDIRECT] [Fatal Error] :1:1: Premature end of file.
2025-08-12 21:47:51,960 [ERROR] LogOutputStream:75 - [STDERR_REDIRECT] 
2025-08-12 21:47:52,978 [ERROR] LogOutputStream:75 - [STDERR_REDIRECT] [Fatal Error] :1:1: Premature end of file.
2025-08-12 21:47:52,978 [ERROR] LogOutputStream:75 - [STDERR_REDIRECT] 
2025-08-12 21:47:54,012 [ERROR] LogOutputStream:75 - [STDERR_REDIRECT] [Fatal Error] :1:1: Premature end of file.
2025-08-12 21:47:54,012 [ERROR] LogOutputStream:75 - [STDERR_REDIRECT] 
2025-08-12 21:47:54,979 [ERROR] LogOutputStream:75 - [STDERR_REDIRECT] [Fatal Error] :1:1: Premature end of file.
2025-08-12 21:47:54,979 [ERROR] LogOutputStream:75 - [STDERR_REDIRECT] 
2025-08-12 21:47:55,987 [ERROR] LogOutputStream:75 - [STDERR_REDIRECT] [Fatal Error] :1:1: Premature end of file.
2025-08-12 21:47:55,987 [ERROR] LogOutputStream:75 - [STDERR_REDIRECT] 
2025-08-12 21:47:56,997 [ERROR] LogOutputStream:75 - [STDERR_REDIRECT] [Fatal Error] :1:1: Premature end of file.
2025-08-12 21:47:56,997 [ERROR] LogOutputStream:75 - [STDERR_REDIRECT] 
2025-08-12 21:47:57,977 [ERROR] LogOutputStream:75 - [STDERR_REDIRECT] [Fatal Error] :1:1: Premature end of file.
2025-08-12 21:47:57,977 [ERROR] LogOutputStream:75 - [STDERR_REDIRECT] 
2025-08-12 21:47:58,968 [ERROR] LogOutputStream:75 - [STDERR_REDIRECT] [Fatal Error] :1:1: Premature end of file.
2025-08-12 21:47:58,968 [ERROR] LogOutputStream:75 - [STDERR_REDIRECT] 
2025-08-12 21:47:59,972 [ERROR] LogOutputStream:75 - [STDERR_REDIRECT] [Fatal Error] :1:1: Premature end of file.
2025-08-12 21:47:59,973 [ERROR] LogOutputStream:75 - [STDERR_REDIRECT] 
2025-08-12 21:48:00,974 [ERROR] LogOutputStream:75 - [STDERR_REDIRECT] [Fatal Error] :1:1: Premature end of file.
2025-08-12 21:48:00,974 [ERROR] LogOutputStream:75 - [STDERR_REDIRECT] 
2025-08-12 21:48:01,985 [ERROR] LogOutputStream:75 - [STDERR_REDIRECT] [Fatal Error] :1:1: Premature end of file.
2025-08-12 21:48:01,985 [ERROR] LogOutputStream:75 - [STDERR_REDIRECT] 
2025-08-12 21:48:02,982 [ERROR] LogOutputStream:75 - [STDERR_REDIRECT] [Fatal Error] :1:1: Premature end of file.
2025-08-12 21:48:02,982 [ERROR] LogOutputStream:75 - [STDERR_REDIRECT] 
2025-08-12 21:48:03,976 [ERROR] LogOutputStream:75 - [STDERR_REDIRECT] [Fatal Error] :1:1: Premature end of file.
2025-08-12 21:48:03,976 [ERROR] LogOutputStream:75 - [STDERR_REDIRECT] 
2025-08-12 21:48:04,983 [ERROR] LogOutputStream:75 - [STDERR_REDIRECT] [Fatal Error] :1:1: Premature end of file.
2025-08-12 21:48:04,984 [ERROR] LogOutputStream:75 - [STDERR_REDIRECT] 
2025-08-12 21:48:05,975 [ERROR] LogOutputStream:75 - [STDERR_REDIRECT] [Fatal Error] :1:1: Premature end of file.
2025-08-12 21:48:05,975 [ERROR] LogOutputStream:75 - [STDERR_REDIRECT] 
2025-08-12 21:48:06,983 [ERROR] LogOutputStream:75 - [STDERR_REDIRECT] [Fatal Error] :1:1: Premature end of file.
2025-08-12 21:48:06,983 [ERROR] LogOutputStream:75 - [STDERR_REDIRECT] 
2025-08-12 21:48:07,979 [ERROR] LogOutputStream:75 - [STDERR_REDIRECT] [Fatal Error] :1:1: Premature end of file.
2025-08-12 21:48:07,979 [ERROR] LogOutputStream:75 - [STDERR_REDIRECT] 
2025-08-12 21:48:08,976 [ERROR] LogOutputStream:75 - [STDERR_REDIRECT] [Fatal Error] :1:1: Premature end of file.
2025-08-12 21:48:08,976 [ERROR] LogOutputStream:75 - [STDERR_REDIRECT] 
2025-08-12 21:48:09,977 [ERROR] LogOutputStream:75 - [STDERR_REDIRECT] [Fatal Error] :1:1: Premature end of file.
2025-08-12 21:48:09,977 [ERROR] LogOutputStream:75 - [STDERR_REDIRECT] 
2025-08-12 21:48:10,982 [ERROR] LogOutputStream:75 - [STDERR_REDIRECT] [Fatal Error] :1:1: Premature end of file.
2025-08-12 21:48:10,983 [ERROR] LogOutputStream:75 - [STDERR_REDIRECT] 
2025-08-12 21:48:11,957 [ERROR] LogOutputStream:75 - [STDERR_REDIRECT] [Fatal Error] :1:1: Premature end of file.
2025-08-12 21:48:11,957 [ERROR] LogOutputStream:75 - [STDERR_REDIRECT] 
2025-08-12 21:48:12,976 [ERROR] LogOutputStream:75 - [STDERR_REDIRECT] [Fatal Error] :1:1: Premature end of file.
2025-08-12 21:48:12,976 [ERROR] LogOutputStream:75 - [STDERR_REDIRECT] 
2025-08-12 21:48:13,975 [ERROR] LogOutputStream:75 - [STDERR_REDIRECT] [Fatal Error] :1:1: Premature end of file.
2025-08-12 21:48:13,975 [ERROR] LogOutputStream:75 - [STDERR_REDIRECT] 
2025-08-12 21:48:14,978 [ERROR] LogOutputStream:75 - [STDERR_REDIRECT] [Fatal Error] :1:1: Premature end of file.
2025-08-12 21:48:14,979 [ERROR] LogOutputStream:75 - [STDERR_REDIRECT] 
2025-08-12 21:48:15,993 [ERROR] LogOutputStream:75 - [STDERR_REDIRECT] [Fatal Error] :1:1: Premature end of file.
2025-08-12 21:48:15,993 [ERROR] LogOutputStream:75 - [STDERR_REDIRECT] 
2025-08-12 21:48:16,983 [ERROR] LogOutputStream:75 - [STDERR_REDIRECT] [Fatal Error] :1:1: Premature end of file.
2025-08-12 21:48:16,983 [ERROR] LogOutputStream:75 - [STDERR_REDIRECT] 
2025-08-12 21:48:17,981 [ERROR] LogOutputStream:75 - [STDERR_REDIRECT] [Fatal Error] :1:1: Premature end of file.
2025-08-12 21:48:17,981 [ERROR] LogOutputStream:75 - [STDERR_REDIRECT] 
2025-08-12 21:48:18,980 [ERROR] LogOutputStream:75 - [STDERR_REDIRECT] [Fatal Error] :1:1: Premature end of file.
2025-08-12 21:48:18,980 [ERROR] LogOutputStream:75 - [STDERR_REDIRECT] 
2025-08-12 21:48:19,967 [ERROR] LogOutputStream:75 - [STDERR_REDIRECT] [Fatal Error] :1:1: Premature end of file.
2025-08-12 21:48:19,967 [ERROR] LogOutputStream:75 - [STDERR_REDIRECT] 
2025-08-12 21:48:20,973 [ERROR] LogOutputStream:75 - [STDERR_REDIRECT] [Fatal Error] :1:1: Premature end of file.
2025-08-12 21:48:20,973 [ERROR] LogOutputStream:75 - [STDERR_REDIRECT] 
2025-08-12 21:48:21,995 [ERROR] LogOutputStream:75 - [STDERR_REDIRECT] [Fatal Error] :1:1: Premature end of file.
2025-08-12 21:48:21,995 [ERROR] LogOutputStream:75 - [STDERR_REDIRECT] 
2025-08-12 21:48:22,972 [ERROR] LogOutputStream:75 - [STDERR_REDIRECT] [Fatal Error] :1:1: Premature end of file.
2025-08-12 21:48:22,972 [ERROR] LogOutputStream:75 - [STDERR_REDIRECT] 
2025-08-12 21:48:23,972 [ERROR] LogOutputStream:75 - [STDERR_REDIRECT] [Fatal Error] :1:1: Premature end of file.
2025-08-12 21:48:23,972 [ERROR] LogOutputStream:75 - [STDERR_REDIRECT] 
2025-08-12 21:48:24,972 [ERROR] LogOutputStream:75 - [STDERR_REDIRECT] [Fatal Error] :1:1: Premature end of file.
2025-08-12 21:48:24,972 [ERROR] LogOutputStream:75 - [STDERR_REDIRECT] 
2025-08-12 21:48:25,975 [ERROR] LogOutputStream:75 - [STDERR_REDIRECT] [Fatal Error] :1:1: Premature end of file.
2025-08-12 21:48:25,975 [ERROR] LogOutputStream:75 - [STDERR_REDIRECT] 
2025-08-12 21:48:26,984 [ERROR] LogOutputStream:75 - [STDERR_REDIRECT] [Fatal Error] :1:1: Premature end of file.
2025-08-12 21:48:26,985 [ERROR] LogOutputStream:75 - [STDERR_REDIRECT] 
2025-08-12 21:48:27,981 [ERROR] LogOutputStream:75 - [STDERR_REDIRECT] [Fatal Error] :1:1: Premature end of file.
2025-08-12 21:48:27,981 [ERROR] LogOutputStream:75 - [STDERR_REDIRECT] 
2025-08-12 21:48:28,975 [ERROR] LogOutputStream:75 - [STDERR_REDIRECT] [Fatal Error] :1:1: Premature end of file.
2025-08-12 21:48:28,975 [ERROR] LogOutputStream:75 - [STDERR_REDIRECT] 
2025-08-12 21:48:29,976 [ERROR] LogOutputStream:75 - [STDERR_REDIRECT] [Fatal Error] :1:1: Premature end of file.
2025-08-12 21:48:29,976 [ERROR] LogOutputStream:75 - [STDERR_REDIRECT] 
2025-08-12 21:48:30,981 [ERROR] LogOutputStream:75 - [STDERR_REDIRECT] [Fatal Error] :1:1: Premature end of file.
2025-08-12 21:48:30,981 [ERROR] LogOutputStream:75 - [STDERR_REDIRECT] 
2025-08-12 21:48:31,976 [ERROR] LogOutputStream:75 - [STDERR_REDIRECT] [Fatal Error] :1:1: Premature end of file.
2025-08-12 21:48:31,976 [ERROR] LogOutputStream:75 - [STDERR_REDIRECT] 
2025-08-12 21:48:32,982 [ERROR] LogOutputStream:75 - [STDERR_REDIRECT] [Fatal Error] :1:1: Premature end of file.
2025-08-12 21:48:32,982 [ERROR] LogOutputStream:75 - [STDERR_REDIRECT] 
2025-08-12 21:48:33,995 [ERROR] LogOutputStream:75 - [STDERR_REDIRECT] [Fatal Error] :1:1: Premature end of file.
2025-08-12 21:48:33,995 [ERROR] LogOutputStream:75 - [STDERR_REDIRECT] 
2025-08-12 21:48:34,980 [ERROR] LogOutputStream:75 - [STDERR_REDIRECT] [Fatal Error] :1:1: Premature end of file.
2025-08-12 21:48:34,981 [ERROR] LogOutputStream:75 - [STDERR_REDIRECT] 
2025-08-12 21:48:35,975 [ERROR] LogOutputStream:75 - [STDERR_REDIRECT] [Fatal Error] :1:1: Premature end of file.
2025-08-12 21:48:35,975 [ERROR] LogOutputStream:75 - [STDERR_REDIRECT] 
2025-08-12 21:48:36,984 [ERROR] LogOutputStream:75 - [STDERR_REDIRECT] [Fatal Error] :1:1: Premature end of file.
2025-08-12 21:48:36,984 [ERROR] LogOutputStream:75 - [STDERR_REDIRECT] 
2025-08-12 21:48:37,972 [ERROR] LogOutputStream:75 - [STDERR_REDIRECT] [Fatal Error] :1:1: Premature end of file.
2025-08-12 21:48:37,972 [ERROR] LogOutputStream:75 - [STDERR_REDIRECT] 
2025-08-12 21:48:38,974 [ERROR] LogOutputStream:75 - [STDERR_REDIRECT] [Fatal Error] :1:1: Premature end of file.
2025-08-12 21:48:38,974 [ERROR] LogOutputStream:75 - [STDERR_REDIRECT] 
2025-08-12 21:48:39,992 [ERROR] LogOutputStream:75 - [STDERR_REDIRECT] [Fatal Error] :1:1: Premature end of file.
2025-08-12 21:48:39,992 [ERROR] LogOutputStream:75 - [STDERR_REDIRECT] 
2025-08-12 21:48:40,977 [ERROR] LogOutputStream:75 - [STDERR_REDIRECT] [Fatal Error] :1:1: Premature end of file.
2025-08-12 21:48:40,978 [ERROR] LogOutputStream:75 - [STDERR_REDIRECT] 
2025-08-12 21:48:41,975 [ERROR] LogOutputStream:75 - [STDERR_REDIRECT] [Fatal Error] :1:1: Premature end of file.
2025-08-12 21:48:41,975 [ERROR] LogOutputStream:75 - [STDERR_REDIRECT] 
2025-08-12 21:48:42,974 [ERROR] LogOutputStream:75 - [STDERR_REDIRECT] [Fatal Error] :1:1: Premature end of file.
2025-08-12 21:48:42,974 [ERROR] LogOutputStream:75 - [STDERR_REDIRECT] 
2025-08-12 21:48:43,979 [ERROR] LogOutputStream:75 - [STDERR_REDIRECT] [Fatal Error] :1:1: Premature end of file.
2025-08-12 21:48:43,979 [ERROR] LogOutputStream:75 - [STDERR_REDIRECT] 
2025-08-12 21:48:44,965 [ERROR] LogOutputStream:75 - [STDERR_REDIRECT] [Fatal Error] :1:1: Premature end of file.
2025-08-12 21:48:44,965 [ERROR] LogOutputStream:75 - [STDERR_REDIRECT] 
2025-08-12 21:48:45,963 [ERROR] LogOutputStream:75 - [STDERR_REDIRECT] [Fatal Error] :1:1: Premature end of file.
2025-08-12 21:48:45,963 [ERROR] LogOutputStream:75 - [STDERR_REDIRECT] 
2025-08-12 21:48:46,974 [ERROR] LogOutputStream:75 - [STDERR_REDIRECT] [Fatal Error] :1:1: Premature end of file.
2025-08-12 21:48:46,974 [ERROR] LogOutputStream:75 - [STDERR_REDIRECT] 
2025-08-12 21:48:47,972 [ERROR] LogOutputStream:75 - [STDERR_REDIRECT] [Fatal Error] :1:1: Premature end of file.
2025-08-12 21:48:47,973 [ERROR] LogOutputStream:75 - [STDERR_REDIRECT] 
2025-08-12 21:48:48,981 [ERROR] LogOutputStream:75 - [STDERR_REDIRECT] [Fatal Error] :1:1: Premature end of file.
2025-08-12 21:48:48,982 [ERROR] LogOutputStream:75 - [STDERR_REDIRECT] 
2025-08-12 21:48:49,995 [ERROR] LogOutputStream:75 - [STDERR_REDIRECT] [Fatal Error] :1:1: Premature end of file.
2025-08-12 21:48:49,995 [ERROR] LogOutputStream:75 - [STDERR_REDIRECT] 
2025-08-12 21:48:50,981 [ERROR] LogOutputStream:75 - [STDERR_REDIRECT] [Fatal Error] :1:1: Premature end of file.
2025-08-12 21:48:50,981 [ERROR] LogOutputStream:75 - [STDERR_REDIRECT] 
2025-08-12 21:48:51,975 [ERROR] LogOutputStream:75 - [STDERR_REDIRECT] [Fatal Error] :1:1: Premature end of file.
2025-08-12 21:48:51,975 [ERROR] LogOutputStream:75 - [STDERR_REDIRECT] 
2025-08-12 21:48:52,988 [ERROR] LogOutputStream:75 - [STDERR_REDIRECT] [Fatal Error] :1:1: Premature end of file.
2025-08-12 21:48:52,988 [ERROR] LogOutputStream:75 - [STDERR_REDIRECT] 
2025-08-12 21:48:53,983 [ERROR] LogOutputStream:75 - [STDERR_REDIRECT] [Fatal Error] :1:1: Premature end of file.
2025-08-12 21:48:53,983 [ERROR] LogOutputStream:75 - [STDERR_REDIRECT] 
2025-08-12 21:48:54,957 [ERROR] LogOutputStream:75 - [STDERR_REDIRECT] [Fatal Error] :1:1: Premature end of file.
2025-08-12 21:48:54,957 [ERROR] LogOutputStream:75 - [STDERR_REDIRECT] 
2025-08-12 21:48:55,984 [ERROR] LogOutputStream:75 - [STDERR_REDIRECT] [Fatal Error] :1:1: Premature end of file.
2025-08-12 21:48:55,984 [ERROR] LogOutputStream:75 - [STDERR_REDIRECT] 
2025-08-12 21:48:56,982 [ERROR] LogOutputStream:75 - [STDERR_REDIRECT] [Fatal Error] :1:1: Premature end of file.
2025-08-12 21:48:56,982 [ERROR] LogOutputStream:75 - [STDERR_REDIRECT] 
2025-08-12 21:48:57,974 [ERROR] LogOutputStream:75 - [STDERR_REDIRECT] [Fatal Error] :1:1: Premature end of file.
2025-08-12 21:48:57,974 [ERROR] LogOutputStream:75 - [STDERR_REDIRECT] 
2025-08-12 21:48:58,989 [ERROR] LogOutputStream:75 - [STDERR_REDIRECT] [Fatal Error] :1:1: Premature end of file.
2025-08-12 21:48:58,989 [ERROR] LogOutputStream:75 - [STDERR_REDIRECT] 
2025-08-12 21:48:59,978 [ERROR] LogOutputStream:75 - [STDERR_REDIRECT] [Fatal Error] :1:1: Premature end of file.
2025-08-12 21:48:59,978 [ERROR] LogOutputStream:75 - [STDERR_REDIRECT] 
2025-08-12 21:49:00,981 [ERROR] LogOutputStream:75 - [STDERR_REDIRECT] [Fatal Error] :1:1: Premature end of file.
2025-08-12 21:49:00,981 [ERROR] LogOutputStream:75 - [STDERR_REDIRECT] 
2025-08-12 21:49:01,983 [ERROR] LogOutputStream:75 - [STDERR_REDIRECT] [Fatal Error] :1:1: Premature end of file.
2025-08-12 21:49:01,983 [ERROR] LogOutputStream:75 - [STDERR_REDIRECT] 
2025-08-12 21:49:02,972 [ERROR] LogOutputStream:75 - [STDERR_REDIRECT] [Fatal Error] :1:1: Premature end of file.
2025-08-12 21:49:02,972 [ERROR] LogOutputStream:75 - [STDERR_REDIRECT] 
2025-08-12 21:49:03,992 [ERROR] LogOutputStream:75 - [STDERR_REDIRECT] [Fatal Error] :1:1: Premature end of file.
2025-08-12 21:49:03,992 [ERROR] LogOutputStream:75 - [STDERR_REDIRECT] 
2025-08-12 21:49:04,975 [ERROR] LogOutputStream:75 - [STDERR_REDIRECT] [Fatal Error] :1:1: Premature end of file.
2025-08-12 21:49:04,975 [ERROR] LogOutputStream:75 - [STDERR_REDIRECT] 
2025-08-12 21:49:05,988 [ERROR] LogOutputStream:75 - [STDERR_REDIRECT] [Fatal Error] :1:1: Premature end of file.
2025-08-12 21:49:05,988 [ERROR] LogOutputStream:75 - [STDERR_REDIRECT] 
2025-08-12 21:49:06,972 [ERROR] LogOutputStream:75 - [STDERR_REDIRECT] [Fatal Error] :1:1: Premature end of file.
2025-08-12 21:49:06,972 [ERROR] LogOutputStream:75 - [STDERR_REDIRECT] 
2025-08-12 21:49:07,998 [ERROR] LogOutputStream:75 - [STDERR_REDIRECT] [Fatal Error] :1:1: Premature end of file.
2025-08-12 21:49:07,998 [ERROR] LogOutputStream:75 - [STDERR_REDIRECT] 
2025-08-12 21:49:08,981 [ERROR] LogOutputStream:75 - [STDERR_REDIRECT] [Fatal Error] :1:1: Premature end of file.
2025-08-12 21:49:08,981 [ERROR] LogOutputStream:75 - [STDERR_REDIRECT] 
2025-08-12 21:49:09,982 [ERROR] LogOutputStream:75 - [STDERR_REDIRECT] [Fatal Error] :1:1: Premature end of file.
2025-08-12 21:49:09,982 [ERROR] LogOutputStream:75 - [STDERR_REDIRECT] 
2025-08-12 21:49:10,979 [ERROR] LogOutputStream:75 - [STDERR_REDIRECT] [Fatal Error] :1:1: Premature end of file.
2025-08-12 21:49:10,979 [ERROR] LogOutputStream:75 - [STDERR_REDIRECT] 
2025-08-12 21:49:11,980 [ERROR] LogOutputStream:75 - [STDERR_REDIRECT] [Fatal Error] :1:1: Premature end of file.
2025-08-12 21:49:11,980 [ERROR] LogOutputStream:75 - [STDERR_REDIRECT] 
2025-08-12 21:49:12,972 [ERROR] LogOutputStream:75 - [STDERR_REDIRECT] [Fatal Error] :1:1: Premature end of file.
2025-08-12 21:49:12,972 [ERROR] LogOutputStream:75 - [STDERR_REDIRECT] 
2025-08-12 21:49:13,984 [ERROR] LogOutputStream:75 - [STDERR_REDIRECT] [Fatal Error] :1:1: Premature end of file.
2025-08-12 21:49:13,984 [ERROR] LogOutputStream:75 - [STDERR_REDIRECT] 
2025-08-12 21:49:14,982 [ERROR] LogOutputStream:75 - [STDERR_REDIRECT] [Fatal Error] :1:1: Premature end of file.
2025-08-12 21:49:14,982 [ERROR] LogOutputStream:75 - [STDERR_REDIRECT] 
2025-08-12 21:49:15,972 [ERROR] LogOutputStream:75 - [STDERR_REDIRECT] [Fatal Error] :1:1: Premature end of file.
2025-08-12 21:49:15,972 [ERROR] LogOutputStream:75 - [STDERR_REDIRECT] 
2025-08-12 21:49:16,973 [ERROR] LogOutputStream:75 - [STDERR_REDIRECT] [Fatal Error] :1:1: Premature end of file.
2025-08-12 21:49:16,973 [ERROR] LogOutputStream:75 - [STDERR_REDIRECT] 
2025-08-12 21:49:17,992 [ERROR] LogOutputStream:75 - [STDERR_REDIRECT] [Fatal Error] :1:1: Premature end of file.
2025-08-12 21:49:17,992 [ERROR] LogOutputStream:75 - [STDERR_REDIRECT] 
2025-08-12 21:49:18,958 [ERROR] LogOutputStream:75 - [STDERR_REDIRECT] [Fatal Error] :1:1: Premature end of file.
2025-08-12 21:49:18,958 [ERROR] LogOutputStream:75 - [STDERR_REDIRECT] 
2025-08-12 21:49:19,973 [ERROR] LogOutputStream:75 - [STDERR_REDIRECT] [Fatal Error] :1:1: Premature end of file.
2025-08-12 21:49:19,973 [ERROR] LogOutputStream:75 - [STDERR_REDIRECT] 
2025-08-12 21:49:20,983 [ERROR] LogOutputStream:75 - [STDERR_REDIRECT] [Fatal Error] :1:1: Premature end of file.
2025-08-12 21:49:20,984 [ERROR] LogOutputStream:75 - [STDERR_REDIRECT] 
2025-08-12 21:49:21,981 [ERROR] LogOutputStream:75 - [STDERR_REDIRECT] [Fatal Error] :1:1: Premature end of file.
2025-08-12 21:49:21,982 [ERROR] LogOutputStream:75 - [STDERR_REDIRECT] 
2025-08-12 21:49:22,980 [ERROR] LogOutputStream:75 - [STDERR_REDIRECT] [Fatal Error] :1:1: Premature end of file.
2025-08-12 21:49:22,980 [ERROR] LogOutputStream:75 - [STDERR_REDIRECT] 
2025-08-12 21:49:23,978 [ERROR] LogOutputStream:75 - [STDERR_REDIRECT] [Fatal Error] :1:1: Premature end of file.
2025-08-12 21:49:23,978 [ERROR] LogOutputStream:75 - [STDERR_REDIRECT] 
2025-08-12 21:49:24,973 [ERROR] LogOutputStream:75 - [STDERR_REDIRECT] [Fatal Error] :1:1: Premature end of file.
2025-08-12 21:49:24,973 [ERROR] LogOutputStream:75 - [STDERR_REDIRECT] 
2025-08-12 21:49:25,972 [ERROR] LogOutputStream:75 - [STDERR_REDIRECT] [Fatal Error] :1:1: Premature end of file.
2025-08-12 21:49:25,972 [ERROR] LogOutputStream:75 - [STDERR_REDIRECT] 
2025-08-12 21:49:26,976 [ERROR] LogOutputStream:75 - [STDERR_REDIRECT] [Fatal Error] :1:1: Premature end of file.
2025-08-12 21:49:26,976 [ERROR] LogOutputStream:75 - [STDERR_REDIRECT] 
2025-08-12 21:49:27,969 [ERROR] LogOutputStream:75 - [STDERR_REDIRECT] [Fatal Error] :1:1: Premature end of file.
2025-08-12 21:49:27,969 [ERROR] LogOutputStream:75 - [STDERR_REDIRECT] 
2025-08-12 21:49:28,979 [ERROR] LogOutputStream:75 - [STDERR_REDIRECT] [Fatal Error] :1:1: Premature end of file.
2025-08-12 21:49:28,980 [ERROR] LogOutputStream:75 - [STDERR_REDIRECT] 
2025-08-12 21:49:29,966 [ERROR] LogOutputStream:75 - [STDERR_REDIRECT] [Fatal Error] :1:1: Premature end of file.
2025-08-12 21:49:29,966 [ERROR] LogOutputStream:75 - [STDERR_REDIRECT] 
2025-08-12 21:49:30,975 [ERROR] LogOutputStream:75 - [STDERR_REDIRECT] [Fatal Error] :1:1: Premature end of file.
2025-08-12 21:49:30,975 [ERROR] LogOutputStream:75 - [STDERR_REDIRECT] 
2025-08-12 21:49:31,974 [ERROR] LogOutputStream:75 - [STDERR_REDIRECT] [Fatal Error] :1:1: Premature end of file.
2025-08-12 21:49:31,974 [ERROR] LogOutputStream:75 - [STDERR_REDIRECT] 
2025-08-12 21:49:33,087 [ERROR] LogOutputStream:75 - [STDERR_REDIRECT] [Fatal Error] :1:1: Premature end of file.
2025-08-12 21:49:33,087 [ERROR] LogOutputStream:75 - [STDERR_REDIRECT] 
2025-08-12 21:49:33,973 [ERROR] LogOutputStream:75 - [STDERR_REDIRECT] [Fatal Error] :1:1: Premature end of file.
2025-08-12 21:49:33,973 [ERROR] LogOutputStream:75 - [STDERR_REDIRECT] 
2025-08-12 21:49:34,978 [ERROR] LogOutputStream:75 - [STDERR_REDIRECT] [Fatal Error] :1:1: Premature end of file.
2025-08-12 21:49:34,979 [ERROR] LogOutputStream:75 - [STDERR_REDIRECT] 
2025-08-12 21:49:35,977 [ERROR] LogOutputStream:75 - [STDERR_REDIRECT] [Fatal Error] :1:1: Premature end of file.
2025-08-12 21:49:35,977 [ERROR] LogOutputStream:75 - [STDERR_REDIRECT] 
2025-08-12 21:49:36,979 [ERROR] LogOutputStream:75 - [STDERR_REDIRECT] [Fatal Error] :1:1: Premature end of file.
2025-08-12 21:49:36,979 [ERROR] LogOutputStream:75 - [STDERR_REDIRECT] 
2025-08-12 21:49:37,985 [ERROR] LogOutputStream:75 - [STDERR_REDIRECT] [Fatal Error] :1:1: Premature end of file.
2025-08-12 21:49:37,985 [ERROR] LogOutputStream:75 - [STDERR_REDIRECT] 
2025-08-12 21:49:38,980 [ERROR] LogOutputStream:75 - [STDERR_REDIRECT] [Fatal Error] :1:1: Premature end of file.
2025-08-12 21:49:38,980 [ERROR] LogOutputStream:75 - [STDERR_REDIRECT] 
2025-08-12 21:49:39,973 [ERROR] LogOutputStream:75 - [STDERR_REDIRECT] [Fatal Error] :1:1: Premature end of file.
2025-08-12 21:49:39,973 [ERROR] LogOutputStream:75 - [STDERR_REDIRECT] 
2025-08-12 21:49:40,974 [ERROR] LogOutputStream:75 - [STDERR_REDIRECT] [Fatal Error] :1:1: Premature end of file.
2025-08-12 21:49:40,974 [ERROR] LogOutputStream:75 - [STDERR_REDIRECT] 
2025-08-12 21:49:41,977 [ERROR] LogOutputStream:75 - [STDERR_REDIRECT] [Fatal Error] :1:1: Premature end of file.
2025-08-12 21:49:41,977 [ERROR] LogOutputStream:75 - [STDERR_REDIRECT] 
2025-08-12 21:49:42,978 [ERROR] LogOutputStream:75 - [STDERR_REDIRECT] [Fatal Error] :1:1: Premature end of file.
2025-08-12 21:49:42,978 [ERROR] LogOutputStream:75 - [STDERR_REDIRECT] 
2025-08-12 21:49:43,978 [ERROR] LogOutputStream:75 - [STDERR_REDIRECT] [Fatal Error] :1:1: Premature end of file.
2025-08-12 21:49:43,978 [ERROR] LogOutputStream:75 - [STDERR_REDIRECT] 
2025-08-12 21:49:44,981 [ERROR] LogOutputStream:75 - [STDERR_REDIRECT] [Fatal Error] :1:1: Premature end of file.
2025-08-12 21:49:44,983 [ERROR] LogOutputStream:75 - [STDERR_REDIRECT] 
2025-08-12 21:49:45,958 [ERROR] LogOutputStream:75 - [STDERR_REDIRECT] [Fatal Error] :1:1: Premature end of file.
2025-08-12 21:49:45,958 [ERROR] LogOutputStream:75 - [STDERR_REDIRECT] 
2025-08-12 21:49:46,976 [ERROR] LogOutputStream:75 - [STDERR_REDIRECT] [Fatal Error] :1:1: Premature end of file.
2025-08-12 21:49:46,976 [ERROR] LogOutputStream:75 - [STDERR_REDIRECT] 
2025-08-12 21:49:47,959 [ERROR] LogOutputStream:75 - [STDERR_REDIRECT] [Fatal Error] :1:1: Premature end of file.
2025-08-12 21:49:47,959 [ERROR] LogOutputStream:75 - [STDERR_REDIRECT] 
2025-08-12 21:49:48,978 [ERROR] LogOutputStream:75 - [STDERR_REDIRECT] [Fatal Error] :1:1: Premature end of file.
2025-08-12 21:49:48,978 [ERROR] LogOutputStream:75 - [STDERR_REDIRECT] 
2025-08-12 21:49:49,971 [ERROR] LogOutputStream:75 - [STDERR_REDIRECT] [Fatal Error] :1:1: Premature end of file.
2025-08-12 21:49:49,971 [ERROR] LogOutputStream:75 - [STDERR_REDIRECT] 
2025-08-12 21:49:50,982 [ERROR] LogOutputStream:75 - [STDERR_REDIRECT] [Fatal Error] :1:1: Premature end of file.
2025-08-12 21:49:50,982 [ERROR] LogOutputStream:75 - [STDERR_REDIRECT] 
2025-08-12 21:49:51,965 [ERROR] LogOutputStream:75 - [STDERR_REDIRECT] [Fatal Error] :1:1: Premature end of file.
2025-08-12 21:49:51,965 [ERROR] LogOutputStream:75 - [STDERR_REDIRECT] 
2025-08-12 21:49:52,959 [ERROR] LogOutputStream:75 - [STDERR_REDIRECT] [Fatal Error] :1:1: Premature end of file.
2025-08-12 21:49:52,959 [ERROR] LogOutputStream:75 - [STDERR_REDIRECT] 
2025-08-12 21:49:53,962 [ERROR] LogOutputStream:75 - [STDERR_REDIRECT] [Fatal Error] :1:1: Premature end of file.
2025-08-12 21:49:53,962 [ERROR] LogOutputStream:75 - [STDERR_REDIRECT] 
2025-08-12 21:49:54,975 [ERROR] LogOutputStream:75 - [STDERR_REDIRECT] [Fatal Error] :1:1: Premature end of file.
2025-08-12 21:49:54,976 [ERROR] LogOutputStream:75 - [STDERR_REDIRECT] 
2025-08-12 21:49:55,971 [ERROR] LogOutputStream:75 - [STDERR_REDIRECT] [Fatal Error] :1:1: Premature end of file.
2025-08-12 21:49:55,971 [ERROR] LogOutputStream:75 - [STDERR_REDIRECT] 
2025-08-12 21:49:56,975 [ERROR] LogOutputStream:75 - [STDERR_REDIRECT] [Fatal Error] :1:1: Premature end of file.
2025-08-12 21:49:56,976 [ERROR] LogOutputStream:75 - [STDERR_REDIRECT] 
2025-08-12 21:49:57,956 [ERROR] LogOutputStream:75 - [STDERR_REDIRECT] [Fatal Error] :1:1: Premature end of file.
2025-08-12 21:49:57,956 [ERROR] LogOutputStream:75 - [STDERR_REDIRECT] 
2025-08-12 21:49:58,972 [ERROR] LogOutputStream:75 - [STDERR_REDIRECT] [Fatal Error] :1:1: Premature end of file.
2025-08-12 21:49:58,972 [ERROR] LogOutputStream:75 - [STDERR_REDIRECT] 
2025-08-12 21:49:59,972 [ERROR] LogOutputStream:75 - [STDERR_REDIRECT] [Fatal Error] :1:1: Premature end of file.
2025-08-12 21:49:59,972 [ERROR] LogOutputStream:75 - [STDERR_REDIRECT] 
2025-08-12 21:50:00,977 [ERROR] LogOutputStream:75 - [STDERR_REDIRECT] [Fatal Error] :1:1: Premature end of file.
2025-08-12 21:50:00,978 [ERROR] LogOutputStream:75 - [STDERR_REDIRECT] 
2025-08-12 21:50:01,982 [ERROR] LogOutputStream:75 - [STDERR_REDIRECT] [Fatal Error] :1:1: Premature end of file.
2025-08-12 21:50:01,982 [ERROR] LogOutputStream:75 - [STDERR_REDIRECT] 
2025-08-12 21:50:02,976 [ERROR] LogOutputStream:75 - [STDERR_REDIRECT] [Fatal Error] :1:1: Premature end of file.
2025-08-12 21:50:02,976 [ERROR] LogOutputStream:75 - [STDERR_REDIRECT] 
2025-08-12 21:50:03,971 [ERROR] LogOutputStream:75 - [STDERR_REDIRECT] [Fatal Error] :1:1: Premature end of file.
2025-08-12 21:50:03,971 [ERROR] LogOutputStream:75 - [STDERR_REDIRECT] 
2025-08-12 21:50:04,979 [ERROR] LogOutputStream:75 - [STDERR_REDIRECT] [Fatal Error] :1:1: Premature end of file.
2025-08-12 21:50:04,979 [ERROR] LogOutputStream:75 - [STDERR_REDIRECT] 
2025-08-12 21:50:05,988 [ERROR] LogOutputStream:75 - [STDERR_REDIRECT] [Fatal Error] :1:1: Premature end of file.
2025-08-12 21:50:05,988 [ERROR] LogOutputStream:75 - [STDERR_REDIRECT] 
2025-08-12 21:50:06,978 [ERROR] LogOutputStream:75 - [STDERR_REDIRECT] [Fatal Error] :1:1: Premature end of file.
2025-08-12 21:50:06,978 [ERROR] LogOutputStream:75 - [STDERR_REDIRECT] 
2025-08-12 21:50:07,975 [ERROR] LogOutputStream:75 - [STDERR_REDIRECT] [Fatal Error] :1:1: Premature end of file.
2025-08-12 21:50:07,975 [ERROR] LogOutputStream:75 - [STDERR_REDIRECT] 
2025-08-12 21:50:08,984 [ERROR] LogOutputStream:75 - [STDERR_REDIRECT] [Fatal Error] :1:1: Premature end of file.
2025-08-12 21:50:08,984 [ERROR] LogOutputStream:75 - [STDERR_REDIRECT] 
2025-08-12 21:50:09,974 [ERROR] LogOutputStream:75 - [STDERR_REDIRECT] [Fatal Error] :1:1: Premature end of file.
2025-08-12 21:50:09,974 [ERROR] LogOutputStream:75 - [STDERR_REDIRECT] 
2025-08-12 21:50:10,974 [ERROR] LogOutputStream:75 - [STDERR_REDIRECT] [Fatal Error] :1:1: Premature end of file.
2025-08-12 21:50:10,974 [ERROR] LogOutputStream:75 - [STDERR_REDIRECT] 
2025-08-12 21:50:11,962 [ERROR] LogOutputStream:75 - [STDERR_REDIRECT] [Fatal Error] :1:1: Premature end of file.
2025-08-12 21:50:11,962 [ERROR] LogOutputStream:75 - [STDERR_REDIRECT] 
2025-08-12 21:50:12,979 [ERROR] LogOutputStream:75 - [STDERR_REDIRECT] [Fatal Error] :1:1: Premature end of file.
2025-08-12 21:50:12,980 [ERROR] LogOutputStream:75 - [STDERR_REDIRECT] 
2025-08-12 21:50:13,959 [ERROR] LogOutputStream:75 - [STDERR_REDIRECT] [Fatal Error] :1:1: Premature end of file.
2025-08-12 21:50:13,959 [ERROR] LogOutputStream:75 - [STDERR_REDIRECT] 
2025-08-12 21:50:14,980 [ERROR] LogOutputStream:75 - [STDERR_REDIRECT] [Fatal Error] :1:1: Premature end of file.
2025-08-12 21:50:14,981 [ERROR] LogOutputStream:75 - [STDERR_REDIRECT] 
2025-08-12 21:50:15,974 [ERROR] LogOutputStream:75 - [STDERR_REDIRECT] [Fatal Error] :1:1: Premature end of file.
2025-08-12 21:50:15,975 [ERROR] LogOutputStream:75 - [STDERR_REDIRECT] 
2025-08-12 21:50:16,979 [ERROR] LogOutputStream:75 - [STDERR_REDIRECT] [Fatal Error] :1:1: Premature end of file.
2025-08-12 21:50:16,980 [ERROR] LogOutputStream:75 - [STDERR_REDIRECT] 
2025-08-12 21:50:17,975 [ERROR] LogOutputStream:75 - [STDERR_REDIRECT] [Fatal Error] :1:1: Premature end of file.
2025-08-12 21:50:17,975 [ERROR] LogOutputStream:75 - [STDERR_REDIRECT] 
2025-08-12 21:50:18,972 [ERROR] LogOutputStream:75 - [STDERR_REDIRECT] [Fatal Error] :1:1: Premature end of file.
2025-08-12 21:50:18,972 [ERROR] LogOutputStream:75 - [STDERR_REDIRECT] 
2025-08-12 21:50:19,964 [ERROR] LogOutputStream:75 - [STDERR_REDIRECT] [Fatal Error] :1:1: Premature end of file.
2025-08-12 21:50:19,964 [ERROR] LogOutputStream:75 - [STDERR_REDIRECT] 
2025-08-12 21:50:20,979 [ERROR] LogOutputStream:75 - [STDERR_REDIRECT] [Fatal Error] :1:1: Premature end of file.
2025-08-12 21:50:20,980 [ERROR] LogOutputStream:75 - [STDERR_REDIRECT] 
2025-08-12 21:50:21,972 [ERROR] LogOutputStream:75 - [STDERR_REDIRECT] [Fatal Error] :1:1: Premature end of file.
2025-08-12 21:50:21,972 [ERROR] LogOutputStream:75 - [STDERR_REDIRECT] 
2025-08-12 21:50:22,972 [ERROR] LogOutputStream:75 - [STDERR_REDIRECT] [Fatal Error] :1:1: Premature end of file.
2025-08-12 21:50:22,972 [ERROR] LogOutputStream:75 - [STDERR_REDIRECT] 
2025-08-12 21:50:23,971 [ERROR] LogOutputStream:75 - [STDERR_REDIRECT] [Fatal Error] :1:1: Premature end of file.
2025-08-12 21:50:23,971 [ERROR] LogOutputStream:75 - [STDERR_REDIRECT] 
2025-08-12 21:50:24,976 [ERROR] LogOutputStream:75 - [STDERR_REDIRECT] [Fatal Error] :1:1: Premature end of file.
2025-08-12 21:50:24,977 [ERROR] LogOutputStream:75 - [STDERR_REDIRECT] 
2025-08-12 21:50:25,987 [ERROR] LogOutputStream:75 - [STDERR_REDIRECT] [Fatal Error] :1:1: Premature end of file.
2025-08-12 21:50:25,988 [ERROR] LogOutputStream:75 - [STDERR_REDIRECT] 
2025-08-12 21:50:26,973 [ERROR] LogOutputStream:75 - [STDERR_REDIRECT] [Fatal Error] :1:1: Premature end of file.
2025-08-12 21:50:26,973 [ERROR] LogOutputStream:75 - [STDERR_REDIRECT] 
2025-08-12 21:50:27,989 [ERROR] LogOutputStream:75 - [STDERR_REDIRECT] [Fatal Error] :1:1: Premature end of file.
2025-08-12 21:50:27,989 [ERROR] LogOutputStream:75 - [STDERR_REDIRECT] 
2025-08-12 21:50:28,979 [ERROR] LogOutputStream:75 - [STDERR_REDIRECT] [Fatal Error] :1:1: Premature end of file.
2025-08-12 21:50:28,979 [ERROR] LogOutputStream:75 - [STDERR_REDIRECT] 
2025-08-12 21:50:29,973 [ERROR] LogOutputStream:75 - [STDERR_REDIRECT] [Fatal Error] :1:1: Premature end of file.
2025-08-12 21:50:29,973 [ERROR] LogOutputStream:75 - [STDERR_REDIRECT] 
2025-08-12 21:50:30,980 [ERROR] LogOutputStream:75 - [STDERR_REDIRECT] [Fatal Error] :1:1: Premature end of file.
2025-08-12 21:50:30,980 [ERROR] LogOutputStream:75 - [STDERR_REDIRECT] 
2025-08-12 21:50:31,984 [ERROR] LogOutputStream:75 - [STDERR_REDIRECT] [Fatal Error] :1:1: Premature end of file.
2025-08-12 21:50:31,993 [ERROR] LogOutputStream:75 - [STDERR_REDIRECT] 
2025-08-12 21:50:32,979 [ERROR] LogOutputStream:75 - [STDERR_REDIRECT] [Fatal Error] :1:1: Premature end of file.
2025-08-12 21:50:32,979 [ERROR] LogOutputStream:75 - [STDERR_REDIRECT] 
2025-08-12 21:50:33,973 [ERROR] LogOutputStream:75 - [STDERR_REDIRECT] [Fatal Error] :1:1: Premature end of file.
2025-08-12 21:50:33,973 [ERROR] LogOutputStream:75 - [STDERR_REDIRECT] 
2025-08-12 21:50:34,962 [ERROR] LogOutputStream:75 - [STDERR_REDIRECT] [Fatal Error] :1:1: Premature end of file.
2025-08-12 21:50:34,962 [ERROR] LogOutputStream:75 - [STDERR_REDIRECT] 
2025-08-12 21:50:35,976 [ERROR] LogOutputStream:75 - [STDERR_REDIRECT] [Fatal Error] :1:1: Premature end of file.
2025-08-12 21:50:35,976 [ERROR] LogOutputStream:75 - [STDERR_REDIRECT] 
2025-08-12 21:50:36,980 [ERROR] LogOutputStream:75 - [STDERR_REDIRECT] [Fatal Error] :1:1: Premature end of file.
2025-08-12 21:50:36,980 [ERROR] LogOutputStream:75 - [STDERR_REDIRECT] 
2025-08-12 21:50:37,979 [ERROR] LogOutputStream:75 - [STDERR_REDIRECT] [Fatal Error] :1:1: Premature end of file.
2025-08-12 21:50:37,979 [ERROR] LogOutputStream:75 - [STDERR_REDIRECT] 
2025-08-12 21:50:38,984 [ERROR] LogOutputStream:75 - [STDERR_REDIRECT] [Fatal Error] :1:1: Premature end of file.
2025-08-12 21:50:38,984 [ERROR] LogOutputStream:75 - [STDERR_REDIRECT] 
2025-08-12 21:50:39,965 [ERROR] LogOutputStream:75 - [STDERR_REDIRECT] [Fatal Error] :1:1: Premature end of file.
2025-08-12 21:50:39,965 [ERROR] LogOutputStream:75 - [STDERR_REDIRECT] 
2025-08-12 21:50:40,983 [ERROR] LogOutputStream:75 - [STDERR_REDIRECT] [Fatal Error] :1:1: Premature end of file.
2025-08-12 21:50:40,983 [ERROR] LogOutputStream:75 - [STDERR_REDIRECT] 
2025-08-12 21:50:41,986 [ERROR] LogOutputStream:75 - [STDERR_REDIRECT] [Fatal Error] :1:1: Premature end of file.
2025-08-12 21:50:41,986 [ERROR] LogOutputStream:75 - [STDERR_REDIRECT] 
2025-08-12 21:50:42,977 [ERROR] LogOutputStream:75 - [STDERR_REDIRECT] [Fatal Error] :1:1: Premature end of file.
2025-08-12 21:50:42,977 [ERROR] LogOutputStream:75 - [STDERR_REDIRECT] 
2025-08-12 21:50:43,967 [ERROR] LogOutputStream:75 - [STDERR_REDIRECT] [Fatal Error] :1:1: Premature end of file.
2025-08-12 21:50:43,967 [ERROR] LogOutputStream:75 - [STDERR_REDIRECT] 
2025-08-12 21:50:44,964 [ERROR] LogOutputStream:75 - [STDERR_REDIRECT] [Fatal Error] :1:1: Premature end of file.
2025-08-12 21:50:44,964 [ERROR] LogOutputStream:75 - [STDERR_REDIRECT] 
2025-08-12 21:50:45,979 [ERROR] LogOutputStream:75 - [STDERR_REDIRECT] [Fatal Error] :1:1: Premature end of file.
2025-08-12 21:50:45,979 [ERROR] LogOutputStream:75 - [STDERR_REDIRECT] 
2025-08-12 21:50:46,978 [ERROR] LogOutputStream:75 - [STDERR_REDIRECT] [Fatal Error] :1:1: Premature end of file.
2025-08-12 21:50:46,978 [ERROR] LogOutputStream:75 - [STDERR_REDIRECT] 
2025-08-12 21:50:47,970 [ERROR] LogOutputStream:75 - [STDERR_REDIRECT] [Fatal Error] :1:1: Premature end of file.
2025-08-12 21:50:47,970 [ERROR] LogOutputStream:75 - [STDERR_REDIRECT] 
2025-08-12 21:50:48,973 [ERROR] LogOutputStream:75 - [STDERR_REDIRECT] [Fatal Error] :1:1: Premature end of file.
2025-08-12 21:50:48,973 [ERROR] LogOutputStream:75 - [STDERR_REDIRECT] 
2025-08-12 21:50:49,982 [ERROR] LogOutputStream:75 - [STDERR_REDIRECT] [Fatal Error] :1:1: Premature end of file.
2025-08-12 21:50:49,982 [ERROR] LogOutputStream:75 - [STDERR_REDIRECT] 
2025-08-12 21:50:50,960 [ERROR] LogOutputStream:75 - [STDERR_REDIRECT] [Fatal Error] :1:1: Premature end of file.
2025-08-12 21:50:50,960 [ERROR] LogOutputStream:75 - [STDERR_REDIRECT] 
2025-08-12 21:50:51,971 [ERROR] LogOutputStream:75 - [STDERR_REDIRECT] [Fatal Error] :1:1: Premature end of file.
2025-08-12 21:50:51,971 [ERROR] LogOutputStream:75 - [STDERR_REDIRECT] 
2025-08-12 21:50:52,983 [ERROR] LogOutputStream:75 - [STDERR_REDIRECT] [Fatal Error] :1:1: Premature end of file.
2025-08-12 21:50:52,984 [ERROR] LogOutputStream:75 - [STDERR_REDIRECT] 
2025-08-12 21:50:53,990 [ERROR] LogOutputStream:75 - [STDERR_REDIRECT] [Fatal Error] :1:1: Premature end of file.
2025-08-12 21:50:53,990 [ERROR] LogOutputStream:75 - [STDERR_REDIRECT] 
2025-08-12 21:50:54,969 [ERROR] LogOutputStream:75 - [STDERR_REDIRECT] [Fatal Error] :1:1: Premature end of file.
2025-08-12 21:50:54,969 [ERROR] LogOutputStream:75 - [STDERR_REDIRECT] 
2025-08-12 21:50:55,957 [ERROR] LogOutputStream:75 - [STDERR_REDIRECT] [Fatal Error] :1:1: Premature end of file.
2025-08-12 21:50:55,957 [ERROR] LogOutputStream:75 - [STDERR_REDIRECT] 
2025-08-12 21:50:57,005 [ERROR] LogOutputStream:75 - [STDERR_REDIRECT] [Fatal Error] :1:1: Premature end of file.
2025-08-12 21:50:57,006 [ERROR] LogOutputStream:75 - [STDERR_REDIRECT] 
2025-08-12 21:50:57,974 [ERROR] LogOutputStream:75 - [STDERR_REDIRECT] [Fatal Error] :1:1: Premature end of file.
2025-08-12 21:50:57,974 [ERROR] LogOutputStream:75 - [STDERR_REDIRECT] 
2025-08-12 21:50:58,958 [ERROR] LogOutputStream:75 - [STDERR_REDIRECT] [Fatal Error] :1:1: Premature end of file.
2025-08-12 21:50:58,958 [ERROR] LogOutputStream:75 - [STDERR_REDIRECT] 
2025-08-12 21:50:59,957 [ERROR] LogOutputStream:75 - [STDERR_REDIRECT] [Fatal Error] :1:1: Premature end of file.
2025-08-12 21:50:59,957 [ERROR] LogOutputStream:75 - [STDERR_REDIRECT] 
2025-08-12 21:51:00,972 [ERROR] LogOutputStream:75 - [STDERR_REDIRECT] [Fatal Error] :1:1: Premature end of file.
2025-08-12 21:51:00,972 [ERROR] LogOutputStream:75 - [STDERR_REDIRECT] 
2025-08-12 21:51:01,974 [ERROR] LogOutputStream:75 - [STDERR_REDIRECT] [Fatal Error] :1:1: Premature end of file.
2025-08-12 21:51:01,974 [ERROR] LogOutputStream:75 - [STDERR_REDIRECT] 
2025-08-12 21:51:02,974 [ERROR] LogOutputStream:75 - [STDERR_REDIRECT] [Fatal Error] :1:1: Premature end of file.
2025-08-12 21:51:02,974 [ERROR] LogOutputStream:75 - [STDERR_REDIRECT] 
2025-08-12 21:51:03,985 [ERROR] LogOutputStream:75 - [STDERR_REDIRECT] [Fatal Error] :1:1: Premature end of file.
2025-08-12 21:51:03,985 [ERROR] LogOutputStream:75 - [STDERR_REDIRECT] 
2025-08-12 21:51:04,975 [ERROR] LogOutputStream:75 - [STDERR_REDIRECT] [Fatal Error] :1:1: Premature end of file.
2025-08-12 21:51:04,975 [ERROR] LogOutputStream:75 - [STDERR_REDIRECT] 
2025-08-12 21:51:05,974 [ERROR] LogOutputStream:75 - [STDERR_REDIRECT] [Fatal Error] :1:1: Premature end of file.
2025-08-12 21:51:05,974 [ERROR] LogOutputStream:75 - [STDERR_REDIRECT] 
2025-08-12 21:51:06,975 [ERROR] LogOutputStream:75 - [STDERR_REDIRECT] [Fatal Error] :1:1: Premature end of file.
2025-08-12 21:51:06,975 [ERROR] LogOutputStream:75 - [STDERR_REDIRECT] 
2025-08-12 21:51:07,970 [ERROR] LogOutputStream:75 - [STDERR_REDIRECT] [Fatal Error] :1:1: Premature end of file.
2025-08-12 21:51:07,970 [ERROR] LogOutputStream:75 - [STDERR_REDIRECT] 
2025-08-12 21:51:08,976 [ERROR] LogOutputStream:75 - [STDERR_REDIRECT] [Fatal Error] :1:1: Premature end of file.
2025-08-12 21:51:08,976 [ERROR] LogOutputStream:75 - [STDERR_REDIRECT] 
2025-08-12 21:51:09,973 [ERROR] LogOutputStream:75 - [STDERR_REDIRECT] [Fatal Error] :1:1: Premature end of file.
2025-08-12 21:51:09,973 [ERROR] LogOutputStream:75 - [STDERR_REDIRECT] 
2025-08-12 21:51:10,973 [ERROR] LogOutputStream:75 - [STDERR_REDIRECT] [Fatal Error] :1:1: Premature end of file.
2025-08-12 21:51:10,973 [ERROR] LogOutputStream:75 - [STDERR_REDIRECT] 
2025-08-12 21:51:11,962 [ERROR] LogOutputStream:75 - [STDERR_REDIRECT] [Fatal Error] :1:1: Premature end of file.
2025-08-12 21:51:11,963 [ERROR] LogOutputStream:75 - [STDERR_REDIRECT] 
2025-08-12 21:51:12,972 [ERROR] LogOutputStream:75 - [STDERR_REDIRECT] [Fatal Error] :1:1: Premature end of file.
2025-08-12 21:51:12,972 [ERROR] LogOutputStream:75 - [STDERR_REDIRECT] 
2025-08-12 21:51:13,972 [ERROR] LogOutputStream:75 - [STDERR_REDIRECT] [Fatal Error] :1:1: Premature end of file.
2025-08-12 21:51:13,972 [ERROR] LogOutputStream:75 - [STDERR_REDIRECT] 
2025-08-12 21:51:14,992 [ERROR] LogOutputStream:75 - [STDERR_REDIRECT] [Fatal Error] :1:1: Premature end of file.
2025-08-12 21:51:14,993 [ERROR] LogOutputStream:75 - [STDERR_REDIRECT] 
2025-08-12 21:51:15,969 [ERROR] LogOutputStream:75 - [STDERR_REDIRECT] [Fatal Error] :1:1: Premature end of file.
2025-08-12 21:51:15,969 [ERROR] LogOutputStream:75 - [STDERR_REDIRECT] 
2025-08-12 21:51:16,974 [ERROR] LogOutputStream:75 - [STDERR_REDIRECT] [Fatal Error] :1:1: Premature end of file.
2025-08-12 21:51:16,974 [ERROR] LogOutputStream:75 - [STDERR_REDIRECT] 
2025-08-12 21:51:17,979 [ERROR] LogOutputStream:75 - [STDERR_REDIRECT] [Fatal Error] :1:1: Premature end of file.
2025-08-12 21:51:17,979 [ERROR] LogOutputStream:75 - [STDERR_REDIRECT] 
2025-08-12 21:51:18,972 [ERROR] LogOutputStream:75 - [STDERR_REDIRECT] [Fatal Error] :1:1: Premature end of file.
2025-08-12 21:51:18,972 [ERROR] LogOutputStream:75 - [STDERR_REDIRECT] 
2025-08-12 21:51:19,975 [ERROR] LogOutputStream:75 - [STDERR_REDIRECT] [Fatal Error] :1:1: Premature end of file.
2025-08-12 21:51:19,975 [ERROR] LogOutputStream:75 - [STDERR_REDIRECT] 
2025-08-12 21:51:20,973 [ERROR] LogOutputStream:75 - [STDERR_REDIRECT] [Fatal Error] :1:1: Premature end of file.
2025-08-12 21:51:20,974 [ERROR] LogOutputStream:75 - [STDERR_REDIRECT] 
2025-08-12 21:51:21,989 [ERROR] LogOutputStream:75 - [STDERR_REDIRECT] [Fatal Error] :1:1: Premature end of file.
2025-08-12 21:51:21,989 [ERROR] LogOutputStream:75 - [STDERR_REDIRECT] 
2025-08-12 21:51:22,977 [ERROR] LogOutputStream:75 - [STDERR_REDIRECT] [Fatal Error] :1:1: Premature end of file.
2025-08-12 21:51:22,978 [ERROR] LogOutputStream:75 - [STDERR_REDIRECT] 
2025-08-12 21:51:23,973 [ERROR] LogOutputStream:75 - [STDERR_REDIRECT] [Fatal Error] :1:1: Premature end of file.
2025-08-12 21:51:23,973 [ERROR] LogOutputStream:75 - [STDERR_REDIRECT] 
2025-08-12 21:51:24,957 [ERROR] LogOutputStream:75 - [STDERR_REDIRECT] [Fatal Error] :1:1: Premature end of file.
2025-08-12 21:51:24,957 [ERROR] LogOutputStream:75 - [STDERR_REDIRECT] 
2025-08-12 21:51:25,961 [ERROR] LogOutputStream:75 - [STDERR_REDIRECT] [Fatal Error] :1:1: Premature end of file.
2025-08-12 21:51:25,961 [ERROR] LogOutputStream:75 - [STDERR_REDIRECT] 
2025-08-12 21:51:26,974 [ERROR] LogOutputStream:75 - [STDERR_REDIRECT] [Fatal Error] :1:1: Premature end of file.
2025-08-12 21:51:26,976 [ERROR] LogOutputStream:75 - [STDERR_REDIRECT] 
2025-08-12 21:51:27,956 [ERROR] LogOutputStream:75 - [STDERR_REDIRECT] [Fatal Error] :1:1: Premature end of file.
2025-08-12 21:51:27,956 [ERROR] LogOutputStream:75 - [STDERR_REDIRECT] 
2025-08-12 21:51:28,957 [ERROR] LogOutputStream:75 - [STDERR_REDIRECT] [Fatal Error] :1:1: Premature end of file.
2025-08-12 21:51:28,957 [ERROR] LogOutputStream:75 - [STDERR_REDIRECT] 
2025-08-12 21:51:29,968 [ERROR] LogOutputStream:75 - [STDERR_REDIRECT] [Fatal Error] :1:1: Premature end of file.
2025-08-12 21:51:29,968 [ERROR] LogOutputStream:75 - [STDERR_REDIRECT] 
2025-08-12 21:51:30,963 [ERROR] LogOutputStream:75 - [STDERR_REDIRECT] [Fatal Error] :1:1: Premature end of file.
2025-08-12 21:51:30,963 [ERROR] LogOutputStream:75 - [STDERR_REDIRECT] 
2025-08-12 21:51:31,958 [ERROR] LogOutputStream:75 - [STDERR_REDIRECT] [Fatal Error] :1:1: Premature end of file.
2025-08-12 21:51:31,958 [ERROR] LogOutputStream:75 - [STDERR_REDIRECT] 
2025-08-12 21:51:32,957 [ERROR] LogOutputStream:75 - [STDERR_REDIRECT] [Fatal Error] :1:1: Premature end of file.
2025-08-12 21:51:32,957 [ERROR] LogOutputStream:75 - [STDERR_REDIRECT] 
2025-08-12 21:51:33,975 [ERROR] LogOutputStream:75 - [STDERR_REDIRECT] [Fatal Error] :1:1: Premature end of file.
2025-08-12 21:51:33,975 [ERROR] LogOutputStream:75 - [STDERR_REDIRECT] 
2025-08-12 21:51:34,958 [ERROR] LogOutputStream:75 - [STDERR_REDIRECT] [Fatal Error] :1:1: Premature end of file.
2025-08-12 21:51:34,958 [ERROR] LogOutputStream:75 - [STDERR_REDIRECT] 
2025-08-12 21:51:35,973 [ERROR] LogOutputStream:75 - [STDERR_REDIRECT] [Fatal Error] :1:1: Premature end of file.
2025-08-12 21:51:35,973 [ERROR] LogOutputStream:75 - [STDERR_REDIRECT] 
2025-08-12 21:51:36,980 [ERROR] LogOutputStream:75 - [STDERR_REDIRECT] [Fatal Error] :1:1: Premature end of file.
2025-08-12 21:51:36,980 [ERROR] LogOutputStream:75 - [STDERR_REDIRECT] 
2025-08-12 21:51:37,962 [ERROR] LogOutputStream:75 - [STDERR_REDIRECT] [Fatal Error] :1:1: Premature end of file.
2025-08-12 21:51:37,963 [ERROR] LogOutputStream:75 - [STDERR_REDIRECT] 
2025-08-12 21:51:38,986 [ERROR] LogOutputStream:75 - [STDERR_REDIRECT] [Fatal Error] :1:1: Premature end of file.
2025-08-12 21:51:38,987 [ERROR] LogOutputStream:75 - [STDERR_REDIRECT] 
2025-08-12 21:51:39,975 [ERROR] LogOutputStream:75 - [STDERR_REDIRECT] [Fatal Error] :1:1: Premature end of file.
2025-08-12 21:51:39,975 [ERROR] LogOutputStream:75 - [STDERR_REDIRECT] 
2025-08-12 21:51:40,976 [ERROR] LogOutputStream:75 - [STDERR_REDIRECT] [Fatal Error] :1:1: Premature end of file.
2025-08-12 21:51:40,976 [ERROR] LogOutputStream:75 - [STDERR_REDIRECT] 
2025-08-12 21:51:41,976 [ERROR] LogOutputStream:75 - [STDERR_REDIRECT] [Fatal Error] :1:1: Premature end of file.
2025-08-12 21:51:41,976 [ERROR] LogOutputStream:75 - [STDERR_REDIRECT] 
2025-08-12 21:51:42,960 [ERROR] LogOutputStream:75 - [STDERR_REDIRECT] [Fatal Error] :1:1: Premature end of file.
2025-08-12 21:51:42,960 [ERROR] LogOutputStream:75 - [STDERR_REDIRECT] 
2025-08-12 21:51:43,971 [ERROR] LogOutputStream:75 - [STDERR_REDIRECT] [Fatal Error] :1:1: Premature end of file.
2025-08-12 21:51:43,971 [ERROR] LogOutputStream:75 - [STDERR_REDIRECT] 
2025-08-12 21:51:44,980 [ERROR] LogOutputStream:75 - [STDERR_REDIRECT] [Fatal Error] :1:1: Premature end of file.
2025-08-12 21:51:44,981 [ERROR] LogOutputStream:75 - [STDERR_REDIRECT] 
2025-08-12 21:51:45,957 [ERROR] LogOutputStream:75 - [STDERR_REDIRECT] [Fatal Error] :1:1: Premature end of file.
2025-08-12 21:51:45,957 [ERROR] LogOutputStream:75 - [STDERR_REDIRECT] 
2025-08-12 21:51:46,980 [ERROR] LogOutputStream:75 - [STDERR_REDIRECT] [Fatal Error] :1:1: Premature end of file.
2025-08-12 21:51:46,981 [ERROR] LogOutputStream:75 - [STDERR_REDIRECT] 
2025-08-12 21:51:47,957 [ERROR] LogOutputStream:75 - [STDERR_REDIRECT] [Fatal Error] :1:1: Premature end of file.
2025-08-12 21:51:47,957 [ERROR] LogOutputStream:75 - [STDERR_REDIRECT] 
2025-08-12 21:51:48,974 [ERROR] LogOutputStream:75 - [STDERR_REDIRECT] [Fatal Error] :1:1: Premature end of file.
2025-08-12 21:51:48,974 [ERROR] LogOutputStream:75 - [STDERR_REDIRECT] 
2025-08-12 21:51:49,955 [ERROR] LogOutputStream:75 - [STDERR_REDIRECT] [Fatal Error] :1:1: Premature end of file.
2025-08-12 21:51:49,955 [ERROR] LogOutputStream:75 - [STDERR_REDIRECT] 
2025-08-12 21:51:50,969 [ERROR] LogOutputStream:75 - [STDERR_REDIRECT] [Fatal Error] :1:1: Premature end of file.
2025-08-12 21:51:50,969 [ERROR] LogOutputStream:75 - [STDERR_REDIRECT] 
2025-08-12 21:51:51,962 [ERROR] LogOutputStream:75 - [STDERR_REDIRECT] [Fatal Error] :1:1: Premature end of file.
2025-08-12 21:51:51,962 [ERROR] LogOutputStream:75 - [STDERR_REDIRECT] 
2025-08-12 21:51:52,960 [ERROR] LogOutputStream:75 - [STDERR_REDIRECT] [Fatal Error] :1:1: Premature end of file.
2025-08-12 21:51:52,960 [ERROR] LogOutputStream:75 - [STDERR_REDIRECT] 
2025-08-12 21:51:53,958 [ERROR] LogOutputStream:75 - [STDERR_REDIRECT] [Fatal Error] :1:1: Premature end of file.
2025-08-12 21:51:53,958 [ERROR] LogOutputStream:75 - [STDERR_REDIRECT] 
2025-08-12 21:51:54,957 [ERROR] LogOutputStream:75 - [STDERR_REDIRECT] [Fatal Error] :1:1: Premature end of file.
2025-08-12 21:51:54,957 [ERROR] LogOutputStream:75 - [STDERR_REDIRECT] 
2025-08-12 21:51:55,965 [ERROR] LogOutputStream:75 - [STDERR_REDIRECT] [Fatal Error] :1:1: Premature end of file.
2025-08-12 21:51:55,965 [ERROR] LogOutputStream:75 - [STDERR_REDIRECT] 
2025-08-12 21:51:56,969 [ERROR] LogOutputStream:75 - [STDERR_REDIRECT] [Fatal Error] :1:1: Premature end of file.
2025-08-12 21:51:56,969 [ERROR] LogOutputStream:75 - [STDERR_REDIRECT] 
2025-08-12 21:51:57,958 [ERROR] LogOutputStream:75 - [STDERR_REDIRECT] [Fatal Error] :1:1: Premature end of file.
2025-08-12 21:51:57,958 [ERROR] LogOutputStream:75 - [STDERR_REDIRECT] 
2025-08-12 21:51:58,957 [ERROR] LogOutputStream:75 - [STDERR_REDIRECT] [Fatal Error] :1:1: Premature end of file.
2025-08-12 21:51:58,957 [ERROR] LogOutputStream:75 - [STDERR_REDIRECT] 
2025-08-12 21:51:59,966 [ERROR] LogOutputStream:75 - [STDERR_REDIRECT] [Fatal Error] :1:1: Premature end of file.
2025-08-12 21:51:59,966 [ERROR] LogOutputStream:75 - [STDERR_REDIRECT] 
2025-08-12 21:52:00,957 [ERROR] LogOutputStream:75 - [STDERR_REDIRECT] [Fatal Error] :1:1: Premature end of file.
2025-08-12 21:52:00,957 [ERROR] LogOutputStream:75 - [STDERR_REDIRECT] 
2025-08-12 21:52:01,956 [ERROR] LogOutputStream:75 - [STDERR_REDIRECT] [Fatal Error] :1:1: Premature end of file.
2025-08-12 21:52:01,956 [ERROR] LogOutputStream:75 - [STDERR_REDIRECT] 
2025-08-12 21:52:02,975 [ERROR] LogOutputStream:75 - [STDERR_REDIRECT] [Fatal Error] :1:1: Premature end of file.
2025-08-12 21:52:02,976 [ERROR] LogOutputStream:75 - [STDERR_REDIRECT] 
2025-08-12 21:52:03,968 [ERROR] LogOutputStream:75 - [STDERR_REDIRECT] [Fatal Error] :1:1: Premature end of file.
2025-08-12 21:52:03,968 [ERROR] LogOutputStream:75 - [STDERR_REDIRECT] 
2025-08-12 21:52:04,967 [ERROR] LogOutputStream:75 - [STDERR_REDIRECT] [Fatal Error] :1:1: Premature end of file.
2025-08-12 21:52:04,967 [ERROR] LogOutputStream:75 - [STDERR_REDIRECT] 
2025-08-12 21:52:05,979 [ERROR] LogOutputStream:75 - [STDERR_REDIRECT] [Fatal Error] :1:1: Premature end of file.
2025-08-12 21:52:05,979 [ERROR] LogOutputStream:75 - [STDERR_REDIRECT] 
2025-08-12 21:52:06,975 [ERROR] LogOutputStream:75 - [STDERR_REDIRECT] [Fatal Error] :1:1: Premature end of file.
2025-08-12 21:52:06,975 [ERROR] LogOutputStream:75 - [STDERR_REDIRECT] 
2025-08-12 21:52:07,964 [ERROR] LogOutputStream:75 - [STDERR_REDIRECT] [Fatal Error] :1:1: Premature end of file.
2025-08-12 21:52:07,964 [ERROR] LogOutputStream:75 - [STDERR_REDIRECT] 
2025-08-12 21:52:08,982 [ERROR] LogOutputStream:75 - [STDERR_REDIRECT] [Fatal Error] :1:1: Premature end of file.
2025-08-12 21:52:08,982 [ERROR] LogOutputStream:75 - [STDERR_REDIRECT] 
2025-08-12 21:52:09,957 [ERROR] LogOutputStream:75 - [STDERR_REDIRECT] [Fatal Error] :1:1: Premature end of file.
2025-08-12 21:52:09,957 [ERROR] LogOutputStream:75 - [STDERR_REDIRECT] 
2025-08-12 21:52:10,957 [ERROR] LogOutputStream:75 - [STDERR_REDIRECT] [Fatal Error] :1:1: Premature end of file.
2025-08-12 21:52:10,957 [ERROR] LogOutputStream:75 - [STDERR_REDIRECT] 
2025-08-12 21:52:11,976 [ERROR] LogOutputStream:75 - [STDERR_REDIRECT] [Fatal Error] :1:1: Premature end of file.
2025-08-12 21:52:11,976 [ERROR] LogOutputStream:75 - [STDERR_REDIRECT] 
2025-08-12 21:52:12,982 [ERROR] LogOutputStream:75 - [STDERR_REDIRECT] [Fatal Error] :1:1: Premature end of file.
2025-08-12 21:52:12,982 [ERROR] LogOutputStream:75 - [STDERR_REDIRECT] 
2025-08-12 21:52:13,968 [ERROR] LogOutputStream:75 - [STDERR_REDIRECT] [Fatal Error] :1:1: Premature end of file.
2025-08-12 21:52:13,968 [ERROR] LogOutputStream:75 - [STDERR_REDIRECT] 
2025-08-12 21:52:14,957 [ERROR] LogOutputStream:75 - [STDERR_REDIRECT] [Fatal Error] :1:1: Premature end of file.
2025-08-12 21:52:14,957 [ERROR] LogOutputStream:75 - [STDERR_REDIRECT] 
2025-08-12 21:52:15,972 [ERROR] LogOutputStream:75 - [STDERR_REDIRECT] [Fatal Error] :1:1: Premature end of file.
2025-08-12 21:52:15,980 [ERROR] LogOutputStream:75 - [STDERR_REDIRECT] 
2025-08-12 21:52:16,976 [ERROR] LogOutputStream:75 - [STDERR_REDIRECT] [Fatal Error] :1:1: Premature end of file.
2025-08-12 21:52:16,977 [ERROR] LogOutputStream:75 - [STDERR_REDIRECT] 
2025-08-12 21:52:17,978 [ERROR] LogOutputStream:75 - [STDERR_REDIRECT] [Fatal Error] :1:1: Premature end of file.
2025-08-12 21:52:17,978 [ERROR] LogOutputStream:75 - [STDERR_REDIRECT] 
2025-08-12 21:52:18,973 [ERROR] LogOutputStream:75 - [STDERR_REDIRECT] [Fatal Error] :1:1: Premature end of file.
2025-08-12 21:52:18,973 [ERROR] LogOutputStream:75 - [STDERR_REDIRECT] 
2025-08-12 21:52:19,975 [ERROR] LogOutputStream:75 - [STDERR_REDIRECT] [Fatal Error] :1:1: Premature end of file.
2025-08-12 21:52:19,975 [ERROR] LogOutputStream:75 - [STDERR_REDIRECT] 
2025-08-12 21:52:20,974 [ERROR] LogOutputStream:75 - [STDERR_REDIRECT] [Fatal Error] :1:1: Premature end of file.
2025-08-12 21:52:20,974 [ERROR] LogOutputStream:75 - [STDERR_REDIRECT] 
2025-08-12 21:52:21,985 [ERROR] LogOutputStream:75 - [STDERR_REDIRECT] [Fatal Error] :1:1: Premature end of file.
2025-08-12 21:52:21,985 [ERROR] LogOutputStream:75 - [STDERR_REDIRECT] 
2025-08-12 21:52:22,975 [ERROR] LogOutputStream:75 - [STDERR_REDIRECT] [Fatal Error] :1:1: Premature end of file.
2025-08-12 21:52:22,975 [ERROR] LogOutputStream:75 - [STDERR_REDIRECT] 
2025-08-12 21:52:23,970 [ERROR] LogOutputStream:75 - [STDERR_REDIRECT] [Fatal Error] :1:1: Premature end of file.
2025-08-12 21:52:23,970 [ERROR] LogOutputStream:75 - [STDERR_REDIRECT] 
2025-08-12 21:52:24,979 [ERROR] LogOutputStream:75 - [STDERR_REDIRECT] [Fatal Error] :1:1: Premature end of file.
2025-08-12 21:52:24,979 [ERROR] LogOutputStream:75 - [STDERR_REDIRECT] 
2025-08-12 21:52:25,981 [ERROR] LogOutputStream:75 - [STDERR_REDIRECT] [Fatal Error] :1:1: Premature end of file.
2025-08-12 21:52:25,981 [ERROR] LogOutputStream:75 - [STDERR_REDIRECT] 
2025-08-12 21:52:26,957 [ERROR] LogOutputStream:75 - [STDERR_REDIRECT] [Fatal Error] :1:1: Premature end of file.
2025-08-12 21:52:26,957 [ERROR] LogOutputStream:75 - [STDERR_REDIRECT] 
2025-08-12 21:52:28,004 [ERROR] LogOutputStream:75 - [STDERR_REDIRECT] [Fatal Error] :1:1: Premature end of file.
2025-08-12 21:52:28,005 [ERROR] LogOutputStream:75 - [STDERR_REDIRECT] 
2025-08-12 21:52:28,980 [ERROR] LogOutputStream:75 - [STDERR_REDIRECT] [Fatal Error] :1:1: Premature end of file.
2025-08-12 21:52:28,981 [ERROR] LogOutputStream:75 - [STDERR_REDIRECT] 
2025-08-12 21:52:29,973 [ERROR] LogOutputStream:75 - [STDERR_REDIRECT] [Fatal Error] :1:1: Premature end of file.
2025-08-12 21:52:29,973 [ERROR] LogOutputStream:75 - [STDERR_REDIRECT] 
2025-08-12 21:52:30,977 [ERROR] LogOutputStream:75 - [STDERR_REDIRECT] [Fatal Error] :1:1: Premature end of file.
2025-08-12 21:52:30,982 [ERROR] LogOutputStream:75 - [STDERR_REDIRECT] 
2025-08-12 21:52:31,988 [ERROR] LogOutputStream:75 - [STDERR_REDIRECT] [Fatal Error] :1:1: Premature end of file.
2025-08-12 21:52:31,988 [ERROR] LogOutputStream:75 - [STDERR_REDIRECT] 
2025-08-12 21:52:32,980 [ERROR] LogOutputStream:75 - [STDERR_REDIRECT] [Fatal Error] :1:1: Premature end of file.
2025-08-12 21:52:32,980 [ERROR] LogOutputStream:75 - [STDERR_REDIRECT] 
2025-08-12 21:52:33,987 [ERROR] LogOutputStream:75 - [STDERR_REDIRECT] [Fatal Error] :1:1: Premature end of file.
2025-08-12 21:52:33,987 [ERROR] LogOutputStream:75 - [STDERR_REDIRECT] 
2025-08-12 21:52:34,977 [ERROR] LogOutputStream:75 - [STDERR_REDIRECT] [Fatal Error] :1:1: Premature end of file.
2025-08-12 21:52:34,977 [ERROR] LogOutputStream:75 - [STDERR_REDIRECT] 
2025-08-12 21:52:35,981 [ERROR] LogOutputStream:75 - [STDERR_REDIRECT] [Fatal Error] :1:1: Premature end of file.
2025-08-12 21:52:35,981 [ERROR] LogOutputStream:75 - [STDERR_REDIRECT] 
2025-08-12 21:52:36,979 [ERROR] LogOutputStream:75 - [STDERR_REDIRECT] [Fatal Error] :1:1: Premature end of file.
2025-08-12 21:52:36,979 [ERROR] LogOutputStream:75 - [STDERR_REDIRECT] 
2025-08-12 21:52:37,980 [ERROR] LogOutputStream:75 - [STDERR_REDIRECT] [Fatal Error] :1:1: Premature end of file.
2025-08-12 21:52:37,980 [ERROR] LogOutputStream:75 - [STDERR_REDIRECT] 
2025-08-12 21:52:38,986 [ERROR] LogOutputStream:75 - [STDERR_REDIRECT] [Fatal Error] :1:1: Premature end of file.
2025-08-12 21:52:38,986 [ERROR] LogOutputStream:75 - [STDERR_REDIRECT] 
2025-08-12 21:52:39,982 [ERROR] LogOutputStream:75 - [STDERR_REDIRECT] [Fatal Error] :1:1: Premature end of file.
2025-08-12 21:52:39,982 [ERROR] LogOutputStream:75 - [STDERR_REDIRECT] 
2025-08-12 21:52:40,973 [ERROR] LogOutputStream:75 - [STDERR_REDIRECT] [Fatal Error] :1:1: Premature end of file.
2025-08-12 21:52:40,976 [ERROR] LogOutputStream:75 - [STDERR_REDIRECT] 
2025-08-12 21:52:41,985 [ERROR] LogOutputStream:75 - [STDERR_REDIRECT] [Fatal Error] :1:1: Premature end of file.
2025-08-12 21:52:41,985 [ERROR] LogOutputStream:75 - [STDERR_REDIRECT] 
2025-08-12 21:52:42,979 [ERROR] LogOutputStream:75 - [STDERR_REDIRECT] [Fatal Error] :1:1: Premature end of file.
2025-08-12 21:52:42,980 [ERROR] LogOutputStream:75 - [STDERR_REDIRECT] 
2025-08-12 21:52:43,975 [ERROR] LogOutputStream:75 - [STDERR_REDIRECT] [Fatal Error] :1:1: Premature end of file.
2025-08-12 21:52:43,975 [ERROR] LogOutputStream:75 - [STDERR_REDIRECT] 
2025-08-12 21:52:44,979 [ERROR] LogOutputStream:75 - [STDERR_REDIRECT] [Fatal Error] :1:1: Premature end of file.
2025-08-12 21:52:44,980 [ERROR] LogOutputStream:75 - [STDERR_REDIRECT] 
2025-08-12 21:52:45,981 [ERROR] LogOutputStream:75 - [STDERR_REDIRECT] [Fatal Error] :1:1: Premature end of file.
2025-08-12 21:52:45,981 [ERROR] LogOutputStream:75 - [STDERR_REDIRECT] 
2025-08-12 21:52:46,976 [ERROR] LogOutputStream:75 - [STDERR_REDIRECT] [Fatal Error] :1:1: Premature end of file.
2025-08-12 21:52:46,976 [ERROR] LogOutputStream:75 - [STDERR_REDIRECT] 
2025-08-12 21:52:47,980 [ERROR] LogOutputStream:75 - [STDERR_REDIRECT] [Fatal Error] :1:1: Premature end of file.
2025-08-12 21:52:47,980 [ERROR] LogOutputStream:75 - [STDERR_REDIRECT] 
2025-08-12 21:52:48,957 [ERROR] LogOutputStream:75 - [STDERR_REDIRECT] [Fatal Error] :1:1: Premature end of file.
2025-08-12 21:52:48,957 [ERROR] LogOutputStream:75 - [STDERR_REDIRECT] 
2025-08-12 21:52:49,982 [ERROR] LogOutputStream:75 - [STDERR_REDIRECT] [Fatal Error] :1:1: Premature end of file.
2025-08-12 21:52:49,982 [ERROR] LogOutputStream:75 - [STDERR_REDIRECT] 
2025-08-12 21:52:50,975 [ERROR] LogOutputStream:75 - [STDERR_REDIRECT] [Fatal Error] :1:1: Premature end of file.
2025-08-12 21:52:50,976 [ERROR] LogOutputStream:75 - [STDERR_REDIRECT] 
2025-08-12 21:52:51,974 [ERROR] LogOutputStream:75 - [STDERR_REDIRECT] [Fatal Error] :1:1: Premature end of file.
2025-08-12 21:52:51,975 [ERROR] LogOutputStream:75 - [STDERR_REDIRECT] 
2025-08-12 21:52:52,972 [ERROR] LogOutputStream:75 - [STDERR_REDIRECT] [Fatal Error] :1:1: Premature end of file.
2025-08-12 21:52:52,972 [ERROR] LogOutputStream:75 - [STDERR_REDIRECT] 
2025-08-12 21:52:53,972 [ERROR] LogOutputStream:75 - [STDERR_REDIRECT] [Fatal Error] :1:1: Premature end of file.
2025-08-12 21:52:53,972 [ERROR] LogOutputStream:75 - [STDERR_REDIRECT] 
2025-08-12 21:52:54,980 [ERROR] LogOutputStream:75 - [STDERR_REDIRECT] [Fatal Error] :1:1: Premature end of file.
2025-08-12 21:52:54,980 [ERROR] LogOutputStream:75 - [STDERR_REDIRECT] 
2025-08-12 21:52:55,969 [ERROR] LogOutputStream:75 - [STDERR_REDIRECT] [Fatal Error] :1:1: Premature end of file.
2025-08-12 21:52:55,969 [ERROR] LogOutputStream:75 - [STDERR_REDIRECT] 
2025-08-12 21:52:56,974 [ERROR] LogOutputStream:75 - [STDERR_REDIRECT] [Fatal Error] :1:1: Premature end of file.
2025-08-12 21:52:56,974 [ERROR] LogOutputStream:75 - [STDERR_REDIRECT] 
2025-08-12 21:52:57,957 [ERROR] LogOutputStream:75 - [STDERR_REDIRECT] [Fatal Error] :1:1: Premature end of file.
2025-08-12 21:52:57,957 [ERROR] LogOutputStream:75 - [STDERR_REDIRECT] 
2025-08-12 21:52:58,957 [ERROR] LogOutputStream:75 - [STDERR_REDIRECT] [Fatal Error] :1:1: Premature end of file.
2025-08-12 21:52:58,957 [ERROR] LogOutputStream:75 - [STDERR_REDIRECT] 
2025-08-12 21:52:59,970 [ERROR] LogOutputStream:75 - [STDERR_REDIRECT] [Fatal Error] :1:1: Premature end of file.
2025-08-12 21:52:59,970 [ERROR] LogOutputStream:75 - [STDERR_REDIRECT] 
2025-08-12 21:53:00,965 [ERROR] LogOutputStream:75 - [STDERR_REDIRECT] [Fatal Error] :1:1: Premature end of file.
2025-08-12 21:53:00,965 [ERROR] LogOutputStream:75 - [STDERR_REDIRECT] 
2025-08-12 21:53:01,971 [ERROR] LogOutputStream:75 - [STDERR_REDIRECT] [Fatal Error] :1:1: Premature end of file.
2025-08-12 21:53:01,971 [ERROR] LogOutputStream:75 - [STDERR_REDIRECT] 
2025-08-12 21:53:02,964 [ERROR] LogOutputStream:75 - [STDERR_REDIRECT] [Fatal Error] :1:1: Premature end of file.
2025-08-12 21:53:02,974 [ERROR] LogOutputStream:75 - [STDERR_REDIRECT] 
2025-08-12 21:53:03,980 [ERROR] LogOutputStream:75 - [STDERR_REDIRECT] [Fatal Error] :1:1: Premature end of file.
2025-08-12 21:53:03,981 [ERROR] LogOutputStream:75 - [STDERR_REDIRECT] 
2025-08-12 21:53:04,973 [ERROR] LogOutputStream:75 - [STDERR_REDIRECT] [Fatal Error] :1:1: Premature end of file.
2025-08-12 21:53:04,973 [ERROR] LogOutputStream:75 - [STDERR_REDIRECT] 
2025-08-12 21:53:05,955 [ERROR] LogOutputStream:75 - [STDERR_REDIRECT] [Fatal Error] :1:1: Premature end of file.
2025-08-12 21:53:05,955 [ERROR] LogOutputStream:75 - [STDERR_REDIRECT] 
2025-08-12 21:53:06,967 [ERROR] LogOutputStream:75 - [STDERR_REDIRECT] [Fatal Error] :1:1: Premature end of file.
2025-08-12 21:53:06,967 [ERROR] LogOutputStream:75 - [STDERR_REDIRECT] 
2025-08-12 21:53:07,970 [ERROR] LogOutputStream:75 - [STDERR_REDIRECT] [Fatal Error] :1:1: Premature end of file.
2025-08-12 21:53:07,970 [ERROR] LogOutputStream:75 - [STDERR_REDIRECT] 
2025-08-12 21:53:08,959 [ERROR] LogOutputStream:75 - [STDERR_REDIRECT] [Fatal Error] :1:1: Premature end of file.
2025-08-12 21:53:08,959 [ERROR] LogOutputStream:75 - [STDERR_REDIRECT] 
2025-08-12 21:53:09,982 [ERROR] LogOutputStream:75 - [STDERR_REDIRECT] [Fatal Error] :1:1: Premature end of file.
2025-08-12 21:53:09,982 [ERROR] LogOutputStream:75 - [STDERR_REDIRECT] 
2025-08-12 21:53:10,976 [ERROR] LogOutputStream:75 - [STDERR_REDIRECT] [Fatal Error] :1:1: Premature end of file.
2025-08-12 21:53:10,976 [ERROR] LogOutputStream:75 - [STDERR_REDIRECT] 
2025-08-12 21:53:11,966 [ERROR] LogOutputStream:75 - [STDERR_REDIRECT] [Fatal Error] :1:1: Premature end of file.
2025-08-12 21:53:11,966 [ERROR] LogOutputStream:75 - [STDERR_REDIRECT] 
2025-08-12 21:53:12,983 [ERROR] LogOutputStream:75 - [STDERR_REDIRECT] [Fatal Error] :1:1: Premature end of file.
2025-08-12 21:53:12,983 [ERROR] LogOutputStream:75 - [STDERR_REDIRECT] 
2025-08-12 21:53:13,977 [ERROR] LogOutputStream:75 - [STDERR_REDIRECT] [Fatal Error] :1:1: Premature end of file.
2025-08-12 21:53:13,977 [ERROR] LogOutputStream:75 - [STDERR_REDIRECT] 
2025-08-12 21:53:14,970 [ERROR] LogOutputStream:75 - [STDERR_REDIRECT] [Fatal Error] :1:1: Premature end of file.
2025-08-12 21:53:14,970 [ERROR] LogOutputStream:75 - [STDERR_REDIRECT] 
2025-08-12 21:53:15,979 [ERROR] LogOutputStream:75 - [STDERR_REDIRECT] [Fatal Error] :1:1: Premature end of file.
2025-08-12 21:53:15,979 [ERROR] LogOutputStream:75 - [STDERR_REDIRECT] 
2025-08-12 21:53:16,972 [ERROR] LogOutputStream:75 - [STDERR_REDIRECT] [Fatal Error] :1:1: Premature end of file.
2025-08-12 21:53:16,972 [ERROR] LogOutputStream:75 - [STDERR_REDIRECT] 
2025-08-12 21:53:17,972 [ERROR] LogOutputStream:75 - [STDERR_REDIRECT] [Fatal Error] :1:1: Premature end of file.
2025-08-12 21:53:17,972 [ERROR] LogOutputStream:75 - [STDERR_REDIRECT] 
2025-08-12 21:53:18,974 [ERROR] LogOutputStream:75 - [STDERR_REDIRECT] [Fatal Error] :1:1: Premature end of file.
2025-08-12 21:53:18,974 [ERROR] LogOutputStream:75 - [STDERR_REDIRECT] 
2025-08-12 21:53:19,981 [ERROR] LogOutputStream:75 - [STDERR_REDIRECT] [Fatal Error] :1:1: Premature end of file.
2025-08-12 21:53:19,981 [ERROR] LogOutputStream:75 - [STDERR_REDIRECT] 
2025-08-12 21:53:21,008 [ERROR] LogOutputStream:75 - [STDERR_REDIRECT] [Fatal Error] :1:1: Premature end of file.
2025-08-12 21:53:21,008 [ERROR] LogOutputStream:75 - [STDERR_REDIRECT] 
2025-08-12 21:53:21,960 [ERROR] LogOutputStream:75 - [STDERR_REDIRECT] [Fatal Error] :1:1: Premature end of file.
2025-08-12 21:53:21,960 [ERROR] LogOutputStream:75 - [STDERR_REDIRECT] 
2025-08-12 21:53:22,977 [ERROR] LogOutputStream:75 - [STDERR_REDIRECT] [Fatal Error] :1:1: Premature end of file.
2025-08-12 21:53:22,977 [ERROR] LogOutputStream:75 - [STDERR_REDIRECT] 
2025-08-12 21:53:23,979 [ERROR] LogOutputStream:75 - [STDERR_REDIRECT] [Fatal Error] :1:1: Premature end of file.
2025-08-12 21:53:23,979 [ERROR] LogOutputStream:75 - [STDERR_REDIRECT] 
2025-08-12 21:53:24,971 [ERROR] LogOutputStream:75 - [STDERR_REDIRECT] [Fatal Error] :1:1: Premature end of file.
2025-08-12 21:53:24,971 [ERROR] LogOutputStream:75 - [STDERR_REDIRECT] 
2025-08-12 21:53:25,980 [ERROR] LogOutputStream:75 - [STDERR_REDIRECT] [Fatal Error] :1:1: Premature end of file.
2025-08-12 21:53:25,980 [ERROR] LogOutputStream:75 - [STDERR_REDIRECT] 
2025-08-12 21:53:26,980 [ERROR] LogOutputStream:75 - [STDERR_REDIRECT] [Fatal Error] :1:1: Premature end of file.
2025-08-12 21:53:26,980 [ERROR] LogOutputStream:75 - [STDERR_REDIRECT] 
2025-08-12 21:53:27,971 [ERROR] LogOutputStream:75 - [STDERR_REDIRECT] [Fatal Error] :1:1: Premature end of file.
2025-08-12 21:53:27,971 [ERROR] LogOutputStream:75 - [STDERR_REDIRECT] 
2025-08-12 21:53:28,974 [ERROR] LogOutputStream:75 - [STDERR_REDIRECT] [Fatal Error] :1:1: Premature end of file.
2025-08-12 21:53:28,974 [ERROR] LogOutputStream:75 - [STDERR_REDIRECT] 
2025-08-12 21:53:29,975 [ERROR] LogOutputStream:75 - [STDERR_REDIRECT] [Fatal Error] :1:1: Premature end of file.
2025-08-12 21:53:29,975 [ERROR] LogOutputStream:75 - [STDERR_REDIRECT] 
2025-08-12 21:53:30,977 [ERROR] LogOutputStream:75 - [STDERR_REDIRECT] [Fatal Error] :1:1: Premature end of file.
2025-08-12 21:53:30,977 [ERROR] LogOutputStream:75 - [STDERR_REDIRECT] 
2025-08-12 21:53:31,978 [ERROR] LogOutputStream:75 - [STDERR_REDIRECT] [Fatal Error] :1:1: Premature end of file.
2025-08-12 21:53:31,978 [ERROR] LogOutputStream:75 - [STDERR_REDIRECT] 
2025-08-12 21:53:32,982 [ERROR] LogOutputStream:75 - [STDERR_REDIRECT] [Fatal Error] :1:1: Premature end of file.
2025-08-12 21:53:32,982 [ERROR] LogOutputStream:75 - [STDERR_REDIRECT] 
2025-08-12 21:53:33,985 [ERROR] LogOutputStream:75 - [STDERR_REDIRECT] [Fatal Error] :1:1: Premature end of file.
2025-08-12 21:53:33,985 [ERROR] LogOutputStream:75 - [STDERR_REDIRECT] 
2025-08-12 21:53:34,971 [ERROR] LogOutputStream:75 - [STDERR_REDIRECT] [Fatal Error] :1:1: Premature end of file.
2025-08-12 21:53:34,971 [ERROR] LogOutputStream:75 - [STDERR_REDIRECT] 
2025-08-12 21:53:35,959 [ERROR] LogOutputStream:75 - [STDERR_REDIRECT] [Fatal Error] :1:1: Premature end of file.
2025-08-12 21:53:35,959 [ERROR] LogOutputStream:75 - [STDERR_REDIRECT] 
2025-08-12 21:53:36,995 [ERROR] LogOutputStream:75 - [STDERR_REDIRECT] [Fatal Error] :1:1: Premature end of file.
2025-08-12 21:53:36,995 [ERROR] LogOutputStream:75 - [STDERR_REDIRECT] 
2025-08-12 21:53:38,009 [ERROR] LogOutputStream:75 - [STDERR_REDIRECT] [Fatal Error] :1:1: Premature end of file.
2025-08-12 21:53:38,009 [ERROR] LogOutputStream:75 - [STDERR_REDIRECT] 
2025-08-12 21:53:38,996 [ERROR] LogOutputStream:75 - [STDERR_REDIRECT] [Fatal Error] :1:1: Premature end of file.
2025-08-12 21:53:38,996 [ERROR] LogOutputStream:75 - [STDERR_REDIRECT] 
2025-08-12 21:53:39,991 [ERROR] LogOutputStream:75 - [STDERR_REDIRECT] [Fatal Error] :1:1: Premature end of file.
2025-08-12 21:53:39,991 [ERROR] LogOutputStream:75 - [STDERR_REDIRECT] 
2025-08-12 21:53:40,968 [ERROR] LogOutputStream:75 - [STDERR_REDIRECT] [Fatal Error] :1:1: Premature end of file.
2025-08-12 21:53:40,968 [ERROR] LogOutputStream:75 - [STDERR_REDIRECT] 
2025-08-12 21:53:41,980 [ERROR] LogOutputStream:75 - [STDERR_REDIRECT] [Fatal Error] :1:1: Premature end of file.
2025-08-12 21:53:41,981 [ERROR] LogOutputStream:75 - [STDERR_REDIRECT] 
2025-08-12 21:53:42,972 [ERROR] LogOutputStream:75 - [STDERR_REDIRECT] [Fatal Error] :1:1: Premature end of file.
2025-08-12 21:53:42,973 [ERROR] LogOutputStream:75 - [STDERR_REDIRECT] 
2025-08-12 21:53:43,970 [ERROR] LogOutputStream:75 - [STDERR_REDIRECT] [Fatal Error] :1:1: Premature end of file.
2025-08-12 21:53:43,970 [ERROR] LogOutputStream:75 - [STDERR_REDIRECT] 
2025-08-12 21:53:44,968 [ERROR] LogOutputStream:75 - [STDERR_REDIRECT] [Fatal Error] :1:1: Premature end of file.
2025-08-12 21:53:44,969 [ERROR] LogOutputStream:75 - [STDERR_REDIRECT] 
2025-08-12 21:53:45,974 [ERROR] LogOutputStream:75 - [STDERR_REDIRECT] [Fatal Error] :1:1: Premature end of file.
2025-08-12 21:53:45,974 [ERROR] LogOutputStream:75 - [STDERR_REDIRECT] 
2025-08-12 21:53:46,978 [ERROR] LogOutputStream:75 - [STDERR_REDIRECT] [Fatal Error] :1:1: Premature end of file.
2025-08-12 21:53:46,978 [ERROR] LogOutputStream:75 - [STDERR_REDIRECT] 
2025-08-12 21:53:47,983 [ERROR] LogOutputStream:75 - [STDERR_REDIRECT] [Fatal Error] :1:1: Premature end of file.
2025-08-12 21:53:47,983 [ERROR] LogOutputStream:75 - [STDERR_REDIRECT] 
2025-08-12 21:53:48,965 [ERROR] LogOutputStream:75 - [STDERR_REDIRECT] [Fatal Error] :1:1: Premature end of file.
2025-08-12 21:53:48,965 [ERROR] LogOutputStream:75 - [STDERR_REDIRECT] 
2025-08-12 21:53:49,973 [ERROR] LogOutputStream:75 - [STDERR_REDIRECT] [Fatal Error] :1:1: Premature end of file.
2025-08-12 21:53:49,973 [ERROR] LogOutputStream:75 - [STDERR_REDIRECT] 
2025-08-12 21:53:50,964 [ERROR] LogOutputStream:75 - [STDERR_REDIRECT] [Fatal Error] :1:1: Premature end of file.
2025-08-12 21:53:50,964 [ERROR] LogOutputStream:75 - [STDERR_REDIRECT] 
2025-08-12 21:53:51,980 [ERROR] LogOutputStream:75 - [STDERR_REDIRECT] [Fatal Error] :1:1: Premature end of file.
2025-08-12 21:53:51,980 [ERROR] LogOutputStream:75 - [STDERR_REDIRECT] 
2025-08-12 21:53:52,962 [ERROR] LogOutputStream:75 - [STDERR_REDIRECT] [Fatal Error] :1:1: Premature end of file.
2025-08-12 21:53:52,963 [ERROR] LogOutputStream:75 - [STDERR_REDIRECT] 
2025-08-12 21:53:53,983 [ERROR] LogOutputStream:75 - [STDERR_REDIRECT] [Fatal Error] :1:1: Premature end of file.
2025-08-12 21:53:53,983 [ERROR] LogOutputStream:75 - [STDERR_REDIRECT] 
2025-08-12 21:53:54,980 [ERROR] LogOutputStream:75 - [STDERR_REDIRECT] [Fatal Error] :1:1: Premature end of file.
2025-08-12 21:53:54,980 [ERROR] LogOutputStream:75 - [STDERR_REDIRECT] 
2025-08-12 21:53:55,973 [ERROR] LogOutputStream:75 - [STDERR_REDIRECT] [Fatal Error] :1:1: Premature end of file.
2025-08-12 21:53:55,973 [ERROR] LogOutputStream:75 - [STDERR_REDIRECT] 
2025-08-12 21:53:56,993 [ERROR] LogOutputStream:75 - [STDERR_REDIRECT] [Fatal Error] :1:1: Premature end of file.
2025-08-12 21:53:56,993 [ERROR] LogOutputStream:75 - [STDERR_REDIRECT] 
2025-08-12 21:53:57,973 [ERROR] LogOutputStream:75 - [STDERR_REDIRECT] [Fatal Error] :1:1: Premature end of file.
2025-08-12 21:53:57,973 [ERROR] LogOutputStream:75 - [STDERR_REDIRECT] 
2025-08-12 21:53:58,974 [ERROR] LogOutputStream:75 - [STDERR_REDIRECT] [Fatal Error] :1:1: Premature end of file.
2025-08-12 21:53:58,974 [ERROR] LogOutputStream:75 - [STDERR_REDIRECT] 
2025-08-12 21:53:59,969 [ERROR] LogOutputStream:75 - [STDERR_REDIRECT] [Fatal Error] :1:1: Premature end of file.
2025-08-12 21:53:59,969 [ERROR] LogOutputStream:75 - [STDERR_REDIRECT] 
2025-08-12 21:54:00,969 [ERROR] LogOutputStream:75 - [STDERR_REDIRECT] [Fatal Error] :1:1: Premature end of file.
2025-08-12 21:54:00,969 [ERROR] LogOutputStream:75 - [STDERR_REDIRECT] 
2025-08-12 21:54:01,973 [ERROR] LogOutputStream:75 - [STDERR_REDIRECT] [Fatal Error] :1:1: Premature end of file.
2025-08-12 21:54:01,973 [ERROR] LogOutputStream:75 - [STDERR_REDIRECT] 
2025-08-12 21:54:02,975 [ERROR] LogOutputStream:75 - [STDERR_REDIRECT] [Fatal Error] :1:1: Premature end of file.
2025-08-12 21:54:02,975 [ERROR] LogOutputStream:75 - [STDERR_REDIRECT] 
2025-08-12 21:54:03,971 [ERROR] LogOutputStream:75 - [STDERR_REDIRECT] [Fatal Error] :1:1: Premature end of file.
2025-08-12 21:54:03,971 [ERROR] LogOutputStream:75 - [STDERR_REDIRECT] 
2025-08-12 21:54:04,958 [ERROR] LogOutputStream:75 - [STDERR_REDIRECT] [Fatal Error] :1:1: Premature end of file.
2025-08-12 21:54:04,958 [ERROR] LogOutputStream:75 - [STDERR_REDIRECT] 
2025-08-12 21:54:05,985 [ERROR] LogOutputStream:75 - [STDERR_REDIRECT] [Fatal Error] :1:1: Premature end of file.
2025-08-12 21:54:05,985 [ERROR] LogOutputStream:75 - [STDERR_REDIRECT] 
2025-08-12 21:54:06,980 [ERROR] LogOutputStream:75 - [STDERR_REDIRECT] [Fatal Error] :1:1: Premature end of file.
2025-08-12 21:54:06,980 [ERROR] LogOutputStream:75 - [STDERR_REDIRECT] 
2025-08-12 21:54:07,972 [ERROR] LogOutputStream:75 - [STDERR_REDIRECT] [Fatal Error] :1:1: Premature end of file.
2025-08-12 21:54:07,972 [ERROR] LogOutputStream:75 - [STDERR_REDIRECT] 
2025-08-12 21:54:08,984 [ERROR] LogOutputStream:75 - [STDERR_REDIRECT] [Fatal Error] :1:1: Premature end of file.
2025-08-12 21:54:08,984 [ERROR] LogOutputStream:75 - [STDERR_REDIRECT] 
2025-08-12 21:54:09,971 [ERROR] LogOutputStream:75 - [STDERR_REDIRECT] [Fatal Error] :1:1: Premature end of file.
2025-08-12 21:54:09,972 [ERROR] LogOutputStream:75 - [STDERR_REDIRECT] 
2025-08-12 21:54:10,963 [ERROR] LogOutputStream:75 - [STDERR_REDIRECT] [Fatal Error] :1:1: Premature end of file.
2025-08-12 21:54:10,963 [ERROR] LogOutputStream:75 - [STDERR_REDIRECT] 
2025-08-12 21:54:11,969 [ERROR] LogOutputStream:75 - [STDERR_REDIRECT] [Fatal Error] :1:1: Premature end of file.
2025-08-12 21:54:11,969 [ERROR] LogOutputStream:75 - [STDERR_REDIRECT] 
2025-08-12 21:54:12,968 [ERROR] LogOutputStream:75 - [STDERR_REDIRECT] [Fatal Error] :1:1: Premature end of file.
2025-08-12 21:54:12,968 [ERROR] LogOutputStream:75 - [STDERR_REDIRECT] 
2025-08-12 21:54:13,975 [ERROR] LogOutputStream:75 - [STDERR_REDIRECT] [Fatal Error] :1:1: Premature end of file.
2025-08-12 21:54:13,975 [ERROR] LogOutputStream:75 - [STDERR_REDIRECT] 
2025-08-12 21:54:14,981 [ERROR] LogOutputStream:75 - [STDERR_REDIRECT] [Fatal Error] :1:1: Premature end of file.
2025-08-12 21:54:14,982 [ERROR] LogOutputStream:75 - [STDERR_REDIRECT] 
2025-08-12 21:54:15,964 [ERROR] LogOutputStream:75 - [STDERR_REDIRECT] [Fatal Error] :1:1: Premature end of file.
2025-08-12 21:54:15,964 [ERROR] LogOutputStream:75 - [STDERR_REDIRECT] 
2025-08-12 21:54:16,974 [ERROR] LogOutputStream:75 - [STDERR_REDIRECT] [Fatal Error] :1:1: Premature end of file.
2025-08-12 21:54:16,974 [ERROR] LogOutputStream:75 - [STDERR_REDIRECT] 
2025-08-12 21:54:17,978 [ERROR] LogOutputStream:75 - [STDERR_REDIRECT] [Fatal Error] :1:1: Premature end of file.
2025-08-12 21:54:17,978 [ERROR] LogOutputStream:75 - [STDERR_REDIRECT] 
2025-08-12 21:54:18,961 [ERROR] LogOutputStream:75 - [STDERR_REDIRECT] [Fatal Error] :1:1: Premature end of file.
2025-08-12 21:54:18,961 [ERROR] LogOutputStream:75 - [STDERR_REDIRECT] 
2025-08-12 21:54:19,956 [ERROR] LogOutputStream:75 - [STDERR_REDIRECT] [Fatal Error] :1:1: Premature end of file.
2025-08-12 21:54:19,956 [ERROR] LogOutputStream:75 - [STDERR_REDIRECT] 
2025-08-12 21:54:20,975 [ERROR] LogOutputStream:75 - [STDERR_REDIRECT] [Fatal Error] :1:1: Premature end of file.
2025-08-12 21:54:20,975 [ERROR] LogOutputStream:75 - [STDERR_REDIRECT] 
2025-08-12 21:54:21,989 [ERROR] LogOutputStream:75 - [STDERR_REDIRECT] [Fatal Error] :1:1: Premature end of file.
2025-08-12 21:54:21,989 [ERROR] LogOutputStream:75 - [STDERR_REDIRECT] 
2025-08-12 21:54:22,968 [ERROR] LogOutputStream:75 - [STDERR_REDIRECT] [Fatal Error] :1:1: Premature end of file.
2025-08-12 21:54:22,968 [ERROR] LogOutputStream:75 - [STDERR_REDIRECT] 
2025-08-12 21:54:23,978 [ERROR] LogOutputStream:75 - [STDERR_REDIRECT] [Fatal Error] :1:1: Premature end of file.
2025-08-12 21:54:23,978 [ERROR] LogOutputStream:75 - [STDERR_REDIRECT] 
2025-08-12 21:54:24,981 [ERROR] LogOutputStream:75 - [STDERR_REDIRECT] [Fatal Error] :1:1: Premature end of file.
2025-08-12 21:54:24,981 [ERROR] LogOutputStream:75 - [STDERR_REDIRECT] 
2025-08-12 21:54:25,978 [ERROR] LogOutputStream:75 - [STDERR_REDIRECT] [Fatal Error] :1:1: Premature end of file.
2025-08-12 21:54:25,978 [ERROR] LogOutputStream:75 - [STDERR_REDIRECT] 
2025-08-12 21:54:26,964 [ERROR] LogOutputStream:75 - [STDERR_REDIRECT] [Fatal Error] :1:1: Premature end of file.
2025-08-12 21:54:26,964 [ERROR] LogOutputStream:75 - [STDERR_REDIRECT] 
2025-08-12 21:54:27,992 [ERROR] LogOutputStream:75 - [STDERR_REDIRECT] [Fatal Error] :1:1: Premature end of file.
2025-08-12 21:54:27,992 [ERROR] LogOutputStream:75 - [STDERR_REDIRECT] 
2025-08-12 21:54:28,963 [ERROR] LogOutputStream:75 - [STDERR_REDIRECT] [Fatal Error] :1:1: Premature end of file.
2025-08-12 21:54:28,963 [ERROR] LogOutputStream:75 - [STDERR_REDIRECT] 
2025-08-12 21:54:29,976 [ERROR] LogOutputStream:75 - [STDERR_REDIRECT] [Fatal Error] :1:1: Premature end of file.
2025-08-12 21:54:29,976 [ERROR] LogOutputStream:75 - [STDERR_REDIRECT] 
2025-08-12 21:54:30,971 [ERROR] LogOutputStream:75 - [STDERR_REDIRECT] [Fatal Error] :1:1: Premature end of file.
2025-08-12 21:54:30,971 [ERROR] LogOutputStream:75 - [STDERR_REDIRECT] 
2025-08-12 21:54:31,990 [ERROR] LogOutputStream:75 - [STDERR_REDIRECT] [Fatal Error] :1:1: Premature end of file.
2025-08-12 21:54:31,990 [ERROR] LogOutputStream:75 - [STDERR_REDIRECT] 
2025-08-12 21:54:33,005 [ERROR] LogOutputStream:75 - [STDERR_REDIRECT] [Fatal Error] :1:1: Premature end of file.
2025-08-12 21:54:33,005 [ERROR] LogOutputStream:75 - [STDERR_REDIRECT] 
2025-08-12 21:54:33,980 [ERROR] LogOutputStream:75 - [STDERR_REDIRECT] [Fatal Error] :1:1: Premature end of file.
2025-08-12 21:54:33,990 [ERROR] LogOutputStream:75 - [STDERR_REDIRECT] 
2025-08-12 21:54:34,972 [ERROR] LogOutputStream:75 - [STDERR_REDIRECT] [Fatal Error] :1:1: Premature end of file.
2025-08-12 21:54:34,985 [ERROR] LogOutputStream:75 - [STDERR_REDIRECT] 
2025-08-12 21:54:35,973 [ERROR] LogOutputStream:75 - [STDERR_REDIRECT] [Fatal Error] :1:1: Premature end of file.
2025-08-12 21:54:35,973 [ERROR] LogOutputStream:75 - [STDERR_REDIRECT] 
2025-08-12 21:54:37,005 [ERROR] LogOutputStream:75 - [STDERR_REDIRECT] [Fatal Error] :1:1: Premature end of file.
2025-08-12 21:54:37,005 [ERROR] LogOutputStream:75 - [STDERR_REDIRECT] 
2025-08-12 21:54:37,988 [ERROR] LogOutputStream:75 - [STDERR_REDIRECT] [Fatal Error] :1:1: Premature end of file.
2025-08-12 21:54:37,988 [ERROR] LogOutputStream:75 - [STDERR_REDIRECT] 
2025-08-12 21:54:38,984 [ERROR] LogOutputStream:75 - [STDERR_REDIRECT] [Fatal Error] :1:1: Premature end of file.
2025-08-12 21:54:38,984 [ERROR] LogOutputStream:75 - [STDERR_REDIRECT] 
2025-08-12 21:54:39,972 [ERROR] LogOutputStream:75 - [STDERR_REDIRECT] [Fatal Error] :1:1: Premature end of file.
2025-08-12 21:54:39,972 [ERROR] LogOutputStream:75 - [STDERR_REDIRECT] 
2025-08-12 21:54:40,959 [ERROR] LogOutputStream:75 - [STDERR_REDIRECT] [Fatal Error] :1:1: Premature end of file.
2025-08-12 21:54:40,959 [ERROR] LogOutputStream:75 - [STDERR_REDIRECT] 
2025-08-12 21:54:41,985 [ERROR] LogOutputStream:75 - [STDERR_REDIRECT] [Fatal Error] :1:1: Premature end of file.
2025-08-12 21:54:41,985 [ERROR] LogOutputStream:75 - [STDERR_REDIRECT] 
2025-08-12 21:54:42,994 [ERROR] LogOutputStream:75 - [STDERR_REDIRECT] [Fatal Error] :1:1: Premature end of file.
2025-08-12 21:54:42,995 [ERROR] LogOutputStream:75 - [STDERR_REDIRECT] 
2025-08-12 21:54:43,972 [ERROR] LogOutputStream:75 - [STDERR_REDIRECT] [Fatal Error] :1:1: Premature end of file.
2025-08-12 21:54:43,972 [ERROR] LogOutputStream:75 - [STDERR_REDIRECT] 
2025-08-12 21:54:44,977 [ERROR] LogOutputStream:75 - [STDERR_REDIRECT] [Fatal Error] :1:1: Premature end of file.
2025-08-12 21:54:44,977 [ERROR] LogOutputStream:75 - [STDERR_REDIRECT] 
2025-08-12 21:54:45,980 [ERROR] LogOutputStream:75 - [STDERR_REDIRECT] [Fatal Error] :1:1: Premature end of file.
2025-08-12 21:54:45,980 [ERROR] LogOutputStream:75 - [STDERR_REDIRECT] 
2025-08-12 21:54:46,989 [ERROR] LogOutputStream:75 - [STDERR_REDIRECT] [Fatal Error] :1:1: Premature end of file.
2025-08-12 21:54:46,989 [ERROR] LogOutputStream:75 - [STDERR_REDIRECT] 
2025-08-12 21:54:47,971 [ERROR] LogOutputStream:75 - [STDERR_REDIRECT] [Fatal Error] :1:1: Premature end of file.
2025-08-12 21:54:47,971 [ERROR] LogOutputStream:75 - [STDERR_REDIRECT] 
2025-08-12 21:54:48,974 [ERROR] LogOutputStream:75 - [STDERR_REDIRECT] [Fatal Error] :1:1: Premature end of file.
2025-08-12 21:54:48,974 [ERROR] LogOutputStream:75 - [STDERR_REDIRECT] 
2025-08-12 21:54:49,970 [ERROR] LogOutputStream:75 - [STDERR_REDIRECT] [Fatal Error] :1:1: Premature end of file.
2025-08-12 21:54:49,970 [ERROR] LogOutputStream:75 - [STDERR_REDIRECT] 
2025-08-12 21:54:50,980 [ERROR] LogOutputStream:75 - [STDERR_REDIRECT] [Fatal Error] :1:1: Premature end of file.
2025-08-12 21:54:50,980 [ERROR] LogOutputStream:75 - [STDERR_REDIRECT] 
2025-08-12 21:54:51,977 [ERROR] LogOutputStream:75 - [STDERR_REDIRECT] [Fatal Error] :1:1: Premature end of file.
2025-08-12 21:54:51,977 [ERROR] LogOutputStream:75 - [STDERR_REDIRECT] 
2025-08-12 21:54:52,960 [ERROR] LogOutputStream:75 - [STDERR_REDIRECT] [Fatal Error] :1:1: Premature end of file.
2025-08-12 21:54:52,961 [ERROR] LogOutputStream:75 - [STDERR_REDIRECT] 
2025-08-12 21:54:53,967 [ERROR] LogOutputStream:75 - [STDERR_REDIRECT] [Fatal Error] :1:1: Premature end of file.
2025-08-12 21:54:53,967 [ERROR] LogOutputStream:75 - [STDERR_REDIRECT] 
2025-08-12 21:54:54,956 [ERROR] LogOutputStream:75 - [STDERR_REDIRECT] [Fatal Error] :1:1: Premature end of file.
2025-08-12 21:54:54,956 [ERROR] LogOutputStream:75 - [STDERR_REDIRECT] 
2025-08-12 21:54:55,963 [ERROR] LogOutputStream:75 - [STDERR_REDIRECT] [Fatal Error] :1:1: Premature end of file.
2025-08-12 21:54:55,963 [ERROR] LogOutputStream:75 - [STDERR_REDIRECT] 
2025-08-12 21:54:56,975 [ERROR] LogOutputStream:75 - [STDERR_REDIRECT] [Fatal Error] :1:1: Premature end of file.
2025-08-12 21:54:56,975 [ERROR] LogOutputStream:75 - [STDERR_REDIRECT] 
2025-08-12 21:54:57,978 [ERROR] LogOutputStream:75 - [STDERR_REDIRECT] [Fatal Error] :1:1: Premature end of file.
2025-08-12 21:54:57,978 [ERROR] LogOutputStream:75 - [STDERR_REDIRECT] 
2025-08-12 21:54:58,973 [ERROR] LogOutputStream:75 - [STDERR_REDIRECT] [Fatal Error] :1:1: Premature end of file.
2025-08-12 21:54:58,973 [ERROR] LogOutputStream:75 - [STDERR_REDIRECT] 
2025-08-12 21:54:59,969 [ERROR] LogOutputStream:75 - [STDERR_REDIRECT] [Fatal Error] :1:1: Premature end of file.
2025-08-12 21:54:59,969 [ERROR] LogOutputStream:75 - [STDERR_REDIRECT] 
2025-08-12 21:55:00,999 [ERROR] LogOutputStream:75 - [STDERR_REDIRECT] [Fatal Error] :1:1: Premature end of file.
2025-08-12 21:55:00,999 [ERROR] LogOutputStream:75 - [STDERR_REDIRECT] 
2025-08-12 21:55:01,989 [ERROR] LogOutputStream:75 - [STDERR_REDIRECT] [Fatal Error] :1:1: Premature end of file.
2025-08-12 21:55:01,989 [ERROR] LogOutputStream:75 - [STDERR_REDIRECT] 
2025-08-12 21:55:02,973 [ERROR] LogOutputStream:75 - [STDERR_REDIRECT] [Fatal Error] :1:1: Premature end of file.
2025-08-12 21:55:02,973 [ERROR] LogOutputStream:75 - [STDERR_REDIRECT] 
2025-08-12 21:55:03,978 [ERROR] LogOutputStream:75 - [STDERR_REDIRECT] [Fatal Error] :1:1: Premature end of file.
2025-08-12 21:55:03,979 [ERROR] LogOutputStream:75 - [STDERR_REDIRECT] 
2025-08-12 21:55:04,972 [ERROR] LogOutputStream:75 - [STDERR_REDIRECT] [Fatal Error] :1:1: Premature end of file.
2025-08-12 21:55:04,972 [ERROR] LogOutputStream:75 - [STDERR_REDIRECT] 
2025-08-12 21:55:05,984 [ERROR] LogOutputStream:75 - [STDERR_REDIRECT] [Fatal Error] :1:1: Premature end of file.
2025-08-12 21:55:05,984 [ERROR] LogOutputStream:75 - [STDERR_REDIRECT] 
2025-08-12 21:55:06,979 [ERROR] LogOutputStream:75 - [STDERR_REDIRECT] [Fatal Error] :1:1: Premature end of file.
2025-08-12 21:55:06,979 [ERROR] LogOutputStream:75 - [STDERR_REDIRECT] 
2025-08-12 21:55:07,972 [ERROR] LogOutputStream:75 - [STDERR_REDIRECT] [Fatal Error] :1:1: Premature end of file.
2025-08-12 21:55:07,972 [ERROR] LogOutputStream:75 - [STDERR_REDIRECT] 
2025-08-12 21:55:08,969 [ERROR] LogOutputStream:75 - [STDERR_REDIRECT] [Fatal Error] :1:1: Premature end of file.
2025-08-12 21:55:08,969 [ERROR] LogOutputStream:75 - [STDERR_REDIRECT] 
2025-08-12 21:55:09,974 [ERROR] LogOutputStream:75 - [STDERR_REDIRECT] [Fatal Error] :1:1: Premature end of file.
2025-08-12 21:55:09,974 [ERROR] LogOutputStream:75 - [STDERR_REDIRECT] 
2025-08-12 21:55:10,956 [ERROR] LogOutputStream:75 - [STDERR_REDIRECT] [Fatal Error] :1:1: Premature end of file.
2025-08-12 21:55:10,956 [ERROR] LogOutputStream:75 - [STDERR_REDIRECT] 
2025-08-12 21:55:11,983 [ERROR] LogOutputStream:75 - [STDERR_REDIRECT] [Fatal Error] :1:1: Premature end of file.
2025-08-12 21:55:11,983 [ERROR] LogOutputStream:75 - [STDERR_REDIRECT] 
2025-08-12 21:55:12,977 [ERROR] LogOutputStream:75 - [STDERR_REDIRECT] [Fatal Error] :1:1: Premature end of file.
2025-08-12 21:55:12,977 [ERROR] LogOutputStream:75 - [STDERR_REDIRECT] 
2025-08-12 21:55:13,975 [ERROR] LogOutputStream:75 - [STDERR_REDIRECT] [Fatal Error] :1:1: Premature end of file.
2025-08-12 21:55:13,975 [ERROR] LogOutputStream:75 - [STDERR_REDIRECT] 
2025-08-12 21:55:14,983 [ERROR] LogOutputStream:75 - [STDERR_REDIRECT] [Fatal Error] :1:1: Premature end of file.
2025-08-12 21:55:14,983 [ERROR] LogOutputStream:75 - [STDERR_REDIRECT] 
2025-08-12 21:55:15,979 [ERROR] LogOutputStream:75 - [STDERR_REDIRECT] [Fatal Error] :1:1: Premature end of file.
2025-08-12 21:55:15,979 [ERROR] LogOutputStream:75 - [STDERR_REDIRECT] 
2025-08-12 21:55:16,967 [ERROR] LogOutputStream:75 - [STDERR_REDIRECT] [Fatal Error] :1:1: Premature end of file.
2025-08-12 21:55:16,967 [ERROR] LogOutputStream:75 - [STDERR_REDIRECT] 
2025-08-12 21:55:17,985 [ERROR] LogOutputStream:75 - [STDERR_REDIRECT] [Fatal Error] :1:1: Premature end of file.
2025-08-12 21:55:17,985 [ERROR] LogOutputStream:75 - [STDERR_REDIRECT] 
2025-08-12 21:55:18,976 [ERROR] LogOutputStream:75 - [STDERR_REDIRECT] [Fatal Error] :1:1: Premature end of file.
2025-08-12 21:55:18,976 [ERROR] LogOutputStream:75 - [STDERR_REDIRECT] 
2025-08-12 21:55:20,022 [ERROR] LogOutputStream:75 - [STDERR_REDIRECT] [Fatal Error] :1:1: Premature end of file.
2025-08-12 21:55:20,022 [ERROR] LogOutputStream:75 - [STDERR_REDIRECT] 
2025-08-12 21:55:20,969 [ERROR] LogOutputStream:75 - [STDERR_REDIRECT] [Fatal Error] :1:1: Premature end of file.
2025-08-12 21:55:20,969 [ERROR] LogOutputStream:75 - [STDERR_REDIRECT] 
2025-08-12 21:55:21,965 [ERROR] LogOutputStream:75 - [STDERR_REDIRECT] [Fatal Error] :1:1: Premature end of file.
2025-08-12 21:55:21,965 [ERROR] LogOutputStream:75 - [STDERR_REDIRECT] 
2025-08-12 21:55:22,975 [ERROR] LogOutputStream:75 - [STDERR_REDIRECT] [Fatal Error] :1:1: Premature end of file.
2025-08-12 21:55:22,975 [ERROR] LogOutputStream:75 - [STDERR_REDIRECT] 
2025-08-12 21:55:23,984 [ERROR] LogOutputStream:75 - [STDERR_REDIRECT] [Fatal Error] :1:1: Premature end of file.
2025-08-12 21:55:23,984 [ERROR] LogOutputStream:75 - [STDERR_REDIRECT] 
2025-08-12 21:55:24,975 [ERROR] LogOutputStream:75 - [STDERR_REDIRECT] [Fatal Error] :1:1: Premature end of file.
2025-08-12 21:55:24,975 [ERROR] LogOutputStream:75 - [STDERR_REDIRECT] 
2025-08-12 21:55:25,973 [ERROR] LogOutputStream:75 - [STDERR_REDIRECT] [Fatal Error] :1:1: Premature end of file.
2025-08-12 21:55:25,973 [ERROR] LogOutputStream:75 - [STDERR_REDIRECT] 
2025-08-12 21:55:26,987 [ERROR] LogOutputStream:75 - [STDERR_REDIRECT] [Fatal Error] :1:1: Premature end of file.
2025-08-12 21:55:26,987 [ERROR] LogOutputStream:75 - [STDERR_REDIRECT] 
2025-08-12 21:55:27,980 [ERROR] LogOutputStream:75 - [STDERR_REDIRECT] [Fatal Error] :1:1: Premature end of file.
2025-08-12 21:55:27,980 [ERROR] LogOutputStream:75 - [STDERR_REDIRECT] 
2025-08-12 21:55:28,984 [ERROR] LogOutputStream:75 - [STDERR_REDIRECT] [Fatal Error] :1:1: Premature end of file.
2025-08-12 21:55:28,985 [ERROR] LogOutputStream:75 - [STDERR_REDIRECT] 
2025-08-12 21:55:29,975 [ERROR] LogOutputStream:75 - [STDERR_REDIRECT] [Fatal Error] :1:1: Premature end of file.
2025-08-12 21:55:29,975 [ERROR] LogOutputStream:75 - [STDERR_REDIRECT] 
2025-08-12 21:55:30,963 [ERROR] LogOutputStream:75 - [STDERR_REDIRECT] [Fatal Error] :1:1: Premature end of file.
2025-08-12 21:55:30,963 [ERROR] LogOutputStream:75 - [STDERR_REDIRECT] 
2025-08-12 21:55:31,972 [ERROR] LogOutputStream:75 - [STDERR_REDIRECT] [Fatal Error] :1:1: Premature end of file.
2025-08-12 21:55:31,972 [ERROR] LogOutputStream:75 - [STDERR_REDIRECT] 
2025-08-12 21:55:32,989 [ERROR] LogOutputStream:75 - [STDERR_REDIRECT] [Fatal Error] :1:1: Premature end of file.
2025-08-12 21:55:32,989 [ERROR] LogOutputStream:75 - [STDERR_REDIRECT] 
2025-08-12 21:55:33,969 [ERROR] LogOutputStream:75 - [STDERR_REDIRECT] [Fatal Error] :1:1: Premature end of file.
2025-08-12 21:55:33,970 [ERROR] LogOutputStream:75 - [STDERR_REDIRECT] 
2025-08-12 21:55:34,972 [ERROR] LogOutputStream:75 - [STDERR_REDIRECT] [Fatal Error] :1:1: Premature end of file.
2025-08-12 21:55:34,972 [ERROR] LogOutputStream:75 - [STDERR_REDIRECT] 
2025-08-12 21:55:35,982 [ERROR] LogOutputStream:75 - [STDERR_REDIRECT] [Fatal Error] :1:1: Premature end of file.
2025-08-12 21:55:35,982 [ERROR] LogOutputStream:75 - [STDERR_REDIRECT] 
2025-08-12 21:55:36,981 [ERROR] LogOutputStream:75 - [STDERR_REDIRECT] [Fatal Error] :1:1: Premature end of file.
2025-08-12 21:55:36,981 [ERROR] LogOutputStream:75 - [STDERR_REDIRECT] 
2025-08-12 21:55:37,973 [ERROR] LogOutputStream:75 - [STDERR_REDIRECT] [Fatal Error] :1:1: Premature end of file.
2025-08-12 21:55:37,973 [ERROR] LogOutputStream:75 - [STDERR_REDIRECT] 
2025-08-12 21:55:38,992 [ERROR] LogOutputStream:75 - [STDERR_REDIRECT] [Fatal Error] :1:1: Premature end of file.
2025-08-12 21:55:38,992 [ERROR] LogOutputStream:75 - [STDERR_REDIRECT] 
2025-08-12 21:55:39,978 [ERROR] LogOutputStream:75 - [STDERR_REDIRECT] [Fatal Error] :1:1: Premature end of file.
2025-08-12 21:55:39,978 [ERROR] LogOutputStream:75 - [STDERR_REDIRECT] 
2025-08-12 21:55:40,974 [ERROR] LogOutputStream:75 - [STDERR_REDIRECT] [Fatal Error] :1:1: Premature end of file.
2025-08-12 21:55:40,974 [ERROR] LogOutputStream:75 - [STDERR_REDIRECT] 
2025-08-12 21:55:41,971 [ERROR] LogOutputStream:75 - [STDERR_REDIRECT] [Fatal Error] :1:1: Premature end of file.
2025-08-12 21:55:41,971 [ERROR] LogOutputStream:75 - [STDERR_REDIRECT] 
2025-08-12 21:55:42,977 [ERROR] LogOutputStream:75 - [STDERR_REDIRECT] [Fatal Error] :1:1: Premature end of file.
2025-08-12 21:55:42,977 [ERROR] LogOutputStream:75 - [STDERR_REDIRECT] 
2025-08-12 21:55:43,975 [ERROR] LogOutputStream:75 - [STDERR_REDIRECT] [Fatal Error] :1:1: Premature end of file.
2025-08-12 21:55:43,975 [ERROR] LogOutputStream:75 - [STDERR_REDIRECT] 
2025-08-12 21:55:44,974 [ERROR] LogOutputStream:75 - [STDERR_REDIRECT] [Fatal Error] :1:1: Premature end of file.
2025-08-12 21:55:44,974 [ERROR] LogOutputStream:75 - [STDERR_REDIRECT] 
2025-08-12 21:55:45,955 [ERROR] LogOutputStream:75 - [STDERR_REDIRECT] [Fatal Error] :1:1: Premature end of file.
2025-08-12 21:55:45,955 [ERROR] LogOutputStream:75 - [STDERR_REDIRECT] 
2025-08-12 21:55:46,958 [ERROR] LogOutputStream:75 - [STDERR_REDIRECT] [Fatal Error] :1:1: Premature end of file.
2025-08-12 21:55:46,958 [ERROR] LogOutputStream:75 - [STDERR_REDIRECT] 
2025-08-12 21:55:47,972 [ERROR] LogOutputStream:75 - [STDERR_REDIRECT] [Fatal Error] :1:1: Premature end of file.
2025-08-12 21:55:47,973 [ERROR] LogOutputStream:75 - [STDERR_REDIRECT] 
2025-08-12 21:55:48,957 [ERROR] LogOutputStream:75 - [STDERR_REDIRECT] [Fatal Error] :1:1: Premature end of file.
2025-08-12 21:55:48,957 [ERROR] LogOutputStream:75 - [STDERR_REDIRECT] 
2025-08-12 21:55:49,972 [ERROR] LogOutputStream:75 - [STDERR_REDIRECT] [Fatal Error] :1:1: Premature end of file.
2025-08-12 21:55:49,972 [ERROR] LogOutputStream:75 - [STDERR_REDIRECT] 
2025-08-12 21:55:50,974 [ERROR] LogOutputStream:75 - [STDERR_REDIRECT] [Fatal Error] :1:1: Premature end of file.
2025-08-12 21:55:50,974 [ERROR] LogOutputStream:75 - [STDERR_REDIRECT] 
2025-08-12 21:55:51,986 [ERROR] LogOutputStream:75 - [STDERR_REDIRECT] [Fatal Error] :1:1: Premature end of file.
2025-08-12 21:55:51,986 [ERROR] LogOutputStream:75 - [STDERR_REDIRECT] 
2025-08-12 21:55:52,962 [ERROR] LogOutputStream:75 - [STDERR_REDIRECT] [Fatal Error] :1:1: Premature end of file.
2025-08-12 21:55:52,962 [ERROR] LogOutputStream:75 - [STDERR_REDIRECT] 
2025-08-12 21:55:53,956 [ERROR] LogOutputStream:75 - [STDERR_REDIRECT] [Fatal Error] :1:1: Premature end of file.
2025-08-12 21:55:53,956 [ERROR] LogOutputStream:75 - [STDERR_REDIRECT] 
2025-08-12 21:55:54,976 [ERROR] LogOutputStream:75 - [STDERR_REDIRECT] [Fatal Error] :1:1: Premature end of file.
2025-08-12 21:55:54,976 [ERROR] LogOutputStream:75 - [STDERR_REDIRECT] 
2025-08-12 21:55:55,958 [ERROR] LogOutputStream:75 - [STDERR_REDIRECT] [Fatal Error] :1:1: Premature end of file.
2025-08-12 21:55:55,958 [ERROR] LogOutputStream:75 - [STDERR_REDIRECT] 
2025-08-12 21:55:56,968 [ERROR] LogOutputStream:75 - [STDERR_REDIRECT] [Fatal Error] :1:1: Premature end of file.
2025-08-12 21:55:56,968 [ERROR] LogOutputStream:75 - [STDERR_REDIRECT] 
2025-08-12 21:55:57,966 [ERROR] LogOutputStream:75 - [STDERR_REDIRECT] [Fatal Error] :1:1: Premature end of file.
2025-08-12 21:55:57,966 [ERROR] LogOutputStream:75 - [STDERR_REDIRECT] 
2025-08-12 21:55:58,964 [ERROR] LogOutputStream:75 - [STDERR_REDIRECT] [Fatal Error] :1:1: Premature end of file.
2025-08-12 21:55:58,964 [ERROR] LogOutputStream:75 - [STDERR_REDIRECT] 
2025-08-12 21:55:59,973 [ERROR] LogOutputStream:75 - [STDERR_REDIRECT] [Fatal Error] :1:1: Premature end of file.
2025-08-12 21:55:59,973 [ERROR] LogOutputStream:75 - [STDERR_REDIRECT] 
2025-08-12 21:56:00,957 [ERROR] LogOutputStream:75 - [STDERR_REDIRECT] [Fatal Error] :1:1: Premature end of file.
2025-08-12 21:56:00,957 [ERROR] LogOutputStream:75 - [STDERR_REDIRECT] 
2025-08-12 21:56:01,963 [ERROR] LogOutputStream:75 - [STDERR_REDIRECT] [Fatal Error] :1:1: Premature end of file.
2025-08-12 21:56:01,963 [ERROR] LogOutputStream:75 - [STDERR_REDIRECT] 
2025-08-12 21:56:02,963 [ERROR] LogOutputStream:75 - [STDERR_REDIRECT] [Fatal Error] :1:1: Premature end of file.
2025-08-12 21:56:02,963 [ERROR] LogOutputStream:75 - [STDERR_REDIRECT] 
2025-08-12 21:56:03,984 [ERROR] LogOutputStream:75 - [STDERR_REDIRECT] [Fatal Error] :1:1: Premature end of file.
2025-08-12 21:56:03,984 [ERROR] LogOutputStream:75 - [STDERR_REDIRECT] 
2025-08-12 21:56:04,974 [ERROR] LogOutputStream:75 - [STDERR_REDIRECT] [Fatal Error] :1:1: Premature end of file.
2025-08-12 21:56:04,974 [ERROR] LogOutputStream:75 - [STDERR_REDIRECT] 
2025-08-12 21:56:05,984 [ERROR] LogOutputStream:75 - [STDERR_REDIRECT] [Fatal Error] :1:1: Premature end of file.
2025-08-12 21:56:05,984 [ERROR] LogOutputStream:75 - [STDERR_REDIRECT] 
2025-08-12 21:56:06,981 [ERROR] LogOutputStream:75 - [STDERR_REDIRECT] [Fatal Error] :1:1: Premature end of file.
2025-08-12 21:56:06,981 [ERROR] LogOutputStream:75 - [STDERR_REDIRECT] 
2025-08-12 21:56:07,973 [ERROR] LogOutputStream:75 - [STDERR_REDIRECT] [Fatal Error] :1:1: Premature end of file.
2025-08-12 21:56:07,973 [ERROR] LogOutputStream:75 - [STDERR_REDIRECT] 
2025-08-12 21:56:08,996 [ERROR] LogOutputStream:75 - [STDERR_REDIRECT] [Fatal Error] :1:1: Premature end of file.
2025-08-12 21:56:08,996 [ERROR] LogOutputStream:75 - [STDERR_REDIRECT] 
2025-08-12 21:56:09,981 [ERROR] LogOutputStream:75 - [STDERR_REDIRECT] [Fatal Error] :1:1: Premature end of file.
2025-08-12 21:56:09,981 [ERROR] LogOutputStream:75 - [STDERR_REDIRECT] 
2025-08-12 21:56:10,973 [ERROR] LogOutputStream:75 - [STDERR_REDIRECT] [Fatal Error] :1:1: Premature end of file.
2025-08-12 21:56:10,973 [ERROR] LogOutputStream:75 - [STDERR_REDIRECT] 
2025-08-12 21:56:11,981 [ERROR] LogOutputStream:75 - [STDERR_REDIRECT] [Fatal Error] :1:1: Premature end of file.
2025-08-12 21:56:11,981 [ERROR] LogOutputStream:75 - [STDERR_REDIRECT] 
2025-08-12 21:56:12,975 [ERROR] LogOutputStream:75 - [STDERR_REDIRECT] [Fatal Error] :1:1: Premature end of file.
2025-08-12 21:56:12,975 [ERROR] LogOutputStream:75 - [STDERR_REDIRECT] 
2025-08-12 21:56:13,973 [ERROR] LogOutputStream:75 - [STDERR_REDIRECT] [Fatal Error] :1:1: Premature end of file.
2025-08-12 21:56:13,973 [ERROR] LogOutputStream:75 - [STDERR_REDIRECT] 
2025-08-12 21:56:14,985 [ERROR] LogOutputStream:75 - [STDERR_REDIRECT] [Fatal Error] :1:1: Premature end of file.
2025-08-12 21:56:14,985 [ERROR] LogOutputStream:75 - [STDERR_REDIRECT] 
2025-08-12 21:56:15,963 [ERROR] LogOutputStream:75 - [STDERR_REDIRECT] [Fatal Error] :1:1: Premature end of file.
2025-08-12 21:56:15,963 [ERROR] LogOutputStream:75 - [STDERR_REDIRECT] 
2025-08-12 21:56:16,972 [ERROR] LogOutputStream:75 - [STDERR_REDIRECT] [Fatal Error] :1:1: Premature end of file.
2025-08-12 21:56:16,972 [ERROR] LogOutputStream:75 - [STDERR_REDIRECT] 
2025-08-12 21:56:17,974 [ERROR] LogOutputStream:75 - [STDERR_REDIRECT] [Fatal Error] :1:1: Premature end of file.
2025-08-12 21:56:17,974 [ERROR] LogOutputStream:75 - [STDERR_REDIRECT] 
2025-08-12 21:56:18,981 [ERROR] LogOutputStream:75 - [STDERR_REDIRECT] [Fatal Error] :1:1: Premature end of file.
2025-08-12 21:56:18,981 [ERROR] LogOutputStream:75 - [STDERR_REDIRECT] 
2025-08-12 21:56:19,986 [ERROR] LogOutputStream:75 - [STDERR_REDIRECT] [Fatal Error] :1:1: Premature end of file.
2025-08-12 21:56:19,986 [ERROR] LogOutputStream:75 - [STDERR_REDIRECT] 
2025-08-12 21:56:20,994 [ERROR] LogOutputStream:75 - [STDERR_REDIRECT] [Fatal Error] :1:1: Premature end of file.
2025-08-12 21:56:20,996 [ERROR] LogOutputStream:75 - [STDERR_REDIRECT] 
2025-08-12 21:56:21,977 [ERROR] LogOutputStream:75 - [STDERR_REDIRECT] [Fatal Error] :1:1: Premature end of file.
2025-08-12 21:56:21,978 [ERROR] LogOutputStream:75 - [STDERR_REDIRECT] 
2025-08-12 21:56:22,974 [ERROR] LogOutputStream:75 - [STDERR_REDIRECT] [Fatal Error] :1:1: Premature end of file.
2025-08-12 21:56:22,974 [ERROR] LogOutputStream:75 - [STDERR_REDIRECT] 
2025-08-12 21:56:23,983 [ERROR] LogOutputStream:75 - [STDERR_REDIRECT] [Fatal Error] :1:1: Premature end of file.
2025-08-12 21:56:23,983 [ERROR] LogOutputStream:75 - [STDERR_REDIRECT] 
2025-08-12 21:56:24,955 [ERROR] LogOutputStream:75 - [STDERR_REDIRECT] [Fatal Error] :1:1: Premature end of file.
2025-08-12 21:56:24,955 [ERROR] LogOutputStream:75 - [STDERR_REDIRECT] 
2025-08-12 21:56:25,956 [ERROR] LogOutputStream:75 - [STDERR_REDIRECT] [Fatal Error] :1:1: Premature end of file.
2025-08-12 21:56:25,956 [ERROR] LogOutputStream:75 - [STDERR_REDIRECT] 
2025-08-12 21:56:26,985 [ERROR] LogOutputStream:75 - [STDERR_REDIRECT] [Fatal Error] :1:1: Premature end of file.
2025-08-12 21:56:26,985 [ERROR] LogOutputStream:75 - [STDERR_REDIRECT] 
2025-08-12 21:56:27,987 [ERROR] LogOutputStream:75 - [STDERR_REDIRECT] [Fatal Error] :1:1: Premature end of file.
2025-08-12 21:56:27,987 [ERROR] LogOutputStream:75 - [STDERR_REDIRECT] 
2025-08-12 21:56:28,970 [ERROR] LogOutputStream:75 - [STDERR_REDIRECT] [Fatal Error] :1:1: Premature end of file.
2025-08-12 21:56:28,970 [ERROR] LogOutputStream:75 - [STDERR_REDIRECT] 
2025-08-12 21:56:29,985 [ERROR] LogOutputStream:75 - [STDERR_REDIRECT] [Fatal Error] :1:1: Premature end of file.
2025-08-12 21:56:29,985 [ERROR] LogOutputStream:75 - [STDERR_REDIRECT] 
2025-08-12 21:56:30,985 [ERROR] LogOutputStream:75 - [STDERR_REDIRECT] [Fatal Error] :1:1: Premature end of file.
2025-08-12 21:56:30,985 [ERROR] LogOutputStream:75 - [STDERR_REDIRECT] 
2025-08-12 21:56:31,973 [ERROR] LogOutputStream:75 - [STDERR_REDIRECT] [Fatal Error] :1:1: Premature end of file.
2025-08-12 21:56:31,973 [ERROR] LogOutputStream:75 - [STDERR_REDIRECT] 
2025-08-12 21:56:32,965 [ERROR] LogOutputStream:75 - [STDERR_REDIRECT] [Fatal Error] :1:1: Premature end of file.
2025-08-12 21:56:32,965 [ERROR] LogOutputStream:75 - [STDERR_REDIRECT] 
2025-08-12 21:56:33,985 [ERROR] LogOutputStream:75 - [STDERR_REDIRECT] [Fatal Error] :1:1: Premature end of file.
2025-08-12 21:56:33,985 [ERROR] LogOutputStream:75 - [STDERR_REDIRECT] 
2025-08-12 21:56:34,968 [ERROR] LogOutputStream:75 - [STDERR_REDIRECT] [Fatal Error] :1:1: Premature end of file.
2025-08-12 21:56:34,968 [ERROR] LogOutputStream:75 - [STDERR_REDIRECT] 
2025-08-12 21:56:35,974 [ERROR] LogOutputStream:75 - [STDERR_REDIRECT] [Fatal Error] :1:1: Premature end of file.
2025-08-12 21:56:35,976 [ERROR] LogOutputStream:75 - [STDERR_REDIRECT] 
2025-08-12 21:56:36,983 [ERROR] LogOutputStream:75 - [STDERR_REDIRECT] [Fatal Error] :1:1: Premature end of file.
2025-08-12 21:56:36,983 [ERROR] LogOutputStream:75 - [STDERR_REDIRECT] 
2025-08-12 21:56:37,974 [ERROR] LogOutputStream:75 - [STDERR_REDIRECT] [Fatal Error] :1:1: Premature end of file.
2025-08-12 21:56:37,974 [ERROR] LogOutputStream:75 - [STDERR_REDIRECT] 
2025-08-12 21:56:38,982 [ERROR] LogOutputStream:75 - [STDERR_REDIRECT] [Fatal Error] :1:1: Premature end of file.
2025-08-12 21:56:38,982 [ERROR] LogOutputStream:75 - [STDERR_REDIRECT] 
2025-08-12 21:56:39,958 [ERROR] LogOutputStream:75 - [STDERR_REDIRECT] [Fatal Error] :1:1: Premature end of file.
2025-08-12 21:56:39,958 [ERROR] LogOutputStream:75 - [STDERR_REDIRECT] 
2025-08-12 21:56:40,973 [ERROR] LogOutputStream:75 - [STDERR_REDIRECT] [Fatal Error] :1:1: Premature end of file.
2025-08-12 21:56:40,973 [ERROR] LogOutputStream:75 - [STDERR_REDIRECT] 
2025-08-12 21:56:41,968 [ERROR] LogOutputStream:75 - [STDERR_REDIRECT] [Fatal Error] :1:1: Premature end of file.
2025-08-12 21:56:41,968 [ERROR] LogOutputStream:75 - [STDERR_REDIRECT] 
2025-08-12 21:56:42,982 [ERROR] LogOutputStream:75 - [STDERR_REDIRECT] [Fatal Error] :1:1: Premature end of file.
2025-08-12 21:56:42,982 [ERROR] LogOutputStream:75 - [STDERR_REDIRECT] 
2025-08-12 21:56:43,974 [ERROR] LogOutputStream:75 - [STDERR_REDIRECT] [Fatal Error] :1:1: Premature end of file.
2025-08-12 21:56:43,974 [ERROR] LogOutputStream:75 - [STDERR_REDIRECT] 
2025-08-12 21:56:44,972 [ERROR] LogOutputStream:75 - [STDERR_REDIRECT] [Fatal Error] :1:1: Premature end of file.
2025-08-12 21:56:44,972 [ERROR] LogOutputStream:75 - [STDERR_REDIRECT] 
2025-08-12 21:56:45,984 [ERROR] LogOutputStream:75 - [STDERR_REDIRECT] [Fatal Error] :1:1: Premature end of file.
2025-08-12 21:56:45,984 [ERROR] LogOutputStream:75 - [STDERR_REDIRECT] 
2025-08-12 21:56:46,975 [ERROR] LogOutputStream:75 - [STDERR_REDIRECT] [Fatal Error] :1:1: Premature end of file.
2025-08-12 21:56:46,975 [ERROR] LogOutputStream:75 - [STDERR_REDIRECT] 
2025-08-12 21:56:47,960 [ERROR] LogOutputStream:75 - [STDERR_REDIRECT] [Fatal Error] :1:1: Premature end of file.
2025-08-12 21:56:47,960 [ERROR] LogOutputStream:75 - [STDERR_REDIRECT] 
2025-08-12 21:56:48,973 [ERROR] LogOutputStream:75 - [STDERR_REDIRECT] [Fatal Error] :1:1: Premature end of file.
2025-08-12 21:56:48,973 [ERROR] LogOutputStream:75 - [STDERR_REDIRECT] 
2025-08-12 21:56:49,973 [ERROR] LogOutputStream:75 - [STDERR_REDIRECT] [Fatal Error] :1:1: Premature end of file.
2025-08-12 21:56:49,973 [ERROR] LogOutputStream:75 - [STDERR_REDIRECT] 
2025-08-12 21:56:50,958 [ERROR] LogOutputStream:75 - [STDERR_REDIRECT] [Fatal Error] :1:1: Premature end of file.
2025-08-12 21:56:50,958 [ERROR] LogOutputStream:75 - [STDERR_REDIRECT] 
2025-08-12 21:56:51,974 [ERROR] LogOutputStream:75 - [STDERR_REDIRECT] [Fatal Error] :1:1: Premature end of file.
2025-08-12 21:56:51,974 [ERROR] LogOutputStream:75 - [STDERR_REDIRECT] 
2025-08-12 21:56:52,973 [ERROR] LogOutputStream:75 - [STDERR_REDIRECT] [Fatal Error] :1:1: Premature end of file.
2025-08-12 21:56:52,973 [ERROR] LogOutputStream:75 - [STDERR_REDIRECT] 
2025-08-12 21:56:53,984 [ERROR] LogOutputStream:75 - [STDERR_REDIRECT] [Fatal Error] :1:1: Premature end of file.
2025-08-12 21:56:53,984 [ERROR] LogOutputStream:75 - [STDERR_REDIRECT] 
2025-08-12 21:56:54,971 [ERROR] LogOutputStream:75 - [STDERR_REDIRECT] [Fatal Error] :1:1: Premature end of file.
2025-08-12 21:56:54,971 [ERROR] LogOutputStream:75 - [STDERR_REDIRECT] 
2025-08-12 21:56:55,956 [ERROR] LogOutputStream:75 - [STDERR_REDIRECT] [Fatal Error] :1:1: Premature end of file.
2025-08-12 21:56:55,956 [ERROR] LogOutputStream:75 - [STDERR_REDIRECT] 
2025-08-12 21:56:56,958 [ERROR] LogOutputStream:75 - [STDERR_REDIRECT] [Fatal Error] :1:1: Premature end of file.
2025-08-12 21:56:56,958 [ERROR] LogOutputStream:75 - [STDERR_REDIRECT] 
2025-08-12 21:56:57,960 [ERROR] LogOutputStream:75 - [STDERR_REDIRECT] [Fatal Error] :1:1: Premature end of file.
2025-08-12 21:56:57,961 [ERROR] LogOutputStream:75 - [STDERR_REDIRECT] 
2025-08-12 21:56:58,958 [ERROR] LogOutputStream:75 - [STDERR_REDIRECT] [Fatal Error] :1:1: Premature end of file.
2025-08-12 21:56:58,958 [ERROR] LogOutputStream:75 - [STDERR_REDIRECT] 
2025-08-12 21:56:59,958 [ERROR] LogOutputStream:75 - [STDERR_REDIRECT] [Fatal Error] :1:1: Premature end of file.
2025-08-12 21:56:59,958 [ERROR] LogOutputStream:75 - [STDERR_REDIRECT] 
2025-08-12 21:57:00,984 [ERROR] LogOutputStream:75 - [STDERR_REDIRECT] [Fatal Error] :1:1: Premature end of file.
2025-08-12 21:57:00,984 [ERROR] LogOutputStream:75 - [STDERR_REDIRECT] 
2025-08-12 21:57:01,973 [ERROR] LogOutputStream:75 - [STDERR_REDIRECT] [Fatal Error] :1:1: Premature end of file.
2025-08-12 21:57:01,973 [ERROR] LogOutputStream:75 - [STDERR_REDIRECT] 
2025-08-12 21:57:02,968 [ERROR] LogOutputStream:75 - [STDERR_REDIRECT] [Fatal Error] :1:1: Premature end of file.
2025-08-12 21:57:02,968 [ERROR] LogOutputStream:75 - [STDERR_REDIRECT] 
2025-08-12 21:57:03,979 [ERROR] LogOutputStream:75 - [STDERR_REDIRECT] [Fatal Error] :1:1: Premature end of file.
2025-08-12 21:57:03,979 [ERROR] LogOutputStream:75 - [STDERR_REDIRECT] 
2025-08-12 21:57:04,965 [ERROR] LogOutputStream:75 - [STDERR_REDIRECT] [Fatal Error] :1:1: Premature end of file.
2025-08-12 21:57:04,965 [ERROR] LogOutputStream:75 - [STDERR_REDIRECT] 
2025-08-12 21:57:05,956 [ERROR] LogOutputStream:75 - [STDERR_REDIRECT] [Fatal Error] :1:1: Premature end of file.
2025-08-12 21:57:05,956 [ERROR] LogOutputStream:75 - [STDERR_REDIRECT] 
2025-08-12 21:57:06,972 [ERROR] LogOutputStream:75 - [STDERR_REDIRECT] [Fatal Error] :1:1: Premature end of file.
2025-08-12 21:57:06,972 [ERROR] LogOutputStream:75 - [STDERR_REDIRECT] 
2025-08-12 21:57:07,974 [ERROR] LogOutputStream:75 - [STDERR_REDIRECT] [Fatal Error] :1:1: Premature end of file.
2025-08-12 21:57:07,974 [ERROR] LogOutputStream:75 - [STDERR_REDIRECT] 
2025-08-12 21:57:08,977 [ERROR] LogOutputStream:75 - [STDERR_REDIRECT] [Fatal Error] :1:1: Premature end of file.
2025-08-12 21:57:08,977 [ERROR] LogOutputStream:75 - [STDERR_REDIRECT] 
2025-08-12 21:57:09,971 [ERROR] LogOutputStream:75 - [STDERR_REDIRECT] [Fatal Error] :1:1: Premature end of file.
2025-08-12 21:57:09,971 [ERROR] LogOutputStream:75 - [STDERR_REDIRECT] 
2025-08-12 21:57:10,974 [ERROR] LogOutputStream:75 - [STDERR_REDIRECT] [Fatal Error] :1:1: Premature end of file.
2025-08-12 21:57:10,974 [ERROR] LogOutputStream:75 - [STDERR_REDIRECT] 
2025-08-12 21:57:11,962 [ERROR] LogOutputStream:75 - [STDERR_REDIRECT] [Fatal Error] :1:1: Premature end of file.
2025-08-12 21:57:11,962 [ERROR] LogOutputStream:75 - [STDERR_REDIRECT] 
2025-08-12 21:57:12,983 [ERROR] LogOutputStream:75 - [STDERR_REDIRECT] [Fatal Error] :1:1: Premature end of file.
2025-08-12 21:57:12,983 [ERROR] LogOutputStream:75 - [STDERR_REDIRECT] 
2025-08-12 21:57:13,977 [ERROR] LogOutputStream:75 - [STDERR_REDIRECT] [Fatal Error] :1:1: Premature end of file.
2025-08-12 21:57:13,977 [ERROR] LogOutputStream:75 - [STDERR_REDIRECT] 
2025-08-12 21:57:14,979 [ERROR] LogOutputStream:75 - [STDERR_REDIRECT] [Fatal Error] :1:1: Premature end of file.
2025-08-12 21:57:14,979 [ERROR] LogOutputStream:75 - [STDERR_REDIRECT] 
2025-08-12 21:57:15,978 [ERROR] LogOutputStream:75 - [STDERR_REDIRECT] [Fatal Error] :1:1: Premature end of file.
2025-08-12 21:57:15,978 [ERROR] LogOutputStream:75 - [STDERR_REDIRECT] 
2025-08-12 21:57:16,969 [ERROR] LogOutputStream:75 - [STDERR_REDIRECT] [Fatal Error] :1:1: Premature end of file.
2025-08-12 21:57:16,969 [ERROR] LogOutputStream:75 - [STDERR_REDIRECT] 
2025-08-12 21:57:17,967 [ERROR] LogOutputStream:75 - [STDERR_REDIRECT] [Fatal Error] :1:1: Premature end of file.
2025-08-12 21:57:17,967 [ERROR] LogOutputStream:75 - [STDERR_REDIRECT] 
2025-08-12 21:57:18,980 [ERROR] LogOutputStream:75 - [STDERR_REDIRECT] [Fatal Error] :1:1: Premature end of file.
2025-08-12 21:57:18,980 [ERROR] LogOutputStream:75 - [STDERR_REDIRECT] 
2025-08-12 21:57:19,962 [ERROR] LogOutputStream:75 - [STDERR_REDIRECT] [Fatal Error] :1:1: Premature end of file.
2025-08-12 21:57:19,962 [ERROR] LogOutputStream:75 - [STDERR_REDIRECT] 
2025-08-12 21:57:20,972 [ERROR] LogOutputStream:75 - [STDERR_REDIRECT] [Fatal Error] :1:1: Premature end of file.
2025-08-12 21:57:20,972 [ERROR] LogOutputStream:75 - [STDERR_REDIRECT] 
2025-08-12 21:57:21,958 [ERROR] LogOutputStream:75 - [STDERR_REDIRECT] [Fatal Error] :1:1: Premature end of file.
2025-08-12 21:57:21,958 [ERROR] LogOutputStream:75 - [STDERR_REDIRECT] 
2025-08-12 21:57:22,978 [ERROR] LogOutputStream:75 - [STDERR_REDIRECT] [Fatal Error] :1:1: Premature end of file.
2025-08-12 21:57:22,978 [ERROR] LogOutputStream:75 - [STDERR_REDIRECT] 
2025-08-12 21:57:23,962 [ERROR] LogOutputStream:75 - [STDERR_REDIRECT] [Fatal Error] :1:1: Premature end of file.
2025-08-12 21:57:23,962 [ERROR] LogOutputStream:75 - [STDERR_REDIRECT] 
2025-08-12 21:57:24,958 [ERROR] LogOutputStream:75 - [STDERR_REDIRECT] [Fatal Error] :1:1: Premature end of file.
2025-08-12 21:57:24,958 [ERROR] LogOutputStream:75 - [STDERR_REDIRECT] 
2025-08-12 21:57:25,972 [ERROR] LogOutputStream:75 - [STDERR_REDIRECT] [Fatal Error] :1:1: Premature end of file.
2025-08-12 21:57:25,972 [ERROR] LogOutputStream:75 - [STDERR_REDIRECT] 
2025-08-12 21:57:26,984 [ERROR] LogOutputStream:75 - [STDERR_REDIRECT] [Fatal Error] :1:1: Premature end of file.
2025-08-12 21:57:26,984 [ERROR] LogOutputStream:75 - [STDERR_REDIRECT] 
2025-08-12 21:57:27,977 [ERROR] LogOutputStream:75 - [STDERR_REDIRECT] [Fatal Error] :1:1: Premature end of file.
2025-08-12 21:57:27,977 [ERROR] LogOutputStream:75 - [STDERR_REDIRECT] 
2025-08-12 21:57:28,977 [ERROR] LogOutputStream:75 - [STDERR_REDIRECT] [Fatal Error] :1:1: Premature end of file.
2025-08-12 21:57:28,977 [ERROR] LogOutputStream:75 - [STDERR_REDIRECT] 
2025-08-12 21:57:29,974 [ERROR] LogOutputStream:75 - [STDERR_REDIRECT] [Fatal Error] :1:1: Premature end of file.
2025-08-12 21:57:29,974 [ERROR] LogOutputStream:75 - [STDERR_REDIRECT] 
2025-08-12 21:57:30,983 [ERROR] LogOutputStream:75 - [STDERR_REDIRECT] [Fatal Error] :1:1: Premature end of file.
2025-08-12 21:57:30,983 [ERROR] LogOutputStream:75 - [STDERR_REDIRECT] 
2025-08-12 21:57:31,973 [ERROR] LogOutputStream:75 - [STDERR_REDIRECT] [Fatal Error] :1:1: Premature end of file.
2025-08-12 21:57:31,973 [ERROR] LogOutputStream:75 - [STDERR_REDIRECT] 
2025-08-12 21:57:32,971 [ERROR] LogOutputStream:75 - [STDERR_REDIRECT] [Fatal Error] :1:1: Premature end of file.
2025-08-12 21:57:32,971 [ERROR] LogOutputStream:75 - [STDERR_REDIRECT] 
2025-08-12 21:57:33,978 [ERROR] LogOutputStream:75 - [STDERR_REDIRECT] [Fatal Error] :1:1: Premature end of file.
2025-08-12 21:57:33,978 [ERROR] LogOutputStream:75 - [STDERR_REDIRECT] 
2025-08-12 21:57:34,959 [ERROR] LogOutputStream:75 - [STDERR_REDIRECT] [Fatal Error] :1:1: Premature end of file.
2025-08-12 21:57:34,959 [ERROR] LogOutputStream:75 - [STDERR_REDIRECT] 
2025-08-12 21:57:35,984 [ERROR] LogOutputStream:75 - [STDERR_REDIRECT] [Fatal Error] :1:1: Premature end of file.
2025-08-12 21:57:35,984 [ERROR] LogOutputStream:75 - [STDERR_REDIRECT] 
2025-08-12 21:57:36,985 [ERROR] LogOutputStream:75 - [STDERR_REDIRECT] [Fatal Error] :1:1: Premature end of file.
2025-08-12 21:57:36,985 [ERROR] LogOutputStream:75 - [STDERR_REDIRECT] 
2025-08-12 21:57:37,980 [ERROR] LogOutputStream:75 - [STDERR_REDIRECT] [Fatal Error] :1:1: Premature end of file.
2025-08-12 21:57:37,980 [ERROR] LogOutputStream:75 - [STDERR_REDIRECT] 
2025-08-12 21:57:38,972 [ERROR] LogOutputStream:75 - [STDERR_REDIRECT] [Fatal Error] :1:1: Premature end of file.
2025-08-12 21:57:38,972 [ERROR] LogOutputStream:75 - [STDERR_REDIRECT] 
2025-08-12 21:57:39,974 [ERROR] LogOutputStream:75 - [STDERR_REDIRECT] [Fatal Error] :1:1: Premature end of file.
2025-08-12 21:57:39,974 [ERROR] LogOutputStream:75 - [STDERR_REDIRECT] 
2025-08-12 21:57:40,972 [ERROR] LogOutputStream:75 - [STDERR_REDIRECT] [Fatal Error] :1:1: Premature end of file.
2025-08-12 21:57:40,972 [ERROR] LogOutputStream:75 - [STDERR_REDIRECT] 
2025-08-12 21:57:41,991 [ERROR] LogOutputStream:75 - [STDERR_REDIRECT] [Fatal Error] :1:1: Premature end of file.
2025-08-12 21:57:41,991 [ERROR] LogOutputStream:75 - [STDERR_REDIRECT] 
2025-08-12 21:57:42,973 [ERROR] LogOutputStream:75 - [STDERR_REDIRECT] [Fatal Error] :1:1: Premature end of file.
2025-08-12 21:57:42,973 [ERROR] LogOutputStream:75 - [STDERR_REDIRECT] 
2025-08-12 21:57:43,964 [ERROR] LogOutputStream:75 - [STDERR_REDIRECT] [Fatal Error] :1:1: Premature end of file.
2025-08-12 21:57:43,964 [ERROR] LogOutputStream:75 - [STDERR_REDIRECT] 
2025-08-12 21:57:44,970 [ERROR] LogOutputStream:75 - [STDERR_REDIRECT] [Fatal Error] :1:1: Premature end of file.
2025-08-12 21:57:44,970 [ERROR] LogOutputStream:75 - [STDERR_REDIRECT] 
2025-08-12 21:57:45,962 [ERROR] LogOutputStream:75 - [STDERR_REDIRECT] [Fatal Error] :1:1: Premature end of file.
2025-08-12 21:57:45,962 [ERROR] LogOutputStream:75 - [STDERR_REDIRECT] 
2025-08-12 21:57:46,974 [ERROR] LogOutputStream:75 - [STDERR_REDIRECT] [Fatal Error] :1:1: Premature end of file.
2025-08-12 21:57:46,974 [ERROR] LogOutputStream:75 - [STDERR_REDIRECT] 
2025-08-12 21:57:47,990 [ERROR] LogOutputStream:75 - [STDERR_REDIRECT] [Fatal Error] :1:1: Premature end of file.
2025-08-12 21:57:47,990 [ERROR] LogOutputStream:75 - [STDERR_REDIRECT] 
2025-08-12 21:57:48,957 [ERROR] LogOutputStream:75 - [STDERR_REDIRECT] [Fatal Error] :1:1: Premature end of file.
2025-08-12 21:57:48,957 [ERROR] LogOutputStream:75 - [STDERR_REDIRECT] 
2025-08-12 21:57:49,970 [ERROR] LogOutputStream:75 - [STDERR_REDIRECT] [Fatal Error] :1:1: Premature end of file.
2025-08-12 21:57:49,970 [ERROR] LogOutputStream:75 - [STDERR_REDIRECT] 
2025-08-12 21:57:50,985 [ERROR] LogOutputStream:75 - [STDERR_REDIRECT] [Fatal Error] :1:1: Premature end of file.
2025-08-12 21:57:50,986 [ERROR] LogOutputStream:75 - [STDERR_REDIRECT] 
2025-08-12 21:57:51,968 [ERROR] LogOutputStream:75 - [STDERR_REDIRECT] [Fatal Error] :1:1: Premature end of file.
2025-08-12 21:57:51,968 [ERROR] LogOutputStream:75 - [STDERR_REDIRECT] 
2025-08-12 21:57:52,972 [ERROR] LogOutputStream:75 - [STDERR_REDIRECT] [Fatal Error] :1:1: Premature end of file.
2025-08-12 21:57:52,972 [ERROR] LogOutputStream:75 - [STDERR_REDIRECT] 
2025-08-12 21:57:53,957 [ERROR] LogOutputStream:75 - [STDERR_REDIRECT] [Fatal Error] :1:1: Premature end of file.
2025-08-12 21:57:53,957 [ERROR] LogOutputStream:75 - [STDERR_REDIRECT] 
2025-08-12 21:57:54,964 [ERROR] LogOutputStream:75 - [STDERR_REDIRECT] [Fatal Error] :1:1: Premature end of file.
2025-08-12 21:57:54,964 [ERROR] LogOutputStream:75 - [STDERR_REDIRECT] 
2025-08-12 21:57:55,964 [ERROR] LogOutputStream:75 - [STDERR_REDIRECT] [Fatal Error] :1:1: Premature end of file.
2025-08-12 21:57:55,964 [ERROR] LogOutputStream:75 - [STDERR_REDIRECT] 
2025-08-12 21:57:56,961 [ERROR] LogOutputStream:75 - [STDERR_REDIRECT] [Fatal Error] :1:1: Premature end of file.
2025-08-12 21:57:56,961 [ERROR] LogOutputStream:75 - [STDERR_REDIRECT] 
2025-08-12 21:57:57,968 [ERROR] LogOutputStream:75 - [STDERR_REDIRECT] [Fatal Error] :1:1: Premature end of file.
2025-08-12 21:57:57,968 [ERROR] LogOutputStream:75 - [STDERR_REDIRECT] 
2025-08-12 21:57:58,962 [ERROR] LogOutputStream:75 - [STDERR_REDIRECT] [Fatal Error] :1:1: Premature end of file.
2025-08-12 21:57:58,962 [ERROR] LogOutputStream:75 - [STDERR_REDIRECT] 
2025-08-12 21:57:59,966 [ERROR] LogOutputStream:75 - [STDERR_REDIRECT] [Fatal Error] :1:1: Premature end of file.
2025-08-12 21:57:59,966 [ERROR] LogOutputStream:75 - [STDERR_REDIRECT] 
2025-08-12 21:58:00,981 [ERROR] LogOutputStream:75 - [STDERR_REDIRECT] [Fatal Error] :1:1: Premature end of file.
2025-08-12 21:58:00,981 [ERROR] LogOutputStream:75 - [STDERR_REDIRECT] 
2025-08-12 21:58:01,976 [ERROR] LogOutputStream:75 - [STDERR_REDIRECT] [Fatal Error] :1:1: Premature end of file.
2025-08-12 21:58:01,976 [ERROR] LogOutputStream:75 - [STDERR_REDIRECT] 
2025-08-12 21:58:02,960 [ERROR] LogOutputStream:75 - [STDERR_REDIRECT] [Fatal Error] :1:1: Premature end of file.
2025-08-12 21:58:02,960 [ERROR] LogOutputStream:75 - [STDERR_REDIRECT] 
2025-08-12 21:58:03,978 [ERROR] LogOutputStream:75 - [STDERR_REDIRECT] [Fatal Error] :1:1: Premature end of file.
2025-08-12 21:58:03,978 [ERROR] LogOutputStream:75 - [STDERR_REDIRECT] 
2025-08-12 21:58:04,957 [ERROR] LogOutputStream:75 - [STDERR_REDIRECT] [Fatal Error] :1:1: Premature end of file.
2025-08-12 21:58:04,957 [ERROR] LogOutputStream:75 - [STDERR_REDIRECT] 
2025-08-12 21:58:05,977 [ERROR] LogOutputStream:75 - [STDERR_REDIRECT] [Fatal Error] :1:1: Premature end of file.
2025-08-12 21:58:05,977 [ERROR] LogOutputStream:75 - [STDERR_REDIRECT] 
2025-08-12 21:58:06,982 [ERROR] LogOutputStream:75 - [STDERR_REDIRECT] [Fatal Error] :1:1: Premature end of file.
2025-08-12 21:58:06,982 [ERROR] LogOutputStream:75 - [STDERR_REDIRECT] 
2025-08-12 21:58:07,975 [ERROR] LogOutputStream:75 - [STDERR_REDIRECT] [Fatal Error] :1:1: Premature end of file.
2025-08-12 21:58:07,977 [ERROR] LogOutputStream:75 - [STDERR_REDIRECT] 
2025-08-12 21:58:08,982 [ERROR] LogOutputStream:75 - [STDERR_REDIRECT] [Fatal Error] :1:1: Premature end of file.
2025-08-12 21:58:08,985 [ERROR] LogOutputStream:75 - [STDERR_REDIRECT] 
2025-08-12 21:58:09,980 [ERROR] LogOutputStream:75 - [STDERR_REDIRECT] [Fatal Error] :1:1: Premature end of file.
2025-08-12 21:58:09,980 [ERROR] LogOutputStream:75 - [STDERR_REDIRECT] 
2025-08-12 21:58:10,976 [ERROR] LogOutputStream:75 - [STDERR_REDIRECT] [Fatal Error] :1:1: Premature end of file.
2025-08-12 21:58:10,976 [ERROR] LogOutputStream:75 - [STDERR_REDIRECT] 
2025-08-12 21:58:11,985 [ERROR] LogOutputStream:75 - [STDERR_REDIRECT] [Fatal Error] :1:1: Premature end of file.
2025-08-12 21:58:11,985 [ERROR] LogOutputStream:75 - [STDERR_REDIRECT] 
2025-08-12 21:58:12,983 [ERROR] LogOutputStream:75 - [STDERR_REDIRECT] [Fatal Error] :1:1: Premature end of file.
2025-08-12 21:58:12,983 [ERROR] LogOutputStream:75 - [STDERR_REDIRECT] 
2025-08-12 21:58:13,973 [ERROR] LogOutputStream:75 - [STDERR_REDIRECT] [Fatal Error] :1:1: Premature end of file.
2025-08-12 21:58:13,973 [ERROR] LogOutputStream:75 - [STDERR_REDIRECT] 
2025-08-12 21:58:14,987 [ERROR] LogOutputStream:75 - [STDERR_REDIRECT] [Fatal Error] :1:1: Premature end of file.
2025-08-12 21:58:14,987 [ERROR] LogOutputStream:75 - [STDERR_REDIRECT] 
2025-08-12 21:58:15,981 [ERROR] LogOutputStream:75 - [STDERR_REDIRECT] [Fatal Error] :1:1: Premature end of file.
2025-08-12 21:58:15,982 [ERROR] LogOutputStream:75 - [STDERR_REDIRECT] 
2025-08-12 21:58:16,974 [ERROR] LogOutputStream:75 - [STDERR_REDIRECT] [Fatal Error] :1:1: Premature end of file.
2025-08-12 21:58:16,974 [ERROR] LogOutputStream:75 - [STDERR_REDIRECT] 
2025-08-12 21:58:17,975 [ERROR] LogOutputStream:75 - [STDERR_REDIRECT] [Fatal Error] :1:1: Premature end of file.
2025-08-12 21:58:17,975 [ERROR] LogOutputStream:75 - [STDERR_REDIRECT] 
2025-08-12 21:58:18,973 [ERROR] LogOutputStream:75 - [STDERR_REDIRECT] [Fatal Error] :1:1: Premature end of file.
2025-08-12 21:58:18,973 [ERROR] LogOutputStream:75 - [STDERR_REDIRECT] 
2025-08-12 21:58:19,975 [ERROR] LogOutputStream:75 - [STDERR_REDIRECT] [Fatal Error] :1:1: Premature end of file.
2025-08-12 21:58:19,975 [ERROR] LogOutputStream:75 - [STDERR_REDIRECT] 
2025-08-12 21:58:20,985 [ERROR] LogOutputStream:75 - [STDERR_REDIRECT] [Fatal Error] :1:1: Premature end of file.
2025-08-12 21:58:20,985 [ERROR] LogOutputStream:75 - [STDERR_REDIRECT] 
2025-08-12 21:58:21,983 [ERROR] LogOutputStream:75 - [STDERR_REDIRECT] [Fatal Error] :1:1: Premature end of file.
2025-08-12 21:58:21,988 [ERROR] LogOutputStream:75 - [STDERR_REDIRECT] 
2025-08-12 21:58:22,977 [ERROR] LogOutputStream:75 - [STDERR_REDIRECT] [Fatal Error] :1:1: Premature end of file.
2025-08-12 21:58:22,977 [ERROR] LogOutputStream:75 - [STDERR_REDIRECT] 
2025-08-12 21:58:23,973 [ERROR] LogOutputStream:75 - [STDERR_REDIRECT] [Fatal Error] :1:1: Premature end of file.
2025-08-12 21:58:23,973 [ERROR] LogOutputStream:75 - [STDERR_REDIRECT] 
2025-08-12 21:58:24,958 [ERROR] LogOutputStream:75 - [STDERR_REDIRECT] [Fatal Error] :1:1: Premature end of file.
2025-08-12 21:58:24,958 [ERROR] LogOutputStream:75 - [STDERR_REDIRECT] 
2025-08-12 21:58:25,988 [ERROR] LogOutputStream:75 - [STDERR_REDIRECT] [Fatal Error] :1:1: Premature end of file.
2025-08-12 21:58:25,988 [ERROR] LogOutputStream:75 - [STDERR_REDIRECT] 
2025-08-12 21:58:26,975 [ERROR] LogOutputStream:75 - [STDERR_REDIRECT] [Fatal Error] :1:1: Premature end of file.
2025-08-12 21:58:26,975 [ERROR] LogOutputStream:75 - [STDERR_REDIRECT] 
2025-08-12 21:58:27,981 [ERROR] LogOutputStream:75 - [STDERR_REDIRECT] [Fatal Error] :1:1: Premature end of file.
2025-08-12 21:58:27,981 [ERROR] LogOutputStream:75 - [STDERR_REDIRECT] 
2025-08-12 21:58:28,973 [ERROR] LogOutputStream:75 - [STDERR_REDIRECT] [Fatal Error] :1:1: Premature end of file.
2025-08-12 21:58:28,973 [ERROR] LogOutputStream:75 - [STDERR_REDIRECT] 
2025-08-12 21:58:29,971 [ERROR] LogOutputStream:75 - [STDERR_REDIRECT] [Fatal Error] :1:1: Premature end of file.
2025-08-12 21:58:29,971 [ERROR] LogOutputStream:75 - [STDERR_REDIRECT] 
2025-08-12 21:58:30,984 [ERROR] LogOutputStream:75 - [STDERR_REDIRECT] [Fatal Error] :1:1: Premature end of file.
2025-08-12 21:58:30,984 [ERROR] LogOutputStream:75 - [STDERR_REDIRECT] 
2025-08-12 21:58:31,971 [ERROR] LogOutputStream:75 - [STDERR_REDIRECT] [Fatal Error] :1:1: Premature end of file.
2025-08-12 21:58:31,971 [ERROR] LogOutputStream:75 - [STDERR_REDIRECT] 
2025-08-12 21:58:32,956 [ERROR] LogOutputStream:75 - [STDERR_REDIRECT] [Fatal Error] :1:1: Premature end of file.
2025-08-12 21:58:32,956 [ERROR] LogOutputStream:75 - [STDERR_REDIRECT] 
2025-08-12 21:58:33,971 [ERROR] LogOutputStream:75 - [STDERR_REDIRECT] [Fatal Error] :1:1: Premature end of file.
2025-08-12 21:58:33,971 [ERROR] LogOutputStream:75 - [STDERR_REDIRECT] 
2025-08-12 21:58:34,964 [ERROR] LogOutputStream:75 - [STDERR_REDIRECT] [Fatal Error] :1:1: Premature end of file.
2025-08-12 21:58:34,964 [ERROR] LogOutputStream:75 - [STDERR_REDIRECT] 
2025-08-12 21:58:35,966 [ERROR] LogOutputStream:75 - [STDERR_REDIRECT] [Fatal Error] :1:1: Premature end of file.
2025-08-12 21:58:35,966 [ERROR] LogOutputStream:75 - [STDERR_REDIRECT] 
2025-08-12 21:58:36,956 [ERROR] LogOutputStream:75 - [STDERR_REDIRECT] [Fatal Error] :1:1: Premature end of file.
2025-08-12 21:58:36,956 [ERROR] LogOutputStream:75 - [STDERR_REDIRECT] 
2025-08-12 21:58:37,975 [ERROR] LogOutputStream:75 - [STDERR_REDIRECT] [Fatal Error] :1:1: Premature end of file.
2025-08-12 21:58:37,975 [ERROR] LogOutputStream:75 - [STDERR_REDIRECT] 
2025-08-12 21:58:38,978 [ERROR] LogOutputStream:75 - [STDERR_REDIRECT] [Fatal Error] :1:1: Premature end of file.
2025-08-12 21:58:38,978 [ERROR] LogOutputStream:75 - [STDERR_REDIRECT] 
2025-08-12 21:58:39,970 [ERROR] LogOutputStream:75 - [STDERR_REDIRECT] [Fatal Error] :1:1: Premature end of file.
2025-08-12 21:58:39,970 [ERROR] LogOutputStream:75 - [STDERR_REDIRECT] 
2025-08-12 21:58:40,986 [ERROR] LogOutputStream:75 - [STDERR_REDIRECT] [Fatal Error] :1:1: Premature end of file.
2025-08-12 21:58:40,986 [ERROR] LogOutputStream:75 - [STDERR_REDIRECT] 
2025-08-12 21:58:41,971 [ERROR] LogOutputStream:75 - [STDERR_REDIRECT] [Fatal Error] :1:1: Premature end of file.
2025-08-12 21:58:41,971 [ERROR] LogOutputStream:75 - [STDERR_REDIRECT] 
2025-08-12 21:58:42,970 [ERROR] LogOutputStream:75 - [STDERR_REDIRECT] [Fatal Error] :1:1: Premature end of file.
2025-08-12 21:58:42,970 [ERROR] LogOutputStream:75 - [STDERR_REDIRECT] 
2025-08-12 21:58:43,990 [ERROR] LogOutputStream:75 - [STDERR_REDIRECT] [Fatal Error] :1:1: Premature end of file.
2025-08-12 21:58:43,990 [ERROR] LogOutputStream:75 - [STDERR_REDIRECT] 
2025-08-12 21:58:44,990 [ERROR] LogOutputStream:75 - [STDERR_REDIRECT] [Fatal Error] :1:1: Premature end of file.
2025-08-12 21:58:44,990 [ERROR] LogOutputStream:75 - [STDERR_REDIRECT] 
2025-08-12 21:58:45,981 [ERROR] LogOutputStream:75 - [STDERR_REDIRECT] [Fatal Error] :1:1: Premature end of file.
2025-08-12 21:58:45,981 [ERROR] LogOutputStream:75 - [STDERR_REDIRECT] 
2025-08-12 21:58:46,973 [ERROR] LogOutputStream:75 - [STDERR_REDIRECT] [Fatal Error] :1:1: Premature end of file.
2025-08-12 21:58:46,973 [ERROR] LogOutputStream:75 - [STDERR_REDIRECT] 
2025-08-12 21:58:47,961 [ERROR] LogOutputStream:75 - [STDERR_REDIRECT] [Fatal Error] :1:1: Premature end of file.
2025-08-12 21:58:47,961 [ERROR] LogOutputStream:75 - [STDERR_REDIRECT] 
2025-08-12 21:58:48,980 [ERROR] LogOutputStream:75 - [STDERR_REDIRECT] [Fatal Error] :1:1: Premature end of file.
2025-08-12 21:58:48,980 [ERROR] LogOutputStream:75 - [STDERR_REDIRECT] 
2025-08-12 21:58:49,970 [ERROR] LogOutputStream:75 - [STDERR_REDIRECT] [Fatal Error] :1:1: Premature end of file.
2025-08-12 21:58:49,970 [ERROR] LogOutputStream:75 - [STDERR_REDIRECT] 
2025-08-12 21:58:50,980 [ERROR] LogOutputStream:75 - [STDERR_REDIRECT] [Fatal Error] :1:1: Premature end of file.
2025-08-12 21:58:50,980 [ERROR] LogOutputStream:75 - [STDERR_REDIRECT] 
2025-08-12 21:58:51,981 [ERROR] LogOutputStream:75 - [STDERR_REDIRECT] [Fatal Error] :1:1: Premature end of file.
2025-08-12 21:58:51,982 [ERROR] LogOutputStream:75 - [STDERR_REDIRECT] 
2025-08-12 21:58:52,968 [ERROR] LogOutputStream:75 - [STDERR_REDIRECT] [Fatal Error] :1:1: Premature end of file.
2025-08-12 21:58:52,968 [ERROR] LogOutputStream:75 - [STDERR_REDIRECT] 
2025-08-12 21:58:53,969 [ERROR] LogOutputStream:75 - [STDERR_REDIRECT] [Fatal Error] :1:1: Premature end of file.
2025-08-12 21:58:53,969 [ERROR] LogOutputStream:75 - [STDERR_REDIRECT] 
2025-08-12 21:58:54,971 [ERROR] LogOutputStream:75 - [STDERR_REDIRECT] [Fatal Error] :1:1: Premature end of file.
2025-08-12 21:58:54,971 [ERROR] LogOutputStream:75 - [STDERR_REDIRECT] 
2025-08-12 21:58:55,973 [ERROR] LogOutputStream:75 - [STDERR_REDIRECT] [Fatal Error] :1:1: Premature end of file.
2025-08-12 21:58:55,973 [ERROR] LogOutputStream:75 - [STDERR_REDIRECT] 
2025-08-12 21:58:56,965 [ERROR] LogOutputStream:75 - [STDERR_REDIRECT] [Fatal Error] :1:1: Premature end of file.
2025-08-12 21:58:56,966 [ERROR] LogOutputStream:75 - [STDERR_REDIRECT] 
2025-08-12 21:58:57,980 [ERROR] LogOutputStream:75 - [STDERR_REDIRECT] [Fatal Error] :1:1: Premature end of file.
2025-08-12 21:58:57,980 [ERROR] LogOutputStream:75 - [STDERR_REDIRECT] 
2025-08-12 21:58:58,962 [ERROR] LogOutputStream:75 - [STDERR_REDIRECT] [Fatal Error] :1:1: Premature end of file.
2025-08-12 21:58:58,963 [ERROR] LogOutputStream:75 - [STDERR_REDIRECT] 
2025-08-12 21:58:59,984 [ERROR] LogOutputStream:75 - [STDERR_REDIRECT] [Fatal Error] :1:1: Premature end of file.
2025-08-12 21:58:59,984 [ERROR] LogOutputStream:75 - [STDERR_REDIRECT] 
2025-08-12 21:59:00,974 [ERROR] LogOutputStream:75 - [STDERR_REDIRECT] [Fatal Error] :1:1: Premature end of file.
2025-08-12 21:59:00,974 [ERROR] LogOutputStream:75 - [STDERR_REDIRECT] 
2025-08-12 21:59:01,977 [ERROR] LogOutputStream:75 - [STDERR_REDIRECT] [Fatal Error] :1:1: Premature end of file.
2025-08-12 21:59:01,978 [ERROR] LogOutputStream:75 - [STDERR_REDIRECT] 
2025-08-12 21:59:02,985 [ERROR] LogOutputStream:75 - [STDERR_REDIRECT] [Fatal Error] :1:1: Premature end of file.
2025-08-12 21:59:02,985 [ERROR] LogOutputStream:75 - [STDERR_REDIRECT] 
2025-08-12 21:59:03,984 [ERROR] LogOutputStream:75 - [STDERR_REDIRECT] [Fatal Error] :1:1: Premature end of file.
2025-08-12 21:59:03,984 [ERROR] LogOutputStream:75 - [STDERR_REDIRECT] 
2025-08-12 21:59:04,973 [ERROR] LogOutputStream:75 - [STDERR_REDIRECT] [Fatal Error] :1:1: Premature end of file.
2025-08-12 21:59:04,973 [ERROR] LogOutputStream:75 - [STDERR_REDIRECT] 
2025-08-12 21:59:05,973 [ERROR] LogOutputStream:75 - [STDERR_REDIRECT] [Fatal Error] :1:1: Premature end of file.
2025-08-12 21:59:05,973 [ERROR] LogOutputStream:75 - [STDERR_REDIRECT] 
2025-08-12 21:59:06,990 [ERROR] LogOutputStream:75 - [STDERR_REDIRECT] [Fatal Error] :1:1: Premature end of file.
2025-08-12 21:59:06,990 [ERROR] LogOutputStream:75 - [STDERR_REDIRECT] 
2025-08-12 21:59:07,973 [ERROR] LogOutputStream:75 - [STDERR_REDIRECT] [Fatal Error] :1:1: Premature end of file.
2025-08-12 21:59:07,973 [ERROR] LogOutputStream:75 - [STDERR_REDIRECT] 
2025-08-12 21:59:08,972 [ERROR] LogOutputStream:75 - [STDERR_REDIRECT] [Fatal Error] :1:1: Premature end of file.
2025-08-12 21:59:08,972 [ERROR] LogOutputStream:75 - [STDERR_REDIRECT] 
2025-08-12 21:59:09,986 [ERROR] LogOutputStream:75 - [STDERR_REDIRECT] [Fatal Error] :1:1: Premature end of file.
2025-08-12 21:59:09,986 [ERROR] LogOutputStream:75 - [STDERR_REDIRECT] 
2025-08-12 21:59:10,973 [ERROR] LogOutputStream:75 - [STDERR_REDIRECT] [Fatal Error] :1:1: Premature end of file.
2025-08-12 21:59:10,973 [ERROR] LogOutputStream:75 - [STDERR_REDIRECT] 
2025-08-12 21:59:11,971 [ERROR] LogOutputStream:75 - [STDERR_REDIRECT] [Fatal Error] :1:1: Premature end of file.
2025-08-12 21:59:11,971 [ERROR] LogOutputStream:75 - [STDERR_REDIRECT] 
2025-08-12 21:59:12,973 [ERROR] LogOutputStream:75 - [STDERR_REDIRECT] [Fatal Error] :1:1: Premature end of file.
2025-08-12 21:59:12,973 [ERROR] LogOutputStream:75 - [STDERR_REDIRECT] 
2025-08-12 21:59:13,982 [ERROR] LogOutputStream:75 - [STDERR_REDIRECT] [Fatal Error] :1:1: Premature end of file.
2025-08-12 21:59:13,982 [ERROR] LogOutputStream:75 - [STDERR_REDIRECT] 
2025-08-12 21:59:14,966 [ERROR] LogOutputStream:75 - [STDERR_REDIRECT] [Fatal Error] :1:1: Premature end of file.
2025-08-12 21:59:14,966 [ERROR] LogOutputStream:75 - [STDERR_REDIRECT] 
2025-08-12 21:59:15,965 [ERROR] LogOutputStream:75 - [STDERR_REDIRECT] [Fatal Error] :1:1: Premature end of file.
2025-08-12 21:59:15,965 [ERROR] LogOutputStream:75 - [STDERR_REDIRECT] 
2025-08-12 21:59:16,965 [ERROR] LogOutputStream:75 - [STDERR_REDIRECT] [Fatal Error] :1:1: Premature end of file.
2025-08-12 21:59:16,965 [ERROR] LogOutputStream:75 - [STDERR_REDIRECT] 
2025-08-12 21:59:17,962 [ERROR] LogOutputStream:75 - [STDERR_REDIRECT] [Fatal Error] :1:1: Premature end of file.
2025-08-12 21:59:17,962 [ERROR] LogOutputStream:75 - [STDERR_REDIRECT] 
2025-08-12 21:59:18,960 [ERROR] LogOutputStream:75 - [STDERR_REDIRECT] [Fatal Error] :1:1: Premature end of file.
2025-08-12 21:59:18,960 [ERROR] LogOutputStream:75 - [STDERR_REDIRECT] 
2025-08-12 21:59:19,957 [ERROR] LogOutputStream:75 - [STDERR_REDIRECT] [Fatal Error] :1:1: Premature end of file.
2025-08-12 21:59:19,957 [ERROR] LogOutputStream:75 - [STDERR_REDIRECT] 
2025-08-12 21:59:20,957 [ERROR] LogOutputStream:75 - [STDERR_REDIRECT] [Fatal Error] :1:1: Premature end of file.
2025-08-12 21:59:20,957 [ERROR] LogOutputStream:75 - [STDERR_REDIRECT] 
2025-08-12 21:59:21,963 [ERROR] LogOutputStream:75 - [STDERR_REDIRECT] [Fatal Error] :1:1: Premature end of file.
2025-08-12 21:59:21,963 [ERROR] LogOutputStream:75 - [STDERR_REDIRECT] 
2025-08-12 21:59:22,961 [ERROR] LogOutputStream:75 - [STDERR_REDIRECT] [Fatal Error] :1:1: Premature end of file.
2025-08-12 21:59:22,961 [ERROR] LogOutputStream:75 - [STDERR_REDIRECT] 
2025-08-12 21:59:23,968 [ERROR] LogOutputStream:75 - [STDERR_REDIRECT] [Fatal Error] :1:1: Premature end of file.
2025-08-12 21:59:23,968 [ERROR] LogOutputStream:75 - [STDERR_REDIRECT] 
2025-08-12 21:59:24,962 [ERROR] LogOutputStream:75 - [STDERR_REDIRECT] [Fatal Error] :1:1: Premature end of file.
2025-08-12 21:59:24,962 [ERROR] LogOutputStream:75 - [STDERR_REDIRECT] 
2025-08-12 21:59:25,976 [ERROR] LogOutputStream:75 - [STDERR_REDIRECT] [Fatal Error] :1:1: Premature end of file.
2025-08-12 21:59:25,976 [ERROR] LogOutputStream:75 - [STDERR_REDIRECT] 
2025-08-12 21:59:26,970 [ERROR] LogOutputStream:75 - [STDERR_REDIRECT] [Fatal Error] :1:1: Premature end of file.
2025-08-12 21:59:26,970 [ERROR] LogOutputStream:75 - [STDERR_REDIRECT] 
2025-08-12 21:59:27,970 [ERROR] LogOutputStream:75 - [STDERR_REDIRECT] [Fatal Error] :1:1: Premature end of file.
2025-08-12 21:59:27,970 [ERROR] LogOutputStream:75 - [STDERR_REDIRECT] 
2025-08-12 21:59:29,021 [ERROR] LogOutputStream:75 - [STDERR_REDIRECT] [Fatal Error] :1:1: Premature end of file.
2025-08-12 21:59:29,021 [ERROR] LogOutputStream:75 - [STDERR_REDIRECT] 
2025-08-12 21:59:29,988 [ERROR] LogOutputStream:75 - [STDERR_REDIRECT] [Fatal Error] :1:1: Premature end of file.
2025-08-12 21:59:29,988 [ERROR] LogOutputStream:75 - [STDERR_REDIRECT] 
2025-08-12 21:59:30,976 [ERROR] LogOutputStream:75 - [STDERR_REDIRECT] [Fatal Error] :1:1: Premature end of file.
2025-08-12 21:59:30,976 [ERROR] LogOutputStream:75 - [STDERR_REDIRECT] 
2025-08-12 21:59:31,958 [ERROR] LogOutputStream:75 - [STDERR_REDIRECT] [Fatal Error] :1:1: Premature end of file.
2025-08-12 21:59:31,958 [ERROR] LogOutputStream:75 - [STDERR_REDIRECT] 
2025-08-12 21:59:32,971 [ERROR] LogOutputStream:75 - [STDERR_REDIRECT] [Fatal Error] :1:1: Premature end of file.
2025-08-12 21:59:32,971 [ERROR] LogOutputStream:75 - [STDERR_REDIRECT] 
2025-08-12 21:59:33,970 [ERROR] LogOutputStream:75 - [STDERR_REDIRECT] [Fatal Error] :1:1: Premature end of file.
2025-08-12 21:59:33,970 [ERROR] LogOutputStream:75 - [STDERR_REDIRECT] 
2025-08-12 21:59:34,973 [ERROR] LogOutputStream:75 - [STDERR_REDIRECT] [Fatal Error] :1:1: Premature end of file.
2025-08-12 21:59:34,973 [ERROR] LogOutputStream:75 - [STDERR_REDIRECT] 
2025-08-12 21:59:35,976 [ERROR] LogOutputStream:75 - [STDERR_REDIRECT] [Fatal Error] :1:1: Premature end of file.
2025-08-12 21:59:35,976 [ERROR] LogOutputStream:75 - [STDERR_REDIRECT] 
2025-08-12 21:59:36,985 [ERROR] LogOutputStream:75 - [STDERR_REDIRECT] [Fatal Error] :1:1: Premature end of file.
2025-08-12 21:59:36,985 [ERROR] LogOutputStream:75 - [STDERR_REDIRECT] 
2025-08-12 21:59:37,957 [ERROR] LogOutputStream:75 - [STDERR_REDIRECT] [Fatal Error] :1:1: Premature end of file.
2025-08-12 21:59:37,957 [ERROR] LogOutputStream:75 - [STDERR_REDIRECT] 
2025-08-12 21:59:38,984 [ERROR] LogOutputStream:75 - [STDERR_REDIRECT] [Fatal Error] :1:1: Premature end of file.
2025-08-12 21:59:38,984 [ERROR] LogOutputStream:75 - [STDERR_REDIRECT] 
2025-08-12 21:59:39,980 [ERROR] LogOutputStream:75 - [STDERR_REDIRECT] [Fatal Error] :1:1: Premature end of file.
2025-08-12 21:59:39,980 [ERROR] LogOutputStream:75 - [STDERR_REDIRECT] 
2025-08-12 21:59:40,972 [ERROR] LogOutputStream:75 - [STDERR_REDIRECT] [Fatal Error] :1:1: Premature end of file.
2025-08-12 21:59:40,972 [ERROR] LogOutputStream:75 - [STDERR_REDIRECT] 
2025-08-12 21:59:41,967 [ERROR] LogOutputStream:75 - [STDERR_REDIRECT] [Fatal Error] :1:1: Premature end of file.
2025-08-12 21:59:41,967 [ERROR] LogOutputStream:75 - [STDERR_REDIRECT] 
2025-08-12 21:59:42,962 [ERROR] LogOutputStream:75 - [STDERR_REDIRECT] [Fatal Error] :1:1: Premature end of file.
2025-08-12 21:59:42,962 [ERROR] LogOutputStream:75 - [STDERR_REDIRECT] 
2025-08-12 21:59:43,973 [ERROR] LogOutputStream:75 - [STDERR_REDIRECT] [Fatal Error] :1:1: Premature end of file.
2025-08-12 21:59:43,973 [ERROR] LogOutputStream:75 - [STDERR_REDIRECT] 
2025-08-12 21:59:44,965 [ERROR] LogOutputStream:75 - [STDERR_REDIRECT] [Fatal Error] :1:1: Premature end of file.
2025-08-12 21:59:44,965 [ERROR] LogOutputStream:75 - [STDERR_REDIRECT] 
2025-08-12 21:59:45,978 [ERROR] LogOutputStream:75 - [STDERR_REDIRECT] [Fatal Error] :1:1: Premature end of file.
2025-08-12 21:59:45,978 [ERROR] LogOutputStream:75 - [STDERR_REDIRECT] 
2025-08-12 21:59:46,981 [ERROR] LogOutputStream:75 - [STDERR_REDIRECT] [Fatal Error] :1:1: Premature end of file.
2025-08-12 21:59:46,981 [ERROR] LogOutputStream:75 - [STDERR_REDIRECT] 
2025-08-12 21:59:47,984 [ERROR] LogOutputStream:75 - [STDERR_REDIRECT] [Fatal Error] :1:1: Premature end of file.
2025-08-12 21:59:47,984 [ERROR] LogOutputStream:75 - [STDERR_REDIRECT] 
2025-08-12 21:59:48,974 [ERROR] LogOutputStream:75 - [STDERR_REDIRECT] [Fatal Error] :1:1: Premature end of file.
2025-08-12 21:59:48,974 [ERROR] LogOutputStream:75 - [STDERR_REDIRECT] 
2025-08-12 21:59:49,956 [ERROR] LogOutputStream:75 - [STDERR_REDIRECT] [Fatal Error] :1:1: Premature end of file.
2025-08-12 21:59:49,956 [ERROR] LogOutputStream:75 - [STDERR_REDIRECT] 
2025-08-12 21:59:50,977 [ERROR] LogOutputStream:75 - [STDERR_REDIRECT] [Fatal Error] :1:1: Premature end of file.
2025-08-12 21:59:50,977 [ERROR] LogOutputStream:75 - [STDERR_REDIRECT] 
2025-08-12 21:59:51,979 [ERROR] LogOutputStream:75 - [STDERR_REDIRECT] [Fatal Error] :1:1: Premature end of file.
2025-08-12 21:59:51,979 [ERROR] LogOutputStream:75 - [STDERR_REDIRECT] 
2025-08-12 21:59:52,972 [ERROR] LogOutputStream:75 - [STDERR_REDIRECT] [Fatal Error] :1:1: Premature end of file.
2025-08-12 21:59:52,972 [ERROR] LogOutputStream:75 - [STDERR_REDIRECT] 
2025-08-12 21:59:53,977 [ERROR] LogOutputStream:75 - [STDERR_REDIRECT] [Fatal Error] :1:1: Premature end of file.
2025-08-12 21:59:53,978 [ERROR] LogOutputStream:75 - [STDERR_REDIRECT] 
2025-08-12 21:59:54,958 [ERROR] LogOutputStream:75 - [STDERR_REDIRECT] [Fatal Error] :1:1: Premature end of file.
2025-08-12 21:59:54,958 [ERROR] LogOutputStream:75 - [STDERR_REDIRECT] 
2025-08-12 21:59:55,981 [ERROR] LogOutputStream:75 - [STDERR_REDIRECT] [Fatal Error] :1:1: Premature end of file.
2025-08-12 21:59:55,981 [ERROR] LogOutputStream:75 - [STDERR_REDIRECT] 
2025-08-12 21:59:56,969 [ERROR] LogOutputStream:75 - [STDERR_REDIRECT] [Fatal Error] :1:1: Premature end of file.
2025-08-12 21:59:56,969 [ERROR] LogOutputStream:75 - [STDERR_REDIRECT] 
2025-08-12 21:59:57,981 [ERROR] LogOutputStream:75 - [STDERR_REDIRECT] [Fatal Error] :1:1: Premature end of file.
2025-08-12 21:59:57,981 [ERROR] LogOutputStream:75 - [STDERR_REDIRECT] 
2025-08-12 21:59:58,972 [ERROR] LogOutputStream:75 - [STDERR_REDIRECT] [Fatal Error] :1:1: Premature end of file.
2025-08-12 21:59:58,972 [ERROR] LogOutputStream:75 - [STDERR_REDIRECT] 
2025-08-12 21:59:59,966 [ERROR] LogOutputStream:75 - [STDERR_REDIRECT] [Fatal Error] :1:1: Premature end of file.
2025-08-12 21:59:59,966 [ERROR] LogOutputStream:75 - [STDERR_REDIRECT] 
2025-08-12 22:00:00,972 [ERROR] LogOutputStream:75 - [STDERR_REDIRECT] [Fatal Error] :1:1: Premature end of file.
2025-08-12 22:00:00,972 [ERROR] LogOutputStream:75 - [STDERR_REDIRECT] 
2025-08-12 22:00:01,976 [ERROR] LogOutputStream:75 - [STDERR_REDIRECT] [Fatal Error] :1:1: Premature end of file.
2025-08-12 22:00:01,976 [ERROR] LogOutputStream:75 - [STDERR_REDIRECT] 
2025-08-12 22:00:02,987 [ERROR] LogOutputStream:75 - [STDERR_REDIRECT] [Fatal Error] :1:1: Premature end of file.
2025-08-12 22:00:02,987 [ERROR] LogOutputStream:75 - [STDERR_REDIRECT] 
2025-08-12 22:00:03,968 [ERROR] LogOutputStream:75 - [STDERR_REDIRECT] [Fatal Error] :1:1: Premature end of file.
2025-08-12 22:00:03,968 [ERROR] LogOutputStream:75 - [STDERR_REDIRECT] 
2025-08-12 22:00:04,978 [ERROR] LogOutputStream:75 - [STDERR_REDIRECT] [Fatal Error] :1:1: Premature end of file.
2025-08-12 22:00:04,978 [ERROR] LogOutputStream:75 - [STDERR_REDIRECT] 
2025-08-12 22:00:05,970 [ERROR] LogOutputStream:75 - [STDERR_REDIRECT] [Fatal Error] :1:1: Premature end of file.
2025-08-12 22:00:05,970 [ERROR] LogOutputStream:75 - [STDERR_REDIRECT] 
2025-08-12 22:00:06,973 [ERROR] LogOutputStream:75 - [STDERR_REDIRECT] [Fatal Error] :1:1: Premature end of file.
2025-08-12 22:00:06,973 [ERROR] LogOutputStream:75 - [STDERR_REDIRECT] 
2025-08-12 22:00:07,980 [ERROR] LogOutputStream:75 - [STDERR_REDIRECT] [Fatal Error] :1:1: Premature end of file.
2025-08-12 22:00:07,980 [ERROR] LogOutputStream:75 - [STDERR_REDIRECT] 
2025-08-12 22:00:08,984 [ERROR] LogOutputStream:75 - [STDERR_REDIRECT] [Fatal Error] :1:1: Premature end of file.
2025-08-12 22:00:08,984 [ERROR] LogOutputStream:75 - [STDERR_REDIRECT] 
2025-08-12 22:00:09,961 [ERROR] LogOutputStream:75 - [STDERR_REDIRECT] [Fatal Error] :1:1: Premature end of file.
2025-08-12 22:00:09,961 [ERROR] LogOutputStream:75 - [STDERR_REDIRECT] 
2025-08-12 22:00:10,973 [ERROR] LogOutputStream:75 - [STDERR_REDIRECT] [Fatal Error] :1:1: Premature end of file.
2025-08-12 22:00:10,973 [ERROR] LogOutputStream:75 - [STDERR_REDIRECT] 
2025-08-12 22:00:11,969 [ERROR] LogOutputStream:75 - [STDERR_REDIRECT] [Fatal Error] :1:1: Premature end of file.
2025-08-12 22:00:11,985 [ERROR] LogOutputStream:75 - [STDERR_REDIRECT] 
2025-08-12 22:00:12,975 [ERROR] LogOutputStream:75 - [STDERR_REDIRECT] [Fatal Error] :1:1: Premature end of file.
2025-08-12 22:00:12,975 [ERROR] LogOutputStream:75 - [STDERR_REDIRECT] 
2025-08-12 22:00:13,973 [ERROR] LogOutputStream:75 - [STDERR_REDIRECT] [Fatal Error] :1:1: Premature end of file.
2025-08-12 22:00:13,973 [ERROR] LogOutputStream:75 - [STDERR_REDIRECT] 
2025-08-12 22:00:14,969 [ERROR] LogOutputStream:75 - [STDERR_REDIRECT] [Fatal Error] :1:1: Premature end of file.
2025-08-12 22:00:14,969 [ERROR] LogOutputStream:75 - [STDERR_REDIRECT] 
2025-08-12 22:00:15,975 [ERROR] LogOutputStream:75 - [STDERR_REDIRECT] [Fatal Error] :1:1: Premature end of file.
2025-08-12 22:00:15,975 [ERROR] LogOutputStream:75 - [STDERR_REDIRECT] 
2025-08-12 22:00:16,981 [ERROR] LogOutputStream:75 - [STDERR_REDIRECT] [Fatal Error] :1:1: Premature end of file.
2025-08-12 22:00:16,981 [ERROR] LogOutputStream:75 - [STDERR_REDIRECT] 
2025-08-12 22:00:17,973 [ERROR] LogOutputStream:75 - [STDERR_REDIRECT] [Fatal Error] :1:1: Premature end of file.
2025-08-12 22:00:17,973 [ERROR] LogOutputStream:75 - [STDERR_REDIRECT] 
2025-08-12 22:00:18,981 [ERROR] LogOutputStream:75 - [STDERR_REDIRECT] [Fatal Error] :1:1: Premature end of file.
2025-08-12 22:00:18,981 [ERROR] LogOutputStream:75 - [STDERR_REDIRECT] 
2025-08-12 22:00:19,978 [ERROR] LogOutputStream:75 - [STDERR_REDIRECT] [Fatal Error] :1:1: Premature end of file.
2025-08-12 22:00:19,982 [ERROR] LogOutputStream:75 - [STDERR_REDIRECT] 
2025-08-12 22:00:20,984 [ERROR] LogOutputStream:75 - [STDERR_REDIRECT] [Fatal Error] :1:1: Premature end of file.
2025-08-12 22:00:20,984 [ERROR] LogOutputStream:75 - [STDERR_REDIRECT] 
2025-08-12 22:00:21,981 [ERROR] LogOutputStream:75 - [STDERR_REDIRECT] [Fatal Error] :1:1: Premature end of file.
2025-08-12 22:00:21,981 [ERROR] LogOutputStream:75 - [STDERR_REDIRECT] 
2025-08-12 22:00:22,958 [ERROR] LogOutputStream:75 - [STDERR_REDIRECT] [Fatal Error] :1:1: Premature end of file.
2025-08-12 22:00:22,958 [ERROR] LogOutputStream:75 - [STDERR_REDIRECT] 
2025-08-12 22:00:23,976 [ERROR] LogOutputStream:75 - [STDERR_REDIRECT] [Fatal Error] :1:1: Premature end of file.
2025-08-12 22:00:23,981 [ERROR] LogOutputStream:75 - [STDERR_REDIRECT] 
2025-08-12 22:00:24,972 [ERROR] LogOutputStream:75 - [STDERR_REDIRECT] [Fatal Error] :1:1: Premature end of file.
2025-08-12 22:00:24,972 [ERROR] LogOutputStream:75 - [STDERR_REDIRECT] 
2025-08-12 22:00:25,975 [ERROR] LogOutputStream:75 - [STDERR_REDIRECT] [Fatal Error] :1:1: Premature end of file.
2025-08-12 22:00:25,975 [ERROR] LogOutputStream:75 - [STDERR_REDIRECT] 
2025-08-12 22:00:26,986 [ERROR] LogOutputStream:75 - [STDERR_REDIRECT] [Fatal Error] :1:1: Premature end of file.
2025-08-12 22:00:26,986 [ERROR] LogOutputStream:75 - [STDERR_REDIRECT] 
2025-08-12 22:00:27,970 [ERROR] LogOutputStream:75 - [STDERR_REDIRECT] [Fatal Error] :1:1: Premature end of file.
2025-08-12 22:00:27,970 [ERROR] LogOutputStream:75 - [STDERR_REDIRECT] 
2025-08-12 22:00:28,968 [ERROR] LogOutputStream:75 - [STDERR_REDIRECT] [Fatal Error] :1:1: Premature end of file.
2025-08-12 22:00:28,968 [ERROR] LogOutputStream:75 - [STDERR_REDIRECT] 
2025-08-12 22:00:29,976 [ERROR] LogOutputStream:75 - [STDERR_REDIRECT] [Fatal Error] :1:1: Premature end of file.
2025-08-12 22:00:29,976 [ERROR] LogOutputStream:75 - [STDERR_REDIRECT] 
2025-08-12 22:00:30,964 [ERROR] LogOutputStream:75 - [STDERR_REDIRECT] [Fatal Error] :1:1: Premature end of file.
2025-08-12 22:00:30,964 [ERROR] LogOutputStream:75 - [STDERR_REDIRECT] 
2025-08-12 22:00:31,983 [ERROR] LogOutputStream:75 - [STDERR_REDIRECT] [Fatal Error] :1:1: Premature end of file.
2025-08-12 22:00:31,983 [ERROR] LogOutputStream:75 - [STDERR_REDIRECT] 
2025-08-12 22:00:32,986 [ERROR] LogOutputStream:75 - [STDERR_REDIRECT] [Fatal Error] :1:1: Premature end of file.
2025-08-12 22:00:32,986 [ERROR] LogOutputStream:75 - [STDERR_REDIRECT] 
2025-08-12 22:00:33,984 [ERROR] LogOutputStream:75 - [STDERR_REDIRECT] [Fatal Error] :1:1: Premature end of file.
2025-08-12 22:00:33,984 [ERROR] LogOutputStream:75 - [STDERR_REDIRECT] 
2025-08-12 22:00:34,983 [ERROR] LogOutputStream:75 - [STDERR_REDIRECT] [Fatal Error] :1:1: Premature end of file.
2025-08-12 22:00:34,983 [ERROR] LogOutputStream:75 - [STDERR_REDIRECT] 
2025-08-12 22:00:35,970 [ERROR] LogOutputStream:75 - [STDERR_REDIRECT] [Fatal Error] :1:1: Premature end of file.
2025-08-12 22:00:35,970 [ERROR] LogOutputStream:75 - [STDERR_REDIRECT] 
2025-08-12 22:00:36,973 [ERROR] LogOutputStream:75 - [STDERR_REDIRECT] [Fatal Error] :1:1: Premature end of file.
2025-08-12 22:00:36,973 [ERROR] LogOutputStream:75 - [STDERR_REDIRECT] 
2025-08-12 22:00:37,958 [ERROR] LogOutputStream:75 - [STDERR_REDIRECT] [Fatal Error] :1:1: Premature end of file.
2025-08-12 22:00:37,958 [ERROR] LogOutputStream:75 - [STDERR_REDIRECT] 
2025-08-12 22:00:38,978 [ERROR] LogOutputStream:75 - [STDERR_REDIRECT] [Fatal Error] :1:1: Premature end of file.
2025-08-12 22:00:38,978 [ERROR] LogOutputStream:75 - [STDERR_REDIRECT] 
2025-08-12 22:00:39,966 [ERROR] LogOutputStream:75 - [STDERR_REDIRECT] [Fatal Error] :1:1: Premature end of file.
2025-08-12 22:00:39,966 [ERROR] LogOutputStream:75 - [STDERR_REDIRECT] 
2025-08-12 22:00:40,973 [ERROR] LogOutputStream:75 - [STDERR_REDIRECT] [Fatal Error] :1:1: Premature end of file.
2025-08-12 22:00:40,973 [ERROR] LogOutputStream:75 - [STDERR_REDIRECT] 
2025-08-12 22:00:41,985 [ERROR] LogOutputStream:75 - [STDERR_REDIRECT] [Fatal Error] :1:1: Premature end of file.
2025-08-12 22:00:41,985 [ERROR] LogOutputStream:75 - [STDERR_REDIRECT] 
2025-08-12 22:00:42,985 [ERROR] LogOutputStream:75 - [STDERR_REDIRECT] [Fatal Error] :1:1: Premature end of file.
2025-08-12 22:00:42,985 [ERROR] LogOutputStream:75 - [STDERR_REDIRECT] 
2025-08-12 22:00:43,983 [ERROR] LogOutputStream:75 - [STDERR_REDIRECT] [Fatal Error] :1:1: Premature end of file.
2025-08-12 22:00:43,983 [ERROR] LogOutputStream:75 - [STDERR_REDIRECT] 
2025-08-12 22:00:44,985 [ERROR] LogOutputStream:75 - [STDERR_REDIRECT] [Fatal Error] :1:1: Premature end of file.
2025-08-12 22:00:44,985 [ERROR] LogOutputStream:75 - [STDERR_REDIRECT] 
2025-08-12 22:00:45,986 [ERROR] LogOutputStream:75 - [STDERR_REDIRECT] [Fatal Error] :1:1: Premature end of file.
2025-08-12 22:00:45,986 [ERROR] LogOutputStream:75 - [STDERR_REDIRECT] 
2025-08-12 22:00:46,958 [ERROR] LogOutputStream:75 - [STDERR_REDIRECT] [Fatal Error] :1:1: Premature end of file.
2025-08-12 22:00:46,958 [ERROR] LogOutputStream:75 - [STDERR_REDIRECT] 
2025-08-12 22:00:47,966 [ERROR] LogOutputStream:75 - [STDERR_REDIRECT] [Fatal Error] :1:1: Premature end of file.
2025-08-12 22:00:47,966 [ERROR] LogOutputStream:75 - [STDERR_REDIRECT] 
2025-08-12 22:00:48,970 [ERROR] LogOutputStream:75 - [STDERR_REDIRECT] [Fatal Error] :1:1: Premature end of file.
2025-08-12 22:00:48,970 [ERROR] LogOutputStream:75 - [STDERR_REDIRECT] 
2025-08-12 22:00:49,976 [ERROR] LogOutputStream:75 - [STDERR_REDIRECT] [Fatal Error] :1:1: Premature end of file.
2025-08-12 22:00:49,976 [ERROR] LogOutputStream:75 - [STDERR_REDIRECT] 
2025-08-12 22:00:50,976 [ERROR] LogOutputStream:75 - [STDERR_REDIRECT] [Fatal Error] :1:1: Premature end of file.
2025-08-12 22:00:50,976 [ERROR] LogOutputStream:75 - [STDERR_REDIRECT] 
2025-08-12 22:00:51,970 [ERROR] LogOutputStream:75 - [STDERR_REDIRECT] [Fatal Error] :1:1: Premature end of file.
2025-08-12 22:00:51,970 [ERROR] LogOutputStream:75 - [STDERR_REDIRECT] 
2025-08-12 22:00:52,982 [ERROR] LogOutputStream:75 - [STDERR_REDIRECT] [Fatal Error] :1:1: Premature end of file.
2025-08-12 22:00:52,982 [ERROR] LogOutputStream:75 - [STDERR_REDIRECT] 
2025-08-12 22:00:53,969 [ERROR] LogOutputStream:75 - [STDERR_REDIRECT] [Fatal Error] :1:1: Premature end of file.
2025-08-12 22:00:53,969 [ERROR] LogOutputStream:75 - [STDERR_REDIRECT] 
2025-08-12 22:00:54,999 [ERROR] LogOutputStream:75 - [STDERR_REDIRECT] [Fatal Error] :1:1: Premature end of file.
2025-08-12 22:00:54,999 [ERROR] LogOutputStream:75 - [STDERR_REDIRECT] 
2025-08-12 22:00:55,977 [ERROR] LogOutputStream:75 - [STDERR_REDIRECT] [Fatal Error] :1:1: Premature end of file.
2025-08-12 22:00:55,977 [ERROR] LogOutputStream:75 - [STDERR_REDIRECT] 
2025-08-12 22:00:56,990 [ERROR] LogOutputStream:75 - [STDERR_REDIRECT] [Fatal Error] :1:1: Premature end of file.
2025-08-12 22:00:56,990 [ERROR] LogOutputStream:75 - [STDERR_REDIRECT] 
2025-08-12 22:00:57,974 [ERROR] LogOutputStream:75 - [STDERR_REDIRECT] [Fatal Error] :1:1: Premature end of file.
2025-08-12 22:00:57,974 [ERROR] LogOutputStream:75 - [STDERR_REDIRECT] 
2025-08-12 22:00:58,970 [ERROR] LogOutputStream:75 - [STDERR_REDIRECT] [Fatal Error] :1:1: Premature end of file.
2025-08-12 22:00:58,971 [ERROR] LogOutputStream:75 - [STDERR_REDIRECT] 
2025-08-12 22:00:59,972 [ERROR] LogOutputStream:75 - [STDERR_REDIRECT] [Fatal Error] :1:1: Premature end of file.
2025-08-12 22:00:59,972 [ERROR] LogOutputStream:75 - [STDERR_REDIRECT] 
2025-08-12 22:01:00,982 [ERROR] LogOutputStream:75 - [STDERR_REDIRECT] [Fatal Error] :1:1: Premature end of file.
2025-08-12 22:01:00,982 [ERROR] LogOutputStream:75 - [STDERR_REDIRECT] 
2025-08-12 22:01:01,976 [ERROR] LogOutputStream:75 - [STDERR_REDIRECT] [Fatal Error] :1:1: Premature end of file.
2025-08-12 22:01:01,976 [ERROR] LogOutputStream:75 - [STDERR_REDIRECT] 
2025-08-12 22:01:02,968 [ERROR] LogOutputStream:75 - [STDERR_REDIRECT] [Fatal Error] :1:1: Premature end of file.
2025-08-12 22:01:02,968 [ERROR] LogOutputStream:75 - [STDERR_REDIRECT] 
2025-08-12 22:01:03,979 [ERROR] LogOutputStream:75 - [STDERR_REDIRECT] [Fatal Error] :1:1: Premature end of file.
2025-08-12 22:01:03,979 [ERROR] LogOutputStream:75 - [STDERR_REDIRECT] 
2025-08-12 22:01:04,970 [ERROR] LogOutputStream:75 - [STDERR_REDIRECT] [Fatal Error] :1:1: Premature end of file.
2025-08-12 22:01:04,970 [ERROR] LogOutputStream:75 - [STDERR_REDIRECT] 
2025-08-12 22:01:05,967 [ERROR] LogOutputStream:75 - [STDERR_REDIRECT] [Fatal Error] :1:1: Premature end of file.
2025-08-12 22:01:05,967 [ERROR] LogOutputStream:75 - [STDERR_REDIRECT] 
2025-08-12 22:01:06,961 [ERROR] LogOutputStream:75 - [STDERR_REDIRECT] [Fatal Error] :1:1: Premature end of file.
2025-08-12 22:01:06,961 [ERROR] LogOutputStream:75 - [STDERR_REDIRECT] 
2025-08-12 22:01:07,970 [ERROR] LogOutputStream:75 - [STDERR_REDIRECT] [Fatal Error] :1:1: Premature end of file.
2025-08-12 22:01:07,970 [ERROR] LogOutputStream:75 - [STDERR_REDIRECT] 
2025-08-12 22:01:08,961 [ERROR] LogOutputStream:75 - [STDERR_REDIRECT] [Fatal Error] :1:1: Premature end of file.
2025-08-12 22:01:08,966 [ERROR] LogOutputStream:75 - [STDERR_REDIRECT] 
2025-08-12 22:01:09,973 [ERROR] LogOutputStream:75 - [STDERR_REDIRECT] [Fatal Error] :1:1: Premature end of file.
2025-08-12 22:01:09,973 [ERROR] LogOutputStream:75 - [STDERR_REDIRECT] 
2025-08-12 22:01:10,964 [ERROR] LogOutputStream:75 - [STDERR_REDIRECT] [Fatal Error] :1:1: Premature end of file.
2025-08-12 22:01:10,964 [ERROR] LogOutputStream:75 - [STDERR_REDIRECT] 
2025-08-12 22:01:11,964 [ERROR] LogOutputStream:75 - [STDERR_REDIRECT] [Fatal Error] :1:1: Premature end of file.
2025-08-12 22:01:11,964 [ERROR] LogOutputStream:75 - [STDERR_REDIRECT] 
2025-08-12 22:01:12,967 [ERROR] LogOutputStream:75 - [STDERR_REDIRECT] [Fatal Error] :1:1: Premature end of file.
2025-08-12 22:01:12,967 [ERROR] LogOutputStream:75 - [STDERR_REDIRECT] 
2025-08-12 22:01:13,971 [ERROR] LogOutputStream:75 - [STDERR_REDIRECT] [Fatal Error] :1:1: Premature end of file.
2025-08-12 22:01:13,971 [ERROR] LogOutputStream:75 - [STDERR_REDIRECT] 
2025-08-12 22:01:14,971 [ERROR] LogOutputStream:75 - [STDERR_REDIRECT] [Fatal Error] :1:1: Premature end of file.
2025-08-12 22:01:14,971 [ERROR] LogOutputStream:75 - [STDERR_REDIRECT] 
2025-08-12 22:01:15,968 [ERROR] LogOutputStream:75 - [STDERR_REDIRECT] [Fatal Error] :1:1: Premature end of file.
2025-08-12 22:01:15,968 [ERROR] LogOutputStream:75 - [STDERR_REDIRECT] 
2025-08-12 22:01:16,960 [ERROR] LogOutputStream:75 - [STDERR_REDIRECT] [Fatal Error] :1:1: Premature end of file.
2025-08-12 22:01:16,960 [ERROR] LogOutputStream:75 - [STDERR_REDIRECT] 
2025-08-12 22:01:17,963 [ERROR] LogOutputStream:75 - [STDERR_REDIRECT] [Fatal Error] :1:1: Premature end of file.
2025-08-12 22:01:17,963 [ERROR] LogOutputStream:75 - [STDERR_REDIRECT] 
2025-08-12 22:01:18,960 [ERROR] LogOutputStream:75 - [STDERR_REDIRECT] [Fatal Error] :1:1: Premature end of file.
2025-08-12 22:01:18,960 [ERROR] LogOutputStream:75 - [STDERR_REDIRECT] 
2025-08-12 22:01:19,973 [ERROR] LogOutputStream:75 - [STDERR_REDIRECT] [Fatal Error] :1:1: Premature end of file.
2025-08-12 22:01:19,973 [ERROR] LogOutputStream:75 - [STDERR_REDIRECT] 
2025-08-12 22:01:20,962 [ERROR] LogOutputStream:75 - [STDERR_REDIRECT] [Fatal Error] :1:1: Premature end of file.
2025-08-12 22:01:20,962 [ERROR] LogOutputStream:75 - [STDERR_REDIRECT] 
2025-08-12 22:01:21,980 [ERROR] LogOutputStream:75 - [STDERR_REDIRECT] [Fatal Error] :1:1: Premature end of file.
2025-08-12 22:01:21,981 [ERROR] LogOutputStream:75 - [STDERR_REDIRECT] 
2025-08-12 22:01:22,983 [ERROR] LogOutputStream:75 - [STDERR_REDIRECT] [Fatal Error] :1:1: Premature end of file.
2025-08-12 22:01:22,983 [ERROR] LogOutputStream:75 - [STDERR_REDIRECT] 
2025-08-12 22:01:23,985 [ERROR] LogOutputStream:75 - [STDERR_REDIRECT] [Fatal Error] :1:1: Premature end of file.
2025-08-12 22:01:23,985 [ERROR] LogOutputStream:75 - [STDERR_REDIRECT] 
2025-08-12 22:01:24,972 [ERROR] LogOutputStream:75 - [STDERR_REDIRECT] [Fatal Error] :1:1: Premature end of file.
2025-08-12 22:01:24,972 [ERROR] LogOutputStream:75 - [STDERR_REDIRECT] 
2025-08-12 22:01:25,975 [ERROR] LogOutputStream:75 - [STDERR_REDIRECT] [Fatal Error] :1:1: Premature end of file.
2025-08-12 22:01:25,975 [ERROR] LogOutputStream:75 - [STDERR_REDIRECT] 
2025-08-12 22:01:26,991 [ERROR] LogOutputStream:75 - [STDERR_REDIRECT] [Fatal Error] :1:1: Premature end of file.
2025-08-12 22:01:26,993 [ERROR] LogOutputStream:75 - [STDERR_REDIRECT] 
2025-08-12 22:01:27,980 [ERROR] LogOutputStream:75 - [STDERR_REDIRECT] [Fatal Error] :1:1: Premature end of file.
2025-08-12 22:01:27,980 [ERROR] LogOutputStream:75 - [STDERR_REDIRECT] 
2025-08-12 22:01:28,957 [ERROR] LogOutputStream:75 - [STDERR_REDIRECT] [Fatal Error] :1:1: Premature end of file.
2025-08-12 22:01:28,973 [ERROR] LogOutputStream:75 - [STDERR_REDIRECT] 
2025-08-12 22:01:29,984 [ERROR] LogOutputStream:75 - [STDERR_REDIRECT] [Fatal Error] :1:1: Premature end of file.
2025-08-12 22:01:29,984 [ERROR] LogOutputStream:75 - [STDERR_REDIRECT] 
2025-08-12 22:01:30,979 [ERROR] LogOutputStream:75 - [STDERR_REDIRECT] [Fatal Error] :1:1: Premature end of file.
2025-08-12 22:01:30,979 [ERROR] LogOutputStream:75 - [STDERR_REDIRECT] 
2025-08-12 22:01:31,956 [ERROR] LogOutputStream:75 - [STDERR_REDIRECT] [Fatal Error] :1:1: Premature end of file.
2025-08-12 22:01:31,956 [ERROR] LogOutputStream:75 - [STDERR_REDIRECT] 
2025-08-12 22:01:32,985 [ERROR] LogOutputStream:75 - [STDERR_REDIRECT] [Fatal Error] :1:1: Premature end of file.
2025-08-12 22:01:32,985 [ERROR] LogOutputStream:75 - [STDERR_REDIRECT] 
2025-08-12 22:01:33,972 [ERROR] LogOutputStream:75 - [STDERR_REDIRECT] [Fatal Error] :1:1: Premature end of file.
2025-08-12 22:01:33,972 [ERROR] LogOutputStream:75 - [STDERR_REDIRECT] 
2025-08-12 22:01:34,976 [ERROR] LogOutputStream:75 - [STDERR_REDIRECT] [Fatal Error] :1:1: Premature end of file.
2025-08-12 22:01:34,976 [ERROR] LogOutputStream:75 - [STDERR_REDIRECT] 
2025-08-12 22:01:35,992 [ERROR] LogOutputStream:75 - [STDERR_REDIRECT] [Fatal Error] :1:1: Premature end of file.
2025-08-12 22:01:35,992 [ERROR] LogOutputStream:75 - [STDERR_REDIRECT] 
2025-08-12 22:01:36,982 [ERROR] LogOutputStream:75 - [STDERR_REDIRECT] [Fatal Error] :1:1: Premature end of file.
2025-08-12 22:01:36,982 [ERROR] LogOutputStream:75 - [STDERR_REDIRECT] 
2025-08-12 22:01:37,974 [ERROR] LogOutputStream:75 - [STDERR_REDIRECT] [Fatal Error] :1:1: Premature end of file.
2025-08-12 22:01:37,974 [ERROR] LogOutputStream:75 - [STDERR_REDIRECT] 
2025-08-12 22:01:38,967 [ERROR] LogOutputStream:75 - [STDERR_REDIRECT] [Fatal Error] :1:1: Premature end of file.
2025-08-12 22:01:38,967 [ERROR] LogOutputStream:75 - [STDERR_REDIRECT] 
2025-08-12 22:01:39,980 [ERROR] LogOutputStream:75 - [STDERR_REDIRECT] [Fatal Error] :1:1: Premature end of file.
2025-08-12 22:01:39,989 [ERROR] LogOutputStream:75 - [STDERR_REDIRECT] 
2025-08-12 22:01:40,966 [ERROR] LogOutputStream:75 - [STDERR_REDIRECT] [Fatal Error] :1:1: Premature end of file.
2025-08-12 22:01:40,966 [ERROR] LogOutputStream:75 - [STDERR_REDIRECT] 
2025-08-12 22:01:41,970 [ERROR] LogOutputStream:75 - [STDERR_REDIRECT] [Fatal Error] :1:1: Premature end of file.
2025-08-12 22:01:41,970 [ERROR] LogOutputStream:75 - [STDERR_REDIRECT] 
2025-08-12 22:01:42,978 [ERROR] LogOutputStream:75 - [STDERR_REDIRECT] [Fatal Error] :1:1: Premature end of file.
2025-08-12 22:01:42,979 [ERROR] LogOutputStream:75 - [STDERR_REDIRECT] 
2025-08-12 22:01:43,963 [ERROR] LogOutputStream:75 - [STDERR_REDIRECT] [Fatal Error] :1:1: Premature end of file.
2025-08-12 22:01:43,963 [ERROR] LogOutputStream:75 - [STDERR_REDIRECT] 
2025-08-12 22:01:44,981 [ERROR] LogOutputStream:75 - [STDERR_REDIRECT] [Fatal Error] :1:1: Premature end of file.
2025-08-12 22:01:44,981 [ERROR] LogOutputStream:75 - [STDERR_REDIRECT] 
2025-08-12 22:01:45,964 [ERROR] LogOutputStream:75 - [STDERR_REDIRECT] [Fatal Error] :1:1: Premature end of file.
2025-08-12 22:01:45,965 [ERROR] LogOutputStream:75 - [STDERR_REDIRECT] 
2025-08-12 22:01:46,980 [ERROR] LogOutputStream:75 - [STDERR_REDIRECT] [Fatal Error] :1:1: Premature end of file.
2025-08-12 22:01:46,980 [ERROR] LogOutputStream:75 - [STDERR_REDIRECT] 
2025-08-12 22:01:47,980 [ERROR] LogOutputStream:75 - [STDERR_REDIRECT] [Fatal Error] :1:1: Premature end of file.
2025-08-12 22:01:47,980 [ERROR] LogOutputStream:75 - [STDERR_REDIRECT] 
2025-08-12 22:01:48,980 [ERROR] LogOutputStream:75 - [STDERR_REDIRECT] [Fatal Error] :1:1: Premature end of file.
2025-08-12 22:01:48,981 [ERROR] LogOutputStream:75 - [STDERR_REDIRECT] 
2025-08-12 22:01:49,962 [ERROR] LogOutputStream:75 - [STDERR_REDIRECT] [Fatal Error] :1:1: Premature end of file.
2025-08-12 22:01:49,962 [ERROR] LogOutputStream:75 - [STDERR_REDIRECT] 
2025-08-12 22:01:50,978 [ERROR] LogOutputStream:75 - [STDERR_REDIRECT] [Fatal Error] :1:1: Premature end of file.
2025-08-12 22:01:50,978 [ERROR] LogOutputStream:75 - [STDERR_REDIRECT] 
2025-08-12 22:01:51,974 [ERROR] LogOutputStream:75 - [STDERR_REDIRECT] [Fatal Error] :1:1: Premature end of file.
2025-08-12 22:01:51,974 [ERROR] LogOutputStream:75 - [STDERR_REDIRECT] 
2025-08-12 22:01:52,975 [ERROR] LogOutputStream:75 - [STDERR_REDIRECT] [Fatal Error] :1:1: Premature end of file.
2025-08-12 22:01:52,976 [ERROR] LogOutputStream:75 - [STDERR_REDIRECT] 
2025-08-12 22:01:53,976 [ERROR] LogOutputStream:75 - [STDERR_REDIRECT] [Fatal Error] :1:1: Premature end of file.
2025-08-12 22:01:53,977 [ERROR] LogOutputStream:75 - [STDERR_REDIRECT] 
2025-08-12 22:01:54,982 [ERROR] LogOutputStream:75 - [STDERR_REDIRECT] [Fatal Error] :1:1: Premature end of file.
2025-08-12 22:01:54,982 [ERROR] LogOutputStream:75 - [STDERR_REDIRECT] 
2025-08-12 22:01:55,977 [ERROR] LogOutputStream:75 - [STDERR_REDIRECT] [Fatal Error] :1:1: Premature end of file.
2025-08-12 22:01:55,977 [ERROR] LogOutputStream:75 - [STDERR_REDIRECT] 
2025-08-12 22:01:56,982 [ERROR] LogOutputStream:75 - [STDERR_REDIRECT] [Fatal Error] :1:1: Premature end of file.
2025-08-12 22:01:56,982 [ERROR] LogOutputStream:75 - [STDERR_REDIRECT] 
2025-08-12 22:01:57,979 [ERROR] LogOutputStream:75 - [STDERR_REDIRECT] [Fatal Error] :1:1: Premature end of file.
2025-08-12 22:01:57,979 [ERROR] LogOutputStream:75 - [STDERR_REDIRECT] 
2025-08-12 22:01:58,972 [ERROR] LogOutputStream:75 - [STDERR_REDIRECT] [Fatal Error] :1:1: Premature end of file.
2025-08-12 22:01:58,972 [ERROR] LogOutputStream:75 - [STDERR_REDIRECT] 
2025-08-12 22:01:59,972 [ERROR] LogOutputStream:75 - [STDERR_REDIRECT] [Fatal Error] :1:1: Premature end of file.
2025-08-12 22:01:59,972 [ERROR] LogOutputStream:75 - [STDERR_REDIRECT] 
2025-08-12 22:02:00,980 [ERROR] LogOutputStream:75 - [STDERR_REDIRECT] [Fatal Error] :1:1: Premature end of file.
2025-08-12 22:02:00,980 [ERROR] LogOutputStream:75 - [STDERR_REDIRECT] 
2025-08-12 22:02:01,973 [ERROR] LogOutputStream:75 - [STDERR_REDIRECT] [Fatal Error] :1:1: Premature end of file.
2025-08-12 22:02:01,973 [ERROR] LogOutputStream:75 - [STDERR_REDIRECT] 
2025-08-12 22:02:02,976 [ERROR] LogOutputStream:75 - [STDERR_REDIRECT] [Fatal Error] :1:1: Premature end of file.
2025-08-12 22:02:02,987 [ERROR] LogOutputStream:75 - [STDERR_REDIRECT] 
2025-08-12 22:02:03,987 [ERROR] LogOutputStream:75 - [STDERR_REDIRECT] [Fatal Error] :1:1: Premature end of file.
2025-08-12 22:02:03,987 [ERROR] LogOutputStream:75 - [STDERR_REDIRECT] 
2025-08-12 22:02:04,966 [ERROR] LogOutputStream:75 - [STDERR_REDIRECT] [Fatal Error] :1:1: Premature end of file.
2025-08-12 22:02:04,966 [ERROR] LogOutputStream:75 - [STDERR_REDIRECT] 
2025-08-12 22:02:05,961 [ERROR] LogOutputStream:75 - [STDERR_REDIRECT] [Fatal Error] :1:1: Premature end of file.
2025-08-12 22:02:05,962 [ERROR] LogOutputStream:75 - [STDERR_REDIRECT] 
2025-08-12 22:02:06,966 [ERROR] LogOutputStream:75 - [STDERR_REDIRECT] [Fatal Error] :1:1: Premature end of file.
2025-08-12 22:02:06,967 [ERROR] LogOutputStream:75 - [STDERR_REDIRECT] 
2025-08-12 22:02:07,965 [ERROR] LogOutputStream:75 - [STDERR_REDIRECT] [Fatal Error] :1:1: Premature end of file.
2025-08-12 22:02:07,965 [ERROR] LogOutputStream:75 - [STDERR_REDIRECT] 
2025-08-12 22:02:08,964 [ERROR] LogOutputStream:75 - [STDERR_REDIRECT] [Fatal Error] :1:1: Premature end of file.
2025-08-12 22:02:08,964 [ERROR] LogOutputStream:75 - [STDERR_REDIRECT] 
2025-08-12 22:02:09,963 [ERROR] LogOutputStream:75 - [STDERR_REDIRECT] [Fatal Error] :1:1: Premature end of file.
2025-08-12 22:02:09,963 [ERROR] LogOutputStream:75 - [STDERR_REDIRECT] 
2025-08-12 22:02:10,981 [ERROR] LogOutputStream:75 - [STDERR_REDIRECT] [Fatal Error] :1:1: Premature end of file.
2025-08-12 22:02:10,981 [ERROR] LogOutputStream:75 - [STDERR_REDIRECT] 
2025-08-12 22:02:11,967 [ERROR] LogOutputStream:75 - [STDERR_REDIRECT] [Fatal Error] :1:1: Premature end of file.
2025-08-12 22:02:11,967 [ERROR] LogOutputStream:75 - [STDERR_REDIRECT] 
2025-08-12 22:02:12,964 [ERROR] LogOutputStream:75 - [STDERR_REDIRECT] [Fatal Error] :1:1: Premature end of file.
2025-08-12 22:02:12,965 [ERROR] LogOutputStream:75 - [STDERR_REDIRECT] 
2025-08-12 22:02:13,963 [ERROR] LogOutputStream:75 - [STDERR_REDIRECT] [Fatal Error] :1:1: Premature end of file.
2025-08-12 22:02:13,963 [ERROR] LogOutputStream:75 - [STDERR_REDIRECT] 
2025-08-12 22:02:14,968 [ERROR] LogOutputStream:75 - [STDERR_REDIRECT] [Fatal Error] :1:1: Premature end of file.
2025-08-12 22:02:14,968 [ERROR] LogOutputStream:75 - [STDERR_REDIRECT] 
2025-08-12 22:02:15,959 [ERROR] LogOutputStream:75 - [STDERR_REDIRECT] [Fatal Error] :1:1: Premature end of file.
2025-08-12 22:02:15,959 [ERROR] LogOutputStream:75 - [STDERR_REDIRECT] 
2025-08-12 22:02:16,964 [ERROR] LogOutputStream:75 - [STDERR_REDIRECT] [Fatal Error] :1:1: Premature end of file.
2025-08-12 22:02:16,964 [ERROR] LogOutputStream:75 - [STDERR_REDIRECT] 
2025-08-12 22:02:17,965 [ERROR] LogOutputStream:75 - [STDERR_REDIRECT] [Fatal Error] :1:1: Premature end of file.
2025-08-12 22:02:17,965 [ERROR] LogOutputStream:75 - [STDERR_REDIRECT] 
2025-08-12 22:02:18,958 [ERROR] LogOutputStream:75 - [STDERR_REDIRECT] [Fatal Error] :1:1: Premature end of file.
2025-08-12 22:02:18,958 [ERROR] LogOutputStream:75 - [STDERR_REDIRECT] 
2025-08-12 22:02:20,200 [ERROR] LogOutputStream:75 - [STDERR_REDIRECT] [Fatal Error] :1:1: Premature end of file.
2025-08-12 22:02:20,200 [ERROR] LogOutputStream:75 - [STDERR_REDIRECT] 
2025-08-12 22:02:20,967 [ERROR] LogOutputStream:75 - [STDERR_REDIRECT] [Fatal Error] :1:1: Premature end of file.
2025-08-12 22:02:20,967 [ERROR] LogOutputStream:75 - [STDERR_REDIRECT] 
2025-08-12 22:02:21,965 [ERROR] LogOutputStream:75 - [STDERR_REDIRECT] [Fatal Error] :1:1: Premature end of file.
2025-08-12 22:02:21,965 [ERROR] LogOutputStream:75 - [STDERR_REDIRECT] 
2025-08-12 22:02:22,966 [ERROR] LogOutputStream:75 - [STDERR_REDIRECT] [Fatal Error] :1:1: Premature end of file.
2025-08-12 22:02:22,966 [ERROR] LogOutputStream:75 - [STDERR_REDIRECT] 
2025-08-12 22:02:23,967 [ERROR] LogOutputStream:75 - [STDERR_REDIRECT] [Fatal Error] :1:1: Premature end of file.
2025-08-12 22:02:23,967 [ERROR] LogOutputStream:75 - [STDERR_REDIRECT] 
2025-08-12 22:02:24,975 [ERROR] LogOutputStream:75 - [STDERR_REDIRECT] [Fatal Error] :1:1: Premature end of file.
2025-08-12 22:02:24,975 [ERROR] LogOutputStream:75 - [STDERR_REDIRECT] 
2025-08-12 22:02:25,962 [ERROR] LogOutputStream:75 - [STDERR_REDIRECT] [Fatal Error] :1:1: Premature end of file.
2025-08-12 22:02:25,963 [ERROR] LogOutputStream:75 - [STDERR_REDIRECT] 
2025-08-12 22:02:26,964 [ERROR] LogOutputStream:75 - [STDERR_REDIRECT] [Fatal Error] :1:1: Premature end of file.
2025-08-12 22:02:26,964 [ERROR] LogOutputStream:75 - [STDERR_REDIRECT] 
2025-08-12 22:02:27,971 [ERROR] LogOutputStream:75 - [STDERR_REDIRECT] [Fatal Error] :1:1: Premature end of file.
2025-08-12 22:02:27,971 [ERROR] LogOutputStream:75 - [STDERR_REDIRECT] 
2025-08-12 22:02:28,965 [ERROR] LogOutputStream:75 - [STDERR_REDIRECT] [Fatal Error] :1:1: Premature end of file.
2025-08-12 22:02:28,965 [ERROR] LogOutputStream:75 - [STDERR_REDIRECT] 
2025-08-12 22:02:29,958 [ERROR] LogOutputStream:75 - [STDERR_REDIRECT] [Fatal Error] :1:1: Premature end of file.
2025-08-12 22:02:29,958 [ERROR] LogOutputStream:75 - [STDERR_REDIRECT] 
2025-08-12 22:02:30,966 [ERROR] LogOutputStream:75 - [STDERR_REDIRECT] [Fatal Error] :1:1: Premature end of file.
2025-08-12 22:02:30,966 [ERROR] LogOutputStream:75 - [STDERR_REDIRECT] 
2025-08-12 22:02:31,977 [ERROR] LogOutputStream:75 - [STDERR_REDIRECT] [Fatal Error] :1:1: Premature end of file.
2025-08-12 22:02:31,977 [ERROR] LogOutputStream:75 - [STDERR_REDIRECT] 
2025-08-12 22:02:32,967 [ERROR] LogOutputStream:75 - [STDERR_REDIRECT] [Fatal Error] :1:1: Premature end of file.
2025-08-12 22:02:32,967 [ERROR] LogOutputStream:75 - [STDERR_REDIRECT] 
2025-08-12 22:02:33,966 [ERROR] LogOutputStream:75 - [STDERR_REDIRECT] [Fatal Error] :1:1: Premature end of file.
2025-08-12 22:02:33,966 [ERROR] LogOutputStream:75 - [STDERR_REDIRECT] 
2025-08-12 22:02:34,969 [ERROR] LogOutputStream:75 - [STDERR_REDIRECT] [Fatal Error] :1:1: Premature end of file.
2025-08-12 22:02:34,969 [ERROR] LogOutputStream:75 - [STDERR_REDIRECT] 
2025-08-12 22:02:35,984 [ERROR] LogOutputStream:75 - [STDERR_REDIRECT] [Fatal Error] :1:1: Premature end of file.
2025-08-12 22:02:35,984 [ERROR] LogOutputStream:75 - [STDERR_REDIRECT] 
2025-08-12 22:02:36,966 [ERROR] LogOutputStream:75 - [STDERR_REDIRECT] [Fatal Error] :1:1: Premature end of file.
2025-08-12 22:02:36,966 [ERROR] LogOutputStream:75 - [STDERR_REDIRECT] 
2025-08-12 22:02:37,958 [ERROR] LogOutputStream:75 - [STDERR_REDIRECT] [Fatal Error] :1:1: Premature end of file.
2025-08-12 22:02:37,958 [ERROR] LogOutputStream:75 - [STDERR_REDIRECT] 
2025-08-12 22:02:38,975 [ERROR] LogOutputStream:75 - [STDERR_REDIRECT] [Fatal Error] :1:1: Premature end of file.
2025-08-12 22:02:38,975 [ERROR] LogOutputStream:75 - [STDERR_REDIRECT] 
2025-08-12 22:02:39,973 [ERROR] LogOutputStream:75 - [STDERR_REDIRECT] [Fatal Error] :1:1: Premature end of file.
2025-08-12 22:02:39,973 [ERROR] LogOutputStream:75 - [STDERR_REDIRECT] 
2025-08-12 22:02:40,990 [ERROR] LogOutputStream:75 - [STDERR_REDIRECT] [Fatal Error] :1:1: Premature end of file.
2025-08-12 22:02:40,990 [ERROR] LogOutputStream:75 - [STDERR_REDIRECT] 
2025-08-12 22:02:41,965 [ERROR] LogOutputStream:75 - [STDERR_REDIRECT] [Fatal Error] :1:1: Premature end of file.
2025-08-12 22:02:41,965 [ERROR] LogOutputStream:75 - [STDERR_REDIRECT] 
2025-08-12 22:02:42,978 [ERROR] LogOutputStream:75 - [STDERR_REDIRECT] [Fatal Error] :1:1: Premature end of file.
2025-08-12 22:02:42,978 [ERROR] LogOutputStream:75 - [STDERR_REDIRECT] 
2025-08-12 22:02:43,977 [ERROR] LogOutputStream:75 - [STDERR_REDIRECT] [Fatal Error] :1:1: Premature end of file.
2025-08-12 22:02:43,978 [ERROR] LogOutputStream:75 - [STDERR_REDIRECT] 
2025-08-12 22:02:44,964 [ERROR] LogOutputStream:75 - [STDERR_REDIRECT] [Fatal Error] :1:1: Premature end of file.
2025-08-12 22:02:44,964 [ERROR] LogOutputStream:75 - [STDERR_REDIRECT] 
2025-08-12 22:02:45,976 [ERROR] LogOutputStream:75 - [STDERR_REDIRECT] [Fatal Error] :1:1: Premature end of file.
2025-08-12 22:02:45,976 [ERROR] LogOutputStream:75 - [STDERR_REDIRECT] 
2025-08-12 22:02:46,973 [ERROR] LogOutputStream:75 - [STDERR_REDIRECT] [Fatal Error] :1:1: Premature end of file.
2025-08-12 22:02:46,973 [ERROR] LogOutputStream:75 - [STDERR_REDIRECT] 
2025-08-12 22:02:47,968 [ERROR] LogOutputStream:75 - [STDERR_REDIRECT] [Fatal Error] :1:1: Premature end of file.
2025-08-12 22:02:47,968 [ERROR] LogOutputStream:75 - [STDERR_REDIRECT] 
2025-08-12 22:02:48,974 [ERROR] LogOutputStream:75 - [STDERR_REDIRECT] [Fatal Error] :1:1: Premature end of file.
2025-08-12 22:02:48,974 [ERROR] LogOutputStream:75 - [STDERR_REDIRECT] 
2025-08-12 22:02:49,974 [ERROR] LogOutputStream:75 - [STDERR_REDIRECT] [Fatal Error] :1:1: Premature end of file.
2025-08-12 22:02:49,974 [ERROR] LogOutputStream:75 - [STDERR_REDIRECT] 
2025-08-12 22:02:50,985 [ERROR] LogOutputStream:75 - [STDERR_REDIRECT] [Fatal Error] :1:1: Premature end of file.
2025-08-12 22:02:50,985 [ERROR] LogOutputStream:75 - [STDERR_REDIRECT] 
2025-08-12 22:02:51,962 [ERROR] LogOutputStream:75 - [STDERR_REDIRECT] [Fatal Error] :1:1: Premature end of file.
2025-08-12 22:02:51,963 [ERROR] LogOutputStream:75 - [STDERR_REDIRECT] 
2025-08-12 22:02:52,973 [ERROR] LogOutputStream:75 - [STDERR_REDIRECT] [Fatal Error] :1:1: Premature end of file.
2025-08-12 22:02:52,973 [ERROR] LogOutputStream:75 - [STDERR_REDIRECT] 
2025-08-12 22:02:53,972 [ERROR] LogOutputStream:75 - [STDERR_REDIRECT] [Fatal Error] :1:1: Premature end of file.
2025-08-12 22:02:53,972 [ERROR] LogOutputStream:75 - [STDERR_REDIRECT] 
2025-08-12 22:02:54,958 [ERROR] LogOutputStream:75 - [STDERR_REDIRECT] [Fatal Error] :1:1: Premature end of file.
2025-08-12 22:02:54,958 [ERROR] LogOutputStream:75 - [STDERR_REDIRECT] 
2025-08-12 22:02:55,961 [ERROR] LogOutputStream:75 - [STDERR_REDIRECT] [Fatal Error] :1:1: Premature end of file.
2025-08-12 22:02:55,961 [ERROR] LogOutputStream:75 - [STDERR_REDIRECT] 
2025-08-12 22:02:56,968 [ERROR] LogOutputStream:75 - [STDERR_REDIRECT] [Fatal Error] :1:1: Premature end of file.
2025-08-12 22:02:56,968 [ERROR] LogOutputStream:75 - [STDERR_REDIRECT] 
2025-08-12 22:02:57,978 [ERROR] LogOutputStream:75 - [STDERR_REDIRECT] [Fatal Error] :1:1: Premature end of file.
2025-08-12 22:02:57,979 [ERROR] LogOutputStream:75 - [STDERR_REDIRECT] 
2025-08-12 22:02:58,966 [ERROR] LogOutputStream:75 - [STDERR_REDIRECT] [Fatal Error] :1:1: Premature end of file.
2025-08-12 22:02:58,966 [ERROR] LogOutputStream:75 - [STDERR_REDIRECT] 
2025-08-12 22:02:59,984 [ERROR] LogOutputStream:75 - [STDERR_REDIRECT] [Fatal Error] :1:1: Premature end of file.
2025-08-12 22:02:59,984 [ERROR] LogOutputStream:75 - [STDERR_REDIRECT] 
2025-08-12 22:03:00,963 [ERROR] LogOutputStream:75 - [STDERR_REDIRECT] [Fatal Error] :1:1: Premature end of file.
2025-08-12 22:03:00,964 [ERROR] LogOutputStream:75 - [STDERR_REDIRECT] 
2025-08-12 22:03:01,975 [ERROR] LogOutputStream:75 - [STDERR_REDIRECT] [Fatal Error] :1:1: Premature end of file.
2025-08-12 22:03:01,975 [ERROR] LogOutputStream:75 - [STDERR_REDIRECT] 
2025-08-12 22:03:02,972 [ERROR] LogOutputStream:75 - [STDERR_REDIRECT] [Fatal Error] :1:1: Premature end of file.
2025-08-12 22:03:02,972 [ERROR] LogOutputStream:75 - [STDERR_REDIRECT] 
2025-08-12 22:03:03,973 [ERROR] LogOutputStream:75 - [STDERR_REDIRECT] [Fatal Error] :1:1: Premature end of file.
2025-08-12 22:03:03,973 [ERROR] LogOutputStream:75 - [STDERR_REDIRECT] 
2025-08-12 22:03:04,963 [ERROR] LogOutputStream:75 - [STDERR_REDIRECT] [Fatal Error] :1:1: Premature end of file.
2025-08-12 22:03:04,963 [ERROR] LogOutputStream:75 - [STDERR_REDIRECT] 
2025-08-12 22:03:05,974 [ERROR] LogOutputStream:75 - [STDERR_REDIRECT] [Fatal Error] :1:1: Premature end of file.
2025-08-12 22:03:05,974 [ERROR] LogOutputStream:75 - [STDERR_REDIRECT] 
2025-08-12 22:03:06,986 [ERROR] LogOutputStream:75 - [STDERR_REDIRECT] [Fatal Error] :1:1: Premature end of file.
2025-08-12 22:03:06,990 [ERROR] LogOutputStream:75 - [STDERR_REDIRECT] 
2025-08-12 22:03:07,972 [ERROR] LogOutputStream:75 - [STDERR_REDIRECT] [Fatal Error] :1:1: Premature end of file.
2025-08-12 22:03:07,972 [ERROR] LogOutputStream:75 - [STDERR_REDIRECT] 
2025-08-12 22:03:08,987 [ERROR] LogOutputStream:75 - [STDERR_REDIRECT] [Fatal Error] :1:1: Premature end of file.
2025-08-12 22:03:08,987 [ERROR] LogOutputStream:75 - [STDERR_REDIRECT] 
2025-08-12 22:03:09,987 [ERROR] LogOutputStream:75 - [STDERR_REDIRECT] [Fatal Error] :1:1: Premature end of file.
2025-08-12 22:03:09,987 [ERROR] LogOutputStream:75 - [STDERR_REDIRECT] 
2025-08-12 22:03:10,960 [ERROR] LogOutputStream:75 - [STDERR_REDIRECT] [Fatal Error] :1:1: Premature end of file.
2025-08-12 22:03:10,960 [ERROR] LogOutputStream:75 - [STDERR_REDIRECT] 
2025-08-12 22:03:11,978 [ERROR] LogOutputStream:75 - [STDERR_REDIRECT] [Fatal Error] :1:1: Premature end of file.
2025-08-12 22:03:11,978 [ERROR] LogOutputStream:75 - [STDERR_REDIRECT] 
2025-08-12 22:03:12,974 [ERROR] LogOutputStream:75 - [STDERR_REDIRECT] [Fatal Error] :1:1: Premature end of file.
2025-08-12 22:03:12,974 [ERROR] LogOutputStream:75 - [STDERR_REDIRECT] 
2025-08-12 22:03:13,976 [ERROR] LogOutputStream:75 - [STDERR_REDIRECT] [Fatal Error] :1:1: Premature end of file.
2025-08-12 22:03:13,976 [ERROR] LogOutputStream:75 - [STDERR_REDIRECT] 
2025-08-12 22:03:14,963 [ERROR] LogOutputStream:75 - [STDERR_REDIRECT] [Fatal Error] :1:1: Premature end of file.
2025-08-12 22:03:14,964 [ERROR] LogOutputStream:75 - [STDERR_REDIRECT] 
2025-08-12 22:03:15,955 [ERROR] LogOutputStream:75 - [STDERR_REDIRECT] [Fatal Error] :1:1: Premature end of file.
2025-08-12 22:03:15,955 [ERROR] LogOutputStream:75 - [STDERR_REDIRECT] 
2025-08-12 22:03:16,990 [ERROR] LogOutputStream:75 - [STDERR_REDIRECT] [Fatal Error] :1:1: Premature end of file.
2025-08-12 22:03:16,990 [ERROR] LogOutputStream:75 - [STDERR_REDIRECT] 
2025-08-12 22:03:17,993 [ERROR] LogOutputStream:75 - [STDERR_REDIRECT] [Fatal Error] :1:1: Premature end of file.
2025-08-12 22:03:17,994 [ERROR] LogOutputStream:75 - [STDERR_REDIRECT] 
2025-08-12 22:03:18,971 [ERROR] LogOutputStream:75 - [STDERR_REDIRECT] [Fatal Error] :1:1: Premature end of file.
2025-08-12 22:03:18,971 [ERROR] LogOutputStream:75 - [STDERR_REDIRECT] 
2025-08-12 22:03:19,973 [ERROR] LogOutputStream:75 - [STDERR_REDIRECT] [Fatal Error] :1:1: Premature end of file.
2025-08-12 22:03:19,973 [ERROR] LogOutputStream:75 - [STDERR_REDIRECT] 
2025-08-12 22:03:20,972 [ERROR] LogOutputStream:75 - [STDERR_REDIRECT] [Fatal Error] :1:1: Premature end of file.
2025-08-12 22:03:20,972 [ERROR] LogOutputStream:75 - [STDERR_REDIRECT] 
2025-08-12 22:03:21,976 [ERROR] LogOutputStream:75 - [STDERR_REDIRECT] [Fatal Error] :1:1: Premature end of file.
2025-08-12 22:03:21,976 [ERROR] LogOutputStream:75 - [STDERR_REDIRECT] 
2025-08-12 22:03:22,975 [ERROR] LogOutputStream:75 - [STDERR_REDIRECT] [Fatal Error] :1:1: Premature end of file.
2025-08-12 22:03:22,975 [ERROR] LogOutputStream:75 - [STDERR_REDIRECT] 
2025-08-12 22:03:23,971 [ERROR] LogOutputStream:75 - [STDERR_REDIRECT] [Fatal Error] :1:1: Premature end of file.
2025-08-12 22:03:23,971 [ERROR] LogOutputStream:75 - [STDERR_REDIRECT] 
2025-08-12 22:03:24,965 [ERROR] LogOutputStream:75 - [STDERR_REDIRECT] [Fatal Error] :1:1: Premature end of file.
2025-08-12 22:03:24,965 [ERROR] LogOutputStream:75 - [STDERR_REDIRECT] 
2025-08-12 22:03:25,987 [ERROR] LogOutputStream:75 - [STDERR_REDIRECT] [Fatal Error] :1:1: Premature end of file.
2025-08-12 22:03:25,987 [ERROR] LogOutputStream:75 - [STDERR_REDIRECT] 
2025-08-12 22:03:26,978 [ERROR] LogOutputStream:75 - [STDERR_REDIRECT] [Fatal Error] :1:1: Premature end of file.
2025-08-12 22:03:26,979 [ERROR] LogOutputStream:75 - [STDERR_REDIRECT] 
2025-08-12 22:03:27,980 [ERROR] LogOutputStream:75 - [STDERR_REDIRECT] [Fatal Error] :1:1: Premature end of file.
2025-08-12 22:03:27,980 [ERROR] LogOutputStream:75 - [STDERR_REDIRECT] 
2025-08-12 22:03:28,992 [ERROR] LogOutputStream:75 - [STDERR_REDIRECT] [Fatal Error] :1:1: Premature end of file.
2025-08-12 22:03:28,992 [ERROR] LogOutputStream:75 - [STDERR_REDIRECT] 
2025-08-12 22:03:29,977 [ERROR] LogOutputStream:75 - [STDERR_REDIRECT] [Fatal Error] :1:1: Premature end of file.
2025-08-12 22:03:29,977 [ERROR] LogOutputStream:75 - [STDERR_REDIRECT] 
2025-08-12 22:03:30,975 [ERROR] LogOutputStream:75 - [STDERR_REDIRECT] [Fatal Error] :1:1: Premature end of file.
2025-08-12 22:03:30,975 [ERROR] LogOutputStream:75 - [STDERR_REDIRECT] 
2025-08-12 22:03:31,961 [ERROR] LogOutputStream:75 - [STDERR_REDIRECT] [Fatal Error] :1:1: Premature end of file.
2025-08-12 22:03:31,961 [ERROR] LogOutputStream:75 - [STDERR_REDIRECT] 
2025-08-12 22:03:32,974 [ERROR] LogOutputStream:75 - [STDERR_REDIRECT] [Fatal Error] :1:1: Premature end of file.
2025-08-12 22:03:32,975 [ERROR] LogOutputStream:75 - [STDERR_REDIRECT] 
2025-08-12 22:03:33,962 [ERROR] LogOutputStream:75 - [STDERR_REDIRECT] [Fatal Error] :1:1: Premature end of file.
2025-08-12 22:03:33,963 [ERROR] LogOutputStream:75 - [STDERR_REDIRECT] 
2025-08-12 22:03:34,962 [ERROR] LogOutputStream:75 - [STDERR_REDIRECT] [Fatal Error] :1:1: Premature end of file.
2025-08-12 22:03:34,962 [ERROR] LogOutputStream:75 - [STDERR_REDIRECT] 
2025-08-12 22:03:35,960 [ERROR] LogOutputStream:75 - [STDERR_REDIRECT] [Fatal Error] :1:1: Premature end of file.
2025-08-12 22:03:35,960 [ERROR] LogOutputStream:75 - [STDERR_REDIRECT] 
2025-08-12 22:03:36,957 [ERROR] LogOutputStream:75 - [STDERR_REDIRECT] [Fatal Error] :1:1: Premature end of file.
2025-08-12 22:03:36,957 [ERROR] LogOutputStream:75 - [STDERR_REDIRECT] 
2025-08-12 22:03:37,974 [ERROR] LogOutputStream:75 - [STDERR_REDIRECT] [Fatal Error] :1:1: Premature end of file.
2025-08-12 22:03:37,974 [ERROR] LogOutputStream:75 - [STDERR_REDIRECT] 
2025-08-12 22:03:38,969 [ERROR] LogOutputStream:75 - [STDERR_REDIRECT] [Fatal Error] :1:1: Premature end of file.
2025-08-12 22:03:38,969 [ERROR] LogOutputStream:75 - [STDERR_REDIRECT] 
2025-08-12 22:03:39,977 [ERROR] LogOutputStream:75 - [STDERR_REDIRECT] [Fatal Error] :1:1: Premature end of file.
2025-08-12 22:03:39,977 [ERROR] LogOutputStream:75 - [STDERR_REDIRECT] 
2025-08-12 22:03:40,974 [ERROR] LogOutputStream:75 - [STDERR_REDIRECT] [Fatal Error] :1:1: Premature end of file.
2025-08-12 22:03:40,974 [ERROR] LogOutputStream:75 - [STDERR_REDIRECT] 
2025-08-12 22:03:41,966 [ERROR] LogOutputStream:75 - [STDERR_REDIRECT] [Fatal Error] :1:1: Premature end of file.
2025-08-12 22:03:41,966 [ERROR] LogOutputStream:75 - [STDERR_REDIRECT] 
2025-08-12 22:03:42,972 [ERROR] LogOutputStream:75 - [STDERR_REDIRECT] [Fatal Error] :1:1: Premature end of file.
2025-08-12 22:03:42,972 [ERROR] LogOutputStream:75 - [STDERR_REDIRECT] 
2025-08-12 22:03:43,964 [ERROR] LogOutputStream:75 - [STDERR_REDIRECT] [Fatal Error] :1:1: Premature end of file.
2025-08-12 22:03:43,964 [ERROR] LogOutputStream:75 - [STDERR_REDIRECT] 
2025-08-12 22:03:44,956 [ERROR] LogOutputStream:75 - [STDERR_REDIRECT] [Fatal Error] :1:1: Premature end of file.
2025-08-12 22:03:44,956 [ERROR] LogOutputStream:75 - [STDERR_REDIRECT] 
2025-08-12 22:03:45,973 [ERROR] LogOutputStream:75 - [STDERR_REDIRECT] [Fatal Error] :1:1: Premature end of file.
2025-08-12 22:03:45,973 [ERROR] LogOutputStream:75 - [STDERR_REDIRECT] 
2025-08-12 22:03:46,976 [ERROR] LogOutputStream:75 - [STDERR_REDIRECT] [Fatal Error] :1:1: Premature end of file.
2025-08-12 22:03:46,976 [ERROR] LogOutputStream:75 - [STDERR_REDIRECT] 
2025-08-12 22:03:47,985 [ERROR] LogOutputStream:75 - [STDERR_REDIRECT] [Fatal Error] :1:1: Premature end of file.
2025-08-12 22:03:47,985 [ERROR] LogOutputStream:75 - [STDERR_REDIRECT] 
2025-08-12 22:03:48,981 [ERROR] LogOutputStream:75 - [STDERR_REDIRECT] [Fatal Error] :1:1: Premature end of file.
2025-08-12 22:03:48,981 [ERROR] LogOutputStream:75 - [STDERR_REDIRECT] 
2025-08-12 22:03:49,974 [ERROR] LogOutputStream:75 - [STDERR_REDIRECT] [Fatal Error] :1:1: Premature end of file.
2025-08-12 22:03:49,974 [ERROR] LogOutputStream:75 - [STDERR_REDIRECT] 
2025-08-12 22:03:50,985 [ERROR] LogOutputStream:75 - [STDERR_REDIRECT] [Fatal Error] :1:1: Premature end of file.
2025-08-12 22:03:50,985 [ERROR] LogOutputStream:75 - [STDERR_REDIRECT] 
2025-08-12 22:03:51,966 [ERROR] LogOutputStream:75 - [STDERR_REDIRECT] [Fatal Error] :1:1: Premature end of file.
2025-08-12 22:03:51,966 [ERROR] LogOutputStream:75 - [STDERR_REDIRECT] 
2025-08-12 22:03:52,973 [ERROR] LogOutputStream:75 - [STDERR_REDIRECT] [Fatal Error] :1:1: Premature end of file.
2025-08-12 22:03:52,973 [ERROR] LogOutputStream:75 - [STDERR_REDIRECT] 
2025-08-12 22:03:53,972 [ERROR] LogOutputStream:75 - [STDERR_REDIRECT] [Fatal Error] :1:1: Premature end of file.
2025-08-12 22:03:53,972 [ERROR] LogOutputStream:75 - [STDERR_REDIRECT] 
2025-08-12 22:03:54,974 [ERROR] LogOutputStream:75 - [STDERR_REDIRECT] [Fatal Error] :1:1: Premature end of file.
2025-08-12 22:03:54,974 [ERROR] LogOutputStream:75 - [STDERR_REDIRECT] 
2025-08-12 22:03:55,984 [ERROR] LogOutputStream:75 - [STDERR_REDIRECT] [Fatal Error] :1:1: Premature end of file.
2025-08-12 22:03:55,984 [ERROR] LogOutputStream:75 - [STDERR_REDIRECT] 
2025-08-12 22:03:56,985 [ERROR] LogOutputStream:75 - [STDERR_REDIRECT] [Fatal Error] :1:1: Premature end of file.
2025-08-12 22:03:56,985 [ERROR] LogOutputStream:75 - [STDERR_REDIRECT] 
2025-08-12 22:03:57,984 [ERROR] LogOutputStream:75 - [STDERR_REDIRECT] [Fatal Error] :1:1: Premature end of file.
2025-08-12 22:03:57,984 [ERROR] LogOutputStream:75 - [STDERR_REDIRECT] 
2025-08-12 22:03:58,972 [ERROR] LogOutputStream:75 - [STDERR_REDIRECT] [Fatal Error] :1:1: Premature end of file.
2025-08-12 22:03:58,972 [ERROR] LogOutputStream:75 - [STDERR_REDIRECT] 
2025-08-12 22:03:59,974 [ERROR] LogOutputStream:75 - [STDERR_REDIRECT] [Fatal Error] :1:1: Premature end of file.
2025-08-12 22:03:59,974 [ERROR] LogOutputStream:75 - [STDERR_REDIRECT] 
2025-08-12 22:04:00,979 [ERROR] LogOutputStream:75 - [STDERR_REDIRECT] [Fatal Error] :1:1: Premature end of file.
2025-08-12 22:04:00,979 [ERROR] LogOutputStream:75 - [STDERR_REDIRECT] 
2025-08-12 22:04:01,971 [ERROR] LogOutputStream:75 - [STDERR_REDIRECT] [Fatal Error] :1:1: Premature end of file.
2025-08-12 22:04:01,971 [ERROR] LogOutputStream:75 - [STDERR_REDIRECT] 
2025-08-12 22:04:02,975 [ERROR] LogOutputStream:75 - [STDERR_REDIRECT] [Fatal Error] :1:1: Premature end of file.
2025-08-12 22:04:02,975 [ERROR] LogOutputStream:75 - [STDERR_REDIRECT] 
2025-08-12 22:04:03,977 [ERROR] LogOutputStream:75 - [STDERR_REDIRECT] [Fatal Error] :1:1: Premature end of file.
2025-08-12 22:04:03,977 [ERROR] LogOutputStream:75 - [STDERR_REDIRECT] 
2025-08-12 22:04:04,987 [ERROR] LogOutputStream:75 - [STDERR_REDIRECT] [Fatal Error] :1:1: Premature end of file.
2025-08-12 22:04:04,987 [ERROR] LogOutputStream:75 - [STDERR_REDIRECT] 
2025-08-12 22:04:05,971 [ERROR] LogOutputStream:75 - [STDERR_REDIRECT] [Fatal Error] :1:1: Premature end of file.
2025-08-12 22:04:05,971 [ERROR] LogOutputStream:75 - [STDERR_REDIRECT] 
2025-08-12 22:04:06,964 [ERROR] LogOutputStream:75 - [STDERR_REDIRECT] [Fatal Error] :1:1: Premature end of file.
2025-08-12 22:04:06,964 [ERROR] LogOutputStream:75 - [STDERR_REDIRECT] 
2025-08-12 22:04:07,984 [ERROR] LogOutputStream:75 - [STDERR_REDIRECT] [Fatal Error] :1:1: Premature end of file.
2025-08-12 22:04:07,985 [ERROR] LogOutputStream:75 - [STDERR_REDIRECT] 
2025-08-12 22:04:08,985 [ERROR] LogOutputStream:75 - [STDERR_REDIRECT] [Fatal Error] :1:1: Premature end of file.
2025-08-12 22:04:08,985 [ERROR] LogOutputStream:75 - [STDERR_REDIRECT] 
2025-08-12 22:04:09,979 [ERROR] LogOutputStream:75 - [STDERR_REDIRECT] [Fatal Error] :1:1: Premature end of file.
2025-08-12 22:04:09,980 [ERROR] LogOutputStream:75 - [STDERR_REDIRECT] 
2025-08-12 22:04:10,972 [ERROR] LogOutputStream:75 - [STDERR_REDIRECT] [Fatal Error] :1:1: Premature end of file.
2025-08-12 22:04:10,972 [ERROR] LogOutputStream:75 - [STDERR_REDIRECT] 
2025-08-12 22:04:11,978 [ERROR] LogOutputStream:75 - [STDERR_REDIRECT] [Fatal Error] :1:1: Premature end of file.
2025-08-12 22:04:11,979 [ERROR] LogOutputStream:75 - [STDERR_REDIRECT] 
2025-08-12 22:04:12,974 [ERROR] LogOutputStream:75 - [STDERR_REDIRECT] [Fatal Error] :1:1: Premature end of file.
2025-08-12 22:04:12,974 [ERROR] LogOutputStream:75 - [STDERR_REDIRECT] 
2025-08-12 22:04:13,968 [ERROR] LogOutputStream:75 - [STDERR_REDIRECT] [Fatal Error] :1:1: Premature end of file.
2025-08-12 22:04:13,968 [ERROR] LogOutputStream:75 - [STDERR_REDIRECT] 
2025-08-12 22:04:14,975 [ERROR] LogOutputStream:75 - [STDERR_REDIRECT] [Fatal Error] :1:1: Premature end of file.
2025-08-12 22:04:14,975 [ERROR] LogOutputStream:75 - [STDERR_REDIRECT] 
2025-08-12 22:04:15,987 [ERROR] LogOutputStream:75 - [STDERR_REDIRECT] [Fatal Error] :1:1: Premature end of file.
2025-08-12 22:04:15,987 [ERROR] LogOutputStream:75 - [STDERR_REDIRECT] 
2025-08-12 22:04:16,975 [ERROR] LogOutputStream:75 - [STDERR_REDIRECT] [Fatal Error] :1:1: Premature end of file.
2025-08-12 22:04:16,978 [ERROR] LogOutputStream:75 - [STDERR_REDIRECT] 
2025-08-12 22:04:17,975 [ERROR] LogOutputStream:75 - [STDERR_REDIRECT] [Fatal Error] :1:1: Premature end of file.
2025-08-12 22:04:17,975 [ERROR] LogOutputStream:75 - [STDERR_REDIRECT] 
2025-08-12 22:04:18,982 [ERROR] LogOutputStream:75 - [STDERR_REDIRECT] [Fatal Error] :1:1: Premature end of file.
2025-08-12 22:04:18,982 [ERROR] LogOutputStream:75 - [STDERR_REDIRECT] 
2025-08-12 22:04:19,975 [ERROR] LogOutputStream:75 - [STDERR_REDIRECT] [Fatal Error] :1:1: Premature end of file.
2025-08-12 22:04:19,975 [ERROR] LogOutputStream:75 - [STDERR_REDIRECT] 
2025-08-12 22:04:20,978 [ERROR] LogOutputStream:75 - [STDERR_REDIRECT] [Fatal Error] :1:1: Premature end of file.
2025-08-12 22:04:20,978 [ERROR] LogOutputStream:75 - [STDERR_REDIRECT] 
2025-08-12 22:04:21,979 [ERROR] LogOutputStream:75 - [STDERR_REDIRECT] [Fatal Error] :1:1: Premature end of file.
2025-08-12 22:04:21,979 [ERROR] LogOutputStream:75 - [STDERR_REDIRECT] 
2025-08-12 22:04:22,986 [ERROR] LogOutputStream:75 - [STDERR_REDIRECT] [Fatal Error] :1:1: Premature end of file.
2025-08-12 22:04:22,986 [ERROR] LogOutputStream:75 - [STDERR_REDIRECT] 
2025-08-12 22:04:23,985 [ERROR] LogOutputStream:75 - [STDERR_REDIRECT] [Fatal Error] :1:1: Premature end of file.
2025-08-12 22:04:23,985 [ERROR] LogOutputStream:75 - [STDERR_REDIRECT] 
2025-08-12 22:04:24,982 [ERROR] LogOutputStream:75 - [STDERR_REDIRECT] [Fatal Error] :1:1: Premature end of file.
2025-08-12 22:04:24,982 [ERROR] LogOutputStream:75 - [STDERR_REDIRECT] 
2025-08-12 22:04:25,981 [ERROR] LogOutputStream:75 - [STDERR_REDIRECT] [Fatal Error] :1:1: Premature end of file.
2025-08-12 22:04:25,981 [ERROR] LogOutputStream:75 - [STDERR_REDIRECT] 
2025-08-12 22:04:26,965 [ERROR] LogOutputStream:75 - [STDERR_REDIRECT] [Fatal Error] :1:1: Premature end of file.
2025-08-12 22:04:26,965 [ERROR] LogOutputStream:75 - [STDERR_REDIRECT] 
2025-08-12 22:04:27,985 [ERROR] LogOutputStream:75 - [STDERR_REDIRECT] [Fatal Error] :1:1: Premature end of file.
2025-08-12 22:04:27,987 [ERROR] LogOutputStream:75 - [STDERR_REDIRECT] 
2025-08-12 22:04:28,973 [ERROR] LogOutputStream:75 - [STDERR_REDIRECT] [Fatal Error] :1:1: Premature end of file.
2025-08-12 22:04:28,973 [ERROR] LogOutputStream:75 - [STDERR_REDIRECT] 
2025-08-12 22:04:29,974 [ERROR] LogOutputStream:75 - [STDERR_REDIRECT] [Fatal Error] :1:1: Premature end of file.
2025-08-12 22:04:29,974 [ERROR] LogOutputStream:75 - [STDERR_REDIRECT] 
2025-08-12 22:04:30,982 [ERROR] LogOutputStream:75 - [STDERR_REDIRECT] [Fatal Error] :1:1: Premature end of file.
2025-08-12 22:04:30,982 [ERROR] LogOutputStream:75 - [STDERR_REDIRECT] 
2025-08-12 22:04:31,967 [ERROR] LogOutputStream:75 - [STDERR_REDIRECT] [Fatal Error] :1:1: Premature end of file.
2025-08-12 22:04:31,969 [ERROR] LogOutputStream:75 - [STDERR_REDIRECT] 
2025-08-12 22:04:32,958 [ERROR] LogOutputStream:75 - [STDERR_REDIRECT] [Fatal Error] :1:1: Premature end of file.
2025-08-12 22:04:32,958 [ERROR] LogOutputStream:75 - [STDERR_REDIRECT] 
2025-08-12 22:04:33,989 [ERROR] LogOutputStream:75 - [STDERR_REDIRECT] [Fatal Error] :1:1: Premature end of file.
2025-08-12 22:04:33,989 [ERROR] LogOutputStream:75 - [STDERR_REDIRECT] 
2025-08-12 22:04:34,970 [ERROR] LogOutputStream:75 - [STDERR_REDIRECT] [Fatal Error] :1:1: Premature end of file.
2025-08-12 22:04:34,971 [ERROR] LogOutputStream:75 - [STDERR_REDIRECT] 
2025-08-12 22:04:35,972 [ERROR] LogOutputStream:75 - [STDERR_REDIRECT] [Fatal Error] :1:1: Premature end of file.
2025-08-12 22:04:35,972 [ERROR] LogOutputStream:75 - [STDERR_REDIRECT] 
2025-08-12 22:04:36,964 [ERROR] LogOutputStream:75 - [STDERR_REDIRECT] [Fatal Error] :1:1: Premature end of file.
2025-08-12 22:04:36,964 [ERROR] LogOutputStream:75 - [STDERR_REDIRECT] 
2025-08-12 22:04:37,976 [ERROR] LogOutputStream:75 - [STDERR_REDIRECT] [Fatal Error] :1:1: Premature end of file.
2025-08-12 22:04:37,977 [ERROR] LogOutputStream:75 - [STDERR_REDIRECT] 
2025-08-12 22:04:38,976 [ERROR] LogOutputStream:75 - [STDERR_REDIRECT] [Fatal Error] :1:1: Premature end of file.
2025-08-12 22:04:38,976 [ERROR] LogOutputStream:75 - [STDERR_REDIRECT] 
2025-08-12 22:04:39,973 [ERROR] LogOutputStream:75 - [STDERR_REDIRECT] [Fatal Error] :1:1: Premature end of file.
2025-08-12 22:04:39,973 [ERROR] LogOutputStream:75 - [STDERR_REDIRECT] 
2025-08-12 22:04:40,975 [ERROR] LogOutputStream:75 - [STDERR_REDIRECT] [Fatal Error] :1:1: Premature end of file.
2025-08-12 22:04:40,975 [ERROR] LogOutputStream:75 - [STDERR_REDIRECT] 
2025-08-12 22:04:41,955 [ERROR] LogOutputStream:75 - [STDERR_REDIRECT] [Fatal Error] :1:1: Premature end of file.
2025-08-12 22:04:41,955 [ERROR] LogOutputStream:75 - [STDERR_REDIRECT] 
2025-08-12 22:04:42,989 [ERROR] LogOutputStream:75 - [STDERR_REDIRECT] [Fatal Error] :1:1: Premature end of file.
2025-08-12 22:04:42,989 [ERROR] LogOutputStream:75 - [STDERR_REDIRECT] 
2025-08-12 22:04:43,980 [ERROR] LogOutputStream:75 - [STDERR_REDIRECT] [Fatal Error] :1:1: Premature end of file.
2025-08-12 22:04:43,980 [ERROR] LogOutputStream:75 - [STDERR_REDIRECT] 
2025-08-12 22:04:44,957 [ERROR] LogOutputStream:75 - [STDERR_REDIRECT] [Fatal Error] :1:1: Premature end of file.
2025-08-12 22:04:44,957 [ERROR] LogOutputStream:75 - [STDERR_REDIRECT] 
2025-08-12 22:04:45,962 [ERROR] LogOutputStream:75 - [STDERR_REDIRECT] [Fatal Error] :1:1: Premature end of file.
2025-08-12 22:04:45,962 [ERROR] LogOutputStream:75 - [STDERR_REDIRECT] 
2025-08-12 22:04:46,966 [ERROR] LogOutputStream:75 - [STDERR_REDIRECT] [Fatal Error] :1:1: Premature end of file.
2025-08-12 22:04:46,966 [ERROR] LogOutputStream:75 - [STDERR_REDIRECT] 
2025-08-12 22:04:47,977 [ERROR] LogOutputStream:75 - [STDERR_REDIRECT] [Fatal Error] :1:1: Premature end of file.
2025-08-12 22:04:47,977 [ERROR] LogOutputStream:75 - [STDERR_REDIRECT] 
2025-08-12 22:04:48,961 [ERROR] LogOutputStream:75 - [STDERR_REDIRECT] [Fatal Error] :1:1: Premature end of file.
2025-08-12 22:04:48,961 [ERROR] LogOutputStream:75 - [STDERR_REDIRECT] 
2025-08-12 22:04:49,963 [ERROR] LogOutputStream:75 - [STDERR_REDIRECT] [Fatal Error] :1:1: Premature end of file.
2025-08-12 22:04:49,963 [ERROR] LogOutputStream:75 - [STDERR_REDIRECT] 
2025-08-12 22:04:50,965 [ERROR] LogOutputStream:75 - [STDERR_REDIRECT] [Fatal Error] :1:1: Premature end of file.
2025-08-12 22:04:50,965 [ERROR] LogOutputStream:75 - [STDERR_REDIRECT] 
2025-08-12 22:04:51,962 [ERROR] LogOutputStream:75 - [STDERR_REDIRECT] [Fatal Error] :1:1: Premature end of file.
2025-08-12 22:04:51,962 [ERROR] LogOutputStream:75 - [STDERR_REDIRECT] 
2025-08-12 22:04:52,957 [ERROR] LogOutputStream:75 - [STDERR_REDIRECT] [Fatal Error] :1:1: Premature end of file.
2025-08-12 22:04:52,957 [ERROR] LogOutputStream:75 - [STDERR_REDIRECT] 
2025-08-12 22:04:53,964 [ERROR] LogOutputStream:75 - [STDERR_REDIRECT] [Fatal Error] :1:1: Premature end of file.
2025-08-12 22:04:53,964 [ERROR] LogOutputStream:75 - [STDERR_REDIRECT] 
2025-08-12 22:04:54,984 [ERROR] LogOutputStream:75 - [STDERR_REDIRECT] [Fatal Error] :1:1: Premature end of file.
2025-08-12 22:04:54,984 [ERROR] LogOutputStream:75 - [STDERR_REDIRECT] 
2025-08-12 22:04:55,962 [ERROR] LogOutputStream:75 - [STDERR_REDIRECT] [Fatal Error] :1:1: Premature end of file.
2025-08-12 22:04:55,962 [ERROR] LogOutputStream:75 - [STDERR_REDIRECT] 
2025-08-12 22:04:56,987 [ERROR] LogOutputStream:75 - [STDERR_REDIRECT] [Fatal Error] :1:1: Premature end of file.
2025-08-12 22:04:56,987 [ERROR] LogOutputStream:75 - [STDERR_REDIRECT] 
2025-08-12 22:04:57,984 [ERROR] LogOutputStream:75 - [STDERR_REDIRECT] [Fatal Error] :1:1: Premature end of file.
2025-08-12 22:04:57,984 [ERROR] LogOutputStream:75 - [STDERR_REDIRECT] 
2025-08-12 22:04:58,958 [ERROR] LogOutputStream:75 - [STDERR_REDIRECT] [Fatal Error] :1:1: Premature end of file.
2025-08-12 22:04:58,958 [ERROR] LogOutputStream:75 - [STDERR_REDIRECT] 
2025-08-12 22:04:59,979 [ERROR] LogOutputStream:75 - [STDERR_REDIRECT] [Fatal Error] :1:1: Premature end of file.
2025-08-12 22:04:59,979 [ERROR] LogOutputStream:75 - [STDERR_REDIRECT] 
2025-08-12 22:05:00,974 [ERROR] LogOutputStream:75 - [STDERR_REDIRECT] [Fatal Error] :1:1: Premature end of file.
2025-08-12 22:05:00,974 [ERROR] LogOutputStream:75 - [STDERR_REDIRECT] 
2025-08-12 22:05:01,974 [ERROR] LogOutputStream:75 - [STDERR_REDIRECT] [Fatal Error] :1:1: Premature end of file.
2025-08-12 22:05:01,974 [ERROR] LogOutputStream:75 - [STDERR_REDIRECT] 
2025-08-12 22:05:02,982 [ERROR] LogOutputStream:75 - [STDERR_REDIRECT] [Fatal Error] :1:1: Premature end of file.
2025-08-12 22:05:02,982 [ERROR] LogOutputStream:75 - [STDERR_REDIRECT] 
2025-08-12 22:05:03,982 [ERROR] LogOutputStream:75 - [STDERR_REDIRECT] [Fatal Error] :1:1: Premature end of file.
2025-08-12 22:05:03,982 [ERROR] LogOutputStream:75 - [STDERR_REDIRECT] 
2025-08-12 22:05:04,981 [ERROR] LogOutputStream:75 - [STDERR_REDIRECT] [Fatal Error] :1:1: Premature end of file.
2025-08-12 22:05:04,981 [ERROR] LogOutputStream:75 - [STDERR_REDIRECT] 
2025-08-12 22:05:05,974 [ERROR] LogOutputStream:75 - [STDERR_REDIRECT] [Fatal Error] :1:1: Premature end of file.
2025-08-12 22:05:05,974 [ERROR] LogOutputStream:75 - [STDERR_REDIRECT] 
2025-08-12 22:05:06,974 [ERROR] LogOutputStream:75 - [STDERR_REDIRECT] [Fatal Error] :1:1: Premature end of file.
2025-08-12 22:05:06,974 [ERROR] LogOutputStream:75 - [STDERR_REDIRECT] 
2025-08-12 22:05:07,978 [ERROR] LogOutputStream:75 - [STDERR_REDIRECT] [Fatal Error] :1:1: Premature end of file.
2025-08-12 22:05:07,979 [ERROR] LogOutputStream:75 - [STDERR_REDIRECT] 
2025-08-12 22:05:08,972 [ERROR] LogOutputStream:75 - [STDERR_REDIRECT] [Fatal Error] :1:1: Premature end of file.
2025-08-12 22:05:08,972 [ERROR] LogOutputStream:75 - [STDERR_REDIRECT] 
2025-08-12 22:05:09,980 [ERROR] LogOutputStream:75 - [STDERR_REDIRECT] [Fatal Error] :1:1: Premature end of file.
2025-08-12 22:05:09,980 [ERROR] LogOutputStream:75 - [STDERR_REDIRECT] 
2025-08-12 22:05:10,973 [ERROR] LogOutputStream:75 - [STDERR_REDIRECT] [Fatal Error] :1:1: Premature end of file.
2025-08-12 22:05:10,973 [ERROR] LogOutputStream:75 - [STDERR_REDIRECT] 
2025-08-12 22:05:11,960 [ERROR] LogOutputStream:75 - [STDERR_REDIRECT] [Fatal Error] :1:1: Premature end of file.
2025-08-12 22:05:11,960 [ERROR] LogOutputStream:75 - [STDERR_REDIRECT] 
2025-08-12 22:05:12,976 [ERROR] LogOutputStream:75 - [STDERR_REDIRECT] [Fatal Error] :1:1: Premature end of file.
2025-08-12 22:05:12,976 [ERROR] LogOutputStream:75 - [STDERR_REDIRECT] 
2025-08-12 22:05:13,973 [ERROR] LogOutputStream:75 - [STDERR_REDIRECT] [Fatal Error] :1:1: Premature end of file.
2025-08-12 22:05:13,973 [ERROR] LogOutputStream:75 - [STDERR_REDIRECT] 
2025-08-12 22:05:14,979 [ERROR] LogOutputStream:75 - [STDERR_REDIRECT] [Fatal Error] :1:1: Premature end of file.
2025-08-12 22:05:14,979 [ERROR] LogOutputStream:75 - [STDERR_REDIRECT] 
2025-08-12 22:05:15,985 [ERROR] LogOutputStream:75 - [STDERR_REDIRECT] [Fatal Error] :1:1: Premature end of file.
2025-08-12 22:05:15,985 [ERROR] LogOutputStream:75 - [STDERR_REDIRECT] 
2025-08-12 22:05:16,960 [ERROR] LogOutputStream:75 - [STDERR_REDIRECT] [Fatal Error] :1:1: Premature end of file.
2025-08-12 22:05:16,962 [ERROR] LogOutputStream:75 - [STDERR_REDIRECT] 
2025-08-12 22:05:17,971 [ERROR] LogOutputStream:75 - [STDERR_REDIRECT] [Fatal Error] :1:1: Premature end of file.
2025-08-12 22:05:17,971 [ERROR] LogOutputStream:75 - [STDERR_REDIRECT] 
2025-08-12 22:05:18,982 [ERROR] LogOutputStream:75 - [STDERR_REDIRECT] [Fatal Error] :1:1: Premature end of file.
2025-08-12 22:05:18,982 [ERROR] LogOutputStream:75 - [STDERR_REDIRECT] 
2025-08-12 22:05:19,958 [ERROR] LogOutputStream:75 - [STDERR_REDIRECT] [Fatal Error] :1:1: Premature end of file.
2025-08-12 22:05:19,958 [ERROR] LogOutputStream:75 - [STDERR_REDIRECT] 
2025-08-12 22:05:20,970 [ERROR] LogOutputStream:75 - [STDERR_REDIRECT] [Fatal Error] :1:1: Premature end of file.
2025-08-12 22:05:20,970 [ERROR] LogOutputStream:75 - [STDERR_REDIRECT] 
2025-08-12 22:05:21,969 [ERROR] LogOutputStream:75 - [STDERR_REDIRECT] [Fatal Error] :1:1: Premature end of file.
2025-08-12 22:05:21,969 [ERROR] LogOutputStream:75 - [STDERR_REDIRECT] 
2025-08-12 22:05:22,958 [ERROR] LogOutputStream:75 - [STDERR_REDIRECT] [Fatal Error] :1:1: Premature end of file.
2025-08-12 22:05:22,958 [ERROR] LogOutputStream:75 - [STDERR_REDIRECT] 
2025-08-12 22:05:23,964 [ERROR] LogOutputStream:75 - [STDERR_REDIRECT] [Fatal Error] :1:1: Premature end of file.
2025-08-12 22:05:23,964 [ERROR] LogOutputStream:75 - [STDERR_REDIRECT] 
2025-08-12 22:05:24,965 [ERROR] LogOutputStream:75 - [STDERR_REDIRECT] [Fatal Error] :1:1: Premature end of file.
2025-08-12 22:05:24,965 [ERROR] LogOutputStream:75 - [STDERR_REDIRECT] 
2025-08-12 22:05:26,199 [ERROR] LogOutputStream:75 - [STDERR_REDIRECT] [Fatal Error] :1:1: Premature end of file.
2025-08-12 22:05:26,199 [ERROR] LogOutputStream:75 - [STDERR_REDIRECT] 
2025-08-12 22:05:26,960 [ERROR] LogOutputStream:75 - [STDERR_REDIRECT] [Fatal Error] :1:1: Premature end of file.
2025-08-12 22:05:26,960 [ERROR] LogOutputStream:75 - [STDERR_REDIRECT] 
2025-08-12 22:05:27,976 [ERROR] LogOutputStream:75 - [STDERR_REDIRECT] [Fatal Error] :1:1: Premature end of file.
2025-08-12 22:05:27,976 [ERROR] LogOutputStream:75 - [STDERR_REDIRECT] 
2025-08-12 22:05:28,974 [ERROR] LogOutputStream:75 - [STDERR_REDIRECT] [Fatal Error] :1:1: Premature end of file.
2025-08-12 22:05:28,974 [ERROR] LogOutputStream:75 - [STDERR_REDIRECT] 
2025-08-12 22:05:29,975 [ERROR] LogOutputStream:75 - [STDERR_REDIRECT] [Fatal Error] :1:1: Premature end of file.
2025-08-12 22:05:29,975 [ERROR] LogOutputStream:75 - [STDERR_REDIRECT] 
2025-08-12 22:05:30,976 [ERROR] LogOutputStream:75 - [STDERR_REDIRECT] [Fatal Error] :1:1: Premature end of file.
2025-08-12 22:05:30,976 [ERROR] LogOutputStream:75 - [STDERR_REDIRECT] 
2025-08-12 22:05:31,977 [ERROR] LogOutputStream:75 - [STDERR_REDIRECT] [Fatal Error] :1:1: Premature end of file.
2025-08-12 22:05:31,977 [ERROR] LogOutputStream:75 - [STDERR_REDIRECT] 
2025-08-12 22:05:32,959 [ERROR] LogOutputStream:75 - [STDERR_REDIRECT] [Fatal Error] :1:1: Premature end of file.
2025-08-12 22:05:32,959 [ERROR] LogOutputStream:75 - [STDERR_REDIRECT] 
2025-08-12 22:05:33,960 [ERROR] LogOutputStream:75 - [STDERR_REDIRECT] [Fatal Error] :1:1: Premature end of file.
2025-08-12 22:05:33,960 [ERROR] LogOutputStream:75 - [STDERR_REDIRECT] 
2025-08-12 22:05:35,084 [ERROR] LogOutputStream:75 - [STDERR_REDIRECT] [Fatal Error] :1:1: Premature end of file.
2025-08-12 22:05:35,084 [ERROR] LogOutputStream:75 - [STDERR_REDIRECT] 
2025-08-12 22:05:35,960 [ERROR] LogOutputStream:75 - [STDERR_REDIRECT] [Fatal Error] :1:1: Premature end of file.
2025-08-12 22:05:35,960 [ERROR] LogOutputStream:75 - [STDERR_REDIRECT] 
2025-08-12 22:05:36,963 [ERROR] LogOutputStream:75 - [STDERR_REDIRECT] [Fatal Error] :1:1: Premature end of file.
2025-08-12 22:05:36,963 [ERROR] LogOutputStream:75 - [STDERR_REDIRECT] 
2025-08-12 22:05:37,962 [ERROR] LogOutputStream:75 - [STDERR_REDIRECT] [Fatal Error] :1:1: Premature end of file.
2025-08-12 22:05:37,962 [ERROR] LogOutputStream:75 - [STDERR_REDIRECT] 
2025-08-12 22:05:38,970 [ERROR] LogOutputStream:75 - [STDERR_REDIRECT] [Fatal Error] :1:1: Premature end of file.
2025-08-12 22:05:38,970 [ERROR] LogOutputStream:75 - [STDERR_REDIRECT] 
2025-08-12 22:05:39,962 [ERROR] LogOutputStream:75 - [STDERR_REDIRECT] [Fatal Error] :1:1: Premature end of file.
2025-08-12 22:05:39,962 [ERROR] LogOutputStream:75 - [STDERR_REDIRECT] 
2025-08-12 22:05:40,963 [ERROR] LogOutputStream:75 - [STDERR_REDIRECT] [Fatal Error] :1:1: Premature end of file.
2025-08-12 22:05:40,963 [ERROR] LogOutputStream:75 - [STDERR_REDIRECT] 
2025-08-12 22:05:41,965 [ERROR] LogOutputStream:75 - [STDERR_REDIRECT] [Fatal Error] :1:1: Premature end of file.
2025-08-12 22:05:41,965 [ERROR] LogOutputStream:75 - [STDERR_REDIRECT] 
2025-08-12 22:05:42,974 [ERROR] LogOutputStream:75 - [STDERR_REDIRECT] [Fatal Error] :1:1: Premature end of file.
2025-08-12 22:05:42,974 [ERROR] LogOutputStream:75 - [STDERR_REDIRECT] 
2025-08-12 22:05:43,965 [ERROR] LogOutputStream:75 - [STDERR_REDIRECT] [Fatal Error] :1:1: Premature end of file.
2025-08-12 22:05:43,965 [ERROR] LogOutputStream:75 - [STDERR_REDIRECT] 
2025-08-12 22:05:44,968 [ERROR] LogOutputStream:75 - [STDERR_REDIRECT] [Fatal Error] :1:1: Premature end of file.
2025-08-12 22:05:44,968 [ERROR] LogOutputStream:75 - [STDERR_REDIRECT] 
2025-08-12 22:05:45,964 [ERROR] LogOutputStream:75 - [STDERR_REDIRECT] [Fatal Error] :1:1: Premature end of file.
2025-08-12 22:05:45,964 [ERROR] LogOutputStream:75 - [STDERR_REDIRECT] 
2025-08-12 22:05:46,957 [ERROR] LogOutputStream:75 - [STDERR_REDIRECT] [Fatal Error] :1:1: Premature end of file.
2025-08-12 22:05:46,957 [ERROR] LogOutputStream:75 - [STDERR_REDIRECT] 
2025-08-12 22:05:47,985 [ERROR] LogOutputStream:75 - [STDERR_REDIRECT] [Fatal Error] :1:1: Premature end of file.
2025-08-12 22:05:47,985 [ERROR] LogOutputStream:75 - [STDERR_REDIRECT] 
2025-08-12 22:05:48,955 [ERROR] LogOutputStream:75 - [STDERR_REDIRECT] [Fatal Error] :1:1: Premature end of file.
2025-08-12 22:05:48,955 [ERROR] LogOutputStream:75 - [STDERR_REDIRECT] 
2025-08-12 22:05:49,959 [ERROR] LogOutputStream:75 - [STDERR_REDIRECT] [Fatal Error] :1:1: Premature end of file.
2025-08-12 22:05:49,959 [ERROR] LogOutputStream:75 - [STDERR_REDIRECT] 
2025-08-12 22:05:50,980 [ERROR] LogOutputStream:75 - [STDERR_REDIRECT] [Fatal Error] :1:1: Premature end of file.
2025-08-12 22:05:50,981 [ERROR] LogOutputStream:75 - [STDERR_REDIRECT] 
2025-08-12 22:05:51,965 [ERROR] LogOutputStream:75 - [STDERR_REDIRECT] [Fatal Error] :1:1: Premature end of file.
2025-08-12 22:05:51,965 [ERROR] LogOutputStream:75 - [STDERR_REDIRECT] 
2025-08-12 22:05:52,973 [ERROR] LogOutputStream:75 - [STDERR_REDIRECT] [Fatal Error] :1:1: Premature end of file.
2025-08-12 22:05:52,973 [ERROR] LogOutputStream:75 - [STDERR_REDIRECT] 
2025-08-12 22:05:53,968 [ERROR] LogOutputStream:75 - [STDERR_REDIRECT] [Fatal Error] :1:1: Premature end of file.
2025-08-12 22:05:53,968 [ERROR] LogOutputStream:75 - [STDERR_REDIRECT] 
2025-08-12 22:05:54,965 [ERROR] LogOutputStream:75 - [STDERR_REDIRECT] [Fatal Error] :1:1: Premature end of file.
2025-08-12 22:05:54,965 [ERROR] LogOutputStream:75 - [STDERR_REDIRECT] 
2025-08-12 22:05:55,957 [ERROR] LogOutputStream:75 - [STDERR_REDIRECT] [Fatal Error] :1:1: Premature end of file.
2025-08-12 22:05:55,957 [ERROR] LogOutputStream:75 - [STDERR_REDIRECT] 
2025-08-12 22:05:56,984 [ERROR] LogOutputStream:75 - [STDERR_REDIRECT] [Fatal Error] :1:1: Premature end of file.
2025-08-12 22:05:56,984 [ERROR] LogOutputStream:75 - [STDERR_REDIRECT] 
2025-08-12 22:05:57,972 [ERROR] LogOutputStream:75 - [STDERR_REDIRECT] [Fatal Error] :1:1: Premature end of file.
2025-08-12 22:05:57,972 [ERROR] LogOutputStream:75 - [STDERR_REDIRECT] 
2025-08-12 22:05:58,976 [ERROR] LogOutputStream:75 - [STDERR_REDIRECT] [Fatal Error] :1:1: Premature end of file.
2025-08-12 22:05:58,976 [ERROR] LogOutputStream:75 - [STDERR_REDIRECT] 
2025-08-12 22:05:59,993 [ERROR] LogOutputStream:75 - [STDERR_REDIRECT] [Fatal Error] :1:1: Premature end of file.
2025-08-12 22:05:59,993 [ERROR] LogOutputStream:75 - [STDERR_REDIRECT] 
2025-08-12 22:06:00,956 [ERROR] LogOutputStream:75 - [STDERR_REDIRECT] [Fatal Error] :1:1: Premature end of file.
2025-08-12 22:06:00,956 [ERROR] LogOutputStream:75 - [STDERR_REDIRECT] 
2025-08-12 22:06:01,978 [ERROR] LogOutputStream:75 - [STDERR_REDIRECT] [Fatal Error] :1:1: Premature end of file.
2025-08-12 22:06:01,979 [ERROR] LogOutputStream:75 - [STDERR_REDIRECT] 
2025-08-12 22:06:02,979 [ERROR] LogOutputStream:75 - [STDERR_REDIRECT] [Fatal Error] :1:1: Premature end of file.
2025-08-12 22:06:02,979 [ERROR] LogOutputStream:75 - [STDERR_REDIRECT] 
2025-08-12 22:06:03,972 [ERROR] LogOutputStream:75 - [STDERR_REDIRECT] [Fatal Error] :1:1: Premature end of file.
2025-08-12 22:06:03,973 [ERROR] LogOutputStream:75 - [STDERR_REDIRECT] 
2025-08-12 22:06:04,975 [ERROR] LogOutputStream:75 - [STDERR_REDIRECT] [Fatal Error] :1:1: Premature end of file.
2025-08-12 22:06:04,975 [ERROR] LogOutputStream:75 - [STDERR_REDIRECT] 
2025-08-12 22:06:05,970 [ERROR] LogOutputStream:75 - [STDERR_REDIRECT] [Fatal Error] :1:1: Premature end of file.
2025-08-12 22:06:05,970 [ERROR] LogOutputStream:75 - [STDERR_REDIRECT] 
2025-08-12 22:06:06,973 [ERROR] LogOutputStream:75 - [STDERR_REDIRECT] [Fatal Error] :1:1: Premature end of file.
2025-08-12 22:06:06,973 [ERROR] LogOutputStream:75 - [STDERR_REDIRECT] 
2025-08-12 22:06:07,970 [ERROR] LogOutputStream:75 - [STDERR_REDIRECT] [Fatal Error] :1:1: Premature end of file.
2025-08-12 22:06:07,970 [ERROR] LogOutputStream:75 - [STDERR_REDIRECT] 
2025-08-12 22:06:08,973 [ERROR] LogOutputStream:75 - [STDERR_REDIRECT] [Fatal Error] :1:1: Premature end of file.
2025-08-12 22:06:08,973 [ERROR] LogOutputStream:75 - [STDERR_REDIRECT] 
2025-08-12 22:06:09,972 [ERROR] LogOutputStream:75 - [STDERR_REDIRECT] [Fatal Error] :1:1: Premature end of file.
2025-08-12 22:06:09,972 [ERROR] LogOutputStream:75 - [STDERR_REDIRECT] 
2025-08-12 22:06:10,972 [ERROR] LogOutputStream:75 - [STDERR_REDIRECT] [Fatal Error] :1:1: Premature end of file.
2025-08-12 22:06:10,972 [ERROR] LogOutputStream:75 - [STDERR_REDIRECT] 
2025-08-12 22:06:11,972 [ERROR] LogOutputStream:75 - [STDERR_REDIRECT] [Fatal Error] :1:1: Premature end of file.
2025-08-12 22:06:11,972 [ERROR] LogOutputStream:75 - [STDERR_REDIRECT] 
2025-08-12 22:06:12,959 [ERROR] LogOutputStream:75 - [STDERR_REDIRECT] [Fatal Error] :1:1: Premature end of file.
2025-08-12 22:06:12,959 [ERROR] LogOutputStream:75 - [STDERR_REDIRECT] 
2025-08-12 22:06:13,974 [ERROR] LogOutputStream:75 - [STDERR_REDIRECT] [Fatal Error] :1:1: Premature end of file.
2025-08-12 22:06:13,974 [ERROR] LogOutputStream:75 - [STDERR_REDIRECT] 
2025-08-12 22:06:14,977 [ERROR] LogOutputStream:75 - [STDERR_REDIRECT] [Fatal Error] :1:1: Premature end of file.
2025-08-12 22:06:14,977 [ERROR] LogOutputStream:75 - [STDERR_REDIRECT] 
2025-08-12 22:06:15,989 [ERROR] LogOutputStream:75 - [STDERR_REDIRECT] [Fatal Error] :1:1: Premature end of file.
2025-08-12 22:06:15,989 [ERROR] LogOutputStream:75 - [STDERR_REDIRECT] 
2025-08-12 22:06:16,962 [ERROR] LogOutputStream:75 - [STDERR_REDIRECT] [Fatal Error] :1:1: Premature end of file.
2025-08-12 22:06:16,962 [ERROR] LogOutputStream:75 - [STDERR_REDIRECT] 
2025-08-12 22:06:17,981 [ERROR] LogOutputStream:75 - [STDERR_REDIRECT] [Fatal Error] :1:1: Premature end of file.
2025-08-12 22:06:17,982 [ERROR] LogOutputStream:75 - [STDERR_REDIRECT] 
2025-08-12 22:06:18,997 [ERROR] LogOutputStream:75 - [STDERR_REDIRECT] [Fatal Error] :1:1: Premature end of file.
2025-08-12 22:06:18,997 [ERROR] LogOutputStream:75 - [STDERR_REDIRECT] 
2025-08-12 22:06:19,975 [ERROR] LogOutputStream:75 - [STDERR_REDIRECT] [Fatal Error] :1:1: Premature end of file.
2025-08-12 22:06:19,975 [ERROR] LogOutputStream:75 - [STDERR_REDIRECT] 
2025-08-12 22:06:20,976 [ERROR] LogOutputStream:75 - [STDERR_REDIRECT] [Fatal Error] :1:1: Premature end of file.
2025-08-12 22:06:20,976 [ERROR] LogOutputStream:75 - [STDERR_REDIRECT] 
2025-08-12 22:06:21,972 [ERROR] LogOutputStream:75 - [STDERR_REDIRECT] [Fatal Error] :1:1: Premature end of file.
2025-08-12 22:06:21,972 [ERROR] LogOutputStream:75 - [STDERR_REDIRECT] 
2025-08-12 22:06:22,973 [ERROR] LogOutputStream:75 - [STDERR_REDIRECT] [Fatal Error] :1:1: Premature end of file.
2025-08-12 22:06:22,973 [ERROR] LogOutputStream:75 - [STDERR_REDIRECT] 
2025-08-12 22:06:23,969 [ERROR] LogOutputStream:75 - [STDERR_REDIRECT] [Fatal Error] :1:1: Premature end of file.
2025-08-12 22:06:23,969 [ERROR] LogOutputStream:75 - [STDERR_REDIRECT] 
2025-08-12 22:06:24,972 [ERROR] LogOutputStream:75 - [STDERR_REDIRECT] [Fatal Error] :1:1: Premature end of file.
2025-08-12 22:06:24,972 [ERROR] LogOutputStream:75 - [STDERR_REDIRECT] 
2025-08-12 22:06:25,958 [ERROR] LogOutputStream:75 - [STDERR_REDIRECT] [Fatal Error] :1:1: Premature end of file.
2025-08-12 22:06:25,958 [ERROR] LogOutputStream:75 - [STDERR_REDIRECT] 
2025-08-12 22:06:26,975 [ERROR] LogOutputStream:75 - [STDERR_REDIRECT] [Fatal Error] :1:1: Premature end of file.
2025-08-12 22:06:26,975 [ERROR] LogOutputStream:75 - [STDERR_REDIRECT] 
2025-08-12 22:06:27,968 [ERROR] LogOutputStream:75 - [STDERR_REDIRECT] [Fatal Error] :1:1: Premature end of file.
2025-08-12 22:06:27,968 [ERROR] LogOutputStream:75 - [STDERR_REDIRECT] 
2025-08-12 22:06:28,968 [ERROR] LogOutputStream:75 - [STDERR_REDIRECT] [Fatal Error] :1:1: Premature end of file.
2025-08-12 22:06:28,969 [ERROR] LogOutputStream:75 - [STDERR_REDIRECT] 
2025-08-12 22:06:29,972 [ERROR] LogOutputStream:75 - [STDERR_REDIRECT] [Fatal Error] :1:1: Premature end of file.
2025-08-12 22:06:29,972 [ERROR] LogOutputStream:75 - [STDERR_REDIRECT] 
2025-08-12 22:06:30,979 [ERROR] LogOutputStream:75 - [STDERR_REDIRECT] [Fatal Error] :1:1: Premature end of file.
2025-08-12 22:06:30,979 [ERROR] LogOutputStream:75 - [STDERR_REDIRECT] 
2025-08-12 22:06:31,961 [ERROR] LogOutputStream:75 - [STDERR_REDIRECT] [Fatal Error] :1:1: Premature end of file.
2025-08-12 22:06:31,961 [ERROR] LogOutputStream:75 - [STDERR_REDIRECT] 
2025-08-12 22:06:32,969 [ERROR] LogOutputStream:75 - [STDERR_REDIRECT] [Fatal Error] :1:1: Premature end of file.
2025-08-12 22:06:32,969 [ERROR] LogOutputStream:75 - [STDERR_REDIRECT] 
2025-08-12 22:06:33,966 [ERROR] LogOutputStream:75 - [STDERR_REDIRECT] [Fatal Error] :1:1: Premature end of file.
2025-08-12 22:06:33,966 [ERROR] LogOutputStream:75 - [STDERR_REDIRECT] 
2025-08-12 22:06:34,973 [ERROR] LogOutputStream:75 - [STDERR_REDIRECT] [Fatal Error] :1:1: Premature end of file.
2025-08-12 22:06:34,973 [ERROR] LogOutputStream:75 - [STDERR_REDIRECT] 
2025-08-12 22:06:35,968 [ERROR] LogOutputStream:75 - [STDERR_REDIRECT] [Fatal Error] :1:1: Premature end of file.
2025-08-12 22:06:35,968 [ERROR] LogOutputStream:75 - [STDERR_REDIRECT] 
2025-08-12 22:06:36,976 [ERROR] LogOutputStream:75 - [STDERR_REDIRECT] [Fatal Error] :1:1: Premature end of file.
2025-08-12 22:06:36,978 [ERROR] LogOutputStream:75 - [STDERR_REDIRECT] 
2025-08-12 22:06:37,956 [ERROR] LogOutputStream:75 - [STDERR_REDIRECT] [Fatal Error] :1:1: Premature end of file.
2025-08-12 22:06:37,956 [ERROR] LogOutputStream:75 - [STDERR_REDIRECT] 
2025-08-12 22:06:38,993 [ERROR] LogOutputStream:75 - [STDERR_REDIRECT] [Fatal Error] :1:1: Premature end of file.
2025-08-12 22:06:38,994 [ERROR] LogOutputStream:75 - [STDERR_REDIRECT] 
2025-08-12 22:06:39,981 [ERROR] LogOutputStream:75 - [STDERR_REDIRECT] [Fatal Error] :1:1: Premature end of file.
2025-08-12 22:06:39,986 [ERROR] LogOutputStream:75 - [STDERR_REDIRECT] 
2025-08-12 22:06:40,957 [ERROR] LogOutputStream:75 - [STDERR_REDIRECT] [Fatal Error] :1:1: Premature end of file.
2025-08-12 22:06:40,957 [ERROR] LogOutputStream:75 - [STDERR_REDIRECT] 
2025-08-12 22:06:41,987 [ERROR] LogOutputStream:75 - [STDERR_REDIRECT] [Fatal Error] :1:1: Premature end of file.
2025-08-12 22:06:41,987 [ERROR] LogOutputStream:75 - [STDERR_REDIRECT] 
2025-08-12 22:06:42,980 [ERROR] LogOutputStream:75 - [STDERR_REDIRECT] [Fatal Error] :1:1: Premature end of file.
2025-08-12 22:06:42,980 [ERROR] LogOutputStream:75 - [STDERR_REDIRECT] 
2025-08-12 22:06:43,974 [ERROR] LogOutputStream:75 - [STDERR_REDIRECT] [Fatal Error] :1:1: Premature end of file.
2025-08-12 22:06:43,974 [ERROR] LogOutputStream:75 - [STDERR_REDIRECT] 
2025-08-12 22:06:44,979 [ERROR] LogOutputStream:75 - [STDERR_REDIRECT] [Fatal Error] :1:1: Premature end of file.
2025-08-12 22:06:44,979 [ERROR] LogOutputStream:75 - [STDERR_REDIRECT] 
2025-08-12 22:06:45,955 [ERROR] LogOutputStream:75 - [STDERR_REDIRECT] [Fatal Error] :1:1: Premature end of file.
2025-08-12 22:06:45,955 [ERROR] LogOutputStream:75 - [STDERR_REDIRECT] 
2025-08-12 22:06:46,974 [ERROR] LogOutputStream:75 - [STDERR_REDIRECT] [Fatal Error] :1:1: Premature end of file.
2025-08-12 22:06:46,974 [ERROR] LogOutputStream:75 - [STDERR_REDIRECT] 
2025-08-12 22:06:47,984 [ERROR] LogOutputStream:75 - [STDERR_REDIRECT] [Fatal Error] :1:1: Premature end of file.
2025-08-12 22:06:47,984 [ERROR] LogOutputStream:75 - [STDERR_REDIRECT] 
2025-08-12 22:06:48,980 [ERROR] LogOutputStream:75 - [STDERR_REDIRECT] [Fatal Error] :1:1: Premature end of file.
2025-08-12 22:06:48,980 [ERROR] LogOutputStream:75 - [STDERR_REDIRECT] 
2025-08-12 22:06:49,957 [ERROR] LogOutputStream:75 - [STDERR_REDIRECT] [Fatal Error] :1:1: Premature end of file.
2025-08-12 22:06:49,957 [ERROR] LogOutputStream:75 - [STDERR_REDIRECT] 
2025-08-12 22:06:50,968 [ERROR] LogOutputStream:75 - [STDERR_REDIRECT] [Fatal Error] :1:1: Premature end of file.
2025-08-12 22:06:50,968 [ERROR] LogOutputStream:75 - [STDERR_REDIRECT] 
2025-08-12 22:06:51,965 [ERROR] LogOutputStream:75 - [STDERR_REDIRECT] [Fatal Error] :1:1: Premature end of file.
2025-08-12 22:06:51,965 [ERROR] LogOutputStream:75 - [STDERR_REDIRECT] 
2025-08-12 22:06:52,957 [ERROR] LogOutputStream:75 - [STDERR_REDIRECT] [Fatal Error] :1:1: Premature end of file.
2025-08-12 22:06:52,957 [ERROR] LogOutputStream:75 - [STDERR_REDIRECT] 
2025-08-12 22:06:53,985 [ERROR] LogOutputStream:75 - [STDERR_REDIRECT] [Fatal Error] :1:1: Premature end of file.
2025-08-12 22:06:53,985 [ERROR] LogOutputStream:75 - [STDERR_REDIRECT] 
2025-08-12 22:06:54,957 [ERROR] LogOutputStream:75 - [STDERR_REDIRECT] [Fatal Error] :1:1: Premature end of file.
2025-08-12 22:06:54,973 [ERROR] LogOutputStream:75 - [STDERR_REDIRECT] 
2025-08-12 22:06:55,973 [ERROR] LogOutputStream:75 - [STDERR_REDIRECT] [Fatal Error] :1:1: Premature end of file.
2025-08-12 22:06:55,973 [ERROR] LogOutputStream:75 - [STDERR_REDIRECT] 
2025-08-12 22:06:56,957 [ERROR] LogOutputStream:75 - [STDERR_REDIRECT] [Fatal Error] :1:1: Premature end of file.
2025-08-12 22:06:56,957 [ERROR] LogOutputStream:75 - [STDERR_REDIRECT] 
2025-08-12 22:06:57,974 [ERROR] LogOutputStream:75 - [STDERR_REDIRECT] [Fatal Error] :1:1: Premature end of file.
2025-08-12 22:06:57,974 [ERROR] LogOutputStream:75 - [STDERR_REDIRECT] 
2025-08-12 22:06:58,958 [ERROR] LogOutputStream:75 - [STDERR_REDIRECT] [Fatal Error] :1:1: Premature end of file.
2025-08-12 22:06:58,958 [ERROR] LogOutputStream:75 - [STDERR_REDIRECT] 
2025-08-12 22:06:59,969 [ERROR] LogOutputStream:75 - [STDERR_REDIRECT] [Fatal Error] :1:1: Premature end of file.
2025-08-12 22:06:59,969 [ERROR] LogOutputStream:75 - [STDERR_REDIRECT] 
2025-08-12 22:07:00,972 [ERROR] LogOutputStream:75 - [STDERR_REDIRECT] [Fatal Error] :1:1: Premature end of file.
2025-08-12 22:07:00,972 [ERROR] LogOutputStream:75 - [STDERR_REDIRECT] 
2025-08-12 22:07:01,958 [ERROR] LogOutputStream:75 - [STDERR_REDIRECT] [Fatal Error] :1:1: Premature end of file.
2025-08-12 22:07:01,958 [ERROR] LogOutputStream:75 - [STDERR_REDIRECT] 
2025-08-12 22:07:02,985 [ERROR] LogOutputStream:75 - [STDERR_REDIRECT] [Fatal Error] :1:1: Premature end of file.
2025-08-12 22:07:02,985 [ERROR] LogOutputStream:75 - [STDERR_REDIRECT] 
2025-08-12 22:07:03,974 [ERROR] LogOutputStream:75 - [STDERR_REDIRECT] [Fatal Error] :1:1: Premature end of file.
2025-08-12 22:07:03,975 [ERROR] LogOutputStream:75 - [STDERR_REDIRECT] 
2025-08-12 22:07:04,973 [ERROR] LogOutputStream:75 - [STDERR_REDIRECT] [Fatal Error] :1:1: Premature end of file.
2025-08-12 22:07:04,973 [ERROR] LogOutputStream:75 - [STDERR_REDIRECT] 
2025-08-12 22:07:05,973 [ERROR] LogOutputStream:75 - [STDERR_REDIRECT] [Fatal Error] :1:1: Premature end of file.
2025-08-12 22:07:05,973 [ERROR] LogOutputStream:75 - [STDERR_REDIRECT] 
2025-08-12 22:07:06,973 [ERROR] LogOutputStream:75 - [STDERR_REDIRECT] [Fatal Error] :1:1: Premature end of file.
2025-08-12 22:07:06,973 [ERROR] LogOutputStream:75 - [STDERR_REDIRECT] 
2025-08-12 22:07:07,964 [ERROR] LogOutputStream:75 - [STDERR_REDIRECT] [Fatal Error] :1:1: Premature end of file.
2025-08-12 22:07:07,964 [ERROR] LogOutputStream:75 - [STDERR_REDIRECT] 
2025-08-12 22:07:08,967 [ERROR] LogOutputStream:75 - [STDERR_REDIRECT] [Fatal Error] :1:1: Premature end of file.
2025-08-12 22:07:08,968 [ERROR] LogOutputStream:75 - [STDERR_REDIRECT] 
2025-08-12 22:07:09,958 [ERROR] LogOutputStream:75 - [STDERR_REDIRECT] [Fatal Error] :1:1: Premature end of file.
2025-08-12 22:07:09,958 [ERROR] LogOutputStream:75 - [STDERR_REDIRECT] 
2025-08-12 22:07:10,964 [ERROR] LogOutputStream:75 - [STDERR_REDIRECT] [Fatal Error] :1:1: Premature end of file.
2025-08-12 22:07:10,965 [ERROR] LogOutputStream:75 - [STDERR_REDIRECT] 
2025-08-12 22:07:11,982 [ERROR] LogOutputStream:75 - [STDERR_REDIRECT] [Fatal Error] :1:1: Premature end of file.
2025-08-12 22:07:11,982 [ERROR] LogOutputStream:75 - [STDERR_REDIRECT] 
2025-08-12 22:07:12,971 [ERROR] LogOutputStream:75 - [STDERR_REDIRECT] [Fatal Error] :1:1: Premature end of file.
2025-08-12 22:07:12,971 [ERROR] LogOutputStream:75 - [STDERR_REDIRECT] 
2025-08-12 22:07:13,978 [ERROR] LogOutputStream:75 - [STDERR_REDIRECT] [Fatal Error] :1:1: Premature end of file.
2025-08-12 22:07:13,978 [ERROR] LogOutputStream:75 - [STDERR_REDIRECT] 
2025-08-12 22:07:14,972 [ERROR] LogOutputStream:75 - [STDERR_REDIRECT] [Fatal Error] :1:1: Premature end of file.
2025-08-12 22:07:14,972 [ERROR] LogOutputStream:75 - [STDERR_REDIRECT] 
2025-08-12 22:07:15,987 [ERROR] LogOutputStream:75 - [STDERR_REDIRECT] [Fatal Error] :1:1: Premature end of file.
2025-08-12 22:07:15,987 [ERROR] LogOutputStream:75 - [STDERR_REDIRECT] 
2025-08-12 22:07:16,990 [ERROR] LogOutputStream:75 - [STDERR_REDIRECT] [Fatal Error] :1:1: Premature end of file.
2025-08-12 22:07:16,990 [ERROR] LogOutputStream:75 - [STDERR_REDIRECT] 
2025-08-12 22:07:17,976 [ERROR] LogOutputStream:75 - [STDERR_REDIRECT] [Fatal Error] :1:1: Premature end of file.
2025-08-12 22:07:17,976 [ERROR] LogOutputStream:75 - [STDERR_REDIRECT] 
2025-08-12 22:07:18,980 [ERROR] LogOutputStream:75 - [STDERR_REDIRECT] [Fatal Error] :1:1: Premature end of file.
2025-08-12 22:07:18,980 [ERROR] LogOutputStream:75 - [STDERR_REDIRECT] 
2025-08-12 22:07:19,958 [ERROR] LogOutputStream:75 - [STDERR_REDIRECT] [Fatal Error] :1:1: Premature end of file.
2025-08-12 22:07:19,958 [ERROR] LogOutputStream:75 - [STDERR_REDIRECT] 
2025-08-12 22:07:20,968 [ERROR] LogOutputStream:75 - [STDERR_REDIRECT] [Fatal Error] :1:1: Premature end of file.
2025-08-12 22:07:20,968 [ERROR] LogOutputStream:75 - [STDERR_REDIRECT] 
2025-08-12 22:07:21,989 [ERROR] LogOutputStream:75 - [STDERR_REDIRECT] [Fatal Error] :1:1: Premature end of file.
2025-08-12 22:07:21,989 [ERROR] LogOutputStream:75 - [STDERR_REDIRECT] 
2025-08-12 22:07:22,974 [ERROR] LogOutputStream:75 - [STDERR_REDIRECT] [Fatal Error] :1:1: Premature end of file.
2025-08-12 22:07:22,974 [ERROR] LogOutputStream:75 - [STDERR_REDIRECT] 
2025-08-12 22:07:23,958 [ERROR] LogOutputStream:75 - [STDERR_REDIRECT] [Fatal Error] :1:1: Premature end of file.
2025-08-12 22:07:23,958 [ERROR] LogOutputStream:75 - [STDERR_REDIRECT] 
2025-08-12 22:07:24,958 [ERROR] LogOutputStream:75 - [STDERR_REDIRECT] [Fatal Error] :1:1: Premature end of file.
2025-08-12 22:07:24,958 [ERROR] LogOutputStream:75 - [STDERR_REDIRECT] 
2025-08-12 22:07:25,972 [ERROR] LogOutputStream:75 - [STDERR_REDIRECT] [Fatal Error] :1:1: Premature end of file.
2025-08-12 22:07:25,972 [ERROR] LogOutputStream:75 - [STDERR_REDIRECT] 
2025-08-12 22:07:26,976 [ERROR] LogOutputStream:75 - [STDERR_REDIRECT] [Fatal Error] :1:1: Premature end of file.
2025-08-12 22:07:26,977 [ERROR] LogOutputStream:75 - [STDERR_REDIRECT] 
2025-08-12 22:07:27,968 [ERROR] LogOutputStream:75 - [STDERR_REDIRECT] [Fatal Error] :1:1: Premature end of file.
2025-08-12 22:07:27,968 [ERROR] LogOutputStream:75 - [STDERR_REDIRECT] 
2025-08-12 22:07:28,970 [ERROR] LogOutputStream:75 - [STDERR_REDIRECT] [Fatal Error] :1:1: Premature end of file.
2025-08-12 22:07:28,971 [ERROR] LogOutputStream:75 - [STDERR_REDIRECT] 
2025-08-12 22:07:29,974 [ERROR] LogOutputStream:75 - [STDERR_REDIRECT] [Fatal Error] :1:1: Premature end of file.
2025-08-12 22:07:29,974 [ERROR] LogOutputStream:75 - [STDERR_REDIRECT] 
2025-08-12 22:07:30,963 [ERROR] LogOutputStream:75 - [STDERR_REDIRECT] [Fatal Error] :1:1: Premature end of file.
2025-08-12 22:07:30,963 [ERROR] LogOutputStream:75 - [STDERR_REDIRECT] 
2025-08-12 22:07:31,961 [ERROR] LogOutputStream:75 - [STDERR_REDIRECT] [Fatal Error] :1:1: Premature end of file.
2025-08-12 22:07:31,961 [ERROR] LogOutputStream:75 - [STDERR_REDIRECT] 
2025-08-12 22:07:32,964 [ERROR] LogOutputStream:75 - [STDERR_REDIRECT] [Fatal Error] :1:1: Premature end of file.
2025-08-12 22:07:32,964 [ERROR] LogOutputStream:75 - [STDERR_REDIRECT] 
2025-08-12 22:07:33,965 [ERROR] LogOutputStream:75 - [STDERR_REDIRECT] [Fatal Error] :1:1: Premature end of file.
2025-08-12 22:07:33,965 [ERROR] LogOutputStream:75 - [STDERR_REDIRECT] 
2025-08-12 22:07:34,973 [ERROR] LogOutputStream:75 - [STDERR_REDIRECT] [Fatal Error] :1:1: Premature end of file.
2025-08-12 22:07:34,973 [ERROR] LogOutputStream:75 - [STDERR_REDIRECT] 
2025-08-12 22:07:35,961 [ERROR] LogOutputStream:75 - [STDERR_REDIRECT] [Fatal Error] :1:1: Premature end of file.
2025-08-12 22:07:35,962 [ERROR] LogOutputStream:75 - [STDERR_REDIRECT] 
2025-08-12 22:07:36,956 [ERROR] LogOutputStream:75 - [STDERR_REDIRECT] [Fatal Error] :1:1: Premature end of file.
2025-08-12 22:07:36,956 [ERROR] LogOutputStream:75 - [STDERR_REDIRECT] 
2025-08-12 22:07:37,968 [ERROR] LogOutputStream:75 - [STDERR_REDIRECT] [Fatal Error] :1:1: Premature end of file.
2025-08-12 22:07:37,968 [ERROR] LogOutputStream:75 - [STDERR_REDIRECT] 
2025-08-12 22:07:38,963 [ERROR] LogOutputStream:75 - [STDERR_REDIRECT] [Fatal Error] :1:1: Premature end of file.
2025-08-12 22:07:38,963 [ERROR] LogOutputStream:75 - [STDERR_REDIRECT] 
2025-08-12 22:07:39,972 [ERROR] LogOutputStream:75 - [STDERR_REDIRECT] [Fatal Error] :1:1: Premature end of file.
2025-08-12 22:07:39,972 [ERROR] LogOutputStream:75 - [STDERR_REDIRECT] 
2025-08-12 22:07:40,960 [ERROR] LogOutputStream:75 - [STDERR_REDIRECT] [Fatal Error] :1:1: Premature end of file.
2025-08-12 22:07:40,960 [ERROR] LogOutputStream:75 - [STDERR_REDIRECT] 
2025-08-12 22:07:41,968 [ERROR] LogOutputStream:75 - [STDERR_REDIRECT] [Fatal Error] :1:1: Premature end of file.
2025-08-12 22:07:41,968 [ERROR] LogOutputStream:75 - [STDERR_REDIRECT] 
2025-08-12 22:07:42,965 [ERROR] LogOutputStream:75 - [STDERR_REDIRECT] [Fatal Error] :1:1: Premature end of file.
2025-08-12 22:07:42,965 [ERROR] LogOutputStream:75 - [STDERR_REDIRECT] 
2025-08-12 22:07:43,971 [ERROR] LogOutputStream:75 - [STDERR_REDIRECT] [Fatal Error] :1:1: Premature end of file.
2025-08-12 22:07:43,971 [ERROR] LogOutputStream:75 - [STDERR_REDIRECT] 
2025-08-12 22:07:44,978 [ERROR] LogOutputStream:75 - [STDERR_REDIRECT] [Fatal Error] :1:1: Premature end of file.
2025-08-12 22:07:44,978 [ERROR] LogOutputStream:75 - [STDERR_REDIRECT] 
2025-08-12 22:07:46,043 [ERROR] LogOutputStream:75 - [STDERR_REDIRECT] [Fatal Error] :1:1: Premature end of file.
2025-08-12 22:07:46,044 [ERROR] LogOutputStream:75 - [STDERR_REDIRECT] 
2025-08-12 22:07:46,981 [ERROR] LogOutputStream:75 - [STDERR_REDIRECT] [Fatal Error] :1:1: Premature end of file.
2025-08-12 22:07:46,982 [ERROR] LogOutputStream:75 - [STDERR_REDIRECT] 
2025-08-12 22:07:47,984 [ERROR] LogOutputStream:75 - [STDERR_REDIRECT] [Fatal Error] :1:1: Premature end of file.
2025-08-12 22:07:47,984 [ERROR] LogOutputStream:75 - [STDERR_REDIRECT] 
2025-08-12 22:07:48,982 [ERROR] LogOutputStream:75 - [STDERR_REDIRECT] [Fatal Error] :1:1: Premature end of file.
2025-08-12 22:07:48,982 [ERROR] LogOutputStream:75 - [STDERR_REDIRECT] 
2025-08-12 22:07:49,974 [ERROR] LogOutputStream:75 - [STDERR_REDIRECT] [Fatal Error] :1:1: Premature end of file.
2025-08-12 22:07:49,974 [ERROR] LogOutputStream:75 - [STDERR_REDIRECT] 
2025-08-12 22:07:50,983 [ERROR] LogOutputStream:75 - [STDERR_REDIRECT] [Fatal Error] :1:1: Premature end of file.
2025-08-12 22:07:50,983 [ERROR] LogOutputStream:75 - [STDERR_REDIRECT] 
2025-08-12 22:07:51,967 [ERROR] LogOutputStream:75 - [STDERR_REDIRECT] [Fatal Error] :1:1: Premature end of file.
2025-08-12 22:07:51,967 [ERROR] LogOutputStream:75 - [STDERR_REDIRECT] 
2025-08-12 22:07:52,990 [ERROR] LogOutputStream:75 - [STDERR_REDIRECT] [Fatal Error] :1:1: Premature end of file.
2025-08-12 22:07:52,992 [ERROR] LogOutputStream:75 - [STDERR_REDIRECT] 
2025-08-12 22:07:53,972 [ERROR] LogOutputStream:75 - [STDERR_REDIRECT] [Fatal Error] :1:1: Premature end of file.
2025-08-12 22:07:53,972 [ERROR] LogOutputStream:75 - [STDERR_REDIRECT] 
2025-08-12 22:07:54,973 [ERROR] LogOutputStream:75 - [STDERR_REDIRECT] [Fatal Error] :1:1: Premature end of file.
2025-08-12 22:07:54,973 [ERROR] LogOutputStream:75 - [STDERR_REDIRECT] 
2025-08-12 22:07:55,984 [ERROR] LogOutputStream:75 - [STDERR_REDIRECT] [Fatal Error] :1:1: Premature end of file.
2025-08-12 22:07:55,985 [ERROR] LogOutputStream:75 - [STDERR_REDIRECT] 
2025-08-12 22:07:56,984 [ERROR] LogOutputStream:75 - [STDERR_REDIRECT] [Fatal Error] :1:1: Premature end of file.
2025-08-12 22:07:56,984 [ERROR] LogOutputStream:75 - [STDERR_REDIRECT] 
2025-08-12 22:07:57,990 [ERROR] LogOutputStream:75 - [STDERR_REDIRECT] [Fatal Error] :1:1: Premature end of file.
2025-08-12 22:07:57,990 [ERROR] LogOutputStream:75 - [STDERR_REDIRECT] 
2025-08-12 22:07:58,983 [ERROR] LogOutputStream:75 - [STDERR_REDIRECT] [Fatal Error] :1:1: Premature end of file.
2025-08-12 22:07:58,983 [ERROR] LogOutputStream:75 - [STDERR_REDIRECT] 
2025-08-12 22:07:59,985 [ERROR] LogOutputStream:75 - [STDERR_REDIRECT] [Fatal Error] :1:1: Premature end of file.
2025-08-12 22:07:59,985 [ERROR] LogOutputStream:75 - [STDERR_REDIRECT] 
2025-08-12 22:08:00,980 [ERROR] LogOutputStream:75 - [STDERR_REDIRECT] [Fatal Error] :1:1: Premature end of file.
2025-08-12 22:08:00,980 [ERROR] LogOutputStream:75 - [STDERR_REDIRECT] 
2025-08-12 22:08:01,971 [ERROR] LogOutputStream:75 - [STDERR_REDIRECT] [Fatal Error] :1:1: Premature end of file.
2025-08-12 22:08:01,971 [ERROR] LogOutputStream:75 - [STDERR_REDIRECT] 
2025-08-12 22:08:02,971 [ERROR] LogOutputStream:75 - [STDERR_REDIRECT] [Fatal Error] :1:1: Premature end of file.
2025-08-12 22:08:02,971 [ERROR] LogOutputStream:75 - [STDERR_REDIRECT] 
2025-08-12 22:08:03,975 [ERROR] LogOutputStream:75 - [STDERR_REDIRECT] [Fatal Error] :1:1: Premature end of file.
2025-08-12 22:08:03,975 [ERROR] LogOutputStream:75 - [STDERR_REDIRECT] 
2025-08-12 22:08:04,981 [ERROR] LogOutputStream:75 - [STDERR_REDIRECT] [Fatal Error] :1:1: Premature end of file.
2025-08-12 22:08:04,981 [ERROR] LogOutputStream:75 - [STDERR_REDIRECT] 
2025-08-12 22:08:06,000 [ERROR] LogOutputStream:75 - [STDERR_REDIRECT] [Fatal Error] :1:1: Premature end of file.
2025-08-12 22:08:06,000 [ERROR] LogOutputStream:75 - [STDERR_REDIRECT] 
2025-08-12 22:08:06,966 [ERROR] LogOutputStream:75 - [STDERR_REDIRECT] [Fatal Error] :1:1: Premature end of file.
2025-08-12 22:08:06,966 [ERROR] LogOutputStream:75 - [STDERR_REDIRECT] 
2025-08-12 22:08:07,973 [ERROR] LogOutputStream:75 - [STDERR_REDIRECT] [Fatal Error] :1:1: Premature end of file.
2025-08-12 22:08:07,973 [ERROR] LogOutputStream:75 - [STDERR_REDIRECT] 
2025-08-12 22:08:08,992 [ERROR] LogOutputStream:75 - [STDERR_REDIRECT] [Fatal Error] :1:1: Premature end of file.
2025-08-12 22:08:08,992 [ERROR] LogOutputStream:75 - [STDERR_REDIRECT] 
2025-08-12 22:08:09,997 [ERROR] LogOutputStream:75 - [STDERR_REDIRECT] [Fatal Error] :1:1: Premature end of file.
2025-08-12 22:08:09,998 [ERROR] LogOutputStream:75 - [STDERR_REDIRECT] 
2025-08-12 22:08:10,973 [ERROR] LogOutputStream:75 - [STDERR_REDIRECT] [Fatal Error] :1:1: Premature end of file.
2025-08-12 22:08:10,973 [ERROR] LogOutputStream:75 - [STDERR_REDIRECT] 
2025-08-12 22:08:11,973 [ERROR] LogOutputStream:75 - [STDERR_REDIRECT] [Fatal Error] :1:1: Premature end of file.
2025-08-12 22:08:11,973 [ERROR] LogOutputStream:75 - [STDERR_REDIRECT] 
2025-08-12 22:08:12,965 [ERROR] LogOutputStream:75 - [STDERR_REDIRECT] [Fatal Error] :1:1: Premature end of file.
2025-08-12 22:08:12,965 [ERROR] LogOutputStream:75 - [STDERR_REDIRECT] 
2025-08-12 22:08:13,982 [ERROR] LogOutputStream:75 - [STDERR_REDIRECT] [Fatal Error] :1:1: Premature end of file.
2025-08-12 22:08:13,982 [ERROR] LogOutputStream:75 - [STDERR_REDIRECT] 
2025-08-12 22:08:14,989 [ERROR] LogOutputStream:75 - [STDERR_REDIRECT] [Fatal Error] :1:1: Premature end of file.
2025-08-12 22:08:14,989 [ERROR] LogOutputStream:75 - [STDERR_REDIRECT] 
2025-08-12 22:08:15,981 [ERROR] LogOutputStream:75 - [STDERR_REDIRECT] [Fatal Error] :1:1: Premature end of file.
2025-08-12 22:08:15,981 [ERROR] LogOutputStream:75 - [STDERR_REDIRECT] 
2025-08-12 22:08:16,962 [ERROR] LogOutputStream:75 - [STDERR_REDIRECT] [Fatal Error] :1:1: Premature end of file.
2025-08-12 22:08:16,962 [ERROR] LogOutputStream:75 - [STDERR_REDIRECT] 
2025-08-12 22:08:17,975 [ERROR] LogOutputStream:75 - [STDERR_REDIRECT] [Fatal Error] :1:1: Premature end of file.
2025-08-12 22:08:17,977 [ERROR] LogOutputStream:75 - [STDERR_REDIRECT] 
2025-08-12 22:08:18,973 [ERROR] LogOutputStream:75 - [STDERR_REDIRECT] [Fatal Error] :1:1: Premature end of file.
2025-08-12 22:08:18,973 [ERROR] LogOutputStream:75 - [STDERR_REDIRECT] 
2025-08-12 22:08:19,976 [ERROR] LogOutputStream:75 - [STDERR_REDIRECT] [Fatal Error] :1:1: Premature end of file.
2025-08-12 22:08:19,976 [ERROR] LogOutputStream:75 - [STDERR_REDIRECT] 
2025-08-12 22:08:20,976 [ERROR] LogOutputStream:75 - [STDERR_REDIRECT] [Fatal Error] :1:1: Premature end of file.
2025-08-12 22:08:20,976 [ERROR] LogOutputStream:75 - [STDERR_REDIRECT] 
2025-08-12 22:08:21,970 [ERROR] LogOutputStream:75 - [STDERR_REDIRECT] [Fatal Error] :1:1: Premature end of file.
2025-08-12 22:08:21,970 [ERROR] LogOutputStream:75 - [STDERR_REDIRECT] 
2025-08-12 22:08:22,974 [ERROR] LogOutputStream:75 - [STDERR_REDIRECT] [Fatal Error] :1:1: Premature end of file.
2025-08-12 22:08:22,974 [ERROR] LogOutputStream:75 - [STDERR_REDIRECT] 
2025-08-12 22:08:23,971 [ERROR] LogOutputStream:75 - [STDERR_REDIRECT] [Fatal Error] :1:1: Premature end of file.
2025-08-12 22:08:23,971 [ERROR] LogOutputStream:75 - [STDERR_REDIRECT] 
2025-08-12 22:08:24,975 [ERROR] LogOutputStream:75 - [STDERR_REDIRECT] [Fatal Error] :1:1: Premature end of file.
2025-08-12 22:08:24,975 [ERROR] LogOutputStream:75 - [STDERR_REDIRECT] 
2025-08-12 22:08:25,961 [ERROR] LogOutputStream:75 - [STDERR_REDIRECT] [Fatal Error] :1:1: Premature end of file.
2025-08-12 22:08:25,961 [ERROR] LogOutputStream:75 - [STDERR_REDIRECT] 
2025-08-12 22:08:26,990 [ERROR] LogOutputStream:75 - [STDERR_REDIRECT] [Fatal Error] :1:1: Premature end of file.
2025-08-12 22:08:26,990 [ERROR] LogOutputStream:75 - [STDERR_REDIRECT] 
2025-08-12 22:08:27,978 [ERROR] LogOutputStream:75 - [STDERR_REDIRECT] [Fatal Error] :1:1: Premature end of file.
2025-08-12 22:08:27,978 [ERROR] LogOutputStream:75 - [STDERR_REDIRECT] 
2025-08-12 22:08:28,976 [ERROR] LogOutputStream:75 - [STDERR_REDIRECT] [Fatal Error] :1:1: Premature end of file.
2025-08-12 22:08:28,976 [ERROR] LogOutputStream:75 - [STDERR_REDIRECT] 
2025-08-12 22:08:30,039 [ERROR] LogOutputStream:75 - [STDERR_REDIRECT] [Fatal Error] :1:1: Premature end of file.
2025-08-12 22:08:30,039 [ERROR] LogOutputStream:75 - [STDERR_REDIRECT] 
2025-08-12 22:08:30,968 [ERROR] LogOutputStream:75 - [STDERR_REDIRECT] [Fatal Error] :1:1: Premature end of file.
2025-08-12 22:08:30,968 [ERROR] LogOutputStream:75 - [STDERR_REDIRECT] 
2025-08-12 22:08:31,977 [ERROR] LogOutputStream:75 - [STDERR_REDIRECT] [Fatal Error] :1:1: Premature end of file.
2025-08-12 22:08:31,977 [ERROR] LogOutputStream:75 - [STDERR_REDIRECT] 
2025-08-12 22:08:32,984 [ERROR] LogOutputStream:75 - [STDERR_REDIRECT] [Fatal Error] :1:1: Premature end of file.
2025-08-12 22:08:32,984 [ERROR] LogOutputStream:75 - [STDERR_REDIRECT] 
2025-08-12 22:08:33,976 [ERROR] LogOutputStream:75 - [STDERR_REDIRECT] [Fatal Error] :1:1: Premature end of file.
2025-08-12 22:08:33,976 [ERROR] LogOutputStream:75 - [STDERR_REDIRECT] 
2025-08-12 22:08:34,959 [ERROR] LogOutputStream:75 - [STDERR_REDIRECT] [Fatal Error] :1:1: Premature end of file.
2025-08-12 22:08:34,959 [ERROR] LogOutputStream:75 - [STDERR_REDIRECT] 
2025-08-12 22:08:35,957 [ERROR] LogOutputStream:75 - [STDERR_REDIRECT] [Fatal Error] :1:1: Premature end of file.
2025-08-12 22:08:35,957 [ERROR] LogOutputStream:75 - [STDERR_REDIRECT] 
2025-08-12 22:08:36,962 [ERROR] LogOutputStream:75 - [STDERR_REDIRECT] [Fatal Error] :1:1: Premature end of file.
2025-08-12 22:08:36,962 [ERROR] LogOutputStream:75 - [STDERR_REDIRECT] 
2025-08-12 22:08:37,962 [ERROR] LogOutputStream:75 - [STDERR_REDIRECT] [Fatal Error] :1:1: Premature end of file.
2025-08-12 22:08:37,962 [ERROR] LogOutputStream:75 - [STDERR_REDIRECT] 
2025-08-12 22:08:38,980 [ERROR] LogOutputStream:75 - [STDERR_REDIRECT] [Fatal Error] :1:1: Premature end of file.
2025-08-12 22:08:38,980 [ERROR] LogOutputStream:75 - [STDERR_REDIRECT] 
2025-08-12 22:08:39,973 [ERROR] LogOutputStream:75 - [STDERR_REDIRECT] [Fatal Error] :1:1: Premature end of file.
2025-08-12 22:08:39,973 [ERROR] LogOutputStream:75 - [STDERR_REDIRECT] 
2025-08-12 22:08:40,958 [ERROR] LogOutputStream:75 - [STDERR_REDIRECT] [Fatal Error] :1:1: Premature end of file.
2025-08-12 22:08:40,958 [ERROR] LogOutputStream:75 - [STDERR_REDIRECT] 
2025-08-12 22:08:41,994 [ERROR] LogOutputStream:75 - [STDERR_REDIRECT] [Fatal Error] :1:1: Premature end of file.
2025-08-12 22:08:41,994 [ERROR] LogOutputStream:75 - [STDERR_REDIRECT] 
2025-08-12 22:08:42,972 [ERROR] LogOutputStream:75 - [STDERR_REDIRECT] [Fatal Error] :1:1: Premature end of file.
2025-08-12 22:08:42,972 [ERROR] LogOutputStream:75 - [STDERR_REDIRECT] 
2025-08-12 22:08:43,973 [ERROR] LogOutputStream:75 - [STDERR_REDIRECT] [Fatal Error] :1:1: Premature end of file.
2025-08-12 22:08:43,973 [ERROR] LogOutputStream:75 - [STDERR_REDIRECT] 
2025-08-12 22:08:44,962 [ERROR] LogOutputStream:75 - [STDERR_REDIRECT] [Fatal Error] :1:1: Premature end of file.
2025-08-12 22:08:44,962 [ERROR] LogOutputStream:75 - [STDERR_REDIRECT] 
2025-08-12 22:08:45,978 [ERROR] LogOutputStream:75 - [STDERR_REDIRECT] [Fatal Error] :1:1: Premature end of file.
2025-08-12 22:08:45,978 [ERROR] LogOutputStream:75 - [STDERR_REDIRECT] 
2025-08-12 22:08:46,973 [ERROR] LogOutputStream:75 - [STDERR_REDIRECT] [Fatal Error] :1:1: Premature end of file.
2025-08-12 22:08:46,978 [ERROR] LogOutputStream:75 - [STDERR_REDIRECT] 
2025-08-12 22:08:47,967 [ERROR] LogOutputStream:75 - [STDERR_REDIRECT] [Fatal Error] :1:1: Premature end of file.
2025-08-12 22:08:47,968 [ERROR] LogOutputStream:75 - [STDERR_REDIRECT] 
2025-08-12 22:08:48,980 [ERROR] LogOutputStream:75 - [STDERR_REDIRECT] [Fatal Error] :1:1: Premature end of file.
2025-08-12 22:08:48,980 [ERROR] LogOutputStream:75 - [STDERR_REDIRECT] 
2025-08-12 22:08:49,979 [ERROR] LogOutputStream:75 - [STDERR_REDIRECT] [Fatal Error] :1:1: Premature end of file.
2025-08-12 22:08:49,979 [ERROR] LogOutputStream:75 - [STDERR_REDIRECT] 
2025-08-12 22:08:50,967 [ERROR] LogOutputStream:75 - [STDERR_REDIRECT] [Fatal Error] :1:1: Premature end of file.
2025-08-12 22:08:50,967 [ERROR] LogOutputStream:75 - [STDERR_REDIRECT] 
2025-08-12 22:08:51,961 [ERROR] LogOutputStream:75 - [STDERR_REDIRECT] [Fatal Error] :1:1: Premature end of file.
2025-08-12 22:08:51,961 [ERROR] LogOutputStream:75 - [STDERR_REDIRECT] 
2025-08-12 22:08:52,974 [ERROR] LogOutputStream:75 - [STDERR_REDIRECT] [Fatal Error] :1:1: Premature end of file.
2025-08-12 22:08:52,974 [ERROR] LogOutputStream:75 - [STDERR_REDIRECT] 
2025-08-12 22:08:53,973 [ERROR] LogOutputStream:75 - [STDERR_REDIRECT] [Fatal Error] :1:1: Premature end of file.
2025-08-12 22:08:53,973 [ERROR] LogOutputStream:75 - [STDERR_REDIRECT] 
2025-08-12 22:08:54,959 [ERROR] LogOutputStream:75 - [STDERR_REDIRECT] [Fatal Error] :1:1: Premature end of file.
2025-08-12 22:08:54,959 [ERROR] LogOutputStream:75 - [STDERR_REDIRECT] 
2025-08-12 22:08:55,976 [ERROR] LogOutputStream:75 - [STDERR_REDIRECT] [Fatal Error] :1:1: Premature end of file.
2025-08-12 22:08:55,976 [ERROR] LogOutputStream:75 - [STDERR_REDIRECT] 
2025-08-12 22:08:56,978 [ERROR] LogOutputStream:75 - [STDERR_REDIRECT] [Fatal Error] :1:1: Premature end of file.
2025-08-12 22:08:56,978 [ERROR] LogOutputStream:75 - [STDERR_REDIRECT] 
2025-08-12 22:08:57,975 [ERROR] LogOutputStream:75 - [STDERR_REDIRECT] [Fatal Error] :1:1: Premature end of file.
2025-08-12 22:08:57,976 [ERROR] LogOutputStream:75 - [STDERR_REDIRECT] 
2025-08-12 22:08:58,970 [ERROR] LogOutputStream:75 - [STDERR_REDIRECT] [Fatal Error] :1:1: Premature end of file.
2025-08-12 22:08:58,970 [ERROR] LogOutputStream:75 - [STDERR_REDIRECT] 
2025-08-12 22:08:59,976 [ERROR] LogOutputStream:75 - [STDERR_REDIRECT] [Fatal Error] :1:1: Premature end of file.
2025-08-12 22:08:59,976 [ERROR] LogOutputStream:75 - [STDERR_REDIRECT] 
2025-08-12 22:09:00,971 [ERROR] LogOutputStream:75 - [STDERR_REDIRECT] [Fatal Error] :1:1: Premature end of file.
2025-08-12 22:09:00,971 [ERROR] LogOutputStream:75 - [STDERR_REDIRECT] 
2025-08-12 22:09:01,993 [ERROR] LogOutputStream:75 - [STDERR_REDIRECT] [Fatal Error] :1:1: Premature end of file.
2025-08-12 22:09:01,994 [ERROR] LogOutputStream:75 - [STDERR_REDIRECT] 
2025-08-12 22:09:02,974 [ERROR] LogOutputStream:75 - [STDERR_REDIRECT] [Fatal Error] :1:1: Premature end of file.
2025-08-12 22:09:02,974 [ERROR] LogOutputStream:75 - [STDERR_REDIRECT] 
2025-08-12 22:09:03,969 [ERROR] LogOutputStream:75 - [STDERR_REDIRECT] [Fatal Error] :1:1: Premature end of file.
2025-08-12 22:09:03,970 [ERROR] LogOutputStream:75 - [STDERR_REDIRECT] 
2025-08-12 22:09:04,968 [ERROR] LogOutputStream:75 - [STDERR_REDIRECT] [Fatal Error] :1:1: Premature end of file.
2025-08-12 22:09:04,968 [ERROR] LogOutputStream:75 - [STDERR_REDIRECT] 
2025-08-12 22:09:05,970 [ERROR] LogOutputStream:75 - [STDERR_REDIRECT] [Fatal Error] :1:1: Premature end of file.
2025-08-12 22:09:05,970 [ERROR] LogOutputStream:75 - [STDERR_REDIRECT] 
2025-08-12 22:09:06,967 [ERROR] LogOutputStream:75 - [STDERR_REDIRECT] [Fatal Error] :1:1: Premature end of file.
2025-08-12 22:09:06,968 [ERROR] LogOutputStream:75 - [STDERR_REDIRECT] 
2025-08-12 22:09:07,959 [ERROR] LogOutputStream:75 - [STDERR_REDIRECT] [Fatal Error] :1:1: Premature end of file.
2025-08-12 22:09:07,959 [ERROR] LogOutputStream:75 - [STDERR_REDIRECT] 
2025-08-12 22:09:08,967 [ERROR] LogOutputStream:75 - [STDERR_REDIRECT] [Fatal Error] :1:1: Premature end of file.
2025-08-12 22:09:08,967 [ERROR] LogOutputStream:75 - [STDERR_REDIRECT] 
2025-08-12 22:09:09,974 [ERROR] LogOutputStream:75 - [STDERR_REDIRECT] [Fatal Error] :1:1: Premature end of file.
2025-08-12 22:09:09,975 [ERROR] LogOutputStream:75 - [STDERR_REDIRECT] 
2025-08-12 22:09:10,974 [ERROR] LogOutputStream:75 - [STDERR_REDIRECT] [Fatal Error] :1:1: Premature end of file.
2025-08-12 22:09:10,974 [ERROR] LogOutputStream:75 - [STDERR_REDIRECT] 
2025-08-12 22:09:11,960 [ERROR] LogOutputStream:75 - [STDERR_REDIRECT] [Fatal Error] :1:1: Premature end of file.
2025-08-12 22:09:11,960 [ERROR] LogOutputStream:75 - [STDERR_REDIRECT] 
2025-08-12 22:09:12,976 [ERROR] LogOutputStream:75 - [STDERR_REDIRECT] [Fatal Error] :1:1: Premature end of file.
2025-08-12 22:09:12,976 [ERROR] LogOutputStream:75 - [STDERR_REDIRECT] 
2025-08-12 22:09:13,959 [ERROR] LogOutputStream:75 - [STDERR_REDIRECT] [Fatal Error] :1:1: Premature end of file.
2025-08-12 22:09:13,959 [ERROR] LogOutputStream:75 - [STDERR_REDIRECT] 
2025-08-12 22:09:14,978 [ERROR] LogOutputStream:75 - [STDERR_REDIRECT] [Fatal Error] :1:1: Premature end of file.
2025-08-12 22:09:14,978 [ERROR] LogOutputStream:75 - [STDERR_REDIRECT] 
2025-08-12 22:09:15,980 [ERROR] LogOutputStream:75 - [STDERR_REDIRECT] [Fatal Error] :1:1: Premature end of file.
2025-08-12 22:09:15,980 [ERROR] LogOutputStream:75 - [STDERR_REDIRECT] 
2025-08-12 22:09:16,968 [ERROR] LogOutputStream:75 - [STDERR_REDIRECT] [Fatal Error] :1:1: Premature end of file.
2025-08-12 22:09:16,968 [ERROR] LogOutputStream:75 - [STDERR_REDIRECT] 
2025-08-12 22:09:17,972 [ERROR] LogOutputStream:75 - [STDERR_REDIRECT] [Fatal Error] :1:1: Premature end of file.
2025-08-12 22:09:17,972 [ERROR] LogOutputStream:75 - [STDERR_REDIRECT] 
2025-08-12 22:09:18,976 [ERROR] LogOutputStream:75 - [STDERR_REDIRECT] [Fatal Error] :1:1: Premature end of file.
2025-08-12 22:09:18,976 [ERROR] LogOutputStream:75 - [STDERR_REDIRECT] 
2025-08-12 22:09:19,958 [ERROR] LogOutputStream:75 - [STDERR_REDIRECT] [Fatal Error] :1:1: Premature end of file.
2025-08-12 22:09:19,958 [ERROR] LogOutputStream:75 - [STDERR_REDIRECT] 
2025-08-12 22:09:20,985 [ERROR] LogOutputStream:75 - [STDERR_REDIRECT] [Fatal Error] :1:1: Premature end of file.
2025-08-12 22:09:20,985 [ERROR] LogOutputStream:75 - [STDERR_REDIRECT] 
2025-08-12 22:09:21,985 [ERROR] LogOutputStream:75 - [STDERR_REDIRECT] [Fatal Error] :1:1: Premature end of file.
2025-08-12 22:09:21,985 [ERROR] LogOutputStream:75 - [STDERR_REDIRECT] 
2025-08-12 22:09:22,973 [ERROR] LogOutputStream:75 - [STDERR_REDIRECT] [Fatal Error] :1:1: Premature end of file.
2025-08-12 22:09:22,973 [ERROR] LogOutputStream:75 - [STDERR_REDIRECT] 
2025-08-12 22:09:23,974 [ERROR] LogOutputStream:75 - [STDERR_REDIRECT] [Fatal Error] :1:1: Premature end of file.
2025-08-12 22:09:23,974 [ERROR] LogOutputStream:75 - [STDERR_REDIRECT] 
2025-08-12 22:09:24,980 [ERROR] LogOutputStream:75 - [STDERR_REDIRECT] [Fatal Error] :1:1: Premature end of file.
2025-08-12 22:09:24,980 [ERROR] LogOutputStream:75 - [STDERR_REDIRECT] 
2025-08-12 22:09:25,962 [ERROR] LogOutputStream:75 - [STDERR_REDIRECT] [Fatal Error] :1:1: Premature end of file.
2025-08-12 22:09:25,962 [ERROR] LogOutputStream:75 - [STDERR_REDIRECT] 
2025-08-12 22:09:26,974 [ERROR] LogOutputStream:75 - [STDERR_REDIRECT] [Fatal Error] :1:1: Premature end of file.
2025-08-12 22:09:26,974 [ERROR] LogOutputStream:75 - [STDERR_REDIRECT] 
2025-08-12 22:09:27,998 [ERROR] LogOutputStream:75 - [STDERR_REDIRECT] [Fatal Error] :1:1: Premature end of file.
2025-08-12 22:09:27,998 [ERROR] LogOutputStream:75 - [STDERR_REDIRECT] 
2025-08-12 22:09:28,984 [ERROR] LogOutputStream:75 - [STDERR_REDIRECT] [Fatal Error] :1:1: Premature end of file.
2025-08-12 22:09:28,984 [ERROR] LogOutputStream:75 - [STDERR_REDIRECT] 
2025-08-12 22:09:29,973 [ERROR] LogOutputStream:75 - [STDERR_REDIRECT] [Fatal Error] :1:1: Premature end of file.
2025-08-12 22:09:29,973 [ERROR] LogOutputStream:75 - [STDERR_REDIRECT] 
2025-08-12 22:09:30,975 [ERROR] LogOutputStream:75 - [STDERR_REDIRECT] [Fatal Error] :1:1: Premature end of file.
2025-08-12 22:09:30,975 [ERROR] LogOutputStream:75 - [STDERR_REDIRECT] 
2025-08-12 22:09:31,957 [ERROR] LogOutputStream:75 - [STDERR_REDIRECT] [Fatal Error] :1:1: Premature end of file.
2025-08-12 22:09:31,957 [ERROR] LogOutputStream:75 - [STDERR_REDIRECT] 
2025-08-12 22:09:32,975 [ERROR] LogOutputStream:75 - [STDERR_REDIRECT] [Fatal Error] :1:1: Premature end of file.
2025-08-12 22:09:32,975 [ERROR] LogOutputStream:75 - [STDERR_REDIRECT] 
2025-08-12 22:09:33,977 [ERROR] LogOutputStream:75 - [STDERR_REDIRECT] [Fatal Error] :1:1: Premature end of file.
2025-08-12 22:09:33,977 [ERROR] LogOutputStream:75 - [STDERR_REDIRECT] 
2025-08-12 22:09:34,965 [ERROR] LogOutputStream:75 - [STDERR_REDIRECT] [Fatal Error] :1:1: Premature end of file.
2025-08-12 22:09:34,965 [ERROR] LogOutputStream:75 - [STDERR_REDIRECT] 
2025-08-12 22:09:35,974 [ERROR] LogOutputStream:75 - [STDERR_REDIRECT] [Fatal Error] :1:1: Premature end of file.
2025-08-12 22:09:35,974 [ERROR] LogOutputStream:75 - [STDERR_REDIRECT] 
2025-08-12 22:09:36,985 [ERROR] LogOutputStream:75 - [STDERR_REDIRECT] [Fatal Error] :1:1: Premature end of file.
2025-08-12 22:09:36,985 [ERROR] LogOutputStream:75 - [STDERR_REDIRECT] 
2025-08-12 22:09:37,980 [ERROR] LogOutputStream:75 - [STDERR_REDIRECT] [Fatal Error] :1:1: Premature end of file.
2025-08-12 22:09:37,980 [ERROR] LogOutputStream:75 - [STDERR_REDIRECT] 
2025-08-12 22:09:38,958 [ERROR] LogOutputStream:75 - [STDERR_REDIRECT] [Fatal Error] :1:1: Premature end of file.
2025-08-12 22:09:38,958 [ERROR] LogOutputStream:75 - [STDERR_REDIRECT] 
2025-08-12 22:09:39,969 [ERROR] LogOutputStream:75 - [STDERR_REDIRECT] [Fatal Error] :1:1: Premature end of file.
2025-08-12 22:09:39,969 [ERROR] LogOutputStream:75 - [STDERR_REDIRECT] 
2025-08-12 22:09:40,980 [ERROR] LogOutputStream:75 - [STDERR_REDIRECT] [Fatal Error] :1:1: Premature end of file.
2025-08-12 22:09:40,980 [ERROR] LogOutputStream:75 - [STDERR_REDIRECT] 
2025-08-12 22:09:41,978 [ERROR] LogOutputStream:75 - [STDERR_REDIRECT] [Fatal Error] :1:1: Premature end of file.
2025-08-12 22:09:41,978 [ERROR] LogOutputStream:75 - [STDERR_REDIRECT] 
2025-08-12 22:09:42,984 [ERROR] LogOutputStream:75 - [STDERR_REDIRECT] [Fatal Error] :1:1: Premature end of file.
2025-08-12 22:09:42,984 [ERROR] LogOutputStream:75 - [STDERR_REDIRECT] 
2025-08-12 22:09:43,975 [ERROR] LogOutputStream:75 - [STDERR_REDIRECT] [Fatal Error] :1:1: Premature end of file.
2025-08-12 22:09:43,975 [ERROR] LogOutputStream:75 - [STDERR_REDIRECT] 
2025-08-12 22:09:44,960 [ERROR] LogOutputStream:75 - [STDERR_REDIRECT] [Fatal Error] :1:1: Premature end of file.
2025-08-12 22:09:44,960 [ERROR] LogOutputStream:75 - [STDERR_REDIRECT] 
2025-08-12 22:09:45,963 [ERROR] LogOutputStream:75 - [STDERR_REDIRECT] [Fatal Error] :1:1: Premature end of file.
2025-08-12 22:09:45,963 [ERROR] LogOutputStream:75 - [STDERR_REDIRECT] 
2025-08-12 22:09:46,959 [ERROR] LogOutputStream:75 - [STDERR_REDIRECT] [Fatal Error] :1:1: Premature end of file.
2025-08-12 22:09:46,959 [ERROR] LogOutputStream:75 - [STDERR_REDIRECT] 
2025-08-12 22:09:47,973 [ERROR] LogOutputStream:75 - [STDERR_REDIRECT] [Fatal Error] :1:1: Premature end of file.
2025-08-12 22:09:47,973 [ERROR] LogOutputStream:75 - [STDERR_REDIRECT] 
2025-08-12 22:09:48,977 [ERROR] LogOutputStream:75 - [STDERR_REDIRECT] [Fatal Error] :1:1: Premature end of file.
2025-08-12 22:09:48,977 [ERROR] LogOutputStream:75 - [STDERR_REDIRECT] 
2025-08-12 22:09:49,970 [ERROR] LogOutputStream:75 - [STDERR_REDIRECT] [Fatal Error] :1:1: Premature end of file.
2025-08-12 22:09:49,971 [ERROR] LogOutputStream:75 - [STDERR_REDIRECT] 
2025-08-12 22:09:50,976 [ERROR] LogOutputStream:75 - [STDERR_REDIRECT] [Fatal Error] :1:1: Premature end of file.
2025-08-12 22:09:50,977 [ERROR] LogOutputStream:75 - [STDERR_REDIRECT] 
2025-08-12 22:09:51,961 [ERROR] LogOutputStream:75 - [STDERR_REDIRECT] [Fatal Error] :1:1: Premature end of file.
2025-08-12 22:09:51,961 [ERROR] LogOutputStream:75 - [STDERR_REDIRECT] 
2025-08-12 22:09:52,969 [ERROR] LogOutputStream:75 - [STDERR_REDIRECT] [Fatal Error] :1:1: Premature end of file.
2025-08-12 22:09:52,969 [ERROR] LogOutputStream:75 - [STDERR_REDIRECT] 
2025-08-12 22:09:53,967 [ERROR] LogOutputStream:75 - [STDERR_REDIRECT] [Fatal Error] :1:1: Premature end of file.
2025-08-12 22:09:53,967 [ERROR] LogOutputStream:75 - [STDERR_REDIRECT] 
2025-08-12 22:09:54,980 [ERROR] LogOutputStream:75 - [STDERR_REDIRECT] [Fatal Error] :1:1: Premature end of file.
2025-08-12 22:09:54,980 [ERROR] LogOutputStream:75 - [STDERR_REDIRECT] 
2025-08-12 22:09:55,974 [ERROR] LogOutputStream:75 - [STDERR_REDIRECT] [Fatal Error] :1:1: Premature end of file.
2025-08-12 22:09:55,975 [ERROR] LogOutputStream:75 - [STDERR_REDIRECT] 
2025-08-12 22:09:56,960 [ERROR] LogOutputStream:75 - [STDERR_REDIRECT] [Fatal Error] :1:1: Premature end of file.
2025-08-12 22:09:56,960 [ERROR] LogOutputStream:75 - [STDERR_REDIRECT] 
2025-08-12 22:09:57,958 [ERROR] LogOutputStream:75 - [STDERR_REDIRECT] [Fatal Error] :1:1: Premature end of file.
2025-08-12 22:09:57,958 [ERROR] LogOutputStream:75 - [STDERR_REDIRECT] 
2025-08-12 22:09:58,978 [ERROR] LogOutputStream:75 - [STDERR_REDIRECT] [Fatal Error] :1:1: Premature end of file.
2025-08-12 22:09:58,978 [ERROR] LogOutputStream:75 - [STDERR_REDIRECT] 
2025-08-12 22:09:59,963 [ERROR] LogOutputStream:75 - [STDERR_REDIRECT] [Fatal Error] :1:1: Premature end of file.
2025-08-12 22:09:59,963 [ERROR] LogOutputStream:75 - [STDERR_REDIRECT] 
2025-08-12 22:10:00,966 [ERROR] LogOutputStream:75 - [STDERR_REDIRECT] [Fatal Error] :1:1: Premature end of file.
2025-08-12 22:10:00,966 [ERROR] LogOutputStream:75 - [STDERR_REDIRECT] 
2025-08-12 22:10:01,971 [ERROR] LogOutputStream:75 - [STDERR_REDIRECT] [Fatal Error] :1:1: Premature end of file.
2025-08-12 22:10:01,972 [ERROR] LogOutputStream:75 - [STDERR_REDIRECT] 
2025-08-12 22:10:02,980 [ERROR] LogOutputStream:75 - [STDERR_REDIRECT] [Fatal Error] :1:1: Premature end of file.
2025-08-12 22:10:02,980 [ERROR] LogOutputStream:75 - [STDERR_REDIRECT] 
2025-08-12 22:10:03,967 [ERROR] LogOutputStream:75 - [STDERR_REDIRECT] [Fatal Error] :1:1: Premature end of file.
2025-08-12 22:10:03,967 [ERROR] LogOutputStream:75 - [STDERR_REDIRECT] 
2025-08-12 22:10:04,975 [ERROR] LogOutputStream:75 - [STDERR_REDIRECT] [Fatal Error] :1:1: Premature end of file.
2025-08-12 22:10:04,976 [ERROR] LogOutputStream:75 - [STDERR_REDIRECT] 
2025-08-12 22:10:05,978 [ERROR] LogOutputStream:75 - [STDERR_REDIRECT] [Fatal Error] :1:1: Premature end of file.
2025-08-12 22:10:05,979 [ERROR] LogOutputStream:75 - [STDERR_REDIRECT] 
2025-08-12 22:10:06,970 [ERROR] LogOutputStream:75 - [STDERR_REDIRECT] [Fatal Error] :1:1: Premature end of file.
2025-08-12 22:10:06,970 [ERROR] LogOutputStream:75 - [STDERR_REDIRECT] 
2025-08-12 22:10:07,977 [ERROR] LogOutputStream:75 - [STDERR_REDIRECT] [Fatal Error] :1:1: Premature end of file.
2025-08-12 22:10:07,977 [ERROR] LogOutputStream:75 - [STDERR_REDIRECT] 
2025-08-12 22:10:08,971 [ERROR] LogOutputStream:75 - [STDERR_REDIRECT] [Fatal Error] :1:1: Premature end of file.
2025-08-12 22:10:08,971 [ERROR] LogOutputStream:75 - [STDERR_REDIRECT] 
2025-08-12 22:10:09,974 [ERROR] LogOutputStream:75 - [STDERR_REDIRECT] [Fatal Error] :1:1: Premature end of file.
2025-08-12 22:10:09,975 [ERROR] LogOutputStream:75 - [STDERR_REDIRECT] 
2025-08-12 22:10:10,968 [ERROR] LogOutputStream:75 - [STDERR_REDIRECT] [Fatal Error] :1:1: Premature end of file.
2025-08-12 22:10:10,968 [ERROR] LogOutputStream:75 - [STDERR_REDIRECT] 
2025-08-12 22:10:11,966 [ERROR] LogOutputStream:75 - [STDERR_REDIRECT] [Fatal Error] :1:1: Premature end of file.
2025-08-12 22:10:11,966 [ERROR] LogOutputStream:75 - [STDERR_REDIRECT] 
2025-08-12 22:10:12,977 [ERROR] LogOutputStream:75 - [STDERR_REDIRECT] [Fatal Error] :1:1: Premature end of file.
2025-08-12 22:10:12,977 [ERROR] LogOutputStream:75 - [STDERR_REDIRECT] 
2025-08-12 22:10:13,972 [ERROR] LogOutputStream:75 - [STDERR_REDIRECT] [Fatal Error] :1:1: Premature end of file.
2025-08-12 22:10:13,972 [ERROR] LogOutputStream:75 - [STDERR_REDIRECT] 
2025-08-12 22:10:14,977 [ERROR] LogOutputStream:75 - [STDERR_REDIRECT] [Fatal Error] :1:1: Premature end of file.
2025-08-12 22:10:14,977 [ERROR] LogOutputStream:75 - [STDERR_REDIRECT] 
2025-08-12 22:10:15,977 [ERROR] LogOutputStream:75 - [STDERR_REDIRECT] [Fatal Error] :1:1: Premature end of file.
2025-08-12 22:10:15,977 [ERROR] LogOutputStream:75 - [STDERR_REDIRECT] 
2025-08-12 22:10:16,957 [ERROR] LogOutputStream:75 - [STDERR_REDIRECT] [Fatal Error] :1:1: Premature end of file.
2025-08-12 22:10:16,958 [ERROR] LogOutputStream:75 - [STDERR_REDIRECT] 
2025-08-12 22:10:17,965 [ERROR] LogOutputStream:75 - [STDERR_REDIRECT] [Fatal Error] :1:1: Premature end of file.
2025-08-12 22:10:17,965 [ERROR] LogOutputStream:75 - [STDERR_REDIRECT] 
2025-08-12 22:10:18,981 [ERROR] LogOutputStream:75 - [STDERR_REDIRECT] [Fatal Error] :1:1: Premature end of file.
2025-08-12 22:10:18,981 [ERROR] LogOutputStream:75 - [STDERR_REDIRECT] 
2025-08-12 22:10:19,985 [ERROR] LogOutputStream:75 - [STDERR_REDIRECT] [Fatal Error] :1:1: Premature end of file.
2025-08-12 22:10:19,986 [ERROR] LogOutputStream:75 - [STDERR_REDIRECT] 
2025-08-12 22:10:20,975 [ERROR] LogOutputStream:75 - [STDERR_REDIRECT] [Fatal Error] :1:1: Premature end of file.
2025-08-12 22:10:20,976 [ERROR] LogOutputStream:75 - [STDERR_REDIRECT] 
2025-08-12 22:10:21,985 [ERROR] LogOutputStream:75 - [STDERR_REDIRECT] [Fatal Error] :1:1: Premature end of file.
2025-08-12 22:10:21,985 [ERROR] LogOutputStream:75 - [STDERR_REDIRECT] 
2025-08-12 22:10:22,975 [ERROR] LogOutputStream:75 - [STDERR_REDIRECT] [Fatal Error] :1:1: Premature end of file.
2025-08-12 22:10:22,975 [ERROR] LogOutputStream:75 - [STDERR_REDIRECT] 
2025-08-12 22:10:23,978 [ERROR] LogOutputStream:75 - [STDERR_REDIRECT] [Fatal Error] :1:1: Premature end of file.
2025-08-12 22:10:23,978 [ERROR] LogOutputStream:75 - [STDERR_REDIRECT] 
2025-08-12 22:10:24,972 [ERROR] LogOutputStream:75 - [STDERR_REDIRECT] [Fatal Error] :1:1: Premature end of file.
2025-08-12 22:10:24,972 [ERROR] LogOutputStream:75 - [STDERR_REDIRECT] 
2025-08-12 22:10:25,973 [ERROR] LogOutputStream:75 - [STDERR_REDIRECT] [Fatal Error] :1:1: Premature end of file.
2025-08-12 22:10:25,974 [ERROR] LogOutputStream:75 - [STDERR_REDIRECT] 
2025-08-12 22:10:26,976 [ERROR] LogOutputStream:75 - [STDERR_REDIRECT] [Fatal Error] :1:1: Premature end of file.
2025-08-12 22:10:26,976 [ERROR] LogOutputStream:75 - [STDERR_REDIRECT] 
2025-08-12 22:10:27,979 [ERROR] LogOutputStream:75 - [STDERR_REDIRECT] [Fatal Error] :1:1: Premature end of file.
2025-08-12 22:10:27,979 [ERROR] LogOutputStream:75 - [STDERR_REDIRECT] 
2025-08-12 22:10:28,982 [ERROR] LogOutputStream:75 - [STDERR_REDIRECT] [Fatal Error] :1:1: Premature end of file.
2025-08-12 22:10:28,983 [ERROR] LogOutputStream:75 - [STDERR_REDIRECT] 
2025-08-12 22:10:29,971 [ERROR] LogOutputStream:75 - [STDERR_REDIRECT] [Fatal Error] :1:1: Premature end of file.
2025-08-12 22:10:29,971 [ERROR] LogOutputStream:75 - [STDERR_REDIRECT] 
2025-08-12 22:10:30,973 [ERROR] LogOutputStream:75 - [STDERR_REDIRECT] [Fatal Error] :1:1: Premature end of file.
2025-08-12 22:10:30,973 [ERROR] LogOutputStream:75 - [STDERR_REDIRECT] 
2025-08-12 22:10:31,973 [ERROR] LogOutputStream:75 - [STDERR_REDIRECT] [Fatal Error] :1:1: Premature end of file.
2025-08-12 22:10:31,973 [ERROR] LogOutputStream:75 - [STDERR_REDIRECT] 
2025-08-12 22:10:32,958 [ERROR] LogOutputStream:75 - [STDERR_REDIRECT] [Fatal Error] :1:1: Premature end of file.
2025-08-12 22:10:32,958 [ERROR] LogOutputStream:75 - [STDERR_REDIRECT] 
2025-08-12 22:10:33,977 [ERROR] LogOutputStream:75 - [STDERR_REDIRECT] [Fatal Error] :1:1: Premature end of file.
2025-08-12 22:10:33,978 [ERROR] LogOutputStream:75 - [STDERR_REDIRECT] 
2025-08-12 22:10:34,978 [ERROR] LogOutputStream:75 - [STDERR_REDIRECT] [Fatal Error] :1:1: Premature end of file.
2025-08-12 22:10:34,978 [ERROR] LogOutputStream:75 - [STDERR_REDIRECT] 
2025-08-12 22:10:35,970 [ERROR] LogOutputStream:75 - [STDERR_REDIRECT] [Fatal Error] :1:1: Premature end of file.
2025-08-12 22:10:35,970 [ERROR] LogOutputStream:75 - [STDERR_REDIRECT] 
2025-08-12 22:10:36,973 [ERROR] LogOutputStream:75 - [STDERR_REDIRECT] [Fatal Error] :1:1: Premature end of file.
2025-08-12 22:10:36,973 [ERROR] LogOutputStream:75 - [STDERR_REDIRECT] 
2025-08-12 22:10:37,986 [ERROR] LogOutputStream:75 - [STDERR_REDIRECT] [Fatal Error] :1:1: Premature end of file.
2025-08-12 22:10:37,986 [ERROR] LogOutputStream:75 - [STDERR_REDIRECT] 
2025-08-12 22:10:38,982 [ERROR] LogOutputStream:75 - [STDERR_REDIRECT] [Fatal Error] :1:1: Premature end of file.
2025-08-12 22:10:38,982 [ERROR] LogOutputStream:75 - [STDERR_REDIRECT] 
2025-08-12 22:10:39,977 [ERROR] LogOutputStream:75 - [STDERR_REDIRECT] [Fatal Error] :1:1: Premature end of file.
2025-08-12 22:10:39,978 [ERROR] LogOutputStream:75 - [STDERR_REDIRECT] 
2025-08-12 22:10:40,976 [ERROR] LogOutputStream:75 - [STDERR_REDIRECT] [Fatal Error] :1:1: Premature end of file.
2025-08-12 22:10:40,976 [ERROR] LogOutputStream:75 - [STDERR_REDIRECT] 
2025-08-12 22:10:41,978 [ERROR] LogOutputStream:75 - [STDERR_REDIRECT] [Fatal Error] :1:1: Premature end of file.
2025-08-12 22:10:41,980 [ERROR] LogOutputStream:75 - [STDERR_REDIRECT] 
2025-08-12 22:10:42,976 [ERROR] LogOutputStream:75 - [STDERR_REDIRECT] [Fatal Error] :1:1: Premature end of file.
2025-08-12 22:10:42,976 [ERROR] LogOutputStream:75 - [STDERR_REDIRECT] 
2025-08-12 22:10:43,968 [ERROR] LogOutputStream:75 - [STDERR_REDIRECT] [Fatal Error] :1:1: Premature end of file.
2025-08-12 22:10:43,968 [ERROR] LogOutputStream:75 - [STDERR_REDIRECT] 
2025-08-12 22:10:44,967 [ERROR] LogOutputStream:75 - [STDERR_REDIRECT] [Fatal Error] :1:1: Premature end of file.
2025-08-12 22:10:44,967 [ERROR] LogOutputStream:75 - [STDERR_REDIRECT] 
2025-08-12 22:10:45,972 [ERROR] LogOutputStream:75 - [STDERR_REDIRECT] [Fatal Error] :1:1: Premature end of file.
2025-08-12 22:10:45,972 [ERROR] LogOutputStream:75 - [STDERR_REDIRECT] 
2025-08-12 22:10:46,961 [ERROR] LogOutputStream:75 - [STDERR_REDIRECT] [Fatal Error] :1:1: Premature end of file.
2025-08-12 22:10:46,961 [ERROR] LogOutputStream:75 - [STDERR_REDIRECT] 
2025-08-12 22:10:47,977 [ERROR] LogOutputStream:75 - [STDERR_REDIRECT] [Fatal Error] :1:1: Premature end of file.
2025-08-12 22:10:47,977 [ERROR] LogOutputStream:75 - [STDERR_REDIRECT] 
2025-08-12 22:10:48,984 [ERROR] LogOutputStream:75 - [STDERR_REDIRECT] [Fatal Error] :1:1: Premature end of file.
2025-08-12 22:10:48,984 [ERROR] LogOutputStream:75 - [STDERR_REDIRECT] 
2025-08-12 22:10:49,968 [ERROR] LogOutputStream:75 - [STDERR_REDIRECT] [Fatal Error] :1:1: Premature end of file.
2025-08-12 22:10:49,968 [ERROR] LogOutputStream:75 - [STDERR_REDIRECT] 
2025-08-12 22:10:50,960 [ERROR] LogOutputStream:75 - [STDERR_REDIRECT] [Fatal Error] :1:1: Premature end of file.
2025-08-12 22:10:50,960 [ERROR] LogOutputStream:75 - [STDERR_REDIRECT] 
2025-08-12 22:10:51,967 [ERROR] LogOutputStream:75 - [STDERR_REDIRECT] [Fatal Error] :1:1: Premature end of file.
2025-08-12 22:10:51,967 [ERROR] LogOutputStream:75 - [STDERR_REDIRECT] 
2025-08-12 22:10:52,971 [ERROR] LogOutputStream:75 - [STDERR_REDIRECT] [Fatal Error] :1:1: Premature end of file.
2025-08-12 22:10:52,971 [ERROR] LogOutputStream:75 - [STDERR_REDIRECT] 
2025-08-12 22:10:53,985 [ERROR] LogOutputStream:75 - [STDERR_REDIRECT] [Fatal Error] :1:1: Premature end of file.
2025-08-12 22:10:53,985 [ERROR] LogOutputStream:75 - [STDERR_REDIRECT] 
2025-08-12 22:10:54,958 [ERROR] LogOutputStream:75 - [STDERR_REDIRECT] [Fatal Error] :1:1: Premature end of file.
2025-08-12 22:10:54,958 [ERROR] LogOutputStream:75 - [STDERR_REDIRECT] 
2025-08-12 22:10:55,976 [ERROR] LogOutputStream:75 - [STDERR_REDIRECT] [Fatal Error] :1:1: Premature end of file.
2025-08-12 22:10:55,976 [ERROR] LogOutputStream:75 - [STDERR_REDIRECT] 
2025-08-12 22:10:56,976 [ERROR] LogOutputStream:75 - [STDERR_REDIRECT] [Fatal Error] :1:1: Premature end of file.
2025-08-12 22:10:56,976 [ERROR] LogOutputStream:75 - [STDERR_REDIRECT] 
2025-08-12 22:10:57,997 [ERROR] LogOutputStream:75 - [STDERR_REDIRECT] [Fatal Error] :1:1: Premature end of file.
2025-08-12 22:10:57,997 [ERROR] LogOutputStream:75 - [STDERR_REDIRECT] 
2025-08-12 22:10:58,970 [ERROR] LogOutputStream:75 - [STDERR_REDIRECT] [Fatal Error] :1:1: Premature end of file.
2025-08-12 22:10:58,971 [ERROR] LogOutputStream:75 - [STDERR_REDIRECT] 
2025-08-12 22:10:59,971 [ERROR] LogOutputStream:75 - [STDERR_REDIRECT] [Fatal Error] :1:1: Premature end of file.
2025-08-12 22:10:59,971 [ERROR] LogOutputStream:75 - [STDERR_REDIRECT] 
2025-08-12 22:11:00,975 [ERROR] LogOutputStream:75 - [STDERR_REDIRECT] [Fatal Error] :1:1: Premature end of file.
2025-08-12 22:11:00,975 [ERROR] LogOutputStream:75 - [STDERR_REDIRECT] 
2025-08-12 22:11:01,982 [ERROR] LogOutputStream:75 - [STDERR_REDIRECT] [Fatal Error] :1:1: Premature end of file.
2025-08-12 22:11:01,982 [ERROR] LogOutputStream:75 - [STDERR_REDIRECT] 
2025-08-12 22:11:02,985 [ERROR] LogOutputStream:75 - [STDERR_REDIRECT] [Fatal Error] :1:1: Premature end of file.
2025-08-12 22:11:02,985 [ERROR] LogOutputStream:75 - [STDERR_REDIRECT] 
2025-08-12 22:11:03,956 [ERROR] LogOutputStream:75 - [STDERR_REDIRECT] [Fatal Error] :1:1: Premature end of file.
2025-08-12 22:11:03,970 [ERROR] LogOutputStream:75 - [STDERR_REDIRECT] 
2025-08-12 22:11:04,974 [ERROR] LogOutputStream:75 - [STDERR_REDIRECT] [Fatal Error] :1:1: Premature end of file.
2025-08-12 22:11:04,974 [ERROR] LogOutputStream:75 - [STDERR_REDIRECT] 
2025-08-12 22:11:05,975 [ERROR] LogOutputStream:75 - [STDERR_REDIRECT] [Fatal Error] :1:1: Premature end of file.
2025-08-12 22:11:05,975 [ERROR] LogOutputStream:75 - [STDERR_REDIRECT] 
2025-08-12 22:11:06,976 [ERROR] LogOutputStream:75 - [STDERR_REDIRECT] [Fatal Error] :1:1: Premature end of file.
2025-08-12 22:11:06,976 [ERROR] LogOutputStream:75 - [STDERR_REDIRECT] 
2025-08-12 22:11:07,973 [ERROR] LogOutputStream:75 - [STDERR_REDIRECT] [Fatal Error] :1:1: Premature end of file.
2025-08-12 22:11:07,973 [ERROR] LogOutputStream:75 - [STDERR_REDIRECT] 
2025-08-12 22:11:08,966 [ERROR] LogOutputStream:75 - [STDERR_REDIRECT] [Fatal Error] :1:1: Premature end of file.
2025-08-12 22:11:08,966 [ERROR] LogOutputStream:75 - [STDERR_REDIRECT] 
2025-08-12 22:11:09,971 [ERROR] LogOutputStream:75 - [STDERR_REDIRECT] [Fatal Error] :1:1: Premature end of file.
2025-08-12 22:11:09,971 [ERROR] LogOutputStream:75 - [STDERR_REDIRECT] 
2025-08-12 22:11:10,981 [ERROR] LogOutputStream:75 - [STDERR_REDIRECT] [Fatal Error] :1:1: Premature end of file.
2025-08-12 22:11:10,981 [ERROR] LogOutputStream:75 - [STDERR_REDIRECT] 
2025-08-12 22:11:11,979 [ERROR] LogOutputStream:75 - [STDERR_REDIRECT] [Fatal Error] :1:1: Premature end of file.
2025-08-12 22:11:11,979 [ERROR] LogOutputStream:75 - [STDERR_REDIRECT] 
2025-08-12 22:11:12,963 [ERROR] LogOutputStream:75 - [STDERR_REDIRECT] [Fatal Error] :1:1: Premature end of file.
2025-08-12 22:11:12,963 [ERROR] LogOutputStream:75 - [STDERR_REDIRECT] 
2025-08-12 22:11:13,965 [ERROR] LogOutputStream:75 - [STDERR_REDIRECT] [Fatal Error] :1:1: Premature end of file.
2025-08-12 22:11:13,965 [ERROR] LogOutputStream:75 - [STDERR_REDIRECT] 
2025-08-12 22:11:14,981 [ERROR] LogOutputStream:75 - [STDERR_REDIRECT] [Fatal Error] :1:1: Premature end of file.
2025-08-12 22:11:14,981 [ERROR] LogOutputStream:75 - [STDERR_REDIRECT] 
2025-08-12 22:11:15,960 [ERROR] LogOutputStream:75 - [STDERR_REDIRECT] [Fatal Error] :1:1: Premature end of file.
2025-08-12 22:11:15,960 [ERROR] LogOutputStream:75 - [STDERR_REDIRECT] 
2025-08-12 22:11:16,965 [ERROR] LogOutputStream:75 - [STDERR_REDIRECT] [Fatal Error] :1:1: Premature end of file.
2025-08-12 22:11:16,965 [ERROR] LogOutputStream:75 - [STDERR_REDIRECT] 
2025-08-12 22:11:17,990 [ERROR] LogOutputStream:75 - [STDERR_REDIRECT] [Fatal Error] :1:1: Premature end of file.
2025-08-12 22:11:17,990 [ERROR] LogOutputStream:75 - [STDERR_REDIRECT] 
2025-08-12 22:11:18,969 [ERROR] LogOutputStream:75 - [STDERR_REDIRECT] [Fatal Error] :1:1: Premature end of file.
2025-08-12 22:11:18,969 [ERROR] LogOutputStream:75 - [STDERR_REDIRECT] 
2025-08-12 22:11:19,977 [ERROR] LogOutputStream:75 - [STDERR_REDIRECT] [Fatal Error] :1:1: Premature end of file.
2025-08-12 22:11:19,977 [ERROR] LogOutputStream:75 - [STDERR_REDIRECT] 
2025-08-12 22:11:20,973 [ERROR] LogOutputStream:75 - [STDERR_REDIRECT] [Fatal Error] :1:1: Premature end of file.
2025-08-12 22:11:20,973 [ERROR] LogOutputStream:75 - [STDERR_REDIRECT] 
2025-08-12 22:11:21,974 [ERROR] LogOutputStream:75 - [STDERR_REDIRECT] [Fatal Error] :1:1: Premature end of file.
2025-08-12 22:11:21,974 [ERROR] LogOutputStream:75 - [STDERR_REDIRECT] 
2025-08-12 22:11:22,974 [ERROR] LogOutputStream:75 - [STDERR_REDIRECT] [Fatal Error] :1:1: Premature end of file.
2025-08-12 22:11:22,974 [ERROR] LogOutputStream:75 - [STDERR_REDIRECT] 
2025-08-12 22:11:23,975 [ERROR] LogOutputStream:75 - [STDERR_REDIRECT] [Fatal Error] :1:1: Premature end of file.
2025-08-12 22:11:23,975 [ERROR] LogOutputStream:75 - [STDERR_REDIRECT] 
2025-08-12 22:11:24,959 [ERROR] LogOutputStream:75 - [STDERR_REDIRECT] [Fatal Error] :1:1: Premature end of file.
2025-08-12 22:11:24,959 [ERROR] LogOutputStream:75 - [STDERR_REDIRECT] 
2025-08-12 22:11:25,983 [ERROR] LogOutputStream:75 - [STDERR_REDIRECT] [Fatal Error] :1:1: Premature end of file.
2025-08-12 22:11:25,983 [ERROR] LogOutputStream:75 - [STDERR_REDIRECT] 
2025-08-12 22:11:26,964 [ERROR] LogOutputStream:75 - [STDERR_REDIRECT] [Fatal Error] :1:1: Premature end of file.
2025-08-12 22:11:26,965 [ERROR] LogOutputStream:75 - [STDERR_REDIRECT] 
2025-08-12 22:11:27,975 [ERROR] LogOutputStream:75 - [STDERR_REDIRECT] [Fatal Error] :1:1: Premature end of file.
2025-08-12 22:11:27,975 [ERROR] LogOutputStream:75 - [STDERR_REDIRECT] 
2025-08-12 22:11:28,971 [ERROR] LogOutputStream:75 - [STDERR_REDIRECT] [Fatal Error] :1:1: Premature end of file.
2025-08-12 22:11:28,971 [ERROR] LogOutputStream:75 - [STDERR_REDIRECT] 
2025-08-12 22:11:29,962 [ERROR] LogOutputStream:75 - [STDERR_REDIRECT] [Fatal Error] :1:1: Premature end of file.
2025-08-12 22:11:29,962 [ERROR] LogOutputStream:75 - [STDERR_REDIRECT] 
2025-08-12 22:11:30,965 [ERROR] LogOutputStream:75 - [STDERR_REDIRECT] [Fatal Error] :1:1: Premature end of file.
2025-08-12 22:11:30,965 [ERROR] LogOutputStream:75 - [STDERR_REDIRECT] 
2025-08-12 22:11:31,972 [ERROR] LogOutputStream:75 - [STDERR_REDIRECT] [Fatal Error] :1:1: Premature end of file.
2025-08-12 22:11:31,973 [ERROR] LogOutputStream:75 - [STDERR_REDIRECT] 
2025-08-12 22:11:32,975 [ERROR] LogOutputStream:75 - [STDERR_REDIRECT] [Fatal Error] :1:1: Premature end of file.
2025-08-12 22:11:32,975 [ERROR] LogOutputStream:75 - [STDERR_REDIRECT] 
2025-08-12 22:11:33,981 [ERROR] LogOutputStream:75 - [STDERR_REDIRECT] [Fatal Error] :1:1: Premature end of file.
2025-08-12 22:11:33,981 [ERROR] LogOutputStream:75 - [STDERR_REDIRECT] 
2025-08-12 22:11:34,974 [ERROR] LogOutputStream:75 - [STDERR_REDIRECT] [Fatal Error] :1:1: Premature end of file.
2025-08-12 22:11:34,974 [ERROR] LogOutputStream:75 - [STDERR_REDIRECT] 
2025-08-12 22:11:35,978 [ERROR] LogOutputStream:75 - [STDERR_REDIRECT] [Fatal Error] :1:1: Premature end of file.
2025-08-12 22:11:35,979 [ERROR] LogOutputStream:75 - [STDERR_REDIRECT] 
2025-08-12 22:11:36,974 [ERROR] LogOutputStream:75 - [STDERR_REDIRECT] [Fatal Error] :1:1: Premature end of file.
2025-08-12 22:11:36,974 [ERROR] LogOutputStream:75 - [STDERR_REDIRECT] 
2025-08-12 22:11:37,959 [ERROR] LogOutputStream:75 - [STDERR_REDIRECT] [Fatal Error] :1:1: Premature end of file.
2025-08-12 22:11:37,959 [ERROR] LogOutputStream:75 - [STDERR_REDIRECT] 
2025-08-12 22:11:38,982 [ERROR] LogOutputStream:75 - [STDERR_REDIRECT] [Fatal Error] :1:1: Premature end of file.
2025-08-12 22:11:38,982 [ERROR] LogOutputStream:75 - [STDERR_REDIRECT] 
2025-08-12 22:11:39,957 [ERROR] LogOutputStream:75 - [STDERR_REDIRECT] [Fatal Error] :1:1: Premature end of file.
2025-08-12 22:11:39,957 [ERROR] LogOutputStream:75 - [STDERR_REDIRECT] 
2025-08-12 22:11:40,987 [ERROR] LogOutputStream:75 - [STDERR_REDIRECT] [Fatal Error] :1:1: Premature end of file.
2025-08-12 22:11:40,987 [ERROR] LogOutputStream:75 - [STDERR_REDIRECT] 
2025-08-12 22:11:41,994 [ERROR] LogOutputStream:75 - [STDERR_REDIRECT] [Fatal Error] :1:1: Premature end of file.
2025-08-12 22:11:41,994 [ERROR] LogOutputStream:75 - [STDERR_REDIRECT] 
2025-08-12 22:11:42,973 [ERROR] LogOutputStream:75 - [STDERR_REDIRECT] [Fatal Error] :1:1: Premature end of file.
2025-08-12 22:11:42,973 [ERROR] LogOutputStream:75 - [STDERR_REDIRECT] 
2025-08-12 22:11:43,982 [ERROR] LogOutputStream:75 - [STDERR_REDIRECT] [Fatal Error] :1:1: Premature end of file.
2025-08-12 22:11:43,983 [ERROR] LogOutputStream:75 - [STDERR_REDIRECT] 
2025-08-12 22:11:44,981 [ERROR] LogOutputStream:75 - [STDERR_REDIRECT] [Fatal Error] :1:1: Premature end of file.
2025-08-12 22:11:44,981 [ERROR] LogOutputStream:75 - [STDERR_REDIRECT] 
2025-08-12 22:11:45,975 [ERROR] LogOutputStream:75 - [STDERR_REDIRECT] [Fatal Error] :1:1: Premature end of file.
2025-08-12 22:11:45,975 [ERROR] LogOutputStream:75 - [STDERR_REDIRECT] 
2025-08-12 22:11:46,985 [ERROR] LogOutputStream:75 - [STDERR_REDIRECT] [Fatal Error] :1:1: Premature end of file.
2025-08-12 22:11:46,985 [ERROR] LogOutputStream:75 - [STDERR_REDIRECT] 
2025-08-12 22:11:47,967 [ERROR] LogOutputStream:75 - [STDERR_REDIRECT] [Fatal Error] :1:1: Premature end of file.
2025-08-12 22:11:47,967 [ERROR] LogOutputStream:75 - [STDERR_REDIRECT] 
2025-08-12 22:11:48,975 [ERROR] LogOutputStream:75 - [STDERR_REDIRECT] [Fatal Error] :1:1: Premature end of file.
2025-08-12 22:11:48,975 [ERROR] LogOutputStream:75 - [STDERR_REDIRECT] 
2025-08-12 22:11:49,973 [ERROR] LogOutputStream:75 - [STDERR_REDIRECT] [Fatal Error] :1:1: Premature end of file.
2025-08-12 22:11:49,973 [ERROR] LogOutputStream:75 - [STDERR_REDIRECT] 
2025-08-12 22:11:50,983 [ERROR] LogOutputStream:75 - [STDERR_REDIRECT] [Fatal Error] :1:1: Premature end of file.
2025-08-12 22:11:50,983 [ERROR] LogOutputStream:75 - [STDERR_REDIRECT] 
2025-08-12 22:11:51,972 [ERROR] LogOutputStream:75 - [STDERR_REDIRECT] [Fatal Error] :1:1: Premature end of file.
2025-08-12 22:11:51,972 [ERROR] LogOutputStream:75 - [STDERR_REDIRECT] 
2025-08-12 22:11:52,976 [ERROR] LogOutputStream:75 - [STDERR_REDIRECT] [Fatal Error] :1:1: Premature end of file.
2025-08-12 22:11:52,976 [ERROR] LogOutputStream:75 - [STDERR_REDIRECT] 
2025-08-12 22:11:53,979 [ERROR] LogOutputStream:75 - [STDERR_REDIRECT] [Fatal Error] :1:1: Premature end of file.
2025-08-12 22:11:53,980 [ERROR] LogOutputStream:75 - [STDERR_REDIRECT] 
2025-08-12 22:11:54,967 [ERROR] LogOutputStream:75 - [STDERR_REDIRECT] [Fatal Error] :1:1: Premature end of file.
2025-08-12 22:11:54,967 [ERROR] LogOutputStream:75 - [STDERR_REDIRECT] 
2025-08-12 22:11:55,959 [ERROR] LogOutputStream:75 - [STDERR_REDIRECT] [Fatal Error] :1:1: Premature end of file.
2025-08-12 22:11:55,959 [ERROR] LogOutputStream:75 - [STDERR_REDIRECT] 
2025-08-12 22:11:56,980 [ERROR] LogOutputStream:75 - [STDERR_REDIRECT] [Fatal Error] :1:1: Premature end of file.
2025-08-12 22:11:56,981 [ERROR] LogOutputStream:75 - [STDERR_REDIRECT] 
2025-08-12 22:11:57,964 [ERROR] LogOutputStream:75 - [STDERR_REDIRECT] [Fatal Error] :1:1: Premature end of file.
2025-08-12 22:11:57,964 [ERROR] LogOutputStream:75 - [STDERR_REDIRECT] 
2025-08-12 22:11:58,974 [ERROR] LogOutputStream:75 - [STDERR_REDIRECT] [Fatal Error] :1:1: Premature end of file.
2025-08-12 22:11:58,974 [ERROR] LogOutputStream:75 - [STDERR_REDIRECT] 
2025-08-12 22:11:59,969 [ERROR] LogOutputStream:75 - [STDERR_REDIRECT] [Fatal Error] :1:1: Premature end of file.
2025-08-12 22:11:59,969 [ERROR] LogOutputStream:75 - [STDERR_REDIRECT] 
2025-08-12 22:12:00,975 [ERROR] LogOutputStream:75 - [STDERR_REDIRECT] [Fatal Error] :1:1: Premature end of file.
2025-08-12 22:12:00,975 [ERROR] LogOutputStream:75 - [STDERR_REDIRECT] 
2025-08-12 22:12:01,991 [ERROR] LogOutputStream:75 - [STDERR_REDIRECT] [Fatal Error] :1:1: Premature end of file.
2025-08-12 22:12:01,991 [ERROR] LogOutputStream:75 - [STDERR_REDIRECT] 
2025-08-12 22:12:02,979 [ERROR] LogOutputStream:75 - [STDERR_REDIRECT] [Fatal Error] :1:1: Premature end of file.
2025-08-12 22:12:02,979 [ERROR] LogOutputStream:75 - [STDERR_REDIRECT] 
2025-08-12 22:12:03,974 [ERROR] LogOutputStream:75 - [STDERR_REDIRECT] [Fatal Error] :1:1: Premature end of file.
2025-08-12 22:12:03,974 [ERROR] LogOutputStream:75 - [STDERR_REDIRECT] 
2025-08-12 22:12:04,975 [ERROR] LogOutputStream:75 - [STDERR_REDIRECT] [Fatal Error] :1:1: Premature end of file.
2025-08-12 22:12:04,975 [ERROR] LogOutputStream:75 - [STDERR_REDIRECT] 
2025-08-12 22:12:05,970 [ERROR] LogOutputStream:75 - [STDERR_REDIRECT] [Fatal Error] :1:1: Premature end of file.
2025-08-12 22:12:05,970 [ERROR] LogOutputStream:75 - [STDERR_REDIRECT] 
2025-08-12 22:12:06,983 [ERROR] LogOutputStream:75 - [STDERR_REDIRECT] [Fatal Error] :1:1: Premature end of file.
2025-08-12 22:12:06,983 [ERROR] LogOutputStream:75 - [STDERR_REDIRECT] 
2025-08-12 22:12:07,973 [ERROR] LogOutputStream:75 - [STDERR_REDIRECT] [Fatal Error] :1:1: Premature end of file.
2025-08-12 22:12:07,973 [ERROR] LogOutputStream:75 - [STDERR_REDIRECT] 
2025-08-12 22:12:08,966 [ERROR] LogOutputStream:75 - [STDERR_REDIRECT] [Fatal Error] :1:1: Premature end of file.
2025-08-12 22:12:08,966 [ERROR] LogOutputStream:75 - [STDERR_REDIRECT] 
2025-08-12 22:12:09,975 [ERROR] LogOutputStream:75 - [STDERR_REDIRECT] [Fatal Error] :1:1: Premature end of file.
2025-08-12 22:12:09,975 [ERROR] LogOutputStream:75 - [STDERR_REDIRECT] 
2025-08-12 22:12:10,972 [ERROR] LogOutputStream:75 - [STDERR_REDIRECT] [Fatal Error] :1:1: Premature end of file.
2025-08-12 22:12:10,972 [ERROR] LogOutputStream:75 - [STDERR_REDIRECT] 
2025-08-12 22:12:11,972 [ERROR] LogOutputStream:75 - [STDERR_REDIRECT] [Fatal Error] :1:1: Premature end of file.
2025-08-12 22:12:11,972 [ERROR] LogOutputStream:75 - [STDERR_REDIRECT] 
2025-08-12 22:12:12,974 [ERROR] LogOutputStream:75 - [STDERR_REDIRECT] [Fatal Error] :1:1: Premature end of file.
2025-08-12 22:12:12,974 [ERROR] LogOutputStream:75 - [STDERR_REDIRECT] 
2025-08-12 22:12:13,982 [ERROR] LogOutputStream:75 - [STDERR_REDIRECT] [Fatal Error] :1:1: Premature end of file.
2025-08-12 22:12:13,982 [ERROR] LogOutputStream:75 - [STDERR_REDIRECT] 
2025-08-12 22:12:14,967 [ERROR] LogOutputStream:75 - [STDERR_REDIRECT] [Fatal Error] :1:1: Premature end of file.
2025-08-12 22:12:14,967 [ERROR] LogOutputStream:75 - [STDERR_REDIRECT] 
2025-08-12 22:12:15,982 [ERROR] LogOutputStream:75 - [STDERR_REDIRECT] [Fatal Error] :1:1: Premature end of file.
2025-08-12 22:12:15,982 [ERROR] LogOutputStream:75 - [STDERR_REDIRECT] 
2025-08-12 22:12:16,983 [ERROR] LogOutputStream:75 - [STDERR_REDIRECT] [Fatal Error] :1:1: Premature end of file.
2025-08-12 22:12:16,983 [ERROR] LogOutputStream:75 - [STDERR_REDIRECT] 
2025-08-12 22:12:17,972 [ERROR] LogOutputStream:75 - [STDERR_REDIRECT] [Fatal Error] :1:1: Premature end of file.
2025-08-12 22:12:17,972 [ERROR] LogOutputStream:75 - [STDERR_REDIRECT] 
2025-08-12 22:12:18,973 [ERROR] LogOutputStream:75 - [STDERR_REDIRECT] [Fatal Error] :1:1: Premature end of file.
2025-08-12 22:12:18,973 [ERROR] LogOutputStream:75 - [STDERR_REDIRECT] 
2025-08-12 22:12:19,970 [ERROR] LogOutputStream:75 - [STDERR_REDIRECT] [Fatal Error] :1:1: Premature end of file.
2025-08-12 22:12:19,970 [ERROR] LogOutputStream:75 - [STDERR_REDIRECT] 
2025-08-12 22:12:20,979 [ERROR] LogOutputStream:75 - [STDERR_REDIRECT] [Fatal Error] :1:1: Premature end of file.
2025-08-12 22:12:20,979 [ERROR] LogOutputStream:75 - [STDERR_REDIRECT] 
2025-08-12 22:12:21,964 [ERROR] LogOutputStream:75 - [STDERR_REDIRECT] [Fatal Error] :1:1: Premature end of file.
2025-08-12 22:12:21,964 [ERROR] LogOutputStream:75 - [STDERR_REDIRECT] 
2025-08-12 22:12:22,981 [ERROR] LogOutputStream:75 - [STDERR_REDIRECT] [Fatal Error] :1:1: Premature end of file.
2025-08-12 22:12:22,981 [ERROR] LogOutputStream:75 - [STDERR_REDIRECT] 
2025-08-12 22:12:23,967 [ERROR] LogOutputStream:75 - [STDERR_REDIRECT] [Fatal Error] :1:1: Premature end of file.
2025-08-12 22:12:23,967 [ERROR] LogOutputStream:75 - [STDERR_REDIRECT] 
2025-08-12 22:12:24,984 [ERROR] LogOutputStream:75 - [STDERR_REDIRECT] [Fatal Error] :1:1: Premature end of file.
2025-08-12 22:12:24,984 [ERROR] LogOutputStream:75 - [STDERR_REDIRECT] 
2025-08-12 22:12:25,984 [ERROR] LogOutputStream:75 - [STDERR_REDIRECT] [Fatal Error] :1:1: Premature end of file.
2025-08-12 22:12:25,984 [ERROR] LogOutputStream:75 - [STDERR_REDIRECT] 
2025-08-12 22:12:26,955 [ERROR] LogOutputStream:75 - [STDERR_REDIRECT] [Fatal Error] :1:1: Premature end of file.
2025-08-12 22:12:26,955 [ERROR] LogOutputStream:75 - [STDERR_REDIRECT] 
2025-08-12 22:12:27,958 [ERROR] LogOutputStream:75 - [STDERR_REDIRECT] [Fatal Error] :1:1: Premature end of file.
2025-08-12 22:12:27,958 [ERROR] LogOutputStream:75 - [STDERR_REDIRECT] 
2025-08-12 22:12:28,974 [ERROR] LogOutputStream:75 - [STDERR_REDIRECT] [Fatal Error] :1:1: Premature end of file.
2025-08-12 22:12:28,974 [ERROR] LogOutputStream:75 - [STDERR_REDIRECT] 
2025-08-12 22:12:29,968 [ERROR] LogOutputStream:75 - [STDERR_REDIRECT] [Fatal Error] :1:1: Premature end of file.
2025-08-12 22:12:29,984 [ERROR] LogOutputStream:75 - [STDERR_REDIRECT] 
2025-08-12 22:12:31,173 [ERROR] LogOutputStream:75 - [STDERR_REDIRECT] [Fatal Error] :1:1: Premature end of file.
2025-08-12 22:12:31,173 [ERROR] LogOutputStream:75 - [STDERR_REDIRECT] 
2025-08-12 22:12:32,148 [ERROR] LogOutputStream:75 - [STDERR_REDIRECT] [Fatal Error] :1:1: Premature end of file.
2025-08-12 22:12:32,155 [ERROR] LogOutputStream:75 - [STDERR_REDIRECT] 
2025-08-12 22:12:32,967 [ERROR] LogOutputStream:75 - [STDERR_REDIRECT] [Fatal Error] :1:1: Premature end of file.
2025-08-12 22:12:32,967 [ERROR] LogOutputStream:75 - [STDERR_REDIRECT] 
2025-08-12 22:12:33,968 [ERROR] LogOutputStream:75 - [STDERR_REDIRECT] [Fatal Error] :1:1: Premature end of file.
2025-08-12 22:12:33,968 [ERROR] LogOutputStream:75 - [STDERR_REDIRECT] 
2025-08-12 22:12:34,962 [ERROR] LogOutputStream:75 - [STDERR_REDIRECT] [Fatal Error] :1:1: Premature end of file.
2025-08-12 22:12:34,962 [ERROR] LogOutputStream:75 - [STDERR_REDIRECT] 
2025-08-12 22:12:35,977 [ERROR] LogOutputStream:75 - [STDERR_REDIRECT] [Fatal Error] :1:1: Premature end of file.
2025-08-12 22:12:35,977 [ERROR] LogOutputStream:75 - [STDERR_REDIRECT] 
2025-08-12 22:12:36,960 [ERROR] LogOutputStream:75 - [STDERR_REDIRECT] [Fatal Error] :1:1: Premature end of file.
2025-08-12 22:12:36,960 [ERROR] LogOutputStream:75 - [STDERR_REDIRECT] 
2025-08-12 22:12:37,970 [ERROR] LogOutputStream:75 - [STDERR_REDIRECT] [Fatal Error] :1:1: Premature end of file.
2025-08-12 22:12:37,970 [ERROR] LogOutputStream:75 - [STDERR_REDIRECT] 
2025-08-12 22:12:38,984 [ERROR] LogOutputStream:75 - [STDERR_REDIRECT] [Fatal Error] :1:1: Premature end of file.
2025-08-12 22:12:38,984 [ERROR] LogOutputStream:75 - [STDERR_REDIRECT] 
2025-08-12 22:12:39,974 [ERROR] LogOutputStream:75 - [STDERR_REDIRECT] [Fatal Error] :1:1: Premature end of file.
2025-08-12 22:12:39,974 [ERROR] LogOutputStream:75 - [STDERR_REDIRECT] 
2025-08-12 22:12:40,959 [ERROR] LogOutputStream:75 - [STDERR_REDIRECT] [Fatal Error] :1:1: Premature end of file.
2025-08-12 22:12:40,959 [ERROR] LogOutputStream:75 - [STDERR_REDIRECT] 
2025-08-12 22:12:41,963 [ERROR] LogOutputStream:75 - [STDERR_REDIRECT] [Fatal Error] :1:1: Premature end of file.
2025-08-12 22:12:41,963 [ERROR] LogOutputStream:75 - [STDERR_REDIRECT] 
2025-08-12 22:12:42,973 [ERROR] LogOutputStream:75 - [STDERR_REDIRECT] [Fatal Error] :1:1: Premature end of file.
2025-08-12 22:12:42,973 [ERROR] LogOutputStream:75 - [STDERR_REDIRECT] 
2025-08-12 22:12:43,974 [ERROR] LogOutputStream:75 - [STDERR_REDIRECT] [Fatal Error] :1:1: Premature end of file.
2025-08-12 22:12:43,974 [ERROR] LogOutputStream:75 - [STDERR_REDIRECT] 
2025-08-12 22:12:44,988 [ERROR] LogOutputStream:75 - [STDERR_REDIRECT] [Fatal Error] :1:1: Premature end of file.
2025-08-12 22:12:44,988 [ERROR] LogOutputStream:75 - [STDERR_REDIRECT] 
2025-08-12 22:12:45,965 [ERROR] LogOutputStream:75 - [STDERR_REDIRECT] [Fatal Error] :1:1: Premature end of file.
2025-08-12 22:12:45,966 [ERROR] LogOutputStream:75 - [STDERR_REDIRECT] 
2025-08-12 22:12:46,983 [ERROR] LogOutputStream:75 - [STDERR_REDIRECT] [Fatal Error] :1:1: Premature end of file.
2025-08-12 22:12:46,983 [ERROR] LogOutputStream:75 - [STDERR_REDIRECT] 
2025-08-12 22:12:47,969 [ERROR] LogOutputStream:75 - [STDERR_REDIRECT] [Fatal Error] :1:1: Premature end of file.
2025-08-12 22:12:47,969 [ERROR] LogOutputStream:75 - [STDERR_REDIRECT] 
2025-08-12 22:12:48,961 [ERROR] LogOutputStream:75 - [STDERR_REDIRECT] [Fatal Error] :1:1: Premature end of file.
2025-08-12 22:12:48,961 [ERROR] LogOutputStream:75 - [STDERR_REDIRECT] 
2025-08-12 22:12:49,976 [ERROR] LogOutputStream:75 - [STDERR_REDIRECT] [Fatal Error] :1:1: Premature end of file.
2025-08-12 22:12:49,976 [ERROR] LogOutputStream:75 - [STDERR_REDIRECT] 
2025-08-12 22:12:50,960 [ERROR] LogOutputStream:75 - [STDERR_REDIRECT] [Fatal Error] :1:1: Premature end of file.
2025-08-12 22:12:50,960 [ERROR] LogOutputStream:75 - [STDERR_REDIRECT] 
2025-08-12 22:12:51,969 [ERROR] LogOutputStream:75 - [STDERR_REDIRECT] [Fatal Error] :1:1: Premature end of file.
2025-08-12 22:12:51,969 [ERROR] LogOutputStream:75 - [STDERR_REDIRECT] 
2025-08-12 22:12:52,970 [ERROR] LogOutputStream:75 - [STDERR_REDIRECT] [Fatal Error] :1:1: Premature end of file.
2025-08-12 22:12:52,970 [ERROR] LogOutputStream:75 - [STDERR_REDIRECT] 
2025-08-12 22:12:53,981 [ERROR] LogOutputStream:75 - [STDERR_REDIRECT] [Fatal Error] :1:1: Premature end of file.
2025-08-12 22:12:53,981 [ERROR] LogOutputStream:75 - [STDERR_REDIRECT] 
2025-08-12 22:12:54,975 [ERROR] LogOutputStream:75 - [STDERR_REDIRECT] [Fatal Error] :1:1: Premature end of file.
2025-08-12 22:12:54,976 [ERROR] LogOutputStream:75 - [STDERR_REDIRECT] 
2025-08-12 22:12:55,972 [ERROR] LogOutputStream:75 - [STDERR_REDIRECT] [Fatal Error] :1:1: Premature end of file.
2025-08-12 22:12:55,973 [ERROR] LogOutputStream:75 - [STDERR_REDIRECT] 
2025-08-12 22:12:56,979 [ERROR] LogOutputStream:75 - [STDERR_REDIRECT] [Fatal Error] :1:1: Premature end of file.
2025-08-12 22:12:56,979 [ERROR] LogOutputStream:75 - [STDERR_REDIRECT] 
2025-08-12 22:12:57,983 [ERROR] LogOutputStream:75 - [STDERR_REDIRECT] [Fatal Error] :1:1: Premature end of file.
2025-08-12 22:12:57,983 [ERROR] LogOutputStream:75 - [STDERR_REDIRECT] 
2025-08-12 22:12:58,973 [ERROR] LogOutputStream:75 - [STDERR_REDIRECT] [Fatal Error] :1:1: Premature end of file.
2025-08-12 22:12:58,974 [ERROR] LogOutputStream:75 - [STDERR_REDIRECT] 
2025-08-12 22:12:59,957 [ERROR] LogOutputStream:75 - [STDERR_REDIRECT] [Fatal Error] :1:1: Premature end of file.
2025-08-12 22:12:59,957 [ERROR] LogOutputStream:75 - [STDERR_REDIRECT] 
2025-08-12 22:13:00,973 [ERROR] LogOutputStream:75 - [STDERR_REDIRECT] [Fatal Error] :1:1: Premature end of file.
2025-08-12 22:13:00,973 [ERROR] LogOutputStream:75 - [STDERR_REDIRECT] 
2025-08-12 22:13:02,001 [ERROR] LogOutputStream:75 - [STDERR_REDIRECT] [Fatal Error] :1:1: Premature end of file.
2025-08-12 22:13:02,001 [ERROR] LogOutputStream:75 - [STDERR_REDIRECT] 
2025-08-12 22:13:02,959 [ERROR] LogOutputStream:75 - [STDERR_REDIRECT] [Fatal Error] :1:1: Premature end of file.
2025-08-12 22:13:02,959 [ERROR] LogOutputStream:75 - [STDERR_REDIRECT] 
2025-08-12 22:13:03,970 [ERROR] LogOutputStream:75 - [STDERR_REDIRECT] [Fatal Error] :1:1: Premature end of file.
2025-08-12 22:13:03,970 [ERROR] LogOutputStream:75 - [STDERR_REDIRECT] 
2025-08-12 22:13:04,989 [ERROR] LogOutputStream:75 - [STDERR_REDIRECT] [Fatal Error] :1:1: Premature end of file.
2025-08-12 22:13:04,989 [ERROR] LogOutputStream:75 - [STDERR_REDIRECT] 
2025-08-12 22:13:05,972 [ERROR] LogOutputStream:75 - [STDERR_REDIRECT] [Fatal Error] :1:1: Premature end of file.
2025-08-12 22:13:05,972 [ERROR] LogOutputStream:75 - [STDERR_REDIRECT] 
2025-08-12 22:13:06,975 [ERROR] LogOutputStream:75 - [STDERR_REDIRECT] [Fatal Error] :1:1: Premature end of file.
2025-08-12 22:13:06,975 [ERROR] LogOutputStream:75 - [STDERR_REDIRECT] 
2025-08-12 22:13:07,978 [ERROR] LogOutputStream:75 - [STDERR_REDIRECT] [Fatal Error] :1:1: Premature end of file.
2025-08-12 22:13:07,979 [ERROR] LogOutputStream:75 - [STDERR_REDIRECT] 
2025-08-12 22:13:08,968 [ERROR] LogOutputStream:75 - [STDERR_REDIRECT] [Fatal Error] :1:1: Premature end of file.
2025-08-12 22:13:08,968 [ERROR] LogOutputStream:75 - [STDERR_REDIRECT] 
2025-08-12 22:13:09,971 [ERROR] LogOutputStream:75 - [STDERR_REDIRECT] [Fatal Error] :1:1: Premature end of file.
2025-08-12 22:13:09,971 [ERROR] LogOutputStream:75 - [STDERR_REDIRECT] 
2025-08-12 22:13:10,975 [ERROR] LogOutputStream:75 - [STDERR_REDIRECT] [Fatal Error] :1:1: Premature end of file.
2025-08-12 22:13:10,975 [ERROR] LogOutputStream:75 - [STDERR_REDIRECT] 
2025-08-12 22:13:11,974 [ERROR] LogOutputStream:75 - [STDERR_REDIRECT] [Fatal Error] :1:1: Premature end of file.
2025-08-12 22:13:11,974 [ERROR] LogOutputStream:75 - [STDERR_REDIRECT] 
2025-08-12 22:13:12,988 [ERROR] LogOutputStream:75 - [STDERR_REDIRECT] [Fatal Error] :1:1: Premature end of file.
2025-08-12 22:13:12,988 [ERROR] LogOutputStream:75 - [STDERR_REDIRECT] 
2025-08-12 22:13:13,982 [ERROR] LogOutputStream:75 - [STDERR_REDIRECT] [Fatal Error] :1:1: Premature end of file.
2025-08-12 22:13:13,983 [ERROR] LogOutputStream:75 - [STDERR_REDIRECT] 
2025-08-12 22:13:14,987 [ERROR] LogOutputStream:75 - [STDERR_REDIRECT] [Fatal Error] :1:1: Premature end of file.
2025-08-12 22:13:14,988 [ERROR] LogOutputStream:75 - [STDERR_REDIRECT] 
2025-08-12 22:13:15,978 [ERROR] LogOutputStream:75 - [STDERR_REDIRECT] [Fatal Error] :1:1: Premature end of file.
2025-08-12 22:13:15,978 [ERROR] LogOutputStream:75 - [STDERR_REDIRECT] 
2025-08-12 22:13:16,982 [ERROR] LogOutputStream:75 - [STDERR_REDIRECT] [Fatal Error] :1:1: Premature end of file.
2025-08-12 22:13:16,982 [ERROR] LogOutputStream:75 - [STDERR_REDIRECT] 
2025-08-12 22:13:17,991 [ERROR] LogOutputStream:75 - [STDERR_REDIRECT] [Fatal Error] :1:1: Premature end of file.
2025-08-12 22:13:17,991 [ERROR] LogOutputStream:75 - [STDERR_REDIRECT] 
2025-08-12 22:13:18,989 [ERROR] LogOutputStream:75 - [STDERR_REDIRECT] [Fatal Error] :1:1: Premature end of file.
2025-08-12 22:13:18,989 [ERROR] LogOutputStream:75 - [STDERR_REDIRECT] 
2025-08-12 22:13:19,990 [ERROR] LogOutputStream:75 - [STDERR_REDIRECT] [Fatal Error] :1:1: Premature end of file.
2025-08-12 22:13:19,991 [ERROR] LogOutputStream:75 - [STDERR_REDIRECT] 
2025-08-12 22:13:20,960 [ERROR] LogOutputStream:75 - [STDERR_REDIRECT] [Fatal Error] :1:1: Premature end of file.
2025-08-12 22:13:20,960 [ERROR] LogOutputStream:75 - [STDERR_REDIRECT] 
2025-08-12 22:13:21,964 [ERROR] LogOutputStream:75 - [STDERR_REDIRECT] [Fatal Error] :1:1: Premature end of file.
2025-08-12 22:13:21,964 [ERROR] LogOutputStream:75 - [STDERR_REDIRECT] 
2025-08-12 22:13:22,971 [ERROR] LogOutputStream:75 - [STDERR_REDIRECT] [Fatal Error] :1:1: Premature end of file.
2025-08-12 22:13:22,971 [ERROR] LogOutputStream:75 - [STDERR_REDIRECT] 
2025-08-12 22:13:23,965 [ERROR] LogOutputStream:75 - [STDERR_REDIRECT] [Fatal Error] :1:1: Premature end of file.
2025-08-12 22:13:23,965 [ERROR] LogOutputStream:75 - [STDERR_REDIRECT] 
2025-08-12 22:13:24,968 [ERROR] LogOutputStream:75 - [STDERR_REDIRECT] [Fatal Error] :1:1: Premature end of file.
2025-08-12 22:13:24,968 [ERROR] LogOutputStream:75 - [STDERR_REDIRECT] 
2025-08-12 22:13:25,964 [ERROR] LogOutputStream:75 - [STDERR_REDIRECT] [Fatal Error] :1:1: Premature end of file.
2025-08-12 22:13:25,964 [ERROR] LogOutputStream:75 - [STDERR_REDIRECT] 
2025-08-12 22:13:26,972 [ERROR] LogOutputStream:75 - [STDERR_REDIRECT] [Fatal Error] :1:1: Premature end of file.
2025-08-12 22:13:26,973 [ERROR] LogOutputStream:75 - [STDERR_REDIRECT] 
2025-08-12 22:13:27,973 [ERROR] LogOutputStream:75 - [STDERR_REDIRECT] [Fatal Error] :1:1: Premature end of file.
2025-08-12 22:13:27,974 [ERROR] LogOutputStream:75 - [STDERR_REDIRECT] 
2025-08-12 22:13:28,962 [ERROR] LogOutputStream:75 - [STDERR_REDIRECT] [Fatal Error] :1:1: Premature end of file.
2025-08-12 22:13:28,962 [ERROR] LogOutputStream:75 - [STDERR_REDIRECT] 
2025-08-12 22:13:29,965 [ERROR] LogOutputStream:75 - [STDERR_REDIRECT] [Fatal Error] :1:1: Premature end of file.
2025-08-12 22:13:29,965 [ERROR] LogOutputStream:75 - [STDERR_REDIRECT] 
2025-08-12 22:13:30,977 [ERROR] LogOutputStream:75 - [STDERR_REDIRECT] [Fatal Error] :1:1: Premature end of file.
2025-08-12 22:13:30,977 [ERROR] LogOutputStream:75 - [STDERR_REDIRECT] 
2025-08-12 22:13:31,972 [ERROR] LogOutputStream:75 - [STDERR_REDIRECT] [Fatal Error] :1:1: Premature end of file.
2025-08-12 22:13:31,972 [ERROR] LogOutputStream:75 - [STDERR_REDIRECT] 
2025-08-12 22:13:32,999 [ERROR] LogOutputStream:75 - [STDERR_REDIRECT] [Fatal Error] :1:1: Premature end of file.
2025-08-12 22:13:32,999 [ERROR] LogOutputStream:75 - [STDERR_REDIRECT] 
2025-08-12 22:13:33,965 [ERROR] LogOutputStream:75 - [STDERR_REDIRECT] [Fatal Error] :1:1: Premature end of file.
2025-08-12 22:13:33,965 [ERROR] LogOutputStream:75 - [STDERR_REDIRECT] 
2025-08-12 22:13:34,954 [ERROR] LogOutputStream:75 - [STDERR_REDIRECT] [Fatal Error] :1:1: Premature end of file.
2025-08-12 22:13:34,954 [ERROR] LogOutputStream:75 - [STDERR_REDIRECT] 
2025-08-12 22:13:35,985 [ERROR] LogOutputStream:75 - [STDERR_REDIRECT] [Fatal Error] :1:1: Premature end of file.
2025-08-12 22:13:35,985 [ERROR] LogOutputStream:75 - [STDERR_REDIRECT] 
2025-08-12 22:13:36,977 [ERROR] LogOutputStream:75 - [STDERR_REDIRECT] [Fatal Error] :1:1: Premature end of file.
2025-08-12 22:13:36,977 [ERROR] LogOutputStream:75 - [STDERR_REDIRECT] 
2025-08-12 22:13:37,981 [ERROR] LogOutputStream:75 - [STDERR_REDIRECT] [Fatal Error] :1:1: Premature end of file.
2025-08-12 22:13:37,981 [ERROR] LogOutputStream:75 - [STDERR_REDIRECT] 
2025-08-12 22:13:38,964 [ERROR] LogOutputStream:75 - [STDERR_REDIRECT] [Fatal Error] :1:1: Premature end of file.
2025-08-12 22:13:38,964 [ERROR] LogOutputStream:75 - [STDERR_REDIRECT] 
2025-08-12 22:13:39,966 [ERROR] LogOutputStream:75 - [STDERR_REDIRECT] [Fatal Error] :1:1: Premature end of file.
2025-08-12 22:13:39,966 [ERROR] LogOutputStream:75 - [STDERR_REDIRECT] 
2025-08-12 22:13:40,971 [ERROR] LogOutputStream:75 - [STDERR_REDIRECT] [Fatal Error] :1:1: Premature end of file.
2025-08-12 22:13:40,971 [ERROR] LogOutputStream:75 - [STDERR_REDIRECT] 
2025-08-12 22:13:41,970 [ERROR] LogOutputStream:75 - [STDERR_REDIRECT] [Fatal Error] :1:1: Premature end of file.
2025-08-12 22:13:41,970 [ERROR] LogOutputStream:75 - [STDERR_REDIRECT] 
2025-08-12 22:13:42,959 [ERROR] LogOutputStream:75 - [STDERR_REDIRECT] [Fatal Error] :1:1: Premature end of file.
2025-08-12 22:13:42,959 [ERROR] LogOutputStream:75 - [STDERR_REDIRECT] 
2025-08-12 22:13:43,977 [ERROR] LogOutputStream:75 - [STDERR_REDIRECT] [Fatal Error] :1:1: Premature end of file.
2025-08-12 22:13:43,977 [ERROR] LogOutputStream:75 - [STDERR_REDIRECT] 
2025-08-12 22:13:44,968 [ERROR] LogOutputStream:75 - [STDERR_REDIRECT] [Fatal Error] :1:1: Premature end of file.
2025-08-12 22:13:44,968 [ERROR] LogOutputStream:75 - [STDERR_REDIRECT] 
2025-08-12 22:13:45,978 [ERROR] LogOutputStream:75 - [STDERR_REDIRECT] [Fatal Error] :1:1: Premature end of file.
2025-08-12 22:13:45,978 [ERROR] LogOutputStream:75 - [STDERR_REDIRECT] 
2025-08-12 22:13:46,955 [ERROR] LogOutputStream:75 - [STDERR_REDIRECT] [Fatal Error] :1:1: Premature end of file.
2025-08-12 22:13:46,955 [ERROR] LogOutputStream:75 - [STDERR_REDIRECT] 
2025-08-12 22:13:47,973 [ERROR] LogOutputStream:75 - [STDERR_REDIRECT] [Fatal Error] :1:1: Premature end of file.
2025-08-12 22:13:47,973 [ERROR] LogOutputStream:75 - [STDERR_REDIRECT] 
2025-08-12 22:13:48,975 [ERROR] LogOutputStream:75 - [STDERR_REDIRECT] [Fatal Error] :1:1: Premature end of file.
2025-08-12 22:13:48,975 [ERROR] LogOutputStream:75 - [STDERR_REDIRECT] 
2025-08-12 22:13:49,961 [ERROR] LogOutputStream:75 - [STDERR_REDIRECT] [Fatal Error] :1:1: Premature end of file.
2025-08-12 22:13:49,961 [ERROR] LogOutputStream:75 - [STDERR_REDIRECT] 
2025-08-12 22:13:50,977 [ERROR] LogOutputStream:75 - [STDERR_REDIRECT] [Fatal Error] :1:1: Premature end of file.
2025-08-12 22:13:50,977 [ERROR] LogOutputStream:75 - [STDERR_REDIRECT] 
2025-08-12 22:13:51,985 [ERROR] LogOutputStream:75 - [STDERR_REDIRECT] [Fatal Error] :1:1: Premature end of file.
2025-08-12 22:13:51,985 [ERROR] LogOutputStream:75 - [STDERR_REDIRECT] 
2025-08-12 22:13:52,961 [ERROR] LogOutputStream:75 - [STDERR_REDIRECT] [Fatal Error] :1:1: Premature end of file.
2025-08-12 22:13:52,961 [ERROR] LogOutputStream:75 - [STDERR_REDIRECT] 
2025-08-12 22:13:53,968 [ERROR] LogOutputStream:75 - [STDERR_REDIRECT] [Fatal Error] :1:1: Premature end of file.
2025-08-12 22:13:53,968 [ERROR] LogOutputStream:75 - [STDERR_REDIRECT] 
2025-08-12 22:13:54,985 [ERROR] LogOutputStream:75 - [STDERR_REDIRECT] [Fatal Error] :1:1: Premature end of file.
2025-08-12 22:13:54,985 [ERROR] LogOutputStream:75 - [STDERR_REDIRECT] 
2025-08-12 22:13:55,978 [ERROR] LogOutputStream:75 - [STDERR_REDIRECT] [Fatal Error] :1:1: Premature end of file.
2025-08-12 22:13:55,978 [ERROR] LogOutputStream:75 - [STDERR_REDIRECT] 
2025-08-12 22:13:56,961 [ERROR] LogOutputStream:75 - [STDERR_REDIRECT] [Fatal Error] :1:1: Premature end of file.
2025-08-12 22:13:56,961 [ERROR] LogOutputStream:75 - [STDERR_REDIRECT] 
2025-08-12 22:13:57,976 [ERROR] LogOutputStream:75 - [STDERR_REDIRECT] [Fatal Error] :1:1: Premature end of file.
2025-08-12 22:13:57,976 [ERROR] LogOutputStream:75 - [STDERR_REDIRECT] 
2025-08-12 22:13:58,968 [ERROR] LogOutputStream:75 - [STDERR_REDIRECT] [Fatal Error] :1:1: Premature end of file.
2025-08-12 22:13:58,968 [ERROR] LogOutputStream:75 - [STDERR_REDIRECT] 
2025-08-12 22:13:59,987 [ERROR] LogOutputStream:75 - [STDERR_REDIRECT] [Fatal Error] :1:1: Premature end of file.
2025-08-12 22:13:59,988 [ERROR] LogOutputStream:75 - [STDERR_REDIRECT] 
2025-08-12 22:14:00,967 [ERROR] LogOutputStream:75 - [STDERR_REDIRECT] [Fatal Error] :1:1: Premature end of file.
2025-08-12 22:14:00,967 [ERROR] LogOutputStream:75 - [STDERR_REDIRECT] 
2025-08-12 22:14:01,972 [ERROR] LogOutputStream:75 - [STDERR_REDIRECT] [Fatal Error] :1:1: Premature end of file.
2025-08-12 22:14:01,972 [ERROR] LogOutputStream:75 - [STDERR_REDIRECT] 
2025-08-12 22:14:02,976 [ERROR] LogOutputStream:75 - [STDERR_REDIRECT] [Fatal Error] :1:1: Premature end of file.
2025-08-12 22:14:02,976 [ERROR] LogOutputStream:75 - [STDERR_REDIRECT] 
2025-08-12 22:14:03,964 [ERROR] LogOutputStream:75 - [STDERR_REDIRECT] [Fatal Error] :1:1: Premature end of file.
2025-08-12 22:14:03,964 [ERROR] LogOutputStream:75 - [STDERR_REDIRECT] 
2025-08-12 22:14:04,974 [ERROR] LogOutputStream:75 - [STDERR_REDIRECT] [Fatal Error] :1:1: Premature end of file.
2025-08-12 22:14:04,974 [ERROR] LogOutputStream:75 - [STDERR_REDIRECT] 
2025-08-12 22:14:05,964 [ERROR] LogOutputStream:75 - [STDERR_REDIRECT] [Fatal Error] :1:1: Premature end of file.
2025-08-12 22:14:05,964 [ERROR] LogOutputStream:75 - [STDERR_REDIRECT] 
2025-08-12 22:14:06,971 [ERROR] LogOutputStream:75 - [STDERR_REDIRECT] [Fatal Error] :1:1: Premature end of file.
2025-08-12 22:14:06,971 [ERROR] LogOutputStream:75 - [STDERR_REDIRECT] 
2025-08-12 22:14:07,968 [ERROR] LogOutputStream:75 - [STDERR_REDIRECT] [Fatal Error] :1:1: Premature end of file.
2025-08-12 22:14:07,968 [ERROR] LogOutputStream:75 - [STDERR_REDIRECT] 
2025-08-12 22:14:08,976 [ERROR] LogOutputStream:75 - [STDERR_REDIRECT] [Fatal Error] :1:1: Premature end of file.
2025-08-12 22:14:08,976 [ERROR] LogOutputStream:75 - [STDERR_REDIRECT] 
2025-08-12 22:14:09,959 [ERROR] LogOutputStream:75 - [STDERR_REDIRECT] [Fatal Error] :1:1: Premature end of file.
2025-08-12 22:14:09,959 [ERROR] LogOutputStream:75 - [STDERR_REDIRECT] 
2025-08-12 22:14:10,975 [ERROR] LogOutputStream:75 - [STDERR_REDIRECT] [Fatal Error] :1:1: Premature end of file.
2025-08-12 22:14:10,975 [ERROR] LogOutputStream:75 - [STDERR_REDIRECT] 
2025-08-12 22:14:11,972 [ERROR] LogOutputStream:75 - [STDERR_REDIRECT] [Fatal Error] :1:1: Premature end of file.
2025-08-12 22:14:11,972 [ERROR] LogOutputStream:75 - [STDERR_REDIRECT] 
2025-08-12 22:14:12,976 [ERROR] LogOutputStream:75 - [STDERR_REDIRECT] [Fatal Error] :1:1: Premature end of file.
2025-08-12 22:14:12,976 [ERROR] LogOutputStream:75 - [STDERR_REDIRECT] 
2025-08-12 22:14:13,959 [ERROR] LogOutputStream:75 - [STDERR_REDIRECT] [Fatal Error] :1:1: Premature end of file.
2025-08-12 22:14:13,959 [ERROR] LogOutputStream:75 - [STDERR_REDIRECT] 
2025-08-12 22:14:14,984 [ERROR] LogOutputStream:75 - [STDERR_REDIRECT] [Fatal Error] :1:1: Premature end of file.
2025-08-12 22:14:14,984 [ERROR] LogOutputStream:75 - [STDERR_REDIRECT] 
2025-08-12 22:14:15,962 [ERROR] LogOutputStream:75 - [STDERR_REDIRECT] [Fatal Error] :1:1: Premature end of file.
2025-08-12 22:14:15,962 [ERROR] LogOutputStream:75 - [STDERR_REDIRECT] 
2025-08-12 22:14:16,962 [ERROR] LogOutputStream:75 - [STDERR_REDIRECT] [Fatal Error] :1:1: Premature end of file.
2025-08-12 22:14:16,975 [ERROR] LogOutputStream:75 - [STDERR_REDIRECT] 
2025-08-12 22:14:17,979 [ERROR] LogOutputStream:75 - [STDERR_REDIRECT] [Fatal Error] :1:1: Premature end of file.
2025-08-12 22:14:17,979 [ERROR] LogOutputStream:75 - [STDERR_REDIRECT] 
2025-08-12 22:14:18,978 [ERROR] LogOutputStream:75 - [STDERR_REDIRECT] [Fatal Error] :1:1: Premature end of file.
2025-08-12 22:14:18,978 [ERROR] LogOutputStream:75 - [STDERR_REDIRECT] 
2025-08-12 22:14:19,981 [ERROR] LogOutputStream:75 - [STDERR_REDIRECT] [Fatal Error] :1:1: Premature end of file.
2025-08-12 22:14:19,981 [ERROR] LogOutputStream:75 - [STDERR_REDIRECT] 
2025-08-12 22:14:20,969 [ERROR] LogOutputStream:75 - [STDERR_REDIRECT] [Fatal Error] :1:1: Premature end of file.
2025-08-12 22:14:20,969 [ERROR] LogOutputStream:75 - [STDERR_REDIRECT] 
2025-08-12 22:14:21,973 [ERROR] LogOutputStream:75 - [STDERR_REDIRECT] [Fatal Error] :1:1: Premature end of file.
2025-08-12 22:14:21,973 [ERROR] LogOutputStream:75 - [STDERR_REDIRECT] 
2025-08-12 22:14:22,971 [ERROR] LogOutputStream:75 - [STDERR_REDIRECT] [Fatal Error] :1:1: Premature end of file.
2025-08-12 22:14:22,971 [ERROR] LogOutputStream:75 - [STDERR_REDIRECT] 
2025-08-12 22:14:23,983 [ERROR] LogOutputStream:75 - [STDERR_REDIRECT] [Fatal Error] :1:1: Premature end of file.
2025-08-12 22:14:23,983 [ERROR] LogOutputStream:75 - [STDERR_REDIRECT] 
2025-08-12 22:14:24,956 [ERROR] LogOutputStream:75 - [STDERR_REDIRECT] [Fatal Error] :1:1: Premature end of file.
2025-08-12 22:14:24,956 [ERROR] LogOutputStream:75 - [STDERR_REDIRECT] 
2025-08-12 22:14:25,980 [ERROR] LogOutputStream:75 - [STDERR_REDIRECT] [Fatal Error] :1:1: Premature end of file.
2025-08-12 22:14:25,980 [ERROR] LogOutputStream:75 - [STDERR_REDIRECT] 
2025-08-12 22:14:26,979 [ERROR] LogOutputStream:75 - [STDERR_REDIRECT] [Fatal Error] :1:1: Premature end of file.
2025-08-12 22:14:26,979 [ERROR] LogOutputStream:75 - [STDERR_REDIRECT] 
2025-08-12 22:14:27,967 [ERROR] LogOutputStream:75 - [STDERR_REDIRECT] [Fatal Error] :1:1: Premature end of file.
2025-08-12 22:14:27,968 [ERROR] LogOutputStream:75 - [STDERR_REDIRECT] 
2025-08-12 22:14:28,978 [ERROR] LogOutputStream:75 - [STDERR_REDIRECT] [Fatal Error] :1:1: Premature end of file.
2025-08-12 22:14:28,978 [ERROR] LogOutputStream:75 - [STDERR_REDIRECT] 
2025-08-12 22:14:29,981 [ERROR] LogOutputStream:75 - [STDERR_REDIRECT] [Fatal Error] :1:1: Premature end of file.
2025-08-12 22:14:29,982 [ERROR] LogOutputStream:75 - [STDERR_REDIRECT] 
2025-08-12 22:14:30,972 [ERROR] LogOutputStream:75 - [STDERR_REDIRECT] [Fatal Error] :1:1: Premature end of file.
2025-08-12 22:14:30,972 [ERROR] LogOutputStream:75 - [STDERR_REDIRECT] 
2025-08-12 22:14:31,981 [ERROR] LogOutputStream:75 - [STDERR_REDIRECT] [Fatal Error] :1:1: Premature end of file.
2025-08-12 22:14:31,981 [ERROR] LogOutputStream:75 - [STDERR_REDIRECT] 
2025-08-12 22:14:32,974 [ERROR] LogOutputStream:75 - [STDERR_REDIRECT] [Fatal Error] :1:1: Premature end of file.
2025-08-12 22:14:32,975 [ERROR] LogOutputStream:75 - [STDERR_REDIRECT] 
2025-08-12 22:14:33,980 [ERROR] LogOutputStream:75 - [STDERR_REDIRECT] [Fatal Error] :1:1: Premature end of file.
2025-08-12 22:14:33,980 [ERROR] LogOutputStream:75 - [STDERR_REDIRECT] 
2025-08-12 22:14:34,973 [ERROR] LogOutputStream:75 - [STDERR_REDIRECT] [Fatal Error] :1:1: Premature end of file.
2025-08-12 22:14:34,973 [ERROR] LogOutputStream:75 - [STDERR_REDIRECT] 
2025-08-12 22:14:35,976 [ERROR] LogOutputStream:75 - [STDERR_REDIRECT] [Fatal Error] :1:1: Premature end of file.
2025-08-12 22:14:35,976 [ERROR] LogOutputStream:75 - [STDERR_REDIRECT] 
2025-08-12 22:14:36,964 [ERROR] LogOutputStream:75 - [STDERR_REDIRECT] [Fatal Error] :1:1: Premature end of file.
2025-08-12 22:14:36,964 [ERROR] LogOutputStream:75 - [STDERR_REDIRECT] 
2025-08-12 22:14:37,983 [ERROR] LogOutputStream:75 - [STDERR_REDIRECT] [Fatal Error] :1:1: Premature end of file.
2025-08-12 22:14:37,983 [ERROR] LogOutputStream:75 - [STDERR_REDIRECT] 
2025-08-12 22:14:38,979 [ERROR] LogOutputStream:75 - [STDERR_REDIRECT] [Fatal Error] :1:1: Premature end of file.
2025-08-12 22:14:38,979 [ERROR] LogOutputStream:75 - [STDERR_REDIRECT] 
2025-08-12 22:14:39,975 [ERROR] LogOutputStream:75 - [STDERR_REDIRECT] [Fatal Error] :1:1: Premature end of file.
2025-08-12 22:14:39,975 [ERROR] LogOutputStream:75 - [STDERR_REDIRECT] 
2025-08-12 22:14:40,985 [ERROR] LogOutputStream:75 - [STDERR_REDIRECT] [Fatal Error] :1:1: Premature end of file.
2025-08-12 22:14:40,985 [ERROR] LogOutputStream:75 - [STDERR_REDIRECT] 
2025-08-12 22:14:41,976 [ERROR] LogOutputStream:75 - [STDERR_REDIRECT] [Fatal Error] :1:1: Premature end of file.
2025-08-12 22:14:41,976 [ERROR] LogOutputStream:75 - [STDERR_REDIRECT] 
2025-08-12 22:14:42,963 [ERROR] LogOutputStream:75 - [STDERR_REDIRECT] [Fatal Error] :1:1: Premature end of file.
2025-08-12 22:14:42,963 [ERROR] LogOutputStream:75 - [STDERR_REDIRECT] 
2025-08-12 22:14:43,972 [ERROR] LogOutputStream:75 - [STDERR_REDIRECT] [Fatal Error] :1:1: Premature end of file.
2025-08-12 22:14:43,972 [ERROR] LogOutputStream:75 - [STDERR_REDIRECT] 
2025-08-12 22:14:44,964 [ERROR] LogOutputStream:75 - [STDERR_REDIRECT] [Fatal Error] :1:1: Premature end of file.
2025-08-12 22:14:44,964 [ERROR] LogOutputStream:75 - [STDERR_REDIRECT] 
2025-08-12 22:14:45,981 [ERROR] LogOutputStream:75 - [STDERR_REDIRECT] [Fatal Error] :1:1: Premature end of file.
2025-08-12 22:14:45,981 [ERROR] LogOutputStream:75 - [STDERR_REDIRECT] 
2025-08-12 22:14:46,956 [ERROR] LogOutputStream:75 - [STDERR_REDIRECT] [Fatal Error] :1:1: Premature end of file.
2025-08-12 22:14:46,956 [ERROR] LogOutputStream:75 - [STDERR_REDIRECT] 
2025-08-12 22:14:47,957 [ERROR] LogOutputStream:75 - [STDERR_REDIRECT] [Fatal Error] :1:1: Premature end of file.
2025-08-12 22:14:47,957 [ERROR] LogOutputStream:75 - [STDERR_REDIRECT] 
2025-08-12 22:14:48,976 [ERROR] LogOutputStream:75 - [STDERR_REDIRECT] [Fatal Error] :1:1: Premature end of file.
2025-08-12 22:14:48,976 [ERROR] LogOutputStream:75 - [STDERR_REDIRECT] 
2025-08-12 22:14:49,989 [ERROR] LogOutputStream:75 - [STDERR_REDIRECT] [Fatal Error] :1:1: Premature end of file.
2025-08-12 22:14:49,989 [ERROR] LogOutputStream:75 - [STDERR_REDIRECT] 
2025-08-12 22:14:50,969 [ERROR] LogOutputStream:75 - [STDERR_REDIRECT] [Fatal Error] :1:1: Premature end of file.
2025-08-12 22:14:50,969 [ERROR] LogOutputStream:75 - [STDERR_REDIRECT] 
2025-08-12 22:14:51,984 [ERROR] LogOutputStream:75 - [STDERR_REDIRECT] [Fatal Error] :1:1: Premature end of file.
2025-08-12 22:14:51,984 [ERROR] LogOutputStream:75 - [STDERR_REDIRECT] 
2025-08-12 22:14:52,974 [ERROR] LogOutputStream:75 - [STDERR_REDIRECT] [Fatal Error] :1:1: Premature end of file.
2025-08-12 22:14:52,974 [ERROR] LogOutputStream:75 - [STDERR_REDIRECT] 
2025-08-12 22:14:53,969 [ERROR] LogOutputStream:75 - [STDERR_REDIRECT] [Fatal Error] :1:1: Premature end of file.
2025-08-12 22:14:53,969 [ERROR] LogOutputStream:75 - [STDERR_REDIRECT] 
2025-08-12 22:14:54,971 [ERROR] LogOutputStream:75 - [STDERR_REDIRECT] [Fatal Error] :1:1: Premature end of file.
2025-08-12 22:14:54,971 [ERROR] LogOutputStream:75 - [STDERR_REDIRECT] 
2025-08-12 22:14:55,980 [ERROR] LogOutputStream:75 - [STDERR_REDIRECT] [Fatal Error] :1:1: Premature end of file.
2025-08-12 22:14:55,980 [ERROR] LogOutputStream:75 - [STDERR_REDIRECT] 
2025-08-12 22:14:56,971 [ERROR] LogOutputStream:75 - [STDERR_REDIRECT] [Fatal Error] :1:1: Premature end of file.
2025-08-12 22:14:56,971 [ERROR] LogOutputStream:75 - [STDERR_REDIRECT] 
2025-08-12 22:14:57,970 [ERROR] LogOutputStream:75 - [STDERR_REDIRECT] [Fatal Error] :1:1: Premature end of file.
2025-08-12 22:14:57,970 [ERROR] LogOutputStream:75 - [STDERR_REDIRECT] 
2025-08-12 22:14:58,979 [ERROR] LogOutputStream:75 - [STDERR_REDIRECT] [Fatal Error] :1:1: Premature end of file.
2025-08-12 22:14:58,979 [ERROR] LogOutputStream:75 - [STDERR_REDIRECT] 
2025-08-12 22:14:59,974 [ERROR] LogOutputStream:75 - [STDERR_REDIRECT] [Fatal Error] :1:1: Premature end of file.
2025-08-12 22:14:59,974 [ERROR] LogOutputStream:75 - [STDERR_REDIRECT] 
2025-08-12 22:15:00,968 [ERROR] LogOutputStream:75 - [STDERR_REDIRECT] [Fatal Error] :1:1: Premature end of file.
2025-08-12 22:15:00,968 [ERROR] LogOutputStream:75 - [STDERR_REDIRECT] 
2025-08-12 22:15:01,970 [ERROR] LogOutputStream:75 - [STDERR_REDIRECT] [Fatal Error] :1:1: Premature end of file.
2025-08-12 22:15:01,970 [ERROR] LogOutputStream:75 - [STDERR_REDIRECT] 
2025-08-12 22:15:02,975 [ERROR] LogOutputStream:75 - [STDERR_REDIRECT] [Fatal Error] :1:1: Premature end of file.
2025-08-12 22:15:02,975 [ERROR] LogOutputStream:75 - [STDERR_REDIRECT] 
2025-08-12 22:15:03,985 [ERROR] LogOutputStream:75 - [STDERR_REDIRECT] [Fatal Error] :1:1: Premature end of file.
2025-08-12 22:15:03,985 [ERROR] LogOutputStream:75 - [STDERR_REDIRECT] 
2025-08-12 22:15:04,984 [ERROR] LogOutputStream:75 - [STDERR_REDIRECT] [Fatal Error] :1:1: Premature end of file.
2025-08-12 22:15:04,984 [ERROR] LogOutputStream:75 - [STDERR_REDIRECT] 
2025-08-12 22:15:05,971 [ERROR] LogOutputStream:75 - [STDERR_REDIRECT] [Fatal Error] :1:1: Premature end of file.
2025-08-12 22:15:05,971 [ERROR] LogOutputStream:75 - [STDERR_REDIRECT] 
2025-08-12 22:15:06,967 [ERROR] LogOutputStream:75 - [STDERR_REDIRECT] [Fatal Error] :1:1: Premature end of file.
2025-08-12 22:15:06,967 [ERROR] LogOutputStream:75 - [STDERR_REDIRECT] 
2025-08-12 22:15:07,989 [ERROR] LogOutputStream:75 - [STDERR_REDIRECT] [Fatal Error] :1:1: Premature end of file.
2025-08-12 22:15:07,989 [ERROR] LogOutputStream:75 - [STDERR_REDIRECT] 
2025-08-12 22:15:08,983 [ERROR] LogOutputStream:75 - [STDERR_REDIRECT] [Fatal Error] :1:1: Premature end of file.
2025-08-12 22:15:08,983 [ERROR] LogOutputStream:75 - [STDERR_REDIRECT] 
2025-08-12 22:15:09,966 [ERROR] LogOutputStream:75 - [STDERR_REDIRECT] [Fatal Error] :1:1: Premature end of file.
2025-08-12 22:15:09,966 [ERROR] LogOutputStream:75 - [STDERR_REDIRECT] 
2025-08-12 22:15:10,985 [ERROR] LogOutputStream:75 - [STDERR_REDIRECT] [Fatal Error] :1:1: Premature end of file.
2025-08-12 22:15:10,985 [ERROR] LogOutputStream:75 - [STDERR_REDIRECT] 
2025-08-12 22:15:11,974 [ERROR] LogOutputStream:75 - [STDERR_REDIRECT] [Fatal Error] :1:1: Premature end of file.
2025-08-12 22:15:11,974 [ERROR] LogOutputStream:75 - [STDERR_REDIRECT] 
2025-08-12 22:15:12,976 [ERROR] LogOutputStream:75 - [STDERR_REDIRECT] [Fatal Error] :1:1: Premature end of file.
2025-08-12 22:15:12,976 [ERROR] LogOutputStream:75 - [STDERR_REDIRECT] 
2025-08-12 22:15:13,959 [ERROR] LogOutputStream:75 - [STDERR_REDIRECT] [Fatal Error] :1:1: Premature end of file.
2025-08-12 22:15:13,959 [ERROR] LogOutputStream:75 - [STDERR_REDIRECT] 
2025-08-12 22:15:14,957 [ERROR] LogOutputStream:75 - [STDERR_REDIRECT] [Fatal Error] :1:1: Premature end of file.
2025-08-12 22:15:14,957 [ERROR] LogOutputStream:75 - [STDERR_REDIRECT] 
2025-08-12 22:15:15,972 [ERROR] LogOutputStream:75 - [STDERR_REDIRECT] [Fatal Error] :1:1: Premature end of file.
2025-08-12 22:15:15,972 [ERROR] LogOutputStream:75 - [STDERR_REDIRECT] 
2025-08-12 22:15:16,976 [ERROR] LogOutputStream:75 - [STDERR_REDIRECT] [Fatal Error] :1:1: Premature end of file.
2025-08-12 22:15:16,976 [ERROR] LogOutputStream:75 - [STDERR_REDIRECT] 
2025-08-12 22:15:17,980 [ERROR] LogOutputStream:75 - [STDERR_REDIRECT] [Fatal Error] :1:1: Premature end of file.
2025-08-12 22:15:17,985 [ERROR] LogOutputStream:75 - [STDERR_REDIRECT] 
2025-08-12 22:15:18,979 [ERROR] LogOutputStream:75 - [STDERR_REDIRECT] [Fatal Error] :1:1: Premature end of file.
2025-08-12 22:15:18,979 [ERROR] LogOutputStream:75 - [STDERR_REDIRECT] 
2025-08-12 22:15:19,978 [ERROR] LogOutputStream:75 - [STDERR_REDIRECT] [Fatal Error] :1:1: Premature end of file.
2025-08-12 22:15:19,978 [ERROR] LogOutputStream:75 - [STDERR_REDIRECT] 
2025-08-12 22:15:20,962 [ERROR] LogOutputStream:75 - [STDERR_REDIRECT] [Fatal Error] :1:1: Premature end of file.
2025-08-12 22:15:20,962 [ERROR] LogOutputStream:75 - [STDERR_REDIRECT] 
2025-08-12 22:15:21,969 [ERROR] LogOutputStream:75 - [STDERR_REDIRECT] [Fatal Error] :1:1: Premature end of file.
2025-08-12 22:15:21,969 [ERROR] LogOutputStream:75 - [STDERR_REDIRECT] 
2025-08-12 22:15:22,977 [ERROR] LogOutputStream:75 - [STDERR_REDIRECT] [Fatal Error] :1:1: Premature end of file.
2025-08-12 22:15:22,977 [ERROR] LogOutputStream:75 - [STDERR_REDIRECT] 
2025-08-12 22:15:23,974 [ERROR] LogOutputStream:75 - [STDERR_REDIRECT] [Fatal Error] :1:1: Premature end of file.
2025-08-12 22:15:23,974 [ERROR] LogOutputStream:75 - [STDERR_REDIRECT] 
2025-08-12 22:15:24,976 [ERROR] LogOutputStream:75 - [STDERR_REDIRECT] [Fatal Error] :1:1: Premature end of file.
2025-08-12 22:15:24,976 [ERROR] LogOutputStream:75 - [STDERR_REDIRECT] 
2025-08-12 22:15:25,963 [ERROR] LogOutputStream:75 - [STDERR_REDIRECT] [Fatal Error] :1:1: Premature end of file.
2025-08-12 22:15:25,963 [ERROR] LogOutputStream:75 - [STDERR_REDIRECT] 
2025-08-12 22:15:26,963 [ERROR] LogOutputStream:75 - [STDERR_REDIRECT] [Fatal Error] :1:1: Premature end of file.
2025-08-12 22:15:26,963 [ERROR] LogOutputStream:75 - [STDERR_REDIRECT] 
2025-08-12 22:15:27,974 [ERROR] LogOutputStream:75 - [STDERR_REDIRECT] [Fatal Error] :1:1: Premature end of file.
2025-08-12 22:15:27,975 [ERROR] LogOutputStream:75 - [STDERR_REDIRECT] 
2025-08-12 22:15:28,972 [ERROR] LogOutputStream:75 - [STDERR_REDIRECT] [Fatal Error] :1:1: Premature end of file.
2025-08-12 22:15:28,972 [ERROR] LogOutputStream:75 - [STDERR_REDIRECT] 
2025-08-12 22:15:29,979 [ERROR] LogOutputStream:75 - [STDERR_REDIRECT] [Fatal Error] :1:1: Premature end of file.
2025-08-12 22:15:29,979 [ERROR] LogOutputStream:75 - [STDERR_REDIRECT] 
2025-08-12 22:15:30,976 [ERROR] LogOutputStream:75 - [STDERR_REDIRECT] [Fatal Error] :1:1: Premature end of file.
2025-08-12 22:15:30,976 [ERROR] LogOutputStream:75 - [STDERR_REDIRECT] 
2025-08-12 22:15:31,970 [ERROR] LogOutputStream:75 - [STDERR_REDIRECT] [Fatal Error] :1:1: Premature end of file.
2025-08-12 22:15:31,970 [ERROR] LogOutputStream:75 - [STDERR_REDIRECT] 
2025-08-12 22:15:32,968 [ERROR] LogOutputStream:75 - [STDERR_REDIRECT] [Fatal Error] :1:1: Premature end of file.
2025-08-12 22:15:32,968 [ERROR] LogOutputStream:75 - [STDERR_REDIRECT] 
2025-08-12 22:15:33,984 [ERROR] LogOutputStream:75 - [STDERR_REDIRECT] [Fatal Error] :1:1: Premature end of file.
2025-08-12 22:15:33,984 [ERROR] LogOutputStream:75 - [STDERR_REDIRECT] 
2025-08-12 22:15:34,960 [ERROR] LogOutputStream:75 - [STDERR_REDIRECT] [Fatal Error] :1:1: Premature end of file.
2025-08-12 22:15:34,961 [ERROR] LogOutputStream:75 - [STDERR_REDIRECT] 
2025-08-12 22:15:35,970 [ERROR] LogOutputStream:75 - [STDERR_REDIRECT] [Fatal Error] :1:1: Premature end of file.
2025-08-12 22:15:35,970 [ERROR] LogOutputStream:75 - [STDERR_REDIRECT] 
2025-08-12 22:15:36,973 [ERROR] LogOutputStream:75 - [STDERR_REDIRECT] [Fatal Error] :1:1: Premature end of file.
2025-08-12 22:15:36,973 [ERROR] LogOutputStream:75 - [STDERR_REDIRECT] 
2025-08-12 22:15:37,976 [ERROR] LogOutputStream:75 - [STDERR_REDIRECT] [Fatal Error] :1:1: Premature end of file.
2025-08-12 22:15:37,978 [ERROR] LogOutputStream:75 - [STDERR_REDIRECT] 
2025-08-12 22:15:38,965 [ERROR] LogOutputStream:75 - [STDERR_REDIRECT] [Fatal Error] :1:1: Premature end of file.
2025-08-12 22:15:38,965 [ERROR] LogOutputStream:75 - [STDERR_REDIRECT] 
2025-08-12 22:15:39,975 [ERROR] LogOutputStream:75 - [STDERR_REDIRECT] [Fatal Error] :1:1: Premature end of file.
2025-08-12 22:15:39,975 [ERROR] LogOutputStream:75 - [STDERR_REDIRECT] 
2025-08-12 22:15:40,979 [ERROR] LogOutputStream:75 - [STDERR_REDIRECT] [Fatal Error] :1:1: Premature end of file.
2025-08-12 22:15:40,979 [ERROR] LogOutputStream:75 - [STDERR_REDIRECT] 
2025-08-12 22:15:41,963 [ERROR] LogOutputStream:75 - [STDERR_REDIRECT] [Fatal Error] :1:1: Premature end of file.
2025-08-12 22:15:41,964 [ERROR] LogOutputStream:75 - [STDERR_REDIRECT] 
2025-08-12 22:15:42,962 [ERROR] LogOutputStream:75 - [STDERR_REDIRECT] [Fatal Error] :1:1: Premature end of file.
2025-08-12 22:15:42,962 [ERROR] LogOutputStream:75 - [STDERR_REDIRECT] 
2025-08-12 22:15:43,974 [ERROR] LogOutputStream:75 - [STDERR_REDIRECT] [Fatal Error] :1:1: Premature end of file.
2025-08-12 22:15:43,974 [ERROR] LogOutputStream:75 - [STDERR_REDIRECT] 
2025-08-12 22:15:44,967 [ERROR] LogOutputStream:75 - [STDERR_REDIRECT] [Fatal Error] :1:1: Premature end of file.
2025-08-12 22:15:44,967 [ERROR] LogOutputStream:75 - [STDERR_REDIRECT] 
2025-08-12 22:15:45,970 [ERROR] LogOutputStream:75 - [STDERR_REDIRECT] [Fatal Error] :1:1: Premature end of file.
2025-08-12 22:15:45,970 [ERROR] LogOutputStream:75 - [STDERR_REDIRECT] 
2025-08-12 22:15:46,982 [ERROR] LogOutputStream:75 - [STDERR_REDIRECT] [Fatal Error] :1:1: Premature end of file.
2025-08-12 22:15:46,982 [ERROR] LogOutputStream:75 - [STDERR_REDIRECT] 
2025-08-12 22:15:47,973 [ERROR] LogOutputStream:75 - [STDERR_REDIRECT] [Fatal Error] :1:1: Premature end of file.
2025-08-12 22:15:47,973 [ERROR] LogOutputStream:75 - [STDERR_REDIRECT] 
2025-08-12 22:15:48,975 [ERROR] LogOutputStream:75 - [STDERR_REDIRECT] [Fatal Error] :1:1: Premature end of file.
2025-08-12 22:15:48,975 [ERROR] LogOutputStream:75 - [STDERR_REDIRECT] 
2025-08-12 22:15:49,962 [ERROR] LogOutputStream:75 - [STDERR_REDIRECT] [Fatal Error] :1:1: Premature end of file.
2025-08-12 22:15:49,962 [ERROR] LogOutputStream:75 - [STDERR_REDIRECT] 
2025-08-12 22:15:50,979 [ERROR] LogOutputStream:75 - [STDERR_REDIRECT] [Fatal Error] :1:1: Premature end of file.
2025-08-12 22:15:50,979 [ERROR] LogOutputStream:75 - [STDERR_REDIRECT] 
2025-08-12 22:15:51,973 [ERROR] LogOutputStream:75 - [STDERR_REDIRECT] [Fatal Error] :1:1: Premature end of file.
2025-08-12 22:15:51,973 [ERROR] LogOutputStream:75 - [STDERR_REDIRECT] 
2025-08-12 22:15:52,955 [ERROR] LogOutputStream:75 - [STDERR_REDIRECT] [Fatal Error] :1:1: Premature end of file.
2025-08-12 22:15:52,955 [ERROR] LogOutputStream:75 - [STDERR_REDIRECT] 
2025-08-12 22:15:53,974 [ERROR] LogOutputStream:75 - [STDERR_REDIRECT] [Fatal Error] :1:1: Premature end of file.
2025-08-12 22:15:53,974 [ERROR] LogOutputStream:75 - [STDERR_REDIRECT] 
2025-08-12 22:15:54,960 [ERROR] LogOutputStream:75 - [STDERR_REDIRECT] [Fatal Error] :1:1: Premature end of file.
2025-08-12 22:15:54,976 [ERROR] LogOutputStream:75 - [STDERR_REDIRECT] 
2025-08-12 22:15:55,960 [ERROR] LogOutputStream:75 - [STDERR_REDIRECT] [Fatal Error] :1:1: Premature end of file.
2025-08-12 22:15:55,960 [ERROR] LogOutputStream:75 - [STDERR_REDIRECT] 
2025-08-12 22:15:56,961 [ERROR] LogOutputStream:75 - [STDERR_REDIRECT] [Fatal Error] :1:1: Premature end of file.
2025-08-12 22:15:56,961 [ERROR] LogOutputStream:75 - [STDERR_REDIRECT] 
2025-08-12 22:15:57,968 [ERROR] LogOutputStream:75 - [STDERR_REDIRECT] [Fatal Error] :1:1: Premature end of file.
2025-08-12 22:15:57,968 [ERROR] LogOutputStream:75 - [STDERR_REDIRECT] 
2025-08-12 22:15:58,977 [ERROR] LogOutputStream:75 - [STDERR_REDIRECT] [Fatal Error] :1:1: Premature end of file.
2025-08-12 22:15:58,978 [ERROR] LogOutputStream:75 - [STDERR_REDIRECT] 
2025-08-12 22:15:59,956 [ERROR] LogOutputStream:75 - [STDERR_REDIRECT] [Fatal Error] :1:1: Premature end of file.
2025-08-12 22:15:59,956 [ERROR] LogOutputStream:75 - [STDERR_REDIRECT] 
2025-08-12 22:16:00,973 [ERROR] LogOutputStream:75 - [STDERR_REDIRECT] [Fatal Error] :1:1: Premature end of file.
2025-08-12 22:16:00,973 [ERROR] LogOutputStream:75 - [STDERR_REDIRECT] 
2025-08-12 22:16:01,977 [ERROR] LogOutputStream:75 - [STDERR_REDIRECT] [Fatal Error] :1:1: Premature end of file.
2025-08-12 22:16:01,977 [ERROR] LogOutputStream:75 - [STDERR_REDIRECT] 
2025-08-12 22:16:02,955 [ERROR] LogOutputStream:75 - [STDERR_REDIRECT] [Fatal Error] :1:1: Premature end of file.
2025-08-12 22:16:02,955 [ERROR] LogOutputStream:75 - [STDERR_REDIRECT] 
2025-08-12 22:16:03,958 [ERROR] LogOutputStream:75 - [STDERR_REDIRECT] [Fatal Error] :1:1: Premature end of file.
2025-08-12 22:16:03,958 [ERROR] LogOutputStream:75 - [STDERR_REDIRECT] 
2025-08-12 22:16:04,983 [ERROR] LogOutputStream:75 - [STDERR_REDIRECT] [Fatal Error] :1:1: Premature end of file.
2025-08-12 22:16:04,983 [ERROR] LogOutputStream:75 - [STDERR_REDIRECT] 
2025-08-12 22:16:05,970 [ERROR] LogOutputStream:75 - [STDERR_REDIRECT] [Fatal Error] :1:1: Premature end of file.
2025-08-12 22:16:05,970 [ERROR] LogOutputStream:75 - [STDERR_REDIRECT] 
2025-08-12 22:16:06,983 [ERROR] LogOutputStream:75 - [STDERR_REDIRECT] [Fatal Error] :1:1: Premature end of file.
2025-08-12 22:16:06,983 [ERROR] LogOutputStream:75 - [STDERR_REDIRECT] 
2025-08-12 22:16:07,976 [ERROR] LogOutputStream:75 - [STDERR_REDIRECT] [Fatal Error] :1:1: Premature end of file.
2025-08-12 22:16:07,976 [ERROR] LogOutputStream:75 - [STDERR_REDIRECT] 
2025-08-12 22:16:08,979 [ERROR] LogOutputStream:75 - [STDERR_REDIRECT] [Fatal Error] :1:1: Premature end of file.
2025-08-12 22:16:08,980 [ERROR] LogOutputStream:75 - [STDERR_REDIRECT] 
2025-08-12 22:16:09,968 [ERROR] LogOutputStream:75 - [STDERR_REDIRECT] [Fatal Error] :1:1: Premature end of file.
2025-08-12 22:16:09,968 [ERROR] LogOutputStream:75 - [STDERR_REDIRECT] 
2025-08-12 22:16:10,969 [ERROR] LogOutputStream:75 - [STDERR_REDIRECT] [Fatal Error] :1:1: Premature end of file.
2025-08-12 22:16:10,969 [ERROR] LogOutputStream:75 - [STDERR_REDIRECT] 
2025-08-12 22:16:11,960 [ERROR] LogOutputStream:75 - [STDERR_REDIRECT] [Fatal Error] :1:1: Premature end of file.
2025-08-12 22:16:11,960 [ERROR] LogOutputStream:75 - [STDERR_REDIRECT] 
2025-08-12 22:16:12,974 [ERROR] LogOutputStream:75 - [STDERR_REDIRECT] [Fatal Error] :1:1: Premature end of file.
2025-08-12 22:16:12,974 [ERROR] LogOutputStream:75 - [STDERR_REDIRECT] 
2025-08-12 22:16:13,961 [ERROR] LogOutputStream:75 - [STDERR_REDIRECT] [Fatal Error] :1:1: Premature end of file.
2025-08-12 22:16:13,961 [ERROR] LogOutputStream:75 - [STDERR_REDIRECT] 
2025-08-12 22:16:14,963 [ERROR] LogOutputStream:75 - [STDERR_REDIRECT] [Fatal Error] :1:1: Premature end of file.
2025-08-12 22:16:14,963 [ERROR] LogOutputStream:75 - [STDERR_REDIRECT] 
2025-08-12 22:16:15,964 [ERROR] LogOutputStream:75 - [STDERR_REDIRECT] [Fatal Error] :1:1: Premature end of file.
2025-08-12 22:16:15,964 [ERROR] LogOutputStream:75 - [STDERR_REDIRECT] 
2025-08-12 22:16:16,957 [ERROR] LogOutputStream:75 - [STDERR_REDIRECT] [Fatal Error] :1:1: Premature end of file.
2025-08-12 22:16:16,957 [ERROR] LogOutputStream:75 - [STDERR_REDIRECT] 
2025-08-12 22:16:17,976 [ERROR] LogOutputStream:75 - [STDERR_REDIRECT] [Fatal Error] :1:1: Premature end of file.
2025-08-12 22:16:17,976 [ERROR] LogOutputStream:75 - [STDERR_REDIRECT] 
2025-08-12 22:16:18,979 [ERROR] LogOutputStream:75 - [STDERR_REDIRECT] [Fatal Error] :1:1: Premature end of file.
2025-08-12 22:16:18,979 [ERROR] LogOutputStream:75 - [STDERR_REDIRECT] 
2025-08-12 22:16:19,965 [ERROR] LogOutputStream:75 - [STDERR_REDIRECT] [Fatal Error] :1:1: Premature end of file.
2025-08-12 22:16:19,965 [ERROR] LogOutputStream:75 - [STDERR_REDIRECT] 
2025-08-12 22:16:20,962 [ERROR] LogOutputStream:75 - [STDERR_REDIRECT] [Fatal Error] :1:1: Premature end of file.
2025-08-12 22:16:20,962 [ERROR] LogOutputStream:75 - [STDERR_REDIRECT] 
2025-08-12 22:16:21,974 [ERROR] LogOutputStream:75 - [STDERR_REDIRECT] [Fatal Error] :1:1: Premature end of file.
2025-08-12 22:16:21,974 [ERROR] LogOutputStream:75 - [STDERR_REDIRECT] 
2025-08-12 22:16:22,977 [ERROR] LogOutputStream:75 - [STDERR_REDIRECT] [Fatal Error] :1:1: Premature end of file.
2025-08-12 22:16:22,977 [ERROR] LogOutputStream:75 - [STDERR_REDIRECT] 
2025-08-12 22:16:23,975 [ERROR] LogOutputStream:75 - [STDERR_REDIRECT] [Fatal Error] :1:1: Premature end of file.
2025-08-12 22:16:23,975 [ERROR] LogOutputStream:75 - [STDERR_REDIRECT] 
2025-08-12 22:16:24,972 [ERROR] LogOutputStream:75 - [STDERR_REDIRECT] [Fatal Error] :1:1: Premature end of file.
2025-08-12 22:16:24,972 [ERROR] LogOutputStream:75 - [STDERR_REDIRECT] 
2025-08-12 22:16:25,967 [ERROR] LogOutputStream:75 - [STDERR_REDIRECT] [Fatal Error] :1:1: Premature end of file.
2025-08-12 22:16:25,967 [ERROR] LogOutputStream:75 - [STDERR_REDIRECT] 
2025-08-12 22:16:26,977 [ERROR] LogOutputStream:75 - [STDERR_REDIRECT] [Fatal Error] :1:1: Premature end of file.
2025-08-12 22:16:26,978 [ERROR] LogOutputStream:75 - [STDERR_REDIRECT] 
2025-08-12 22:16:27,965 [ERROR] LogOutputStream:75 - [STDERR_REDIRECT] [Fatal Error] :1:1: Premature end of file.
2025-08-12 22:16:27,965 [ERROR] LogOutputStream:75 - [STDERR_REDIRECT] 
2025-08-12 22:16:28,973 [ERROR] LogOutputStream:75 - [STDERR_REDIRECT] [Fatal Error] :1:1: Premature end of file.
2025-08-12 22:16:28,973 [ERROR] LogOutputStream:75 - [STDERR_REDIRECT] 
2025-08-12 22:16:29,985 [ERROR] LogOutputStream:75 - [STDERR_REDIRECT] [Fatal Error] :1:1: Premature end of file.
2025-08-12 22:16:29,985 [ERROR] LogOutputStream:75 - [STDERR_REDIRECT] 
2025-08-12 22:16:30,984 [ERROR] LogOutputStream:75 - [STDERR_REDIRECT] [Fatal Error] :1:1: Premature end of file.
2025-08-12 22:16:30,985 [ERROR] LogOutputStream:75 - [STDERR_REDIRECT] 
2025-08-12 22:16:31,963 [ERROR] LogOutputStream:75 - [STDERR_REDIRECT] [Fatal Error] :1:1: Premature end of file.
2025-08-12 22:16:31,976 [ERROR] LogOutputStream:75 - [STDERR_REDIRECT] 
2025-08-12 22:16:32,974 [ERROR] LogOutputStream:75 - [STDERR_REDIRECT] [Fatal Error] :1:1: Premature end of file.
2025-08-12 22:16:32,974 [ERROR] LogOutputStream:75 - [STDERR_REDIRECT] 
2025-08-12 22:16:33,974 [ERROR] LogOutputStream:75 - [STDERR_REDIRECT] [Fatal Error] :1:1: Premature end of file.
2025-08-12 22:16:33,974 [ERROR] LogOutputStream:75 - [STDERR_REDIRECT] 
2025-08-12 22:16:34,978 [ERROR] LogOutputStream:75 - [STDERR_REDIRECT] [Fatal Error] :1:1: Premature end of file.
2025-08-12 22:16:34,978 [ERROR] LogOutputStream:75 - [STDERR_REDIRECT] 
2025-08-12 22:16:35,971 [ERROR] LogOutputStream:75 - [STDERR_REDIRECT] [Fatal Error] :1:1: Premature end of file.
2025-08-12 22:16:35,971 [ERROR] LogOutputStream:75 - [STDERR_REDIRECT] 
2025-08-12 22:16:36,961 [ERROR] LogOutputStream:75 - [STDERR_REDIRECT] [Fatal Error] :1:1: Premature end of file.
2025-08-12 22:16:36,961 [ERROR] LogOutputStream:75 - [STDERR_REDIRECT] 
2025-08-12 22:16:37,972 [ERROR] LogOutputStream:75 - [STDERR_REDIRECT] [Fatal Error] :1:1: Premature end of file.
2025-08-12 22:16:37,972 [ERROR] LogOutputStream:75 - [STDERR_REDIRECT] 
2025-08-12 22:16:38,958 [ERROR] LogOutputStream:75 - [STDERR_REDIRECT] [Fatal Error] :1:1: Premature end of file.
2025-08-12 22:16:38,958 [ERROR] LogOutputStream:75 - [STDERR_REDIRECT] 
2025-08-12 22:16:39,960 [ERROR] LogOutputStream:75 - [STDERR_REDIRECT] [Fatal Error] :1:1: Premature end of file.
2025-08-12 22:16:39,960 [ERROR] LogOutputStream:75 - [STDERR_REDIRECT] 
2025-08-12 22:16:40,982 [ERROR] LogOutputStream:75 - [STDERR_REDIRECT] [Fatal Error] :1:1: Premature end of file.
2025-08-12 22:16:40,982 [ERROR] LogOutputStream:75 - [STDERR_REDIRECT] 
2025-08-12 22:16:41,979 [ERROR] LogOutputStream:75 - [STDERR_REDIRECT] [Fatal Error] :1:1: Premature end of file.
2025-08-12 22:16:41,980 [ERROR] LogOutputStream:75 - [STDERR_REDIRECT] 
2025-08-12 22:16:42,978 [ERROR] LogOutputStream:75 - [STDERR_REDIRECT] [Fatal Error] :1:1: Premature end of file.
2025-08-12 22:16:42,978 [ERROR] LogOutputStream:75 - [STDERR_REDIRECT] 
2025-08-12 22:16:43,973 [ERROR] LogOutputStream:75 - [STDERR_REDIRECT] [Fatal Error] :1:1: Premature end of file.
2025-08-12 22:16:43,973 [ERROR] LogOutputStream:75 - [STDERR_REDIRECT] 
2025-08-12 22:16:44,977 [ERROR] LogOutputStream:75 - [STDERR_REDIRECT] [Fatal Error] :1:1: Premature end of file.
2025-08-12 22:16:44,977 [ERROR] LogOutputStream:75 - [STDERR_REDIRECT] 
2025-08-12 22:16:45,971 [ERROR] LogOutputStream:75 - [STDERR_REDIRECT] [Fatal Error] :1:1: Premature end of file.
2025-08-12 22:16:45,972 [ERROR] LogOutputStream:75 - [STDERR_REDIRECT] 
2025-08-12 22:16:46,959 [ERROR] LogOutputStream:75 - [STDERR_REDIRECT] [Fatal Error] :1:1: Premature end of file.
2025-08-12 22:16:46,959 [ERROR] LogOutputStream:75 - [STDERR_REDIRECT] 
2025-08-12 22:16:47,978 [ERROR] LogOutputStream:75 - [STDERR_REDIRECT] [Fatal Error] :1:1: Premature end of file.
2025-08-12 22:16:47,978 [ERROR] LogOutputStream:75 - [STDERR_REDIRECT] 
2025-08-12 22:16:48,965 [ERROR] LogOutputStream:75 - [STDERR_REDIRECT] [Fatal Error] :1:1: Premature end of file.
2025-08-12 22:16:48,965 [ERROR] LogOutputStream:75 - [STDERR_REDIRECT] 
2025-08-12 22:16:49,968 [ERROR] LogOutputStream:75 - [STDERR_REDIRECT] [Fatal Error] :1:1: Premature end of file.
2025-08-12 22:16:49,968 [ERROR] LogOutputStream:75 - [STDERR_REDIRECT] 
2025-08-12 22:16:50,959 [ERROR] LogOutputStream:75 - [STDERR_REDIRECT] [Fatal Error] :1:1: Premature end of file.
2025-08-12 22:16:50,959 [ERROR] LogOutputStream:75 - [STDERR_REDIRECT] 
2025-08-12 22:16:51,970 [ERROR] LogOutputStream:75 - [STDERR_REDIRECT] [Fatal Error] :1:1: Premature end of file.
2025-08-12 22:16:51,970 [ERROR] LogOutputStream:75 - [STDERR_REDIRECT] 
2025-08-12 22:16:52,978 [ERROR] LogOutputStream:75 - [STDERR_REDIRECT] [Fatal Error] :1:1: Premature end of file.
2025-08-12 22:16:52,978 [ERROR] LogOutputStream:75 - [STDERR_REDIRECT] 
2025-08-12 22:16:53,970 [ERROR] LogOutputStream:75 - [STDERR_REDIRECT] [Fatal Error] :1:1: Premature end of file.
2025-08-12 22:16:53,970 [ERROR] LogOutputStream:75 - [STDERR_REDIRECT] 
2025-08-12 22:16:54,977 [ERROR] LogOutputStream:75 - [STDERR_REDIRECT] [Fatal Error] :1:1: Premature end of file.
2025-08-12 22:16:54,977 [ERROR] LogOutputStream:75 - [STDERR_REDIRECT] 
2025-08-12 22:16:55,981 [ERROR] LogOutputStream:75 - [STDERR_REDIRECT] [Fatal Error] :1:1: Premature end of file.
2025-08-12 22:16:55,981 [ERROR] LogOutputStream:75 - [STDERR_REDIRECT] 
2025-08-12 22:16:56,963 [ERROR] LogOutputStream:75 - [STDERR_REDIRECT] [Fatal Error] :1:1: Premature end of file.
2025-08-12 22:16:56,963 [ERROR] LogOutputStream:75 - [STDERR_REDIRECT] 
2025-08-12 22:16:57,976 [ERROR] LogOutputStream:75 - [STDERR_REDIRECT] [Fatal Error] :1:1: Premature end of file.
2025-08-12 22:16:57,976 [ERROR] LogOutputStream:75 - [STDERR_REDIRECT] 
2025-08-12 22:16:58,962 [ERROR] LogOutputStream:75 - [STDERR_REDIRECT] [Fatal Error] :1:1: Premature end of file.
2025-08-12 22:16:58,962 [ERROR] LogOutputStream:75 - [STDERR_REDIRECT] 
2025-08-12 22:16:59,977 [ERROR] LogOutputStream:75 - [STDERR_REDIRECT] [Fatal Error] :1:1: Premature end of file.
2025-08-12 22:16:59,977 [ERROR] LogOutputStream:75 - [STDERR_REDIRECT] 
2025-08-12 22:17:00,975 [ERROR] LogOutputStream:75 - [STDERR_REDIRECT] [Fatal Error] :1:1: Premature end of file.
2025-08-12 22:17:00,975 [ERROR] LogOutputStream:75 - [STDERR_REDIRECT] 
2025-08-12 22:17:01,979 [ERROR] LogOutputStream:75 - [STDERR_REDIRECT] [Fatal Error] :1:1: Premature end of file.
2025-08-12 22:17:01,979 [ERROR] LogOutputStream:75 - [STDERR_REDIRECT] 
2025-08-12 22:17:02,973 [ERROR] LogOutputStream:75 - [STDERR_REDIRECT] [Fatal Error] :1:1: Premature end of file.
2025-08-12 22:17:02,973 [ERROR] LogOutputStream:75 - [STDERR_REDIRECT] 
2025-08-12 22:17:03,959 [ERROR] LogOutputStream:75 - [STDERR_REDIRECT] [Fatal Error] :1:1: Premature end of file.
2025-08-12 22:17:03,959 [ERROR] LogOutputStream:75 - [STDERR_REDIRECT] 
2025-08-12 22:17:04,957 [ERROR] LogOutputStream:75 - [STDERR_REDIRECT] [Fatal Error] :1:1: Premature end of file.
2025-08-12 22:17:04,957 [ERROR] LogOutputStream:75 - [STDERR_REDIRECT] 
2025-08-12 22:17:05,968 [ERROR] LogOutputStream:75 - [STDERR_REDIRECT] [Fatal Error] :1:1: Premature end of file.
2025-08-12 22:17:05,968 [ERROR] LogOutputStream:75 - [STDERR_REDIRECT] 
2025-08-12 22:17:06,969 [ERROR] LogOutputStream:75 - [STDERR_REDIRECT] [Fatal Error] :1:1: Premature end of file.
2025-08-12 22:17:06,969 [ERROR] LogOutputStream:75 - [STDERR_REDIRECT] 
2025-08-12 22:17:07,968 [ERROR] LogOutputStream:75 - [STDERR_REDIRECT] [Fatal Error] :1:1: Premature end of file.
2025-08-12 22:17:07,968 [ERROR] LogOutputStream:75 - [STDERR_REDIRECT] 
2025-08-12 22:17:08,964 [ERROR] LogOutputStream:75 - [STDERR_REDIRECT] [Fatal Error] :1:1: Premature end of file.
2025-08-12 22:17:08,964 [ERROR] LogOutputStream:75 - [STDERR_REDIRECT] 
2025-08-12 22:17:09,959 [ERROR] LogOutputStream:75 - [STDERR_REDIRECT] [Fatal Error] :1:1: Premature end of file.
2025-08-12 22:17:09,959 [ERROR] LogOutputStream:75 - [STDERR_REDIRECT] 
2025-08-12 22:17:10,972 [ERROR] LogOutputStream:75 - [STDERR_REDIRECT] [Fatal Error] :1:1: Premature end of file.
2025-08-12 22:17:10,972 [ERROR] LogOutputStream:75 - [STDERR_REDIRECT] 
2025-08-12 22:17:11,979 [ERROR] LogOutputStream:75 - [STDERR_REDIRECT] [Fatal Error] :1:1: Premature end of file.
2025-08-12 22:17:11,979 [ERROR] LogOutputStream:75 - [STDERR_REDIRECT] 
2025-08-12 22:17:12,961 [ERROR] LogOutputStream:75 - [STDERR_REDIRECT] [Fatal Error] :1:1: Premature end of file.
2025-08-12 22:17:12,961 [ERROR] LogOutputStream:75 - [STDERR_REDIRECT] 
2025-08-12 22:17:13,971 [ERROR] LogOutputStream:75 - [STDERR_REDIRECT] [Fatal Error] :1:1: Premature end of file.
2025-08-12 22:17:13,971 [ERROR] LogOutputStream:75 - [STDERR_REDIRECT] 
2025-08-12 22:17:14,973 [ERROR] LogOutputStream:75 - [STDERR_REDIRECT] [Fatal Error] :1:1: Premature end of file.
2025-08-12 22:17:14,973 [ERROR] LogOutputStream:75 - [STDERR_REDIRECT] 
2025-08-12 22:17:15,966 [ERROR] LogOutputStream:75 - [STDERR_REDIRECT] [Fatal Error] :1:1: Premature end of file.
2025-08-12 22:17:15,966 [ERROR] LogOutputStream:75 - [STDERR_REDIRECT] 
2025-08-12 22:17:16,981 [ERROR] LogOutputStream:75 - [STDERR_REDIRECT] [Fatal Error] :1:1: Premature end of file.
2025-08-12 22:17:16,981 [ERROR] LogOutputStream:75 - [STDERR_REDIRECT] 
2025-08-12 22:17:17,963 [ERROR] LogOutputStream:75 - [STDERR_REDIRECT] [Fatal Error] :1:1: Premature end of file.
2025-08-12 22:17:17,963 [ERROR] LogOutputStream:75 - [STDERR_REDIRECT] 
2025-08-12 22:17:18,989 [ERROR] LogOutputStream:75 - [STDERR_REDIRECT] [Fatal Error] :1:1: Premature end of file.
2025-08-12 22:17:18,989 [ERROR] LogOutputStream:75 - [STDERR_REDIRECT] 
2025-08-12 22:17:19,979 [ERROR] LogOutputStream:75 - [STDERR_REDIRECT] [Fatal Error] :1:1: Premature end of file.
2025-08-12 22:17:19,979 [ERROR] LogOutputStream:75 - [STDERR_REDIRECT] 
2025-08-12 22:17:20,969 [ERROR] LogOutputStream:75 - [STDERR_REDIRECT] [Fatal Error] :1:1: Premature end of file.
2025-08-12 22:17:20,969 [ERROR] LogOutputStream:75 - [STDERR_REDIRECT] 
2025-08-12 22:17:21,965 [ERROR] LogOutputStream:75 - [STDERR_REDIRECT] [Fatal Error] :1:1: Premature end of file.
2025-08-12 22:17:21,969 [ERROR] LogOutputStream:75 - [STDERR_REDIRECT] 
2025-08-12 22:17:22,959 [ERROR] LogOutputStream:75 - [STDERR_REDIRECT] [Fatal Error] :1:1: Premature end of file.
2025-08-12 22:17:22,959 [ERROR] LogOutputStream:75 - [STDERR_REDIRECT] 
2025-08-12 22:17:23,967 [ERROR] LogOutputStream:75 - [STDERR_REDIRECT] [Fatal Error] :1:1: Premature end of file.
2025-08-12 22:17:23,967 [ERROR] LogOutputStream:75 - [STDERR_REDIRECT] 
2025-08-12 22:17:24,977 [ERROR] LogOutputStream:75 - [STDERR_REDIRECT] [Fatal Error] :1:1: Premature end of file.
2025-08-12 22:17:24,977 [ERROR] LogOutputStream:75 - [STDERR_REDIRECT] 
2025-08-12 22:17:25,976 [ERROR] LogOutputStream:75 - [STDERR_REDIRECT] [Fatal Error] :1:1: Premature end of file.
2025-08-12 22:17:25,976 [ERROR] LogOutputStream:75 - [STDERR_REDIRECT] 
2025-08-12 22:17:26,964 [ERROR] LogOutputStream:75 - [STDERR_REDIRECT] [Fatal Error] :1:1: Premature end of file.
2025-08-12 22:17:26,964 [ERROR] LogOutputStream:75 - [STDERR_REDIRECT] 
2025-08-12 22:17:27,974 [ERROR] LogOutputStream:75 - [STDERR_REDIRECT] [Fatal Error] :1:1: Premature end of file.
2025-08-12 22:17:27,974 [ERROR] LogOutputStream:75 - [STDERR_REDIRECT] 
2025-08-12 22:17:28,977 [ERROR] LogOutputStream:75 - [STDERR_REDIRECT] [Fatal Error] :1:1: Premature end of file.
2025-08-12 22:17:28,977 [ERROR] LogOutputStream:75 - [STDERR_REDIRECT] 
2025-08-12 22:17:29,969 [ERROR] LogOutputStream:75 - [STDERR_REDIRECT] [Fatal Error] :1:1: Premature end of file.
2025-08-12 22:17:29,969 [ERROR] LogOutputStream:75 - [STDERR_REDIRECT] 
2025-08-12 22:17:30,958 [ERROR] LogOutputStream:75 - [STDERR_REDIRECT] [Fatal Error] :1:1: Premature end of file.
2025-08-12 22:17:30,958 [ERROR] LogOutputStream:75 - [STDERR_REDIRECT] 
2025-08-12 22:17:31,984 [ERROR] LogOutputStream:75 - [STDERR_REDIRECT] [Fatal Error] :1:1: Premature end of file.
2025-08-12 22:17:31,984 [ERROR] LogOutputStream:75 - [STDERR_REDIRECT] 
2025-08-12 22:17:32,988 [ERROR] LogOutputStream:75 - [STDERR_REDIRECT] [Fatal Error] :1:1: Premature end of file.
2025-08-12 22:17:32,988 [ERROR] LogOutputStream:75 - [STDERR_REDIRECT] 
2025-08-12 22:17:33,960 [ERROR] LogOutputStream:75 - [STDERR_REDIRECT] [Fatal Error] :1:1: Premature end of file.
2025-08-12 22:17:33,960 [ERROR] LogOutputStream:75 - [STDERR_REDIRECT] 
2025-08-12 22:17:34,971 [ERROR] LogOutputStream:75 - [STDERR_REDIRECT] [Fatal Error] :1:1: Premature end of file.
2025-08-12 22:17:34,979 [ERROR] LogOutputStream:75 - [STDERR_REDIRECT] 
2025-08-12 22:17:35,975 [ERROR] LogOutputStream:75 - [STDERR_REDIRECT] [Fatal Error] :1:1: Premature end of file.
2025-08-12 22:17:35,975 [ERROR] LogOutputStream:75 - [STDERR_REDIRECT] 
2025-08-12 22:17:36,975 [ERROR] LogOutputStream:75 - [STDERR_REDIRECT] [Fatal Error] :1:1: Premature end of file.
2025-08-12 22:17:36,975 [ERROR] LogOutputStream:75 - [STDERR_REDIRECT] 
2025-08-12 22:17:37,977 [ERROR] LogOutputStream:75 - [STDERR_REDIRECT] [Fatal Error] :1:1: Premature end of file.
2025-08-12 22:17:37,977 [ERROR] LogOutputStream:75 - [STDERR_REDIRECT] 
2025-08-12 22:17:38,975 [ERROR] LogOutputStream:75 - [STDERR_REDIRECT] [Fatal Error] :1:1: Premature end of file.
2025-08-12 22:17:38,975 [ERROR] LogOutputStream:75 - [STDERR_REDIRECT] 
2025-08-12 22:17:39,971 [ERROR] LogOutputStream:75 - [STDERR_REDIRECT] [Fatal Error] :1:1: Premature end of file.
2025-08-12 22:17:39,971 [ERROR] LogOutputStream:75 - [STDERR_REDIRECT] 
2025-08-12 22:17:40,992 [ERROR] LogOutputStream:75 - [STDERR_REDIRECT] [Fatal Error] :1:1: Premature end of file.
2025-08-12 22:17:40,992 [ERROR] LogOutputStream:75 - [STDERR_REDIRECT] 
2025-08-12 22:17:41,987 [ERROR] LogOutputStream:75 - [STDERR_REDIRECT] [Fatal Error] :1:1: Premature end of file.
2025-08-12 22:17:41,987 [ERROR] LogOutputStream:75 - [STDERR_REDIRECT] 
2025-08-12 22:17:42,966 [ERROR] LogOutputStream:75 - [STDERR_REDIRECT] [Fatal Error] :1:1: Premature end of file.
2025-08-12 22:17:42,966 [ERROR] LogOutputStream:75 - [STDERR_REDIRECT] 
2025-08-12 22:17:43,960 [ERROR] LogOutputStream:75 - [STDERR_REDIRECT] [Fatal Error] :1:1: Premature end of file.
2025-08-12 22:17:43,960 [ERROR] LogOutputStream:75 - [STDERR_REDIRECT] 
2025-08-12 22:17:44,981 [ERROR] LogOutputStream:75 - [STDERR_REDIRECT] [Fatal Error] :1:1: Premature end of file.
2025-08-12 22:17:44,981 [ERROR] LogOutputStream:75 - [STDERR_REDIRECT] 
2025-08-12 22:17:45,993 [ERROR] LogOutputStream:75 - [STDERR_REDIRECT] [Fatal Error] :1:1: Premature end of file.
2025-08-12 22:17:45,993 [ERROR] LogOutputStream:75 - [STDERR_REDIRECT] 
2025-08-12 22:17:46,980 [ERROR] LogOutputStream:75 - [STDERR_REDIRECT] [Fatal Error] :1:1: Premature end of file.
2025-08-12 22:17:46,980 [ERROR] LogOutputStream:75 - [STDERR_REDIRECT] 
2025-08-12 22:17:47,971 [ERROR] LogOutputStream:75 - [STDERR_REDIRECT] [Fatal Error] :1:1: Premature end of file.
2025-08-12 22:17:47,971 [ERROR] LogOutputStream:75 - [STDERR_REDIRECT] 
2025-08-12 22:17:48,976 [ERROR] LogOutputStream:75 - [STDERR_REDIRECT] [Fatal Error] :1:1: Premature end of file.
2025-08-12 22:17:48,977 [ERROR] LogOutputStream:75 - [STDERR_REDIRECT] 
2025-08-12 22:17:49,979 [ERROR] LogOutputStream:75 - [STDERR_REDIRECT] [Fatal Error] :1:1: Premature end of file.
2025-08-12 22:17:49,979 [ERROR] LogOutputStream:75 - [STDERR_REDIRECT] 
2025-08-12 22:17:50,977 [ERROR] LogOutputStream:75 - [STDERR_REDIRECT] [Fatal Error] :1:1: Premature end of file.
2025-08-12 22:17:50,977 [ERROR] LogOutputStream:75 - [STDERR_REDIRECT] 
2025-08-12 22:17:51,972 [ERROR] LogOutputStream:75 - [STDERR_REDIRECT] [Fatal Error] :1:1: Premature end of file.
2025-08-12 22:17:51,972 [ERROR] LogOutputStream:75 - [STDERR_REDIRECT] 
2025-08-12 22:17:52,964 [ERROR] LogOutputStream:75 - [STDERR_REDIRECT] [Fatal Error] :1:1: Premature end of file.
2025-08-12 22:17:52,964 [ERROR] LogOutputStream:75 - [STDERR_REDIRECT] 
2025-08-12 22:17:53,975 [ERROR] LogOutputStream:75 - [STDERR_REDIRECT] [Fatal Error] :1:1: Premature end of file.
2025-08-12 22:17:53,975 [ERROR] LogOutputStream:75 - [STDERR_REDIRECT] 
2025-08-12 22:17:54,957 [ERROR] LogOutputStream:75 - [STDERR_REDIRECT] [Fatal Error] :1:1: Premature end of file.
2025-08-12 22:17:54,957 [ERROR] LogOutputStream:75 - [STDERR_REDIRECT] 
2025-08-12 22:17:55,972 [ERROR] LogOutputStream:75 - [STDERR_REDIRECT] [Fatal Error] :1:1: Premature end of file.
2025-08-12 22:17:55,973 [ERROR] LogOutputStream:75 - [STDERR_REDIRECT] 
2025-08-12 22:17:56,974 [ERROR] LogOutputStream:75 - [STDERR_REDIRECT] [Fatal Error] :1:1: Premature end of file.
2025-08-12 22:17:56,974 [ERROR] LogOutputStream:75 - [STDERR_REDIRECT] 
2025-08-12 22:17:57,961 [ERROR] LogOutputStream:75 - [STDERR_REDIRECT] [Fatal Error] :1:1: Premature end of file.
2025-08-12 22:17:57,961 [ERROR] LogOutputStream:75 - [STDERR_REDIRECT] 
2025-08-12 22:17:58,976 [ERROR] LogOutputStream:75 - [STDERR_REDIRECT] [Fatal Error] :1:1: Premature end of file.
2025-08-12 22:17:58,976 [ERROR] LogOutputStream:75 - [STDERR_REDIRECT] 
2025-08-12 22:17:59,971 [ERROR] LogOutputStream:75 - [STDERR_REDIRECT] [Fatal Error] :1:1: Premature end of file.
2025-08-12 22:17:59,971 [ERROR] LogOutputStream:75 - [STDERR_REDIRECT] 
2025-08-12 22:18:00,974 [ERROR] LogOutputStream:75 - [STDERR_REDIRECT] [Fatal Error] :1:1: Premature end of file.
2025-08-12 22:18:00,974 [ERROR] LogOutputStream:75 - [STDERR_REDIRECT] 
2025-08-12 22:18:01,972 [ERROR] LogOutputStream:75 - [STDERR_REDIRECT] [Fatal Error] :1:1: Premature end of file.
2025-08-12 22:18:01,972 [ERROR] LogOutputStream:75 - [STDERR_REDIRECT] 
2025-08-12 22:18:02,978 [ERROR] LogOutputStream:75 - [STDERR_REDIRECT] [Fatal Error] :1:1: Premature end of file.
2025-08-12 22:18:02,978 [ERROR] LogOutputStream:75 - [STDERR_REDIRECT] 
2025-08-12 22:18:03,965 [ERROR] LogOutputStream:75 - [STDERR_REDIRECT] [Fatal Error] :1:1: Premature end of file.
2025-08-12 22:18:03,965 [ERROR] LogOutputStream:75 - [STDERR_REDIRECT] 
2025-08-12 22:18:04,970 [ERROR] LogOutputStream:75 - [STDERR_REDIRECT] [Fatal Error] :1:1: Premature end of file.
2025-08-12 22:18:04,970 [ERROR] LogOutputStream:75 - [STDERR_REDIRECT] 
2025-08-12 22:18:05,978 [ERROR] LogOutputStream:75 - [STDERR_REDIRECT] [Fatal Error] :1:1: Premature end of file.
2025-08-12 22:18:05,978 [ERROR] LogOutputStream:75 - [STDERR_REDIRECT] 
2025-08-12 22:18:06,974 [ERROR] LogOutputStream:75 - [STDERR_REDIRECT] [Fatal Error] :1:1: Premature end of file.
2025-08-12 22:18:06,974 [ERROR] LogOutputStream:75 - [STDERR_REDIRECT] 
2025-08-12 22:18:07,965 [ERROR] LogOutputStream:75 - [STDERR_REDIRECT] [Fatal Error] :1:1: Premature end of file.
2025-08-12 22:18:07,965 [ERROR] LogOutputStream:75 - [STDERR_REDIRECT] 
2025-08-12 22:18:08,973 [ERROR] LogOutputStream:75 - [STDERR_REDIRECT] [Fatal Error] :1:1: Premature end of file.
2025-08-12 22:18:08,973 [ERROR] LogOutputStream:75 - [STDERR_REDIRECT] 
2025-08-12 22:18:09,974 [ERROR] LogOutputStream:75 - [STDERR_REDIRECT] [Fatal Error] :1:1: Premature end of file.
2025-08-12 22:18:09,974 [ERROR] LogOutputStream:75 - [STDERR_REDIRECT] 
2025-08-12 22:18:10,979 [ERROR] LogOutputStream:75 - [STDERR_REDIRECT] [Fatal Error] :1:1: Premature end of file.
2025-08-12 22:18:10,979 [ERROR] LogOutputStream:75 - [STDERR_REDIRECT] 
2025-08-12 22:18:11,972 [ERROR] LogOutputStream:75 - [STDERR_REDIRECT] [Fatal Error] :1:1: Premature end of file.
2025-08-12 22:18:11,972 [ERROR] LogOutputStream:75 - [STDERR_REDIRECT] 
2025-08-12 22:18:12,976 [ERROR] LogOutputStream:75 - [STDERR_REDIRECT] [Fatal Error] :1:1: Premature end of file.
2025-08-12 22:18:12,976 [ERROR] LogOutputStream:75 - [STDERR_REDIRECT] 
2025-08-12 22:18:13,978 [ERROR] LogOutputStream:75 - [STDERR_REDIRECT] [Fatal Error] :1:1: Premature end of file.
2025-08-12 22:18:13,978 [ERROR] LogOutputStream:75 - [STDERR_REDIRECT] 
2025-08-12 22:18:14,976 [ERROR] LogOutputStream:75 - [STDERR_REDIRECT] [Fatal Error] :1:1: Premature end of file.
2025-08-12 22:18:14,976 [ERROR] LogOutputStream:75 - [STDERR_REDIRECT] 
2025-08-12 22:18:15,973 [ERROR] LogOutputStream:75 - [STDERR_REDIRECT] [Fatal Error] :1:1: Premature end of file.
2025-08-12 22:18:15,973 [ERROR] LogOutputStream:75 - [STDERR_REDIRECT] 
2025-08-12 22:18:16,972 [ERROR] LogOutputStream:75 - [STDERR_REDIRECT] [Fatal Error] :1:1: Premature end of file.
2025-08-12 22:18:16,972 [ERROR] LogOutputStream:75 - [STDERR_REDIRECT] 
2025-08-12 22:18:17,979 [ERROR] LogOutputStream:75 - [STDERR_REDIRECT] [Fatal Error] :1:1: Premature end of file.
2025-08-12 22:18:17,980 [ERROR] LogOutputStream:75 - [STDERR_REDIRECT] 
2025-08-12 22:18:18,972 [ERROR] LogOutputStream:75 - [STDERR_REDIRECT] [Fatal Error] :1:1: Premature end of file.
2025-08-12 22:18:18,972 [ERROR] LogOutputStream:75 - [STDERR_REDIRECT] 
2025-08-12 22:18:19,976 [ERROR] LogOutputStream:75 - [STDERR_REDIRECT] [Fatal Error] :1:1: Premature end of file.
2025-08-12 22:18:19,976 [ERROR] LogOutputStream:75 - [STDERR_REDIRECT] 
2025-08-12 22:18:20,975 [ERROR] LogOutputStream:75 - [STDERR_REDIRECT] [Fatal Error] :1:1: Premature end of file.
2025-08-12 22:18:20,975 [ERROR] LogOutputStream:75 - [STDERR_REDIRECT] 
2025-08-12 22:18:21,963 [ERROR] LogOutputStream:75 - [STDERR_REDIRECT] [Fatal Error] :1:1: Premature end of file.
2025-08-12 22:18:21,963 [ERROR] LogOutputStream:75 - [STDERR_REDIRECT] 
2025-08-12 22:18:22,980 [ERROR] LogOutputStream:75 - [STDERR_REDIRECT] [Fatal Error] :1:1: Premature end of file.
2025-08-12 22:18:22,980 [ERROR] LogOutputStream:75 - [STDERR_REDIRECT] 
2025-08-12 22:18:23,977 [ERROR] LogOutputStream:75 - [STDERR_REDIRECT] [Fatal Error] :1:1: Premature end of file.
2025-08-12 22:18:23,977 [ERROR] LogOutputStream:75 - [STDERR_REDIRECT] 
2025-08-12 22:18:24,973 [ERROR] LogOutputStream:75 - [STDERR_REDIRECT] [Fatal Error] :1:1: Premature end of file.
2025-08-12 22:18:24,973 [ERROR] LogOutputStream:75 - [STDERR_REDIRECT] 
2025-08-12 22:18:25,974 [ERROR] LogOutputStream:75 - [STDERR_REDIRECT] [Fatal Error] :1:1: Premature end of file.
2025-08-12 22:18:25,974 [ERROR] LogOutputStream:75 - [STDERR_REDIRECT] 
2025-08-12 22:18:26,973 [ERROR] LogOutputStream:75 - [STDERR_REDIRECT] [Fatal Error] :1:1: Premature end of file.
2025-08-12 22:18:26,973 [ERROR] LogOutputStream:75 - [STDERR_REDIRECT] 
2025-08-12 22:18:27,978 [ERROR] LogOutputStream:75 - [STDERR_REDIRECT] [Fatal Error] :1:1: Premature end of file.
2025-08-12 22:18:27,978 [ERROR] LogOutputStream:75 - [STDERR_REDIRECT] 
2025-08-12 22:18:28,975 [ERROR] LogOutputStream:75 - [STDERR_REDIRECT] [Fatal Error] :1:1: Premature end of file.
2025-08-12 22:18:28,975 [ERROR] LogOutputStream:75 - [STDERR_REDIRECT] 
2025-08-12 22:18:29,968 [ERROR] LogOutputStream:75 - [STDERR_REDIRECT] [Fatal Error] :1:1: Premature end of file.
2025-08-12 22:18:29,968 [ERROR] LogOutputStream:75 - [STDERR_REDIRECT] 
2025-08-12 22:18:30,971 [ERROR] LogOutputStream:75 - [STDERR_REDIRECT] [Fatal Error] :1:1: Premature end of file.
2025-08-12 22:18:30,971 [ERROR] LogOutputStream:75 - [STDERR_REDIRECT] 
2025-08-12 22:18:31,974 [ERROR] LogOutputStream:75 - [STDERR_REDIRECT] [Fatal Error] :1:1: Premature end of file.
2025-08-12 22:18:31,974 [ERROR] LogOutputStream:75 - [STDERR_REDIRECT] 
2025-08-12 22:18:32,974 [ERROR] LogOutputStream:75 - [STDERR_REDIRECT] [Fatal Error] :1:1: Premature end of file.
2025-08-12 22:18:32,974 [ERROR] LogOutputStream:75 - [STDERR_REDIRECT] 
2025-08-12 22:18:33,975 [ERROR] LogOutputStream:75 - [STDERR_REDIRECT] [Fatal Error] :1:1: Premature end of file.
2025-08-12 22:18:33,975 [ERROR] LogOutputStream:75 - [STDERR_REDIRECT] 
2025-08-12 22:18:34,971 [ERROR] LogOutputStream:75 - [STDERR_REDIRECT] [Fatal Error] :1:1: Premature end of file.
2025-08-12 22:18:34,971 [ERROR] LogOutputStream:75 - [STDERR_REDIRECT] 
2025-08-12 22:18:35,975 [ERROR] LogOutputStream:75 - [STDERR_REDIRECT] [Fatal Error] :1:1: Premature end of file.
2025-08-12 22:18:35,975 [ERROR] LogOutputStream:75 - [STDERR_REDIRECT] 
2025-08-12 22:18:36,968 [ERROR] LogOutputStream:75 - [STDERR_REDIRECT] [Fatal Error] :1:1: Premature end of file.
2025-08-12 22:18:36,968 [ERROR] LogOutputStream:75 - [STDERR_REDIRECT] 
2025-08-12 22:18:37,973 [ERROR] LogOutputStream:75 - [STDERR_REDIRECT] [Fatal Error] :1:1: Premature end of file.
2025-08-12 22:18:37,973 [ERROR] LogOutputStream:75 - [STDERR_REDIRECT] 
2025-08-12 22:18:38,974 [ERROR] LogOutputStream:75 - [STDERR_REDIRECT] [Fatal Error] :1:1: Premature end of file.
2025-08-12 22:18:38,974 [ERROR] LogOutputStream:75 - [STDERR_REDIRECT] 
2025-08-12 22:18:39,973 [ERROR] LogOutputStream:75 - [STDERR_REDIRECT] [Fatal Error] :1:1: Premature end of file.
2025-08-12 22:18:39,973 [ERROR] LogOutputStream:75 - [STDERR_REDIRECT] 
2025-08-12 22:18:40,970 [ERROR] LogOutputStream:75 - [STDERR_REDIRECT] [Fatal Error] :1:1: Premature end of file.
2025-08-12 22:18:40,970 [ERROR] LogOutputStream:75 - [STDERR_REDIRECT] 
2025-08-12 22:18:41,972 [ERROR] LogOutputStream:75 - [STDERR_REDIRECT] [Fatal Error] :1:1: Premature end of file.
2025-08-12 22:18:41,972 [ERROR] LogOutputStream:75 - [STDERR_REDIRECT] 
2025-08-12 22:18:42,990 [ERROR] LogOutputStream:75 - [STDERR_REDIRECT] [Fatal Error] :1:1: Premature end of file.
2025-08-12 22:18:42,990 [ERROR] LogOutputStream:75 - [STDERR_REDIRECT] 
2025-08-12 22:18:43,981 [ERROR] LogOutputStream:75 - [STDERR_REDIRECT] [Fatal Error] :1:1: Premature end of file.
2025-08-12 22:18:43,981 [ERROR] LogOutputStream:75 - [STDERR_REDIRECT] 
2025-08-12 22:18:44,972 [ERROR] LogOutputStream:75 - [STDERR_REDIRECT] [Fatal Error] :1:1: Premature end of file.
2025-08-12 22:18:44,972 [ERROR] LogOutputStream:75 - [STDERR_REDIRECT] 
2025-08-12 22:18:45,959 [ERROR] LogOutputStream:75 - [STDERR_REDIRECT] [Fatal Error] :1:1: Premature end of file.
2025-08-12 22:18:45,959 [ERROR] LogOutputStream:75 - [STDERR_REDIRECT] 
2025-08-12 22:18:46,975 [ERROR] LogOutputStream:75 - [STDERR_REDIRECT] [Fatal Error] :1:1: Premature end of file.
2025-08-12 22:18:46,975 [ERROR] LogOutputStream:75 - [STDERR_REDIRECT] 
2025-08-12 22:18:47,960 [ERROR] LogOutputStream:75 - [STDERR_REDIRECT] [Fatal Error] :1:1: Premature end of file.
2025-08-12 22:18:47,960 [ERROR] LogOutputStream:75 - [STDERR_REDIRECT] 
2025-08-12 22:18:48,966 [ERROR] LogOutputStream:75 - [STDERR_REDIRECT] [Fatal Error] :1:1: Premature end of file.
2025-08-12 22:18:48,966 [ERROR] LogOutputStream:75 - [STDERR_REDIRECT] 
2025-08-12 22:18:49,968 [ERROR] LogOutputStream:75 - [STDERR_REDIRECT] [Fatal Error] :1:1: Premature end of file.
2025-08-12 22:18:49,968 [ERROR] LogOutputStream:75 - [STDERR_REDIRECT] 
2025-08-12 22:18:50,966 [ERROR] LogOutputStream:75 - [STDERR_REDIRECT] [Fatal Error] :1:1: Premature end of file.
2025-08-12 22:18:50,966 [ERROR] LogOutputStream:75 - [STDERR_REDIRECT] 
2025-08-12 22:18:51,969 [ERROR] LogOutputStream:75 - [STDERR_REDIRECT] [Fatal Error] :1:1: Premature end of file.
2025-08-12 22:18:51,969 [ERROR] LogOutputStream:75 - [STDERR_REDIRECT] 
2025-08-12 22:18:52,983 [ERROR] LogOutputStream:75 - [STDERR_REDIRECT] [Fatal Error] :1:1: Premature end of file.
2025-08-12 22:18:52,983 [ERROR] LogOutputStream:75 - [STDERR_REDIRECT] 
2025-08-12 22:18:53,962 [ERROR] LogOutputStream:75 - [STDERR_REDIRECT] [Fatal Error] :1:1: Premature end of file.
2025-08-12 22:18:53,962 [ERROR] LogOutputStream:75 - [STDERR_REDIRECT] 
2025-08-12 22:18:54,986 [ERROR] LogOutputStream:75 - [STDERR_REDIRECT] [Fatal Error] :1:1: Premature end of file.
2025-08-12 22:18:54,986 [ERROR] LogOutputStream:75 - [STDERR_REDIRECT] 
2025-08-12 22:18:55,976 [ERROR] LogOutputStream:75 - [STDERR_REDIRECT] [Fatal Error] :1:1: Premature end of file.
2025-08-12 22:18:55,977 [ERROR] LogOutputStream:75 - [STDERR_REDIRECT] 
2025-08-12 22:18:56,959 [ERROR] LogOutputStream:75 - [STDERR_REDIRECT] [Fatal Error] :1:1: Premature end of file.
2025-08-12 22:18:56,959 [ERROR] LogOutputStream:75 - [STDERR_REDIRECT] 
2025-08-12 22:18:57,969 [ERROR] LogOutputStream:75 - [STDERR_REDIRECT] [Fatal Error] :1:1: Premature end of file.
2025-08-12 22:18:57,970 [ERROR] LogOutputStream:75 - [STDERR_REDIRECT] 
2025-08-12 22:18:58,956 [ERROR] LogOutputStream:75 - [STDERR_REDIRECT] [Fatal Error] :1:1: Premature end of file.
2025-08-12 22:18:58,956 [ERROR] LogOutputStream:75 - [STDERR_REDIRECT] 
2025-08-12 22:18:59,957 [ERROR] LogOutputStream:75 - [STDERR_REDIRECT] [Fatal Error] :1:1: Premature end of file.
2025-08-12 22:18:59,957 [ERROR] LogOutputStream:75 - [STDERR_REDIRECT] 
2025-08-12 22:19:00,963 [ERROR] LogOutputStream:75 - [STDERR_REDIRECT] [Fatal Error] :1:1: Premature end of file.
2025-08-12 22:19:00,963 [ERROR] LogOutputStream:75 - [STDERR_REDIRECT] 
2025-08-12 22:19:01,972 [ERROR] LogOutputStream:75 - [STDERR_REDIRECT] [Fatal Error] :1:1: Premature end of file.
2025-08-12 22:19:01,972 [ERROR] LogOutputStream:75 - [STDERR_REDIRECT] 
2025-08-12 22:19:02,979 [ERROR] LogOutputStream:75 - [STDERR_REDIRECT] [Fatal Error] :1:1: Premature end of file.
2025-08-12 22:19:02,979 [ERROR] LogOutputStream:75 - [STDERR_REDIRECT] 
2025-08-12 22:19:03,964 [ERROR] LogOutputStream:75 - [STDERR_REDIRECT] [Fatal Error] :1:1: Premature end of file.
2025-08-12 22:19:03,964 [ERROR] LogOutputStream:75 - [STDERR_REDIRECT] 
2025-08-12 22:19:04,959 [ERROR] LogOutputStream:75 - [STDERR_REDIRECT] [Fatal Error] :1:1: Premature end of file.
2025-08-12 22:19:04,959 [ERROR] LogOutputStream:75 - [STDERR_REDIRECT] 
2025-08-12 22:19:05,960 [ERROR] LogOutputStream:75 - [STDERR_REDIRECT] [Fatal Error] :1:1: Premature end of file.
2025-08-12 22:19:05,960 [ERROR] LogOutputStream:75 - [STDERR_REDIRECT] 
2025-08-12 22:19:06,981 [ERROR] LogOutputStream:75 - [STDERR_REDIRECT] [Fatal Error] :1:1: Premature end of file.
2025-08-12 22:19:06,981 [ERROR] LogOutputStream:75 - [STDERR_REDIRECT] 
2025-08-12 22:19:07,970 [ERROR] LogOutputStream:75 - [STDERR_REDIRECT] [Fatal Error] :1:1: Premature end of file.
2025-08-12 22:19:07,971 [ERROR] LogOutputStream:75 - [STDERR_REDIRECT] 
2025-08-12 22:19:08,974 [ERROR] LogOutputStream:75 - [STDERR_REDIRECT] [Fatal Error] :1:1: Premature end of file.
2025-08-12 22:19:08,974 [ERROR] LogOutputStream:75 - [STDERR_REDIRECT] 
2025-08-12 22:19:09,990 [ERROR] LogOutputStream:75 - [STDERR_REDIRECT] [Fatal Error] :1:1: Premature end of file.
2025-08-12 22:19:09,990 [ERROR] LogOutputStream:75 - [STDERR_REDIRECT] 
2025-08-12 22:19:10,967 [ERROR] LogOutputStream:75 - [STDERR_REDIRECT] [Fatal Error] :1:1: Premature end of file.
2025-08-12 22:19:10,967 [ERROR] LogOutputStream:75 - [STDERR_REDIRECT] 
2025-08-12 22:19:11,959 [ERROR] LogOutputStream:75 - [STDERR_REDIRECT] [Fatal Error] :1:1: Premature end of file.
2025-08-12 22:19:11,959 [ERROR] LogOutputStream:75 - [STDERR_REDIRECT] 
2025-08-12 22:19:12,959 [ERROR] LogOutputStream:75 - [STDERR_REDIRECT] [Fatal Error] :1:1: Premature end of file.
2025-08-12 22:19:12,959 [ERROR] LogOutputStream:75 - [STDERR_REDIRECT] 
2025-08-12 22:19:13,969 [ERROR] LogOutputStream:75 - [STDERR_REDIRECT] [Fatal Error] :1:1: Premature end of file.
2025-08-12 22:19:13,969 [ERROR] LogOutputStream:75 - [STDERR_REDIRECT] 
2025-08-12 22:19:14,966 [ERROR] LogOutputStream:75 - [STDERR_REDIRECT] [Fatal Error] :1:1: Premature end of file.
2025-08-12 22:19:14,966 [ERROR] LogOutputStream:75 - [STDERR_REDIRECT] 
2025-08-12 22:19:15,982 [ERROR] LogOutputStream:75 - [STDERR_REDIRECT] [Fatal Error] :1:1: Premature end of file.
2025-08-12 22:19:15,982 [ERROR] LogOutputStream:75 - [STDERR_REDIRECT] 
2025-08-12 22:19:16,961 [ERROR] LogOutputStream:75 - [STDERR_REDIRECT] [Fatal Error] :1:1: Premature end of file.
2025-08-12 22:19:16,961 [ERROR] LogOutputStream:75 - [STDERR_REDIRECT] 
2025-08-12 22:19:17,971 [ERROR] LogOutputStream:75 - [STDERR_REDIRECT] [Fatal Error] :1:1: Premature end of file.
2025-08-12 22:19:17,971 [ERROR] LogOutputStream:75 - [STDERR_REDIRECT] 
2025-08-12 22:19:18,980 [ERROR] LogOutputStream:75 - [STDERR_REDIRECT] [Fatal Error] :1:1: Premature end of file.
2025-08-12 22:19:18,980 [ERROR] LogOutputStream:75 - [STDERR_REDIRECT] 
2025-08-12 22:19:19,982 [ERROR] LogOutputStream:75 - [STDERR_REDIRECT] [Fatal Error] :1:1: Premature end of file.
2025-08-12 22:19:19,982 [ERROR] LogOutputStream:75 - [STDERR_REDIRECT] 
2025-08-12 22:19:20,974 [ERROR] LogOutputStream:75 - [STDERR_REDIRECT] [Fatal Error] :1:1: Premature end of file.
2025-08-12 22:19:20,974 [ERROR] LogOutputStream:75 - [STDERR_REDIRECT] 
2025-08-12 22:19:21,960 [ERROR] LogOutputStream:75 - [STDERR_REDIRECT] [Fatal Error] :1:1: Premature end of file.
2025-08-12 22:19:21,960 [ERROR] LogOutputStream:75 - [STDERR_REDIRECT] 
2025-08-12 22:19:22,975 [ERROR] LogOutputStream:75 - [STDERR_REDIRECT] [Fatal Error] :1:1: Premature end of file.
2025-08-12 22:19:22,975 [ERROR] LogOutputStream:75 - [STDERR_REDIRECT] 
2025-08-12 22:19:23,976 [ERROR] LogOutputStream:75 - [STDERR_REDIRECT] [Fatal Error] :1:1: Premature end of file.
2025-08-12 22:19:23,976 [ERROR] LogOutputStream:75 - [STDERR_REDIRECT] 
2025-08-12 22:19:24,985 [ERROR] LogOutputStream:75 - [STDERR_REDIRECT] [Fatal Error] :1:1: Premature end of file.
2025-08-12 22:19:24,986 [ERROR] LogOutputStream:75 - [STDERR_REDIRECT] 
2025-08-12 22:19:25,954 [ERROR] LogOutputStream:75 - [STDERR_REDIRECT] [Fatal Error] :1:1: Premature end of file.
2025-08-12 22:19:25,954 [ERROR] LogOutputStream:75 - [STDERR_REDIRECT] 
2025-08-12 22:19:26,971 [ERROR] LogOutputStream:75 - [STDERR_REDIRECT] [Fatal Error] :1:1: Premature end of file.
2025-08-12 22:19:26,971 [ERROR] LogOutputStream:75 - [STDERR_REDIRECT] 
2025-08-12 22:19:27,976 [ERROR] LogOutputStream:75 - [STDERR_REDIRECT] [Fatal Error] :1:1: Premature end of file.
2025-08-12 22:19:27,976 [ERROR] LogOutputStream:75 - [STDERR_REDIRECT] 
2025-08-12 22:19:28,977 [ERROR] LogOutputStream:75 - [STDERR_REDIRECT] [Fatal Error] :1:1: Premature end of file.
2025-08-12 22:19:28,977 [ERROR] LogOutputStream:75 - [STDERR_REDIRECT] 
2025-08-12 22:19:29,973 [ERROR] LogOutputStream:75 - [STDERR_REDIRECT] [Fatal Error] :1:1: Premature end of file.
2025-08-12 22:19:29,973 [ERROR] LogOutputStream:75 - [STDERR_REDIRECT] 
2025-08-12 22:19:30,976 [ERROR] LogOutputStream:75 - [STDERR_REDIRECT] [Fatal Error] :1:1: Premature end of file.
2025-08-12 22:19:30,976 [ERROR] LogOutputStream:75 - [STDERR_REDIRECT] 
2025-08-12 22:19:31,975 [ERROR] LogOutputStream:75 - [STDERR_REDIRECT] [Fatal Error] :1:1: Premature end of file.
2025-08-12 22:19:31,975 [ERROR] LogOutputStream:75 - [STDERR_REDIRECT] 
2025-08-12 22:19:32,966 [ERROR] LogOutputStream:75 - [STDERR_REDIRECT] [Fatal Error] :1:1: Premature end of file.
2025-08-12 22:19:32,966 [ERROR] LogOutputStream:75 - [STDERR_REDIRECT] 
2025-08-12 22:19:33,973 [ERROR] LogOutputStream:75 - [STDERR_REDIRECT] [Fatal Error] :1:1: Premature end of file.
2025-08-12 22:19:33,973 [ERROR] LogOutputStream:75 - [STDERR_REDIRECT] 
2025-08-12 22:19:34,975 [ERROR] LogOutputStream:75 - [STDERR_REDIRECT] [Fatal Error] :1:1: Premature end of file.
2025-08-12 22:19:34,975 [ERROR] LogOutputStream:75 - [STDERR_REDIRECT] 
2025-08-12 22:19:35,972 [ERROR] LogOutputStream:75 - [STDERR_REDIRECT] [Fatal Error] :1:1: Premature end of file.
2025-08-12 22:19:35,972 [ERROR] LogOutputStream:75 - [STDERR_REDIRECT] 
2025-08-12 22:19:36,972 [ERROR] LogOutputStream:75 - [STDERR_REDIRECT] [Fatal Error] :1:1: Premature end of file.
2025-08-12 22:19:36,972 [ERROR] LogOutputStream:75 - [STDERR_REDIRECT] 
2025-08-12 22:19:37,972 [ERROR] LogOutputStream:75 - [STDERR_REDIRECT] [Fatal Error] :1:1: Premature end of file.
2025-08-12 22:19:37,972 [ERROR] LogOutputStream:75 - [STDERR_REDIRECT] 
2025-08-12 22:19:38,969 [ERROR] LogOutputStream:75 - [STDERR_REDIRECT] [Fatal Error] :1:1: Premature end of file.
2025-08-12 22:19:38,969 [ERROR] LogOutputStream:75 - [STDERR_REDIRECT] 
2025-08-12 22:19:39,972 [ERROR] LogOutputStream:75 - [STDERR_REDIRECT] [Fatal Error] :1:1: Premature end of file.
2025-08-12 22:19:39,972 [ERROR] LogOutputStream:75 - [STDERR_REDIRECT] 
2025-08-12 22:19:40,969 [ERROR] LogOutputStream:75 - [STDERR_REDIRECT] [Fatal Error] :1:1: Premature end of file.
2025-08-12 22:19:40,970 [ERROR] LogOutputStream:75 - [STDERR_REDIRECT] 
2025-08-12 22:19:41,966 [ERROR] LogOutputStream:75 - [STDERR_REDIRECT] [Fatal Error] :1:1: Premature end of file.
2025-08-12 22:19:41,967 [ERROR] LogOutputStream:75 - [STDERR_REDIRECT] 
2025-08-12 22:19:42,970 [ERROR] LogOutputStream:75 - [STDERR_REDIRECT] [Fatal Error] :1:1: Premature end of file.
2025-08-12 22:19:42,970 [ERROR] LogOutputStream:75 - [STDERR_REDIRECT] 
2025-08-12 22:19:43,975 [ERROR] LogOutputStream:75 - [STDERR_REDIRECT] [Fatal Error] :1:1: Premature end of file.
2025-08-12 22:19:43,975 [ERROR] LogOutputStream:75 - [STDERR_REDIRECT] 
2025-08-12 22:19:44,963 [ERROR] LogOutputStream:75 - [STDERR_REDIRECT] [Fatal Error] :1:1: Premature end of file.
2025-08-12 22:19:44,963 [ERROR] LogOutputStream:75 - [STDERR_REDIRECT] 
2025-08-12 22:19:45,984 [ERROR] LogOutputStream:75 - [STDERR_REDIRECT] [Fatal Error] :1:1: Premature end of file.
2025-08-12 22:19:45,985 [ERROR] LogOutputStream:75 - [STDERR_REDIRECT] 
2025-08-12 22:19:46,978 [ERROR] LogOutputStream:75 - [STDERR_REDIRECT] [Fatal Error] :1:1: Premature end of file.
2025-08-12 22:19:46,980 [ERROR] LogOutputStream:75 - [STDERR_REDIRECT] 
2025-08-12 22:19:47,974 [ERROR] LogOutputStream:75 - [STDERR_REDIRECT] [Fatal Error] :1:1: Premature end of file.
2025-08-12 22:19:47,974 [ERROR] LogOutputStream:75 - [STDERR_REDIRECT] 
2025-08-12 22:19:48,989 [ERROR] LogOutputStream:75 - [STDERR_REDIRECT] [Fatal Error] :1:1: Premature end of file.
2025-08-12 22:19:48,989 [ERROR] LogOutputStream:75 - [STDERR_REDIRECT] 
2025-08-12 22:19:49,960 [ERROR] LogOutputStream:75 - [STDERR_REDIRECT] [Fatal Error] :1:1: Premature end of file.
2025-08-12 22:19:49,960 [ERROR] LogOutputStream:75 - [STDERR_REDIRECT] 
2025-08-12 22:19:50,984 [ERROR] LogOutputStream:75 - [STDERR_REDIRECT] [Fatal Error] :1:1: Premature end of file.
2025-08-12 22:19:50,984 [ERROR] LogOutputStream:75 - [STDERR_REDIRECT] 
2025-08-12 22:19:51,975 [ERROR] LogOutputStream:75 - [STDERR_REDIRECT] [Fatal Error] :1:1: Premature end of file.
2025-08-12 22:19:51,975 [ERROR] LogOutputStream:75 - [STDERR_REDIRECT] 
2025-08-12 22:19:52,969 [ERROR] LogOutputStream:75 - [STDERR_REDIRECT] [Fatal Error] :1:1: Premature end of file.
2025-08-12 22:19:52,969 [ERROR] LogOutputStream:75 - [STDERR_REDIRECT] 
2025-08-12 22:19:53,972 [ERROR] LogOutputStream:75 - [STDERR_REDIRECT] [Fatal Error] :1:1: Premature end of file.
2025-08-12 22:19:53,972 [ERROR] LogOutputStream:75 - [STDERR_REDIRECT] 
2025-08-12 22:19:54,985 [ERROR] LogOutputStream:75 - [STDERR_REDIRECT] [Fatal Error] :1:1: Premature end of file.
2025-08-12 22:19:54,985 [ERROR] LogOutputStream:75 - [STDERR_REDIRECT] 
2025-08-12 22:19:55,977 [ERROR] LogOutputStream:75 - [STDERR_REDIRECT] [Fatal Error] :1:1: Premature end of file.
2025-08-12 22:19:55,977 [ERROR] LogOutputStream:75 - [STDERR_REDIRECT] 
2025-08-12 22:19:56,977 [ERROR] LogOutputStream:75 - [STDERR_REDIRECT] [Fatal Error] :1:1: Premature end of file.
2025-08-12 22:19:56,977 [ERROR] LogOutputStream:75 - [STDERR_REDIRECT] 
2025-08-12 22:19:57,976 [ERROR] LogOutputStream:75 - [STDERR_REDIRECT] [Fatal Error] :1:1: Premature end of file.
2025-08-12 22:19:57,976 [ERROR] LogOutputStream:75 - [STDERR_REDIRECT] 
2025-08-12 22:19:58,976 [ERROR] LogOutputStream:75 - [STDERR_REDIRECT] [Fatal Error] :1:1: Premature end of file.
2025-08-12 22:19:58,976 [ERROR] LogOutputStream:75 - [STDERR_REDIRECT] 
2025-08-12 22:19:59,981 [ERROR] LogOutputStream:75 - [STDERR_REDIRECT] [Fatal Error] :1:1: Premature end of file.
2025-08-12 22:19:59,981 [ERROR] LogOutputStream:75 - [STDERR_REDIRECT] 
2025-08-12 22:20:00,965 [ERROR] LogOutputStream:75 - [STDERR_REDIRECT] [Fatal Error] :1:1: Premature end of file.
2025-08-12 22:20:00,965 [ERROR] LogOutputStream:75 - [STDERR_REDIRECT] 
2025-08-12 22:20:01,980 [ERROR] LogOutputStream:75 - [STDERR_REDIRECT] [Fatal Error] :1:1: Premature end of file.
2025-08-12 22:20:01,980 [ERROR] LogOutputStream:75 - [STDERR_REDIRECT] 
2025-08-12 22:20:02,960 [ERROR] LogOutputStream:75 - [STDERR_REDIRECT] [Fatal Error] :1:1: Premature end of file.
2025-08-12 22:20:02,960 [ERROR] LogOutputStream:75 - [STDERR_REDIRECT] 
2025-08-12 22:20:03,969 [ERROR] LogOutputStream:75 - [STDERR_REDIRECT] [Fatal Error] :1:1: Premature end of file.
2025-08-12 22:20:03,969 [ERROR] LogOutputStream:75 - [STDERR_REDIRECT] 
2025-08-12 22:20:04,964 [ERROR] LogOutputStream:75 - [STDERR_REDIRECT] [Fatal Error] :1:1: Premature end of file.
2025-08-12 22:20:04,964 [ERROR] LogOutputStream:75 - [STDERR_REDIRECT] 
2025-08-12 22:20:05,972 [ERROR] LogOutputStream:75 - [STDERR_REDIRECT] [Fatal Error] :1:1: Premature end of file.
2025-08-12 22:20:05,972 [ERROR] LogOutputStream:75 - [STDERR_REDIRECT] 
2025-08-12 22:20:06,958 [ERROR] LogOutputStream:75 - [STDERR_REDIRECT] [Fatal Error] :1:1: Premature end of file.
2025-08-12 22:20:06,958 [ERROR] LogOutputStream:75 - [STDERR_REDIRECT] 
2025-08-12 22:20:07,972 [ERROR] LogOutputStream:75 - [STDERR_REDIRECT] [Fatal Error] :1:1: Premature end of file.
2025-08-12 22:20:07,972 [ERROR] LogOutputStream:75 - [STDERR_REDIRECT] 
2025-08-12 22:20:08,966 [ERROR] LogOutputStream:75 - [STDERR_REDIRECT] [Fatal Error] :1:1: Premature end of file.
2025-08-12 22:20:08,966 [ERROR] LogOutputStream:75 - [STDERR_REDIRECT] 
2025-08-12 22:20:09,958 [ERROR] LogOutputStream:75 - [STDERR_REDIRECT] [Fatal Error] :1:1: Premature end of file.
2025-08-12 22:20:09,958 [ERROR] LogOutputStream:75 - [STDERR_REDIRECT] 
2025-08-12 22:20:10,992 [ERROR] LogOutputStream:75 - [STDERR_REDIRECT] [Fatal Error] :1:1: Premature end of file.
2025-08-12 22:20:10,992 [ERROR] LogOutputStream:75 - [STDERR_REDIRECT] 
2025-08-12 22:20:11,974 [ERROR] LogOutputStream:75 - [STDERR_REDIRECT] [Fatal Error] :1:1: Premature end of file.
2025-08-12 22:20:11,974 [ERROR] LogOutputStream:75 - [STDERR_REDIRECT] 
2025-08-12 22:20:12,966 [ERROR] LogOutputStream:75 - [STDERR_REDIRECT] [Fatal Error] :1:1: Premature end of file.
2025-08-12 22:20:12,966 [ERROR] LogOutputStream:75 - [STDERR_REDIRECT] 
2025-08-12 22:20:13,980 [ERROR] LogOutputStream:75 - [STDERR_REDIRECT] [Fatal Error] :1:1: Premature end of file.
2025-08-12 22:20:13,980 [ERROR] LogOutputStream:75 - [STDERR_REDIRECT] 
2025-08-12 22:20:14,974 [ERROR] LogOutputStream:75 - [STDERR_REDIRECT] [Fatal Error] :1:1: Premature end of file.
2025-08-12 22:20:14,974 [ERROR] LogOutputStream:75 - [STDERR_REDIRECT] 
2025-08-12 22:20:15,975 [ERROR] LogOutputStream:75 - [STDERR_REDIRECT] [Fatal Error] :1:1: Premature end of file.
2025-08-12 22:20:15,975 [ERROR] LogOutputStream:75 - [STDERR_REDIRECT] 
2025-08-12 22:20:16,960 [ERROR] LogOutputStream:75 - [STDERR_REDIRECT] [Fatal Error] :1:1: Premature end of file.
2025-08-12 22:20:16,960 [ERROR] LogOutputStream:75 - [STDERR_REDIRECT] 
2025-08-12 22:20:17,972 [ERROR] LogOutputStream:75 - [STDERR_REDIRECT] [Fatal Error] :1:1: Premature end of file.
2025-08-12 22:20:17,972 [ERROR] LogOutputStream:75 - [STDERR_REDIRECT] 
2025-08-12 22:20:18,954 [ERROR] LogOutputStream:75 - [STDERR_REDIRECT] [Fatal Error] :1:1: Premature end of file.
2025-08-12 22:20:18,954 [ERROR] LogOutputStream:75 - [STDERR_REDIRECT] 
2025-08-12 22:20:19,981 [ERROR] LogOutputStream:75 - [STDERR_REDIRECT] [Fatal Error] :1:1: Premature end of file.
2025-08-12 22:20:19,981 [ERROR] LogOutputStream:75 - [STDERR_REDIRECT] 
2025-08-12 22:20:20,959 [ERROR] LogOutputStream:75 - [STDERR_REDIRECT] [Fatal Error] :1:1: Premature end of file.
2025-08-12 22:20:20,959 [ERROR] LogOutputStream:75 - [STDERR_REDIRECT] 
2025-08-12 22:20:21,972 [ERROR] LogOutputStream:75 - [STDERR_REDIRECT] [Fatal Error] :1:1: Premature end of file.
2025-08-12 22:20:21,972 [ERROR] LogOutputStream:75 - [STDERR_REDIRECT] 
2025-08-12 22:20:22,956 [ERROR] LogOutputStream:75 - [STDERR_REDIRECT] [Fatal Error] :1:1: Premature end of file.
2025-08-12 22:20:22,956 [ERROR] LogOutputStream:75 - [STDERR_REDIRECT] 
2025-08-12 22:20:23,960 [ERROR] LogOutputStream:75 - [STDERR_REDIRECT] [Fatal Error] :1:1: Premature end of file.
2025-08-12 22:20:23,960 [ERROR] LogOutputStream:75 - [STDERR_REDIRECT] 
2025-08-12 22:20:24,970 [ERROR] LogOutputStream:75 - [STDERR_REDIRECT] [Fatal Error] :1:1: Premature end of file.
2025-08-12 22:20:24,970 [ERROR] LogOutputStream:75 - [STDERR_REDIRECT] 
2025-08-12 22:20:25,976 [ERROR] LogOutputStream:75 - [STDERR_REDIRECT] [Fatal Error] :1:1: Premature end of file.
2025-08-12 22:20:25,977 [ERROR] LogOutputStream:75 - [STDERR_REDIRECT] 
2025-08-12 22:20:26,962 [ERROR] LogOutputStream:75 - [STDERR_REDIRECT] [Fatal Error] :1:1: Premature end of file.
2025-08-12 22:20:26,962 [ERROR] LogOutputStream:75 - [STDERR_REDIRECT] 
2025-08-12 22:20:27,975 [ERROR] LogOutputStream:75 - [STDERR_REDIRECT] [Fatal Error] :1:1: Premature end of file.
2025-08-12 22:20:27,975 [ERROR] LogOutputStream:75 - [STDERR_REDIRECT] 
2025-08-12 22:20:28,976 [ERROR] LogOutputStream:75 - [STDERR_REDIRECT] [Fatal Error] :1:1: Premature end of file.
2025-08-12 22:20:28,976 [ERROR] LogOutputStream:75 - [STDERR_REDIRECT] 
2025-08-12 22:20:29,955 [ERROR] LogOutputStream:75 - [STDERR_REDIRECT] [Fatal Error] :1:1: Premature end of file.
2025-08-12 22:20:29,955 [ERROR] LogOutputStream:75 - [STDERR_REDIRECT] 
2025-08-12 22:20:30,975 [ERROR] LogOutputStream:75 - [STDERR_REDIRECT] [Fatal Error] :1:1: Premature end of file.
2025-08-12 22:20:30,975 [ERROR] LogOutputStream:75 - [STDERR_REDIRECT] 
2025-08-12 22:20:31,973 [ERROR] LogOutputStream:75 - [STDERR_REDIRECT] [Fatal Error] :1:1: Premature end of file.
2025-08-12 22:20:31,973 [ERROR] LogOutputStream:75 - [STDERR_REDIRECT] 
2025-08-12 22:20:32,957 [ERROR] LogOutputStream:75 - [STDERR_REDIRECT] [Fatal Error] :1:1: Premature end of file.
2025-08-12 22:20:32,957 [ERROR] LogOutputStream:75 - [STDERR_REDIRECT] 
2025-08-12 22:20:33,973 [ERROR] LogOutputStream:75 - [STDERR_REDIRECT] [Fatal Error] :1:1: Premature end of file.
2025-08-12 22:20:33,973 [ERROR] LogOutputStream:75 - [STDERR_REDIRECT] 
2025-08-12 22:20:34,979 [ERROR] LogOutputStream:75 - [STDERR_REDIRECT] [Fatal Error] :1:1: Premature end of file.
2025-08-12 22:20:34,980 [ERROR] LogOutputStream:75 - [STDERR_REDIRECT] 
2025-08-12 22:20:35,956 [ERROR] LogOutputStream:75 - [STDERR_REDIRECT] [Fatal Error] :1:1: Premature end of file.
2025-08-12 22:20:35,956 [ERROR] LogOutputStream:75 - [STDERR_REDIRECT] 
2025-08-12 22:20:36,974 [ERROR] LogOutputStream:75 - [STDERR_REDIRECT] [Fatal Error] :1:1: Premature end of file.
2025-08-12 22:20:36,974 [ERROR] LogOutputStream:75 - [STDERR_REDIRECT] 
2025-08-12 22:20:37,976 [ERROR] LogOutputStream:75 - [STDERR_REDIRECT] [Fatal Error] :1:1: Premature end of file.
2025-08-12 22:20:37,976 [ERROR] LogOutputStream:75 - [STDERR_REDIRECT] 
2025-08-12 22:20:38,983 [ERROR] LogOutputStream:75 - [STDERR_REDIRECT] [Fatal Error] :1:1: Premature end of file.
2025-08-12 22:20:38,983 [ERROR] LogOutputStream:75 - [STDERR_REDIRECT] 
2025-08-12 22:20:39,965 [ERROR] LogOutputStream:75 - [STDERR_REDIRECT] [Fatal Error] :1:1: Premature end of file.
2025-08-12 22:20:39,965 [ERROR] LogOutputStream:75 - [STDERR_REDIRECT] 
2025-08-12 22:20:40,977 [ERROR] LogOutputStream:75 - [STDERR_REDIRECT] [Fatal Error] :1:1: Premature end of file.
2025-08-12 22:20:40,977 [ERROR] LogOutputStream:75 - [STDERR_REDIRECT] 
2025-08-12 22:20:41,958 [ERROR] LogOutputStream:75 - [STDERR_REDIRECT] [Fatal Error] :1:1: Premature end of file.
2025-08-12 22:20:41,958 [ERROR] LogOutputStream:75 - [STDERR_REDIRECT] 
2025-08-12 22:20:42,961 [ERROR] LogOutputStream:75 - [STDERR_REDIRECT] [Fatal Error] :1:1: Premature end of file.
2025-08-12 22:20:42,961 [ERROR] LogOutputStream:75 - [STDERR_REDIRECT] 
2025-08-12 22:20:43,970 [ERROR] LogOutputStream:75 - [STDERR_REDIRECT] [Fatal Error] :1:1: Premature end of file.
2025-08-12 22:20:43,970 [ERROR] LogOutputStream:75 - [STDERR_REDIRECT] 
2025-08-12 22:20:44,957 [ERROR] LogOutputStream:75 - [STDERR_REDIRECT] [Fatal Error] :1:1: Premature end of file.
2025-08-12 22:20:44,957 [ERROR] LogOutputStream:75 - [STDERR_REDIRECT] 
2025-08-12 22:20:45,973 [ERROR] LogOutputStream:75 - [STDERR_REDIRECT] [Fatal Error] :1:1: Premature end of file.
2025-08-12 22:20:45,973 [ERROR] LogOutputStream:75 - [STDERR_REDIRECT] 
2025-08-12 22:20:46,972 [ERROR] LogOutputStream:75 - [STDERR_REDIRECT] [Fatal Error] :1:1: Premature end of file.
2025-08-12 22:20:46,972 [ERROR] LogOutputStream:75 - [STDERR_REDIRECT] 
2025-08-12 22:20:47,976 [ERROR] LogOutputStream:75 - [STDERR_REDIRECT] [Fatal Error] :1:1: Premature end of file.
2025-08-12 22:20:47,976 [ERROR] LogOutputStream:75 - [STDERR_REDIRECT] 
2025-08-12 22:20:48,973 [ERROR] LogOutputStream:75 - [STDERR_REDIRECT] [Fatal Error] :1:1: Premature end of file.
2025-08-12 22:20:48,973 [ERROR] LogOutputStream:75 - [STDERR_REDIRECT] 
2025-08-12 22:20:49,960 [ERROR] LogOutputStream:75 - [STDERR_REDIRECT] [Fatal Error] :1:1: Premature end of file.
2025-08-12 22:20:49,960 [ERROR] LogOutputStream:75 - [STDERR_REDIRECT] 
2025-08-12 22:20:50,975 [ERROR] LogOutputStream:75 - [STDERR_REDIRECT] [Fatal Error] :1:1: Premature end of file.
2025-08-12 22:20:50,975 [ERROR] LogOutputStream:75 - [STDERR_REDIRECT] 
2025-08-12 22:20:51,967 [ERROR] LogOutputStream:75 - [STDERR_REDIRECT] [Fatal Error] :1:1: Premature end of file.
2025-08-12 22:20:51,968 [ERROR] LogOutputStream:75 - [STDERR_REDIRECT] 
2025-08-12 22:20:52,961 [ERROR] LogOutputStream:75 - [STDERR_REDIRECT] [Fatal Error] :1:1: Premature end of file.
2025-08-12 22:20:52,961 [ERROR] LogOutputStream:75 - [STDERR_REDIRECT] 
2025-08-12 22:20:53,971 [ERROR] LogOutputStream:75 - [STDERR_REDIRECT] [Fatal Error] :1:1: Premature end of file.
2025-08-12 22:20:53,976 [ERROR] LogOutputStream:75 - [STDERR_REDIRECT] 
2025-08-12 22:20:54,973 [ERROR] LogOutputStream:75 - [STDERR_REDIRECT] [Fatal Error] :1:1: Premature end of file.
2025-08-12 22:20:54,973 [ERROR] LogOutputStream:75 - [STDERR_REDIRECT] 
2025-08-12 22:20:55,956 [ERROR] LogOutputStream:75 - [STDERR_REDIRECT] [Fatal Error] :1:1: Premature end of file.
2025-08-12 22:20:55,956 [ERROR] LogOutputStream:75 - [STDERR_REDIRECT] 
2025-08-12 22:20:56,970 [ERROR] LogOutputStream:75 - [STDERR_REDIRECT] [Fatal Error] :1:1: Premature end of file.
2025-08-12 22:20:56,970 [ERROR] LogOutputStream:75 - [STDERR_REDIRECT] 
2025-08-12 22:20:57,977 [ERROR] LogOutputStream:75 - [STDERR_REDIRECT] [Fatal Error] :1:1: Premature end of file.
2025-08-12 22:20:57,977 [ERROR] LogOutputStream:75 - [STDERR_REDIRECT] 
2025-08-12 22:20:58,958 [ERROR] LogOutputStream:75 - [STDERR_REDIRECT] [Fatal Error] :1:1: Premature end of file.
2025-08-12 22:20:58,958 [ERROR] LogOutputStream:75 - [STDERR_REDIRECT] 
2025-08-12 22:20:59,977 [ERROR] LogOutputStream:75 - [STDERR_REDIRECT] [Fatal Error] :1:1: Premature end of file.
2025-08-12 22:20:59,977 [ERROR] LogOutputStream:75 - [STDERR_REDIRECT] 
2025-08-12 22:21:00,964 [ERROR] LogOutputStream:75 - [STDERR_REDIRECT] [Fatal Error] :1:1: Premature end of file.
2025-08-12 22:21:00,964 [ERROR] LogOutputStream:75 - [STDERR_REDIRECT] 
2025-08-12 22:21:01,992 [ERROR] LogOutputStream:75 - [STDERR_REDIRECT] [Fatal Error] :1:1: Premature end of file.
2025-08-12 22:21:01,992 [ERROR] LogOutputStream:75 - [STDERR_REDIRECT] 
2025-08-12 22:21:02,980 [ERROR] LogOutputStream:75 - [STDERR_REDIRECT] [Fatal Error] :1:1: Premature end of file.
2025-08-12 22:21:02,981 [ERROR] LogOutputStream:75 - [STDERR_REDIRECT] 
2025-08-12 22:21:03,973 [ERROR] LogOutputStream:75 - [STDERR_REDIRECT] [Fatal Error] :1:1: Premature end of file.
2025-08-12 22:21:03,973 [ERROR] LogOutputStream:75 - [STDERR_REDIRECT] 
2025-08-12 22:21:04,972 [ERROR] LogOutputStream:75 - [STDERR_REDIRECT] [Fatal Error] :1:1: Premature end of file.
2025-08-12 22:21:04,973 [ERROR] LogOutputStream:75 - [STDERR_REDIRECT] 
2025-08-12 22:21:05,976 [ERROR] LogOutputStream:75 - [STDERR_REDIRECT] [Fatal Error] :1:1: Premature end of file.
2025-08-12 22:21:05,976 [ERROR] LogOutputStream:75 - [STDERR_REDIRECT] 
2025-08-12 22:21:06,958 [ERROR] LogOutputStream:75 - [STDERR_REDIRECT] [Fatal Error] :1:1: Premature end of file.
2025-08-12 22:21:06,958 [ERROR] LogOutputStream:75 - [STDERR_REDIRECT] 
2025-08-12 22:21:07,974 [ERROR] LogOutputStream:75 - [STDERR_REDIRECT] [Fatal Error] :1:1: Premature end of file.
2025-08-12 22:21:07,974 [ERROR] LogOutputStream:75 - [STDERR_REDIRECT] 
2025-08-12 22:21:08,971 [ERROR] LogOutputStream:75 - [STDERR_REDIRECT] [Fatal Error] :1:1: Premature end of file.
2025-08-12 22:21:08,971 [ERROR] LogOutputStream:75 - [STDERR_REDIRECT] 
2025-08-12 22:21:09,967 [ERROR] LogOutputStream:75 - [STDERR_REDIRECT] [Fatal Error] :1:1: Premature end of file.
2025-08-12 22:21:09,967 [ERROR] LogOutputStream:75 - [STDERR_REDIRECT] 
2025-08-12 22:21:10,974 [ERROR] LogOutputStream:75 - [STDERR_REDIRECT] [Fatal Error] :1:1: Premature end of file.
2025-08-12 22:21:10,974 [ERROR] LogOutputStream:75 - [STDERR_REDIRECT] 
2025-08-12 22:21:11,978 [ERROR] LogOutputStream:75 - [STDERR_REDIRECT] [Fatal Error] :1:1: Premature end of file.
2025-08-12 22:21:11,978 [ERROR] LogOutputStream:75 - [STDERR_REDIRECT] 
2025-08-12 22:21:12,958 [ERROR] LogOutputStream:75 - [STDERR_REDIRECT] [Fatal Error] :1:1: Premature end of file.
2025-08-12 22:21:12,958 [ERROR] LogOutputStream:75 - [STDERR_REDIRECT] 
2025-08-12 22:21:13,974 [ERROR] LogOutputStream:75 - [STDERR_REDIRECT] [Fatal Error] :1:1: Premature end of file.
2025-08-12 22:21:13,974 [ERROR] LogOutputStream:75 - [STDERR_REDIRECT] 
2025-08-12 22:21:14,959 [ERROR] LogOutputStream:75 - [STDERR_REDIRECT] [Fatal Error] :1:1: Premature end of file.
2025-08-12 22:21:14,959 [ERROR] LogOutputStream:75 - [STDERR_REDIRECT] 
2025-08-12 22:21:15,990 [ERROR] LogOutputStream:75 - [STDERR_REDIRECT] [Fatal Error] :1:1: Premature end of file.
2025-08-12 22:21:15,991 [ERROR] LogOutputStream:75 - [STDERR_REDIRECT] 
2025-08-12 22:21:16,954 [ERROR] LogOutputStream:75 - [STDERR_REDIRECT] [Fatal Error] :1:1: Premature end of file.
2025-08-12 22:21:16,954 [ERROR] LogOutputStream:75 - [STDERR_REDIRECT] 
2025-08-12 22:21:17,960 [ERROR] LogOutputStream:75 - [STDERR_REDIRECT] [Fatal Error] :1:1: Premature end of file.
2025-08-12 22:21:17,960 [ERROR] LogOutputStream:75 - [STDERR_REDIRECT] 
2025-08-12 22:21:18,974 [ERROR] LogOutputStream:75 - [STDERR_REDIRECT] [Fatal Error] :1:1: Premature end of file.
2025-08-12 22:21:18,974 [ERROR] LogOutputStream:75 - [STDERR_REDIRECT] 
2025-08-12 22:21:19,957 [ERROR] LogOutputStream:75 - [STDERR_REDIRECT] [Fatal Error] :1:1: Premature end of file.
2025-08-12 22:21:19,957 [ERROR] LogOutputStream:75 - [STDERR_REDIRECT] 
2025-08-12 22:21:20,979 [ERROR] LogOutputStream:75 - [STDERR_REDIRECT] [Fatal Error] :1:1: Premature end of file.
2025-08-12 22:21:20,979 [ERROR] LogOutputStream:75 - [STDERR_REDIRECT] 
2025-08-12 22:21:21,970 [ERROR] LogOutputStream:75 - [STDERR_REDIRECT] [Fatal Error] :1:1: Premature end of file.
2025-08-12 22:21:21,970 [ERROR] LogOutputStream:75 - [STDERR_REDIRECT] 
2025-08-12 22:21:22,965 [ERROR] LogOutputStream:75 - [STDERR_REDIRECT] [Fatal Error] :1:1: Premature end of file.
2025-08-12 22:21:22,965 [ERROR] LogOutputStream:75 - [STDERR_REDIRECT] 
2025-08-12 22:21:23,955 [ERROR] LogOutputStream:75 - [STDERR_REDIRECT] [Fatal Error] :1:1: Premature end of file.
2025-08-12 22:21:23,955 [ERROR] LogOutputStream:75 - [STDERR_REDIRECT] 
2025-08-12 22:21:24,973 [ERROR] LogOutputStream:75 - [STDERR_REDIRECT] [Fatal Error] :1:1: Premature end of file.
2025-08-12 22:21:24,974 [ERROR] LogOutputStream:75 - [STDERR_REDIRECT] 
2025-08-12 22:21:25,982 [ERROR] LogOutputStream:75 - [STDERR_REDIRECT] [Fatal Error] :1:1: Premature end of file.
2025-08-12 22:21:25,982 [ERROR] LogOutputStream:75 - [STDERR_REDIRECT] 
2025-08-12 22:21:26,961 [ERROR] LogOutputStream:75 - [STDERR_REDIRECT] [Fatal Error] :1:1: Premature end of file.
2025-08-12 22:21:26,961 [ERROR] LogOutputStream:75 - [STDERR_REDIRECT] 
2025-08-12 22:21:27,971 [ERROR] LogOutputStream:75 - [STDERR_REDIRECT] [Fatal Error] :1:1: Premature end of file.
2025-08-12 22:21:27,971 [ERROR] LogOutputStream:75 - [STDERR_REDIRECT] 
2025-08-12 22:21:28,965 [ERROR] LogOutputStream:75 - [STDERR_REDIRECT] [Fatal Error] :1:1: Premature end of file.
2025-08-12 22:21:28,965 [ERROR] LogOutputStream:75 - [STDERR_REDIRECT] 
2025-08-12 22:21:29,971 [ERROR] LogOutputStream:75 - [STDERR_REDIRECT] [Fatal Error] :1:1: Premature end of file.
2025-08-12 22:21:29,971 [ERROR] LogOutputStream:75 - [STDERR_REDIRECT] 
2025-08-12 22:21:30,960 [ERROR] LogOutputStream:75 - [STDERR_REDIRECT] [Fatal Error] :1:1: Premature end of file.
2025-08-12 22:21:30,960 [ERROR] LogOutputStream:75 - [STDERR_REDIRECT] 
2025-08-12 22:21:31,969 [ERROR] LogOutputStream:75 - [STDERR_REDIRECT] [Fatal Error] :1:1: Premature end of file.
2025-08-12 22:21:31,969 [ERROR] LogOutputStream:75 - [STDERR_REDIRECT] 
2025-08-12 22:21:32,984 [ERROR] LogOutputStream:75 - [STDERR_REDIRECT] [Fatal Error] :1:1: Premature end of file.
2025-08-12 22:21:32,984 [ERROR] LogOutputStream:75 - [STDERR_REDIRECT] 
2025-08-12 22:21:33,974 [ERROR] LogOutputStream:75 - [STDERR_REDIRECT] [Fatal Error] :1:1: Premature end of file.
2025-08-12 22:21:33,974 [ERROR] LogOutputStream:75 - [STDERR_REDIRECT] 
2025-08-12 22:21:34,966 [ERROR] LogOutputStream:75 - [STDERR_REDIRECT] [Fatal Error] :1:1: Premature end of file.
2025-08-12 22:21:34,966 [ERROR] LogOutputStream:75 - [STDERR_REDIRECT] 
2025-08-12 22:21:35,963 [ERROR] LogOutputStream:75 - [STDERR_REDIRECT] [Fatal Error] :1:1: Premature end of file.
2025-08-12 22:21:35,963 [ERROR] LogOutputStream:75 - [STDERR_REDIRECT] 
2025-08-12 22:21:36,964 [ERROR] LogOutputStream:75 - [STDERR_REDIRECT] [Fatal Error] :1:1: Premature end of file.
2025-08-12 22:21:36,964 [ERROR] LogOutputStream:75 - [STDERR_REDIRECT] 
2025-08-12 22:21:37,975 [ERROR] LogOutputStream:75 - [STDERR_REDIRECT] [Fatal Error] :1:1: Premature end of file.
2025-08-12 22:21:37,976 [ERROR] LogOutputStream:75 - [STDERR_REDIRECT] 
2025-08-12 22:21:38,962 [ERROR] LogOutputStream:75 - [STDERR_REDIRECT] [Fatal Error] :1:1: Premature end of file.
2025-08-12 22:21:38,962 [ERROR] LogOutputStream:75 - [STDERR_REDIRECT] 
2025-08-12 22:21:39,971 [ERROR] LogOutputStream:75 - [STDERR_REDIRECT] [Fatal Error] :1:1: Premature end of file.
2025-08-12 22:21:39,971 [ERROR] LogOutputStream:75 - [STDERR_REDIRECT] 
2025-08-12 22:21:40,970 [ERROR] LogOutputStream:75 - [STDERR_REDIRECT] [Fatal Error] :1:1: Premature end of file.
2025-08-12 22:21:40,970 [ERROR] LogOutputStream:75 - [STDERR_REDIRECT] 
2025-08-12 22:21:41,961 [ERROR] LogOutputStream:75 - [STDERR_REDIRECT] [Fatal Error] :1:1: Premature end of file.
2025-08-12 22:21:41,961 [ERROR] LogOutputStream:75 - [STDERR_REDIRECT] 
2025-08-12 22:21:42,966 [ERROR] LogOutputStream:75 - [STDERR_REDIRECT] [Fatal Error] :1:1: Premature end of file.
2025-08-12 22:21:42,966 [ERROR] LogOutputStream:75 - [STDERR_REDIRECT] 
2025-08-12 22:21:43,984 [ERROR] LogOutputStream:75 - [STDERR_REDIRECT] [Fatal Error] :1:1: Premature end of file.
2025-08-12 22:21:43,984 [ERROR] LogOutputStream:75 - [STDERR_REDIRECT] 
2025-08-12 22:21:44,972 [ERROR] LogOutputStream:75 - [STDERR_REDIRECT] [Fatal Error] :1:1: Premature end of file.
2025-08-12 22:21:44,972 [ERROR] LogOutputStream:75 - [STDERR_REDIRECT] 
2025-08-12 22:21:45,964 [ERROR] LogOutputStream:75 - [STDERR_REDIRECT] [Fatal Error] :1:1: Premature end of file.
2025-08-12 22:21:45,965 [ERROR] LogOutputStream:75 - [STDERR_REDIRECT] 
