2025-08-23 14:02:54,152 [INFO] Activator:176 - 


2025-08-23 14:02:54,156 [INFO] Activator:177 - !SESSION log4j initialized
2025-08-23 14:02:56,073 [INFO] LogOutputStream:77 - [STDOUT_REDIRECT] 
2025-08-23 14:02:57,347 [INFO] ApplicationProperties:184 - Using Application install path: C:\ST\STM32CubeIDE_1.19.0\STM32CubeIDE\plugins\com.st.stm32cube.common.mx_6.15.0.202507011659
2025-08-23 14:02:57,361 [INFO] DbMcusXml:78 - Set database path to: C:\ST\STM32CubeIDE_1.19.0\STM32CubeIDE\plugins\com.st.stm32cube.common.mx_6.15.0.202507011659\\db\/mcu/
2025-08-23 14:02:57,361 [INFO] ApiDb:274 - Set plugin database path to: C:\ST\STM32CubeIDE_1.19.0\STM32CubeIDE\plugins\com.st.stm32cube.common.mx_6.15.0.202507011659\\db\/plugins/boardmanager/
2025-08-23 14:02:57,361 [WARN] ApiDb:259 - Overriding images path with different value:  => C:\ST\STM32CubeIDE_1.19.0\STM32CubeIDE\plugins\com.st.stm32cube.common.mx_6.15.0.202507011659\\db\/plugins/mcufinder/images/
2025-08-23 14:02:57,367 [INFO] ApiDb:250 - Set database path to: C:\Users\sumey\.stmcufinder\plugins\mcufinder//mcu/
2025-08-23 14:02:57,368 [INFO] DbMcusAds:125 - Set database path to: C:\Users\sumey\.stmcufinder\plugins\mcufinder//mcu/
2025-08-23 14:02:57,370 [INFO] CrossReferenceDbSqlite:203 - Set database path to: C:\Users\sumey\.stmcufinder\plugins\mcufinder//mcu/cs/
2025-08-23 14:02:57,451 [INFO] RulesReader:64 - Compatibility file has been processed (317 Rules)
2025-08-23 14:02:57,528 [INFO] DbMcusXml:78 - Set database path to: C:\ST\STM32CubeIDE_1.19.0\STM32CubeIDE\plugins\com.st.stm32cube.common.mx_6.15.0.202507011659\\db\/mcu/
2025-08-23 14:02:57,528 [INFO] ApiDb:274 - Set plugin database path to: C:\ST\STM32CubeIDE_1.19.0\STM32CubeIDE\plugins\com.st.stm32cube.common.mx_6.15.0.202507011659\\db\/plugins/boardmanager/
2025-08-23 14:02:57,529 [INFO] ApiDb:261 - Set plugin images path to: C:\ST\STM32CubeIDE_1.19.0\STM32CubeIDE\plugins\com.st.stm32cube.common.mx_6.15.0.202507011659\\db\/plugins/mcufinder/images/
2025-08-23 14:02:57,529 [WARN] DbFile:41 - Overriding database path with different value: C:\Users\sumey\.stmcufinder\plugins\mcufinder/ => C:\Users\sumey\.stmcufinder\plugins\mcufinder
2025-08-23 14:02:57,529 [INFO] ApiDb:250 - Set database path to: C:\Users\sumey\.stmcufinder\plugins\mcufinder//mcu/
2025-08-23 14:02:57,529 [WARN] DbFile:41 - Overriding database path with different value: C:\Users\sumey\.stmcufinder\plugins\mcufinder/ => C:\Users\sumey\.stmcufinder\plugins\mcufinder
2025-08-23 14:02:57,529 [INFO] DbMcusAds:125 - Set database path to: C:\Users\sumey\.stmcufinder\plugins\mcufinder//mcu/
2025-08-23 14:02:57,529 [WARN] DbFile:41 - Overriding database path with different value: C:\Users\sumey\.stmcufinder\plugins\mcufinder/ => C:\Users\sumey\.stmcufinder\plugins\mcufinder
2025-08-23 14:02:57,529 [WARN] DbFile:41 - Overriding database path with different value: C:\Users\sumey\.stmcufinder\plugins\mcufinder/ => C:\Users\sumey\.stmcufinder\plugins\mcufinder
2025-08-23 14:02:57,529 [INFO] CrossReferenceDbSqlite:203 - Set database path to: C:\Users\sumey\.stmcufinder\plugins\mcufinder//mcu/cs/
2025-08-23 14:02:57,580 [INFO] MainPanel:274 - HeapMemory: 268435456
2025-08-23 14:02:57,660 [INFO] DbMcusXml:78 - Set database path to: C:\ST\STM32CubeIDE_1.19.0\STM32CubeIDE\plugins\com.st.stm32cube.common.mx_6.15.0.202507011659\\db\/mcu/
2025-08-23 14:02:57,660 [INFO] ApiDb:274 - Set plugin database path to: C:\ST\STM32CubeIDE_1.19.0\STM32CubeIDE\plugins\com.st.stm32cube.common.mx_6.15.0.202507011659\\db\/plugins/boardmanager/
2025-08-23 14:02:57,661 [INFO] ApiDb:261 - Set plugin images path to: C:\ST\STM32CubeIDE_1.19.0\STM32CubeIDE\plugins\com.st.stm32cube.common.mx_6.15.0.202507011659\\db\/plugins/mcufinder/images/
2025-08-23 14:02:57,661 [WARN] DbFile:41 - Overriding database path with different value: C:\Users\sumey\.stmcufinder\plugins\mcufinder/ => C:\Users\sumey\.stmcufinder\plugins\mcufinder
2025-08-23 14:02:57,661 [INFO] ApiDb:250 - Set database path to: C:\Users\sumey\.stmcufinder\plugins\mcufinder//mcu/
2025-08-23 14:02:57,661 [WARN] DbFile:41 - Overriding database path with different value: C:\Users\sumey\.stmcufinder\plugins\mcufinder/ => C:\Users\sumey\.stmcufinder\plugins\mcufinder
2025-08-23 14:02:57,661 [INFO] DbMcusAds:125 - Set database path to: C:\Users\sumey\.stmcufinder\plugins\mcufinder//mcu/
2025-08-23 14:02:57,661 [WARN] DbFile:41 - Overriding database path with different value: C:\Users\sumey\.stmcufinder\plugins\mcufinder/ => C:\Users\sumey\.stmcufinder\plugins\mcufinder
2025-08-23 14:02:57,661 [WARN] DbFile:41 - Overriding database path with different value: C:\Users\sumey\.stmcufinder\plugins\mcufinder/ => C:\Users\sumey\.stmcufinder\plugins\mcufinder
2025-08-23 14:02:57,661 [INFO] CrossReferenceDbSqlite:203 - Set database path to: C:\Users\sumey\.stmcufinder\plugins\mcufinder//mcu/cs/
2025-08-23 14:02:57,673 [INFO] ApplicationProperties:184 - Using Application install path: C:\ST\STM32CubeIDE_1.19.0\STM32CubeIDE\plugins\com.st.stm32cube.common.mx_6.15.0.202507011659
2025-08-23 14:02:57,674 [INFO] PluginManage:196 - Search for loadable plugins [exclusion list=, ]
2025-08-23 14:02:57,676 [INFO] PluginManage:310 - Check plugin analytics
2025-08-23 14:02:57,832 [INFO] AnalyticsPlugin:253 - Accepted Software Licenses: 
2025-08-23 14:02:57,833 [INFO] AnalyticsPlugin:255 - Accepted CMSIS Pack Licenses: 
2025-08-23 14:02:57,833 [INFO] AnalyticsPlugin:257 - Accepted Firmware Licenses: 
2025-08-23 14:02:57,834 [INFO] PluginManage:359 - Loaded plugin analytics (category:tool,tabindex:-1)
2025-08-23 14:02:57,834 [INFO] PluginManage:310 - Check plugin cadmodel
2025-08-23 14:02:57,840 [INFO] CADModel:105 - Init CAD model plugin
2025-08-23 14:02:57,840 [INFO] PluginManage:359 - Loaded plugin cadmodel (category:power,tabindex:5)
2025-08-23 14:02:57,840 [INFO] PluginManage:310 - Check plugin clock
2025-08-23 14:02:57,847 [INFO] PluginManage:359 - Loaded plugin clock (category:base,tabindex:2)
2025-08-23 14:02:57,847 [INFO] PluginManage:310 - Check plugin ddr
2025-08-23 14:02:57,849 [INFO] PluginManage:359 - Loaded plugin ddr (category:tool,tabindex:6)
2025-08-23 14:02:57,849 [INFO] PluginManage:310 - Check plugin filemanager
2025-08-23 14:02:57,957 [INFO] PluginManage:359 - Loaded plugin filemanager (category:base,tabindex:10)
2025-08-23 14:02:57,957 [INFO] PluginManage:310 - Check plugin ipmanager
2025-08-23 14:02:57,961 [INFO] PluginManage:359 - Loaded plugin ipmanager (category:base,tabindex:5)
2025-08-23 14:02:57,962 [INFO] PluginManage:310 - Check plugin lpbam
2025-08-23 14:02:57,966 [INFO] PluginManage:359 - Loaded plugin lpbam (category:base,tabindex:0)
2025-08-23 14:02:57,967 [INFO] PluginManage:310 - Check plugin memorymap
2025-08-23 14:02:57,977 [INFO] PluginManage:359 - Loaded plugin memorymap (category:base,tabindex:4)
2025-08-23 14:02:57,977 [INFO] PluginManage:310 - Check plugin pinoutandconfiguration
2025-08-23 14:02:57,985 [INFO] PluginManage:359 - Loaded plugin pinoutandconfiguration (category:base,tabindex:1)
2025-08-23 14:02:57,985 [INFO] PluginManage:310 - Check plugin pinoutconfig
2025-08-23 14:02:58,048 [WARN] SupportedApi:132 - Cannot load RTOS API schema: s4s-elt-must-match.1: The content of 'definitions' must match (annotation?, (simpleType | complexType)?, (unique | key | keyref)*)). A problem was found starting at: attribute.
2025-08-23 14:02:58,138 [INFO] PluginManage:359 - Loaded plugin pinoutconfig (category:base,tabindex:0)
2025-08-23 14:02:58,138 [INFO] PluginManage:310 - Check plugin power
2025-08-23 14:02:58,144 [INFO] PluginManage:359 - Loaded plugin power (category:power,tabindex:4)
2025-08-23 14:02:58,145 [INFO] PluginManage:310 - Check plugin projectmanager
2025-08-23 14:02:58,156 [INFO] PluginManage:359 - Loaded plugin projectmanager (category:projectmanager,tabindex:4)
2025-08-23 14:02:58,157 [INFO] PluginManage:310 - Check plugin rif
2025-08-23 14:02:58,164 [INFO] PluginManage:359 - Loaded plugin rif (category:base,tabindex:3)
2025-08-23 14:02:58,164 [INFO] PluginManage:310 - Check plugin thirdparty
2025-08-23 14:02:58,279 [INFO] PluginManage:359 - Loaded plugin thirdparty (category:base,tabindex:-1)
2025-08-23 14:02:58,279 [WARN] IntegrityCheckThread:84 - waiting for thirdparty lock release [integrity check]
2025-08-23 14:02:58,279 [INFO] PluginManage:310 - Check plugin tools
2025-08-23 14:02:58,279 [INFO] IntegrityCheckThread:86 - entering critical section [integrity check]
2025-08-23 14:02:58,280 [INFO] ThirdPartyUpdaterWithRetryManager:70 - Updater plugin not ready yet. [1/15]
2025-08-23 14:02:58,282 [INFO] PluginManage:359 - Loaded plugin tools (category:base,tabindex:7)
2025-08-23 14:02:58,282 [INFO] PluginManage:310 - Check plugin tutovideos
2025-08-23 14:02:58,425 [INFO] PluginManage:359 - Loaded plugin tutovideos (category:base,tabindex:-1)
2025-08-23 14:02:58,425 [INFO] PluginManage:310 - Check plugin updater
2025-08-23 14:02:58,443 [INFO] PluginManage:359 - Loaded plugin updater (category:base,tabindex:12)
2025-08-23 14:02:58,443 [INFO] PluginManage:310 - Check plugin userauth
2025-08-23 14:02:58,446 [INFO] UserAuth:118 - Init User Auth plugin
2025-08-23 14:02:58,446 [INFO] PluginManage:359 - Loaded plugin userauth (category:base,tabindex:14)
2025-08-23 14:02:58,447 [INFO] PluginManage:283 - PluginManage : Loaded plugins [18]
2025-08-23 14:02:58,595 [INFO] PinOutPanel:1589 - setPackage(No Configuration,No Configuration)
2025-08-23 14:02:58,653 [INFO] CADModel:165 - CPN selected for project level
2025-08-23 14:02:58,654 [INFO] CADModel:114 - Register for checkConnection events
2025-08-23 14:02:58,666 [INFO] IPUIPlugin:80 - create IPUIPlugin
2025-08-23 14:02:58,667 [INFO] PluginManager:220 - loadIPPluginJar : add adc
2025-08-23 14:02:58,669 [INFO] IPUIPlugin:80 - create IPUIPlugin
2025-08-23 14:02:58,669 [INFO] PluginManager:220 - loadIPPluginJar : add aes
2025-08-23 14:02:58,671 [INFO] IPUIPlugin:80 - create IPUIPlugin
2025-08-23 14:02:58,671 [INFO] PluginManager:220 - loadIPPluginJar : add can
2025-08-23 14:02:58,673 [INFO] IPUIPlugin:80 - create IPUIPlugin
2025-08-23 14:02:58,673 [INFO] PluginManager:220 - loadIPPluginJar : add comp
2025-08-23 14:02:58,675 [INFO] IPUIPlugin:80 - create IPUIPlugin
2025-08-23 14:02:58,675 [INFO] PluginManager:220 - loadIPPluginJar : add cryp
2025-08-23 14:02:58,676 [INFO] IPUIPlugin:80 - create IPUIPlugin
2025-08-23 14:02:58,676 [INFO] PluginManager:220 - loadIPPluginJar : add ddr_ctrl_phy
2025-08-23 14:02:58,679 [INFO] IPUIPlugin:80 - create IPUIPlugin
2025-08-23 14:02:58,679 [INFO] PluginManager:220 - loadIPPluginJar : add dfsdm
2025-08-23 14:02:58,683 [INFO] IPUIPlugin:80 - create IPUIPlugin
2025-08-23 14:02:58,683 [INFO] PluginManager:220 - loadIPPluginJar : add dma
2025-08-23 14:02:58,685 [INFO] IPUIPlugin:80 - create IPUIPlugin
2025-08-23 14:02:58,685 [INFO] PluginManager:220 - loadIPPluginJar : add dma3
2025-08-23 14:02:58,687 [INFO] IPUIPlugin:80 - create IPUIPlugin
2025-08-23 14:02:58,687 [INFO] PluginManager:220 - loadIPPluginJar : add extmemmanager
2025-08-23 14:02:58,688 [INFO] IPUIPlugin:80 - create IPUIPlugin
2025-08-23 14:02:58,688 [INFO] PluginManager:220 - loadIPPluginJar : add fatfs
2025-08-23 14:02:58,691 [INFO] IPUIPlugin:80 - create IPUIPlugin
2025-08-23 14:02:58,691 [INFO] PluginManager:220 - loadIPPluginJar : add fmc
2025-08-23 14:02:58,696 [INFO] IPUIPlugin:80 - create IPUIPlugin
2025-08-23 14:02:58,696 [INFO] PluginManager:220 - loadIPPluginJar : add freertos
2025-08-23 14:02:58,697 [INFO] IPUIPlugin:80 - create IPUIPlugin
2025-08-23 14:02:58,697 [INFO] PluginManager:220 - loadIPPluginJar : add genericplugin
2025-08-23 14:02:58,699 [INFO] IPUIPlugin:80 - create IPUIPlugin
2025-08-23 14:02:58,699 [INFO] PluginManager:220 - loadIPPluginJar : add gfxmmu
2025-08-23 14:02:58,702 [INFO] IPUIPlugin:80 - create IPUIPlugin
2025-08-23 14:02:58,702 [INFO] PluginManager:220 - loadIPPluginJar : add gic
2025-08-23 14:02:58,704 [INFO] IPUIPlugin:80 - create IPUIPlugin
2025-08-23 14:02:58,704 [INFO] PluginManager:220 - loadIPPluginJar : add gpio
2025-08-23 14:02:58,706 [INFO] IPUIPlugin:80 - create IPUIPlugin
2025-08-23 14:02:58,706 [INFO] PluginManager:220 - loadIPPluginJar : add gtzc
2025-08-23 14:02:58,708 [INFO] IPUIPlugin:80 - create IPUIPlugin
2025-08-23 14:02:58,708 [INFO] PluginManager:220 - loadIPPluginJar : add hash
2025-08-23 14:02:58,710 [INFO] IPUIPlugin:80 - create IPUIPlugin
2025-08-23 14:02:58,710 [INFO] PluginManager:220 - loadIPPluginJar : add i2c
2025-08-23 14:02:58,712 [INFO] IPUIPlugin:80 - create IPUIPlugin
2025-08-23 14:02:58,712 [INFO] PluginManager:220 - loadIPPluginJar : add i2s
2025-08-23 14:02:58,714 [INFO] IPUIPlugin:80 - create IPUIPlugin
2025-08-23 14:02:58,714 [INFO] PluginManager:220 - loadIPPluginJar : add i3c
2025-08-23 14:02:58,716 [INFO] IPUIPlugin:80 - create IPUIPlugin
2025-08-23 14:02:58,717 [INFO] PluginManager:220 - loadIPPluginJar : add ipddr
2025-08-23 14:02:58,722 [INFO] IPUIPlugin:80 - create IPUIPlugin
2025-08-23 14:02:58,722 [INFO] PluginManager:220 - loadIPPluginJar : add linkedlist
2025-08-23 14:02:58,724 [INFO] IPUIPlugin:80 - create IPUIPlugin
2025-08-23 14:02:58,724 [INFO] PluginManager:220 - loadIPPluginJar : add lorawan
2025-08-23 14:02:58,726 [INFO] IPUIPlugin:80 - create IPUIPlugin
2025-08-23 14:02:58,726 [INFO] PluginManager:220 - loadIPPluginJar : add ltdc
2025-08-23 14:02:58,730 [INFO] IPUIPlugin:80 - create IPUIPlugin
2025-08-23 14:02:58,730 [INFO] PluginManager:220 - loadIPPluginJar : add mdma
2025-08-23 14:02:58,732 [INFO] IPUIPlugin:80 - create IPUIPlugin
2025-08-23 14:02:58,732 [INFO] PluginManager:220 - loadIPPluginJar : add nvic
2025-08-23 14:02:58,735 [INFO] IPUIPlugin:80 - create IPUIPlugin
2025-08-23 14:02:58,735 [INFO] PluginManager:220 - loadIPPluginJar : add opamp
2025-08-23 14:02:58,736 [INFO] IPUIPlugin:80 - create IPUIPlugin
2025-08-23 14:02:58,736 [INFO] PluginManager:220 - loadIPPluginJar : add openamp
2025-08-23 14:02:58,738 [INFO] IPUIPlugin:80 - create IPUIPlugin
2025-08-23 14:02:58,738 [INFO] PluginManager:220 - loadIPPluginJar : add pdm2pcm
2025-08-23 14:02:58,742 [INFO] IPUIPlugin:80 - create IPUIPlugin
2025-08-23 14:02:58,743 [INFO] PluginManager:220 - loadIPPluginJar : add plateformsettings
2025-08-23 14:02:58,744 [INFO] IPUIPlugin:80 - create IPUIPlugin
2025-08-23 14:02:58,744 [INFO] PluginManager:220 - loadIPPluginJar : add quadspi
2025-08-23 14:02:58,747 [INFO] IPUIPlugin:80 - create IPUIPlugin
2025-08-23 14:02:58,747 [INFO] PluginManager:220 - loadIPPluginJar : add radio
2025-08-23 14:02:58,750 [INFO] IPUIPlugin:80 - create IPUIPlugin
2025-08-23 14:02:58,750 [INFO] PluginManager:220 - loadIPPluginJar : add resmgrutility
2025-08-23 14:02:58,752 [INFO] IPUIPlugin:80 - create IPUIPlugin
2025-08-23 14:02:58,752 [INFO] PluginManager:220 - loadIPPluginJar : add sai
2025-08-23 14:02:58,754 [INFO] IPUIPlugin:80 - create IPUIPlugin
2025-08-23 14:02:58,754 [INFO] PluginManager:220 - loadIPPluginJar : add spi
2025-08-23 14:02:58,757 [INFO] IPUIPlugin:80 - create IPUIPlugin
2025-08-23 14:02:58,757 [INFO] PluginManager:220 - loadIPPluginJar : add stm32_wpan
2025-08-23 14:02:58,758 [INFO] IPUIPlugin:80 - create IPUIPlugin
2025-08-23 14:02:58,758 [INFO] PluginManager:220 - loadIPPluginJar : add tim
2025-08-23 14:02:58,761 [INFO] IPUIPlugin:80 - create IPUIPlugin
2025-08-23 14:02:58,761 [INFO] PluginManager:220 - loadIPPluginJar : add touchsensing
2025-08-23 14:02:58,762 [INFO] IPUIPlugin:80 - create IPUIPlugin
2025-08-23 14:02:58,762 [INFO] PluginManager:220 - loadIPPluginJar : add tracer_emb
2025-08-23 14:02:58,763 [INFO] IPUIPlugin:80 - create IPUIPlugin
2025-08-23 14:02:58,763 [INFO] PluginManager:220 - loadIPPluginJar : add ts
2025-08-23 14:02:58,764 [INFO] IPUIPlugin:80 - create IPUIPlugin
2025-08-23 14:02:58,764 [INFO] PluginManager:220 - loadIPPluginJar : add tsc
2025-08-23 14:02:58,766 [INFO] IPUIPlugin:80 - create IPUIPlugin
2025-08-23 14:02:58,766 [INFO] PluginManager:220 - loadIPPluginJar : add ucpd
2025-08-23 14:02:58,768 [INFO] IPUIPlugin:80 - create IPUIPlugin
2025-08-23 14:02:58,768 [INFO] PluginManager:220 - loadIPPluginJar : add usart
2025-08-23 14:02:58,770 [INFO] IPUIPlugin:80 - create IPUIPlugin
2025-08-23 14:02:58,770 [INFO] PluginManager:220 - loadIPPluginJar : add usbx
2025-08-23 14:02:58,875 [FATAL] Updater:351 - Updater called before beeing initialized
2025-08-23 14:02:58,881 [INFO] McuFinderGlobals:63 - Set McuFinder mode to 2 (CubeIDE integrated)
2025-08-23 14:02:58,897 [INFO] RulesReader:64 - Compatibility file has been processed (317 Rules)
2025-08-23 14:02:58,904 [INFO] RulesReader:64 - Compatibility file has been processed (317 Rules)
2025-08-23 14:02:58,912 [INFO] CADModel:165 - CPN selected for project level
2025-08-23 14:02:58,912 [INFO] CADModel:114 - Register for checkConnection events
2025-08-23 14:02:58,912 [FATAL] Updater:351 - Updater called before beeing initialized
2025-08-23 14:02:58,912 [ERROR] CADModel:125 - Updater not yet initialized, retry later 
2025-08-23 14:02:59,028 [FATAL] Updater:351 - Updater called before beeing initialized
2025-08-23 14:02:59,030 [INFO] CADModel:165 - CPN selected for project level
2025-08-23 14:02:59,030 [INFO] CADModel:114 - Register for checkConnection events
2025-08-23 14:02:59,030 [FATAL] Updater:351 - Updater called before beeing initialized
2025-08-23 14:02:59,030 [ERROR] CADModel:125 - Updater not yet initialized, retry later 
2025-08-23 14:02:59,032 [FATAL] Updater:351 - Updater called before beeing initialized
2025-08-23 14:02:59,120 [FATAL] Updater:351 - Updater called before beeing initialized
2025-08-23 14:02:59,124 [INFO] DbMcusAds:53 - JSON generation date=Tue Jul 08 11:14:23 TRT 2025 (1751962463582)
2025-08-23 14:02:59,124 [FATAL] Updater:351 - Updater called before beeing initialized
2025-08-23 14:02:59,151 [WARN] DetailPanel:346 - Failed to get advertising image, set to default
2025-08-23 14:02:59,207 [FATAL] Updater:351 - Updater called before beeing initialized
2025-08-23 14:02:59,209 [FATAL] Updater:351 - Updater called before beeing initialized
2025-08-23 14:02:59,209 [FATAL] Updater:351 - Updater called before beeing initialized
2025-08-23 14:02:59,209 [WARN] DetailPanel:346 - Failed to get advertising image, set to default
2025-08-23 14:02:59,210 [FATAL] Updater:351 - Updater called before beeing initialized
2025-08-23 14:02:59,238 [ERROR] Updater:1198 - MainUpdater not yet initialized. External WinMGr cannot be set.
2025-08-23 14:02:59,240 [INFO] Updater:1134 - Updater Version found : 6.15.0
2025-08-23 14:02:59,253 [INFO] ApplicationProperties:184 - Using Application install path: C:\ST\STM32CubeIDE_1.19.0\STM32CubeIDE\plugins\com.st.stm32cube.common.mx_6.15.0.202507011659
2025-08-23 14:03:00,832 [ERROR] LogOutputStream:75 - [STDERR_REDIRECT] Aug 23, 2025 2:03:00 PM java.util.prefs.WindowsPreferences <init>
2025-08-23 14:03:00,833 [ERROR] LogOutputStream:75 - [STDERR_REDIRECT] WARNING: Could not open/create prefs root node Software\JavaSoft\Prefs at root 0xffffffff80000002. Windows RegCreateKeyEx(...) returned error code 5.
2025-08-23 14:03:00,834 [ERROR] LogOutputStream:75 - [STDERR_REDIRECT] 
2025-08-23 14:03:01,232 [INFO] MainUpdater:2872 - connection check result : 10
2025-08-23 14:03:01,232 [INFO] MainUpdater:3604 - Updater definition file requires update
2025-08-23 14:03:01,232 [INFO] MainUpdater:289 - Updater Check For Update Now.
2025-08-23 14:03:01,232 [INFO] MicroXplorer:498 - Change Database Version : DB.6.0.150
2025-08-23 14:03:01,237 [INFO] McuFinderGlobals:63 - Set McuFinder mode to 2 (CubeIDE integrated)
2025-08-23 14:03:01,238 [INFO] UserAuth:171 - activating auth plugin
2025-08-23 14:03:01,239 [INFO] UserAuth:487 - Internet connection configuration mode: 1
2025-08-23 14:03:01,251 [INFO] JxBrowserEngine:152 - Initiate JxBrowser Engine with user profile folder
2025-08-23 14:03:01,281 [WARN] MainUpdater:1193 - Updater busy. Cannot search thirdparties
2025-08-23 14:03:01,281 [INFO] ThirdPartyUpdaterWithRetryManager:96 - Updater plugin is busy. [1/15]
2025-08-23 14:03:01,298 [INFO] ServerAccessManage:452 - Complete download http(s) 200
2025-08-23 14:03:01,298 [INFO] ServerAccessManage:509 - Download File updaters.zip
2025-08-23 14:03:01,476 [INFO] FileExtend:248 - Unzip File : updaters.zip
2025-08-23 14:03:01,476 [INFO] FileExtend:263 - Standard Zip Deflate
2025-08-23 14:03:01,726 [INFO] ServerAccessManage:452 - Complete download http(s) 200
2025-08-23 14:03:01,726 [INFO] ServerAccessManage:509 - Download File PacksControlFlags.xml
2025-08-23 14:03:01,822 [INFO] ServerAccessManage:452 - Complete download http(s) 200
2025-08-23 14:03:01,822 [INFO] ServerAccessManage:509 - Download File cubemx.pidx
2025-08-23 14:03:01,891 [INFO] LoadServerUpdatesThread:375 - End of LoadServerUpdate Thread
2025-08-23 14:03:02,037 [INFO] CheckServerUpdateThread:120 - End of CheckServer Thread
2025-08-23 14:03:02,043 [INFO] MainUpdater:2872 - connection check result : 10
2025-08-23 14:03:02,045 [INFO] McuFinderGlobals:76 - Set McuFinderConnectedMode to true
2025-08-23 14:03:02,238 [INFO] ServerAccessManage:452 - Complete download http(s) 200
2025-08-23 14:03:02,238 [INFO] ServerAccessManage:509 - Download File mcusAds.json._tmp_
2025-08-23 14:03:02,349 [INFO] LoadUrlFilesThread:156 - End of LoadUrlFiles Thread
2025-08-23 14:03:02,525 [INFO] ServerAccessManage:452 - Complete download http(s) 200
2025-08-23 14:03:02,526 [INFO] ServerAccessManage:509 - Download File cube-finder-db.zip
2025-08-23 14:03:02,671 [INFO] WebApp:169 - Instantiating new browser for Auth
2025-08-23 14:03:03,244 [INFO] WebApp:463 - Apply proxy settings
2025-08-23 14:03:03,244 [INFO] WebApp:548 - Chromium requires no authentication
2025-08-23 14:03:03,253 [INFO] WebApp:491 - Direct internet connection detected
2025-08-23 14:03:03,276 [INFO] WebApp:900 - Register for checkConnection events
2025-08-23 14:03:03,276 [INFO] WebApp:463 - Apply proxy settings
2025-08-23 14:03:03,276 [INFO] WebApp:548 - Chromium requires no authentication
2025-08-23 14:03:03,276 [INFO] WebApp:491 - Direct internet connection detected
2025-08-23 14:03:03,416 [INFO] WebApp:225 - Starting web application
2025-08-23 14:03:03,416 [INFO] WebApp:593 - Web application path used C:\ST\STM32CubeIDE_1.19.0\STM32CubeIDE\plugins\com.st.stm32cube.common.mx_6.15.0.202507011659\db\plugins\mcufinder\reactClient1\index.html
2025-08-23 14:03:03,618 [ERROR] LogOutputStream:75 - [STDERR_REDIRECT] [Fatal Error] :1:1: Premature end of file.
2025-08-23 14:03:03,618 [ERROR] LogOutputStream:75 - [STDERR_REDIRECT] 
2025-08-23 14:03:03,755 [INFO] WebApp:191 - Connection restablished
2025-08-23 14:03:04,282 [WARN] MainUpdater:1193 - Updater busy. Cannot search thirdparties
2025-08-23 14:03:04,282 [INFO] ThirdPartyUpdaterWithRetryManager:96 - Updater plugin is busy. [2/15]
2025-08-23 14:03:04,594 [ERROR] LogOutputStream:75 - [STDERR_REDIRECT] [Fatal Error] :1:1: Premature end of file.
2025-08-23 14:03:04,594 [ERROR] LogOutputStream:75 - [STDERR_REDIRECT] 
2025-08-23 14:03:05,595 [ERROR] LogOutputStream:75 - [STDERR_REDIRECT] [Fatal Error] :1:1: Premature end of file.
2025-08-23 14:03:05,595 [ERROR] LogOutputStream:75 - [STDERR_REDIRECT] 
2025-08-23 14:03:05,676 [INFO] FileExtend:248 - Unzip File : cube-finder-db.zip
2025-08-23 14:03:05,676 [INFO] FileExtend:263 - Standard Zip Deflate
2025-08-23 14:03:06,240 [INFO] LoadUrlFilesThread:156 - End of LoadUrlFiles Thread
2025-08-23 14:03:06,573 [INFO] ServerAccessManage:452 - Complete download http(s) 200
2025-08-23 14:03:06,574 [INFO] ServerAccessManage:509 - Download File crdb.zip
2025-08-23 14:03:06,607 [ERROR] LogOutputStream:75 - [STDERR_REDIRECT] [Fatal Error] :1:1: Premature end of file.
2025-08-23 14:03:06,607 [ERROR] LogOutputStream:75 - [STDERR_REDIRECT] 
2025-08-23 14:03:06,800 [INFO] FileExtend:248 - Unzip File : crdb.zip
2025-08-23 14:03:06,801 [INFO] FileExtend:263 - Standard Zip Deflate
2025-08-23 14:03:06,929 [INFO] LoadUrlFilesThread:156 - End of LoadUrlFiles Thread
2025-08-23 14:03:07,092 [INFO] ServerAccessManage:452 - Complete download http(s) 200
2025-08-23 14:03:07,093 [INFO] ServerAccessManage:509 - Download File tutoVideoDB.zip
2025-08-23 14:03:07,113 [INFO] FileExtend:248 - Unzip File : tutoVideoDB.zip
2025-08-23 14:03:07,114 [INFO] FileExtend:263 - Standard Zip Deflate
2025-08-23 14:03:07,231 [INFO] LoadUrlFilesThread:156 - End of LoadUrlFiles Thread
2025-08-23 14:03:07,237 [WARN] DbFile:41 - Overriding database path with different value: C:\Users\sumey\.stmcufinder\plugins\mcufinder/ => C:\Users\sumey\.stmcufinder\plugins\mcufinder
2025-08-23 14:03:07,283 [WARN] MainUpdater:1193 - Updater busy. Cannot search thirdparties
2025-08-23 14:03:07,283 [INFO] ThirdPartyUpdaterWithRetryManager:96 - Updater plugin is busy. [3/15]
2025-08-23 14:03:07,396 [INFO] ServerAccessManage:452 - Complete download http(s) 200
2025-08-23 14:03:07,397 [INFO] ServerAccessManage:509 - Download File api_config.json
2025-08-23 14:03:07,510 [INFO] LoadUrlFilesThread:156 - End of LoadUrlFiles Thread
2025-08-23 14:03:07,513 [INFO] DbMcusAds:53 - JSON generation date=Tue Jul 08 11:14:23 TRT 2025 (1751962463582)
2025-08-23 14:03:07,551 [INFO] LoadUrlFilesThread:185 - End of LoadServerUrlFiles without Thread
2025-08-23 14:03:07,552 [INFO] TargetSelectorAdapter:259 - Refresh data is successful
2025-08-23 14:03:07,604 [ERROR] LogOutputStream:75 - [STDERR_REDIRECT] [Fatal Error] :1:1: Premature end of file.
2025-08-23 14:03:07,604 [ERROR] LogOutputStream:75 - [STDERR_REDIRECT] 
2025-08-23 14:03:07,670 [INFO] ApiDb:581 - Connected to CubeFinder SQLite database (C:\Users\sumey\.stmcufinder\plugins\mcufinder\mcu\cube-finder-db.db)
2025-08-23 14:03:07,713 [INFO] ApiDb:668 - CubeFinder database Data Model version=2.1
2025-08-23 14:03:07,714 [INFO] ApiDb:669 - CubeFinder database Configuration version=3.0.39
2025-08-23 14:03:07,714 [INFO] ApiDb:670 - CubeFinder database generation date=2025-07-24 (1753349077)
2025-08-23 14:03:07,714 [INFO] ApiDb:671 - CubeFinder database FW Pack versions=[FP-ATR-ASTRA1_V2.0.0, FP-SNS-FLIGHT1_V5.1.0, FP-SNS-MOTENV1_V5.0.0, FP-SNS-MOTENVWB1_V1.4.0, FP-SNS-SMARTAG2_V1.2.0, FP-SNS-STBOX1_V2.0.0, STM32Cube_FW_C0_V1.4.0, STM32Cube_FW_F4_V1.28.2, STM32Cube_FW_F7_V1.17.3, STM32Cube_FW_G0_V1.6.2, STM32Cube_FW_G4_V1.6.1, STM32Cube_FW_H5_V1.5.0, STM32Cube_FW_H7RS_V1.2.0, STM32Cube_FW_H7_V1.12.1, STM32Cube_FW_L0_V1.12.2, STM32Cube_FW_L4_V1.18.1, STM32Cube_FW_L5_V1.5.1, STM32Cube_FW_N6_V1.2.0, STM32Cube_FW_U0_V1.3.0, STM32Cube_FW_U3_V1.2.0, STM32Cube_FW_U5_V1.8.0, STM32Cube_FW_WB0_V1.3.0, STM32Cube_FW_WBA_V1.7.0, STM32Cube_FW_WB_V1.23.0, STM32Cube_FW_WL3_V1.2.0, STM32Cube_FW_WL_V1.3.1, X-CUBE-ALGOBUILD_V1.4.0, X-CUBE-ALS_V1.0.2, X-CUBE-AZRTOS-F4_V1.1.0, X-CUBE-AZRTOS-F7_V1.1.0, X-CUBE-AZRTOS-G0_V1.1.0, X-CUBE-AZRTOS-G4_V2.0.0, X-CUBE-AZRTOS-H7RS_V1.1.0, X-CUBE-AZRTOS-H7_V3.4.0, X-CUBE-AZRTOS-L4_V2.0.0, X-CUBE-AZRTOS-L5_V2.0.0, X-CUBE-AZRTOS-WB_V2.0.0, X-CUBE-AZRTOS-WL_V2.0.0, X-CUBE-BLE1_V7.1.0, X-CUBE-BLE2_V3.3.0, X-CUBE-BLEMGR_V4.1.0, X-CUBE-EEPRMA1_V5.2.0, X-CUBE-FREERTOS_V1.3.1, X-CUBE-GNSS1_V6.0.0, X-CUBE-MEMS1_V11.3.0, X-CUBE-NFC4_V3.0.0, X-CUBE-NFC7_V2.0.0, X-CUBE-SFXS2LP1_V4.0.0, X-CUBE-ST67W61_V1.0.0, X-CUBE-SUBG2_V5.0.0, X-CUBE-TOF1_V3.4.3]
2025-08-23 14:03:08,595 [ERROR] LogOutputStream:75 - [STDERR_REDIRECT] [Fatal Error] :1:1: Premature end of file.
2025-08-23 14:03:08,595 [ERROR] LogOutputStream:75 - [STDERR_REDIRECT] 
2025-08-23 14:03:09,024 [INFO] ApiDb:240 - Found 880 in-development CPN: [B-G473E-ZEST1S, B-WB1M-WPAN1, B-WBA5M-WPAN, B-WL5M-SUBG1, NUCLEO-C031C6, NUCLEO-C051C8, NUCLEO-C071RB, NUCLEO-C092RC, NUCLEO-H503RB, NUCLEO-H533RE, NUCLEO-H563ZI, NUCLEO-H7S3L8, NUCLEO-N657X0-Q, NUCLEO-U031R8, NUCLEO-U083RC, NUCLEO-U385RG-Q, NUCLEO-U545RE-Q, NUCLEO-U5A5ZJ-Q, NUCLEO-WB05KZ, NUCLEO-WB07CC, NUCLEO-WB09KE, NUCLEO-WBA52CG, NUCLEO-WBA55CG, NUCLEO-WL33CC1, NUCLEO-WL33CC2, STEVAL-PROTEUS1, STEVAL-SMARTAG2, STEVAL-STWINBX1, STM320518-EVAL, STM32C0116-DK, STM32C011D6Y3TR, STM32C011D6Y6TR, STM32C011F4P3, STM32C011F4P6, STM32C011F4U3, STM32C011F4U6TR, STM32C011F6P3, STM32C011F6P6, STM32C011F6U3, STM32C011F6U6TR, STM32C011J4M3, STM32C011J4M6, STM32C011J6M3, STM32C011J6M6, STM32C0316-DK, STM32C031C4T3, STM32C031C4T6, STM32C031C4U3, STM32C031C4U6, STM32C031C6T3, STM32C031C6T6, STM32C031C6U3, STM32C031C6U6, STM32C031F4P3, STM32C031F4P6, STM32C031F6P3, STM32C031F6P6, STM32C031G4U3, STM32C031G4U6, STM32C031G6U3, STM32C031G6U6, STM32C031K4T3, STM32C031K4T6, STM32C031K4U3, STM32C031K4U6, STM32C031K6T3, STM32C031K6T6, STM32C031K6U3, STM32C031K6U6, STM32C051C6T6, STM32C051C6U6, STM32C051C8T6, STM32C051C8U6, STM32C051D8Y6TR, STM32C051F6P6, STM32C051F8P6, STM32C051G6U6, STM32C051G8U6, STM32C051K6T6, STM32C051K6U6, STM32C051K8T6, STM32C071C8T6, STM32C071C8T6N, STM32C071C8U6, STM32C071C8U6N, STM32C071CBT6, STM32C071CBT6N, STM32C071CBU6, STM32C071CBU6N, STM32C071F8P6, STM32C071F8P6N, STM32C071FBP6, STM32C071FBP6N, STM32C071FBY6TR, STM32C071G8U6, STM32C071G8U6N, STM32C071GBU6, STM32C071GBU6N, STM32C071K8T6, STM32C071K8T6N, STM32C071K8U6, STM32C071K8U6N, STM32C071KBT6, STM32C071KBT6N, STM32C071KBU6, STM32C071KBU6N, STM32C071R8T6, STM32C071R8T6N, STM32C071RBI6N, STM32C071RBT6, STM32C071RBT6N, STM32C091CBT6, STM32C091CBU6, STM32C091CCT6, STM32C091CCU6, STM32C091ECY6TR, STM32C091FBP6, STM32C091FCP6, STM32C091GBU6, STM32C091GCU6, STM32C091KBT6, STM32C091KBU6, STM32C091KCT6, STM32C091KCU6, STM32C091RBT6, STM32C091RCI6, STM32C091RCT6, STM32C092CBT6, STM32C092CBU6, STM32C092CCT6, STM32C092CCU6, STM32C092ECY6TR, STM32C092FBP6, STM32C092FCP6, STM32C092GBU6, STM32C092GCU6, STM32C092KBT6, STM32C092KBU6, STM32C092KCT6, STM32C092KCU6, STM32C092RBT6, STM32C092RCI6, STM32C092RCT6, STM32G071K8TXN, STM32G071K8UXN, STM32G081GBU6N, STM32G081KBT6N, STM32G081KBUXN, STM32G0B1CCT6N, STM32G0B1KCT6, STM32G0B1NEY6TR, STM32G0B1RCT6N, STM32G0C1CCT6, STM32G0C1CCT6N, STM32G0C1CCU6N, STM32G0C1CET6N, STM32G0C1CEU6N, STM32G0C1KCT6, STM32G0C1NEY6TR, STM32G0C1RCI6N, STM32G0C1RCT6N, STM32G0C1REI6N, STM32G0C1RET6N, STM32G0C1VCI6, STM32G0C1VEI6, STM32G411C6T3, STM32G411C6T6, STM32G411C6U3, STM32G411C6U6, STM32G411C8T3, STM32G411C8T6, STM32G411C8U3, STM32G411C8U6, STM32G411CBT3, STM32G411CBT6, STM32G411CBU3, STM32G411CBU6, STM32G411K6T3, STM32G411K6T6, STM32G411K6U3, STM32G411K6U6, STM32G411K8T3, STM32G411K8T6, STM32G411K8U3, STM32G411K8U6, STM32G411KBT3, STM32G411KBT6, STM32G411KBU3, STM32G411KBU6, STM32G411M6T3, STM32G411M6T6, STM32G411M8T3, STM32G411M8T6, STM32G411MBT3, STM32G411MBT6, STM32G411R6T3, STM32G411R6T6, STM32G411R8T3, STM32G411R8T6, STM32G411RBT3, STM32G411RBT6, STM32G414CBT3, STM32G414CBT6, STM32G414CBU3, STM32G414CBU6, STM32G414CCT3, STM32G414CCT6, STM32G414CCU3, STM32G414CCU6, STM32G414MBT3, STM32G414MBT6, STM32G414MCT3, STM32G414MCT6, STM32G414RBT3, STM32G414RBT6, STM32G414RCT3, STM32G414RCT6, STM32G414VBT3, STM32G414VBT6, STM32G414VCT3, STM32G414VCT6, STM32G431CBT3Z, STM32G431RBT3Z, STM32G471CCT6, STM32G471CCU6, STM32G471CET3, STM32G471CET6, STM32G471CEU3, STM32G471CEU6, STM32G471MCT6, STM32G471MET3, STM32G471MET6, STM32G471MEY6TR, STM32G471QCT6, STM32G471QET3, STM32G471RCT6, STM32G471RET3, STM32G471RET6, STM32G471VCH6, STM32G471VCI6, STM32G471VCT6, STM32G471VEH3, STM32G471VEH6, STM32G471VEI3, STM32G471VEI6, STM32G471VET3, STM32G471VET6, STM32G473QET3Z, STM32G473RET3Z, STM32G474CCT6, STM32G491RET3Z, STM32H503CBT6, STM32H503CBU6, STM32H503EBY6TR, STM32H503KBU6, STM32H503RBT6, STM32H523CCT6, STM32H523CCU6, STM32H523CET6, STM32H523CEU6, STM32H523HEY6TR, STM32H523RCT6, STM32H523RET6, STM32H523VCI6, STM32H523VCT6, STM32H523VEI6, STM32H523VET6, STM32H523ZCJ6, STM32H523ZCT6, STM32H523ZEJ6, STM32H523ZET6, STM32H533CET6, STM32H533CEU6, STM32H533HEY6TR, STM32H533RET6, STM32H533VEI6, STM32H533VET6, STM32H533ZEJ6, STM32H533ZET6, STM32H562AGI6, STM32H562AII6, STM32H562IGK6, STM32H562IGT6, STM32H562IIK6, STM32H562IIT6, STM32H562RGT6, STM32H562RGV6, STM32H562RIT6, STM32H562RIV6, STM32H562VGT6, STM32H562VIT6, STM32H562ZGT6, STM32H562ZIT6, STM32H563AGI6, STM32H563AII3Q, STM32H563AII6, STM32H563IGK6, STM32H563IGT6, STM32H563IIK3Q, STM32H563IIK6, STM32H563IIT3Q, STM32H563IIT6, STM32H563MIY3QTR, STM32H563RGT6, STM32H563RGV6, STM32H563RIT6, STM32H563RIV6, STM32H563VGT6, STM32H563VIT3Q, STM32H563VIT6, STM32H563ZGT6, STM32H563ZIT3Q, STM32H563ZIT6, STM32H573AII3Q, STM32H573AII6, STM32H573I-DK, STM32H573IIK3Q, STM32H573IIK6, STM32H573IIT3Q, STM32H573IIT6, STM32H573MIY3QTR, STM32H573RIT6, STM32H573RIV6, STM32H573VIT3Q, STM32H573VIT6, STM32H573ZIT3Q, STM32H573ZIT6, STM32H7R3A8I6, STM32H7R3I8K6, STM32H7R3I8T6, STM32H7R3L8H6, STM32H7R3L8H6H, STM32H7R3R8V6, STM32H7R3V8H6, STM32H7R3V8T6, STM32H7R3V8Y6TR, STM32H7R3Z8J6, STM32H7R3Z8T6, STM32H7R7A8I6, STM32H7R7I8K6, STM32H7R7I8T6, STM32H7R7L8H6, STM32H7R7L8H6H, STM32H7R7Z8J6, STM32H7S3A8I6, STM32H7S3I8K6, STM32H7S3I8T6, STM32H7S3L8H6, STM32H7S3L8H6H, STM32H7S3R8V6, STM32H7S3V8H6, STM32H7S3V8T6, STM32H7S3V8Y6TR, STM32H7S3Z8J6, STM32H7S3Z8T6, STM32H7S78-DK, STM32H7S7A8I6, STM32H7S7I8K6, STM32H7S7I8T6, STM32H7S7L8H6, STM32H7S7L8H6H, STM32H7S7Z8J6, STM32L4R5QGI6STR, STM32MP131AAE3, STM32MP131AAF3, STM32MP131AAG3, STM32MP131CAE3, STM32MP131CAF3, STM32MP131CAG3, STM32MP131DAE7, STM32MP131DAF7, STM32MP131DAG7, STM32MP131FAE7, STM32MP131FAF7, STM32MP131FAG7, STM32MP133AAE3, STM32MP133AAF3, STM32MP133AAG3, STM32MP133CAE3, STM32MP133CAF3, STM32MP133CAG3, STM32MP133DAE7, STM32MP133DAF7, STM32MP133DAG7, STM32MP133FAE7, STM32MP133FAF7, STM32MP133FAG7, STM32MP135AAE3, STM32MP135AAF3, STM32MP135AAG3, STM32MP135CAE3, STM32MP135CAF3, STM32MP135CAG3, STM32MP135DAE7, STM32MP135DAF7, STM32MP135DAG7, STM32MP135F-DK, STM32MP135FAE7, STM32MP135FAF7, STM32MP135FAF7T, STM32MP135FAF7U, STM32MP135FAG7, STM32MP211AAL3, STM32MP211AAM3, STM32MP211AAN3, STM32MP211AAO3, STM32MP211CAL3, STM32MP211CAM3, STM32MP211CAN3, STM32MP211CAO3, STM32MP211DAL3, STM32MP211DAM3, STM32MP211DAN3, STM32MP211DAO3, STM32MP211FAL3, STM32MP211FAM3, STM32MP211FAN3, STM32MP211FAO3, STM32MP213AAL3, STM32MP213AAM3, STM32MP213AAN3, STM32MP213AAO3, STM32MP213CAL3, STM32MP213CAM3, STM32MP213CAN3, STM32MP213CAO3, STM32MP213DAL3, STM32MP213DAM3, STM32MP213DAN3, STM32MP213DAO3, STM32MP213FAL3, STM32MP213FAM3, STM32MP213FAN3, STM32MP213FAO3, STM32MP215AAL3, STM32MP215AAM3, STM32MP215AAN3, STM32MP215AAO3, STM32MP215CAL3, STM32MP215CAM3, STM32MP215CAN3, STM32MP215CAO3, STM32MP215DAL3, STM32MP215DAM3, STM32MP215DAN3, STM32MP215DAO3, STM32MP215F-DK, STM32MP215FAL3, STM32MP215FAM3, STM32MP215FAN3, STM32MP215FAO3, STM32MP231AAJ3, STM32MP231AAK3, STM32MP231AAL3, STM32MP231CAJ3, STM32MP231CAK3, STM32MP231CAL3, STM32MP231DAJ3, STM32MP231DAK3, STM32MP231DAL3, STM32MP231FAJ3, STM32MP231FAK3, STM32MP231FAL3, STM32MP233AAJ3, STM32MP233AAK3, STM32MP233AAL3, STM32MP233CAJ3, STM32MP233CAK3, STM32MP233CAL3, STM32MP233DAJ3, STM32MP233DAK3, STM32MP233DAL3, STM32MP233FAJ3, STM32MP233FAK3, STM32MP233FAL3, STM32MP235AAJ3, STM32MP235AAK3, STM32MP235AAL3, STM32MP235CAJ3, STM32MP235CAK3, STM32MP235CAL3, STM32MP235DAJ3, STM32MP235DAK3, STM32MP235DAL3, STM32MP235FAJ3, STM32MP235FAK3, STM32MP235FAL3, STM32MP251AAI3, STM32MP251AAK3, STM32MP251AAL3, STM32MP251CAI3, STM32MP251CAK3, STM32MP251CAL3, STM32MP251DAI3, STM32MP251DAK3, STM32MP251DAL3, STM32MP251FAI3, STM32MP251FAK3, STM32MP251FAL3, STM32MP253AAI3, STM32MP253AAK3, STM32MP253AAL3, STM32MP253CAI3, STM32MP253CAK3, STM32MP253CAL3, STM32MP253DAI3, STM32MP253DAK3, STM32MP253DAL3, STM32MP253FAI3, STM32MP253FAK3, STM32MP253FAL3, STM32MP255AAI3, STM32MP255AAK3, STM32MP255AAL3, STM32MP255CAI3, STM32MP255CAK3, STM32MP255CAL3, STM32MP255DAI3, STM32MP255DAK3, STM32MP255DAL3, STM32MP255FAI3, STM32MP255FAK3, STM32MP255FAL3, STM32MP257AAI3, STM32MP257AAK3, STM32MP257AAL3, STM32MP257CAI3, STM32MP257CAK3, STM32MP257CAL3, STM32MP257DAI3, STM32MP257DAK3, STM32MP257DAL3, STM32MP257F-DK, STM32MP257F-EV1, STM32MP257FAI3, STM32MP257FAK3, STM32MP257FAL3, STM32N645A0H3Q, STM32N645B0H3Q, STM32N645I0H3Q, STM32N645L0H3Q, STM32N645X0H3Q, STM32N645Z0H3Q, STM32N647A0H3Q, STM32N647B0H3Q, STM32N647I0H3Q, STM32N647L0H3Q, STM32N647X0H3Q, STM32N647Z0H3Q, STM32N655A0H3Q, STM32N655B0H3Q, STM32N655I0H3Q, STM32N655L0H3Q, STM32N655X0H3Q, STM32N655Z0H3Q, STM32N6570-DK, STM32N657A0H3Q, STM32N657B0H3Q, STM32N657I0H3Q, STM32N657L0H3Q, STM32N657X0H3Q, STM32N657Z0H3Q, STM32U031C6T6, STM32U031C6U6, STM32U031C8T6, STM32U031C8U6, STM32U031F4P6, STM32U031F6P6, STM32U031F8P6, STM32U031G6Y6TR, STM32U031G8Y6TR, STM32U031K4U6, STM32U031K6U6, STM32U031K8U6, STM32U031R6I6, STM32U031R6T6, STM32U031R8I6, STM32U031R8T6, STM32U073C8T6, STM32U073C8U6, STM32U073CBT6, STM32U073CBU6, STM32U073CCT6, STM32U073CCU6, STM32U073H8Y6TR, STM32U073HBY6TR, STM32U073HCY6TR, STM32U073K8U6, STM32U073KBU6, STM32U073KCU6, STM32U073M8I6, STM32U073M8T6, STM32U073MBI6, STM32U073MBT6, STM32U073MCI6, STM32U073MCT6, STM32U073R8I6, STM32U073R8T6, STM32U073RBI6, STM32U073RBT6, STM32U073RCI6, STM32U073RCT6, STM32U083C-DK, STM32U083CCT6, STM32U083CCU6, STM32U083HCY6TR, STM32U083KCU6, STM32U083MCI6, STM32U083MCT6, STM32U083RCI6, STM32U083RCT6, STM32U375CET6, STM32U375CET6Q, STM32U375CEU6, STM32U375CEU6Q, STM32U375CEY6QTR, STM32U375CGT6, STM32U375CGT6Q, STM32U375CGU6, STM32U375CGU6Q, STM32U375CGY6QTR, STM32U375KEU6, STM32U375KGU6, STM32U375REI6, STM32U375REI6Q, STM32U375RET6, STM32U375RET6Q, STM32U375REY6GTR, STM32U375REY6QTR, STM32U375RGI6, STM32U375RGI6Q, STM32U375RGT6, STM32U375RGT6Q, STM32U375RGY6GTR, STM32U375RGY6QTR, STM32U375VEI6, STM32U375VEI6Q, STM32U375VET6, STM32U375VET6Q, STM32U375VGI6, STM32U375VGI6Q, STM32U375VGT6, STM32U375VGT6Q, STM32U385CGT6, STM32U385CGT6Q, STM32U385CGU6, STM32U385CGU6Q, STM32U385CGY6QTR, STM32U385KGU6, STM32U385RGI6, STM32U385RGI6Q, STM32U385RGT6, STM32U385RGT6Q, STM32U385RGY6GTR, STM32U385RGY6QTR, STM32U385VGI6, STM32U385VGI6Q, STM32U385VGT6, STM32U385VGT6Q, STM32U535CBT6, STM32U535CBT6Q, STM32U535CBU6, STM32U535CBU6Q, STM32U535CCT6, STM32U535CCT6Q, STM32U535CCU6, STM32U535CCU6Q, STM32U535CET6, STM32U535CET6Q, STM32U535CEU6, STM32U535CEU6Q, STM32U535JEY6QTR, STM32U535NCY6QTR, STM32U535NEY6QTR, STM32U535RBI6, STM32U535RBI6Q, STM32U535RBT6, STM32U535RBT6Q, STM32U535RCI6, STM32U535RCI6Q, STM32U535RCT6, STM32U535RCT6Q, STM32U535REI6, STM32U535REI6Q, STM32U535RET6, STM32U535RET6Q, STM32U535VCI6, STM32U535VCI6Q, STM32U535VCT6, STM32U535VCT6Q, STM32U535VEI6, STM32U535VEI6Q, STM32U535VET6, STM32U535VET6Q, STM32U545CET6, STM32U545CET6Q, STM32U545CEU6, STM32U545CEU6Q, STM32U545JEY6QTR, STM32U545NEY6QTR, STM32U545REI6, STM32U545REI6Q, STM32U545RET6, STM32U545RET6Q, STM32U545VEI6, STM32U545VEI6Q, STM32U545VET6, STM32U545VET6Q, STM32U595AIH6, STM32U595AIH6Q, STM32U595AJH6, STM32U595AJH6Q, STM32U595QII6, STM32U595QII6Q, STM32U595QJI6, STM32U595QJI6Q, STM32U595RIT6, STM32U595RIT6Q, STM32U595RJT6, STM32U595RJT6Q, STM32U595VIT6, STM32U595VIT6Q, STM32U595VJT6, STM32U595VJT6Q, STM32U595ZIT6, STM32U595ZIT6Q, STM32U595ZIY6QTR, STM32U595ZJT6, STM32U595ZJT6Q, STM32U595ZJY6QTR, STM32U599BJY6QTR, STM32U599NIH6Q, STM32U599NJH6Q, STM32U599VIT6Q, STM32U599VJT6, STM32U599VJT6Q, STM32U599ZIT6Q, STM32U599ZIY6QTR, STM32U599ZJT6Q, STM32U599ZJY6QTR, STM32U5A5AJH6, STM32U5A5AJH6Q, STM32U5A5QII3Q , STM32U5A5QJI6, STM32U5A5QJI6Q, STM32U5A5RJT6, STM32U5A5RJT6Q, STM32U5A5VJT6, STM32U5A5VJT6Q, STM32U5A5ZJT6, STM32U5A5ZJT6Q, STM32U5A5ZJY6QTR, STM32U5A9BJY6QTR, STM32U5A9J-DK, STM32U5A9NJH6Q, STM32U5A9VJT6Q, STM32U5A9ZJT6Q, STM32U5A9ZJY6QTR, STM32U5F7VIT6, STM32U5F7VIT6Q, STM32U5F7VJT6, STM32U5F7VJT6Q, STM32U5F9BJY6QTR, STM32U5F9NJH6Q, STM32U5F9VIT6Q, STM32U5F9VJT6Q, STM32U5F9ZIJ6QTR, STM32U5F9ZIT6Q, STM32U5F9ZJJ6QTR, STM32U5F9ZJT6Q, STM32U5G7VJT6, STM32U5G7VJT6Q, STM32U5G9BJY6QTR, STM32U5G9J-DK1, STM32U5G9J-DK2, STM32U5G9NJH6Q, STM32U5G9VJT6Q, STM32U5G9ZJJ6QTR, STM32U5G9ZJT6Q, STM32WB05KZV6TR, STM32WB05KZV7TR, STM32WB05TZF6TR, STM32WB05TZF7TR, STM32WB06CCF6TR, STM32WB06CCF7TR, STM32WB06CCV6TR, STM32WB06CCV7TR, STM32WB06KCV6TR, STM32WB06KCV7TR, STM32WB07CCF6TR, STM32WB07CCF7TR, STM32WB07CCV6TR, STM32WB07CCV7TR, STM32WB07KCV6TR, STM32WB07KCV7TR, STM32WB09KEV6TR, STM32WB09KEV7TR, STM32WB09TEF6TR, STM32WB09TEF7TR, STM32WB1MMCH6, STM32WBA50KGU6, STM32WBA50KGU6TR, STM32WBA52CEU6, STM32WBA52CEU6TR, STM32WBA52CEU7, STM32WBA52CEU7TR, STM32WBA52CGU6, STM32WBA52CGU6TR, STM32WBA52CGU6U, STM32WBA52CGU7, STM32WBA52CGU7TR, STM32WBA52KEU6, STM32WBA52KEU6TR, STM32WBA52KGU6, STM32WBA52KGU6TR, STM32WBA54CEU6, STM32WBA54CEU6TR, STM32WBA54CEU7, STM32WBA54CEU7TR, STM32WBA54CGU6, STM32WBA54CGU6TR, STM32WBA54CGU7, STM32WBA54CGU7TR, STM32WBA54KEU6, STM32WBA54KEU6TR, STM32WBA54KEU7, STM32WBA54KEU7TR, STM32WBA54KGU6, STM32WBA54KGU6TR, STM32WBA54KGU7, STM32WBA54KGU7TR, STM32WBA55CEU6, STM32WBA55CEU6TR, STM32WBA55CEU7, STM32WBA55CEU7TR, STM32WBA55CGU6, STM32WBA55CGU6TR, STM32WBA55CGU6U, STM32WBA55CGU7, STM32WBA55CGU7TR, STM32WBA55G-DK1, STM32WBA55HEF6, STM32WBA55HEF7, STM32WBA55HGF6, STM32WBA55HGF7, STM32WBA55UEI6, STM32WBA55UEI6TR, STM32WBA55UEI7, STM32WBA55UEI7TR, STM32WBA55UGI6, STM32WBA55UGI6TR, STM32WBA55UGI7, STM32WBA55UGI7TR, STM32WBA5MMGH6TR, STM32WBA62MGF6, STM32WBA62MIF6, STM32WBA65MGF7, STM32WBA65MIF6, STM32WBA65MIF7, STM32WL30K8V6, STM32WL30KBV6, STM32WL31C8V6, STM32WL31CBV6, STM32WL31K8V6, STM32WL31KBV6, STM32WL33C8V6, STM32WL33C8V6X, STM32WL33CBV6, STM32WL33CBV6X, STM32WL33CCV6, STM32WL33CCV6A, STM32WL33CCV6X, STM32WL33K8V7, STM32WL33K8V7X, STM32WL33KBV7 , STM32WL33KBV7X, STM32WL33KCV7, STM32WL33KCV7X, STM32WL5MOCH6, STM32WL5MOCH6TR]
2025-08-23 14:03:09,029 [INFO] DbMcus:218 - Found 4801 MCUs, 4801 are supported
2025-08-23 14:03:09,029 [INFO] ApiDb:423 - Load user favorites file C:\Users\sumey/.stm32cubeide/favorites.mcus.txt: 1 item(s)
2025-08-23 14:03:09,029 [INFO] ApiDb:427 - User favorites MCUs=[STM32F103C6T6A]
2025-08-23 14:03:09,029 [INFO] DbMcus:224 - Set 1 / 1 favorites MCUs
2025-08-23 14:03:09,289 [INFO] ApiDb:668 - CubeFinder database Data Model version=2.1
2025-08-23 14:03:09,289 [INFO] ApiDb:669 - CubeFinder database Configuration version=3.0.39
2025-08-23 14:03:09,289 [INFO] ApiDb:670 - CubeFinder database generation date=2025-07-24 (1753349077)
2025-08-23 14:03:09,289 [INFO] ApiDb:671 - CubeFinder database FW Pack versions=[FP-ATR-ASTRA1_V2.0.0, FP-SNS-FLIGHT1_V5.1.0, FP-SNS-MOTENV1_V5.0.0, FP-SNS-MOTENVWB1_V1.4.0, FP-SNS-SMARTAG2_V1.2.0, FP-SNS-STBOX1_V2.0.0, STM32Cube_FW_C0_V1.4.0, STM32Cube_FW_F4_V1.28.2, STM32Cube_FW_F7_V1.17.3, STM32Cube_FW_G0_V1.6.2, STM32Cube_FW_G4_V1.6.1, STM32Cube_FW_H5_V1.5.0, STM32Cube_FW_H7RS_V1.2.0, STM32Cube_FW_H7_V1.12.1, STM32Cube_FW_L0_V1.12.2, STM32Cube_FW_L4_V1.18.1, STM32Cube_FW_L5_V1.5.1, STM32Cube_FW_N6_V1.2.0, STM32Cube_FW_U0_V1.3.0, STM32Cube_FW_U3_V1.2.0, STM32Cube_FW_U5_V1.8.0, STM32Cube_FW_WB0_V1.3.0, STM32Cube_FW_WBA_V1.7.0, STM32Cube_FW_WB_V1.23.0, STM32Cube_FW_WL3_V1.2.0, STM32Cube_FW_WL_V1.3.1, X-CUBE-ALGOBUILD_V1.4.0, X-CUBE-ALS_V1.0.2, X-CUBE-AZRTOS-F4_V1.1.0, X-CUBE-AZRTOS-F7_V1.1.0, X-CUBE-AZRTOS-G0_V1.1.0, X-CUBE-AZRTOS-G4_V2.0.0, X-CUBE-AZRTOS-H7RS_V1.1.0, X-CUBE-AZRTOS-H7_V3.4.0, X-CUBE-AZRTOS-L4_V2.0.0, X-CUBE-AZRTOS-L5_V2.0.0, X-CUBE-AZRTOS-WB_V2.0.0, X-CUBE-AZRTOS-WL_V2.0.0, X-CUBE-BLE1_V7.1.0, X-CUBE-BLE2_V3.3.0, X-CUBE-BLEMGR_V4.1.0, X-CUBE-EEPRMA1_V5.2.0, X-CUBE-FREERTOS_V1.3.1, X-CUBE-GNSS1_V6.0.0, X-CUBE-MEMS1_V11.3.0, X-CUBE-NFC4_V3.0.0, X-CUBE-NFC7_V2.0.0, X-CUBE-SFXS2LP1_V4.0.0, X-CUBE-ST67W61_V1.0.0, X-CUBE-SUBG2_V5.0.0, X-CUBE-TOF1_V3.4.3]
2025-08-23 14:03:09,319 [INFO] DbBoardsSqlite:226 - include board P-NUCLEO-WB55-NUCLEO as a kit item of type 'Nucleo-64'
2025-08-23 14:03:09,320 [INFO] DbBoardsSqlite:226 - include board P-NUCLEO-WB55-USBDONGLE as a kit item of type 'Nucleo USB Dongle'
2025-08-23 14:03:09,320 [INFO] DbBoardsSqlite:226 - include board STEVAL-IDP005V1 as a kit item of type 'Evaluation Board'
2025-08-23 14:03:09,320 [INFO] DbBoardsSqlite:226 - include board STEVAL-IDP005V2 as a kit item of type 'Evaluation Board'
2025-08-23 14:03:09,356 [INFO] ApiDb:240 - Found 880 in-development CPN: [B-G473E-ZEST1S, B-WB1M-WPAN1, B-WBA5M-WPAN, B-WL5M-SUBG1, NUCLEO-C031C6, NUCLEO-C051C8, NUCLEO-C071RB, NUCLEO-C092RC, NUCLEO-H503RB, NUCLEO-H533RE, NUCLEO-H563ZI, NUCLEO-H7S3L8, NUCLEO-N657X0-Q, NUCLEO-U031R8, NUCLEO-U083RC, NUCLEO-U385RG-Q, NUCLEO-U545RE-Q, NUCLEO-U5A5ZJ-Q, NUCLEO-WB05KZ, NUCLEO-WB07CC, NUCLEO-WB09KE, NUCLEO-WBA52CG, NUCLEO-WBA55CG, NUCLEO-WL33CC1, NUCLEO-WL33CC2, STEVAL-PROTEUS1, STEVAL-SMARTAG2, STEVAL-STWINBX1, STM320518-EVAL, STM32C0116-DK, STM32C011D6Y3TR, STM32C011D6Y6TR, STM32C011F4P3, STM32C011F4P6, STM32C011F4U3, STM32C011F4U6TR, STM32C011F6P3, STM32C011F6P6, STM32C011F6U3, STM32C011F6U6TR, STM32C011J4M3, STM32C011J4M6, STM32C011J6M3, STM32C011J6M6, STM32C0316-DK, STM32C031C4T3, STM32C031C4T6, STM32C031C4U3, STM32C031C4U6, STM32C031C6T3, STM32C031C6T6, STM32C031C6U3, STM32C031C6U6, STM32C031F4P3, STM32C031F4P6, STM32C031F6P3, STM32C031F6P6, STM32C031G4U3, STM32C031G4U6, STM32C031G6U3, STM32C031G6U6, STM32C031K4T3, STM32C031K4T6, STM32C031K4U3, STM32C031K4U6, STM32C031K6T3, STM32C031K6T6, STM32C031K6U3, STM32C031K6U6, STM32C051C6T6, STM32C051C6U6, STM32C051C8T6, STM32C051C8U6, STM32C051D8Y6TR, STM32C051F6P6, STM32C051F8P6, STM32C051G6U6, STM32C051G8U6, STM32C051K6T6, STM32C051K6U6, STM32C051K8T6, STM32C071C8T6, STM32C071C8T6N, STM32C071C8U6, STM32C071C8U6N, STM32C071CBT6, STM32C071CBT6N, STM32C071CBU6, STM32C071CBU6N, STM32C071F8P6, STM32C071F8P6N, STM32C071FBP6, STM32C071FBP6N, STM32C071FBY6TR, STM32C071G8U6, STM32C071G8U6N, STM32C071GBU6, STM32C071GBU6N, STM32C071K8T6, STM32C071K8T6N, STM32C071K8U6, STM32C071K8U6N, STM32C071KBT6, STM32C071KBT6N, STM32C071KBU6, STM32C071KBU6N, STM32C071R8T6, STM32C071R8T6N, STM32C071RBI6N, STM32C071RBT6, STM32C071RBT6N, STM32C091CBT6, STM32C091CBU6, STM32C091CCT6, STM32C091CCU6, STM32C091ECY6TR, STM32C091FBP6, STM32C091FCP6, STM32C091GBU6, STM32C091GCU6, STM32C091KBT6, STM32C091KBU6, STM32C091KCT6, STM32C091KCU6, STM32C091RBT6, STM32C091RCI6, STM32C091RCT6, STM32C092CBT6, STM32C092CBU6, STM32C092CCT6, STM32C092CCU6, STM32C092ECY6TR, STM32C092FBP6, STM32C092FCP6, STM32C092GBU6, STM32C092GCU6, STM32C092KBT6, STM32C092KBU6, STM32C092KCT6, STM32C092KCU6, STM32C092RBT6, STM32C092RCI6, STM32C092RCT6, STM32G071K8TXN, STM32G071K8UXN, STM32G081GBU6N, STM32G081KBT6N, STM32G081KBUXN, STM32G0B1CCT6N, STM32G0B1KCT6, STM32G0B1NEY6TR, STM32G0B1RCT6N, STM32G0C1CCT6, STM32G0C1CCT6N, STM32G0C1CCU6N, STM32G0C1CET6N, STM32G0C1CEU6N, STM32G0C1KCT6, STM32G0C1NEY6TR, STM32G0C1RCI6N, STM32G0C1RCT6N, STM32G0C1REI6N, STM32G0C1RET6N, STM32G0C1VCI6, STM32G0C1VEI6, STM32G411C6T3, STM32G411C6T6, STM32G411C6U3, STM32G411C6U6, STM32G411C8T3, STM32G411C8T6, STM32G411C8U3, STM32G411C8U6, STM32G411CBT3, STM32G411CBT6, STM32G411CBU3, STM32G411CBU6, STM32G411K6T3, STM32G411K6T6, STM32G411K6U3, STM32G411K6U6, STM32G411K8T3, STM32G411K8T6, STM32G411K8U3, STM32G411K8U6, STM32G411KBT3, STM32G411KBT6, STM32G411KBU3, STM32G411KBU6, STM32G411M6T3, STM32G411M6T6, STM32G411M8T3, STM32G411M8T6, STM32G411MBT3, STM32G411MBT6, STM32G411R6T3, STM32G411R6T6, STM32G411R8T3, STM32G411R8T6, STM32G411RBT3, STM32G411RBT6, STM32G414CBT3, STM32G414CBT6, STM32G414CBU3, STM32G414CBU6, STM32G414CCT3, STM32G414CCT6, STM32G414CCU3, STM32G414CCU6, STM32G414MBT3, STM32G414MBT6, STM32G414MCT3, STM32G414MCT6, STM32G414RBT3, STM32G414RBT6, STM32G414RCT3, STM32G414RCT6, STM32G414VBT3, STM32G414VBT6, STM32G414VCT3, STM32G414VCT6, STM32G431CBT3Z, STM32G431RBT3Z, STM32G471CCT6, STM32G471CCU6, STM32G471CET3, STM32G471CET6, STM32G471CEU3, STM32G471CEU6, STM32G471MCT6, STM32G471MET3, STM32G471MET6, STM32G471MEY6TR, STM32G471QCT6, STM32G471QET3, STM32G471RCT6, STM32G471RET3, STM32G471RET6, STM32G471VCH6, STM32G471VCI6, STM32G471VCT6, STM32G471VEH3, STM32G471VEH6, STM32G471VEI3, STM32G471VEI6, STM32G471VET3, STM32G471VET6, STM32G473QET3Z, STM32G473RET3Z, STM32G474CCT6, STM32G491RET3Z, STM32H503CBT6, STM32H503CBU6, STM32H503EBY6TR, STM32H503KBU6, STM32H503RBT6, STM32H523CCT6, STM32H523CCU6, STM32H523CET6, STM32H523CEU6, STM32H523HEY6TR, STM32H523RCT6, STM32H523RET6, STM32H523VCI6, STM32H523VCT6, STM32H523VEI6, STM32H523VET6, STM32H523ZCJ6, STM32H523ZCT6, STM32H523ZEJ6, STM32H523ZET6, STM32H533CET6, STM32H533CEU6, STM32H533HEY6TR, STM32H533RET6, STM32H533VEI6, STM32H533VET6, STM32H533ZEJ6, STM32H533ZET6, STM32H562AGI6, STM32H562AII6, STM32H562IGK6, STM32H562IGT6, STM32H562IIK6, STM32H562IIT6, STM32H562RGT6, STM32H562RGV6, STM32H562RIT6, STM32H562RIV6, STM32H562VGT6, STM32H562VIT6, STM32H562ZGT6, STM32H562ZIT6, STM32H563AGI6, STM32H563AII3Q, STM32H563AII6, STM32H563IGK6, STM32H563IGT6, STM32H563IIK3Q, STM32H563IIK6, STM32H563IIT3Q, STM32H563IIT6, STM32H563MIY3QTR, STM32H563RGT6, STM32H563RGV6, STM32H563RIT6, STM32H563RIV6, STM32H563VGT6, STM32H563VIT3Q, STM32H563VIT6, STM32H563ZGT6, STM32H563ZIT3Q, STM32H563ZIT6, STM32H573AII3Q, STM32H573AII6, STM32H573I-DK, STM32H573IIK3Q, STM32H573IIK6, STM32H573IIT3Q, STM32H573IIT6, STM32H573MIY3QTR, STM32H573RIT6, STM32H573RIV6, STM32H573VIT3Q, STM32H573VIT6, STM32H573ZIT3Q, STM32H573ZIT6, STM32H7R3A8I6, STM32H7R3I8K6, STM32H7R3I8T6, STM32H7R3L8H6, STM32H7R3L8H6H, STM32H7R3R8V6, STM32H7R3V8H6, STM32H7R3V8T6, STM32H7R3V8Y6TR, STM32H7R3Z8J6, STM32H7R3Z8T6, STM32H7R7A8I6, STM32H7R7I8K6, STM32H7R7I8T6, STM32H7R7L8H6, STM32H7R7L8H6H, STM32H7R7Z8J6, STM32H7S3A8I6, STM32H7S3I8K6, STM32H7S3I8T6, STM32H7S3L8H6, STM32H7S3L8H6H, STM32H7S3R8V6, STM32H7S3V8H6, STM32H7S3V8T6, STM32H7S3V8Y6TR, STM32H7S3Z8J6, STM32H7S3Z8T6, STM32H7S78-DK, STM32H7S7A8I6, STM32H7S7I8K6, STM32H7S7I8T6, STM32H7S7L8H6, STM32H7S7L8H6H, STM32H7S7Z8J6, STM32L4R5QGI6STR, STM32MP131AAE3, STM32MP131AAF3, STM32MP131AAG3, STM32MP131CAE3, STM32MP131CAF3, STM32MP131CAG3, STM32MP131DAE7, STM32MP131DAF7, STM32MP131DAG7, STM32MP131FAE7, STM32MP131FAF7, STM32MP131FAG7, STM32MP133AAE3, STM32MP133AAF3, STM32MP133AAG3, STM32MP133CAE3, STM32MP133CAF3, STM32MP133CAG3, STM32MP133DAE7, STM32MP133DAF7, STM32MP133DAG7, STM32MP133FAE7, STM32MP133FAF7, STM32MP133FAG7, STM32MP135AAE3, STM32MP135AAF3, STM32MP135AAG3, STM32MP135CAE3, STM32MP135CAF3, STM32MP135CAG3, STM32MP135DAE7, STM32MP135DAF7, STM32MP135DAG7, STM32MP135F-DK, STM32MP135FAE7, STM32MP135FAF7, STM32MP135FAF7T, STM32MP135FAF7U, STM32MP135FAG7, STM32MP211AAL3, STM32MP211AAM3, STM32MP211AAN3, STM32MP211AAO3, STM32MP211CAL3, STM32MP211CAM3, STM32MP211CAN3, STM32MP211CAO3, STM32MP211DAL3, STM32MP211DAM3, STM32MP211DAN3, STM32MP211DAO3, STM32MP211FAL3, STM32MP211FAM3, STM32MP211FAN3, STM32MP211FAO3, STM32MP213AAL3, STM32MP213AAM3, STM32MP213AAN3, STM32MP213AAO3, STM32MP213CAL3, STM32MP213CAM3, STM32MP213CAN3, STM32MP213CAO3, STM32MP213DAL3, STM32MP213DAM3, STM32MP213DAN3, STM32MP213DAO3, STM32MP213FAL3, STM32MP213FAM3, STM32MP213FAN3, STM32MP213FAO3, STM32MP215AAL3, STM32MP215AAM3, STM32MP215AAN3, STM32MP215AAO3, STM32MP215CAL3, STM32MP215CAM3, STM32MP215CAN3, STM32MP215CAO3, STM32MP215DAL3, STM32MP215DAM3, STM32MP215DAN3, STM32MP215DAO3, STM32MP215F-DK, STM32MP215FAL3, STM32MP215FAM3, STM32MP215FAN3, STM32MP215FAO3, STM32MP231AAJ3, STM32MP231AAK3, STM32MP231AAL3, STM32MP231CAJ3, STM32MP231CAK3, STM32MP231CAL3, STM32MP231DAJ3, STM32MP231DAK3, STM32MP231DAL3, STM32MP231FAJ3, STM32MP231FAK3, STM32MP231FAL3, STM32MP233AAJ3, STM32MP233AAK3, STM32MP233AAL3, STM32MP233CAJ3, STM32MP233CAK3, STM32MP233CAL3, STM32MP233DAJ3, STM32MP233DAK3, STM32MP233DAL3, STM32MP233FAJ3, STM32MP233FAK3, STM32MP233FAL3, STM32MP235AAJ3, STM32MP235AAK3, STM32MP235AAL3, STM32MP235CAJ3, STM32MP235CAK3, STM32MP235CAL3, STM32MP235DAJ3, STM32MP235DAK3, STM32MP235DAL3, STM32MP235FAJ3, STM32MP235FAK3, STM32MP235FAL3, STM32MP251AAI3, STM32MP251AAK3, STM32MP251AAL3, STM32MP251CAI3, STM32MP251CAK3, STM32MP251CAL3, STM32MP251DAI3, STM32MP251DAK3, STM32MP251DAL3, STM32MP251FAI3, STM32MP251FAK3, STM32MP251FAL3, STM32MP253AAI3, STM32MP253AAK3, STM32MP253AAL3, STM32MP253CAI3, STM32MP253CAK3, STM32MP253CAL3, STM32MP253DAI3, STM32MP253DAK3, STM32MP253DAL3, STM32MP253FAI3, STM32MP253FAK3, STM32MP253FAL3, STM32MP255AAI3, STM32MP255AAK3, STM32MP255AAL3, STM32MP255CAI3, STM32MP255CAK3, STM32MP255CAL3, STM32MP255DAI3, STM32MP255DAK3, STM32MP255DAL3, STM32MP255FAI3, STM32MP255FAK3, STM32MP255FAL3, STM32MP257AAI3, STM32MP257AAK3, STM32MP257AAL3, STM32MP257CAI3, STM32MP257CAK3, STM32MP257CAL3, STM32MP257DAI3, STM32MP257DAK3, STM32MP257DAL3, STM32MP257F-DK, STM32MP257F-EV1, STM32MP257FAI3, STM32MP257FAK3, STM32MP257FAL3, STM32N645A0H3Q, STM32N645B0H3Q, STM32N645I0H3Q, STM32N645L0H3Q, STM32N645X0H3Q, STM32N645Z0H3Q, STM32N647A0H3Q, STM32N647B0H3Q, STM32N647I0H3Q, STM32N647L0H3Q, STM32N647X0H3Q, STM32N647Z0H3Q, STM32N655A0H3Q, STM32N655B0H3Q, STM32N655I0H3Q, STM32N655L0H3Q, STM32N655X0H3Q, STM32N655Z0H3Q, STM32N6570-DK, STM32N657A0H3Q, STM32N657B0H3Q, STM32N657I0H3Q, STM32N657L0H3Q, STM32N657X0H3Q, STM32N657Z0H3Q, STM32U031C6T6, STM32U031C6U6, STM32U031C8T6, STM32U031C8U6, STM32U031F4P6, STM32U031F6P6, STM32U031F8P6, STM32U031G6Y6TR, STM32U031G8Y6TR, STM32U031K4U6, STM32U031K6U6, STM32U031K8U6, STM32U031R6I6, STM32U031R6T6, STM32U031R8I6, STM32U031R8T6, STM32U073C8T6, STM32U073C8U6, STM32U073CBT6, STM32U073CBU6, STM32U073CCT6, STM32U073CCU6, STM32U073H8Y6TR, STM32U073HBY6TR, STM32U073HCY6TR, STM32U073K8U6, STM32U073KBU6, STM32U073KCU6, STM32U073M8I6, STM32U073M8T6, STM32U073MBI6, STM32U073MBT6, STM32U073MCI6, STM32U073MCT6, STM32U073R8I6, STM32U073R8T6, STM32U073RBI6, STM32U073RBT6, STM32U073RCI6, STM32U073RCT6, STM32U083C-DK, STM32U083CCT6, STM32U083CCU6, STM32U083HCY6TR, STM32U083KCU6, STM32U083MCI6, STM32U083MCT6, STM32U083RCI6, STM32U083RCT6, STM32U375CET6, STM32U375CET6Q, STM32U375CEU6, STM32U375CEU6Q, STM32U375CEY6QTR, STM32U375CGT6, STM32U375CGT6Q, STM32U375CGU6, STM32U375CGU6Q, STM32U375CGY6QTR, STM32U375KEU6, STM32U375KGU6, STM32U375REI6, STM32U375REI6Q, STM32U375RET6, STM32U375RET6Q, STM32U375REY6GTR, STM32U375REY6QTR, STM32U375RGI6, STM32U375RGI6Q, STM32U375RGT6, STM32U375RGT6Q, STM32U375RGY6GTR, STM32U375RGY6QTR, STM32U375VEI6, STM32U375VEI6Q, STM32U375VET6, STM32U375VET6Q, STM32U375VGI6, STM32U375VGI6Q, STM32U375VGT6, STM32U375VGT6Q, STM32U385CGT6, STM32U385CGT6Q, STM32U385CGU6, STM32U385CGU6Q, STM32U385CGY6QTR, STM32U385KGU6, STM32U385RGI6, STM32U385RGI6Q, STM32U385RGT6, STM32U385RGT6Q, STM32U385RGY6GTR, STM32U385RGY6QTR, STM32U385VGI6, STM32U385VGI6Q, STM32U385VGT6, STM32U385VGT6Q, STM32U535CBT6, STM32U535CBT6Q, STM32U535CBU6, STM32U535CBU6Q, STM32U535CCT6, STM32U535CCT6Q, STM32U535CCU6, STM32U535CCU6Q, STM32U535CET6, STM32U535CET6Q, STM32U535CEU6, STM32U535CEU6Q, STM32U535JEY6QTR, STM32U535NCY6QTR, STM32U535NEY6QTR, STM32U535RBI6, STM32U535RBI6Q, STM32U535RBT6, STM32U535RBT6Q, STM32U535RCI6, STM32U535RCI6Q, STM32U535RCT6, STM32U535RCT6Q, STM32U535REI6, STM32U535REI6Q, STM32U535RET6, STM32U535RET6Q, STM32U535VCI6, STM32U535VCI6Q, STM32U535VCT6, STM32U535VCT6Q, STM32U535VEI6, STM32U535VEI6Q, STM32U535VET6, STM32U535VET6Q, STM32U545CET6, STM32U545CET6Q, STM32U545CEU6, STM32U545CEU6Q, STM32U545JEY6QTR, STM32U545NEY6QTR, STM32U545REI6, STM32U545REI6Q, STM32U545RET6, STM32U545RET6Q, STM32U545VEI6, STM32U545VEI6Q, STM32U545VET6, STM32U545VET6Q, STM32U595AIH6, STM32U595AIH6Q, STM32U595AJH6, STM32U595AJH6Q, STM32U595QII6, STM32U595QII6Q, STM32U595QJI6, STM32U595QJI6Q, STM32U595RIT6, STM32U595RIT6Q, STM32U595RJT6, STM32U595RJT6Q, STM32U595VIT6, STM32U595VIT6Q, STM32U595VJT6, STM32U595VJT6Q, STM32U595ZIT6, STM32U595ZIT6Q, STM32U595ZIY6QTR, STM32U595ZJT6, STM32U595ZJT6Q, STM32U595ZJY6QTR, STM32U599BJY6QTR, STM32U599NIH6Q, STM32U599NJH6Q, STM32U599VIT6Q, STM32U599VJT6, STM32U599VJT6Q, STM32U599ZIT6Q, STM32U599ZIY6QTR, STM32U599ZJT6Q, STM32U599ZJY6QTR, STM32U5A5AJH6, STM32U5A5AJH6Q, STM32U5A5QII3Q , STM32U5A5QJI6, STM32U5A5QJI6Q, STM32U5A5RJT6, STM32U5A5RJT6Q, STM32U5A5VJT6, STM32U5A5VJT6Q, STM32U5A5ZJT6, STM32U5A5ZJT6Q, STM32U5A5ZJY6QTR, STM32U5A9BJY6QTR, STM32U5A9J-DK, STM32U5A9NJH6Q, STM32U5A9VJT6Q, STM32U5A9ZJT6Q, STM32U5A9ZJY6QTR, STM32U5F7VIT6, STM32U5F7VIT6Q, STM32U5F7VJT6, STM32U5F7VJT6Q, STM32U5F9BJY6QTR, STM32U5F9NJH6Q, STM32U5F9VIT6Q, STM32U5F9VJT6Q, STM32U5F9ZIJ6QTR, STM32U5F9ZIT6Q, STM32U5F9ZJJ6QTR, STM32U5F9ZJT6Q, STM32U5G7VJT6, STM32U5G7VJT6Q, STM32U5G9BJY6QTR, STM32U5G9J-DK1, STM32U5G9J-DK2, STM32U5G9NJH6Q, STM32U5G9VJT6Q, STM32U5G9ZJJ6QTR, STM32U5G9ZJT6Q, STM32WB05KZV6TR, STM32WB05KZV7TR, STM32WB05TZF6TR, STM32WB05TZF7TR, STM32WB06CCF6TR, STM32WB06CCF7TR, STM32WB06CCV6TR, STM32WB06CCV7TR, STM32WB06KCV6TR, STM32WB06KCV7TR, STM32WB07CCF6TR, STM32WB07CCF7TR, STM32WB07CCV6TR, STM32WB07CCV7TR, STM32WB07KCV6TR, STM32WB07KCV7TR, STM32WB09KEV6TR, STM32WB09KEV7TR, STM32WB09TEF6TR, STM32WB09TEF7TR, STM32WB1MMCH6, STM32WBA50KGU6, STM32WBA50KGU6TR, STM32WBA52CEU6, STM32WBA52CEU6TR, STM32WBA52CEU7, STM32WBA52CEU7TR, STM32WBA52CGU6, STM32WBA52CGU6TR, STM32WBA52CGU6U, STM32WBA52CGU7, STM32WBA52CGU7TR, STM32WBA52KEU6, STM32WBA52KEU6TR, STM32WBA52KGU6, STM32WBA52KGU6TR, STM32WBA54CEU6, STM32WBA54CEU6TR, STM32WBA54CEU7, STM32WBA54CEU7TR, STM32WBA54CGU6, STM32WBA54CGU6TR, STM32WBA54CGU7, STM32WBA54CGU7TR, STM32WBA54KEU6, STM32WBA54KEU6TR, STM32WBA54KEU7, STM32WBA54KEU7TR, STM32WBA54KGU6, STM32WBA54KGU6TR, STM32WBA54KGU7, STM32WBA54KGU7TR, STM32WBA55CEU6, STM32WBA55CEU6TR, STM32WBA55CEU7, STM32WBA55CEU7TR, STM32WBA55CGU6, STM32WBA55CGU6TR, STM32WBA55CGU6U, STM32WBA55CGU7, STM32WBA55CGU7TR, STM32WBA55G-DK1, STM32WBA55HEF6, STM32WBA55HEF7, STM32WBA55HGF6, STM32WBA55HGF7, STM32WBA55UEI6, STM32WBA55UEI6TR, STM32WBA55UEI7, STM32WBA55UEI7TR, STM32WBA55UGI6, STM32WBA55UGI6TR, STM32WBA55UGI7, STM32WBA55UGI7TR, STM32WBA5MMGH6TR, STM32WBA62MGF6, STM32WBA62MIF6, STM32WBA65MGF7, STM32WBA65MIF6, STM32WBA65MIF7, STM32WL30K8V6, STM32WL30KBV6, STM32WL31C8V6, STM32WL31CBV6, STM32WL31K8V6, STM32WL31KBV6, STM32WL33C8V6, STM32WL33C8V6X, STM32WL33CBV6, STM32WL33CBV6X, STM32WL33CCV6, STM32WL33CCV6A, STM32WL33CCV6X, STM32WL33K8V7, STM32WL33K8V7X, STM32WL33KBV7 , STM32WL33KBV7X, STM32WL33KCV7, STM32WL33KCV7X, STM32WL5MOCH6, STM32WL5MOCH6TR]
2025-08-23 14:03:09,524 [INFO] BoardInfo:889 - No configuration file found for board P-NUCLEO-WB55
2025-08-23 14:03:09,525 [INFO] DbBoards:161 - Kit is not supported: P-NUCLEO-WB55
2025-08-23 14:03:09,531 [INFO] BoardInfo:889 - No configuration file found for board STEVAL-BFA001V1B
2025-08-23 14:03:09,532 [INFO] DbBoards:161 - Kit is not supported: STEVAL-BFA001V1B
2025-08-23 14:03:09,532 [INFO] BoardInfo:889 - No configuration file found for board STEVAL-BFA001V2B
2025-08-23 14:03:09,533 [INFO] DbBoards:161 - Kit is not supported: STEVAL-BFA001V2B
2025-08-23 14:03:09,594 [ERROR] LogOutputStream:75 - [STDERR_REDIRECT] [Fatal Error] :1:1: Premature end of file.
2025-08-23 14:03:09,594 [ERROR] LogOutputStream:75 - [STDERR_REDIRECT] 
2025-08-23 14:03:09,686 [INFO] DbBoards:168 - Found 212 boards, 209 are supported
2025-08-23 14:03:09,686 [INFO] DbBoards:169 - Found 212 boards, 43 of them is supported for  Bsp
2025-08-23 14:03:09,697 [INFO] ApiDb:423 - Load user favorites file C:\Users\sumey/.stm32cubeide/favorites.boards.txt: 0 item(s)
2025-08-23 14:03:09,697 [INFO] ApiDb:427 - User favorites Boards=[]
2025-08-23 14:03:09,697 [INFO] DbBoards:198 - Set 0 / 0 favorites Boards
2025-08-23 14:03:09,699 [INFO] ApiDb:668 - CubeFinder database Data Model version=2.1
2025-08-23 14:03:09,699 [INFO] ApiDb:669 - CubeFinder database Configuration version=3.0.39
2025-08-23 14:03:09,699 [INFO] ApiDb:670 - CubeFinder database generation date=2025-07-24 (1753349077)
2025-08-23 14:03:09,699 [INFO] ApiDb:671 - CubeFinder database FW Pack versions=[FP-ATR-ASTRA1_V2.0.0, FP-SNS-FLIGHT1_V5.1.0, FP-SNS-MOTENV1_V5.0.0, FP-SNS-MOTENVWB1_V1.4.0, FP-SNS-SMARTAG2_V1.2.0, FP-SNS-STBOX1_V2.0.0, STM32Cube_FW_C0_V1.4.0, STM32Cube_FW_F4_V1.28.2, STM32Cube_FW_F7_V1.17.3, STM32Cube_FW_G0_V1.6.2, STM32Cube_FW_G4_V1.6.1, STM32Cube_FW_H5_V1.5.0, STM32Cube_FW_H7RS_V1.2.0, STM32Cube_FW_H7_V1.12.1, STM32Cube_FW_L0_V1.12.2, STM32Cube_FW_L4_V1.18.1, STM32Cube_FW_L5_V1.5.1, STM32Cube_FW_N6_V1.2.0, STM32Cube_FW_U0_V1.3.0, STM32Cube_FW_U3_V1.2.0, STM32Cube_FW_U5_V1.8.0, STM32Cube_FW_WB0_V1.3.0, STM32Cube_FW_WBA_V1.7.0, STM32Cube_FW_WB_V1.23.0, STM32Cube_FW_WL3_V1.2.0, STM32Cube_FW_WL_V1.3.1, X-CUBE-ALGOBUILD_V1.4.0, X-CUBE-ALS_V1.0.2, X-CUBE-AZRTOS-F4_V1.1.0, X-CUBE-AZRTOS-F7_V1.1.0, X-CUBE-AZRTOS-G0_V1.1.0, X-CUBE-AZRTOS-G4_V2.0.0, X-CUBE-AZRTOS-H7RS_V1.1.0, X-CUBE-AZRTOS-H7_V3.4.0, X-CUBE-AZRTOS-L4_V2.0.0, X-CUBE-AZRTOS-L5_V2.0.0, X-CUBE-AZRTOS-WB_V2.0.0, X-CUBE-AZRTOS-WL_V2.0.0, X-CUBE-BLE1_V7.1.0, X-CUBE-BLE2_V3.3.0, X-CUBE-BLEMGR_V4.1.0, X-CUBE-EEPRMA1_V5.2.0, X-CUBE-FREERTOS_V1.3.1, X-CUBE-GNSS1_V6.0.0, X-CUBE-MEMS1_V11.3.0, X-CUBE-NFC4_V3.0.0, X-CUBE-NFC7_V2.0.0, X-CUBE-SFXS2LP1_V4.0.0, X-CUBE-ST67W61_V1.0.0, X-CUBE-SUBG2_V5.0.0, X-CUBE-TOF1_V3.4.3]
2025-08-23 14:03:10,094 [ERROR] DbExamplesSqlite:437 - Missing JSON key: board_cpn
2025-08-23 14:03:10,094 [ERROR] DbExamplesSqlite:437 - Missing JSON key: board_cpn
2025-08-23 14:03:10,094 [ERROR] DbExamplesSqlite:437 - Missing JSON key: board_cpn
2025-08-23 14:03:10,094 [ERROR] DbExamplesSqlite:437 - Missing JSON key: board_cpn
2025-08-23 14:03:10,170 [ERROR] DbExamplesSqlite:437 - Missing JSON key: board_cpn
2025-08-23 14:03:10,170 [ERROR] DbExamplesSqlite:437 - Missing JSON key: board_cpn
2025-08-23 14:03:10,170 [ERROR] DbExamplesSqlite:437 - Missing JSON key: board_cpn
2025-08-23 14:03:10,170 [ERROR] DbExamplesSqlite:437 - Missing JSON key: board_cpn
2025-08-23 14:03:10,170 [ERROR] DbExamplesSqlite:437 - Missing JSON key: board_cpn
2025-08-23 14:03:10,170 [ERROR] DbExamplesSqlite:437 - Missing JSON key: board_cpn
2025-08-23 14:03:10,170 [ERROR] DbExamplesSqlite:437 - Missing JSON key: board_cpn
2025-08-23 14:03:10,171 [ERROR] DbExamplesSqlite:437 - Missing JSON key: board_cpn
2025-08-23 14:03:10,171 [ERROR] DbExamplesSqlite:437 - Missing JSON key: board_cpn
2025-08-23 14:03:10,323 [ERROR] DbExamplesSqlite:437 - Missing JSON key: board_cpn
2025-08-23 14:03:10,323 [ERROR] DbExamplesSqlite:437 - Missing JSON key: board_cpn
2025-08-23 14:03:10,324 [INFO] DbExamplesSqlite:395 - Ignored 33 examples not supported by CubeIDE
2025-08-23 14:03:10,324 [INFO] DbExamplesSqlite:396 - Found 10866 examples active
2025-08-23 14:03:10,325 [INFO] DbExamplesSqlite:397 - Found 0 examples obsolete
2025-08-23 14:03:10,325 [INFO] DbExamplesSqlite:398 - Found 0 examples under development
2025-08-23 14:03:10,325 [INFO] DbExamplesSqlite:399 - Found 65 examples not building
2025-08-23 14:03:10,328 [INFO] DbExamples:125 - Found 10898 examples
2025-08-23 14:03:10,341 [INFO] DbExamples:222 - Found 134 boards with related examples
2025-08-23 14:03:10,342 [INFO] DbExamples:235 - Found 111 MCUs with related examples
2025-08-23 14:03:10,359 [INFO] ApiDb:423 - Load user favorites file C:\Users\sumey/.stm32cubeide/favorites.examples.txt: 0 item(s)
2025-08-23 14:03:10,359 [INFO] ApiDb:427 - User favorites Examples=[]
2025-08-23 14:03:10,359 [INFO] DbExamples:250 - Set 0 / 0 favorites Examples
2025-08-23 14:03:10,501 [INFO] McuFinderGlobals:76 - Set McuFinderConnectedMode to true
2025-08-23 14:03:10,505 [WARN] PackLoader:240 - Cannot read IP mode file for STMicroelectronics.FP-SNS-MOTENVWB1.1.4.0
2025-08-23 14:03:10,508 [INFO] MultiScanPanel:200 - Auto-refresh data requested => check proxy status ongoing
2025-08-23 14:03:10,513 [INFO] FinderPluginLoader:96 - Searching for filters in installed packs
2025-08-23 14:03:10,514 [WARN] PackLoader:240 - Cannot read IP mode file for STMicroelectronics.FP-ATR-ASTRA1.2.0.2
2025-08-23 14:03:10,522 [WARN] PackLoader:240 - Cannot read IP mode file for STMicroelectronics.X-CUBE-SMBUS.2.1.0
2025-08-23 14:03:10,528 [WARN] PackLoader:240 - Cannot read IP mode file for STMicroelectronics.X-CUBE-ST60.1.0.0
2025-08-23 14:03:10,557 [WARN] PackLoader:240 - Cannot read IP mode file for STMicroelectronics.X-CUBE-AZRTOS-F7.1.1.0
2025-08-23 14:03:10,583 [WARN] PackLoader:240 - Cannot read IP mode file for Infineon.AIROC-Wi-Fi-Bluetooth-STM32.1.7.0
2025-08-23 14:03:10,610 [WARN] PackLoader:240 - Cannot read IP mode file for STMicroelectronics.X-CUBE-AZRTOS-H7.3.4.0
2025-08-23 14:03:10,616 [ERROR] LogOutputStream:75 - [STDERR_REDIRECT] [Fatal Error] :1:1: Premature end of file.
2025-08-23 14:03:10,617 [ERROR] LogOutputStream:75 - [STDERR_REDIRECT] 
2025-08-23 14:03:10,623 [WARN] PackLoader:240 - Cannot read IP mode file for STMicroelectronics.X-CUBE-DISPLAY.3.0.0
2025-08-23 14:03:10,637 [WARN] PackLoader:240 - Cannot read IP mode file for STMicroelectronics.X-CUBE-NFC10.1.0.0
2025-08-23 14:03:10,648 [WARN] PackLoader:240 - Cannot read IP mode file for STMicroelectronics.X-CUBE-BLEMGR.4.0.0
2025-08-23 14:03:10,658 [WARN] PackLoader:240 - Cannot read IP mode file for emotas.I-CUBE-CANOPEN.1.3.0
2025-08-23 14:03:10,664 [WARN] ConditionMgr:438 - getConditionDescription Invalid condition id : Cortex-A Device cause : null
2025-08-23 14:03:10,677 [WARN] ConditionMgr:1044 - genDependencies : Invalid condition id : Cortex-A Device cause : null
2025-08-23 14:03:10,677 [WARN] ConditionMgr:1044 - genDependencies : Invalid condition id : Cortex-A Device cause : null
2025-08-23 14:03:10,677 [WARN] ConditionMgr:1044 - genDependencies : Invalid condition id : Cortex-A Device cause : null
2025-08-23 14:03:10,685 [WARN] PackLoader:240 - Cannot read IP mode file for STMicroelectronics.FP-SNS-STBOX1.2.1.0
2025-08-23 14:03:10,691 [WARN] PackLoader:240 - Cannot read IP mode file for STMicroelectronics.FP-SNS-SMARTAG2.1.2.0
2025-08-23 14:03:10,697 [WARN] PackLoader:240 - Cannot read IP mode file for STMicroelectronics.FP-SNS-FLIGHT1.5.1.0
2025-08-23 14:03:10,705 [INFO] LogOutputStream:77 - [STDOUT_REDIRECT] 1 : Invalid condition id : UX_CORESTACK_Condition cause : null
2025-08-23 14:03:10,707 [INFO] LogOutputStream:77 - [STDOUT_REDIRECT] 1 : Invalid condition id : UX_CORESTACK_Condition cause : null
2025-08-23 14:03:10,708 [INFO] LogOutputStream:77 - [STDOUT_REDIRECT] 1 : Invalid condition id : UX_CORESTACK_Condition cause : null
2025-08-23 14:03:10,708 [INFO] LogOutputStream:77 - [STDOUT_REDIRECT] 1 : Invalid condition id : UX_CORESTACK_Condition cause : null
2025-08-23 14:03:10,709 [INFO] LogOutputStream:77 - [STDOUT_REDIRECT] 1 : Invalid condition id : UX_CORESTACK_Condition cause : null
2025-08-23 14:03:10,710 [WARN] PackLoader:240 - Cannot read IP mode file for STMicroelectronics.X-CUBE-AZRTOS-WL.2.0.0
2025-08-23 14:03:10,714 [WARN] PackLoader:240 - Cannot read IP mode file for STMicroelectronics.FP-SNS-MOTENV1.5.0.0
2025-08-23 14:03:10,726 [WARN] PackLoader:240 - Cannot read IP mode file for WES.I-CUBE-Cesium.1.3.0
2025-08-23 14:03:10,731 [WARN] PackLoader:240 - Cannot read IP mode file for STMicroelectronics.X-CUBE-BLE2.3.3.0
2025-08-23 14:03:10,737 [WARN] PackLoader:240 - Cannot read IP mode file for STMicroelectronics.X-CUBE-NFC9.1.0.0
2025-08-23 14:03:10,741 [WARN] PackLoader:240 - Cannot read IP mode file for wolfSSL.I-CUBE-wolfSSL.5.8.0
2025-08-23 14:03:10,746 [WARN] PackLoader:240 - Cannot read IP mode file for STMicroelectronics.X-CUBE-BLE1.7.1.0
2025-08-23 14:03:10,749 [WARN] PackLoader:240 - Cannot read IP mode file for wolfSSL.I-CUBE-wolfMQTT.1.19.2
2025-08-23 14:03:10,754 [WARN] PackLoader:240 - Cannot read IP mode file for STMicroelectronics.X-CUBE-EEPRMA1.5.2.0
2025-08-23 14:03:10,758 [WARN] PackLoader:240 - Cannot read IP mode file for STMicroelectronics.X-CUBE-AI.10.1.0
2025-08-23 14:03:10,765 [WARN] PackLoader:240 - Cannot read IP mode file for STMicroelectronics.X-CUBE-AZRTOS-G0.1.1.0
2025-08-23 14:03:10,771 [WARN] PackLoader:240 - Cannot read IP mode file for STMicroelectronics.X-CUBE-SAFEA1.1.2.2
2025-08-23 14:03:10,776 [WARN] PackLoader:240 - Cannot read IP mode file for STMicroelectronics.X-CUBE-NFC4.3.0.0
2025-08-23 14:03:10,782 [WARN] PackLoader:240 - Cannot read IP mode file for EmbeddedOffice.I-CUBE-FS-RTOS.1.0.1
2025-08-23 14:03:10,788 [WARN] PackLoader:240 - Cannot read IP mode file for STMicroelectronics.X-CUBE-WB05N.2.0.0
2025-08-23 14:03:10,791 [WARN] PackLoader:240 - Cannot read IP mode file for wolfSSL.I-CUBE-wolfTPM.3.8.0
2025-08-23 14:03:10,796 [WARN] PackLoader:240 - Cannot read IP mode file for STMicroelectronics.X-CUBE-TCPP.4.2.0
2025-08-23 14:03:10,802 [WARN] PackLoader:240 - Cannot read IP mode file for RealThread.X-CUBE-RT-Thread_Nano.4.1.1
2025-08-23 14:03:10,805 [WARN] PackLoader:240 - Cannot read IP mode file for STMicroelectronics.FP-ATR-SIGFOX1.3.2.0
2025-08-23 14:03:10,808 [WARN] PackLoader:240 - Cannot read IP mode file for STMicroelectronics.X-CUBE-EEPRMA1.5.1.0
2025-08-23 14:03:10,813 [WARN] PackLoader:240 - Cannot read IP mode file for ITTIA_DB.I-CUBE-ITTIADB.8.9.0
2025-08-23 14:03:10,821 [WARN] PackLoader:240 - Cannot read IP mode file for STMicroelectronics.X-CUBE-ST67W61.1.0.0
2025-08-23 14:03:10,824 [WARN] PackLoader:240 - Cannot read IP mode file for STMicroelectronics.X-CUBE-AI.10.2.0
2025-08-23 14:03:10,836 [WARN] PackLoader:240 - Cannot read IP mode file for SEGGER.I-CUBE-embOS.1.3.1
2025-08-23 14:03:10,859 [WARN] PackLoader:240 - Cannot read IP mode file for STMicroelectronics.X-CUBE-ALGOBUILD.1.4.0
2025-08-23 14:03:10,884 [WARN] PackLoader:240 - Cannot read IP mode file for STMicroelectronics.X-CUBE-MEMS1.11.3.0
2025-08-23 14:03:10,986 [WARN] PackLoader:240 - Cannot read IP mode file for STMicroelectronics.X-CUBE-PM33A1.1.0.0
2025-08-23 14:03:10,994 [WARN] PackLoader:240 - Cannot read IP mode file for STMicroelectronics.X-CUBE-AZRTOS-F4.1.1.0
2025-08-23 14:03:11,000 [WARN] PackLoader:240 - Cannot read IP mode file for STMicroelectronics.X-CUBE-ISPU.2.1.0
2025-08-23 14:03:11,006 [WARN] PackLoader:240 - Cannot read IP mode file for STMicroelectronics.X-CUBE-NFC12.1.0.0
2025-08-23 14:03:11,014 [WARN] PackLoader:240 - Cannot read IP mode file for STMicroelectronics.X-CUBE-AZRTOS-L5.2.0.0
2025-08-23 14:03:11,021 [WARN] PackLoader:240 - Cannot read IP mode file for STMicroelectronics.X-CUBE-NFC6.3.1.0
2025-08-23 14:03:11,026 [WARN] PackLoader:240 - Cannot read IP mode file for STMicroelectronics.X-CUBE-FREERTOS.1.3.1
2025-08-23 14:03:11,031 [WARN] PackLoader:240 - Cannot read IP mode file for STMicroelectronics.FP-SNS-STAIOTCFT.1.0.0
2025-08-23 14:03:11,036 [WARN] PackLoader:240 - Cannot read IP mode file for STMicroelectronics.X-CUBE-DPower.1.3.0
2025-08-23 14:03:11,046 [WARN] ConditionMgr:438 - getConditionDescription Invalid condition id : LAN8742 Phy interface Condition cause : null
2025-08-23 14:03:11,046 [WARN] PackLoader:240 - Cannot read IP mode file for STMicroelectronics.X-CUBE-AZRTOS-L4.2.0.0
2025-08-23 14:03:11,046 [WARN] ConditionMgr:1044 - genDependencies : Invalid condition id : LAN8742 Phy interface Condition cause : null
2025-08-23 14:03:11,046 [WARN] ConditionMgr:1044 - genDependencies : Invalid condition id : LAN8742 Phy interface Condition cause : null
2025-08-23 14:03:11,047 [WARN] ConditionMgr:1044 - genDependencies : Invalid condition id : LAN8742 Phy interface Condition cause : null
2025-08-23 14:03:11,054 [WARN] PackLoader:240 - Cannot read IP mode file for STMicroelectronics.X-CUBE-SFXS2LP1.4.0.0
2025-08-23 14:03:11,067 [WARN] PackLoader:240 - Cannot read IP mode file for STMicroelectronics.X-CUBE-AZRTOS-H7.3.3.0
2025-08-23 14:03:11,078 [WARN] PackLoader:240 - Cannot read IP mode file for STMicroelectronics.X-CUBE-BLEMGR.4.1.0
2025-08-23 14:03:11,088 [WARN] ConditionMgr:438 - getConditionDescription Invalid condition id : UX DEVICE CLASS RTOS Condition cause : null
2025-08-23 14:03:11,088 [WARN] ConditionMgr:438 - getConditionDescription Invalid condition id : UX DEVICE CLASS RTOS Condition cause : null
2025-08-23 14:03:11,089 [WARN] PackLoader:240 - Cannot read IP mode file for STMicroelectronics.X-CUBE-AZRTOS-WB.2.0.0
2025-08-23 14:03:11,089 [WARN] ConditionMgr:1044 - genDependencies : Invalid condition id : UX DEVICE CLASS RTOS Condition cause : null
2025-08-23 14:03:11,089 [WARN] ConditionMgr:1044 - genDependencies : Invalid condition id : UX DEVICE CLASS RTOS Condition cause : null
2025-08-23 14:03:11,089 [WARN] ConditionMgr:1044 - genDependencies : Invalid condition id : UX DEVICE CLASS RTOS Condition cause : null
2025-08-23 14:03:11,089 [WARN] ConditionMgr:1044 - genDependencies : Invalid condition id : UX DEVICE CLASS RTOS Condition cause : null
2025-08-23 14:03:11,089 [WARN] ConditionMgr:1044 - genDependencies : Invalid condition id : UX DEVICE CLASS RTOS Condition cause : null
2025-08-23 14:03:11,093 [WARN] PackLoader:240 - Cannot read IP mode file for STMicroelectronics.X-CUBE-GNSS1.7.0.1
2025-08-23 14:03:11,100 [WARN] PackLoader:240 - Cannot read IP mode file for STMicroelectronics.X-CUBE-TOUCHGFX.4.25.0
2025-08-23 14:03:11,103 [WARN] PackLoader:240 - Cannot read IP mode file for STMicroelectronics.FP-SNS-STBOX1.2.0.0
2025-08-23 14:03:11,110 [WARN] PackLoader:240 - Cannot read IP mode file for STMicroelectronics.X-CUBE-SUBG2.5.0.0
2025-08-23 14:03:11,121 [WARN] PackLoader:240 - Cannot read IP mode file for STMicroelectronics.X-CUBE-AZRTOS-H7RS.1.1.0
2025-08-23 14:03:11,126 [WARN] PackLoader:240 - Cannot read IP mode file for Cesanta.I-CUBE-Mongoose.7.13.0
2025-08-23 14:03:11,132 [WARN] PackLoader:240 - Cannot read IP mode file for STMicroelectronics.X-CUBE-AZRTOS-G4.2.0.0
2025-08-23 14:03:11,136 [WARN] PackLoader:240 - Cannot read IP mode file for wolfSSL.I-CUBE-wolfSSH.1.4.20
2025-08-23 14:03:11,139 [WARN] PackLoader:240 - Cannot read IP mode file for STMicroelectronics.X-CUBE-NFC7.2.0.0
2025-08-23 14:03:11,147 [WARN] PackLoader:240 - Cannot read IP mode file for STMicroelectronics.X-CUBE-IPS.3.1.0
2025-08-23 14:03:11,155 [WARN] PackLoader:240 - Cannot read IP mode file for STMicroelectronics.X-CUBE-ALS.1.0.2
2025-08-23 14:03:11,159 [WARN] PackLoader:240 - Cannot read IP mode file for portGmbH.I-Cube-SoM-uGOAL.1.1.0
2025-08-23 14:03:11,164 [WARN] PackLoader:240 - Cannot read IP mode file for STMicroelectronics.X-CUBE-TOF1.3.4.3
2025-08-23 14:03:11,169 [INFO] ThirdParty:978 - Integrity check success = true
2025-08-23 14:03:11,170 [INFO] IntegrityCheckThread:100 - exiting critical section [integrity check]
2025-08-23 14:03:11,170 [INFO] IntegrityCheckThread:103 - End integrity checks thread
2025-08-23 14:03:11,612 [ERROR] LogOutputStream:75 - [STDERR_REDIRECT] [Fatal Error] :1:1: Premature end of file.
2025-08-23 14:03:11,613 [ERROR] LogOutputStream:75 - [STDERR_REDIRECT] 
2025-08-23 14:03:11,947 [INFO] LoadUrlFilesThread:185 - End of LoadServerUrlFiles without Thread
2025-08-23 14:03:12,009 [INFO] DetailPanel:341 - Set advertising image to C:/Users/sumey/STM32Cube/Repository/\en.2400x1350px.jpeg
2025-08-23 14:03:12,606 [ERROR] LogOutputStream:75 - [STDERR_REDIRECT] [Fatal Error] :1:1: Premature end of file.
2025-08-23 14:03:12,606 [ERROR] LogOutputStream:75 - [STDERR_REDIRECT] 
2025-08-23 14:03:13,602 [ERROR] LogOutputStream:75 - [STDERR_REDIRECT] [Fatal Error] :1:1: Premature end of file.
2025-08-23 14:03:13,602 [ERROR] LogOutputStream:75 - [STDERR_REDIRECT] 
2025-08-23 14:03:14,592 [ERROR] LogOutputStream:75 - [STDERR_REDIRECT] [Fatal Error] :1:1: Premature end of file.
2025-08-23 14:03:14,592 [ERROR] LogOutputStream:75 - [STDERR_REDIRECT] 
2025-08-23 14:03:15,593 [ERROR] LogOutputStream:75 - [STDERR_REDIRECT] [Fatal Error] :1:1: Premature end of file.
2025-08-23 14:03:15,593 [ERROR] LogOutputStream:75 - [STDERR_REDIRECT] 
2025-08-23 14:03:16,594 [ERROR] LogOutputStream:75 - [STDERR_REDIRECT] [Fatal Error] :1:1: Premature end of file.
2025-08-23 14:03:16,594 [ERROR] LogOutputStream:75 - [STDERR_REDIRECT] 
2025-08-23 14:03:17,605 [ERROR] LogOutputStream:75 - [STDERR_REDIRECT] [Fatal Error] :1:1: Premature end of file.
2025-08-23 14:03:17,605 [ERROR] LogOutputStream:75 - [STDERR_REDIRECT] 
2025-08-23 14:03:17,861 [INFO] MultiScanPanel:200 - Auto-refresh data requested => check proxy status ongoing
2025-08-23 14:03:17,958 [INFO] LoadUrlFilesThread:185 - End of LoadServerUrlFiles without Thread
2025-08-23 14:03:17,959 [INFO] DetailPanel:341 - Set advertising image to C:/Users/sumey/STM32Cube/Repository/\en.2400x1350px.jpeg
2025-08-23 14:03:17,971 [INFO] DbBoards:642 - Loading board mini-images...
2025-08-23 14:03:18,596 [ERROR] LogOutputStream:75 - [STDERR_REDIRECT] [Fatal Error] :1:1: Premature end of file.
2025-08-23 14:03:18,596 [ERROR] LogOutputStream:75 - [STDERR_REDIRECT] 
2025-08-23 14:03:19,148 [ERROR] DbBoards:659 - Image file not found for board STM32MP215F-DK: C:\Users\sumey\.stmcufinder\plugins\mcufinder//mcu//boards_images/STM32MP215F-DK.jpg
2025-08-23 14:03:19,218 [INFO] DbBoards:665 - Loaded 211 board mini-images
2025-08-23 14:03:19,610 [ERROR] LogOutputStream:75 - [STDERR_REDIRECT] [Fatal Error] :1:1: Premature end of file.
2025-08-23 14:03:19,611 [ERROR] LogOutputStream:75 - [STDERR_REDIRECT] 
2025-08-23 14:03:20,594 [ERROR] LogOutputStream:75 - [STDERR_REDIRECT] [Fatal Error] :1:1: Premature end of file.
2025-08-23 14:03:20,594 [ERROR] LogOutputStream:75 - [STDERR_REDIRECT] 
2025-08-23 14:03:21,610 [ERROR] LogOutputStream:75 - [STDERR_REDIRECT] [Fatal Error] :1:1: Premature end of file.
2025-08-23 14:03:21,610 [ERROR] LogOutputStream:75 - [STDERR_REDIRECT] 
2025-08-23 14:03:22,607 [ERROR] LogOutputStream:75 - [STDERR_REDIRECT] [Fatal Error] :1:1: Premature end of file.
2025-08-23 14:03:22,607 [ERROR] LogOutputStream:75 - [STDERR_REDIRECT] 
2025-08-23 14:03:23,607 [ERROR] LogOutputStream:75 - [STDERR_REDIRECT] [Fatal Error] :1:1: Premature end of file.
2025-08-23 14:03:23,607 [ERROR] LogOutputStream:75 - [STDERR_REDIRECT] 
2025-08-23 14:03:24,605 [ERROR] LogOutputStream:75 - [STDERR_REDIRECT] [Fatal Error] :1:1: Premature end of file.
2025-08-23 14:03:24,606 [ERROR] LogOutputStream:75 - [STDERR_REDIRECT] 
2025-08-23 14:03:25,606 [ERROR] LogOutputStream:75 - [STDERR_REDIRECT] [Fatal Error] :1:1: Premature end of file.
2025-08-23 14:03:25,607 [ERROR] LogOutputStream:75 - [STDERR_REDIRECT] 
2025-08-23 14:03:26,607 [ERROR] LogOutputStream:75 - [STDERR_REDIRECT] [Fatal Error] :1:1: Premature end of file.
2025-08-23 14:03:26,607 [ERROR] LogOutputStream:75 - [STDERR_REDIRECT] 
2025-08-23 14:03:27,597 [ERROR] LogOutputStream:75 - [STDERR_REDIRECT] [Fatal Error] :1:1: Premature end of file.
2025-08-23 14:03:27,597 [ERROR] LogOutputStream:75 - [STDERR_REDIRECT] 
2025-08-23 14:03:28,612 [ERROR] LogOutputStream:75 - [STDERR_REDIRECT] [Fatal Error] :1:1: Premature end of file.
2025-08-23 14:03:28,612 [ERROR] LogOutputStream:75 - [STDERR_REDIRECT] 
2025-08-23 14:03:29,613 [ERROR] LogOutputStream:75 - [STDERR_REDIRECT] [Fatal Error] :1:1: Premature end of file.
2025-08-23 14:03:29,613 [ERROR] LogOutputStream:75 - [STDERR_REDIRECT] 
2025-08-23 14:03:30,612 [ERROR] LogOutputStream:75 - [STDERR_REDIRECT] [Fatal Error] :1:1: Premature end of file.
2025-08-23 14:03:30,612 [ERROR] LogOutputStream:75 - [STDERR_REDIRECT] 
2025-08-23 14:03:31,602 [ERROR] LogOutputStream:75 - [STDERR_REDIRECT] [Fatal Error] :1:1: Premature end of file.
2025-08-23 14:03:31,602 [ERROR] LogOutputStream:75 - [STDERR_REDIRECT] 
2025-08-23 14:03:32,594 [ERROR] LogOutputStream:75 - [STDERR_REDIRECT] [Fatal Error] :1:1: Premature end of file.
2025-08-23 14:03:32,594 [ERROR] LogOutputStream:75 - [STDERR_REDIRECT] 
2025-08-23 14:03:33,598 [ERROR] LogOutputStream:75 - [STDERR_REDIRECT] [Fatal Error] :1:1: Premature end of file.
2025-08-23 14:03:33,598 [ERROR] LogOutputStream:75 - [STDERR_REDIRECT] 
2025-08-23 14:03:34,595 [ERROR] LogOutputStream:75 - [STDERR_REDIRECT] [Fatal Error] :1:1: Premature end of file.
2025-08-23 14:03:34,595 [ERROR] LogOutputStream:75 - [STDERR_REDIRECT] 
2025-08-23 14:03:35,610 [ERROR] LogOutputStream:75 - [STDERR_REDIRECT] [Fatal Error] :1:1: Premature end of file.
2025-08-23 14:03:35,610 [ERROR] LogOutputStream:75 - [STDERR_REDIRECT] 
2025-08-23 14:03:36,613 [ERROR] LogOutputStream:75 - [STDERR_REDIRECT] [Fatal Error] :1:1: Premature end of file.
2025-08-23 14:03:36,614 [ERROR] LogOutputStream:75 - [STDERR_REDIRECT] 
2025-08-23 14:03:37,594 [ERROR] LogOutputStream:75 - [STDERR_REDIRECT] [Fatal Error] :1:1: Premature end of file.
2025-08-23 14:03:37,594 [ERROR] LogOutputStream:75 - [STDERR_REDIRECT] 
2025-08-23 14:03:38,597 [ERROR] LogOutputStream:75 - [STDERR_REDIRECT] [Fatal Error] :1:1: Premature end of file.
2025-08-23 14:03:38,597 [ERROR] LogOutputStream:75 - [STDERR_REDIRECT] 
2025-08-23 14:03:39,594 [ERROR] LogOutputStream:75 - [STDERR_REDIRECT] [Fatal Error] :1:1: Premature end of file.
2025-08-23 14:03:39,594 [ERROR] LogOutputStream:75 - [STDERR_REDIRECT] 
2025-08-23 14:03:40,594 [ERROR] LogOutputStream:75 - [STDERR_REDIRECT] [Fatal Error] :1:1: Premature end of file.
2025-08-23 14:03:40,594 [ERROR] LogOutputStream:75 - [STDERR_REDIRECT] 
2025-08-23 14:03:41,593 [ERROR] LogOutputStream:75 - [STDERR_REDIRECT] [Fatal Error] :1:1: Premature end of file.
2025-08-23 14:03:41,593 [ERROR] LogOutputStream:75 - [STDERR_REDIRECT] 
2025-08-23 14:03:42,601 [ERROR] LogOutputStream:75 - [STDERR_REDIRECT] [Fatal Error] :1:1: Premature end of file.
2025-08-23 14:03:42,601 [ERROR] LogOutputStream:75 - [STDERR_REDIRECT] 
2025-08-23 14:03:43,619 [ERROR] LogOutputStream:75 - [STDERR_REDIRECT] [Fatal Error] :1:1: Premature end of file.
2025-08-23 14:03:43,619 [ERROR] LogOutputStream:75 - [STDERR_REDIRECT] 
2025-08-23 14:03:44,597 [ERROR] LogOutputStream:75 - [STDERR_REDIRECT] [Fatal Error] :1:1: Premature end of file.
2025-08-23 14:03:44,597 [ERROR] LogOutputStream:75 - [STDERR_REDIRECT] 
2025-08-23 14:03:45,596 [ERROR] LogOutputStream:75 - [STDERR_REDIRECT] [Fatal Error] :1:1: Premature end of file.
2025-08-23 14:03:45,597 [ERROR] LogOutputStream:75 - [STDERR_REDIRECT] 
2025-08-23 14:03:46,603 [ERROR] LogOutputStream:75 - [STDERR_REDIRECT] [Fatal Error] :1:1: Premature end of file.
2025-08-23 14:03:46,603 [ERROR] LogOutputStream:75 - [STDERR_REDIRECT] 
2025-08-23 14:03:47,613 [ERROR] LogOutputStream:75 - [STDERR_REDIRECT] [Fatal Error] :1:1: Premature end of file.
2025-08-23 14:03:47,613 [ERROR] LogOutputStream:75 - [STDERR_REDIRECT] 
2025-08-23 14:03:48,594 [ERROR] LogOutputStream:75 - [STDERR_REDIRECT] [Fatal Error] :1:1: Premature end of file.
2025-08-23 14:03:48,594 [ERROR] LogOutputStream:75 - [STDERR_REDIRECT] 
2025-08-23 14:03:49,607 [ERROR] LogOutputStream:75 - [STDERR_REDIRECT] [Fatal Error] :1:1: Premature end of file.
2025-08-23 14:03:49,607 [ERROR] LogOutputStream:75 - [STDERR_REDIRECT] 
2025-08-23 14:03:49,630 [INFO] BoardResultTable:719 - Mark Board NUCLEO-H745ZI-Q as favorite
2025-08-23 14:03:50,593 [ERROR] LogOutputStream:75 - [STDERR_REDIRECT] [Fatal Error] :1:1: Premature end of file.
2025-08-23 14:03:50,593 [ERROR] LogOutputStream:75 - [STDERR_REDIRECT] 
2025-08-23 14:03:51,604 [ERROR] LogOutputStream:75 - [STDERR_REDIRECT] [Fatal Error] :1:1: Premature end of file.
2025-08-23 14:03:51,604 [ERROR] LogOutputStream:75 - [STDERR_REDIRECT] 
2025-08-23 14:03:52,594 [ERROR] LogOutputStream:75 - [STDERR_REDIRECT] [Fatal Error] :1:1: Premature end of file.
2025-08-23 14:03:52,594 [ERROR] LogOutputStream:75 - [STDERR_REDIRECT] 
2025-08-23 14:03:53,631 [ERROR] LogOutputStream:75 - [STDERR_REDIRECT] [Fatal Error] :1:1: Premature end of file.
2025-08-23 14:03:53,631 [ERROR] LogOutputStream:75 - [STDERR_REDIRECT] 
2025-08-23 14:03:54,609 [ERROR] LogOutputStream:75 - [STDERR_REDIRECT] [Fatal Error] :1:1: Premature end of file.
2025-08-23 14:03:54,611 [ERROR] LogOutputStream:75 - [STDERR_REDIRECT] 
2025-08-23 14:03:55,610 [ERROR] LogOutputStream:75 - [STDERR_REDIRECT] [Fatal Error] :1:1: Premature end of file.
2025-08-23 14:03:55,610 [ERROR] LogOutputStream:75 - [STDERR_REDIRECT] 
2025-08-23 14:03:56,606 [ERROR] LogOutputStream:75 - [STDERR_REDIRECT] [Fatal Error] :1:1: Premature end of file.
2025-08-23 14:03:56,606 [ERROR] LogOutputStream:75 - [STDERR_REDIRECT] 
2025-08-23 14:03:57,607 [ERROR] LogOutputStream:75 - [STDERR_REDIRECT] [Fatal Error] :1:1: Premature end of file.
2025-08-23 14:03:57,607 [ERROR] LogOutputStream:75 - [STDERR_REDIRECT] 
2025-08-23 14:03:58,603 [ERROR] LogOutputStream:75 - [STDERR_REDIRECT] [Fatal Error] :1:1: Premature end of file.
2025-08-23 14:03:58,604 [ERROR] LogOutputStream:75 - [STDERR_REDIRECT] 
2025-08-23 14:03:59,607 [ERROR] LogOutputStream:75 - [STDERR_REDIRECT] [Fatal Error] :1:1: Premature end of file.
2025-08-23 14:03:59,607 [ERROR] LogOutputStream:75 - [STDERR_REDIRECT] 
2025-08-23 14:04:00,592 [ERROR] LogOutputStream:75 - [STDERR_REDIRECT] [Fatal Error] :1:1: Premature end of file.
2025-08-23 14:04:00,592 [ERROR] LogOutputStream:75 - [STDERR_REDIRECT] 
2025-08-23 14:04:01,608 [ERROR] LogOutputStream:75 - [STDERR_REDIRECT] [Fatal Error] :1:1: Premature end of file.
2025-08-23 14:04:01,608 [ERROR] LogOutputStream:75 - [STDERR_REDIRECT] 
2025-08-23 14:04:02,610 [ERROR] LogOutputStream:75 - [STDERR_REDIRECT] [Fatal Error] :1:1: Premature end of file.
2025-08-23 14:04:02,610 [ERROR] LogOutputStream:75 - [STDERR_REDIRECT] 
2025-08-23 14:04:03,595 [ERROR] LogOutputStream:75 - [STDERR_REDIRECT] [Fatal Error] :1:1: Premature end of file.
2025-08-23 14:04:03,595 [ERROR] LogOutputStream:75 - [STDERR_REDIRECT] 
2025-08-23 14:04:04,594 [ERROR] LogOutputStream:75 - [STDERR_REDIRECT] [Fatal Error] :1:1: Premature end of file.
2025-08-23 14:04:04,594 [ERROR] LogOutputStream:75 - [STDERR_REDIRECT] 
2025-08-23 14:04:05,610 [ERROR] LogOutputStream:75 - [STDERR_REDIRECT] [Fatal Error] :1:1: Premature end of file.
2025-08-23 14:04:05,610 [ERROR] LogOutputStream:75 - [STDERR_REDIRECT] 
2025-08-23 14:04:06,612 [ERROR] LogOutputStream:75 - [STDERR_REDIRECT] [Fatal Error] :1:1: Premature end of file.
2025-08-23 14:04:06,612 [ERROR] LogOutputStream:75 - [STDERR_REDIRECT] 
2025-08-23 14:04:07,607 [ERROR] LogOutputStream:75 - [STDERR_REDIRECT] [Fatal Error] :1:1: Premature end of file.
2025-08-23 14:04:07,607 [ERROR] LogOutputStream:75 - [STDERR_REDIRECT] 
2025-08-23 14:04:08,611 [ERROR] LogOutputStream:75 - [STDERR_REDIRECT] [Fatal Error] :1:1: Premature end of file.
2025-08-23 14:04:08,611 [ERROR] LogOutputStream:75 - [STDERR_REDIRECT] 
2025-08-23 14:04:09,610 [ERROR] LogOutputStream:75 - [STDERR_REDIRECT] [Fatal Error] :1:1: Premature end of file.
2025-08-23 14:04:09,610 [ERROR] LogOutputStream:75 - [STDERR_REDIRECT] 
2025-08-23 14:04:10,606 [ERROR] LogOutputStream:75 - [STDERR_REDIRECT] [Fatal Error] :1:1: Premature end of file.
2025-08-23 14:04:10,606 [ERROR] LogOutputStream:75 - [STDERR_REDIRECT] 
2025-08-23 14:04:11,604 [ERROR] LogOutputStream:75 - [STDERR_REDIRECT] [Fatal Error] :1:1: Premature end of file.
2025-08-23 14:04:11,605 [ERROR] LogOutputStream:75 - [STDERR_REDIRECT] 
2025-08-23 14:04:12,609 [ERROR] LogOutputStream:75 - [STDERR_REDIRECT] [Fatal Error] :1:1: Premature end of file.
2025-08-23 14:04:12,609 [ERROR] LogOutputStream:75 - [STDERR_REDIRECT] 
2025-08-23 14:04:13,610 [ERROR] LogOutputStream:75 - [STDERR_REDIRECT] [Fatal Error] :1:1: Premature end of file.
2025-08-23 14:04:13,611 [ERROR] LogOutputStream:75 - [STDERR_REDIRECT] 
2025-08-23 14:04:14,604 [ERROR] LogOutputStream:75 - [STDERR_REDIRECT] [Fatal Error] :1:1: Premature end of file.
2025-08-23 14:04:14,604 [ERROR] LogOutputStream:75 - [STDERR_REDIRECT] 
2025-08-23 14:04:15,606 [ERROR] LogOutputStream:75 - [STDERR_REDIRECT] [Fatal Error] :1:1: Premature end of file.
2025-08-23 14:04:15,606 [ERROR] LogOutputStream:75 - [STDERR_REDIRECT] 
2025-08-23 14:04:16,603 [ERROR] LogOutputStream:75 - [STDERR_REDIRECT] [Fatal Error] :1:1: Premature end of file.
2025-08-23 14:04:16,603 [ERROR] LogOutputStream:75 - [STDERR_REDIRECT] 
2025-08-23 14:04:17,609 [ERROR] LogOutputStream:75 - [STDERR_REDIRECT] [Fatal Error] :1:1: Premature end of file.
2025-08-23 14:04:17,609 [ERROR] LogOutputStream:75 - [STDERR_REDIRECT] 
2025-08-23 14:04:18,610 [ERROR] LogOutputStream:75 - [STDERR_REDIRECT] [Fatal Error] :1:1: Premature end of file.
2025-08-23 14:04:18,611 [ERROR] LogOutputStream:75 - [STDERR_REDIRECT] 
2025-08-23 14:04:19,607 [ERROR] LogOutputStream:75 - [STDERR_REDIRECT] [Fatal Error] :1:1: Premature end of file.
2025-08-23 14:04:19,608 [ERROR] LogOutputStream:75 - [STDERR_REDIRECT] 
2025-08-23 14:04:20,609 [ERROR] LogOutputStream:75 - [STDERR_REDIRECT] [Fatal Error] :1:1: Premature end of file.
2025-08-23 14:04:20,609 [ERROR] LogOutputStream:75 - [STDERR_REDIRECT] 
2025-08-23 14:04:21,596 [ERROR] LogOutputStream:75 - [STDERR_REDIRECT] [Fatal Error] :1:1: Premature end of file.
2025-08-23 14:04:21,597 [ERROR] LogOutputStream:75 - [STDERR_REDIRECT] 
2025-08-23 14:04:22,596 [ERROR] LogOutputStream:75 - [STDERR_REDIRECT] [Fatal Error] :1:1: Premature end of file.
2025-08-23 14:04:22,596 [ERROR] LogOutputStream:75 - [STDERR_REDIRECT] 
2025-08-23 14:04:23,604 [ERROR] LogOutputStream:75 - [STDERR_REDIRECT] [Fatal Error] :1:1: Premature end of file.
2025-08-23 14:04:23,604 [ERROR] LogOutputStream:75 - [STDERR_REDIRECT] 
2025-08-23 14:04:24,219 [INFO] MainUpdater:2872 - connection check result : 10
2025-08-23 14:04:24,219 [INFO] MainUpdater:2872 - connection check result : 10
2025-08-23 14:04:24,233 [INFO] MicroXplorer:468 - Change Database Path : 
2025-08-23 14:04:24,234 [INFO] MicroXplorer:498 - Change Database Version : DB.6.0.150
2025-08-23 14:04:24,239 [WARN] ThirdParty:871 - waiting for thirdparty lock release [close project]
2025-08-23 14:04:24,239 [INFO] ThirdParty:873 - entering critical section [close project]
2025-08-23 14:04:24,240 [INFO] ThirdParty:883 - exiting critical section [close project]
2025-08-23 14:04:24,243 [INFO] PinOutPanel:1589 - setPackage(No Configuration,No Configuration)
2025-08-23 14:04:24,244 [INFO] UtilMem:75 - Begin LoadConfig() Used Memory: 782082640 Bytes (1073741824)
2025-08-23 14:04:24,262 [INFO] MicroXplorer:468 - Change Database Path : 
2025-08-23 14:04:24,263 [INFO] MicroXplorer:498 - Change Database Version : DB.6.0.150
2025-08-23 14:04:24,263 [INFO] OpenFileManager:355 - Change cursor
2025-08-23 14:04:24,380 [INFO] Mcu:2029 - Initializing MCU STM32H745ZITx STM32H745ZITx STM32H745ZIT3
2025-08-23 14:04:24,604 [ERROR] LogOutputStream:75 - [STDERR_REDIRECT] [Fatal Error] :1:1: Premature end of file.
2025-08-23 14:04:24,604 [ERROR] LogOutputStream:75 - [STDERR_REDIRECT] 
2025-08-23 14:04:25,598 [ERROR] LogOutputStream:75 - [STDERR_REDIRECT] [Fatal Error] :1:1: Premature end of file.
2025-08-23 14:04:25,598 [ERROR] LogOutputStream:75 - [STDERR_REDIRECT] 
2025-08-23 14:04:26,598 [ERROR] LogOutputStream:75 - [STDERR_REDIRECT] [Fatal Error] :1:1: Premature end of file.
2025-08-23 14:04:26,599 [ERROR] LogOutputStream:75 - [STDERR_REDIRECT] 
2025-08-23 14:04:27,285 [INFO] Context:786 - Trying to add GPIOservice into a context  which must be forbidden
2025-08-23 14:04:27,285 [INFO] Context:786 - Trying to add GPIOservice into a context  which must be forbidden
2025-08-23 14:04:27,613 [ERROR] LogOutputStream:75 - [STDERR_REDIRECT] [Fatal Error] :1:1: Premature end of file.
2025-08-23 14:04:27,613 [ERROR] LogOutputStream:75 - [STDERR_REDIRECT] 
2025-08-23 14:04:28,295 [INFO] Rule:233 - rule Adapt Old IOC before rework replace old CORTEX_M33/CORTEX_M55 attributes by the new one. is applicable
2025-08-23 14:04:28,295 [INFO] Rule:233 - rule Rename parametre of RCC RCC_APBDBG_DIV2 to RCC_TIMPRES_DIV2 is applicable
2025-08-23 14:04:28,295 [INFO] Rule:233 - rule Rename DIE493 pin PA10 [PA12] -> PA10 is applicable
2025-08-23 14:04:28,295 [INFO] Rule:233 - rule Rename DIE493 pin PA9 [PA11] -> PA9 is applicable
2025-08-23 14:04:28,295 [INFO] Rule:233 - rule Rename DIE492 PartNumber CPN STM32WBA5MJGHx -> STM32WBA5MMGHx is applicable
2025-08-23 14:04:28,295 [INFO] Rule:233 - rule Rename DIE492 PartNumber  Name STM32WBA5MJGHx -> STM32WBA5MMGHx is applicable
2025-08-23 14:04:28,295 [INFO] Rule:233 - rule Rename DIE492 PartNumber UserName STM32WBA5MJGHx -> STM32WBA5MMGHx is applicable
2025-08-23 14:04:28,295 [INFO] Rule:233 - rule Rename DIE492 PartNumber DeviceId STM32WBA5MJGHx -> STM32WBA5MMGHx is applicable
2025-08-23 14:04:28,295 [INFO] Rule:233 - rule Adapt Old IOC CSI. is applicable
2025-08-23 14:04:28,295 [INFO] Rule:233 - rule Adapt Old IOC DCMIPP. is applicable
2025-08-23 14:04:28,295 [INFO] Rule:233 - rule Adapt Old IOC DCMIPP Mode Parallel. is applicable
2025-08-23 14:04:28,295 [INFO] Rule:233 - rule Adapt Old IOC LTDC. is applicable
2025-08-23 14:04:28,295 [INFO] Rule:233 - rule Rename STM32MP2 RIF Peripheral LTDC RIF.RISUP.LTDC_L0L1.Privilege -> RIF.RISUP.LTDC_L1L2.Privilege is applicable
2025-08-23 14:04:28,295 [INFO] Rule:233 - rule Rename STM32MP2 RIF Peripheral LTDC RIF.RISUP.LTDC_L0L1.Privilege -> RIF.RISUP.LTDC_L1L2.Privilege is applicable
2025-08-23 14:04:28,295 [INFO] Rule:233 - rule Rename STM32MP2 RIF Peripheral LTDC RIF.RISUP.LTDC_L0L1.Lock -> RIF.RISUP.LTDC_L1L2.Lock is applicable
2025-08-23 14:04:28,295 [INFO] Rule:233 - rule Rename STM32MP2 RIF Peripheral LTDC RIF.RISUP.LTDC_L2.Lock -> RIF.RISUP.LTDC_L3.Lock is applicable
2025-08-23 14:04:28,295 [INFO] Rule:233 - rule Adapt the old IOC example for updating the SYS when it is misconfigured. is applicable
2025-08-23 14:04:28,295 [INFO] Rule:233 - rule Rename STM32C09 Mcu.Package LQFP64 -> LQFP48 is applicable
2025-08-23 14:04:28,295 [INFO] Rule:233 - rule Adapt the old IOC example for updating the SYS when it is misconfigured. is applicable
2025-08-23 14:04:28,295 [INFO] Rule:233 - rule Adapt the old IOC example for updating the SYS when it is misconfigured. is applicable
2025-08-23 14:04:28,298 [INFO] DbConfProperties:307 - Apply Compatibility (4/20 Rules)
2025-08-23 14:04:28,336 [INFO] ApiDbIP:1858 - IP NUCLEO-H745ZI-Q nucleo-h745zi-q_v1_0_Cube refparameter ExcludedContext is referenced in RefMode but not declared as Refparameter
2025-08-23 14:04:28,336 [INFO] ApiDbIP:1858 - IP NUCLEO-H745ZI-Q nucleo-h745zi-q_v1_0_Cube refparameter NoInitContext is referenced in RefMode but not declared as Refparameter
2025-08-23 14:04:28,337 [ERROR] LogOutputStream:75 - [STDERR_REDIRECT] com.st.microxplorer.db.DbException: IP NUCLEO-H745ZI-Q nucleo-h745zi-q_v1_0_Cube refparameter referenced in RefMode but not declared as Refparameter 
2025-08-23 14:04:28,338 [ERROR] LogOutputStream:75 - [STDERR_REDIRECT] 	at com.st.microxplorer.db.ApiDbIP.getRefModes(ApiDbIP.java:1861)
2025-08-23 14:04:28,338 [ERROR] LogOutputStream:75 - [STDERR_REDIRECT] 	at com.st.microxplorer.db.ApiDbIP.get_ip_db(ApiDbIP.java:881)
2025-08-23 14:04:28,339 [ERROR] LogOutputStream:75 - [STDERR_REDIRECT] 	at com.st.microxplorer.db.ApiDbIP.loadBspIp(ApiDbIP.java:331)
2025-08-23 14:04:28,339 [ERROR] LogOutputStream:75 - [STDERR_REDIRECT] 	at com.st.microxplorer.db.ApiDbMcu.addBspIp(ApiDbMcu.java:582)
2025-08-23 14:04:28,340 [ERROR] LogOutputStream:75 - [STDERR_REDIRECT] 	at com.st.microxplorer.mcu.Mcu.addBspIp(Mcu.java:777)
2025-08-23 14:04:28,340 [ERROR] LogOutputStream:75 - [STDERR_REDIRECT] 	at com.st.microxplorer.mcu.Mcu.loadConfProperties(Mcu.java:6538)
2025-08-23 14:04:28,341 [ERROR] LogOutputStream:75 - [STDERR_REDIRECT] 	at com.st.microxplorer.mxsystem.ProjectFactory.swingWorkerLoad(ProjectFactory.java:572)
2025-08-23 14:04:28,342 [ERROR] LogOutputStream:75 - [STDERR_REDIRECT] 	at com.st.microxplorer.util.ProcessBarDialog.performAction(ProcessBarDialog.java:86)
2025-08-23 14:04:28,343 [ERROR] LogOutputStream:75 - [STDERR_REDIRECT] 	at com.st.microxplorer.util.ProcessBarDialog$1.doInBackground(ProcessBarDialog.java:157)
2025-08-23 14:04:28,343 [ERROR] LogOutputStream:75 - [STDERR_REDIRECT] 	at com.st.microxplorer.util.ProcessBarDialog$1.doInBackground(ProcessBarDialog.java:154)
2025-08-23 14:04:28,344 [ERROR] LogOutputStream:75 - [STDERR_REDIRECT] 	at java.desktop/javax.swing.SwingWorker$1.call(SwingWorker.java:305)
2025-08-23 14:04:28,344 [ERROR] LogOutputStream:75 - [STDERR_REDIRECT] 	at java.base/java.util.concurrent.FutureTask.run(FutureTask.java:317)
2025-08-23 14:04:28,345 [ERROR] LogOutputStream:75 - [STDERR_REDIRECT] 	at java.desktop/javax.swing.SwingWorker.run(SwingWorker.java:342)
2025-08-23 14:04:28,347 [ERROR] LogOutputStream:75 - [STDERR_REDIRECT] 	at java.base/java.util.concurrent.ThreadPoolExecutor.runWorker(ThreadPoolExecutor.java:1144)
2025-08-23 14:04:28,348 [ERROR] LogOutputStream:75 - [STDERR_REDIRECT] 	at java.base/java.util.concurrent.ThreadPoolExecutor$Worker.run(ThreadPoolExecutor.java:642)
2025-08-23 14:04:28,349 [ERROR] LogOutputStream:75 - [STDERR_REDIRECT] 	at java.base/java.lang.Thread.run(Thread.java:1583)
2025-08-23 14:04:28,383 [INFO] ApiDbMcu:532 - Load IP Config File for NUCLEO-H745ZI-Q
2025-08-23 14:04:28,504 [INFO] Context:786 - Trying to add GPIOservice into a context  which must be forbidden
2025-08-23 14:04:28,513 [INFO] Context:786 - Trying to add GPIOservice into a context  which must be forbidden
2025-08-23 14:04:28,516 [INFO] ImportTextPane:234 - (OptionalMessage_ERROR) Pin12 (VP_RIF_VS_RIF1) cannot be retrieved for this MCU
2025-08-23 14:04:28,596 [ERROR] LogOutputStream:75 - [STDERR_REDIRECT] [Fatal Error] :1:1: Premature end of file.
2025-08-23 14:04:28,597 [ERROR] LogOutputStream:75 - [STDERR_REDIRECT] 
2025-08-23 14:04:28,665 [INFO] RtosManager:558 - Registered RTOS mode: class=CMSIS, group=RTOS, mode=CMSIS_V1, owner=FREERTOS_M7
2025-08-23 14:04:28,665 [INFO] RtosManager:558 - Registered RTOS mode: class=CMSIS, group=RTOS2, mode=CMSIS_V2, owner=FREERTOS_M7
2025-08-23 14:04:28,665 [INFO] RtosManager:558 - Registered RTOS mode: class=RTOS, group=Core, mode=CMSIS_V1, owner=FREERTOS_M7
2025-08-23 14:04:28,665 [INFO] RtosManager:558 - Registered RTOS mode: class=RTOS, group=Core, mode=CMSIS_V2, owner=FREERTOS_M7
2025-08-23 14:04:28,665 [WARN] ModelIntegratedComponent:184 - Missing modes for component STMicroelectronics:FreeRTOS:0.0.1:STMicroelectronics:RTOS:FreeRTOS:Core:::10.2.0:
2025-08-23 14:04:28,688 [WARN] ModelIntegratedComponent:63 - No mode defined for component null
2025-08-23 14:04:28,688 [WARN] ModelIntegratedComponent:63 - No mode defined for component null
2025-08-23 14:04:28,688 [WARN] ModelIntegratedComponent:63 - No mode defined for component null
2025-08-23 14:04:28,688 [WARN] ModelIntegratedComponent:63 - No mode defined for component null
2025-08-23 14:04:28,688 [WARN] ModelIntegratedComponent:63 - No mode defined for component null
2025-08-23 14:04:28,688 [WARN] ModelIntegratedComponent:63 - No mode defined for component null
2025-08-23 14:04:28,688 [WARN] ModelIntegratedComponent:63 - No mode defined for component null
2025-08-23 14:04:28,688 [WARN] ModelIntegratedComponent:63 - No mode defined for component null
2025-08-23 14:04:28,688 [WARN] ModelIntegratedComponent:63 - No mode defined for component null
2025-08-23 14:04:28,688 [WARN] ModelIntegratedComponent:63 - No mode defined for component null
2025-08-23 14:04:28,688 [WARN] ModelIntegratedComponent:63 - No mode defined for component null
2025-08-23 14:04:28,688 [WARN] ModelIntegratedComponent:63 - No mode defined for component null
2025-08-23 14:04:28,688 [WARN] ModelIntegratedComponent:63 - No mode defined for component null
2025-08-23 14:04:28,688 [WARN] ModelIntegratedComponent:63 - No mode defined for component null
2025-08-23 14:04:28,688 [WARN] ModelIntegratedComponent:63 - No mode defined for component null
2025-08-23 14:04:28,688 [WARN] ModelIntegratedComponent:63 - No mode defined for component null
2025-08-23 14:04:28,688 [WARN] ModelIntegratedComponent:63 - No mode defined for component null
2025-08-23 14:04:28,688 [WARN] ModelIntegratedComponent:63 - No mode defined for component null
2025-08-23 14:04:28,688 [WARN] ModelIntegratedComponent:63 - No mode defined for component null
2025-08-23 14:04:28,688 [WARN] ModelIntegratedComponent:63 - No mode defined for component null
2025-08-23 14:04:28,688 [WARN] ModelIntegratedComponent:63 - No mode defined for component null
2025-08-23 14:04:28,688 [WARN] ModelIntegratedComponent:63 - No mode defined for component null
2025-08-23 14:04:28,688 [WARN] ModelIntegratedComponent:63 - No mode defined for component null
2025-08-23 14:04:28,688 [WARN] ModelIntegratedComponent:63 - No mode defined for component null
2025-08-23 14:04:28,689 [WARN] ModelIntegratedComponent:63 - No mode defined for component null
2025-08-23 14:04:28,689 [WARN] ModelIntegratedComponent:63 - No mode defined for component null
2025-08-23 14:04:28,689 [WARN] ModelIntegratedComponent:63 - No mode defined for component null
2025-08-23 14:04:28,689 [WARN] ModelIntegratedComponent:63 - No mode defined for component null
2025-08-23 14:04:28,689 [WARN] ModelIntegratedComponent:63 - No mode defined for component null
2025-08-23 14:04:28,689 [WARN] ModelIntegratedComponent:63 - No mode defined for component null
2025-08-23 14:04:28,689 [WARN] ModelIntegratedComponent:63 - No mode defined for component null
2025-08-23 14:04:28,689 [WARN] ModelIntegratedComponent:63 - No mode defined for component null
2025-08-23 14:04:28,689 [WARN] ModelIntegratedComponent:63 - No mode defined for component null
2025-08-23 14:04:28,689 [WARN] ModelIntegratedComponent:63 - No mode defined for component null
2025-08-23 14:04:28,689 [WARN] ModelIntegratedComponent:63 - No mode defined for component null
2025-08-23 14:04:28,689 [WARN] ModelPack:524 - Component already loaded: STMicroelectronics:HAL Drivers:0.0.0:STMicroelectronics:Device:STMicro_Driver:XSPI:HAL::0.0.1:HAL_XSPI
2025-08-23 14:04:28,798 [INFO] RtosManager:558 - Registered RTOS mode: class=CMSIS, group=RTOS, mode=CMSIS_V1, owner=FREERTOS_M4
2025-08-23 14:04:28,798 [INFO] RtosManager:558 - Registered RTOS mode: class=CMSIS, group=RTOS2, mode=CMSIS_V2, owner=FREERTOS_M4
2025-08-23 14:04:28,798 [INFO] RtosManager:558 - Registered RTOS mode: class=RTOS, group=Core, mode=CMSIS_V1, owner=FREERTOS_M4
2025-08-23 14:04:28,798 [INFO] RtosManager:558 - Registered RTOS mode: class=RTOS, group=Core, mode=CMSIS_V2, owner=FREERTOS_M4
2025-08-23 14:04:28,798 [WARN] ModelIntegratedComponent:184 - Missing modes for component STMicroelectronics:FreeRTOS:0.0.1:STMicroelectronics:RTOS:FreeRTOS:Core:::10.2.0:
2025-08-23 14:04:28,815 [WARN] ModelIntegratedComponent:63 - No mode defined for component null
2025-08-23 14:04:28,816 [WARN] ModelIntegratedComponent:63 - No mode defined for component null
2025-08-23 14:04:28,816 [WARN] ModelIntegratedComponent:63 - No mode defined for component null
2025-08-23 14:04:28,816 [WARN] ModelIntegratedComponent:63 - No mode defined for component null
2025-08-23 14:04:28,816 [WARN] ModelIntegratedComponent:63 - No mode defined for component null
2025-08-23 14:04:28,816 [WARN] ModelIntegratedComponent:63 - No mode defined for component null
2025-08-23 14:04:28,816 [WARN] ModelIntegratedComponent:63 - No mode defined for component null
2025-08-23 14:04:28,816 [WARN] ModelIntegratedComponent:63 - No mode defined for component null
2025-08-23 14:04:28,816 [WARN] ModelIntegratedComponent:63 - No mode defined for component null
2025-08-23 14:04:28,816 [WARN] ModelIntegratedComponent:63 - No mode defined for component null
2025-08-23 14:04:28,816 [WARN] ModelIntegratedComponent:63 - No mode defined for component null
2025-08-23 14:04:28,816 [WARN] ModelIntegratedComponent:63 - No mode defined for component null
2025-08-23 14:04:28,816 [WARN] ModelIntegratedComponent:63 - No mode defined for component null
2025-08-23 14:04:28,816 [WARN] ModelIntegratedComponent:63 - No mode defined for component null
2025-08-23 14:04:28,816 [WARN] ModelIntegratedComponent:63 - No mode defined for component null
2025-08-23 14:04:28,816 [WARN] ModelIntegratedComponent:63 - No mode defined for component null
2025-08-23 14:04:28,816 [WARN] ModelIntegratedComponent:63 - No mode defined for component null
2025-08-23 14:04:28,816 [WARN] ModelIntegratedComponent:63 - No mode defined for component null
2025-08-23 14:04:28,816 [WARN] ModelIntegratedComponent:63 - No mode defined for component null
2025-08-23 14:04:28,816 [WARN] ModelIntegratedComponent:63 - No mode defined for component null
2025-08-23 14:04:28,816 [WARN] ModelIntegratedComponent:63 - No mode defined for component null
2025-08-23 14:04:28,816 [WARN] ModelIntegratedComponent:63 - No mode defined for component null
2025-08-23 14:04:28,817 [WARN] ModelIntegratedComponent:63 - No mode defined for component null
2025-08-23 14:04:28,817 [WARN] ModelIntegratedComponent:63 - No mode defined for component null
2025-08-23 14:04:28,817 [WARN] ModelIntegratedComponent:63 - No mode defined for component null
2025-08-23 14:04:28,817 [WARN] ModelIntegratedComponent:63 - No mode defined for component null
2025-08-23 14:04:28,817 [WARN] ModelIntegratedComponent:63 - No mode defined for component null
2025-08-23 14:04:28,817 [WARN] ModelIntegratedComponent:63 - No mode defined for component null
2025-08-23 14:04:28,817 [WARN] ModelIntegratedComponent:63 - No mode defined for component null
2025-08-23 14:04:28,817 [WARN] ModelIntegratedComponent:63 - No mode defined for component null
2025-08-23 14:04:28,817 [WARN] ModelIntegratedComponent:63 - No mode defined for component null
2025-08-23 14:04:28,817 [WARN] ModelIntegratedComponent:63 - No mode defined for component null
2025-08-23 14:04:28,817 [WARN] ModelIntegratedComponent:63 - No mode defined for component null
2025-08-23 14:04:28,817 [WARN] ModelIntegratedComponent:63 - No mode defined for component null
2025-08-23 14:04:28,817 [WARN] ModelIntegratedComponent:63 - No mode defined for component null
2025-08-23 14:04:28,817 [WARN] ModelPack:524 - Component already loaded: STMicroelectronics:HAL Drivers:0.0.0:STMicroelectronics:Device:STMicro_Driver:XSPI:HAL::0.0.1:HAL_XSPI
2025-08-23 14:04:28,904 [INFO] ThirdPartyModel:298 - Start build external matchings
2025-08-23 14:04:29,245 [INFO] ThirdPartyModel:316 - End build external matchings
2025-08-23 14:04:29,259 [INFO] ThirdPartyModel:298 - Start build external matchings
2025-08-23 14:04:29,543 [INFO] ThirdPartyModel:316 - End build external matchings
2025-08-23 14:04:29,597 [ERROR] LogOutputStream:75 - [STDERR_REDIRECT] [Fatal Error] :1:1: Premature end of file.
2025-08-23 14:04:29,597 [ERROR] LogOutputStream:75 - [STDERR_REDIRECT] 
2025-08-23 14:04:29,693 [INFO] UtilMem:75 - End LoadConfig() Used Memory: 923653352 Bytes (1073741824)
2025-08-23 14:04:30,606 [ERROR] LogOutputStream:75 - [STDERR_REDIRECT] [Fatal Error] :1:1: Premature end of file.
2025-08-23 14:04:30,606 [ERROR] LogOutputStream:75 - [STDERR_REDIRECT] 
2025-08-23 14:04:31,609 [ERROR] LogOutputStream:75 - [STDERR_REDIRECT] [Fatal Error] :1:1: Premature end of file.
2025-08-23 14:04:31,609 [ERROR] LogOutputStream:75 - [STDERR_REDIRECT] 
2025-08-23 14:04:32,595 [ERROR] LogOutputStream:75 - [STDERR_REDIRECT] [Fatal Error] :1:1: Premature end of file.
2025-08-23 14:04:32,595 [ERROR] LogOutputStream:75 - [STDERR_REDIRECT] 
2025-08-23 14:04:33,611 [ERROR] LogOutputStream:75 - [STDERR_REDIRECT] [Fatal Error] :1:1: Premature end of file.
2025-08-23 14:04:33,611 [ERROR] LogOutputStream:75 - [STDERR_REDIRECT] 
2025-08-23 14:04:34,611 [ERROR] LogOutputStream:75 - [STDERR_REDIRECT] [Fatal Error] :1:1: Premature end of file.
2025-08-23 14:04:34,611 [ERROR] LogOutputStream:75 - [STDERR_REDIRECT] 
2025-08-23 14:04:35,604 [ERROR] LogOutputStream:75 - [STDERR_REDIRECT] [Fatal Error] :1:1: Premature end of file.
2025-08-23 14:04:35,604 [ERROR] LogOutputStream:75 - [STDERR_REDIRECT] 
2025-08-23 14:04:36,016 [INFO] BspBoardWizard:580 - Analytics plugin initialized with success
2025-08-23 14:04:36,409 [INFO] BspBoardWizard:580 - Analytics plugin initialized with success
2025-08-23 14:04:36,508 [INFO] BspBoardWizard:580 - Analytics plugin initialized with success
2025-08-23 14:04:36,608 [ERROR] LogOutputStream:75 - [STDERR_REDIRECT] [Fatal Error] :1:1: Premature end of file.
2025-08-23 14:04:36,608 [ERROR] LogOutputStream:75 - [STDERR_REDIRECT] 
2025-08-23 14:04:37,609 [ERROR] LogOutputStream:75 - [STDERR_REDIRECT] [Fatal Error] :1:1: Premature end of file.
2025-08-23 14:04:37,609 [ERROR] LogOutputStream:75 - [STDERR_REDIRECT] 
2025-08-23 14:04:38,608 [ERROR] LogOutputStream:75 - [STDERR_REDIRECT] [Fatal Error] :1:1: Premature end of file.
2025-08-23 14:04:38,608 [ERROR] LogOutputStream:75 - [STDERR_REDIRECT] 
2025-08-23 14:04:39,004 [INFO] MainUpdater:2872 - connection check result : 10
2025-08-23 14:04:39,004 [INFO] MainUpdater:2872 - connection check result : 10
2025-08-23 14:04:39,016 [INFO] MicroXplorer:468 - Change Database Path : 
2025-08-23 14:04:39,016 [INFO] MicroXplorer:498 - Change Database Version : DB.6.0.150
2025-08-23 14:04:39,016 [WARN] ThirdParty:871 - waiting for thirdparty lock release [close project]
2025-08-23 14:04:39,016 [INFO] ThirdParty:873 - entering critical section [close project]
2025-08-23 14:04:39,016 [INFO] ThirdParty:883 - exiting critical section [close project]
2025-08-23 14:04:39,018 [INFO] PinOutPanel:1589 - setPackage(No Configuration,No Configuration)
2025-08-23 14:04:39,019 [INFO] UtilMem:75 - Begin LoadConfig() Used Memory: 966797976 Bytes (1073741824)
2025-08-23 14:04:39,022 [INFO] MicroXplorer:468 - Change Database Path : 
2025-08-23 14:04:39,022 [INFO] MicroXplorer:498 - Change Database Version : DB.6.0.150
2025-08-23 14:04:39,022 [INFO] OpenFileManager:355 - Change cursor
2025-08-23 14:04:39,037 [INFO] Mcu:2029 - Initializing MCU STM32H745ZITx STM32H745ZITx STM32H745ZIT3
2025-08-23 14:04:39,611 [ERROR] LogOutputStream:75 - [STDERR_REDIRECT] [Fatal Error] :1:1: Premature end of file.
2025-08-23 14:04:39,611 [ERROR] LogOutputStream:75 - [STDERR_REDIRECT] 
2025-08-23 14:04:40,603 [ERROR] LogOutputStream:75 - [STDERR_REDIRECT] [Fatal Error] :1:1: Premature end of file.
2025-08-23 14:04:40,604 [ERROR] LogOutputStream:75 - [STDERR_REDIRECT] 
2025-08-23 14:04:41,202 [INFO] Context:786 - Trying to add GPIOservice into a context  which must be forbidden
2025-08-23 14:04:41,203 [INFO] Context:786 - Trying to add GPIOservice into a context  which must be forbidden
2025-08-23 14:04:41,596 [ERROR] LogOutputStream:75 - [STDERR_REDIRECT] [Fatal Error] :1:1: Premature end of file.
2025-08-23 14:04:41,597 [ERROR] LogOutputStream:75 - [STDERR_REDIRECT] 
2025-08-23 14:04:41,942 [INFO] Rule:233 - rule Adapt Old IOC before rework replace old CORTEX_M33/CORTEX_M55 attributes by the new one. is applicable
2025-08-23 14:04:41,942 [INFO] Rule:233 - rule Rename parametre of RCC RCC_APBDBG_DIV2 to RCC_TIMPRES_DIV2 is applicable
2025-08-23 14:04:41,942 [INFO] Rule:233 - rule Rename DIE493 pin PA10 [PA12] -> PA10 is applicable
2025-08-23 14:04:41,942 [INFO] Rule:233 - rule Rename DIE493 pin PA9 [PA11] -> PA9 is applicable
2025-08-23 14:04:41,942 [INFO] Rule:233 - rule Rename DIE492 PartNumber CPN STM32WBA5MJGHx -> STM32WBA5MMGHx is applicable
2025-08-23 14:04:41,942 [INFO] Rule:233 - rule Rename DIE492 PartNumber  Name STM32WBA5MJGHx -> STM32WBA5MMGHx is applicable
2025-08-23 14:04:41,942 [INFO] Rule:233 - rule Rename DIE492 PartNumber UserName STM32WBA5MJGHx -> STM32WBA5MMGHx is applicable
2025-08-23 14:04:41,942 [INFO] Rule:233 - rule Rename DIE492 PartNumber DeviceId STM32WBA5MJGHx -> STM32WBA5MMGHx is applicable
2025-08-23 14:04:41,942 [INFO] Rule:233 - rule Adapt Old IOC CSI. is applicable
2025-08-23 14:04:41,942 [INFO] Rule:233 - rule Adapt Old IOC DCMIPP. is applicable
2025-08-23 14:04:41,942 [INFO] Rule:233 - rule Adapt Old IOC DCMIPP Mode Parallel. is applicable
2025-08-23 14:04:41,942 [INFO] Rule:233 - rule Adapt Old IOC LTDC. is applicable
2025-08-23 14:04:41,942 [INFO] Rule:233 - rule Rename STM32MP2 RIF Peripheral LTDC RIF.RISUP.LTDC_L0L1.Privilege -> RIF.RISUP.LTDC_L1L2.Privilege is applicable
2025-08-23 14:04:41,942 [INFO] Rule:233 - rule Rename STM32MP2 RIF Peripheral LTDC RIF.RISUP.LTDC_L0L1.Privilege -> RIF.RISUP.LTDC_L1L2.Privilege is applicable
2025-08-23 14:04:41,942 [INFO] Rule:233 - rule Rename STM32MP2 RIF Peripheral LTDC RIF.RISUP.LTDC_L0L1.Lock -> RIF.RISUP.LTDC_L1L2.Lock is applicable
2025-08-23 14:04:41,942 [INFO] Rule:233 - rule Rename STM32MP2 RIF Peripheral LTDC RIF.RISUP.LTDC_L2.Lock -> RIF.RISUP.LTDC_L3.Lock is applicable
2025-08-23 14:04:41,942 [INFO] Rule:233 - rule Adapt the old IOC example for updating the SYS when it is misconfigured. is applicable
2025-08-23 14:04:41,942 [INFO] Rule:233 - rule Rename STM32C09 Mcu.Package LQFP64 -> LQFP48 is applicable
2025-08-23 14:04:41,942 [INFO] Rule:233 - rule Adapt the old IOC example for updating the SYS when it is misconfigured. is applicable
2025-08-23 14:04:41,942 [INFO] Rule:233 - rule Adapt the old IOC example for updating the SYS when it is misconfigured. is applicable
2025-08-23 14:04:41,944 [INFO] DbConfProperties:307 - Apply Compatibility (4/20 Rules)
2025-08-23 14:04:41,955 [INFO] ApiDbIP:1858 - IP NUCLEO-H745ZI-Q nucleo-h745zi-q_v1_0_Cube refparameter ExcludedContext is referenced in RefMode but not declared as Refparameter
2025-08-23 14:04:41,955 [INFO] ApiDbIP:1858 - IP NUCLEO-H745ZI-Q nucleo-h745zi-q_v1_0_Cube refparameter NoInitContext is referenced in RefMode but not declared as Refparameter
2025-08-23 14:04:41,956 [ERROR] LogOutputStream:75 - [STDERR_REDIRECT] com.st.microxplorer.db.DbException: IP NUCLEO-H745ZI-Q nucleo-h745zi-q_v1_0_Cube refparameter referenced in RefMode but not declared as Refparameter 
2025-08-23 14:04:41,956 [ERROR] LogOutputStream:75 - [STDERR_REDIRECT] 	at com.st.microxplorer.db.ApiDbIP.getRefModes(ApiDbIP.java:1861)
2025-08-23 14:04:41,957 [ERROR] LogOutputStream:75 - [STDERR_REDIRECT] 	at com.st.microxplorer.db.ApiDbIP.get_ip_db(ApiDbIP.java:881)
2025-08-23 14:04:41,957 [ERROR] LogOutputStream:75 - [STDERR_REDIRECT] 	at com.st.microxplorer.db.ApiDbIP.loadBspIp(ApiDbIP.java:331)
2025-08-23 14:04:41,957 [ERROR] LogOutputStream:75 - [STDERR_REDIRECT] 	at com.st.microxplorer.db.ApiDbMcu.addBspIp(ApiDbMcu.java:582)
2025-08-23 14:04:41,958 [ERROR] LogOutputStream:75 - [STDERR_REDIRECT] 	at com.st.microxplorer.mcu.Mcu.addBspIp(Mcu.java:777)
2025-08-23 14:04:41,958 [ERROR] LogOutputStream:75 - [STDERR_REDIRECT] 	at com.st.microxplorer.mcu.Mcu.loadConfProperties(Mcu.java:6538)
2025-08-23 14:04:41,959 [ERROR] LogOutputStream:75 - [STDERR_REDIRECT] 	at com.st.microxplorer.mxsystem.ProjectFactory.swingWorkerLoad(ProjectFactory.java:572)
2025-08-23 14:04:41,959 [ERROR] LogOutputStream:75 - [STDERR_REDIRECT] 	at com.st.microxplorer.util.ProcessBarDialog.performAction(ProcessBarDialog.java:86)
2025-08-23 14:04:41,960 [ERROR] LogOutputStream:75 - [STDERR_REDIRECT] 	at com.st.microxplorer.util.ProcessBarDialog$1.doInBackground(ProcessBarDialog.java:157)
2025-08-23 14:04:41,960 [ERROR] LogOutputStream:75 - [STDERR_REDIRECT] 	at com.st.microxplorer.util.ProcessBarDialog$1.doInBackground(ProcessBarDialog.java:154)
2025-08-23 14:04:41,961 [ERROR] LogOutputStream:75 - [STDERR_REDIRECT] 	at java.desktop/javax.swing.SwingWorker$1.call(SwingWorker.java:305)
2025-08-23 14:04:41,961 [ERROR] LogOutputStream:75 - [STDERR_REDIRECT] 	at java.base/java.util.concurrent.FutureTask.run(FutureTask.java:317)
2025-08-23 14:04:41,961 [ERROR] LogOutputStream:75 - [STDERR_REDIRECT] 	at java.desktop/javax.swing.SwingWorker.run(SwingWorker.java:342)
2025-08-23 14:04:41,962 [ERROR] LogOutputStream:75 - [STDERR_REDIRECT] 	at java.base/java.util.concurrent.ThreadPoolExecutor.runWorker(ThreadPoolExecutor.java:1144)
2025-08-23 14:04:41,962 [ERROR] LogOutputStream:75 - [STDERR_REDIRECT] 	at java.base/java.util.concurrent.ThreadPoolExecutor$Worker.run(ThreadPoolExecutor.java:642)
2025-08-23 14:04:41,963 [ERROR] LogOutputStream:75 - [STDERR_REDIRECT] 	at java.base/java.lang.Thread.run(Thread.java:1583)
2025-08-23 14:04:41,966 [INFO] ApiDbMcu:532 - Load IP Config File for NUCLEO-H745ZI-Q
2025-08-23 14:04:42,074 [INFO] Context:786 - Trying to add GPIOservice into a context  which must be forbidden
2025-08-23 14:04:42,083 [INFO] Context:786 - Trying to add GPIOservice into a context  which must be forbidden
2025-08-23 14:04:42,085 [INFO] ImportTextPane:234 - (OptionalMessage_ERROR) Pin12 (VP_RIF_VS_RIF1) cannot be retrieved for this MCU
2025-08-23 14:04:42,128 [INFO] RtosManager:558 - Registered RTOS mode: class=CMSIS, group=RTOS, mode=CMSIS_V1, owner=FREERTOS_M7
2025-08-23 14:04:42,129 [INFO] RtosManager:558 - Registered RTOS mode: class=CMSIS, group=RTOS2, mode=CMSIS_V2, owner=FREERTOS_M7
2025-08-23 14:04:42,129 [INFO] RtosManager:558 - Registered RTOS mode: class=RTOS, group=Core, mode=CMSIS_V1, owner=FREERTOS_M7
2025-08-23 14:04:42,129 [INFO] RtosManager:558 - Registered RTOS mode: class=RTOS, group=Core, mode=CMSIS_V2, owner=FREERTOS_M7
2025-08-23 14:04:42,129 [WARN] ModelIntegratedComponent:184 - Missing modes for component STMicroelectronics:FreeRTOS:0.0.1:STMicroelectronics:RTOS:FreeRTOS:Core:::10.2.0:
2025-08-23 14:04:42,133 [WARN] ModelIntegratedComponent:63 - No mode defined for component null
2025-08-23 14:04:42,133 [WARN] ModelIntegratedComponent:63 - No mode defined for component null
2025-08-23 14:04:42,133 [WARN] ModelIntegratedComponent:63 - No mode defined for component null
2025-08-23 14:04:42,133 [WARN] ModelIntegratedComponent:63 - No mode defined for component null
2025-08-23 14:04:42,133 [WARN] ModelIntegratedComponent:63 - No mode defined for component null
2025-08-23 14:04:42,133 [WARN] ModelIntegratedComponent:63 - No mode defined for component null
2025-08-23 14:04:42,133 [WARN] ModelIntegratedComponent:63 - No mode defined for component null
2025-08-23 14:04:42,133 [WARN] ModelIntegratedComponent:63 - No mode defined for component null
2025-08-23 14:04:42,133 [WARN] ModelIntegratedComponent:63 - No mode defined for component null
2025-08-23 14:04:42,133 [WARN] ModelIntegratedComponent:63 - No mode defined for component null
2025-08-23 14:04:42,133 [WARN] ModelIntegratedComponent:63 - No mode defined for component null
2025-08-23 14:04:42,133 [WARN] ModelIntegratedComponent:63 - No mode defined for component null
2025-08-23 14:04:42,133 [WARN] ModelIntegratedComponent:63 - No mode defined for component null
2025-08-23 14:04:42,133 [WARN] ModelIntegratedComponent:63 - No mode defined for component null
2025-08-23 14:04:42,133 [WARN] ModelIntegratedComponent:63 - No mode defined for component null
2025-08-23 14:04:42,133 [WARN] ModelIntegratedComponent:63 - No mode defined for component null
2025-08-23 14:04:42,133 [WARN] ModelIntegratedComponent:63 - No mode defined for component null
2025-08-23 14:04:42,133 [WARN] ModelIntegratedComponent:63 - No mode defined for component null
2025-08-23 14:04:42,133 [WARN] ModelIntegratedComponent:63 - No mode defined for component null
2025-08-23 14:04:42,133 [WARN] ModelIntegratedComponent:63 - No mode defined for component null
2025-08-23 14:04:42,133 [WARN] ModelIntegratedComponent:63 - No mode defined for component null
2025-08-23 14:04:42,133 [WARN] ModelIntegratedComponent:63 - No mode defined for component null
2025-08-23 14:04:42,133 [WARN] ModelIntegratedComponent:63 - No mode defined for component null
2025-08-23 14:04:42,133 [WARN] ModelIntegratedComponent:63 - No mode defined for component null
2025-08-23 14:04:42,133 [WARN] ModelIntegratedComponent:63 - No mode defined for component null
2025-08-23 14:04:42,133 [WARN] ModelIntegratedComponent:63 - No mode defined for component null
2025-08-23 14:04:42,133 [WARN] ModelIntegratedComponent:63 - No mode defined for component null
2025-08-23 14:04:42,133 [WARN] ModelIntegratedComponent:63 - No mode defined for component null
2025-08-23 14:04:42,133 [WARN] ModelIntegratedComponent:63 - No mode defined for component null
2025-08-23 14:04:42,133 [WARN] ModelIntegratedComponent:63 - No mode defined for component null
2025-08-23 14:04:42,133 [WARN] ModelIntegratedComponent:63 - No mode defined for component null
2025-08-23 14:04:42,133 [WARN] ModelIntegratedComponent:63 - No mode defined for component null
2025-08-23 14:04:42,133 [WARN] ModelIntegratedComponent:63 - No mode defined for component null
2025-08-23 14:04:42,133 [WARN] ModelIntegratedComponent:63 - No mode defined for component null
2025-08-23 14:04:42,133 [WARN] ModelIntegratedComponent:63 - No mode defined for component null
2025-08-23 14:04:42,133 [WARN] ModelPack:524 - Component already loaded: STMicroelectronics:HAL Drivers:0.0.0:STMicroelectronics:Device:STMicro_Driver:XSPI:HAL::0.0.1:HAL_XSPI
2025-08-23 14:04:42,175 [INFO] RtosManager:558 - Registered RTOS mode: class=CMSIS, group=RTOS, mode=CMSIS_V1, owner=FREERTOS_M4
2025-08-23 14:04:42,175 [INFO] RtosManager:558 - Registered RTOS mode: class=CMSIS, group=RTOS2, mode=CMSIS_V2, owner=FREERTOS_M4
2025-08-23 14:04:42,175 [INFO] RtosManager:558 - Registered RTOS mode: class=RTOS, group=Core, mode=CMSIS_V1, owner=FREERTOS_M4
2025-08-23 14:04:42,175 [INFO] RtosManager:558 - Registered RTOS mode: class=RTOS, group=Core, mode=CMSIS_V2, owner=FREERTOS_M4
2025-08-23 14:04:42,175 [WARN] ModelIntegratedComponent:184 - Missing modes for component STMicroelectronics:FreeRTOS:0.0.1:STMicroelectronics:RTOS:FreeRTOS:Core:::10.2.0:
2025-08-23 14:04:42,179 [WARN] ModelIntegratedComponent:63 - No mode defined for component null
2025-08-23 14:04:42,179 [WARN] ModelIntegratedComponent:63 - No mode defined for component null
2025-08-23 14:04:42,179 [WARN] ModelIntegratedComponent:63 - No mode defined for component null
2025-08-23 14:04:42,179 [WARN] ModelIntegratedComponent:63 - No mode defined for component null
2025-08-23 14:04:42,179 [WARN] ModelIntegratedComponent:63 - No mode defined for component null
2025-08-23 14:04:42,179 [WARN] ModelIntegratedComponent:63 - No mode defined for component null
2025-08-23 14:04:42,179 [WARN] ModelIntegratedComponent:63 - No mode defined for component null
2025-08-23 14:04:42,179 [WARN] ModelIntegratedComponent:63 - No mode defined for component null
2025-08-23 14:04:42,179 [WARN] ModelIntegratedComponent:63 - No mode defined for component null
2025-08-23 14:04:42,179 [WARN] ModelIntegratedComponent:63 - No mode defined for component null
2025-08-23 14:04:42,179 [WARN] ModelIntegratedComponent:63 - No mode defined for component null
2025-08-23 14:04:42,179 [WARN] ModelIntegratedComponent:63 - No mode defined for component null
2025-08-23 14:04:42,179 [WARN] ModelIntegratedComponent:63 - No mode defined for component null
2025-08-23 14:04:42,179 [WARN] ModelIntegratedComponent:63 - No mode defined for component null
2025-08-23 14:04:42,179 [WARN] ModelIntegratedComponent:63 - No mode defined for component null
2025-08-23 14:04:42,179 [WARN] ModelIntegratedComponent:63 - No mode defined for component null
2025-08-23 14:04:42,179 [WARN] ModelIntegratedComponent:63 - No mode defined for component null
2025-08-23 14:04:42,179 [WARN] ModelIntegratedComponent:63 - No mode defined for component null
2025-08-23 14:04:42,179 [WARN] ModelIntegratedComponent:63 - No mode defined for component null
2025-08-23 14:04:42,179 [WARN] ModelIntegratedComponent:63 - No mode defined for component null
2025-08-23 14:04:42,179 [WARN] ModelIntegratedComponent:63 - No mode defined for component null
2025-08-23 14:04:42,179 [WARN] ModelIntegratedComponent:63 - No mode defined for component null
2025-08-23 14:04:42,179 [WARN] ModelIntegratedComponent:63 - No mode defined for component null
2025-08-23 14:04:42,179 [WARN] ModelIntegratedComponent:63 - No mode defined for component null
2025-08-23 14:04:42,179 [WARN] ModelIntegratedComponent:63 - No mode defined for component null
2025-08-23 14:04:42,179 [WARN] ModelIntegratedComponent:63 - No mode defined for component null
2025-08-23 14:04:42,179 [WARN] ModelIntegratedComponent:63 - No mode defined for component null
2025-08-23 14:04:42,179 [WARN] ModelIntegratedComponent:63 - No mode defined for component null
2025-08-23 14:04:42,179 [WARN] ModelIntegratedComponent:63 - No mode defined for component null
2025-08-23 14:04:42,180 [WARN] ModelIntegratedComponent:63 - No mode defined for component null
2025-08-23 14:04:42,180 [WARN] ModelIntegratedComponent:63 - No mode defined for component null
2025-08-23 14:04:42,180 [WARN] ModelIntegratedComponent:63 - No mode defined for component null
2025-08-23 14:04:42,180 [WARN] ModelIntegratedComponent:63 - No mode defined for component null
2025-08-23 14:04:42,180 [WARN] ModelIntegratedComponent:63 - No mode defined for component null
2025-08-23 14:04:42,180 [WARN] ModelIntegratedComponent:63 - No mode defined for component null
2025-08-23 14:04:42,180 [WARN] ModelPack:524 - Component already loaded: STMicroelectronics:HAL Drivers:0.0.0:STMicroelectronics:Device:STMicro_Driver:XSPI:HAL::0.0.1:HAL_XSPI
2025-08-23 14:04:42,243 [INFO] ThirdPartyModel:298 - Start build external matchings
2025-08-23 14:04:42,563 [INFO] ThirdPartyModel:316 - End build external matchings
2025-08-23 14:04:42,570 [INFO] ThirdPartyModel:298 - Start build external matchings
2025-08-23 14:04:42,596 [ERROR] LogOutputStream:75 - [STDERR_REDIRECT] [Fatal Error] :1:1: Premature end of file.
2025-08-23 14:04:42,596 [ERROR] LogOutputStream:75 - [STDERR_REDIRECT] 
2025-08-23 14:04:42,849 [INFO] ThirdPartyModel:316 - End build external matchings
2025-08-23 14:04:42,973 [INFO] UtilMem:75 - End LoadConfig() Used Memory: 957238992 Bytes (1073741824)
2025-08-23 14:04:43,598 [ERROR] LogOutputStream:75 - [STDERR_REDIRECT] [Fatal Error] :1:1: Premature end of file.
2025-08-23 14:04:43,599 [ERROR] LogOutputStream:75 - [STDERR_REDIRECT] 
2025-08-23 14:04:44,613 [ERROR] LogOutputStream:75 - [STDERR_REDIRECT] [Fatal Error] :1:1: Premature end of file.
2025-08-23 14:04:44,613 [ERROR] LogOutputStream:75 - [STDERR_REDIRECT] 
2025-08-23 14:04:45,303 [INFO] BspBoardWizard:580 - Analytics plugin initialized with success
2025-08-23 14:04:45,604 [INFO] BspBoardWizard:580 - Analytics plugin initialized with success
2025-08-23 14:04:45,607 [ERROR] LogOutputStream:75 - [STDERR_REDIRECT] [Fatal Error] :1:1: Premature end of file.
2025-08-23 14:04:45,607 [ERROR] LogOutputStream:75 - [STDERR_REDIRECT] 
2025-08-23 14:04:45,689 [INFO] BspBoardWizard:580 - Analytics plugin initialized with success
2025-08-23 14:04:46,606 [ERROR] LogOutputStream:75 - [STDERR_REDIRECT] [Fatal Error] :1:1: Premature end of file.
2025-08-23 14:04:46,606 [ERROR] LogOutputStream:75 - [STDERR_REDIRECT] 
2025-08-23 14:04:47,472 [INFO] MainUpdater:2872 - connection check result : 10
2025-08-23 14:04:47,472 [INFO] MainUpdater:2872 - connection check result : 10
2025-08-23 14:04:47,480 [INFO] MicroXplorer:468 - Change Database Path : 
2025-08-23 14:04:47,480 [INFO] MicroXplorer:498 - Change Database Version : DB.6.0.150
2025-08-23 14:04:47,480 [WARN] ThirdParty:871 - waiting for thirdparty lock release [close project]
2025-08-23 14:04:47,480 [INFO] ThirdParty:873 - entering critical section [close project]
2025-08-23 14:04:47,480 [INFO] ThirdParty:883 - exiting critical section [close project]
2025-08-23 14:04:47,482 [INFO] PinOutPanel:1589 - setPackage(No Configuration,No Configuration)
2025-08-23 14:04:47,482 [INFO] UtilMem:75 - Begin LoadConfig() Used Memory: 993931544 Bytes (1073741824)
2025-08-23 14:04:47,486 [INFO] MicroXplorer:468 - Change Database Path : 
2025-08-23 14:04:47,486 [INFO] MicroXplorer:498 - Change Database Version : DB.6.0.150
2025-08-23 14:04:47,486 [INFO] OpenFileManager:355 - Change cursor
2025-08-23 14:04:47,494 [INFO] Mcu:2029 - Initializing MCU STM32H745ZITx STM32H745ZITx STM32H745ZIT3
2025-08-23 14:04:47,707 [ERROR] LogOutputStream:75 - [STDERR_REDIRECT] [Fatal Error] :1:1: Premature end of file.
2025-08-23 14:04:47,708 [ERROR] LogOutputStream:75 - [STDERR_REDIRECT] 
2025-08-23 14:04:48,603 [ERROR] LogOutputStream:75 - [STDERR_REDIRECT] [Fatal Error] :1:1: Premature end of file.
2025-08-23 14:04:48,604 [ERROR] LogOutputStream:75 - [STDERR_REDIRECT] 
2025-08-23 14:04:49,544 [INFO] Context:786 - Trying to add GPIOservice into a context  which must be forbidden
2025-08-23 14:04:49,544 [INFO] Context:786 - Trying to add GPIOservice into a context  which must be forbidden
2025-08-23 14:04:49,596 [ERROR] LogOutputStream:75 - [STDERR_REDIRECT] [Fatal Error] :1:1: Premature end of file.
2025-08-23 14:04:49,596 [ERROR] LogOutputStream:75 - [STDERR_REDIRECT] 
2025-08-23 14:04:50,183 [INFO] Rule:233 - rule Adapt Old IOC before rework replace old CORTEX_M33/CORTEX_M55 attributes by the new one. is applicable
2025-08-23 14:04:50,183 [INFO] Rule:233 - rule Rename parametre of RCC RCC_APBDBG_DIV2 to RCC_TIMPRES_DIV2 is applicable
2025-08-23 14:04:50,183 [INFO] Rule:233 - rule Rename DIE493 pin PA10 [PA12] -> PA10 is applicable
2025-08-23 14:04:50,183 [INFO] Rule:233 - rule Rename DIE493 pin PA9 [PA11] -> PA9 is applicable
2025-08-23 14:04:50,183 [INFO] Rule:233 - rule Rename DIE492 PartNumber CPN STM32WBA5MJGHx -> STM32WBA5MMGHx is applicable
2025-08-23 14:04:50,183 [INFO] Rule:233 - rule Rename DIE492 PartNumber  Name STM32WBA5MJGHx -> STM32WBA5MMGHx is applicable
2025-08-23 14:04:50,183 [INFO] Rule:233 - rule Rename DIE492 PartNumber UserName STM32WBA5MJGHx -> STM32WBA5MMGHx is applicable
2025-08-23 14:04:50,183 [INFO] Rule:233 - rule Rename DIE492 PartNumber DeviceId STM32WBA5MJGHx -> STM32WBA5MMGHx is applicable
2025-08-23 14:04:50,183 [INFO] Rule:233 - rule Adapt Old IOC CSI. is applicable
2025-08-23 14:04:50,183 [INFO] Rule:233 - rule Adapt Old IOC DCMIPP. is applicable
2025-08-23 14:04:50,183 [INFO] Rule:233 - rule Adapt Old IOC DCMIPP Mode Parallel. is applicable
2025-08-23 14:04:50,183 [INFO] Rule:233 - rule Adapt Old IOC LTDC. is applicable
2025-08-23 14:04:50,183 [INFO] Rule:233 - rule Rename STM32MP2 RIF Peripheral LTDC RIF.RISUP.LTDC_L0L1.Privilege -> RIF.RISUP.LTDC_L1L2.Privilege is applicable
2025-08-23 14:04:50,183 [INFO] Rule:233 - rule Rename STM32MP2 RIF Peripheral LTDC RIF.RISUP.LTDC_L0L1.Privilege -> RIF.RISUP.LTDC_L1L2.Privilege is applicable
2025-08-23 14:04:50,183 [INFO] Rule:233 - rule Rename STM32MP2 RIF Peripheral LTDC RIF.RISUP.LTDC_L0L1.Lock -> RIF.RISUP.LTDC_L1L2.Lock is applicable
2025-08-23 14:04:50,183 [INFO] Rule:233 - rule Rename STM32MP2 RIF Peripheral LTDC RIF.RISUP.LTDC_L2.Lock -> RIF.RISUP.LTDC_L3.Lock is applicable
2025-08-23 14:04:50,183 [INFO] Rule:233 - rule Adapt the old IOC example for updating the SYS when it is misconfigured. is applicable
2025-08-23 14:04:50,183 [INFO] Rule:233 - rule Rename STM32C09 Mcu.Package LQFP64 -> LQFP48 is applicable
2025-08-23 14:04:50,183 [INFO] Rule:233 - rule Adapt the old IOC example for updating the SYS when it is misconfigured. is applicable
2025-08-23 14:04:50,183 [INFO] Rule:233 - rule Adapt the old IOC example for updating the SYS when it is misconfigured. is applicable
2025-08-23 14:04:50,184 [INFO] DbConfProperties:307 - Apply Compatibility (4/20 Rules)
2025-08-23 14:04:50,190 [INFO] ApiDbIP:1858 - IP NUCLEO-H745ZI-Q nucleo-h745zi-q_v1_0_Cube refparameter ExcludedContext is referenced in RefMode but not declared as Refparameter
2025-08-23 14:04:50,190 [INFO] ApiDbIP:1858 - IP NUCLEO-H745ZI-Q nucleo-h745zi-q_v1_0_Cube refparameter NoInitContext is referenced in RefMode but not declared as Refparameter
2025-08-23 14:04:50,191 [ERROR] LogOutputStream:75 - [STDERR_REDIRECT] com.st.microxplorer.db.DbException: IP NUCLEO-H745ZI-Q nucleo-h745zi-q_v1_0_Cube refparameter referenced in RefMode but not declared as Refparameter 
2025-08-23 14:04:50,192 [ERROR] LogOutputStream:75 - [STDERR_REDIRECT] 	at com.st.microxplorer.db.ApiDbIP.getRefModes(ApiDbIP.java:1861)
2025-08-23 14:04:50,192 [ERROR] LogOutputStream:75 - [STDERR_REDIRECT] 	at com.st.microxplorer.db.ApiDbIP.get_ip_db(ApiDbIP.java:881)
2025-08-23 14:04:50,193 [ERROR] LogOutputStream:75 - [STDERR_REDIRECT] 	at com.st.microxplorer.db.ApiDbIP.loadBspIp(ApiDbIP.java:331)
2025-08-23 14:04:50,193 [ERROR] LogOutputStream:75 - [STDERR_REDIRECT] 	at com.st.microxplorer.db.ApiDbMcu.addBspIp(ApiDbMcu.java:582)
2025-08-23 14:04:50,193 [ERROR] LogOutputStream:75 - [STDERR_REDIRECT] 	at com.st.microxplorer.mcu.Mcu.addBspIp(Mcu.java:777)
2025-08-23 14:04:50,194 [ERROR] LogOutputStream:75 - [STDERR_REDIRECT] 	at com.st.microxplorer.mcu.Mcu.loadConfProperties(Mcu.java:6538)
2025-08-23 14:04:50,194 [ERROR] LogOutputStream:75 - [STDERR_REDIRECT] 	at com.st.microxplorer.mxsystem.ProjectFactory.swingWorkerLoad(ProjectFactory.java:572)
2025-08-23 14:04:50,194 [ERROR] LogOutputStream:75 - [STDERR_REDIRECT] 	at com.st.microxplorer.util.ProcessBarDialog.performAction(ProcessBarDialog.java:86)
2025-08-23 14:04:50,196 [ERROR] LogOutputStream:75 - [STDERR_REDIRECT] 	at com.st.microxplorer.util.ProcessBarDialog$1.doInBackground(ProcessBarDialog.java:157)
2025-08-23 14:04:50,196 [ERROR] LogOutputStream:75 - [STDERR_REDIRECT] 	at com.st.microxplorer.util.ProcessBarDialog$1.doInBackground(ProcessBarDialog.java:154)
2025-08-23 14:04:50,196 [ERROR] LogOutputStream:75 - [STDERR_REDIRECT] 	at java.desktop/javax.swing.SwingWorker$1.call(SwingWorker.java:305)
2025-08-23 14:04:50,197 [ERROR] LogOutputStream:75 - [STDERR_REDIRECT] 	at java.base/java.util.concurrent.FutureTask.run(FutureTask.java:317)
2025-08-23 14:04:50,197 [ERROR] LogOutputStream:75 - [STDERR_REDIRECT] 	at java.desktop/javax.swing.SwingWorker.run(SwingWorker.java:342)
2025-08-23 14:04:50,198 [ERROR] LogOutputStream:75 - [STDERR_REDIRECT] 	at java.base/java.util.concurrent.ThreadPoolExecutor.runWorker(ThreadPoolExecutor.java:1144)
2025-08-23 14:04:50,198 [ERROR] LogOutputStream:75 - [STDERR_REDIRECT] 	at java.base/java.util.concurrent.ThreadPoolExecutor$Worker.run(ThreadPoolExecutor.java:642)
2025-08-23 14:04:50,198 [ERROR] LogOutputStream:75 - [STDERR_REDIRECT] 	at java.base/java.lang.Thread.run(Thread.java:1583)
2025-08-23 14:04:50,200 [INFO] ApiDbMcu:532 - Load IP Config File for NUCLEO-H745ZI-Q
2025-08-23 14:04:50,278 [INFO] Context:786 - Trying to add GPIOservice into a context  which must be forbidden
2025-08-23 14:04:50,282 [INFO] Context:786 - Trying to add GPIOservice into a context  which must be forbidden
2025-08-23 14:04:50,284 [INFO] ImportTextPane:234 - (OptionalMessage_ERROR) Pin12 (VP_RIF_VS_RIF1) cannot be retrieved for this MCU
2025-08-23 14:04:50,324 [INFO] RtosManager:558 - Registered RTOS mode: class=CMSIS, group=RTOS, mode=CMSIS_V1, owner=FREERTOS_M7
2025-08-23 14:04:50,324 [INFO] RtosManager:558 - Registered RTOS mode: class=CMSIS, group=RTOS2, mode=CMSIS_V2, owner=FREERTOS_M7
2025-08-23 14:04:50,324 [INFO] RtosManager:558 - Registered RTOS mode: class=RTOS, group=Core, mode=CMSIS_V1, owner=FREERTOS_M7
2025-08-23 14:04:50,324 [INFO] RtosManager:558 - Registered RTOS mode: class=RTOS, group=Core, mode=CMSIS_V2, owner=FREERTOS_M7
2025-08-23 14:04:50,324 [WARN] ModelIntegratedComponent:184 - Missing modes for component STMicroelectronics:FreeRTOS:0.0.1:STMicroelectronics:RTOS:FreeRTOS:Core:::10.2.0:
2025-08-23 14:04:50,328 [WARN] ModelIntegratedComponent:63 - No mode defined for component null
2025-08-23 14:04:50,328 [WARN] ModelIntegratedComponent:63 - No mode defined for component null
2025-08-23 14:04:50,328 [WARN] ModelIntegratedComponent:63 - No mode defined for component null
2025-08-23 14:04:50,328 [WARN] ModelIntegratedComponent:63 - No mode defined for component null
2025-08-23 14:04:50,328 [WARN] ModelIntegratedComponent:63 - No mode defined for component null
2025-08-23 14:04:50,328 [WARN] ModelIntegratedComponent:63 - No mode defined for component null
2025-08-23 14:04:50,328 [WARN] ModelIntegratedComponent:63 - No mode defined for component null
2025-08-23 14:04:50,328 [WARN] ModelIntegratedComponent:63 - No mode defined for component null
2025-08-23 14:04:50,328 [WARN] ModelIntegratedComponent:63 - No mode defined for component null
2025-08-23 14:04:50,328 [WARN] ModelIntegratedComponent:63 - No mode defined for component null
2025-08-23 14:04:50,328 [WARN] ModelIntegratedComponent:63 - No mode defined for component null
2025-08-23 14:04:50,328 [WARN] ModelIntegratedComponent:63 - No mode defined for component null
2025-08-23 14:04:50,328 [WARN] ModelIntegratedComponent:63 - No mode defined for component null
2025-08-23 14:04:50,328 [WARN] ModelIntegratedComponent:63 - No mode defined for component null
2025-08-23 14:04:50,328 [WARN] ModelIntegratedComponent:63 - No mode defined for component null
2025-08-23 14:04:50,328 [WARN] ModelIntegratedComponent:63 - No mode defined for component null
2025-08-23 14:04:50,328 [WARN] ModelIntegratedComponent:63 - No mode defined for component null
2025-08-23 14:04:50,328 [WARN] ModelIntegratedComponent:63 - No mode defined for component null
2025-08-23 14:04:50,328 [WARN] ModelIntegratedComponent:63 - No mode defined for component null
2025-08-23 14:04:50,328 [WARN] ModelIntegratedComponent:63 - No mode defined for component null
2025-08-23 14:04:50,328 [WARN] ModelIntegratedComponent:63 - No mode defined for component null
2025-08-23 14:04:50,328 [WARN] ModelIntegratedComponent:63 - No mode defined for component null
2025-08-23 14:04:50,328 [WARN] ModelIntegratedComponent:63 - No mode defined for component null
2025-08-23 14:04:50,328 [WARN] ModelIntegratedComponent:63 - No mode defined for component null
2025-08-23 14:04:50,328 [WARN] ModelIntegratedComponent:63 - No mode defined for component null
2025-08-23 14:04:50,328 [WARN] ModelIntegratedComponent:63 - No mode defined for component null
2025-08-23 14:04:50,328 [WARN] ModelIntegratedComponent:63 - No mode defined for component null
2025-08-23 14:04:50,328 [WARN] ModelIntegratedComponent:63 - No mode defined for component null
2025-08-23 14:04:50,328 [WARN] ModelIntegratedComponent:63 - No mode defined for component null
2025-08-23 14:04:50,328 [WARN] ModelIntegratedComponent:63 - No mode defined for component null
2025-08-23 14:04:50,328 [WARN] ModelIntegratedComponent:63 - No mode defined for component null
2025-08-23 14:04:50,328 [WARN] ModelIntegratedComponent:63 - No mode defined for component null
2025-08-23 14:04:50,328 [WARN] ModelIntegratedComponent:63 - No mode defined for component null
2025-08-23 14:04:50,328 [WARN] ModelIntegratedComponent:63 - No mode defined for component null
2025-08-23 14:04:50,328 [WARN] ModelIntegratedComponent:63 - No mode defined for component null
2025-08-23 14:04:50,328 [WARN] ModelPack:524 - Component already loaded: STMicroelectronics:HAL Drivers:0.0.0:STMicroelectronics:Device:STMicro_Driver:XSPI:HAL::0.0.1:HAL_XSPI
2025-08-23 14:04:50,378 [INFO] RtosManager:558 - Registered RTOS mode: class=CMSIS, group=RTOS, mode=CMSIS_V1, owner=FREERTOS_M4
2025-08-23 14:04:50,378 [INFO] RtosManager:558 - Registered RTOS mode: class=CMSIS, group=RTOS2, mode=CMSIS_V2, owner=FREERTOS_M4
2025-08-23 14:04:50,378 [INFO] RtosManager:558 - Registered RTOS mode: class=RTOS, group=Core, mode=CMSIS_V1, owner=FREERTOS_M4
2025-08-23 14:04:50,378 [INFO] RtosManager:558 - Registered RTOS mode: class=RTOS, group=Core, mode=CMSIS_V2, owner=FREERTOS_M4
2025-08-23 14:04:50,378 [WARN] ModelIntegratedComponent:184 - Missing modes for component STMicroelectronics:FreeRTOS:0.0.1:STMicroelectronics:RTOS:FreeRTOS:Core:::10.2.0:
2025-08-23 14:04:50,381 [WARN] ModelIntegratedComponent:63 - No mode defined for component null
2025-08-23 14:04:50,381 [WARN] ModelIntegratedComponent:63 - No mode defined for component null
2025-08-23 14:04:50,381 [WARN] ModelIntegratedComponent:63 - No mode defined for component null
2025-08-23 14:04:50,381 [WARN] ModelIntegratedComponent:63 - No mode defined for component null
2025-08-23 14:04:50,381 [WARN] ModelIntegratedComponent:63 - No mode defined for component null
2025-08-23 14:04:50,381 [WARN] ModelIntegratedComponent:63 - No mode defined for component null
2025-08-23 14:04:50,381 [WARN] ModelIntegratedComponent:63 - No mode defined for component null
2025-08-23 14:04:50,381 [WARN] ModelIntegratedComponent:63 - No mode defined for component null
2025-08-23 14:04:50,381 [WARN] ModelIntegratedComponent:63 - No mode defined for component null
2025-08-23 14:04:50,381 [WARN] ModelIntegratedComponent:63 - No mode defined for component null
2025-08-23 14:04:50,381 [WARN] ModelIntegratedComponent:63 - No mode defined for component null
2025-08-23 14:04:50,381 [WARN] ModelIntegratedComponent:63 - No mode defined for component null
2025-08-23 14:04:50,381 [WARN] ModelIntegratedComponent:63 - No mode defined for component null
2025-08-23 14:04:50,381 [WARN] ModelIntegratedComponent:63 - No mode defined for component null
2025-08-23 14:04:50,381 [WARN] ModelIntegratedComponent:63 - No mode defined for component null
2025-08-23 14:04:50,381 [WARN] ModelIntegratedComponent:63 - No mode defined for component null
2025-08-23 14:04:50,381 [WARN] ModelIntegratedComponent:63 - No mode defined for component null
2025-08-23 14:04:50,381 [WARN] ModelIntegratedComponent:63 - No mode defined for component null
2025-08-23 14:04:50,381 [WARN] ModelIntegratedComponent:63 - No mode defined for component null
2025-08-23 14:04:50,381 [WARN] ModelIntegratedComponent:63 - No mode defined for component null
2025-08-23 14:04:50,381 [WARN] ModelIntegratedComponent:63 - No mode defined for component null
2025-08-23 14:04:50,381 [WARN] ModelIntegratedComponent:63 - No mode defined for component null
2025-08-23 14:04:50,381 [WARN] ModelIntegratedComponent:63 - No mode defined for component null
2025-08-23 14:04:50,381 [WARN] ModelIntegratedComponent:63 - No mode defined for component null
2025-08-23 14:04:50,381 [WARN] ModelIntegratedComponent:63 - No mode defined for component null
2025-08-23 14:04:50,381 [WARN] ModelIntegratedComponent:63 - No mode defined for component null
2025-08-23 14:04:50,381 [WARN] ModelIntegratedComponent:63 - No mode defined for component null
2025-08-23 14:04:50,381 [WARN] ModelIntegratedComponent:63 - No mode defined for component null
2025-08-23 14:04:50,381 [WARN] ModelIntegratedComponent:63 - No mode defined for component null
2025-08-23 14:04:50,381 [WARN] ModelIntegratedComponent:63 - No mode defined for component null
2025-08-23 14:04:50,381 [WARN] ModelIntegratedComponent:63 - No mode defined for component null
2025-08-23 14:04:50,381 [WARN] ModelIntegratedComponent:63 - No mode defined for component null
2025-08-23 14:04:50,381 [WARN] ModelIntegratedComponent:63 - No mode defined for component null
2025-08-23 14:04:50,381 [WARN] ModelIntegratedComponent:63 - No mode defined for component null
2025-08-23 14:04:50,381 [WARN] ModelIntegratedComponent:63 - No mode defined for component null
2025-08-23 14:04:50,382 [WARN] ModelPack:524 - Component already loaded: STMicroelectronics:HAL Drivers:0.0.0:STMicroelectronics:Device:STMicro_Driver:XSPI:HAL::0.0.1:HAL_XSPI
2025-08-23 14:04:50,427 [INFO] ThirdPartyModel:298 - Start build external matchings
2025-08-23 14:04:50,598 [ERROR] LogOutputStream:75 - [STDERR_REDIRECT] [Fatal Error] :1:1: Premature end of file.
2025-08-23 14:04:50,599 [ERROR] LogOutputStream:75 - [STDERR_REDIRECT] 
2025-08-23 14:04:50,741 [INFO] ThirdPartyModel:316 - End build external matchings
2025-08-23 14:04:50,744 [INFO] ThirdPartyModel:298 - Start build external matchings
2025-08-23 14:04:51,032 [INFO] ThirdPartyModel:316 - End build external matchings
2025-08-23 14:04:51,132 [INFO] UtilMem:75 - End LoadConfig() Used Memory: 986253112 Bytes (1073741824)
2025-08-23 14:04:51,603 [ERROR] LogOutputStream:75 - [STDERR_REDIRECT] [Fatal Error] :1:1: Premature end of file.
2025-08-23 14:04:51,603 [ERROR] LogOutputStream:75 - [STDERR_REDIRECT] 
2025-08-23 14:04:52,597 [ERROR] LogOutputStream:75 - [STDERR_REDIRECT] [Fatal Error] :1:1: Premature end of file.
2025-08-23 14:04:52,598 [ERROR] LogOutputStream:75 - [STDERR_REDIRECT] 
2025-08-23 14:04:53,673 [ERROR] LogOutputStream:75 - [STDERR_REDIRECT] [Fatal Error] :1:1: Premature end of file.
2025-08-23 14:04:53,674 [ERROR] LogOutputStream:75 - [STDERR_REDIRECT] 
2025-08-23 14:04:54,602 [ERROR] LogOutputStream:75 - [STDERR_REDIRECT] [Fatal Error] :1:1: Premature end of file.
2025-08-23 14:04:54,602 [ERROR] LogOutputStream:75 - [STDERR_REDIRECT] 
2025-08-23 14:04:54,736 [INFO] BspBoardWizard:580 - Analytics plugin initialized with success
2025-08-23 14:04:55,034 [INFO] BspBoardWizard:580 - Analytics plugin initialized with success
2025-08-23 14:04:55,130 [INFO] BspBoardWizard:580 - Analytics plugin initialized with success
2025-08-23 14:04:55,346 [WARN] ThirdParty:833 - waiting for thirdparty lock release [change project]
2025-08-23 14:04:55,346 [INFO] ThirdParty:835 - entering critical section [change project]
2025-08-23 14:04:55,347 [INFO] ThirdParty:1030 - CMSIS Pack Vendor :STMicroelectronics X-CUBE-PM33A1 1.0.0
2025-08-23 14:04:55,347 [INFO] ThirdParty:1030 - CMSIS Pack Vendor :STMicroelectronics USBPD 4.1
2025-08-23 14:04:55,347 [INFO] ThirdParty:1030 - CMSIS Pack Vendor :STMicroelectronics X-CUBE-AZRTOS-H7 3.3.0
2025-08-23 14:04:55,347 [INFO] ThirdParty:1030 - CMSIS Pack Vendor :STMicroelectronics X-CUBE-NFC9 1.0.0
2025-08-23 14:04:55,347 [INFO] ThirdParty:1030 - CMSIS Pack Vendor :wolfSSL I-CUBE-wolfSSL 5.8.0
2025-08-23 14:04:55,347 [INFO] ThirdParty:1030 - CMSIS Pack Vendor :STMicroelectronics USB_HOST 2.0.0
2025-08-23 14:04:55,347 [INFO] ThirdParty:1030 - CMSIS Pack Vendor :STMicroelectronics FP-SNS-MOTENVWB1 1.4.0
2025-08-23 14:04:55,347 [INFO] ThirdParty:1030 - CMSIS Pack Vendor :STMicroelectronics X-CUBE-AZRTOS-F4 1.1.0
2025-08-23 14:04:55,347 [INFO] ThirdParty:1030 - CMSIS Pack Vendor :STMicroelectronics LIBJPEG 8.0.0
2025-08-23 14:04:55,347 [INFO] ThirdParty:1030 - CMSIS Pack Vendor :STMicroelectronics FP-ATR-ASTRA1 2.0.2
2025-08-23 14:04:55,347 [INFO] ThirdParty:1030 - CMSIS Pack Vendor :STMicroelectronics X-CUBE-BLE1 7.1.0
2025-08-23 14:04:55,347 [INFO] ThirdParty:1030 - CMSIS Pack Vendor :STMicroelectronics X-CUBE-SMBUS 2.1.0
2025-08-23 14:04:55,347 [INFO] ThirdParty:1030 - CMSIS Pack Vendor :wolfSSL I-CUBE-wolfMQTT 1.19.2
2025-08-23 14:04:55,347 [INFO] ThirdParty:1030 - CMSIS Pack Vendor :STMicroelectronics USB_DEVICE 3.0.0
2025-08-23 14:04:55,347 [INFO] ThirdParty:1030 - CMSIS Pack Vendor :STMicroelectronics X-CUBE-ISPU 2.1.0
2025-08-23 14:04:55,347 [INFO] ThirdParty:1030 - CMSIS Pack Vendor :STMicroelectronics X-CUBE-EEPRMA1 5.2.0
2025-08-23 14:04:55,347 [INFO] ThirdParty:1030 - CMSIS Pack Vendor :STMicroelectronics X-CUBE-BLEMGR 4.1.0
2025-08-23 14:04:55,347 [INFO] ThirdParty:1030 - CMSIS Pack Vendor :STMicroelectronics X-CUBE-AZRTOS-WB 2.0.0
2025-08-23 14:04:55,347 [INFO] ThirdParty:1030 - CMSIS Pack Vendor :STMicroelectronics X-CUBE-ST60 1.0.0
2025-08-23 14:04:55,347 [INFO] ThirdParty:1030 - CMSIS Pack Vendor :STMicroelectronics X-CUBE-GNSS1 7.0.1
2025-08-23 14:04:55,347 [INFO] ThirdParty:1030 - CMSIS Pack Vendor :STMicroelectronics X-CUBE-NFC12 1.0.0
2025-08-23 14:04:55,347 [INFO] ThirdParty:1030 - CMSIS Pack Vendor :STMicroelectronics X-CUBE-AZRTOS-F7 1.1.0
2025-08-23 14:04:55,347 [INFO] ThirdParty:1030 - CMSIS Pack Vendor :STMicroelectronics X-CUBE-AZRTOS-L5 2.0.0
2025-08-23 14:04:55,347 [INFO] ThirdParty:1030 - CMSIS Pack Vendor :STMicroelectronics X-CUBE-TOUCHGFX 4.25.0
2025-08-23 14:04:55,347 [INFO] ThirdParty:1030 - CMSIS Pack Vendor :STMicroelectronics USB_DEVICE 2.0.0
2025-08-23 14:04:55,347 [INFO] ThirdParty:1030 - CMSIS Pack Vendor :STMicroelectronics X-CUBE-NFC6 3.1.0
2025-08-23 14:04:55,347 [INFO] ThirdParty:1030 - CMSIS Pack Vendor :STMicroelectronics X-CUBE-AI 10.1.0
2025-08-23 14:04:55,347 [INFO] ThirdParty:1030 - CMSIS Pack Vendor :STMicroelectronics FP-SNS-STBOX1 2.0.0
2025-08-23 14:04:55,347 [INFO] ThirdParty:1030 - CMSIS Pack Vendor :STMicroelectronics FreeRTOS 0.0.1
2025-08-23 14:04:55,347 [INFO] ThirdParty:1030 - CMSIS Pack Vendor :STMicroelectronics X-CUBE-AZRTOS-G0 1.1.0
2025-08-23 14:04:55,347 [INFO] ThirdParty:1030 - CMSIS Pack Vendor :STMicroelectronics X-CUBE-SAFEA1 1.2.2
2025-08-23 14:04:55,347 [INFO] ThirdParty:1030 - CMSIS Pack Vendor :STMicroelectronics X-CUBE-NFC4 3.0.0
2025-08-23 14:04:55,347 [INFO] ThirdParty:1030 - CMSIS Pack Vendor :STMicroelectronics X-CUBE-SUBG2 5.0.0
2025-08-23 14:04:55,347 [INFO] ThirdParty:1030 - CMSIS Pack Vendor :STMicroelectronics X-CUBE-AZRTOS-H7RS 1.1.0
2025-08-23 14:04:55,347 [INFO] ThirdParty:1030 - CMSIS Pack Vendor :STMicroelectronics STM32_WPAN 1.0.0
2025-08-23 14:04:55,347 [INFO] ThirdParty:1030 - CMSIS Pack Vendor :EmbeddedOffice I-CUBE-FS-RTOS 1.0.1
2025-08-23 14:04:55,347 [INFO] ThirdParty:1030 - CMSIS Pack Vendor :STMicroelectronics lwIP 2.0.3
2025-08-23 14:04:55,347 [INFO] ThirdParty:1030 - CMSIS Pack Vendor :Cesanta I-CUBE-Mongoose 7.13.0
2025-08-23 14:04:55,347 [INFO] ThirdParty:1030 - CMSIS Pack Vendor :STMicroelectronics USB_HOST 1.0.0
2025-08-23 14:04:55,347 [INFO] ThirdParty:1030 - CMSIS Pack Vendor :Infineon AIROC-Wi-Fi-Bluetooth-STM32 1.7.0
2025-08-23 14:04:55,347 [INFO] ThirdParty:1030 - CMSIS Pack Vendor :STMicroelectronics X-CUBE-AZRTOS-G4 2.0.0
2025-08-23 14:04:55,347 [INFO] ThirdParty:1030 - CMSIS Pack Vendor :STMicroelectronics X-CUBE-WB05N 2.0.0
2025-08-23 14:04:55,347 [INFO] ThirdParty:1030 - CMSIS Pack Vendor :STMicroelectronics PDM2PCM 3.1.0
2025-08-23 14:04:55,347 [INFO] ThirdParty:1030 - CMSIS Pack Vendor :STMicroelectronics PDM2PCM 3.3.0
2025-08-23 14:04:55,347 [INFO] ThirdParty:1030 - CMSIS Pack Vendor :wolfSSL I-CUBE-wolfTPM 3.8.0
2025-08-23 14:04:55,347 [INFO] ThirdParty:1030 - CMSIS Pack Vendor :STMicroelectronics X-CUBE-AZRTOS-H7 3.4.0
2025-08-23 14:04:55,347 [INFO] ThirdParty:1030 - CMSIS Pack Vendor :STMicroelectronics X-CUBE-DISPLAY 3.0.0
2025-08-23 14:04:55,347 [INFO] ThirdParty:1030 - CMSIS Pack Vendor :wolfSSL I-CUBE-wolfSSH 1.4.20
2025-08-23 14:04:55,347 [INFO] ThirdParty:1030 - CMSIS Pack Vendor :STMicroelectronics X-CUBE-NFC7 2.0.0
2025-08-23 14:04:55,347 [INFO] ThirdParty:1030 - CMSIS Pack Vendor :STMicroelectronics X-CUBE-TCPP 4.2.0
2025-08-23 14:04:55,347 [INFO] ThirdParty:1030 - CMSIS Pack Vendor :RealThread X-CUBE-RT-Thread_Nano 4.1.1
2025-08-23 14:04:55,347 [INFO] ThirdParty:1030 - CMSIS Pack Vendor :STMicroelectronics FP-ATR-SIGFOX1 3.2.0
2025-08-23 14:04:55,347 [INFO] ThirdParty:1030 - CMSIS Pack Vendor :STMicroelectronics X-CUBE-NFC10 1.0.0
2025-08-23 14:04:55,347 [INFO] ThirdParty:1030 - CMSIS Pack Vendor :STMicroelectronics X-CUBE-BLEMGR 4.0.0
2025-08-23 14:04:55,347 [INFO] ThirdParty:1030 - CMSIS Pack Vendor :STMicroelectronics X-CUBE-EEPRMA1 5.1.0
2025-08-23 14:04:55,347 [INFO] ThirdParty:1030 - CMSIS Pack Vendor :STMicroelectronics X-CUBE-FREERTOS 1.3.1
2025-08-23 14:04:55,347 [INFO] ThirdParty:1030 - CMSIS Pack Vendor :STMicroelectronics HAL Drivers 0.0.0
2025-08-23 14:04:55,347 [INFO] ThirdParty:1030 - CMSIS Pack Vendor :STMicroelectronics MBEDTLS 2.16.2
2025-08-23 14:04:55,347 [INFO] ThirdParty:1030 - CMSIS Pack Vendor :STMicroelectronics X-CUBE-IPS 3.1.0
2025-08-23 14:04:55,347 [INFO] ThirdParty:1030 - CMSIS Pack Vendor :STMicroelectronics X-CUBE-ALS 1.0.2
2025-08-23 14:04:55,347 [INFO] ThirdParty:1030 - CMSIS Pack Vendor :emotas I-CUBE-CANOPEN 1.3.0
2025-08-23 14:04:55,347 [INFO] ThirdParty:1030 - CMSIS Pack Vendor :STMicroelectronics MBEDTLS 2.14.1
2025-08-23 14:04:55,347 [INFO] ThirdParty:1030 - CMSIS Pack Vendor :ITTIA_DB I-CUBE-ITTIADB 8.9.0
2025-08-23 14:04:55,347 [INFO] ThirdParty:1030 - CMSIS Pack Vendor :portGmbH I-Cube-SoM-uGOAL 1.1.0
2025-08-23 14:04:55,347 [INFO] ThirdParty:1030 - CMSIS Pack Vendor :quantropi X-CUBE-qispace-sdk-base 2.0.0
2025-08-23 14:04:55,347 [INFO] ThirdParty:1030 - CMSIS Pack Vendor :STMicroelectronics X-CUBE-ST67W61 1.0.0
2025-08-23 14:04:55,347 [INFO] ThirdParty:1030 - CMSIS Pack Vendor :STMicroelectronics FP-SNS-STBOX1 2.1.0
2025-08-23 14:04:55,347 [INFO] ThirdParty:1030 - CMSIS Pack Vendor :STMicroelectronics X-CUBE-AI 10.2.0
2025-08-23 14:04:55,347 [INFO] ThirdParty:1030 - CMSIS Pack Vendor :STMicroelectronics FP-SNS-STAIOTCFT 1.0.0
2025-08-23 14:04:55,347 [INFO] ThirdParty:1030 - CMSIS Pack Vendor :STMicroelectronics ThreadX 1.0.0
2025-08-23 14:04:55,347 [INFO] ThirdParty:1030 - CMSIS Pack Vendor :STMicroelectronics FP-SNS-SMARTAG2 1.2.0
2025-08-23 14:04:55,347 [INFO] ThirdParty:1030 - CMSIS Pack Vendor :STMicroelectronics FP-SNS-FLIGHT1 5.1.0
2025-08-23 14:04:55,347 [INFO] ThirdParty:1030 - CMSIS Pack Vendor :STMicroelectronics X-CUBE-AZRTOS-WL 2.0.0
2025-08-23 14:04:55,347 [INFO] ThirdParty:1030 - CMSIS Pack Vendor :SEGGER I-CUBE-embOS 1.3.1
2025-08-23 14:04:55,347 [INFO] ThirdParty:1030 - CMSIS Pack Vendor :STMicroelectronics X-CUBE-ALGOBUILD 1.4.0
2025-08-23 14:04:55,347 [INFO] ThirdParty:1030 - CMSIS Pack Vendor :STMicroelectronics X-CUBE-DPower 1.3.0
2025-08-23 14:04:55,347 [INFO] ThirdParty:1030 - CMSIS Pack Vendor :STMicroelectronics X-CUBE-MEMS1 11.3.0
2025-08-23 14:04:55,347 [INFO] ThirdParty:1030 - CMSIS Pack Vendor :STMicroelectronics FP-SNS-MOTENV1 5.0.0
2025-08-23 14:04:55,347 [INFO] ThirdParty:1030 - CMSIS Pack Vendor :STMicroelectronics USB_DEVICE 1.0.0
2025-08-23 14:04:55,347 [INFO] ThirdParty:1030 - CMSIS Pack Vendor :STMicroelectronics X-CUBE-AZRTOS-L4 2.0.0
2025-08-23 14:04:55,347 [INFO] ThirdParty:1030 - CMSIS Pack Vendor :STMicroelectronics ThreadX 0.0.2
2025-08-23 14:04:55,347 [INFO] ThirdParty:1030 - CMSIS Pack Vendor :WES I-CUBE-Cesium 1.3.0
2025-08-23 14:04:55,347 [INFO] ThirdParty:1030 - CMSIS Pack Vendor :STMicroelectronics lwIP 2.1.2
2025-08-23 14:04:55,347 [INFO] ThirdParty:1030 - CMSIS Pack Vendor :STMicroelectronics X-CUBE-SFXS2LP1 4.0.0
2025-08-23 14:04:55,347 [INFO] ThirdParty:1030 - CMSIS Pack Vendor :STMicroelectronics X-CUBE-BLE2 3.3.0
2025-08-23 14:04:55,347 [INFO] ThirdParty:1030 - CMSIS Pack Vendor :STMicroelectronics X-CUBE-TOF1 3.4.3
2025-08-23 14:04:55,347 [INFO] ThirdParty:1030 - CMSIS Pack Vendor :STMicroelectronics PDM2PCM 3.2.0
2025-08-23 14:04:55,348 [INFO] ThirdParty:841 - exiting critical section [change project]
2025-08-23 14:04:55,595 [ERROR] LogOutputStream:75 - [STDERR_REDIRECT] [Fatal Error] :1:1: Premature end of file.
2025-08-23 14:04:55,595 [ERROR] LogOutputStream:75 - [STDERR_REDIRECT] 
2025-08-23 14:04:55,871 [INFO] PinOutPanel:1589 - setPackage(No Configuration,No Configuration)
2025-08-23 14:04:55,872 [INFO] PinOutPanel:1589 - setPackage(STM32H745ZITx,LQFP144)
2025-08-23 14:04:56,376 [INFO] UtilMem:75 - Before build in PCC Used Memory: 813985904 Bytes (1073741824)
2025-08-23 14:04:56,598 [ERROR] LogOutputStream:75 - [STDERR_REDIRECT] [Fatal Error] :1:1: Premature end of file.
2025-08-23 14:04:56,599 [ERROR] LogOutputStream:75 - [STDERR_REDIRECT] 
2025-08-23 14:04:57,232 [INFO] UtilMem:75 - After build in PCC Used Memory: 953968752 Bytes (1073741824)
2025-08-23 14:04:57,266 [INFO] IPUIPlugin:80 - create IPUIPlugin
2025-08-23 14:04:57,266 [INFO] IPUIPlugin:80 - create IPUIPlugin
2025-08-23 14:04:57,267 [INFO] IPUIPlugin:80 - create IPUIPlugin
2025-08-23 14:04:57,267 [INFO] IPUIPlugin:80 - create IPUIPlugin
2025-08-23 14:04:57,267 [INFO] IPUIPlugin:80 - create IPUIPlugin
2025-08-23 14:04:57,267 [INFO] IPUIPlugin:80 - create IPUIPlugin
2025-08-23 14:04:57,268 [INFO] IPUIPlugin:80 - create IPUIPlugin
2025-08-23 14:04:57,268 [INFO] IPUIPlugin:80 - create IPUIPlugin
2025-08-23 14:04:57,268 [INFO] IPUIPlugin:80 - create IPUIPlugin
2025-08-23 14:04:57,268 [INFO] IPUIPlugin:80 - create IPUIPlugin
2025-08-23 14:04:57,269 [INFO] IPUIPlugin:80 - create IPUIPlugin
2025-08-23 14:04:57,269 [INFO] IPUIPlugin:80 - create IPUIPlugin
2025-08-23 14:04:57,269 [INFO] IPUIPlugin:80 - create IPUIPlugin
2025-08-23 14:04:57,269 [INFO] IPUIPlugin:80 - create IPUIPlugin
2025-08-23 14:04:57,269 [INFO] IPUIPlugin:80 - create IPUIPlugin
2025-08-23 14:04:57,269 [INFO] IPUIPlugin:80 - create IPUIPlugin
2025-08-23 14:04:57,270 [INFO] IPUIPlugin:80 - create IPUIPlugin
2025-08-23 14:04:57,270 [INFO] IPUIPlugin:80 - create IPUIPlugin
2025-08-23 14:04:57,270 [INFO] IPUIPlugin:80 - create IPUIPlugin
2025-08-23 14:04:57,270 [INFO] IPUIPlugin:80 - create IPUIPlugin
2025-08-23 14:04:57,270 [INFO] IPUIPlugin:80 - create IPUIPlugin
2025-08-23 14:04:57,270 [INFO] IPUIPlugin:80 - create IPUIPlugin
2025-08-23 14:04:57,270 [INFO] IPUIPlugin:80 - create IPUIPlugin
2025-08-23 14:04:57,270 [INFO] IPUIPlugin:80 - create IPUIPlugin
2025-08-23 14:04:57,270 [INFO] IPUIPlugin:80 - create IPUIPlugin
2025-08-23 14:04:57,270 [INFO] IPUIPlugin:80 - create IPUIPlugin
2025-08-23 14:04:57,271 [INFO] IPUIPlugin:80 - create IPUIPlugin
2025-08-23 14:04:57,271 [INFO] IPUIPlugin:80 - create IPUIPlugin
2025-08-23 14:04:57,271 [INFO] IPUIPlugin:80 - create IPUIPlugin
2025-08-23 14:04:57,271 [INFO] IPUIPlugin:80 - create IPUIPlugin
2025-08-23 14:04:57,271 [INFO] IPUIPlugin:80 - create IPUIPlugin
2025-08-23 14:04:57,271 [INFO] IPUIPlugin:80 - create IPUIPlugin
2025-08-23 14:04:57,271 [INFO] IPUIPlugin:80 - create IPUIPlugin
2025-08-23 14:04:57,271 [INFO] IPUIPlugin:80 - create IPUIPlugin
2025-08-23 14:04:57,272 [INFO] IPUIPlugin:80 - create IPUIPlugin
2025-08-23 14:04:57,272 [INFO] IPUIPlugin:80 - create IPUIPlugin
2025-08-23 14:04:57,272 [INFO] IPUIPlugin:80 - create IPUIPlugin
2025-08-23 14:04:57,272 [INFO] IPUIPlugin:80 - create IPUIPlugin
2025-08-23 14:04:57,272 [INFO] IPUIPlugin:80 - create IPUIPlugin
2025-08-23 14:04:57,272 [INFO] IPUIPlugin:80 - create IPUIPlugin
2025-08-23 14:04:57,273 [INFO] IPUIPlugin:80 - create IPUIPlugin
2025-08-23 14:04:57,273 [INFO] IPUIPlugin:80 - create IPUIPlugin
2025-08-23 14:04:57,273 [INFO] IPUIPlugin:80 - create IPUIPlugin
2025-08-23 14:04:57,273 [INFO] IPUIPlugin:80 - create IPUIPlugin
2025-08-23 14:04:57,273 [INFO] IPUIPlugin:80 - create IPUIPlugin
2025-08-23 14:04:57,274 [INFO] IPUIPlugin:80 - create IPUIPlugin
2025-08-23 14:04:57,274 [INFO] IPUIPlugin:80 - create IPUIPlugin
2025-08-23 14:04:57,274 [INFO] IPUIPlugin:80 - create IPUIPlugin
2025-08-23 14:04:57,274 [INFO] IPUIPlugin:80 - create IPUIPlugin
2025-08-23 14:04:57,274 [INFO] IPUIPlugin:80 - create IPUIPlugin
2025-08-23 14:04:57,274 [INFO] IPUIPlugin:80 - create IPUIPlugin
2025-08-23 14:04:57,274 [INFO] IPUIPlugin:80 - create IPUIPlugin
2025-08-23 14:04:57,275 [INFO] IPUIPlugin:80 - create IPUIPlugin
2025-08-23 14:04:57,275 [INFO] IPUIPlugin:80 - create IPUIPlugin
2025-08-23 14:04:57,275 [INFO] IPUIPlugin:80 - create IPUIPlugin
2025-08-23 14:04:57,275 [INFO] IPUIPlugin:80 - create IPUIPlugin
2025-08-23 14:04:57,275 [INFO] IPUIPlugin:80 - create IPUIPlugin
2025-08-23 14:04:57,275 [INFO] IPUIPlugin:80 - create IPUIPlugin
2025-08-23 14:04:57,275 [INFO] IPUIPlugin:80 - create IPUIPlugin
2025-08-23 14:04:57,275 [INFO] IPUIPlugin:80 - create IPUIPlugin
2025-08-23 14:04:57,276 [INFO] IPUIPlugin:80 - create IPUIPlugin
2025-08-23 14:04:57,276 [INFO] IPUIPlugin:80 - create IPUIPlugin
2025-08-23 14:04:57,276 [INFO] IPUIPlugin:80 - create IPUIPlugin
2025-08-23 14:04:57,276 [INFO] IPUIPlugin:80 - create IPUIPlugin
2025-08-23 14:04:57,276 [INFO] IPUIPlugin:80 - create IPUIPlugin
2025-08-23 14:04:57,276 [INFO] IPUIPlugin:80 - create IPUIPlugin
2025-08-23 14:04:57,276 [INFO] IPUIPlugin:80 - create IPUIPlugin
2025-08-23 14:04:57,276 [INFO] IPUIPlugin:80 - create IPUIPlugin
2025-08-23 14:04:57,277 [INFO] IPUIPlugin:80 - create IPUIPlugin
2025-08-23 14:04:57,277 [INFO] IPUIPlugin:80 - create IPUIPlugin
2025-08-23 14:04:57,277 [INFO] IPUIPlugin:80 - create IPUIPlugin
2025-08-23 14:04:57,277 [INFO] IPUIPlugin:80 - create IPUIPlugin
2025-08-23 14:04:57,277 [INFO] IPUIPlugin:80 - create IPUIPlugin
2025-08-23 14:04:57,277 [INFO] IPUIPlugin:80 - create IPUIPlugin
2025-08-23 14:04:57,278 [INFO] IPUIPlugin:80 - create IPUIPlugin
2025-08-23 14:04:57,278 [INFO] IPUIPlugin:80 - create IPUIPlugin
2025-08-23 14:04:57,278 [INFO] IPUIPlugin:80 - create IPUIPlugin
2025-08-23 14:04:57,278 [INFO] IPUIPlugin:80 - create IPUIPlugin
2025-08-23 14:04:57,278 [INFO] IPUIPlugin:80 - create IPUIPlugin
2025-08-23 14:04:57,278 [INFO] IPUIPlugin:80 - create IPUIPlugin
2025-08-23 14:04:57,279 [INFO] IPUIPlugin:80 - create IPUIPlugin
2025-08-23 14:04:57,279 [INFO] IPUIPlugin:80 - create IPUIPlugin
2025-08-23 14:04:57,279 [INFO] IPUIPlugin:80 - create IPUIPlugin
2025-08-23 14:04:57,279 [INFO] IPUIPlugin:80 - create IPUIPlugin
2025-08-23 14:04:57,279 [INFO] IPUIPlugin:80 - create IPUIPlugin
2025-08-23 14:04:57,279 [INFO] IPUIPlugin:80 - create IPUIPlugin
2025-08-23 14:04:57,280 [INFO] IPUIPlugin:80 - create IPUIPlugin
2025-08-23 14:04:57,280 [INFO] IPUIPlugin:80 - create IPUIPlugin
2025-08-23 14:04:57,280 [INFO] IPUIPlugin:80 - create IPUIPlugin
2025-08-23 14:04:57,280 [INFO] IPUIPlugin:80 - create IPUIPlugin
2025-08-23 14:04:57,280 [INFO] IPUIPlugin:80 - create IPUIPlugin
2025-08-23 14:04:57,280 [INFO] IPUIPlugin:80 - create IPUIPlugin
2025-08-23 14:04:57,281 [INFO] IPUIPlugin:80 - create IPUIPlugin
2025-08-23 14:04:57,281 [INFO] IPUIPlugin:80 - create IPUIPlugin
2025-08-23 14:04:57,281 [INFO] IPUIPlugin:80 - create IPUIPlugin
2025-08-23 14:04:57,281 [INFO] IPUIPlugin:80 - create IPUIPlugin
2025-08-23 14:04:57,281 [INFO] IPUIPlugin:80 - create IPUIPlugin
2025-08-23 14:04:57,281 [INFO] IPUIPlugin:80 - create IPUIPlugin
2025-08-23 14:04:57,282 [INFO] IPUIPlugin:80 - create IPUIPlugin
2025-08-23 14:04:57,282 [INFO] IPUIPlugin:80 - create IPUIPlugin
2025-08-23 14:04:57,282 [INFO] IPUIPlugin:80 - create IPUIPlugin
2025-08-23 14:04:57,283 [INFO] IPUIPlugin:80 - create IPUIPlugin
2025-08-23 14:04:57,283 [INFO] IPUIPlugin:80 - create IPUIPlugin
2025-08-23 14:04:57,284 [INFO] IPUIPlugin:80 - create IPUIPlugin
2025-08-23 14:04:57,284 [INFO] IPUIPlugin:80 - create IPUIPlugin
2025-08-23 14:04:57,284 [INFO] IPUIPlugin:80 - create IPUIPlugin
2025-08-23 14:04:57,286 [INFO] IPUIPlugin:80 - create IPUIPlugin
2025-08-23 14:04:57,286 [INFO] IPUIPlugin:80 - create IPUIPlugin
2025-08-23 14:04:57,287 [INFO] IPUIPlugin:80 - create IPUIPlugin
2025-08-23 14:04:57,287 [INFO] IPUIPlugin:80 - create IPUIPlugin
2025-08-23 14:04:57,287 [INFO] IPUIPlugin:80 - create IPUIPlugin
2025-08-23 14:04:57,288 [INFO] IPUIPlugin:80 - create IPUIPlugin
2025-08-23 14:04:57,314 [INFO] ApiDbMcu:532 - Load IP Config File for PDM2PCM_M7
2025-08-23 14:04:57,317 [INFO] ApiDbMcu:532 - Load IP Config File for PDM2PCM_M4
2025-08-23 14:04:57,458 [INFO] CADModel:165 - CPN selected for project levelSTM32H745ZIT3
2025-08-23 14:04:57,458 [INFO] CADModel:114 - Register for checkConnection events
2025-08-23 14:04:57,507 [INFO] OpenFileManager:386 - Restore cursor
2025-08-23 14:04:57,599 [ERROR] LogOutputStream:75 - [STDERR_REDIRECT] [Fatal Error] :1:1: Premature end of file.
2025-08-23 14:04:57,599 [ERROR] LogOutputStream:75 - [STDERR_REDIRECT] 
2025-08-23 14:04:58,189 [INFO] UtilMem:75 - End SaveConfig() Used Memory: 971833944 Bytes (1073741824)
2025-08-23 14:04:58,600 [ERROR] LogOutputStream:75 - [STDERR_REDIRECT] [Fatal Error] :1:1: Premature end of file.
2025-08-23 14:04:58,600 [ERROR] LogOutputStream:75 - [STDERR_REDIRECT] 
2025-08-23 14:04:59,078 [ERROR] IocParser:95 - Exception caught: Cannot invoke "java.lang.CharSequence.length()" because "this.text" is null
2025-08-23 14:04:59,615 [ERROR] LogOutputStream:75 - [STDERR_REDIRECT] [Fatal Error] :1:1: Premature end of file.
2025-08-23 14:04:59,616 [ERROR] LogOutputStream:75 - [STDERR_REDIRECT] 
2025-08-23 14:05:00,607 [ERROR] LogOutputStream:75 - [STDERR_REDIRECT] [Fatal Error] :1:1: Premature end of file.
2025-08-23 14:05:00,607 [ERROR] LogOutputStream:75 - [STDERR_REDIRECT] 
2025-08-23 14:05:01,599 [ERROR] LogOutputStream:75 - [STDERR_REDIRECT] [Fatal Error] :1:1: Premature end of file.
2025-08-23 14:05:01,599 [ERROR] LogOutputStream:75 - [STDERR_REDIRECT] 
2025-08-23 14:05:01,694 [INFO] McuFinderGlobals:76 - Set McuFinderConnectedMode to true
2025-08-23 14:05:01,697 [INFO] ApiDb:448 - Save user favorites file C:\Users\sumey/.stm32cubeide/favorites.mcus.txt: 1 item(s)
2025-08-23 14:05:01,697 [INFO] ApiDb:452 - User favorites MCUs=[STM32F103C6T6A]
2025-08-23 14:05:01,698 [INFO] ApiDb:448 - Save user favorites file C:\Users\sumey/.stm32cubeide/favorites.boards.txt: 1 item(s)
2025-08-23 14:05:01,698 [INFO] ApiDb:452 - User favorites Boards=[NUCLEO-H745ZI-Q]
2025-08-23 14:05:02,593 [ERROR] LogOutputStream:75 - [STDERR_REDIRECT] [Fatal Error] :1:1: Premature end of file.
2025-08-23 14:05:02,594 [ERROR] LogOutputStream:75 - [STDERR_REDIRECT] 
2025-08-23 14:05:03,594 [ERROR] LogOutputStream:75 - [STDERR_REDIRECT] [Fatal Error] :1:1: Premature end of file.
2025-08-23 14:05:03,594 [ERROR] LogOutputStream:75 - [STDERR_REDIRECT] 
2025-08-23 14:05:04,602 [ERROR] LogOutputStream:75 - [STDERR_REDIRECT] [Fatal Error] :1:1: Premature end of file.
2025-08-23 14:05:04,602 [ERROR] LogOutputStream:75 - [STDERR_REDIRECT] 
2025-08-23 14:05:05,594 [ERROR] LogOutputStream:75 - [STDERR_REDIRECT] [Fatal Error] :1:1: Premature end of file.
2025-08-23 14:05:05,594 [ERROR] LogOutputStream:75 - [STDERR_REDIRECT] 
2025-08-23 14:05:06,603 [ERROR] LogOutputStream:75 - [STDERR_REDIRECT] [Fatal Error] :1:1: Premature end of file.
2025-08-23 14:05:06,603 [ERROR] LogOutputStream:75 - [STDERR_REDIRECT] 
2025-08-23 14:05:07,598 [ERROR] LogOutputStream:75 - [STDERR_REDIRECT] [Fatal Error] :1:1: Premature end of file.
2025-08-23 14:05:07,598 [ERROR] LogOutputStream:75 - [STDERR_REDIRECT] 
2025-08-23 14:05:08,606 [ERROR] LogOutputStream:75 - [STDERR_REDIRECT] [Fatal Error] :1:1: Premature end of file.
2025-08-23 14:05:08,606 [ERROR] LogOutputStream:75 - [STDERR_REDIRECT] 
2025-08-23 14:05:09,596 [ERROR] LogOutputStream:75 - [STDERR_REDIRECT] [Fatal Error] :1:1: Premature end of file.
2025-08-23 14:05:09,596 [ERROR] LogOutputStream:75 - [STDERR_REDIRECT] 
2025-08-23 14:05:10,601 [ERROR] LogOutputStream:75 - [STDERR_REDIRECT] [Fatal Error] :1:1: Premature end of file.
2025-08-23 14:05:10,602 [ERROR] LogOutputStream:75 - [STDERR_REDIRECT] 
2025-08-23 14:05:11,606 [ERROR] LogOutputStream:75 - [STDERR_REDIRECT] [Fatal Error] :1:1: Premature end of file.
2025-08-23 14:05:11,606 [ERROR] LogOutputStream:75 - [STDERR_REDIRECT] 
2025-08-23 14:05:12,593 [ERROR] LogOutputStream:75 - [STDERR_REDIRECT] [Fatal Error] :1:1: Premature end of file.
2025-08-23 14:05:12,593 [ERROR] LogOutputStream:75 - [STDERR_REDIRECT] 
2025-08-23 14:05:13,602 [ERROR] LogOutputStream:75 - [STDERR_REDIRECT] [Fatal Error] :1:1: Premature end of file.
2025-08-23 14:05:13,602 [ERROR] LogOutputStream:75 - [STDERR_REDIRECT] 
2025-08-23 14:05:14,609 [ERROR] LogOutputStream:75 - [STDERR_REDIRECT] [Fatal Error] :1:1: Premature end of file.
2025-08-23 14:05:14,609 [ERROR] LogOutputStream:75 - [STDERR_REDIRECT] 
2025-08-23 14:05:15,607 [ERROR] LogOutputStream:75 - [STDERR_REDIRECT] [Fatal Error] :1:1: Premature end of file.
2025-08-23 14:05:15,607 [ERROR] LogOutputStream:75 - [STDERR_REDIRECT] 
2025-08-23 14:05:16,605 [ERROR] LogOutputStream:75 - [STDERR_REDIRECT] [Fatal Error] :1:1: Premature end of file.
2025-08-23 14:05:16,605 [ERROR] LogOutputStream:75 - [STDERR_REDIRECT] 
2025-08-23 14:05:17,607 [ERROR] LogOutputStream:75 - [STDERR_REDIRECT] [Fatal Error] :1:1: Premature end of file.
2025-08-23 14:05:17,607 [ERROR] LogOutputStream:75 - [STDERR_REDIRECT] 
2025-08-23 14:05:18,594 [ERROR] LogOutputStream:75 - [STDERR_REDIRECT] [Fatal Error] :1:1: Premature end of file.
2025-08-23 14:05:18,594 [ERROR] LogOutputStream:75 - [STDERR_REDIRECT] 
2025-08-23 14:05:19,608 [ERROR] LogOutputStream:75 - [STDERR_REDIRECT] [Fatal Error] :1:1: Premature end of file.
2025-08-23 14:05:19,608 [ERROR] LogOutputStream:75 - [STDERR_REDIRECT] 
2025-08-23 14:05:20,606 [ERROR] LogOutputStream:75 - [STDERR_REDIRECT] [Fatal Error] :1:1: Premature end of file.
2025-08-23 14:05:20,606 [ERROR] LogOutputStream:75 - [STDERR_REDIRECT] 
2025-08-23 14:05:21,612 [ERROR] LogOutputStream:75 - [STDERR_REDIRECT] [Fatal Error] :1:1: Premature end of file.
2025-08-23 14:05:21,612 [ERROR] LogOutputStream:75 - [STDERR_REDIRECT] 
2025-08-23 14:05:22,603 [ERROR] LogOutputStream:75 - [STDERR_REDIRECT] [Fatal Error] :1:1: Premature end of file.
2025-08-23 14:05:22,603 [ERROR] LogOutputStream:75 - [STDERR_REDIRECT] 
2025-08-23 14:05:23,601 [ERROR] LogOutputStream:75 - [STDERR_REDIRECT] [Fatal Error] :1:1: Premature end of file.
2025-08-23 14:05:23,601 [ERROR] LogOutputStream:75 - [STDERR_REDIRECT] 
2025-08-23 14:05:24,608 [ERROR] LogOutputStream:75 - [STDERR_REDIRECT] [Fatal Error] :1:1: Premature end of file.
2025-08-23 14:05:24,608 [ERROR] LogOutputStream:75 - [STDERR_REDIRECT] 
2025-08-23 14:05:25,613 [ERROR] LogOutputStream:75 - [STDERR_REDIRECT] [Fatal Error] :1:1: Premature end of file.
2025-08-23 14:05:25,613 [ERROR] LogOutputStream:75 - [STDERR_REDIRECT] 
2025-08-23 14:05:26,600 [ERROR] LogOutputStream:75 - [STDERR_REDIRECT] [Fatal Error] :1:1: Premature end of file.
2025-08-23 14:05:26,600 [ERROR] LogOutputStream:75 - [STDERR_REDIRECT] 
2025-08-23 14:05:27,603 [ERROR] LogOutputStream:75 - [STDERR_REDIRECT] [Fatal Error] :1:1: Premature end of file.
2025-08-23 14:05:27,603 [ERROR] LogOutputStream:75 - [STDERR_REDIRECT] 
2025-08-23 14:05:28,612 [ERROR] LogOutputStream:75 - [STDERR_REDIRECT] [Fatal Error] :1:1: Premature end of file.
2025-08-23 14:05:28,612 [ERROR] LogOutputStream:75 - [STDERR_REDIRECT] 
2025-08-23 14:05:29,598 [ERROR] LogOutputStream:75 - [STDERR_REDIRECT] [Fatal Error] :1:1: Premature end of file.
2025-08-23 14:05:29,599 [ERROR] LogOutputStream:75 - [STDERR_REDIRECT] 
2025-08-23 14:05:30,612 [ERROR] LogOutputStream:75 - [STDERR_REDIRECT] [Fatal Error] :1:1: Premature end of file.
2025-08-23 14:05:30,612 [ERROR] LogOutputStream:75 - [STDERR_REDIRECT] 
2025-08-23 14:05:31,608 [ERROR] LogOutputStream:75 - [STDERR_REDIRECT] [Fatal Error] :1:1: Premature end of file.
2025-08-23 14:05:31,609 [ERROR] LogOutputStream:75 - [STDERR_REDIRECT] 
2025-08-23 14:05:32,612 [ERROR] LogOutputStream:75 - [STDERR_REDIRECT] [Fatal Error] :1:1: Premature end of file.
2025-08-23 14:05:32,612 [ERROR] LogOutputStream:75 - [STDERR_REDIRECT] 
2025-08-23 14:05:33,609 [ERROR] LogOutputStream:75 - [STDERR_REDIRECT] [Fatal Error] :1:1: Premature end of file.
2025-08-23 14:05:33,609 [ERROR] LogOutputStream:75 - [STDERR_REDIRECT] 
2025-08-23 14:05:34,610 [ERROR] LogOutputStream:75 - [STDERR_REDIRECT] [Fatal Error] :1:1: Premature end of file.
2025-08-23 14:05:34,610 [ERROR] LogOutputStream:75 - [STDERR_REDIRECT] 
2025-08-23 14:05:35,609 [ERROR] LogOutputStream:75 - [STDERR_REDIRECT] [Fatal Error] :1:1: Premature end of file.
2025-08-23 14:05:35,609 [ERROR] LogOutputStream:75 - [STDERR_REDIRECT] 
2025-08-23 14:05:36,610 [ERROR] LogOutputStream:75 - [STDERR_REDIRECT] [Fatal Error] :1:1: Premature end of file.
2025-08-23 14:05:36,610 [ERROR] LogOutputStream:75 - [STDERR_REDIRECT] 
2025-08-23 14:05:37,603 [ERROR] LogOutputStream:75 - [STDERR_REDIRECT] [Fatal Error] :1:1: Premature end of file.
2025-08-23 14:05:37,603 [ERROR] LogOutputStream:75 - [STDERR_REDIRECT] 
2025-08-23 14:05:38,599 [ERROR] LogOutputStream:75 - [STDERR_REDIRECT] [Fatal Error] :1:1: Premature end of file.
2025-08-23 14:05:38,599 [ERROR] LogOutputStream:75 - [STDERR_REDIRECT] 
2025-08-23 14:05:39,599 [ERROR] LogOutputStream:75 - [STDERR_REDIRECT] [Fatal Error] :1:1: Premature end of file.
2025-08-23 14:05:39,599 [ERROR] LogOutputStream:75 - [STDERR_REDIRECT] 
2025-08-23 14:05:40,612 [ERROR] LogOutputStream:75 - [STDERR_REDIRECT] [Fatal Error] :1:1: Premature end of file.
2025-08-23 14:05:40,612 [ERROR] LogOutputStream:75 - [STDERR_REDIRECT] 
2025-08-23 14:05:41,606 [ERROR] LogOutputStream:75 - [STDERR_REDIRECT] [Fatal Error] :1:1: Premature end of file.
2025-08-23 14:05:41,607 [ERROR] LogOutputStream:75 - [STDERR_REDIRECT] 
2025-08-23 14:05:42,607 [ERROR] LogOutputStream:75 - [STDERR_REDIRECT] [Fatal Error] :1:1: Premature end of file.
2025-08-23 14:05:42,608 [ERROR] LogOutputStream:75 - [STDERR_REDIRECT] 
2025-08-23 14:05:43,596 [ERROR] LogOutputStream:75 - [STDERR_REDIRECT] [Fatal Error] :1:1: Premature end of file.
2025-08-23 14:05:43,596 [ERROR] LogOutputStream:75 - [STDERR_REDIRECT] 
2025-08-23 14:05:44,613 [ERROR] LogOutputStream:75 - [STDERR_REDIRECT] [Fatal Error] :1:1: Premature end of file.
2025-08-23 14:05:44,614 [ERROR] LogOutputStream:75 - [STDERR_REDIRECT] 
2025-08-23 14:05:45,609 [ERROR] LogOutputStream:75 - [STDERR_REDIRECT] [Fatal Error] :1:1: Premature end of file.
2025-08-23 14:05:45,609 [ERROR] LogOutputStream:75 - [STDERR_REDIRECT] 
2025-08-23 14:05:46,612 [ERROR] LogOutputStream:75 - [STDERR_REDIRECT] [Fatal Error] :1:1: Premature end of file.
2025-08-23 14:05:46,612 [ERROR] LogOutputStream:75 - [STDERR_REDIRECT] 
2025-08-23 14:05:47,609 [ERROR] LogOutputStream:75 - [STDERR_REDIRECT] [Fatal Error] :1:1: Premature end of file.
2025-08-23 14:05:47,609 [ERROR] LogOutputStream:75 - [STDERR_REDIRECT] 
2025-08-23 14:05:48,613 [ERROR] LogOutputStream:75 - [STDERR_REDIRECT] [Fatal Error] :1:1: Premature end of file.
2025-08-23 14:05:48,613 [ERROR] LogOutputStream:75 - [STDERR_REDIRECT] 
2025-08-23 14:05:49,608 [ERROR] LogOutputStream:75 - [STDERR_REDIRECT] [Fatal Error] :1:1: Premature end of file.
2025-08-23 14:05:49,608 [ERROR] LogOutputStream:75 - [STDERR_REDIRECT] 
2025-08-23 14:05:50,612 [ERROR] LogOutputStream:75 - [STDERR_REDIRECT] [Fatal Error] :1:1: Premature end of file.
2025-08-23 14:05:50,612 [ERROR] LogOutputStream:75 - [STDERR_REDIRECT] 
2025-08-23 14:05:51,614 [ERROR] LogOutputStream:75 - [STDERR_REDIRECT] [Fatal Error] :1:1: Premature end of file.
2025-08-23 14:05:51,614 [ERROR] LogOutputStream:75 - [STDERR_REDIRECT] 
2025-08-23 14:05:52,600 [ERROR] LogOutputStream:75 - [STDERR_REDIRECT] [Fatal Error] :1:1: Premature end of file.
2025-08-23 14:05:52,600 [ERROR] LogOutputStream:75 - [STDERR_REDIRECT] 
2025-08-23 14:05:53,607 [ERROR] LogOutputStream:75 - [STDERR_REDIRECT] [Fatal Error] :1:1: Premature end of file.
2025-08-23 14:05:53,607 [ERROR] LogOutputStream:75 - [STDERR_REDIRECT] 
2025-08-23 14:05:54,608 [ERROR] LogOutputStream:75 - [STDERR_REDIRECT] [Fatal Error] :1:1: Premature end of file.
2025-08-23 14:05:54,608 [ERROR] LogOutputStream:75 - [STDERR_REDIRECT] 
2025-08-23 14:05:55,608 [ERROR] LogOutputStream:75 - [STDERR_REDIRECT] [Fatal Error] :1:1: Premature end of file.
2025-08-23 14:05:55,608 [ERROR] LogOutputStream:75 - [STDERR_REDIRECT] 
2025-08-23 14:05:56,597 [ERROR] LogOutputStream:75 - [STDERR_REDIRECT] [Fatal Error] :1:1: Premature end of file.
2025-08-23 14:05:56,598 [ERROR] LogOutputStream:75 - [STDERR_REDIRECT] 
2025-08-23 14:05:57,614 [ERROR] LogOutputStream:75 - [STDERR_REDIRECT] [Fatal Error] :1:1: Premature end of file.
2025-08-23 14:05:57,614 [ERROR] LogOutputStream:75 - [STDERR_REDIRECT] 
2025-08-23 14:05:58,607 [ERROR] LogOutputStream:75 - [STDERR_REDIRECT] [Fatal Error] :1:1: Premature end of file.
2025-08-23 14:05:58,607 [ERROR] LogOutputStream:75 - [STDERR_REDIRECT] 
2025-08-23 14:05:59,601 [ERROR] LogOutputStream:75 - [STDERR_REDIRECT] [Fatal Error] :1:1: Premature end of file.
2025-08-23 14:05:59,601 [ERROR] LogOutputStream:75 - [STDERR_REDIRECT] 
2025-08-23 14:06:00,614 [ERROR] LogOutputStream:75 - [STDERR_REDIRECT] [Fatal Error] :1:1: Premature end of file.
2025-08-23 14:06:00,614 [ERROR] LogOutputStream:75 - [STDERR_REDIRECT] 
2025-08-23 14:06:01,607 [ERROR] LogOutputStream:75 - [STDERR_REDIRECT] [Fatal Error] :1:1: Premature end of file.
2025-08-23 14:06:01,607 [ERROR] LogOutputStream:75 - [STDERR_REDIRECT] 
2025-08-23 14:06:02,572 [INFO] DocFrame:73 - Open Documents window for Board NUCLEO-H745ZI-Q
2025-08-23 14:06:02,575 [INFO] ApiDb:581 - Connected to CubeFinder SQLite database (C:\Users\sumey\.stmcufinder\plugins\mcufinder\mcu\cube-finder-db.db)
2025-08-23 14:06:02,615 [ERROR] LogOutputStream:75 - [STDERR_REDIRECT] [Fatal Error] :1:1: Premature end of file.
2025-08-23 14:06:02,615 [ERROR] LogOutputStream:75 - [STDERR_REDIRECT] 
2025-08-23 14:06:03,593 [ERROR] LogOutputStream:75 - [STDERR_REDIRECT] [Fatal Error] :1:1: Premature end of file.
2025-08-23 14:06:03,594 [ERROR] LogOutputStream:75 - [STDERR_REDIRECT] 
2025-08-23 14:06:04,602 [ERROR] LogOutputStream:75 - [STDERR_REDIRECT] [Fatal Error] :1:1: Premature end of file.
2025-08-23 14:06:04,603 [ERROR] LogOutputStream:75 - [STDERR_REDIRECT] 
2025-08-23 14:06:05,598 [ERROR] LogOutputStream:75 - [STDERR_REDIRECT] [Fatal Error] :1:1: Premature end of file.
2025-08-23 14:06:05,598 [ERROR] LogOutputStream:75 - [STDERR_REDIRECT] 
2025-08-23 14:06:06,603 [ERROR] LogOutputStream:75 - [STDERR_REDIRECT] [Fatal Error] :1:1: Premature end of file.
2025-08-23 14:06:06,603 [ERROR] LogOutputStream:75 - [STDERR_REDIRECT] 
2025-08-23 14:06:07,592 [ERROR] LogOutputStream:75 - [STDERR_REDIRECT] [Fatal Error] :1:1: Premature end of file.
2025-08-23 14:06:07,592 [ERROR] LogOutputStream:75 - [STDERR_REDIRECT] 
2025-08-23 14:06:08,592 [ERROR] LogOutputStream:75 - [STDERR_REDIRECT] [Fatal Error] :1:1: Premature end of file.
2025-08-23 14:06:08,592 [ERROR] LogOutputStream:75 - [STDERR_REDIRECT] 
2025-08-23 14:06:09,593 [ERROR] LogOutputStream:75 - [STDERR_REDIRECT] [Fatal Error] :1:1: Premature end of file.
2025-08-23 14:06:09,593 [ERROR] LogOutputStream:75 - [STDERR_REDIRECT] 
2025-08-23 14:06:10,611 [ERROR] LogOutputStream:75 - [STDERR_REDIRECT] [Fatal Error] :1:1: Premature end of file.
2025-08-23 14:06:10,611 [ERROR] LogOutputStream:75 - [STDERR_REDIRECT] 
2025-08-23 14:06:11,609 [ERROR] LogOutputStream:75 - [STDERR_REDIRECT] [Fatal Error] :1:1: Premature end of file.
2025-08-23 14:06:11,610 [ERROR] LogOutputStream:75 - [STDERR_REDIRECT] 
2025-08-23 14:06:12,610 [ERROR] LogOutputStream:75 - [STDERR_REDIRECT] [Fatal Error] :1:1: Premature end of file.
2025-08-23 14:06:12,611 [ERROR] LogOutputStream:75 - [STDERR_REDIRECT] 
2025-08-23 14:06:13,608 [ERROR] LogOutputStream:75 - [STDERR_REDIRECT] [Fatal Error] :1:1: Premature end of file.
2025-08-23 14:06:13,608 [ERROR] LogOutputStream:75 - [STDERR_REDIRECT] 
2025-08-23 14:06:13,653 [INFO] MainUpdater:2872 - connection check result : 10
2025-08-23 14:06:14,096 [INFO] CheckServerUpdateThread:120 - End of CheckServer Thread
2025-08-23 14:06:14,601 [ERROR] LogOutputStream:75 - [STDERR_REDIRECT] [Fatal Error] :1:1: Premature end of file.
2025-08-23 14:06:14,601 [ERROR] LogOutputStream:75 - [STDERR_REDIRECT] 
2025-08-23 14:06:15,608 [ERROR] LogOutputStream:75 - [STDERR_REDIRECT] [Fatal Error] :1:1: Premature end of file.
2025-08-23 14:06:15,608 [ERROR] LogOutputStream:75 - [STDERR_REDIRECT] 
2025-08-23 14:06:16,596 [ERROR] LogOutputStream:75 - [STDERR_REDIRECT] [Fatal Error] :1:1: Premature end of file.
2025-08-23 14:06:16,597 [ERROR] LogOutputStream:75 - [STDERR_REDIRECT] 
2025-08-23 14:06:17,605 [ERROR] LogOutputStream:75 - [STDERR_REDIRECT] [Fatal Error] :1:1: Premature end of file.
2025-08-23 14:06:17,606 [ERROR] LogOutputStream:75 - [STDERR_REDIRECT] 
2025-08-23 14:06:18,609 [ERROR] LogOutputStream:75 - [STDERR_REDIRECT] [Fatal Error] :1:1: Premature end of file.
2025-08-23 14:06:18,609 [ERROR] LogOutputStream:75 - [STDERR_REDIRECT] 
2025-08-23 14:06:19,612 [ERROR] LogOutputStream:75 - [STDERR_REDIRECT] [Fatal Error] :1:1: Premature end of file.
2025-08-23 14:06:19,612 [ERROR] LogOutputStream:75 - [STDERR_REDIRECT] 
2025-08-23 14:06:20,608 [ERROR] LogOutputStream:75 - [STDERR_REDIRECT] [Fatal Error] :1:1: Premature end of file.
2025-08-23 14:06:20,608 [ERROR] LogOutputStream:75 - [STDERR_REDIRECT] 
2025-08-23 14:06:21,595 [ERROR] LogOutputStream:75 - [STDERR_REDIRECT] [Fatal Error] :1:1: Premature end of file.
2025-08-23 14:06:21,595 [ERROR] LogOutputStream:75 - [STDERR_REDIRECT] 
2025-08-23 14:06:22,609 [ERROR] LogOutputStream:75 - [STDERR_REDIRECT] [Fatal Error] :1:1: Premature end of file.
2025-08-23 14:06:22,609 [ERROR] LogOutputStream:75 - [STDERR_REDIRECT] 
2025-08-23 14:06:23,605 [ERROR] LogOutputStream:75 - [STDERR_REDIRECT] [Fatal Error] :1:1: Premature end of file.
2025-08-23 14:06:23,605 [ERROR] LogOutputStream:75 - [STDERR_REDIRECT] 
2025-08-23 14:06:24,606 [ERROR] LogOutputStream:75 - [STDERR_REDIRECT] [Fatal Error] :1:1: Premature end of file.
2025-08-23 14:06:24,606 [ERROR] LogOutputStream:75 - [STDERR_REDIRECT] 
2025-08-23 14:06:25,610 [ERROR] LogOutputStream:75 - [STDERR_REDIRECT] [Fatal Error] :1:1: Premature end of file.
2025-08-23 14:06:25,610 [ERROR] LogOutputStream:75 - [STDERR_REDIRECT] 
2025-08-23 14:06:26,595 [ERROR] LogOutputStream:75 - [STDERR_REDIRECT] [Fatal Error] :1:1: Premature end of file.
2025-08-23 14:06:26,595 [ERROR] LogOutputStream:75 - [STDERR_REDIRECT] 
2025-08-23 14:06:27,607 [ERROR] LogOutputStream:75 - [STDERR_REDIRECT] [Fatal Error] :1:1: Premature end of file.
2025-08-23 14:06:27,607 [ERROR] LogOutputStream:75 - [STDERR_REDIRECT] 
2025-08-23 14:06:28,607 [ERROR] LogOutputStream:75 - [STDERR_REDIRECT] [Fatal Error] :1:1: Premature end of file.
2025-08-23 14:06:28,607 [ERROR] LogOutputStream:75 - [STDERR_REDIRECT] 
2025-08-23 14:06:29,608 [ERROR] LogOutputStream:75 - [STDERR_REDIRECT] [Fatal Error] :1:1: Premature end of file.
2025-08-23 14:06:29,608 [ERROR] LogOutputStream:75 - [STDERR_REDIRECT] 
2025-08-23 14:06:30,608 [ERROR] LogOutputStream:75 - [STDERR_REDIRECT] [Fatal Error] :1:1: Premature end of file.
2025-08-23 14:06:30,608 [ERROR] LogOutputStream:75 - [STDERR_REDIRECT] 
2025-08-23 14:06:31,613 [ERROR] LogOutputStream:75 - [STDERR_REDIRECT] [Fatal Error] :1:1: Premature end of file.
2025-08-23 14:06:31,613 [ERROR] LogOutputStream:75 - [STDERR_REDIRECT] 
2025-08-23 14:06:32,602 [ERROR] LogOutputStream:75 - [STDERR_REDIRECT] [Fatal Error] :1:1: Premature end of file.
2025-08-23 14:06:32,602 [ERROR] LogOutputStream:75 - [STDERR_REDIRECT] 
2025-08-23 14:06:33,602 [ERROR] LogOutputStream:75 - [STDERR_REDIRECT] [Fatal Error] :1:1: Premature end of file.
2025-08-23 14:06:33,603 [ERROR] LogOutputStream:75 - [STDERR_REDIRECT] 
2025-08-23 14:06:34,598 [ERROR] LogOutputStream:75 - [STDERR_REDIRECT] [Fatal Error] :1:1: Premature end of file.
2025-08-23 14:06:34,599 [ERROR] LogOutputStream:75 - [STDERR_REDIRECT] 
2025-08-23 14:06:35,600 [ERROR] LogOutputStream:75 - [STDERR_REDIRECT] [Fatal Error] :1:1: Premature end of file.
2025-08-23 14:06:35,600 [ERROR] LogOutputStream:75 - [STDERR_REDIRECT] 
2025-08-23 14:06:36,600 [ERROR] LogOutputStream:75 - [STDERR_REDIRECT] [Fatal Error] :1:1: Premature end of file.
2025-08-23 14:06:36,600 [ERROR] LogOutputStream:75 - [STDERR_REDIRECT] 
2025-08-23 14:06:37,598 [ERROR] LogOutputStream:75 - [STDERR_REDIRECT] [Fatal Error] :1:1: Premature end of file.
2025-08-23 14:06:37,598 [ERROR] LogOutputStream:75 - [STDERR_REDIRECT] 
2025-08-23 14:06:38,599 [ERROR] LogOutputStream:75 - [STDERR_REDIRECT] [Fatal Error] :1:1: Premature end of file.
2025-08-23 14:06:38,599 [ERROR] LogOutputStream:75 - [STDERR_REDIRECT] 
2025-08-23 14:06:39,615 [ERROR] LogOutputStream:75 - [STDERR_REDIRECT] [Fatal Error] :1:1: Premature end of file.
2025-08-23 14:06:39,615 [ERROR] LogOutputStream:75 - [STDERR_REDIRECT] 
2025-08-23 14:06:40,599 [ERROR] LogOutputStream:75 - [STDERR_REDIRECT] [Fatal Error] :1:1: Premature end of file.
2025-08-23 14:06:40,600 [ERROR] LogOutputStream:75 - [STDERR_REDIRECT] 
2025-08-23 14:06:41,598 [ERROR] LogOutputStream:75 - [STDERR_REDIRECT] [Fatal Error] :1:1: Premature end of file.
2025-08-23 14:06:41,598 [ERROR] LogOutputStream:75 - [STDERR_REDIRECT] 
2025-08-23 14:06:42,593 [ERROR] LogOutputStream:75 - [STDERR_REDIRECT] [Fatal Error] :1:1: Premature end of file.
2025-08-23 14:06:42,593 [ERROR] LogOutputStream:75 - [STDERR_REDIRECT] 
2025-08-23 14:06:43,603 [ERROR] LogOutputStream:75 - [STDERR_REDIRECT] [Fatal Error] :1:1: Premature end of file.
2025-08-23 14:06:43,604 [ERROR] LogOutputStream:75 - [STDERR_REDIRECT] 
2025-08-23 14:06:44,594 [ERROR] LogOutputStream:75 - [STDERR_REDIRECT] [Fatal Error] :1:1: Premature end of file.
2025-08-23 14:06:44,594 [ERROR] LogOutputStream:75 - [STDERR_REDIRECT] 
2025-08-23 14:06:45,593 [ERROR] LogOutputStream:75 - [STDERR_REDIRECT] [Fatal Error] :1:1: Premature end of file.
2025-08-23 14:06:45,593 [ERROR] LogOutputStream:75 - [STDERR_REDIRECT] 
2025-08-23 14:06:46,598 [ERROR] LogOutputStream:75 - [STDERR_REDIRECT] [Fatal Error] :1:1: Premature end of file.
2025-08-23 14:06:46,598 [ERROR] LogOutputStream:75 - [STDERR_REDIRECT] 
2025-08-23 14:06:47,599 [ERROR] LogOutputStream:75 - [STDERR_REDIRECT] [Fatal Error] :1:1: Premature end of file.
2025-08-23 14:06:47,600 [ERROR] LogOutputStream:75 - [STDERR_REDIRECT] 
2025-08-23 14:06:48,605 [ERROR] LogOutputStream:75 - [STDERR_REDIRECT] [Fatal Error] :1:1: Premature end of file.
2025-08-23 14:06:48,606 [ERROR] LogOutputStream:75 - [STDERR_REDIRECT] 
2025-08-23 14:06:49,596 [ERROR] LogOutputStream:75 - [STDERR_REDIRECT] [Fatal Error] :1:1: Premature end of file.
2025-08-23 14:06:49,597 [ERROR] LogOutputStream:75 - [STDERR_REDIRECT] 
2025-08-23 14:06:50,602 [ERROR] LogOutputStream:75 - [STDERR_REDIRECT] [Fatal Error] :1:1: Premature end of file.
2025-08-23 14:06:50,602 [ERROR] LogOutputStream:75 - [STDERR_REDIRECT] 
2025-08-23 14:06:51,611 [ERROR] LogOutputStream:75 - [STDERR_REDIRECT] [Fatal Error] :1:1: Premature end of file.
2025-08-23 14:06:51,611 [ERROR] LogOutputStream:75 - [STDERR_REDIRECT] 
2025-08-23 14:06:52,596 [ERROR] LogOutputStream:75 - [STDERR_REDIRECT] [Fatal Error] :1:1: Premature end of file.
2025-08-23 14:06:52,596 [ERROR] LogOutputStream:75 - [STDERR_REDIRECT] 
2025-08-23 14:06:53,604 [ERROR] LogOutputStream:75 - [STDERR_REDIRECT] [Fatal Error] :1:1: Premature end of file.
2025-08-23 14:06:53,604 [ERROR] LogOutputStream:75 - [STDERR_REDIRECT] 
2025-08-23 14:06:54,603 [ERROR] LogOutputStream:75 - [STDERR_REDIRECT] [Fatal Error] :1:1: Premature end of file.
2025-08-23 14:06:54,603 [ERROR] LogOutputStream:75 - [STDERR_REDIRECT] 
2025-08-23 14:06:55,604 [ERROR] LogOutputStream:75 - [STDERR_REDIRECT] [Fatal Error] :1:1: Premature end of file.
2025-08-23 14:06:55,604 [ERROR] LogOutputStream:75 - [STDERR_REDIRECT] 
2025-08-23 14:06:56,595 [ERROR] LogOutputStream:75 - [STDERR_REDIRECT] [Fatal Error] :1:1: Premature end of file.
2025-08-23 14:06:56,595 [ERROR] LogOutputStream:75 - [STDERR_REDIRECT] 
2025-08-23 14:06:57,597 [ERROR] LogOutputStream:75 - [STDERR_REDIRECT] [Fatal Error] :1:1: Premature end of file.
2025-08-23 14:06:57,597 [ERROR] LogOutputStream:75 - [STDERR_REDIRECT] 
2025-08-23 14:06:58,592 [ERROR] LogOutputStream:75 - [STDERR_REDIRECT] [Fatal Error] :1:1: Premature end of file.
2025-08-23 14:06:58,592 [ERROR] LogOutputStream:75 - [STDERR_REDIRECT] 
2025-08-23 14:06:59,596 [ERROR] LogOutputStream:75 - [STDERR_REDIRECT] [Fatal Error] :1:1: Premature end of file.
2025-08-23 14:06:59,596 [ERROR] LogOutputStream:75 - [STDERR_REDIRECT] 
2025-08-23 14:07:00,592 [ERROR] LogOutputStream:75 - [STDERR_REDIRECT] [Fatal Error] :1:1: Premature end of file.
2025-08-23 14:07:00,592 [ERROR] LogOutputStream:75 - [STDERR_REDIRECT] 
2025-08-23 14:07:01,594 [ERROR] LogOutputStream:75 - [STDERR_REDIRECT] [Fatal Error] :1:1: Premature end of file.
2025-08-23 14:07:01,595 [ERROR] LogOutputStream:75 - [STDERR_REDIRECT] 
2025-08-23 14:07:02,608 [ERROR] LogOutputStream:75 - [STDERR_REDIRECT] [Fatal Error] :1:1: Premature end of file.
2025-08-23 14:07:02,608 [ERROR] LogOutputStream:75 - [STDERR_REDIRECT] 
2025-08-23 14:07:03,606 [ERROR] LogOutputStream:75 - [STDERR_REDIRECT] [Fatal Error] :1:1: Premature end of file.
2025-08-23 14:07:03,606 [ERROR] LogOutputStream:75 - [STDERR_REDIRECT] 
2025-08-23 14:07:04,594 [ERROR] LogOutputStream:75 - [STDERR_REDIRECT] [Fatal Error] :1:1: Premature end of file.
2025-08-23 14:07:04,594 [ERROR] LogOutputStream:75 - [STDERR_REDIRECT] 
2025-08-23 14:07:05,596 [ERROR] LogOutputStream:75 - [STDERR_REDIRECT] [Fatal Error] :1:1: Premature end of file.
2025-08-23 14:07:05,596 [ERROR] LogOutputStream:75 - [STDERR_REDIRECT] 
2025-08-23 14:07:06,596 [ERROR] LogOutputStream:75 - [STDERR_REDIRECT] [Fatal Error] :1:1: Premature end of file.
2025-08-23 14:07:06,596 [ERROR] LogOutputStream:75 - [STDERR_REDIRECT] 
2025-08-23 14:07:07,605 [ERROR] LogOutputStream:75 - [STDERR_REDIRECT] [Fatal Error] :1:1: Premature end of file.
2025-08-23 14:07:07,605 [ERROR] LogOutputStream:75 - [STDERR_REDIRECT] 
2025-08-23 14:07:08,595 [ERROR] LogOutputStream:75 - [STDERR_REDIRECT] [Fatal Error] :1:1: Premature end of file.
2025-08-23 14:07:08,595 [ERROR] LogOutputStream:75 - [STDERR_REDIRECT] 
2025-08-23 14:07:09,600 [ERROR] LogOutputStream:75 - [STDERR_REDIRECT] [Fatal Error] :1:1: Premature end of file.
2025-08-23 14:07:09,600 [ERROR] LogOutputStream:75 - [STDERR_REDIRECT] 
2025-08-23 14:07:10,599 [ERROR] LogOutputStream:75 - [STDERR_REDIRECT] [Fatal Error] :1:1: Premature end of file.
2025-08-23 14:07:10,599 [ERROR] LogOutputStream:75 - [STDERR_REDIRECT] 
2025-08-23 14:07:11,602 [ERROR] LogOutputStream:75 - [STDERR_REDIRECT] [Fatal Error] :1:1: Premature end of file.
2025-08-23 14:07:11,603 [ERROR] LogOutputStream:75 - [STDERR_REDIRECT] 
2025-08-23 14:07:12,596 [ERROR] LogOutputStream:75 - [STDERR_REDIRECT] [Fatal Error] :1:1: Premature end of file.
2025-08-23 14:07:12,596 [ERROR] LogOutputStream:75 - [STDERR_REDIRECT] 
2025-08-23 14:07:13,612 [ERROR] LogOutputStream:75 - [STDERR_REDIRECT] [Fatal Error] :1:1: Premature end of file.
2025-08-23 14:07:13,612 [ERROR] LogOutputStream:75 - [STDERR_REDIRECT] 
2025-08-23 14:07:14,600 [ERROR] LogOutputStream:75 - [STDERR_REDIRECT] [Fatal Error] :1:1: Premature end of file.
2025-08-23 14:07:14,600 [ERROR] LogOutputStream:75 - [STDERR_REDIRECT] 
2025-08-23 14:07:15,603 [ERROR] LogOutputStream:75 - [STDERR_REDIRECT] [Fatal Error] :1:1: Premature end of file.
2025-08-23 14:07:15,603 [ERROR] LogOutputStream:75 - [STDERR_REDIRECT] 
2025-08-23 14:07:15,887 [INFO] WebApp:650 - userauth.ini created with success
2025-08-23 14:07:16,129 [INFO] ServerAccessManage:452 - Complete download http(s) 200
2025-08-23 14:07:16,129 [INFO] ServerAccessManage:509 - Download File stm32cube_fw_h7_v1120.zip
2025-08-23 14:07:16,596 [ERROR] LogOutputStream:75 - [STDERR_REDIRECT] [Fatal Error] :1:1: Premature end of file.
2025-08-23 14:07:16,596 [ERROR] LogOutputStream:75 - [STDERR_REDIRECT] 
2025-08-23 14:07:17,594 [ERROR] LogOutputStream:75 - [STDERR_REDIRECT] [Fatal Error] :1:1: Premature end of file.
2025-08-23 14:07:17,594 [ERROR] LogOutputStream:75 - [STDERR_REDIRECT] 
2025-08-23 14:07:18,599 [ERROR] LogOutputStream:75 - [STDERR_REDIRECT] [Fatal Error] :1:1: Premature end of file.
2025-08-23 14:07:18,599 [ERROR] LogOutputStream:75 - [STDERR_REDIRECT] 
2025-08-23 14:07:19,592 [ERROR] LogOutputStream:75 - [STDERR_REDIRECT] [Fatal Error] :1:1: Premature end of file.
2025-08-23 14:07:19,592 [ERROR] LogOutputStream:75 - [STDERR_REDIRECT] 
2025-08-23 14:07:20,593 [ERROR] LogOutputStream:75 - [STDERR_REDIRECT] [Fatal Error] :1:1: Premature end of file.
2025-08-23 14:07:20,593 [ERROR] LogOutputStream:75 - [STDERR_REDIRECT] 
2025-08-23 14:07:21,596 [ERROR] LogOutputStream:75 - [STDERR_REDIRECT] [Fatal Error] :1:1: Premature end of file.
2025-08-23 14:07:21,596 [ERROR] LogOutputStream:75 - [STDERR_REDIRECT] 
2025-08-23 14:07:22,595 [ERROR] LogOutputStream:75 - [STDERR_REDIRECT] [Fatal Error] :1:1: Premature end of file.
2025-08-23 14:07:22,595 [ERROR] LogOutputStream:75 - [STDERR_REDIRECT] 
2025-08-23 14:07:23,596 [ERROR] LogOutputStream:75 - [STDERR_REDIRECT] [Fatal Error] :1:1: Premature end of file.
2025-08-23 14:07:23,596 [ERROR] LogOutputStream:75 - [STDERR_REDIRECT] 
2025-08-23 14:07:24,591 [ERROR] LogOutputStream:75 - [STDERR_REDIRECT] [Fatal Error] :1:1: Premature end of file.
2025-08-23 14:07:24,591 [ERROR] LogOutputStream:75 - [STDERR_REDIRECT] 
2025-08-23 14:07:25,593 [ERROR] LogOutputStream:75 - [STDERR_REDIRECT] [Fatal Error] :1:1: Premature end of file.
2025-08-23 14:07:25,594 [ERROR] LogOutputStream:75 - [STDERR_REDIRECT] 
2025-08-23 14:07:26,593 [ERROR] LogOutputStream:75 - [STDERR_REDIRECT] [Fatal Error] :1:1: Premature end of file.
2025-08-23 14:07:26,593 [ERROR] LogOutputStream:75 - [STDERR_REDIRECT] 
2025-08-23 14:07:27,594 [ERROR] LogOutputStream:75 - [STDERR_REDIRECT] [Fatal Error] :1:1: Premature end of file.
2025-08-23 14:07:27,594 [ERROR] LogOutputStream:75 - [STDERR_REDIRECT] 
2025-08-23 14:07:28,591 [ERROR] LogOutputStream:75 - [STDERR_REDIRECT] [Fatal Error] :1:1: Premature end of file.
2025-08-23 14:07:28,591 [ERROR] LogOutputStream:75 - [STDERR_REDIRECT] 
2025-08-23 14:07:29,595 [ERROR] LogOutputStream:75 - [STDERR_REDIRECT] [Fatal Error] :1:1: Premature end of file.
2025-08-23 14:07:29,595 [ERROR] LogOutputStream:75 - [STDERR_REDIRECT] 
2025-08-23 14:07:30,596 [ERROR] LogOutputStream:75 - [STDERR_REDIRECT] [Fatal Error] :1:1: Premature end of file.
2025-08-23 14:07:30,596 [ERROR] LogOutputStream:75 - [STDERR_REDIRECT] 
2025-08-23 14:07:31,595 [ERROR] LogOutputStream:75 - [STDERR_REDIRECT] [Fatal Error] :1:1: Premature end of file.
2025-08-23 14:07:31,595 [ERROR] LogOutputStream:75 - [STDERR_REDIRECT] 
2025-08-23 14:07:32,593 [ERROR] LogOutputStream:75 - [STDERR_REDIRECT] [Fatal Error] :1:1: Premature end of file.
2025-08-23 14:07:32,593 [ERROR] LogOutputStream:75 - [STDERR_REDIRECT] 
2025-08-23 14:07:33,594 [ERROR] LogOutputStream:75 - [STDERR_REDIRECT] [Fatal Error] :1:1: Premature end of file.
2025-08-23 14:07:33,594 [ERROR] LogOutputStream:75 - [STDERR_REDIRECT] 
2025-08-23 14:07:34,592 [ERROR] LogOutputStream:75 - [STDERR_REDIRECT] [Fatal Error] :1:1: Premature end of file.
2025-08-23 14:07:34,592 [ERROR] LogOutputStream:75 - [STDERR_REDIRECT] 
2025-08-23 14:07:35,598 [ERROR] LogOutputStream:75 - [STDERR_REDIRECT] [Fatal Error] :1:1: Premature end of file.
2025-08-23 14:07:35,598 [ERROR] LogOutputStream:75 - [STDERR_REDIRECT] 
2025-08-23 14:07:36,592 [ERROR] LogOutputStream:75 - [STDERR_REDIRECT] [Fatal Error] :1:1: Premature end of file.
2025-08-23 14:07:36,592 [ERROR] LogOutputStream:75 - [STDERR_REDIRECT] 
2025-08-23 14:07:37,594 [ERROR] LogOutputStream:75 - [STDERR_REDIRECT] [Fatal Error] :1:1: Premature end of file.
2025-08-23 14:07:37,594 [ERROR] LogOutputStream:75 - [STDERR_REDIRECT] 
2025-08-23 14:07:38,664 [ERROR] LogOutputStream:75 - [STDERR_REDIRECT] [Fatal Error] :1:1: Premature end of file.
2025-08-23 14:07:38,665 [ERROR] LogOutputStream:75 - [STDERR_REDIRECT] 
2025-08-23 14:07:39,606 [ERROR] LogOutputStream:75 - [STDERR_REDIRECT] [Fatal Error] :1:1: Premature end of file.
2025-08-23 14:07:39,606 [ERROR] LogOutputStream:75 - [STDERR_REDIRECT] 
2025-08-23 14:07:40,606 [ERROR] LogOutputStream:75 - [STDERR_REDIRECT] [Fatal Error] :1:1: Premature end of file.
2025-08-23 14:07:40,606 [ERROR] LogOutputStream:75 - [STDERR_REDIRECT] 
2025-08-23 14:07:41,598 [ERROR] LogOutputStream:75 - [STDERR_REDIRECT] [Fatal Error] :1:1: Premature end of file.
2025-08-23 14:07:41,598 [ERROR] LogOutputStream:75 - [STDERR_REDIRECT] 
2025-08-23 14:07:42,603 [ERROR] LogOutputStream:75 - [STDERR_REDIRECT] [Fatal Error] :1:1: Premature end of file.
2025-08-23 14:07:42,604 [ERROR] LogOutputStream:75 - [STDERR_REDIRECT] 
2025-08-23 14:07:43,604 [ERROR] LogOutputStream:75 - [STDERR_REDIRECT] [Fatal Error] :1:1: Premature end of file.
2025-08-23 14:07:43,604 [ERROR] LogOutputStream:75 - [STDERR_REDIRECT] 
2025-08-23 14:07:44,607 [ERROR] LogOutputStream:75 - [STDERR_REDIRECT] [Fatal Error] :1:1: Premature end of file.
2025-08-23 14:07:44,607 [ERROR] LogOutputStream:75 - [STDERR_REDIRECT] 
2025-08-23 14:07:45,607 [ERROR] LogOutputStream:75 - [STDERR_REDIRECT] [Fatal Error] :1:1: Premature end of file.
2025-08-23 14:07:45,607 [ERROR] LogOutputStream:75 - [STDERR_REDIRECT] 
2025-08-23 14:07:46,604 [ERROR] LogOutputStream:75 - [STDERR_REDIRECT] [Fatal Error] :1:1: Premature end of file.
2025-08-23 14:07:46,604 [ERROR] LogOutputStream:75 - [STDERR_REDIRECT] 
2025-08-23 14:07:47,600 [ERROR] LogOutputStream:75 - [STDERR_REDIRECT] [Fatal Error] :1:1: Premature end of file.
2025-08-23 14:07:47,600 [ERROR] LogOutputStream:75 - [STDERR_REDIRECT] 
2025-08-23 14:07:48,606 [ERROR] LogOutputStream:75 - [STDERR_REDIRECT] [Fatal Error] :1:1: Premature end of file.
2025-08-23 14:07:48,606 [ERROR] LogOutputStream:75 - [STDERR_REDIRECT] 
2025-08-23 14:07:49,609 [ERROR] LogOutputStream:75 - [STDERR_REDIRECT] [Fatal Error] :1:1: Premature end of file.
2025-08-23 14:07:49,609 [ERROR] LogOutputStream:75 - [STDERR_REDIRECT] 
2025-08-23 14:07:50,599 [ERROR] LogOutputStream:75 - [STDERR_REDIRECT] [Fatal Error] :1:1: Premature end of file.
2025-08-23 14:07:50,599 [ERROR] LogOutputStream:75 - [STDERR_REDIRECT] 
2025-08-23 14:07:51,603 [ERROR] LogOutputStream:75 - [STDERR_REDIRECT] [Fatal Error] :1:1: Premature end of file.
2025-08-23 14:07:51,603 [ERROR] LogOutputStream:75 - [STDERR_REDIRECT] 
2025-08-23 14:07:52,678 [ERROR] LogOutputStream:75 - [STDERR_REDIRECT] [Fatal Error] :1:1: Premature end of file.
2025-08-23 14:07:52,680 [ERROR] LogOutputStream:75 - [STDERR_REDIRECT] 
2025-08-23 14:07:53,688 [ERROR] LogOutputStream:75 - [STDERR_REDIRECT] [Fatal Error] :1:1: Premature end of file.
2025-08-23 14:07:53,688 [ERROR] LogOutputStream:75 - [STDERR_REDIRECT] 
2025-08-23 14:07:54,597 [ERROR] LogOutputStream:75 - [STDERR_REDIRECT] [Fatal Error] :1:1: Premature end of file.
2025-08-23 14:07:54,597 [ERROR] LogOutputStream:75 - [STDERR_REDIRECT] 
2025-08-23 14:07:55,612 [ERROR] LogOutputStream:75 - [STDERR_REDIRECT] [Fatal Error] :1:1: Premature end of file.
2025-08-23 14:07:55,613 [ERROR] LogOutputStream:75 - [STDERR_REDIRECT] 
2025-08-23 14:07:56,625 [ERROR] LogOutputStream:75 - [STDERR_REDIRECT] [Fatal Error] :1:1: Premature end of file.
2025-08-23 14:07:56,625 [ERROR] LogOutputStream:75 - [STDERR_REDIRECT] 
2025-08-23 14:07:57,620 [ERROR] LogOutputStream:75 - [STDERR_REDIRECT] [Fatal Error] :1:1: Premature end of file.
2025-08-23 14:07:57,620 [ERROR] LogOutputStream:75 - [STDERR_REDIRECT] 
2025-08-23 14:07:58,600 [ERROR] LogOutputStream:75 - [STDERR_REDIRECT] [Fatal Error] :1:1: Premature end of file.
2025-08-23 14:07:58,600 [ERROR] LogOutputStream:75 - [STDERR_REDIRECT] 
2025-08-23 14:07:59,616 [ERROR] LogOutputStream:75 - [STDERR_REDIRECT] [Fatal Error] :1:1: Premature end of file.
2025-08-23 14:07:59,617 [ERROR] LogOutputStream:75 - [STDERR_REDIRECT] 
2025-08-23 14:08:00,598 [ERROR] LogOutputStream:75 - [STDERR_REDIRECT] [Fatal Error] :1:1: Premature end of file.
2025-08-23 14:08:00,598 [ERROR] LogOutputStream:75 - [STDERR_REDIRECT] 
2025-08-23 14:08:01,608 [ERROR] LogOutputStream:75 - [STDERR_REDIRECT] [Fatal Error] :1:1: Premature end of file.
2025-08-23 14:08:01,608 [ERROR] LogOutputStream:75 - [STDERR_REDIRECT] 
2025-08-23 14:08:02,604 [ERROR] LogOutputStream:75 - [STDERR_REDIRECT] [Fatal Error] :1:1: Premature end of file.
2025-08-23 14:08:02,604 [ERROR] LogOutputStream:75 - [STDERR_REDIRECT] 
2025-08-23 14:08:03,606 [ERROR] LogOutputStream:75 - [STDERR_REDIRECT] [Fatal Error] :1:1: Premature end of file.
2025-08-23 14:08:03,606 [ERROR] LogOutputStream:75 - [STDERR_REDIRECT] 
2025-08-23 14:08:04,609 [ERROR] LogOutputStream:75 - [STDERR_REDIRECT] [Fatal Error] :1:1: Premature end of file.
2025-08-23 14:08:04,609 [ERROR] LogOutputStream:75 - [STDERR_REDIRECT] 
2025-08-23 14:08:05,606 [ERROR] LogOutputStream:75 - [STDERR_REDIRECT] [Fatal Error] :1:1: Premature end of file.
2025-08-23 14:08:05,606 [ERROR] LogOutputStream:75 - [STDERR_REDIRECT] 
2025-08-23 14:08:06,616 [ERROR] LogOutputStream:75 - [STDERR_REDIRECT] [Fatal Error] :1:1: Premature end of file.
2025-08-23 14:08:06,616 [ERROR] LogOutputStream:75 - [STDERR_REDIRECT] 
2025-08-23 14:08:07,611 [ERROR] LogOutputStream:75 - [STDERR_REDIRECT] [Fatal Error] :1:1: Premature end of file.
2025-08-23 14:08:07,611 [ERROR] LogOutputStream:75 - [STDERR_REDIRECT] 
2025-08-23 14:08:08,604 [ERROR] LogOutputStream:75 - [STDERR_REDIRECT] [Fatal Error] :1:1: Premature end of file.
2025-08-23 14:08:08,604 [ERROR] LogOutputStream:75 - [STDERR_REDIRECT] 
2025-08-23 14:08:09,606 [ERROR] LogOutputStream:75 - [STDERR_REDIRECT] [Fatal Error] :1:1: Premature end of file.
2025-08-23 14:08:09,607 [ERROR] LogOutputStream:75 - [STDERR_REDIRECT] 
2025-08-23 14:08:10,602 [ERROR] LogOutputStream:75 - [STDERR_REDIRECT] [Fatal Error] :1:1: Premature end of file.
2025-08-23 14:08:10,602 [ERROR] LogOutputStream:75 - [STDERR_REDIRECT] 
2025-08-23 14:08:11,602 [ERROR] LogOutputStream:75 - [STDERR_REDIRECT] [Fatal Error] :1:1: Premature end of file.
2025-08-23 14:08:11,602 [ERROR] LogOutputStream:75 - [STDERR_REDIRECT] 
2025-08-23 14:08:12,608 [ERROR] LogOutputStream:75 - [STDERR_REDIRECT] [Fatal Error] :1:1: Premature end of file.
2025-08-23 14:08:12,608 [ERROR] LogOutputStream:75 - [STDERR_REDIRECT] 
2025-08-23 14:08:13,616 [ERROR] LogOutputStream:75 - [STDERR_REDIRECT] [Fatal Error] :1:1: Premature end of file.
2025-08-23 14:08:13,616 [ERROR] LogOutputStream:75 - [STDERR_REDIRECT] 
2025-08-23 14:08:14,612 [ERROR] LogOutputStream:75 - [STDERR_REDIRECT] [Fatal Error] :1:1: Premature end of file.
2025-08-23 14:08:14,612 [ERROR] LogOutputStream:75 - [STDERR_REDIRECT] 
2025-08-23 14:08:15,617 [ERROR] LogOutputStream:75 - [STDERR_REDIRECT] [Fatal Error] :1:1: Premature end of file.
2025-08-23 14:08:15,617 [ERROR] LogOutputStream:75 - [STDERR_REDIRECT] 
2025-08-23 14:08:16,616 [ERROR] LogOutputStream:75 - [STDERR_REDIRECT] [Fatal Error] :1:1: Premature end of file.
2025-08-23 14:08:16,616 [ERROR] LogOutputStream:75 - [STDERR_REDIRECT] 
2025-08-23 14:08:17,600 [ERROR] LogOutputStream:75 - [STDERR_REDIRECT] [Fatal Error] :1:1: Premature end of file.
2025-08-23 14:08:17,600 [ERROR] LogOutputStream:75 - [STDERR_REDIRECT] 
2025-08-23 14:08:18,598 [ERROR] LogOutputStream:75 - [STDERR_REDIRECT] [Fatal Error] :1:1: Premature end of file.
2025-08-23 14:08:18,598 [ERROR] LogOutputStream:75 - [STDERR_REDIRECT] 
2025-08-23 14:08:19,609 [ERROR] LogOutputStream:75 - [STDERR_REDIRECT] [Fatal Error] :1:1: Premature end of file.
2025-08-23 14:08:19,610 [ERROR] LogOutputStream:75 - [STDERR_REDIRECT] 
2025-08-23 14:08:20,606 [ERROR] LogOutputStream:75 - [STDERR_REDIRECT] [Fatal Error] :1:1: Premature end of file.
2025-08-23 14:08:20,606 [ERROR] LogOutputStream:75 - [STDERR_REDIRECT] 
2025-08-23 14:08:21,620 [ERROR] LogOutputStream:75 - [STDERR_REDIRECT] [Fatal Error] :1:1: Premature end of file.
2025-08-23 14:08:21,620 [ERROR] LogOutputStream:75 - [STDERR_REDIRECT] 
2025-08-23 14:08:22,609 [ERROR] LogOutputStream:75 - [STDERR_REDIRECT] [Fatal Error] :1:1: Premature end of file.
2025-08-23 14:08:22,609 [ERROR] LogOutputStream:75 - [STDERR_REDIRECT] 
2025-08-23 14:08:23,604 [ERROR] LogOutputStream:75 - [STDERR_REDIRECT] [Fatal Error] :1:1: Premature end of file.
2025-08-23 14:08:23,604 [ERROR] LogOutputStream:75 - [STDERR_REDIRECT] 
2025-08-23 14:08:24,614 [ERROR] LogOutputStream:75 - [STDERR_REDIRECT] [Fatal Error] :1:1: Premature end of file.
2025-08-23 14:08:24,614 [ERROR] LogOutputStream:75 - [STDERR_REDIRECT] 
2025-08-23 14:08:25,602 [ERROR] LogOutputStream:75 - [STDERR_REDIRECT] [Fatal Error] :1:1: Premature end of file.
2025-08-23 14:08:25,602 [ERROR] LogOutputStream:75 - [STDERR_REDIRECT] 
2025-08-23 14:08:26,606 [ERROR] LogOutputStream:75 - [STDERR_REDIRECT] [Fatal Error] :1:1: Premature end of file.
2025-08-23 14:08:26,606 [ERROR] LogOutputStream:75 - [STDERR_REDIRECT] 
2025-08-23 14:08:27,616 [ERROR] LogOutputStream:75 - [STDERR_REDIRECT] [Fatal Error] :1:1: Premature end of file.
2025-08-23 14:08:27,616 [ERROR] LogOutputStream:75 - [STDERR_REDIRECT] 
2025-08-23 14:08:28,607 [ERROR] LogOutputStream:75 - [STDERR_REDIRECT] [Fatal Error] :1:1: Premature end of file.
2025-08-23 14:08:28,607 [ERROR] LogOutputStream:75 - [STDERR_REDIRECT] 
2025-08-23 14:08:29,620 [ERROR] LogOutputStream:75 - [STDERR_REDIRECT] [Fatal Error] :1:1: Premature end of file.
2025-08-23 14:08:29,621 [ERROR] LogOutputStream:75 - [STDERR_REDIRECT] 
2025-08-23 14:08:30,607 [ERROR] LogOutputStream:75 - [STDERR_REDIRECT] [Fatal Error] :1:1: Premature end of file.
2025-08-23 14:08:30,607 [ERROR] LogOutputStream:75 - [STDERR_REDIRECT] 
2025-08-23 14:08:31,600 [ERROR] LogOutputStream:75 - [STDERR_REDIRECT] [Fatal Error] :1:1: Premature end of file.
2025-08-23 14:08:31,600 [ERROR] LogOutputStream:75 - [STDERR_REDIRECT] 
2025-08-23 14:08:32,596 [ERROR] LogOutputStream:75 - [STDERR_REDIRECT] [Fatal Error] :1:1: Premature end of file.
2025-08-23 14:08:32,596 [ERROR] LogOutputStream:75 - [STDERR_REDIRECT] 
2025-08-23 14:08:33,610 [ERROR] LogOutputStream:75 - [STDERR_REDIRECT] [Fatal Error] :1:1: Premature end of file.
2025-08-23 14:08:33,610 [ERROR] LogOutputStream:75 - [STDERR_REDIRECT] 
2025-08-23 14:08:34,613 [ERROR] LogOutputStream:75 - [STDERR_REDIRECT] [Fatal Error] :1:1: Premature end of file.
2025-08-23 14:08:34,613 [ERROR] LogOutputStream:75 - [STDERR_REDIRECT] 
2025-08-23 14:08:35,598 [ERROR] LogOutputStream:75 - [STDERR_REDIRECT] [Fatal Error] :1:1: Premature end of file.
2025-08-23 14:08:35,598 [ERROR] LogOutputStream:75 - [STDERR_REDIRECT] 
2025-08-23 14:08:36,608 [ERROR] LogOutputStream:75 - [STDERR_REDIRECT] [Fatal Error] :1:1: Premature end of file.
2025-08-23 14:08:36,608 [ERROR] LogOutputStream:75 - [STDERR_REDIRECT] 
2025-08-23 14:08:37,604 [ERROR] LogOutputStream:75 - [STDERR_REDIRECT] [Fatal Error] :1:1: Premature end of file.
2025-08-23 14:08:37,604 [ERROR] LogOutputStream:75 - [STDERR_REDIRECT] 
2025-08-23 14:08:38,621 [ERROR] LogOutputStream:75 - [STDERR_REDIRECT] [Fatal Error] :1:1: Premature end of file.
2025-08-23 14:08:38,621 [ERROR] LogOutputStream:75 - [STDERR_REDIRECT] 
2025-08-23 14:08:39,597 [ERROR] LogOutputStream:75 - [STDERR_REDIRECT] [Fatal Error] :1:1: Premature end of file.
2025-08-23 14:08:39,597 [ERROR] LogOutputStream:75 - [STDERR_REDIRECT] 
2025-08-23 14:08:40,624 [ERROR] LogOutputStream:75 - [STDERR_REDIRECT] [Fatal Error] :1:1: Premature end of file.
2025-08-23 14:08:40,624 [ERROR] LogOutputStream:75 - [STDERR_REDIRECT] 
2025-08-23 14:08:41,613 [ERROR] LogOutputStream:75 - [STDERR_REDIRECT] [Fatal Error] :1:1: Premature end of file.
2025-08-23 14:08:41,613 [ERROR] LogOutputStream:75 - [STDERR_REDIRECT] 
2025-08-23 14:08:42,611 [ERROR] LogOutputStream:75 - [STDERR_REDIRECT] [Fatal Error] :1:1: Premature end of file.
2025-08-23 14:08:42,612 [ERROR] LogOutputStream:75 - [STDERR_REDIRECT] 
2025-08-23 14:08:43,608 [ERROR] LogOutputStream:75 - [STDERR_REDIRECT] [Fatal Error] :1:1: Premature end of file.
2025-08-23 14:08:43,608 [ERROR] LogOutputStream:75 - [STDERR_REDIRECT] 
2025-08-23 14:08:44,592 [ERROR] LogOutputStream:75 - [STDERR_REDIRECT] [Fatal Error] :1:1: Premature end of file.
2025-08-23 14:08:44,592 [ERROR] LogOutputStream:75 - [STDERR_REDIRECT] 
2025-08-23 14:08:45,602 [ERROR] LogOutputStream:75 - [STDERR_REDIRECT] [Fatal Error] :1:1: Premature end of file.
2025-08-23 14:08:45,602 [ERROR] LogOutputStream:75 - [STDERR_REDIRECT] 
2025-08-23 14:08:46,606 [ERROR] LogOutputStream:75 - [STDERR_REDIRECT] [Fatal Error] :1:1: Premature end of file.
2025-08-23 14:08:46,606 [ERROR] LogOutputStream:75 - [STDERR_REDIRECT] 
2025-08-23 14:08:47,609 [ERROR] LogOutputStream:75 - [STDERR_REDIRECT] [Fatal Error] :1:1: Premature end of file.
2025-08-23 14:08:47,609 [ERROR] LogOutputStream:75 - [STDERR_REDIRECT] 
2025-08-23 14:08:48,605 [ERROR] LogOutputStream:75 - [STDERR_REDIRECT] [Fatal Error] :1:1: Premature end of file.
2025-08-23 14:08:48,605 [ERROR] LogOutputStream:75 - [STDERR_REDIRECT] 
2025-08-23 14:08:49,605 [ERROR] LogOutputStream:75 - [STDERR_REDIRECT] [Fatal Error] :1:1: Premature end of file.
2025-08-23 14:08:49,605 [ERROR] LogOutputStream:75 - [STDERR_REDIRECT] 
2025-08-23 14:08:50,597 [ERROR] LogOutputStream:75 - [STDERR_REDIRECT] [Fatal Error] :1:1: Premature end of file.
2025-08-23 14:08:50,597 [ERROR] LogOutputStream:75 - [STDERR_REDIRECT] 
2025-08-23 14:08:51,606 [ERROR] LogOutputStream:75 - [STDERR_REDIRECT] [Fatal Error] :1:1: Premature end of file.
2025-08-23 14:08:51,606 [ERROR] LogOutputStream:75 - [STDERR_REDIRECT] 
2025-08-23 14:08:52,610 [ERROR] LogOutputStream:75 - [STDERR_REDIRECT] [Fatal Error] :1:1: Premature end of file.
2025-08-23 14:08:52,610 [ERROR] LogOutputStream:75 - [STDERR_REDIRECT] 
2025-08-23 14:08:53,609 [ERROR] LogOutputStream:75 - [STDERR_REDIRECT] [Fatal Error] :1:1: Premature end of file.
2025-08-23 14:08:53,609 [ERROR] LogOutputStream:75 - [STDERR_REDIRECT] 
2025-08-23 14:08:54,625 [ERROR] LogOutputStream:75 - [STDERR_REDIRECT] [Fatal Error] :1:1: Premature end of file.
2025-08-23 14:08:54,626 [ERROR] LogOutputStream:75 - [STDERR_REDIRECT] 
2025-08-23 14:08:55,620 [ERROR] LogOutputStream:75 - [STDERR_REDIRECT] [Fatal Error] :1:1: Premature end of file.
2025-08-23 14:08:55,620 [ERROR] LogOutputStream:75 - [STDERR_REDIRECT] 
2025-08-23 14:08:56,618 [ERROR] LogOutputStream:75 - [STDERR_REDIRECT] [Fatal Error] :1:1: Premature end of file.
2025-08-23 14:08:56,618 [ERROR] LogOutputStream:75 - [STDERR_REDIRECT] 
2025-08-23 14:08:57,623 [ERROR] LogOutputStream:75 - [STDERR_REDIRECT] [Fatal Error] :1:1: Premature end of file.
2025-08-23 14:08:57,624 [ERROR] LogOutputStream:75 - [STDERR_REDIRECT] 
2025-08-23 14:08:58,613 [ERROR] LogOutputStream:75 - [STDERR_REDIRECT] [Fatal Error] :1:1: Premature end of file.
2025-08-23 14:08:58,613 [ERROR] LogOutputStream:75 - [STDERR_REDIRECT] 
2025-08-23 14:08:59,619 [ERROR] LogOutputStream:75 - [STDERR_REDIRECT] [Fatal Error] :1:1: Premature end of file.
2025-08-23 14:08:59,619 [ERROR] LogOutputStream:75 - [STDERR_REDIRECT] 
2025-08-23 14:09:00,609 [ERROR] LogOutputStream:75 - [STDERR_REDIRECT] [Fatal Error] :1:1: Premature end of file.
2025-08-23 14:09:00,609 [ERROR] LogOutputStream:75 - [STDERR_REDIRECT] 
2025-08-23 14:09:01,617 [ERROR] LogOutputStream:75 - [STDERR_REDIRECT] [Fatal Error] :1:1: Premature end of file.
2025-08-23 14:09:01,617 [ERROR] LogOutputStream:75 - [STDERR_REDIRECT] 
2025-08-23 14:09:02,604 [ERROR] LogOutputStream:75 - [STDERR_REDIRECT] [Fatal Error] :1:1: Premature end of file.
2025-08-23 14:09:02,604 [ERROR] LogOutputStream:75 - [STDERR_REDIRECT] 
2025-08-23 14:09:03,608 [ERROR] LogOutputStream:75 - [STDERR_REDIRECT] [Fatal Error] :1:1: Premature end of file.
2025-08-23 14:09:03,608 [ERROR] LogOutputStream:75 - [STDERR_REDIRECT] 
2025-08-23 14:09:04,613 [ERROR] LogOutputStream:75 - [STDERR_REDIRECT] [Fatal Error] :1:1: Premature end of file.
2025-08-23 14:09:04,613 [ERROR] LogOutputStream:75 - [STDERR_REDIRECT] 
2025-08-23 14:09:05,619 [ERROR] LogOutputStream:75 - [STDERR_REDIRECT] [Fatal Error] :1:1: Premature end of file.
2025-08-23 14:09:05,619 [ERROR] LogOutputStream:75 - [STDERR_REDIRECT] 
2025-08-23 14:09:06,607 [ERROR] LogOutputStream:75 - [STDERR_REDIRECT] [Fatal Error] :1:1: Premature end of file.
2025-08-23 14:09:06,607 [ERROR] LogOutputStream:75 - [STDERR_REDIRECT] 
2025-08-23 14:09:07,618 [ERROR] LogOutputStream:75 - [STDERR_REDIRECT] [Fatal Error] :1:1: Premature end of file.
2025-08-23 14:09:07,619 [ERROR] LogOutputStream:75 - [STDERR_REDIRECT] 
2025-08-23 14:09:08,608 [ERROR] LogOutputStream:75 - [STDERR_REDIRECT] [Fatal Error] :1:1: Premature end of file.
2025-08-23 14:09:08,609 [ERROR] LogOutputStream:75 - [STDERR_REDIRECT] 
2025-08-23 14:09:09,619 [ERROR] LogOutputStream:75 - [STDERR_REDIRECT] [Fatal Error] :1:1: Premature end of file.
2025-08-23 14:09:09,619 [ERROR] LogOutputStream:75 - [STDERR_REDIRECT] 
2025-08-23 14:09:10,623 [ERROR] LogOutputStream:75 - [STDERR_REDIRECT] [Fatal Error] :1:1: Premature end of file.
2025-08-23 14:09:10,623 [ERROR] LogOutputStream:75 - [STDERR_REDIRECT] 
2025-08-23 14:09:11,616 [ERROR] LogOutputStream:75 - [STDERR_REDIRECT] [Fatal Error] :1:1: Premature end of file.
2025-08-23 14:09:11,617 [ERROR] LogOutputStream:75 - [STDERR_REDIRECT] 
2025-08-23 14:09:12,611 [ERROR] LogOutputStream:75 - [STDERR_REDIRECT] [Fatal Error] :1:1: Premature end of file.
2025-08-23 14:09:12,611 [ERROR] LogOutputStream:75 - [STDERR_REDIRECT] 
2025-08-23 14:09:13,617 [ERROR] LogOutputStream:75 - [STDERR_REDIRECT] [Fatal Error] :1:1: Premature end of file.
2025-08-23 14:09:13,617 [ERROR] LogOutputStream:75 - [STDERR_REDIRECT] 
2025-08-23 14:09:14,611 [ERROR] LogOutputStream:75 - [STDERR_REDIRECT] [Fatal Error] :1:1: Premature end of file.
2025-08-23 14:09:14,611 [ERROR] LogOutputStream:75 - [STDERR_REDIRECT] 
2025-08-23 14:09:15,749 [ERROR] LogOutputStream:75 - [STDERR_REDIRECT] [Fatal Error] :1:1: Premature end of file.
2025-08-23 14:09:15,749 [ERROR] LogOutputStream:75 - [STDERR_REDIRECT] 
2025-08-23 14:09:16,616 [ERROR] LogOutputStream:75 - [STDERR_REDIRECT] [Fatal Error] :1:1: Premature end of file.
2025-08-23 14:09:16,616 [ERROR] LogOutputStream:75 - [STDERR_REDIRECT] 
2025-08-23 14:09:17,622 [ERROR] LogOutputStream:75 - [STDERR_REDIRECT] [Fatal Error] :1:1: Premature end of file.
2025-08-23 14:09:17,622 [ERROR] LogOutputStream:75 - [STDERR_REDIRECT] 
2025-08-23 14:09:18,600 [ERROR] LogOutputStream:75 - [STDERR_REDIRECT] [Fatal Error] :1:1: Premature end of file.
2025-08-23 14:09:18,600 [ERROR] LogOutputStream:75 - [STDERR_REDIRECT] 
2025-08-23 14:09:18,626 [INFO] AnalyticsPlugin:368 - Accepted License(s): [FW.H7.1.12.0]
2025-08-23 14:09:18,628 [INFO] FileExtend:248 - Unzip File : stm32cube_fw_h7_v1120.zip
2025-08-23 14:09:18,628 [INFO] FileExtend:263 - Standard Zip Deflate
2025-08-23 14:09:19,616 [ERROR] LogOutputStream:75 - [STDERR_REDIRECT] [Fatal Error] :1:1: Premature end of file.
2025-08-23 14:09:19,617 [ERROR] LogOutputStream:75 - [STDERR_REDIRECT] 
2025-08-23 14:09:20,602 [ERROR] LogOutputStream:75 - [STDERR_REDIRECT] [Fatal Error] :1:1: Premature end of file.
2025-08-23 14:09:20,602 [ERROR] LogOutputStream:75 - [STDERR_REDIRECT] 
2025-08-23 14:09:21,624 [ERROR] LogOutputStream:75 - [STDERR_REDIRECT] [Fatal Error] :1:1: Premature end of file.
2025-08-23 14:09:21,626 [ERROR] LogOutputStream:75 - [STDERR_REDIRECT] 
2025-08-23 14:09:22,604 [ERROR] LogOutputStream:75 - [STDERR_REDIRECT] [Fatal Error] :1:1: Premature end of file.
2025-08-23 14:09:22,604 [ERROR] LogOutputStream:75 - [STDERR_REDIRECT] 
2025-08-23 14:09:23,611 [ERROR] LogOutputStream:75 - [STDERR_REDIRECT] [Fatal Error] :1:1: Premature end of file.
2025-08-23 14:09:23,611 [ERROR] LogOutputStream:75 - [STDERR_REDIRECT] 
2025-08-23 14:09:24,643 [ERROR] LogOutputStream:75 - [STDERR_REDIRECT] [Fatal Error] :1:1: Premature end of file.
2025-08-23 14:09:24,644 [ERROR] LogOutputStream:75 - [STDERR_REDIRECT] 
2025-08-23 14:09:25,605 [ERROR] LogOutputStream:75 - [STDERR_REDIRECT] [Fatal Error] :1:1: Premature end of file.
2025-08-23 14:09:25,606 [ERROR] LogOutputStream:75 - [STDERR_REDIRECT] 
2025-08-23 14:09:26,611 [ERROR] LogOutputStream:75 - [STDERR_REDIRECT] [Fatal Error] :1:1: Premature end of file.
2025-08-23 14:09:26,611 [ERROR] LogOutputStream:75 - [STDERR_REDIRECT] 
2025-08-23 14:09:27,638 [ERROR] LogOutputStream:75 - [STDERR_REDIRECT] [Fatal Error] :1:1: Premature end of file.
2025-08-23 14:09:27,638 [ERROR] LogOutputStream:75 - [STDERR_REDIRECT] 
2025-08-23 14:09:28,640 [ERROR] LogOutputStream:75 - [STDERR_REDIRECT] [Fatal Error] :1:1: Premature end of file.
2025-08-23 14:09:28,641 [ERROR] LogOutputStream:75 - [STDERR_REDIRECT] 
2025-08-23 14:09:29,608 [ERROR] LogOutputStream:75 - [STDERR_REDIRECT] [Fatal Error] :1:1: Premature end of file.
2025-08-23 14:09:29,608 [ERROR] LogOutputStream:75 - [STDERR_REDIRECT] 
2025-08-23 14:09:30,606 [ERROR] LogOutputStream:75 - [STDERR_REDIRECT] [Fatal Error] :1:1: Premature end of file.
2025-08-23 14:09:30,607 [ERROR] LogOutputStream:75 - [STDERR_REDIRECT] 
2025-08-23 14:09:31,636 [ERROR] LogOutputStream:75 - [STDERR_REDIRECT] [Fatal Error] :1:1: Premature end of file.
2025-08-23 14:09:31,636 [ERROR] LogOutputStream:75 - [STDERR_REDIRECT] 
2025-08-23 14:09:32,611 [ERROR] LogOutputStream:75 - [STDERR_REDIRECT] [Fatal Error] :1:1: Premature end of file.
2025-08-23 14:09:32,612 [ERROR] LogOutputStream:75 - [STDERR_REDIRECT] 
2025-08-23 14:09:33,617 [ERROR] LogOutputStream:75 - [STDERR_REDIRECT] [Fatal Error] :1:1: Premature end of file.
2025-08-23 14:09:33,617 [ERROR] LogOutputStream:75 - [STDERR_REDIRECT] 
2025-08-23 14:09:34,636 [ERROR] LogOutputStream:75 - [STDERR_REDIRECT] [Fatal Error] :1:1: Premature end of file.
2025-08-23 14:09:34,636 [ERROR] LogOutputStream:75 - [STDERR_REDIRECT] 
2025-08-23 14:09:35,616 [ERROR] LogOutputStream:75 - [STDERR_REDIRECT] [Fatal Error] :1:1: Premature end of file.
2025-08-23 14:09:35,616 [ERROR] LogOutputStream:75 - [STDERR_REDIRECT] 
2025-08-23 14:09:36,644 [ERROR] LogOutputStream:75 - [STDERR_REDIRECT] [Fatal Error] :1:1: Premature end of file.
2025-08-23 14:09:36,644 [ERROR] LogOutputStream:75 - [STDERR_REDIRECT] 
2025-08-23 14:09:37,615 [ERROR] LogOutputStream:75 - [STDERR_REDIRECT] [Fatal Error] :1:1: Premature end of file.
2025-08-23 14:09:37,616 [ERROR] LogOutputStream:75 - [STDERR_REDIRECT] 
2025-08-23 14:09:38,631 [ERROR] LogOutputStream:75 - [STDERR_REDIRECT] [Fatal Error] :1:1: Premature end of file.
2025-08-23 14:09:38,631 [ERROR] LogOutputStream:75 - [STDERR_REDIRECT] 
2025-08-23 14:09:39,612 [ERROR] LogOutputStream:75 - [STDERR_REDIRECT] [Fatal Error] :1:1: Premature end of file.
2025-08-23 14:09:39,612 [ERROR] LogOutputStream:75 - [STDERR_REDIRECT] 
2025-08-23 14:09:40,626 [ERROR] LogOutputStream:75 - [STDERR_REDIRECT] [Fatal Error] :1:1: Premature end of file.
2025-08-23 14:09:40,626 [ERROR] LogOutputStream:75 - [STDERR_REDIRECT] 
2025-08-23 14:09:41,635 [ERROR] LogOutputStream:75 - [STDERR_REDIRECT] [Fatal Error] :1:1: Premature end of file.
2025-08-23 14:09:41,635 [ERROR] LogOutputStream:75 - [STDERR_REDIRECT] 
2025-08-23 14:09:42,664 [ERROR] LogOutputStream:75 - [STDERR_REDIRECT] [Fatal Error] :1:1: Premature end of file.
2025-08-23 14:09:42,664 [ERROR] LogOutputStream:75 - [STDERR_REDIRECT] 
2025-08-23 14:09:43,610 [ERROR] LogOutputStream:75 - [STDERR_REDIRECT] [Fatal Error] :1:1: Premature end of file.
2025-08-23 14:09:43,610 [ERROR] LogOutputStream:75 - [STDERR_REDIRECT] 
2025-08-23 14:09:44,641 [ERROR] LogOutputStream:75 - [STDERR_REDIRECT] [Fatal Error] :1:1: Premature end of file.
2025-08-23 14:09:44,641 [ERROR] LogOutputStream:75 - [STDERR_REDIRECT] 
2025-08-23 14:09:45,612 [ERROR] LogOutputStream:75 - [STDERR_REDIRECT] [Fatal Error] :1:1: Premature end of file.
2025-08-23 14:09:45,612 [ERROR] LogOutputStream:75 - [STDERR_REDIRECT] 
2025-08-23 14:09:46,641 [ERROR] LogOutputStream:75 - [STDERR_REDIRECT] [Fatal Error] :1:1: Premature end of file.
2025-08-23 14:09:46,642 [ERROR] LogOutputStream:75 - [STDERR_REDIRECT] 
2025-08-23 14:09:47,606 [ERROR] LogOutputStream:75 - [STDERR_REDIRECT] [Fatal Error] :1:1: Premature end of file.
2025-08-23 14:09:47,606 [ERROR] LogOutputStream:75 - [STDERR_REDIRECT] 
2025-08-23 14:09:48,637 [ERROR] LogOutputStream:75 - [STDERR_REDIRECT] [Fatal Error] :1:1: Premature end of file.
2025-08-23 14:09:48,638 [ERROR] LogOutputStream:75 - [STDERR_REDIRECT] 
2025-08-23 14:09:49,603 [ERROR] LogOutputStream:75 - [STDERR_REDIRECT] [Fatal Error] :1:1: Premature end of file.
2025-08-23 14:09:49,603 [ERROR] LogOutputStream:75 - [STDERR_REDIRECT] 
2025-08-23 14:09:50,603 [ERROR] LogOutputStream:75 - [STDERR_REDIRECT] [Fatal Error] :1:1: Premature end of file.
2025-08-23 14:09:50,603 [ERROR] LogOutputStream:75 - [STDERR_REDIRECT] 
2025-08-23 14:09:51,670 [ERROR] LogOutputStream:75 - [STDERR_REDIRECT] [Fatal Error] :1:1: Premature end of file.
2025-08-23 14:09:51,670 [ERROR] LogOutputStream:75 - [STDERR_REDIRECT] 
2025-08-23 14:09:52,626 [ERROR] LogOutputStream:75 - [STDERR_REDIRECT] [Fatal Error] :1:1: Premature end of file.
2025-08-23 14:09:52,626 [ERROR] LogOutputStream:75 - [STDERR_REDIRECT] 
2025-08-23 14:09:53,606 [ERROR] LogOutputStream:75 - [STDERR_REDIRECT] [Fatal Error] :1:1: Premature end of file.
2025-08-23 14:09:53,606 [ERROR] LogOutputStream:75 - [STDERR_REDIRECT] 
2025-08-23 14:09:54,621 [ERROR] LogOutputStream:75 - [STDERR_REDIRECT] [Fatal Error] :1:1: Premature end of file.
2025-08-23 14:09:54,621 [ERROR] LogOutputStream:75 - [STDERR_REDIRECT] 
2025-08-23 14:09:55,655 [ERROR] LogOutputStream:75 - [STDERR_REDIRECT] [Fatal Error] :1:1: Premature end of file.
2025-08-23 14:09:55,655 [ERROR] LogOutputStream:75 - [STDERR_REDIRECT] 
2025-08-23 14:09:56,611 [ERROR] LogOutputStream:75 - [STDERR_REDIRECT] [Fatal Error] :1:1: Premature end of file.
2025-08-23 14:09:56,613 [ERROR] LogOutputStream:75 - [STDERR_REDIRECT] 
2025-08-23 14:09:57,663 [ERROR] LogOutputStream:75 - [STDERR_REDIRECT] [Fatal Error] :1:1: Premature end of file.
2025-08-23 14:09:57,663 [ERROR] LogOutputStream:75 - [STDERR_REDIRECT] 
2025-08-23 14:09:58,612 [ERROR] LogOutputStream:75 - [STDERR_REDIRECT] [Fatal Error] :1:1: Premature end of file.
2025-08-23 14:09:58,612 [ERROR] LogOutputStream:75 - [STDERR_REDIRECT] 
2025-08-23 14:09:59,666 [ERROR] LogOutputStream:75 - [STDERR_REDIRECT] [Fatal Error] :1:1: Premature end of file.
2025-08-23 14:09:59,666 [ERROR] LogOutputStream:75 - [STDERR_REDIRECT] 
2025-08-23 14:10:00,608 [ERROR] LogOutputStream:75 - [STDERR_REDIRECT] [Fatal Error] :1:1: Premature end of file.
2025-08-23 14:10:00,608 [ERROR] LogOutputStream:75 - [STDERR_REDIRECT] 
2025-08-23 14:10:01,609 [ERROR] LogOutputStream:75 - [STDERR_REDIRECT] [Fatal Error] :1:1: Premature end of file.
2025-08-23 14:10:01,609 [ERROR] LogOutputStream:75 - [STDERR_REDIRECT] 
2025-08-23 14:10:02,596 [ERROR] LogOutputStream:75 - [STDERR_REDIRECT] [Fatal Error] :1:1: Premature end of file.
2025-08-23 14:10:02,596 [ERROR] LogOutputStream:75 - [STDERR_REDIRECT] 
2025-08-23 14:10:03,607 [ERROR] LogOutputStream:75 - [STDERR_REDIRECT] [Fatal Error] :1:1: Premature end of file.
2025-08-23 14:10:03,607 [ERROR] LogOutputStream:75 - [STDERR_REDIRECT] 
2025-08-23 14:10:04,612 [ERROR] LogOutputStream:75 - [STDERR_REDIRECT] [Fatal Error] :1:1: Premature end of file.
2025-08-23 14:10:04,612 [ERROR] LogOutputStream:75 - [STDERR_REDIRECT] 
2025-08-23 14:10:05,606 [ERROR] LogOutputStream:75 - [STDERR_REDIRECT] [Fatal Error] :1:1: Premature end of file.
2025-08-23 14:10:05,606 [ERROR] LogOutputStream:75 - [STDERR_REDIRECT] 
2025-08-23 14:10:06,613 [ERROR] LogOutputStream:75 - [STDERR_REDIRECT] [Fatal Error] :1:1: Premature end of file.
2025-08-23 14:10:06,613 [ERROR] LogOutputStream:75 - [STDERR_REDIRECT] 
2025-08-23 14:10:07,620 [ERROR] LogOutputStream:75 - [STDERR_REDIRECT] [Fatal Error] :1:1: Premature end of file.
2025-08-23 14:10:07,620 [ERROR] LogOutputStream:75 - [STDERR_REDIRECT] 
2025-08-23 14:10:08,655 [ERROR] LogOutputStream:75 - [STDERR_REDIRECT] [Fatal Error] :1:1: Premature end of file.
2025-08-23 14:10:08,655 [ERROR] LogOutputStream:75 - [STDERR_REDIRECT] 
2025-08-23 14:10:09,616 [ERROR] LogOutputStream:75 - [STDERR_REDIRECT] [Fatal Error] :1:1: Premature end of file.
2025-08-23 14:10:09,617 [ERROR] LogOutputStream:75 - [STDERR_REDIRECT] 
2025-08-23 14:10:10,606 [ERROR] LogOutputStream:75 - [STDERR_REDIRECT] [Fatal Error] :1:1: Premature end of file.
2025-08-23 14:10:10,606 [ERROR] LogOutputStream:75 - [STDERR_REDIRECT] 
2025-08-23 14:10:11,637 [ERROR] LogOutputStream:75 - [STDERR_REDIRECT] [Fatal Error] :1:1: Premature end of file.
2025-08-23 14:10:11,638 [ERROR] LogOutputStream:75 - [STDERR_REDIRECT] 
2025-08-23 14:10:12,607 [ERROR] LogOutputStream:75 - [STDERR_REDIRECT] [Fatal Error] :1:1: Premature end of file.
2025-08-23 14:10:12,608 [ERROR] LogOutputStream:75 - [STDERR_REDIRECT] 
2025-08-23 14:10:13,607 [ERROR] LogOutputStream:75 - [STDERR_REDIRECT] [Fatal Error] :1:1: Premature end of file.
2025-08-23 14:10:13,607 [ERROR] LogOutputStream:75 - [STDERR_REDIRECT] 
2025-08-23 14:10:14,620 [ERROR] LogOutputStream:75 - [STDERR_REDIRECT] [Fatal Error] :1:1: Premature end of file.
2025-08-23 14:10:14,620 [ERROR] LogOutputStream:75 - [STDERR_REDIRECT] 
2025-08-23 14:10:15,613 [ERROR] LogOutputStream:75 - [STDERR_REDIRECT] [Fatal Error] :1:1: Premature end of file.
2025-08-23 14:10:15,613 [ERROR] LogOutputStream:75 - [STDERR_REDIRECT] 
2025-08-23 14:10:16,605 [ERROR] LogOutputStream:75 - [STDERR_REDIRECT] [Fatal Error] :1:1: Premature end of file.
2025-08-23 14:10:16,605 [ERROR] LogOutputStream:75 - [STDERR_REDIRECT] 
2025-08-23 14:10:17,600 [ERROR] LogOutputStream:75 - [STDERR_REDIRECT] [Fatal Error] :1:1: Premature end of file.
2025-08-23 14:10:17,600 [ERROR] LogOutputStream:75 - [STDERR_REDIRECT] 
2025-08-23 14:10:18,604 [ERROR] LogOutputStream:75 - [STDERR_REDIRECT] [Fatal Error] :1:1: Premature end of file.
2025-08-23 14:10:18,604 [ERROR] LogOutputStream:75 - [STDERR_REDIRECT] 
2025-08-23 14:10:19,623 [ERROR] LogOutputStream:75 - [STDERR_REDIRECT] [Fatal Error] :1:1: Premature end of file.
2025-08-23 14:10:19,624 [ERROR] LogOutputStream:75 - [STDERR_REDIRECT] 
2025-08-23 14:10:20,605 [ERROR] LogOutputStream:75 - [STDERR_REDIRECT] [Fatal Error] :1:1: Premature end of file.
2025-08-23 14:10:20,606 [ERROR] LogOutputStream:75 - [STDERR_REDIRECT] 
2025-08-23 14:10:21,606 [ERROR] LogOutputStream:75 - [STDERR_REDIRECT] [Fatal Error] :1:1: Premature end of file.
2025-08-23 14:10:21,606 [ERROR] LogOutputStream:75 - [STDERR_REDIRECT] 
2025-08-23 14:10:22,616 [ERROR] LogOutputStream:75 - [STDERR_REDIRECT] [Fatal Error] :1:1: Premature end of file.
2025-08-23 14:10:22,616 [ERROR] LogOutputStream:75 - [STDERR_REDIRECT] 
2025-08-23 14:10:23,628 [ERROR] LogOutputStream:75 - [STDERR_REDIRECT] [Fatal Error] :1:1: Premature end of file.
2025-08-23 14:10:23,628 [ERROR] LogOutputStream:75 - [STDERR_REDIRECT] 
2025-08-23 14:10:24,613 [ERROR] LogOutputStream:75 - [STDERR_REDIRECT] [Fatal Error] :1:1: Premature end of file.
2025-08-23 14:10:24,614 [ERROR] LogOutputStream:75 - [STDERR_REDIRECT] 
2025-08-23 14:10:25,596 [ERROR] LogOutputStream:75 - [STDERR_REDIRECT] [Fatal Error] :1:1: Premature end of file.
2025-08-23 14:10:25,596 [ERROR] LogOutputStream:75 - [STDERR_REDIRECT] 
2025-08-23 14:10:26,621 [ERROR] LogOutputStream:75 - [STDERR_REDIRECT] [Fatal Error] :1:1: Premature end of file.
2025-08-23 14:10:26,621 [ERROR] LogOutputStream:75 - [STDERR_REDIRECT] 
2025-08-23 14:10:27,612 [ERROR] LogOutputStream:75 - [STDERR_REDIRECT] [Fatal Error] :1:1: Premature end of file.
2025-08-23 14:10:27,612 [ERROR] LogOutputStream:75 - [STDERR_REDIRECT] 
2025-08-23 14:10:28,621 [ERROR] LogOutputStream:75 - [STDERR_REDIRECT] [Fatal Error] :1:1: Premature end of file.
2025-08-23 14:10:28,621 [ERROR] LogOutputStream:75 - [STDERR_REDIRECT] 
2025-08-23 14:10:29,623 [ERROR] LogOutputStream:75 - [STDERR_REDIRECT] [Fatal Error] :1:1: Premature end of file.
2025-08-23 14:10:29,623 [ERROR] LogOutputStream:75 - [STDERR_REDIRECT] 
2025-08-23 14:10:30,615 [ERROR] LogOutputStream:75 - [STDERR_REDIRECT] [Fatal Error] :1:1: Premature end of file.
2025-08-23 14:10:30,615 [ERROR] LogOutputStream:75 - [STDERR_REDIRECT] 
2025-08-23 14:10:31,612 [ERROR] LogOutputStream:75 - [STDERR_REDIRECT] [Fatal Error] :1:1: Premature end of file.
2025-08-23 14:10:31,612 [ERROR] LogOutputStream:75 - [STDERR_REDIRECT] 
2025-08-23 14:10:32,616 [ERROR] LogOutputStream:75 - [STDERR_REDIRECT] [Fatal Error] :1:1: Premature end of file.
2025-08-23 14:10:32,617 [ERROR] LogOutputStream:75 - [STDERR_REDIRECT] 
2025-08-23 14:10:33,618 [ERROR] LogOutputStream:75 - [STDERR_REDIRECT] [Fatal Error] :1:1: Premature end of file.
2025-08-23 14:10:33,618 [ERROR] LogOutputStream:75 - [STDERR_REDIRECT] 
2025-08-23 14:10:34,612 [ERROR] LogOutputStream:75 - [STDERR_REDIRECT] [Fatal Error] :1:1: Premature end of file.
2025-08-23 14:10:34,612 [ERROR] LogOutputStream:75 - [STDERR_REDIRECT] 
2025-08-23 14:10:35,612 [ERROR] LogOutputStream:75 - [STDERR_REDIRECT] [Fatal Error] :1:1: Premature end of file.
2025-08-23 14:10:35,612 [ERROR] LogOutputStream:75 - [STDERR_REDIRECT] 
2025-08-23 14:10:36,604 [ERROR] LogOutputStream:75 - [STDERR_REDIRECT] [Fatal Error] :1:1: Premature end of file.
2025-08-23 14:10:36,604 [ERROR] LogOutputStream:75 - [STDERR_REDIRECT] 
2025-08-23 14:10:37,618 [ERROR] LogOutputStream:75 - [STDERR_REDIRECT] [Fatal Error] :1:1: Premature end of file.
2025-08-23 14:10:37,618 [ERROR] LogOutputStream:75 - [STDERR_REDIRECT] 
2025-08-23 14:10:38,605 [ERROR] LogOutputStream:75 - [STDERR_REDIRECT] [Fatal Error] :1:1: Premature end of file.
2025-08-23 14:10:38,606 [ERROR] LogOutputStream:75 - [STDERR_REDIRECT] 
2025-08-23 14:10:39,606 [ERROR] LogOutputStream:75 - [STDERR_REDIRECT] [Fatal Error] :1:1: Premature end of file.
2025-08-23 14:10:39,606 [ERROR] LogOutputStream:75 - [STDERR_REDIRECT] 
2025-08-23 14:10:40,604 [ERROR] LogOutputStream:75 - [STDERR_REDIRECT] [Fatal Error] :1:1: Premature end of file.
2025-08-23 14:10:40,604 [ERROR] LogOutputStream:75 - [STDERR_REDIRECT] 
2025-08-23 14:10:41,612 [ERROR] LogOutputStream:75 - [STDERR_REDIRECT] [Fatal Error] :1:1: Premature end of file.
2025-08-23 14:10:41,612 [ERROR] LogOutputStream:75 - [STDERR_REDIRECT] 
2025-08-23 14:10:42,632 [ERROR] LogOutputStream:75 - [STDERR_REDIRECT] [Fatal Error] :1:1: Premature end of file.
2025-08-23 14:10:42,632 [ERROR] LogOutputStream:75 - [STDERR_REDIRECT] 
2025-08-23 14:10:43,608 [ERROR] LogOutputStream:75 - [STDERR_REDIRECT] [Fatal Error] :1:1: Premature end of file.
2025-08-23 14:10:43,609 [ERROR] LogOutputStream:75 - [STDERR_REDIRECT] 
2025-08-23 14:10:44,611 [ERROR] LogOutputStream:75 - [STDERR_REDIRECT] [Fatal Error] :1:1: Premature end of file.
2025-08-23 14:10:44,611 [ERROR] LogOutputStream:75 - [STDERR_REDIRECT] 
2025-08-23 14:10:45,707 [ERROR] LogOutputStream:75 - [STDERR_REDIRECT] [Fatal Error] :1:1: Premature end of file.
2025-08-23 14:10:45,707 [ERROR] LogOutputStream:75 - [STDERR_REDIRECT] 
2025-08-23 14:10:46,603 [ERROR] LogOutputStream:75 - [STDERR_REDIRECT] [Fatal Error] :1:1: Premature end of file.
2025-08-23 14:10:46,603 [ERROR] LogOutputStream:75 - [STDERR_REDIRECT] 
2025-08-23 14:10:47,689 [ERROR] LogOutputStream:75 - [STDERR_REDIRECT] [Fatal Error] :1:1: Premature end of file.
2025-08-23 14:10:47,689 [ERROR] LogOutputStream:75 - [STDERR_REDIRECT] 
2025-08-23 14:10:48,612 [ERROR] LogOutputStream:75 - [STDERR_REDIRECT] [Fatal Error] :1:1: Premature end of file.
2025-08-23 14:10:48,612 [ERROR] LogOutputStream:75 - [STDERR_REDIRECT] 
2025-08-23 14:10:49,609 [ERROR] LogOutputStream:75 - [STDERR_REDIRECT] [Fatal Error] :1:1: Premature end of file.
2025-08-23 14:10:49,610 [ERROR] LogOutputStream:75 - [STDERR_REDIRECT] 
2025-08-23 14:10:50,613 [ERROR] LogOutputStream:75 - [STDERR_REDIRECT] [Fatal Error] :1:1: Premature end of file.
2025-08-23 14:10:50,613 [ERROR] LogOutputStream:75 - [STDERR_REDIRECT] 
2025-08-23 14:10:51,613 [ERROR] LogOutputStream:75 - [STDERR_REDIRECT] [Fatal Error] :1:1: Premature end of file.
2025-08-23 14:10:51,613 [ERROR] LogOutputStream:75 - [STDERR_REDIRECT] 
2025-08-23 14:10:52,617 [ERROR] LogOutputStream:75 - [STDERR_REDIRECT] [Fatal Error] :1:1: Premature end of file.
2025-08-23 14:10:52,617 [ERROR] LogOutputStream:75 - [STDERR_REDIRECT] 
2025-08-23 14:10:53,610 [ERROR] LogOutputStream:75 - [STDERR_REDIRECT] [Fatal Error] :1:1: Premature end of file.
2025-08-23 14:10:53,610 [ERROR] LogOutputStream:75 - [STDERR_REDIRECT] 
2025-08-23 14:10:54,621 [ERROR] LogOutputStream:75 - [STDERR_REDIRECT] [Fatal Error] :1:1: Premature end of file.
2025-08-23 14:10:54,622 [ERROR] LogOutputStream:75 - [STDERR_REDIRECT] 
2025-08-23 14:10:55,602 [ERROR] LogOutputStream:75 - [STDERR_REDIRECT] [Fatal Error] :1:1: Premature end of file.
2025-08-23 14:10:55,602 [ERROR] LogOutputStream:75 - [STDERR_REDIRECT] 
2025-08-23 14:10:56,623 [ERROR] LogOutputStream:75 - [STDERR_REDIRECT] [Fatal Error] :1:1: Premature end of file.
2025-08-23 14:10:56,623 [ERROR] LogOutputStream:75 - [STDERR_REDIRECT] 
2025-08-23 14:10:57,618 [ERROR] LogOutputStream:75 - [STDERR_REDIRECT] [Fatal Error] :1:1: Premature end of file.
2025-08-23 14:10:57,618 [ERROR] LogOutputStream:75 - [STDERR_REDIRECT] 
2025-08-23 14:10:58,615 [ERROR] LogOutputStream:75 - [STDERR_REDIRECT] [Fatal Error] :1:1: Premature end of file.
2025-08-23 14:10:58,615 [ERROR] LogOutputStream:75 - [STDERR_REDIRECT] 
2025-08-23 14:10:59,610 [ERROR] LogOutputStream:75 - [STDERR_REDIRECT] [Fatal Error] :1:1: Premature end of file.
2025-08-23 14:10:59,610 [ERROR] LogOutputStream:75 - [STDERR_REDIRECT] 
2025-08-23 14:11:00,258 [INFO] ServerAccessManage:452 - Complete download http(s) 200
2025-08-23 14:11:00,258 [INFO] ServerAccessManage:509 - Download File stm32cube_fw_h7_v1121.zip
2025-08-23 14:11:00,609 [ERROR] LogOutputStream:75 - [STDERR_REDIRECT] [Fatal Error] :1:1: Premature end of file.
2025-08-23 14:11:00,609 [ERROR] LogOutputStream:75 - [STDERR_REDIRECT] 
2025-08-23 14:11:01,614 [ERROR] LogOutputStream:75 - [STDERR_REDIRECT] [Fatal Error] :1:1: Premature end of file.
2025-08-23 14:11:01,614 [ERROR] LogOutputStream:75 - [STDERR_REDIRECT] 
2025-08-23 14:11:02,611 [ERROR] LogOutputStream:75 - [STDERR_REDIRECT] [Fatal Error] :1:1: Premature end of file.
2025-08-23 14:11:02,612 [ERROR] LogOutputStream:75 - [STDERR_REDIRECT] 
2025-08-23 14:11:03,609 [ERROR] LogOutputStream:75 - [STDERR_REDIRECT] [Fatal Error] :1:1: Premature end of file.
2025-08-23 14:11:03,609 [ERROR] LogOutputStream:75 - [STDERR_REDIRECT] 
2025-08-23 14:11:04,607 [ERROR] LogOutputStream:75 - [STDERR_REDIRECT] [Fatal Error] :1:1: Premature end of file.
2025-08-23 14:11:04,607 [ERROR] LogOutputStream:75 - [STDERR_REDIRECT] 
2025-08-23 14:11:05,604 [ERROR] LogOutputStream:75 - [STDERR_REDIRECT] [Fatal Error] :1:1: Premature end of file.
2025-08-23 14:11:05,604 [ERROR] LogOutputStream:75 - [STDERR_REDIRECT] 
2025-08-23 14:11:06,610 [ERROR] LogOutputStream:75 - [STDERR_REDIRECT] [Fatal Error] :1:1: Premature end of file.
2025-08-23 14:11:06,610 [ERROR] LogOutputStream:75 - [STDERR_REDIRECT] 
2025-08-23 14:11:07,606 [ERROR] LogOutputStream:75 - [STDERR_REDIRECT] [Fatal Error] :1:1: Premature end of file.
2025-08-23 14:11:07,606 [ERROR] LogOutputStream:75 - [STDERR_REDIRECT] 
2025-08-23 14:11:08,600 [ERROR] LogOutputStream:75 - [STDERR_REDIRECT] [Fatal Error] :1:1: Premature end of file.
2025-08-23 14:11:08,600 [ERROR] LogOutputStream:75 - [STDERR_REDIRECT] 
2025-08-23 14:11:09,598 [ERROR] LogOutputStream:75 - [STDERR_REDIRECT] [Fatal Error] :1:1: Premature end of file.
2025-08-23 14:11:09,598 [ERROR] LogOutputStream:75 - [STDERR_REDIRECT] 
2025-08-23 14:11:10,599 [ERROR] LogOutputStream:75 - [STDERR_REDIRECT] [Fatal Error] :1:1: Premature end of file.
2025-08-23 14:11:10,599 [ERROR] LogOutputStream:75 - [STDERR_REDIRECT] 
2025-08-23 14:11:11,601 [ERROR] LogOutputStream:75 - [STDERR_REDIRECT] [Fatal Error] :1:1: Premature end of file.
2025-08-23 14:11:11,601 [ERROR] LogOutputStream:75 - [STDERR_REDIRECT] 
2025-08-23 14:11:12,596 [ERROR] LogOutputStream:75 - [STDERR_REDIRECT] [Fatal Error] :1:1: Premature end of file.
2025-08-23 14:11:12,597 [ERROR] LogOutputStream:75 - [STDERR_REDIRECT] 
2025-08-23 14:11:13,622 [ERROR] LogOutputStream:75 - [STDERR_REDIRECT] [Fatal Error] :1:1: Premature end of file.
2025-08-23 14:11:13,622 [ERROR] LogOutputStream:75 - [STDERR_REDIRECT] 
2025-08-23 14:11:14,596 [ERROR] LogOutputStream:75 - [STDERR_REDIRECT] [Fatal Error] :1:1: Premature end of file.
2025-08-23 14:11:14,596 [ERROR] LogOutputStream:75 - [STDERR_REDIRECT] 
2025-08-23 14:11:15,598 [ERROR] LogOutputStream:75 - [STDERR_REDIRECT] [Fatal Error] :1:1: Premature end of file.
2025-08-23 14:11:15,598 [ERROR] LogOutputStream:75 - [STDERR_REDIRECT] 
2025-08-23 14:11:16,616 [ERROR] LogOutputStream:75 - [STDERR_REDIRECT] [Fatal Error] :1:1: Premature end of file.
2025-08-23 14:11:16,616 [ERROR] LogOutputStream:75 - [STDERR_REDIRECT] 
2025-08-23 14:11:17,596 [ERROR] LogOutputStream:75 - [STDERR_REDIRECT] [Fatal Error] :1:1: Premature end of file.
2025-08-23 14:11:17,596 [ERROR] LogOutputStream:75 - [STDERR_REDIRECT] 
2025-08-23 14:11:18,603 [ERROR] LogOutputStream:75 - [STDERR_REDIRECT] [Fatal Error] :1:1: Premature end of file.
2025-08-23 14:11:18,603 [ERROR] LogOutputStream:75 - [STDERR_REDIRECT] 
2025-08-23 14:11:19,616 [ERROR] LogOutputStream:75 - [STDERR_REDIRECT] [Fatal Error] :1:1: Premature end of file.
2025-08-23 14:11:19,616 [ERROR] LogOutputStream:75 - [STDERR_REDIRECT] 
2025-08-23 14:11:20,607 [ERROR] LogOutputStream:75 - [STDERR_REDIRECT] [Fatal Error] :1:1: Premature end of file.
2025-08-23 14:11:20,607 [ERROR] LogOutputStream:75 - [STDERR_REDIRECT] 
2025-08-23 14:11:21,611 [ERROR] LogOutputStream:75 - [STDERR_REDIRECT] [Fatal Error] :1:1: Premature end of file.
2025-08-23 14:11:21,611 [ERROR] LogOutputStream:75 - [STDERR_REDIRECT] 
2025-08-23 14:11:22,599 [ERROR] LogOutputStream:75 - [STDERR_REDIRECT] [Fatal Error] :1:1: Premature end of file.
2025-08-23 14:11:22,600 [ERROR] LogOutputStream:75 - [STDERR_REDIRECT] 
2025-08-23 14:11:23,619 [ERROR] LogOutputStream:75 - [STDERR_REDIRECT] [Fatal Error] :1:1: Premature end of file.
2025-08-23 14:11:23,619 [ERROR] LogOutputStream:75 - [STDERR_REDIRECT] 
2025-08-23 14:11:24,608 [ERROR] LogOutputStream:75 - [STDERR_REDIRECT] [Fatal Error] :1:1: Premature end of file.
2025-08-23 14:11:24,608 [ERROR] LogOutputStream:75 - [STDERR_REDIRECT] 
2025-08-23 14:11:25,607 [ERROR] LogOutputStream:75 - [STDERR_REDIRECT] [Fatal Error] :1:1: Premature end of file.
2025-08-23 14:11:25,607 [ERROR] LogOutputStream:75 - [STDERR_REDIRECT] 
2025-08-23 14:11:26,608 [ERROR] LogOutputStream:75 - [STDERR_REDIRECT] [Fatal Error] :1:1: Premature end of file.
2025-08-23 14:11:26,608 [ERROR] LogOutputStream:75 - [STDERR_REDIRECT] 
2025-08-23 14:11:27,604 [ERROR] LogOutputStream:75 - [STDERR_REDIRECT] [Fatal Error] :1:1: Premature end of file.
2025-08-23 14:11:27,604 [ERROR] LogOutputStream:75 - [STDERR_REDIRECT] 
2025-08-23 14:11:28,608 [ERROR] LogOutputStream:75 - [STDERR_REDIRECT] [Fatal Error] :1:1: Premature end of file.
2025-08-23 14:11:28,608 [ERROR] LogOutputStream:75 - [STDERR_REDIRECT] 
2025-08-23 14:11:29,609 [ERROR] LogOutputStream:75 - [STDERR_REDIRECT] [Fatal Error] :1:1: Premature end of file.
2025-08-23 14:11:29,609 [ERROR] LogOutputStream:75 - [STDERR_REDIRECT] 
2025-08-23 14:11:30,614 [ERROR] LogOutputStream:75 - [STDERR_REDIRECT] [Fatal Error] :1:1: Premature end of file.
2025-08-23 14:11:30,614 [ERROR] LogOutputStream:75 - [STDERR_REDIRECT] 
2025-08-23 14:11:31,609 [ERROR] LogOutputStream:75 - [STDERR_REDIRECT] [Fatal Error] :1:1: Premature end of file.
2025-08-23 14:11:31,609 [ERROR] LogOutputStream:75 - [STDERR_REDIRECT] 
2025-08-23 14:11:32,600 [ERROR] LogOutputStream:75 - [STDERR_REDIRECT] [Fatal Error] :1:1: Premature end of file.
2025-08-23 14:11:32,600 [ERROR] LogOutputStream:75 - [STDERR_REDIRECT] 
2025-08-23 14:11:33,608 [ERROR] LogOutputStream:75 - [STDERR_REDIRECT] [Fatal Error] :1:1: Premature end of file.
2025-08-23 14:11:33,608 [ERROR] LogOutputStream:75 - [STDERR_REDIRECT] 
2025-08-23 14:11:34,603 [ERROR] LogOutputStream:75 - [STDERR_REDIRECT] [Fatal Error] :1:1: Premature end of file.
2025-08-23 14:11:34,603 [ERROR] LogOutputStream:75 - [STDERR_REDIRECT] 
2025-08-23 14:11:35,619 [ERROR] LogOutputStream:75 - [STDERR_REDIRECT] [Fatal Error] :1:1: Premature end of file.
2025-08-23 14:11:35,619 [ERROR] LogOutputStream:75 - [STDERR_REDIRECT] 
2025-08-23 14:11:36,606 [ERROR] LogOutputStream:75 - [STDERR_REDIRECT] [Fatal Error] :1:1: Premature end of file.
2025-08-23 14:11:36,606 [ERROR] LogOutputStream:75 - [STDERR_REDIRECT] 
2025-08-23 14:11:37,604 [ERROR] LogOutputStream:75 - [STDERR_REDIRECT] [Fatal Error] :1:1: Premature end of file.
2025-08-23 14:11:37,604 [ERROR] LogOutputStream:75 - [STDERR_REDIRECT] 
2025-08-23 14:11:38,604 [ERROR] LogOutputStream:75 - [STDERR_REDIRECT] [Fatal Error] :1:1: Premature end of file.
2025-08-23 14:11:38,604 [ERROR] LogOutputStream:75 - [STDERR_REDIRECT] 
2025-08-23 14:11:39,604 [ERROR] LogOutputStream:75 - [STDERR_REDIRECT] [Fatal Error] :1:1: Premature end of file.
2025-08-23 14:11:39,604 [ERROR] LogOutputStream:75 - [STDERR_REDIRECT] 
2025-08-23 14:11:40,621 [ERROR] LogOutputStream:75 - [STDERR_REDIRECT] [Fatal Error] :1:1: Premature end of file.
2025-08-23 14:11:40,621 [ERROR] LogOutputStream:75 - [STDERR_REDIRECT] 
2025-08-23 14:11:41,608 [ERROR] LogOutputStream:75 - [STDERR_REDIRECT] [Fatal Error] :1:1: Premature end of file.
2025-08-23 14:11:41,608 [ERROR] LogOutputStream:75 - [STDERR_REDIRECT] 
2025-08-23 14:11:42,605 [ERROR] LogOutputStream:75 - [STDERR_REDIRECT] [Fatal Error] :1:1: Premature end of file.
2025-08-23 14:11:42,606 [ERROR] LogOutputStream:75 - [STDERR_REDIRECT] 
2025-08-23 14:11:43,614 [ERROR] LogOutputStream:75 - [STDERR_REDIRECT] [Fatal Error] :1:1: Premature end of file.
2025-08-23 14:11:43,614 [ERROR] LogOutputStream:75 - [STDERR_REDIRECT] 
2025-08-23 14:11:44,606 [ERROR] LogOutputStream:75 - [STDERR_REDIRECT] [Fatal Error] :1:1: Premature end of file.
2025-08-23 14:11:44,606 [ERROR] LogOutputStream:75 - [STDERR_REDIRECT] 
2025-08-23 14:11:45,608 [ERROR] LogOutputStream:75 - [STDERR_REDIRECT] [Fatal Error] :1:1: Premature end of file.
2025-08-23 14:11:45,608 [ERROR] LogOutputStream:75 - [STDERR_REDIRECT] 
2025-08-23 14:11:46,603 [ERROR] LogOutputStream:75 - [STDERR_REDIRECT] [Fatal Error] :1:1: Premature end of file.
2025-08-23 14:11:46,604 [ERROR] LogOutputStream:75 - [STDERR_REDIRECT] 
2025-08-23 14:11:47,598 [ERROR] LogOutputStream:75 - [STDERR_REDIRECT] [Fatal Error] :1:1: Premature end of file.
2025-08-23 14:11:47,598 [ERROR] LogOutputStream:75 - [STDERR_REDIRECT] 
2025-08-23 14:11:47,762 [INFO] FileExtend:248 - Unzip File : stm32cube_fw_h7_v1121.zip
2025-08-23 14:11:47,764 [INFO] FileExtend:263 - Standard Zip Deflate
2025-08-23 14:11:48,634 [ERROR] LogOutputStream:75 - [STDERR_REDIRECT] [Fatal Error] :1:1: Premature end of file.
2025-08-23 14:11:48,634 [ERROR] LogOutputStream:75 - [STDERR_REDIRECT] 
2025-08-23 14:11:49,623 [ERROR] LogOutputStream:75 - [STDERR_REDIRECT] [Fatal Error] :1:1: Premature end of file.
2025-08-23 14:11:49,623 [ERROR] LogOutputStream:75 - [STDERR_REDIRECT] 
2025-08-23 14:11:50,605 [ERROR] LogOutputStream:75 - [STDERR_REDIRECT] [Fatal Error] :1:1: Premature end of file.
2025-08-23 14:11:50,605 [ERROR] LogOutputStream:75 - [STDERR_REDIRECT] 
2025-08-23 14:11:51,620 [ERROR] LogOutputStream:75 - [STDERR_REDIRECT] [Fatal Error] :1:1: Premature end of file.
2025-08-23 14:11:51,620 [ERROR] LogOutputStream:75 - [STDERR_REDIRECT] 
2025-08-23 14:11:52,786 [ERROR] LogOutputStream:75 - [STDERR_REDIRECT] [Fatal Error] :1:1: Premature end of file.
2025-08-23 14:11:52,787 [ERROR] LogOutputStream:75 - [STDERR_REDIRECT] 
2025-08-23 14:11:53,616 [ERROR] LogOutputStream:75 - [STDERR_REDIRECT] [Fatal Error] :1:1: Premature end of file.
2025-08-23 14:11:53,616 [ERROR] LogOutputStream:75 - [STDERR_REDIRECT] 
2025-08-23 14:11:54,675 [ERROR] LogOutputStream:75 - [STDERR_REDIRECT] [Fatal Error] :1:1: Premature end of file.
2025-08-23 14:11:54,675 [ERROR] LogOutputStream:75 - [STDERR_REDIRECT] 
2025-08-23 14:11:55,615 [ERROR] LogOutputStream:75 - [STDERR_REDIRECT] [Fatal Error] :1:1: Premature end of file.
2025-08-23 14:11:55,615 [ERROR] LogOutputStream:75 - [STDERR_REDIRECT] 
2025-08-23 14:11:56,611 [ERROR] LogOutputStream:75 - [STDERR_REDIRECT] [Fatal Error] :1:1: Premature end of file.
2025-08-23 14:11:56,612 [ERROR] LogOutputStream:75 - [STDERR_REDIRECT] 
2025-08-23 14:11:57,626 [ERROR] LogOutputStream:75 - [STDERR_REDIRECT] [Fatal Error] :1:1: Premature end of file.
2025-08-23 14:11:57,626 [ERROR] LogOutputStream:75 - [STDERR_REDIRECT] 
2025-08-23 14:11:58,618 [ERROR] LogOutputStream:75 - [STDERR_REDIRECT] [Fatal Error] :1:1: Premature end of file.
2025-08-23 14:11:58,618 [ERROR] LogOutputStream:75 - [STDERR_REDIRECT] 
2025-08-23 14:11:59,610 [ERROR] LogOutputStream:75 - [STDERR_REDIRECT] [Fatal Error] :1:1: Premature end of file.
2025-08-23 14:11:59,610 [ERROR] LogOutputStream:75 - [STDERR_REDIRECT] 
2025-08-23 14:12:00,622 [ERROR] LogOutputStream:75 - [STDERR_REDIRECT] [Fatal Error] :1:1: Premature end of file.
2025-08-23 14:12:00,622 [ERROR] LogOutputStream:75 - [STDERR_REDIRECT] 
2025-08-23 14:12:01,602 [ERROR] LogOutputStream:75 - [STDERR_REDIRECT] [Fatal Error] :1:1: Premature end of file.
2025-08-23 14:12:01,602 [ERROR] LogOutputStream:75 - [STDERR_REDIRECT] 
2025-08-23 14:12:02,609 [ERROR] LogOutputStream:75 - [STDERR_REDIRECT] [Fatal Error] :1:1: Premature end of file.
2025-08-23 14:12:02,610 [ERROR] LogOutputStream:75 - [STDERR_REDIRECT] 
2025-08-23 14:12:03,600 [ERROR] LogOutputStream:75 - [STDERR_REDIRECT] [Fatal Error] :1:1: Premature end of file.
2025-08-23 14:12:03,600 [ERROR] LogOutputStream:75 - [STDERR_REDIRECT] 
2025-08-23 14:12:04,611 [ERROR] LogOutputStream:75 - [STDERR_REDIRECT] [Fatal Error] :1:1: Premature end of file.
2025-08-23 14:12:04,611 [ERROR] LogOutputStream:75 - [STDERR_REDIRECT] 
2025-08-23 14:12:05,614 [ERROR] LogOutputStream:75 - [STDERR_REDIRECT] [Fatal Error] :1:1: Premature end of file.
2025-08-23 14:12:05,614 [ERROR] LogOutputStream:75 - [STDERR_REDIRECT] 
2025-08-23 14:12:06,610 [ERROR] LogOutputStream:75 - [STDERR_REDIRECT] [Fatal Error] :1:1: Premature end of file.
2025-08-23 14:12:06,610 [ERROR] LogOutputStream:75 - [STDERR_REDIRECT] 
2025-08-23 14:12:07,616 [ERROR] LogOutputStream:75 - [STDERR_REDIRECT] [Fatal Error] :1:1: Premature end of file.
2025-08-23 14:12:07,617 [ERROR] LogOutputStream:75 - [STDERR_REDIRECT] 
2025-08-23 14:12:08,614 [ERROR] LogOutputStream:75 - [STDERR_REDIRECT] [Fatal Error] :1:1: Premature end of file.
2025-08-23 14:12:08,616 [ERROR] LogOutputStream:75 - [STDERR_REDIRECT] 
2025-08-23 14:12:09,610 [ERROR] LogOutputStream:75 - [STDERR_REDIRECT] [Fatal Error] :1:1: Premature end of file.
2025-08-23 14:12:09,610 [ERROR] LogOutputStream:75 - [STDERR_REDIRECT] 
2025-08-23 14:12:10,603 [ERROR] LogOutputStream:75 - [STDERR_REDIRECT] [Fatal Error] :1:1: Premature end of file.
2025-08-23 14:12:10,603 [ERROR] LogOutputStream:75 - [STDERR_REDIRECT] 
2025-08-23 14:12:11,614 [ERROR] LogOutputStream:75 - [STDERR_REDIRECT] [Fatal Error] :1:1: Premature end of file.
2025-08-23 14:12:11,615 [ERROR] LogOutputStream:75 - [STDERR_REDIRECT] 
2025-08-23 14:12:12,619 [ERROR] LogOutputStream:75 - [STDERR_REDIRECT] [Fatal Error] :1:1: Premature end of file.
2025-08-23 14:12:12,619 [ERROR] LogOutputStream:75 - [STDERR_REDIRECT] 
2025-08-23 14:12:13,616 [ERROR] LogOutputStream:75 - [STDERR_REDIRECT] [Fatal Error] :1:1: Premature end of file.
2025-08-23 14:12:13,616 [ERROR] LogOutputStream:75 - [STDERR_REDIRECT] 
2025-08-23 14:12:14,614 [ERROR] LogOutputStream:75 - [STDERR_REDIRECT] [Fatal Error] :1:1: Premature end of file.
2025-08-23 14:12:14,614 [ERROR] LogOutputStream:75 - [STDERR_REDIRECT] 
2025-08-23 14:12:15,611 [ERROR] LogOutputStream:75 - [STDERR_REDIRECT] [Fatal Error] :1:1: Premature end of file.
2025-08-23 14:12:15,611 [ERROR] LogOutputStream:75 - [STDERR_REDIRECT] 
2025-08-23 14:12:16,604 [ERROR] LogOutputStream:75 - [STDERR_REDIRECT] [Fatal Error] :1:1: Premature end of file.
2025-08-23 14:12:16,605 [ERROR] LogOutputStream:75 - [STDERR_REDIRECT] 
2025-08-23 14:12:17,613 [ERROR] LogOutputStream:75 - [STDERR_REDIRECT] [Fatal Error] :1:1: Premature end of file.
2025-08-23 14:12:17,613 [ERROR] LogOutputStream:75 - [STDERR_REDIRECT] 
2025-08-23 14:12:18,615 [ERROR] LogOutputStream:75 - [STDERR_REDIRECT] [Fatal Error] :1:1: Premature end of file.
2025-08-23 14:12:18,615 [ERROR] LogOutputStream:75 - [STDERR_REDIRECT] 
2025-08-23 14:12:19,677 [ERROR] LogOutputStream:75 - [STDERR_REDIRECT] [Fatal Error] :1:1: Premature end of file.
2025-08-23 14:12:19,678 [ERROR] LogOutputStream:75 - [STDERR_REDIRECT] 
2025-08-23 14:12:20,613 [ERROR] LogOutputStream:75 - [STDERR_REDIRECT] [Fatal Error] :1:1: Premature end of file.
2025-08-23 14:12:20,613 [ERROR] LogOutputStream:75 - [STDERR_REDIRECT] 
2025-08-23 14:12:21,605 [ERROR] LogOutputStream:75 - [STDERR_REDIRECT] [Fatal Error] :1:1: Premature end of file.
2025-08-23 14:12:21,605 [ERROR] LogOutputStream:75 - [STDERR_REDIRECT] 
2025-08-23 14:12:22,610 [ERROR] LogOutputStream:75 - [STDERR_REDIRECT] [Fatal Error] :1:1: Premature end of file.
2025-08-23 14:12:22,610 [ERROR] LogOutputStream:75 - [STDERR_REDIRECT] 
2025-08-23 14:12:23,620 [ERROR] LogOutputStream:75 - [STDERR_REDIRECT] [Fatal Error] :1:1: Premature end of file.
2025-08-23 14:12:23,620 [ERROR] LogOutputStream:75 - [STDERR_REDIRECT] 
2025-08-23 14:12:24,610 [ERROR] LogOutputStream:75 - [STDERR_REDIRECT] [Fatal Error] :1:1: Premature end of file.
2025-08-23 14:12:24,610 [ERROR] LogOutputStream:75 - [STDERR_REDIRECT] 
2025-08-23 14:12:25,615 [ERROR] LogOutputStream:75 - [STDERR_REDIRECT] [Fatal Error] :1:1: Premature end of file.
2025-08-23 14:12:25,615 [ERROR] LogOutputStream:75 - [STDERR_REDIRECT] 
2025-08-23 14:12:26,603 [ERROR] LogOutputStream:75 - [STDERR_REDIRECT] [Fatal Error] :1:1: Premature end of file.
2025-08-23 14:12:26,603 [ERROR] LogOutputStream:75 - [STDERR_REDIRECT] 
2025-08-23 14:12:27,602 [ERROR] LogOutputStream:75 - [STDERR_REDIRECT] [Fatal Error] :1:1: Premature end of file.
2025-08-23 14:12:27,602 [ERROR] LogOutputStream:75 - [STDERR_REDIRECT] 
2025-08-23 14:12:28,609 [ERROR] LogOutputStream:75 - [STDERR_REDIRECT] [Fatal Error] :1:1: Premature end of file.
2025-08-23 14:12:28,609 [ERROR] LogOutputStream:75 - [STDERR_REDIRECT] 
2025-08-23 14:12:29,609 [ERROR] LogOutputStream:75 - [STDERR_REDIRECT] [Fatal Error] :1:1: Premature end of file.
2025-08-23 14:12:29,609 [ERROR] LogOutputStream:75 - [STDERR_REDIRECT] 
2025-08-23 14:12:30,617 [ERROR] LogOutputStream:75 - [STDERR_REDIRECT] [Fatal Error] :1:1: Premature end of file.
2025-08-23 14:12:30,617 [ERROR] LogOutputStream:75 - [STDERR_REDIRECT] 
2025-08-23 14:12:31,604 [ERROR] LogOutputStream:75 - [STDERR_REDIRECT] [Fatal Error] :1:1: Premature end of file.
2025-08-23 14:12:31,604 [ERROR] LogOutputStream:75 - [STDERR_REDIRECT] 
2025-08-23 14:12:32,612 [ERROR] LogOutputStream:75 - [STDERR_REDIRECT] [Fatal Error] :1:1: Premature end of file.
2025-08-23 14:12:32,613 [ERROR] LogOutputStream:75 - [STDERR_REDIRECT] 
2025-08-23 14:12:33,612 [ERROR] LogOutputStream:75 - [STDERR_REDIRECT] [Fatal Error] :1:1: Premature end of file.
2025-08-23 14:12:33,612 [ERROR] LogOutputStream:75 - [STDERR_REDIRECT] 
2025-08-23 14:12:34,617 [ERROR] LogOutputStream:75 - [STDERR_REDIRECT] [Fatal Error] :1:1: Premature end of file.
2025-08-23 14:12:34,618 [ERROR] LogOutputStream:75 - [STDERR_REDIRECT] 
2025-08-23 14:12:35,613 [ERROR] LogOutputStream:75 - [STDERR_REDIRECT] [Fatal Error] :1:1: Premature end of file.
2025-08-23 14:12:35,613 [ERROR] LogOutputStream:75 - [STDERR_REDIRECT] 
2025-08-23 14:12:36,612 [ERROR] LogOutputStream:75 - [STDERR_REDIRECT] [Fatal Error] :1:1: Premature end of file.
2025-08-23 14:12:36,612 [ERROR] LogOutputStream:75 - [STDERR_REDIRECT] 
2025-08-23 14:12:37,616 [ERROR] LogOutputStream:75 - [STDERR_REDIRECT] [Fatal Error] :1:1: Premature end of file.
2025-08-23 14:12:37,616 [ERROR] LogOutputStream:75 - [STDERR_REDIRECT] 
2025-08-23 14:12:38,610 [ERROR] LogOutputStream:75 - [STDERR_REDIRECT] [Fatal Error] :1:1: Premature end of file.
2025-08-23 14:12:38,610 [ERROR] LogOutputStream:75 - [STDERR_REDIRECT] 
2025-08-23 14:12:39,607 [ERROR] LogOutputStream:75 - [STDERR_REDIRECT] [Fatal Error] :1:1: Premature end of file.
2025-08-23 14:12:39,607 [ERROR] LogOutputStream:75 - [STDERR_REDIRECT] 
2025-08-23 14:12:40,603 [ERROR] LogOutputStream:75 - [STDERR_REDIRECT] [Fatal Error] :1:1: Premature end of file.
2025-08-23 14:12:40,603 [ERROR] LogOutputStream:75 - [STDERR_REDIRECT] 
2025-08-23 14:12:41,373 [INFO] LoadServerPackagesThread:196 - End of LoadServerPackages Thread
2025-08-23 14:12:41,629 [ERROR] LogOutputStream:75 - [STDERR_REDIRECT] [Fatal Error] :1:1: Premature end of file.
2025-08-23 14:12:41,635 [ERROR] LogOutputStream:75 - [STDERR_REDIRECT] 
2025-08-23 14:12:42,237 [INFO] ThirdPartyModel:298 - Start build external matchings
2025-08-23 14:12:42,626 [ERROR] LogOutputStream:75 - [STDERR_REDIRECT] [Fatal Error] :1:1: Premature end of file.
2025-08-23 14:12:42,626 [ERROR] LogOutputStream:75 - [STDERR_REDIRECT] 
2025-08-23 14:12:43,649 [ERROR] LogOutputStream:75 - [STDERR_REDIRECT] [Fatal Error] :1:1: Premature end of file.
2025-08-23 14:12:43,653 [ERROR] LogOutputStream:75 - [STDERR_REDIRECT] 
2025-08-23 14:12:44,170 [INFO] ThirdPartyModel:316 - End build external matchings
2025-08-23 14:12:44,233 [INFO] ThirdPartyModel:298 - Start build external matchings
2025-08-23 14:12:44,646 [ERROR] LogOutputStream:75 - [STDERR_REDIRECT] [Fatal Error] :1:1: Premature end of file.
2025-08-23 14:12:44,646 [ERROR] LogOutputStream:75 - [STDERR_REDIRECT] 
2025-08-23 14:12:45,617 [ERROR] LogOutputStream:75 - [STDERR_REDIRECT] [Fatal Error] :1:1: Premature end of file.
2025-08-23 14:12:45,617 [ERROR] LogOutputStream:75 - [STDERR_REDIRECT] 
2025-08-23 14:12:45,834 [INFO] ThirdPartyModel:316 - End build external matchings
2025-08-23 14:12:45,845 [INFO] CheckServerUpdateThread:120 - End of CheckServer Thread
2025-08-23 14:12:46,608 [ERROR] LogOutputStream:75 - [STDERR_REDIRECT] [Fatal Error] :1:1: Premature end of file.
2025-08-23 14:12:46,608 [ERROR] LogOutputStream:75 - [STDERR_REDIRECT] 
2025-08-23 14:12:47,618 [ERROR] LogOutputStream:75 - [STDERR_REDIRECT] [Fatal Error] :1:1: Premature end of file.
2025-08-23 14:12:47,619 [ERROR] LogOutputStream:75 - [STDERR_REDIRECT] 
2025-08-23 14:12:48,618 [ERROR] LogOutputStream:75 - [STDERR_REDIRECT] [Fatal Error] :1:1: Premature end of file.
2025-08-23 14:12:48,618 [ERROR] LogOutputStream:75 - [STDERR_REDIRECT] 
2025-08-23 14:12:49,620 [ERROR] LogOutputStream:75 - [STDERR_REDIRECT] [Fatal Error] :1:1: Premature end of file.
2025-08-23 14:12:49,620 [ERROR] LogOutputStream:75 - [STDERR_REDIRECT] 
2025-08-23 14:12:50,615 [ERROR] LogOutputStream:75 - [STDERR_REDIRECT] [Fatal Error] :1:1: Premature end of file.
2025-08-23 14:12:50,615 [ERROR] LogOutputStream:75 - [STDERR_REDIRECT] 
2025-08-23 14:12:51,618 [ERROR] LogOutputStream:75 - [STDERR_REDIRECT] [Fatal Error] :1:1: Premature end of file.
2025-08-23 14:12:51,618 [ERROR] LogOutputStream:75 - [STDERR_REDIRECT] 
2025-08-23 14:12:52,624 [ERROR] LogOutputStream:75 - [STDERR_REDIRECT] [Fatal Error] :1:1: Premature end of file.
2025-08-23 14:12:52,624 [ERROR] LogOutputStream:75 - [STDERR_REDIRECT] 
2025-08-23 14:12:53,622 [ERROR] LogOutputStream:75 - [STDERR_REDIRECT] [Fatal Error] :1:1: Premature end of file.
2025-08-23 14:12:53,622 [ERROR] LogOutputStream:75 - [STDERR_REDIRECT] 
2025-08-23 14:12:54,612 [ERROR] LogOutputStream:75 - [STDERR_REDIRECT] [Fatal Error] :1:1: Premature end of file.
2025-08-23 14:12:54,612 [ERROR] LogOutputStream:75 - [STDERR_REDIRECT] 
2025-08-23 14:12:55,622 [ERROR] LogOutputStream:75 - [STDERR_REDIRECT] [Fatal Error] :1:1: Premature end of file.
2025-08-23 14:12:55,622 [ERROR] LogOutputStream:75 - [STDERR_REDIRECT] 
2025-08-23 14:12:56,609 [ERROR] LogOutputStream:75 - [STDERR_REDIRECT] [Fatal Error] :1:1: Premature end of file.
2025-08-23 14:12:56,609 [ERROR] LogOutputStream:75 - [STDERR_REDIRECT] 
2025-08-23 14:12:57,614 [ERROR] LogOutputStream:75 - [STDERR_REDIRECT] [Fatal Error] :1:1: Premature end of file.
2025-08-23 14:12:57,614 [ERROR] LogOutputStream:75 - [STDERR_REDIRECT] 
2025-08-23 14:12:58,613 [ERROR] LogOutputStream:75 - [STDERR_REDIRECT] [Fatal Error] :1:1: Premature end of file.
2025-08-23 14:12:58,613 [ERROR] LogOutputStream:75 - [STDERR_REDIRECT] 
2025-08-23 14:12:59,600 [ERROR] LogOutputStream:75 - [STDERR_REDIRECT] [Fatal Error] :1:1: Premature end of file.
2025-08-23 14:12:59,600 [ERROR] LogOutputStream:75 - [STDERR_REDIRECT] 
2025-08-23 14:13:00,609 [ERROR] LogOutputStream:75 - [STDERR_REDIRECT] [Fatal Error] :1:1: Premature end of file.
2025-08-23 14:13:00,609 [ERROR] LogOutputStream:75 - [STDERR_REDIRECT] 
2025-08-23 14:13:01,624 [ERROR] LogOutputStream:75 - [STDERR_REDIRECT] [Fatal Error] :1:1: Premature end of file.
2025-08-23 14:13:01,624 [ERROR] LogOutputStream:75 - [STDERR_REDIRECT] 
2025-08-23 14:13:02,625 [ERROR] LogOutputStream:75 - [STDERR_REDIRECT] [Fatal Error] :1:1: Premature end of file.
2025-08-23 14:13:02,625 [ERROR] LogOutputStream:75 - [STDERR_REDIRECT] 
2025-08-23 14:13:03,614 [ERROR] LogOutputStream:75 - [STDERR_REDIRECT] [Fatal Error] :1:1: Premature end of file.
2025-08-23 14:13:03,614 [ERROR] LogOutputStream:75 - [STDERR_REDIRECT] 
2025-08-23 14:13:04,614 [ERROR] LogOutputStream:75 - [STDERR_REDIRECT] [Fatal Error] :1:1: Premature end of file.
2025-08-23 14:13:04,614 [ERROR] LogOutputStream:75 - [STDERR_REDIRECT] 
2025-08-23 14:13:05,613 [ERROR] LogOutputStream:75 - [STDERR_REDIRECT] [Fatal Error] :1:1: Premature end of file.
2025-08-23 14:13:05,613 [ERROR] LogOutputStream:75 - [STDERR_REDIRECT] 
2025-08-23 14:13:06,623 [ERROR] LogOutputStream:75 - [STDERR_REDIRECT] [Fatal Error] :1:1: Premature end of file.
2025-08-23 14:13:06,623 [ERROR] LogOutputStream:75 - [STDERR_REDIRECT] 
2025-08-23 14:13:07,608 [ERROR] LogOutputStream:75 - [STDERR_REDIRECT] [Fatal Error] :1:1: Premature end of file.
2025-08-23 14:13:07,608 [ERROR] LogOutputStream:75 - [STDERR_REDIRECT] 
2025-08-23 14:13:08,613 [ERROR] LogOutputStream:75 - [STDERR_REDIRECT] [Fatal Error] :1:1: Premature end of file.
2025-08-23 14:13:08,613 [ERROR] LogOutputStream:75 - [STDERR_REDIRECT] 
2025-08-23 14:13:09,611 [ERROR] LogOutputStream:75 - [STDERR_REDIRECT] [Fatal Error] :1:1: Premature end of file.
2025-08-23 14:13:09,611 [ERROR] LogOutputStream:75 - [STDERR_REDIRECT] 
2025-08-23 14:13:10,623 [ERROR] LogOutputStream:75 - [STDERR_REDIRECT] [Fatal Error] :1:1: Premature end of file.
2025-08-23 14:13:10,623 [ERROR] LogOutputStream:75 - [STDERR_REDIRECT] 
2025-08-23 14:13:11,618 [ERROR] LogOutputStream:75 - [STDERR_REDIRECT] [Fatal Error] :1:1: Premature end of file.
2025-08-23 14:13:11,619 [ERROR] LogOutputStream:75 - [STDERR_REDIRECT] 
2025-08-23 14:13:12,610 [ERROR] LogOutputStream:75 - [STDERR_REDIRECT] [Fatal Error] :1:1: Premature end of file.
2025-08-23 14:13:12,610 [ERROR] LogOutputStream:75 - [STDERR_REDIRECT] 
2025-08-23 14:13:13,615 [ERROR] LogOutputStream:75 - [STDERR_REDIRECT] [Fatal Error] :1:1: Premature end of file.
2025-08-23 14:13:13,615 [ERROR] LogOutputStream:75 - [STDERR_REDIRECT] 
2025-08-23 14:13:14,603 [ERROR] LogOutputStream:75 - [STDERR_REDIRECT] [Fatal Error] :1:1: Premature end of file.
2025-08-23 14:13:14,604 [ERROR] LogOutputStream:75 - [STDERR_REDIRECT] 
2025-08-23 14:13:15,616 [ERROR] LogOutputStream:75 - [STDERR_REDIRECT] [Fatal Error] :1:1: Premature end of file.
2025-08-23 14:13:15,616 [ERROR] LogOutputStream:75 - [STDERR_REDIRECT] 
2025-08-23 14:13:16,627 [ERROR] LogOutputStream:75 - [STDERR_REDIRECT] [Fatal Error] :1:1: Premature end of file.
2025-08-23 14:13:16,627 [ERROR] LogOutputStream:75 - [STDERR_REDIRECT] 
2025-08-23 14:13:17,616 [ERROR] LogOutputStream:75 - [STDERR_REDIRECT] [Fatal Error] :1:1: Premature end of file.
2025-08-23 14:13:17,617 [ERROR] LogOutputStream:75 - [STDERR_REDIRECT] 
2025-08-23 14:13:18,612 [ERROR] LogOutputStream:75 - [STDERR_REDIRECT] [Fatal Error] :1:1: Premature end of file.
2025-08-23 14:13:18,612 [ERROR] LogOutputStream:75 - [STDERR_REDIRECT] 
2025-08-23 14:13:19,620 [ERROR] LogOutputStream:75 - [STDERR_REDIRECT] [Fatal Error] :1:1: Premature end of file.
2025-08-23 14:13:19,621 [ERROR] LogOutputStream:75 - [STDERR_REDIRECT] 
2025-08-23 14:13:20,617 [ERROR] LogOutputStream:75 - [STDERR_REDIRECT] [Fatal Error] :1:1: Premature end of file.
2025-08-23 14:13:20,617 [ERROR] LogOutputStream:75 - [STDERR_REDIRECT] 
2025-08-23 14:13:21,607 [ERROR] LogOutputStream:75 - [STDERR_REDIRECT] [Fatal Error] :1:1: Premature end of file.
2025-08-23 14:13:21,607 [ERROR] LogOutputStream:75 - [STDERR_REDIRECT] 
2025-08-23 14:13:22,621 [ERROR] LogOutputStream:75 - [STDERR_REDIRECT] [Fatal Error] :1:1: Premature end of file.
2025-08-23 14:13:22,622 [ERROR] LogOutputStream:75 - [STDERR_REDIRECT] 
2025-08-23 14:13:23,625 [ERROR] LogOutputStream:75 - [STDERR_REDIRECT] [Fatal Error] :1:1: Premature end of file.
2025-08-23 14:13:23,625 [ERROR] LogOutputStream:75 - [STDERR_REDIRECT] 
2025-08-23 14:13:24,619 [ERROR] LogOutputStream:75 - [STDERR_REDIRECT] [Fatal Error] :1:1: Premature end of file.
2025-08-23 14:13:24,620 [ERROR] LogOutputStream:75 - [STDERR_REDIRECT] 
2025-08-23 14:13:25,610 [ERROR] LogOutputStream:75 - [STDERR_REDIRECT] [Fatal Error] :1:1: Premature end of file.
2025-08-23 14:13:25,610 [ERROR] LogOutputStream:75 - [STDERR_REDIRECT] 
2025-08-23 14:13:26,609 [ERROR] LogOutputStream:75 - [STDERR_REDIRECT] [Fatal Error] :1:1: Premature end of file.
2025-08-23 14:13:26,609 [ERROR] LogOutputStream:75 - [STDERR_REDIRECT] 
2025-08-23 14:13:27,614 [ERROR] LogOutputStream:75 - [STDERR_REDIRECT] [Fatal Error] :1:1: Premature end of file.
2025-08-23 14:13:27,614 [ERROR] LogOutputStream:75 - [STDERR_REDIRECT] 
2025-08-23 14:13:28,606 [ERROR] LogOutputStream:75 - [STDERR_REDIRECT] [Fatal Error] :1:1: Premature end of file.
2025-08-23 14:13:28,606 [ERROR] LogOutputStream:75 - [STDERR_REDIRECT] 
2025-08-23 14:13:29,618 [ERROR] LogOutputStream:75 - [STDERR_REDIRECT] [Fatal Error] :1:1: Premature end of file.
2025-08-23 14:13:29,618 [ERROR] LogOutputStream:75 - [STDERR_REDIRECT] 
2025-08-23 14:13:30,622 [ERROR] LogOutputStream:75 - [STDERR_REDIRECT] [Fatal Error] :1:1: Premature end of file.
2025-08-23 14:13:30,622 [ERROR] LogOutputStream:75 - [STDERR_REDIRECT] 
2025-08-23 14:13:31,619 [ERROR] LogOutputStream:75 - [STDERR_REDIRECT] [Fatal Error] :1:1: Premature end of file.
2025-08-23 14:13:31,619 [ERROR] LogOutputStream:75 - [STDERR_REDIRECT] 
2025-08-23 14:13:32,611 [ERROR] LogOutputStream:75 - [STDERR_REDIRECT] [Fatal Error] :1:1: Premature end of file.
2025-08-23 14:13:32,612 [ERROR] LogOutputStream:75 - [STDERR_REDIRECT] 
2025-08-23 14:13:33,617 [ERROR] LogOutputStream:75 - [STDERR_REDIRECT] [Fatal Error] :1:1: Premature end of file.
2025-08-23 14:13:33,617 [ERROR] LogOutputStream:75 - [STDERR_REDIRECT] 
2025-08-23 14:13:34,618 [ERROR] LogOutputStream:75 - [STDERR_REDIRECT] [Fatal Error] :1:1: Premature end of file.
2025-08-23 14:13:34,619 [ERROR] LogOutputStream:75 - [STDERR_REDIRECT] 
2025-08-23 14:13:35,619 [ERROR] LogOutputStream:75 - [STDERR_REDIRECT] [Fatal Error] :1:1: Premature end of file.
2025-08-23 14:13:35,619 [ERROR] LogOutputStream:75 - [STDERR_REDIRECT] 
2025-08-23 14:13:36,612 [ERROR] LogOutputStream:75 - [STDERR_REDIRECT] [Fatal Error] :1:1: Premature end of file.
2025-08-23 14:13:36,612 [ERROR] LogOutputStream:75 - [STDERR_REDIRECT] 
2025-08-23 14:13:37,612 [ERROR] LogOutputStream:75 - [STDERR_REDIRECT] [Fatal Error] :1:1: Premature end of file.
2025-08-23 14:13:37,612 [ERROR] LogOutputStream:75 - [STDERR_REDIRECT] 
2025-08-23 14:13:38,613 [ERROR] LogOutputStream:75 - [STDERR_REDIRECT] [Fatal Error] :1:1: Premature end of file.
2025-08-23 14:13:38,613 [ERROR] LogOutputStream:75 - [STDERR_REDIRECT] 
2025-08-23 14:13:39,623 [ERROR] LogOutputStream:75 - [STDERR_REDIRECT] [Fatal Error] :1:1: Premature end of file.
2025-08-23 14:13:39,623 [ERROR] LogOutputStream:75 - [STDERR_REDIRECT] 
2025-08-23 14:13:40,620 [ERROR] LogOutputStream:75 - [STDERR_REDIRECT] [Fatal Error] :1:1: Premature end of file.
2025-08-23 14:13:40,620 [ERROR] LogOutputStream:75 - [STDERR_REDIRECT] 
2025-08-23 14:13:41,616 [ERROR] LogOutputStream:75 - [STDERR_REDIRECT] [Fatal Error] :1:1: Premature end of file.
2025-08-23 14:13:41,616 [ERROR] LogOutputStream:75 - [STDERR_REDIRECT] 
2025-08-23 14:13:42,614 [ERROR] LogOutputStream:75 - [STDERR_REDIRECT] [Fatal Error] :1:1: Premature end of file.
2025-08-23 14:13:42,614 [ERROR] LogOutputStream:75 - [STDERR_REDIRECT] 
2025-08-23 14:13:43,607 [ERROR] LogOutputStream:75 - [STDERR_REDIRECT] [Fatal Error] :1:1: Premature end of file.
2025-08-23 14:13:43,607 [ERROR] LogOutputStream:75 - [STDERR_REDIRECT] 
2025-08-23 14:13:44,617 [ERROR] LogOutputStream:75 - [STDERR_REDIRECT] [Fatal Error] :1:1: Premature end of file.
2025-08-23 14:13:44,617 [ERROR] LogOutputStream:75 - [STDERR_REDIRECT] 
2025-08-23 14:13:45,603 [ERROR] LogOutputStream:75 - [STDERR_REDIRECT] [Fatal Error] :1:1: Premature end of file.
2025-08-23 14:13:45,603 [ERROR] LogOutputStream:75 - [STDERR_REDIRECT] 
2025-08-23 14:13:46,619 [ERROR] LogOutputStream:75 - [STDERR_REDIRECT] [Fatal Error] :1:1: Premature end of file.
2025-08-23 14:13:46,619 [ERROR] LogOutputStream:75 - [STDERR_REDIRECT] 
2025-08-23 14:13:47,629 [ERROR] LogOutputStream:75 - [STDERR_REDIRECT] [Fatal Error] :1:1: Premature end of file.
2025-08-23 14:13:47,629 [ERROR] LogOutputStream:75 - [STDERR_REDIRECT] 
2025-08-23 14:13:48,617 [ERROR] LogOutputStream:75 - [STDERR_REDIRECT] [Fatal Error] :1:1: Premature end of file.
2025-08-23 14:13:48,617 [ERROR] LogOutputStream:75 - [STDERR_REDIRECT] 
2025-08-23 14:13:49,605 [ERROR] LogOutputStream:75 - [STDERR_REDIRECT] [Fatal Error] :1:1: Premature end of file.
2025-08-23 14:13:49,605 [ERROR] LogOutputStream:75 - [STDERR_REDIRECT] 
2025-08-23 14:13:50,621 [ERROR] LogOutputStream:75 - [STDERR_REDIRECT] [Fatal Error] :1:1: Premature end of file.
2025-08-23 14:13:50,621 [ERROR] LogOutputStream:75 - [STDERR_REDIRECT] 
2025-08-23 14:13:51,622 [ERROR] LogOutputStream:75 - [STDERR_REDIRECT] [Fatal Error] :1:1: Premature end of file.
2025-08-23 14:13:51,622 [ERROR] LogOutputStream:75 - [STDERR_REDIRECT] 
2025-08-23 14:13:52,613 [ERROR] LogOutputStream:75 - [STDERR_REDIRECT] [Fatal Error] :1:1: Premature end of file.
2025-08-23 14:13:52,613 [ERROR] LogOutputStream:75 - [STDERR_REDIRECT] 
2025-08-23 14:13:53,605 [ERROR] LogOutputStream:75 - [STDERR_REDIRECT] [Fatal Error] :1:1: Premature end of file.
2025-08-23 14:13:53,605 [ERROR] LogOutputStream:75 - [STDERR_REDIRECT] 
2025-08-23 14:13:54,607 [ERROR] LogOutputStream:75 - [STDERR_REDIRECT] [Fatal Error] :1:1: Premature end of file.
2025-08-23 14:13:54,607 [ERROR] LogOutputStream:75 - [STDERR_REDIRECT] 
2025-08-23 14:13:55,603 [ERROR] LogOutputStream:75 - [STDERR_REDIRECT] [Fatal Error] :1:1: Premature end of file.
2025-08-23 14:13:55,603 [ERROR] LogOutputStream:75 - [STDERR_REDIRECT] 
2025-08-23 14:13:56,611 [ERROR] LogOutputStream:75 - [STDERR_REDIRECT] [Fatal Error] :1:1: Premature end of file.
2025-08-23 14:13:56,611 [ERROR] LogOutputStream:75 - [STDERR_REDIRECT] 
2025-08-23 14:13:57,612 [ERROR] LogOutputStream:75 - [STDERR_REDIRECT] [Fatal Error] :1:1: Premature end of file.
2025-08-23 14:13:57,613 [ERROR] LogOutputStream:75 - [STDERR_REDIRECT] 
2025-08-23 14:13:58,622 [ERROR] LogOutputStream:75 - [STDERR_REDIRECT] [Fatal Error] :1:1: Premature end of file.
2025-08-23 14:13:58,622 [ERROR] LogOutputStream:75 - [STDERR_REDIRECT] 
2025-08-23 14:13:59,621 [ERROR] LogOutputStream:75 - [STDERR_REDIRECT] [Fatal Error] :1:1: Premature end of file.
2025-08-23 14:13:59,621 [ERROR] LogOutputStream:75 - [STDERR_REDIRECT] 
2025-08-23 14:14:00,619 [ERROR] LogOutputStream:75 - [STDERR_REDIRECT] [Fatal Error] :1:1: Premature end of file.
2025-08-23 14:14:00,619 [ERROR] LogOutputStream:75 - [STDERR_REDIRECT] 
2025-08-23 14:14:01,605 [ERROR] LogOutputStream:75 - [STDERR_REDIRECT] [Fatal Error] :1:1: Premature end of file.
2025-08-23 14:14:01,605 [ERROR] LogOutputStream:75 - [STDERR_REDIRECT] 
2025-08-23 14:14:02,611 [ERROR] LogOutputStream:75 - [STDERR_REDIRECT] [Fatal Error] :1:1: Premature end of file.
2025-08-23 14:14:02,611 [ERROR] LogOutputStream:75 - [STDERR_REDIRECT] 
2025-08-23 14:14:03,607 [ERROR] LogOutputStream:75 - [STDERR_REDIRECT] [Fatal Error] :1:1: Premature end of file.
2025-08-23 14:14:03,607 [ERROR] LogOutputStream:75 - [STDERR_REDIRECT] 
2025-08-23 14:14:04,621 [ERROR] LogOutputStream:75 - [STDERR_REDIRECT] [Fatal Error] :1:1: Premature end of file.
2025-08-23 14:14:04,621 [ERROR] LogOutputStream:75 - [STDERR_REDIRECT] 
2025-08-23 14:14:05,620 [ERROR] LogOutputStream:75 - [STDERR_REDIRECT] [Fatal Error] :1:1: Premature end of file.
2025-08-23 14:14:05,621 [ERROR] LogOutputStream:75 - [STDERR_REDIRECT] 
2025-08-23 14:14:06,614 [ERROR] LogOutputStream:75 - [STDERR_REDIRECT] [Fatal Error] :1:1: Premature end of file.
2025-08-23 14:14:06,614 [ERROR] LogOutputStream:75 - [STDERR_REDIRECT] 
2025-08-23 14:14:07,623 [ERROR] LogOutputStream:75 - [STDERR_REDIRECT] [Fatal Error] :1:1: Premature end of file.
2025-08-23 14:14:07,623 [ERROR] LogOutputStream:75 - [STDERR_REDIRECT] 
2025-08-23 14:14:08,611 [ERROR] LogOutputStream:75 - [STDERR_REDIRECT] [Fatal Error] :1:1: Premature end of file.
2025-08-23 14:14:08,611 [ERROR] LogOutputStream:75 - [STDERR_REDIRECT] 
2025-08-23 14:14:09,619 [ERROR] LogOutputStream:75 - [STDERR_REDIRECT] [Fatal Error] :1:1: Premature end of file.
2025-08-23 14:14:09,619 [ERROR] LogOutputStream:75 - [STDERR_REDIRECT] 
2025-08-23 14:14:10,620 [ERROR] LogOutputStream:75 - [STDERR_REDIRECT] [Fatal Error] :1:1: Premature end of file.
2025-08-23 14:14:10,620 [ERROR] LogOutputStream:75 - [STDERR_REDIRECT] 
2025-08-23 14:14:11,615 [ERROR] LogOutputStream:75 - [STDERR_REDIRECT] [Fatal Error] :1:1: Premature end of file.
2025-08-23 14:14:11,615 [ERROR] LogOutputStream:75 - [STDERR_REDIRECT] 
2025-08-23 14:14:12,618 [ERROR] LogOutputStream:75 - [STDERR_REDIRECT] [Fatal Error] :1:1: Premature end of file.
2025-08-23 14:14:12,618 [ERROR] LogOutputStream:75 - [STDERR_REDIRECT] 
2025-08-23 14:14:13,614 [ERROR] LogOutputStream:75 - [STDERR_REDIRECT] [Fatal Error] :1:1: Premature end of file.
2025-08-23 14:14:13,614 [ERROR] LogOutputStream:75 - [STDERR_REDIRECT] 
2025-08-23 14:14:14,618 [ERROR] LogOutputStream:75 - [STDERR_REDIRECT] [Fatal Error] :1:1: Premature end of file.
2025-08-23 14:14:14,618 [ERROR] LogOutputStream:75 - [STDERR_REDIRECT] 
2025-08-23 14:14:15,612 [ERROR] LogOutputStream:75 - [STDERR_REDIRECT] [Fatal Error] :1:1: Premature end of file.
2025-08-23 14:14:15,613 [ERROR] LogOutputStream:75 - [STDERR_REDIRECT] 
2025-08-23 14:14:16,611 [ERROR] LogOutputStream:75 - [STDERR_REDIRECT] [Fatal Error] :1:1: Premature end of file.
2025-08-23 14:14:16,611 [ERROR] LogOutputStream:75 - [STDERR_REDIRECT] 
2025-08-23 14:14:17,606 [ERROR] LogOutputStream:75 - [STDERR_REDIRECT] [Fatal Error] :1:1: Premature end of file.
2025-08-23 14:14:17,607 [ERROR] LogOutputStream:75 - [STDERR_REDIRECT] 
2025-08-23 14:14:18,607 [ERROR] LogOutputStream:75 - [STDERR_REDIRECT] [Fatal Error] :1:1: Premature end of file.
2025-08-23 14:14:18,607 [ERROR] LogOutputStream:75 - [STDERR_REDIRECT] 
2025-08-23 14:14:19,617 [ERROR] LogOutputStream:75 - [STDERR_REDIRECT] [Fatal Error] :1:1: Premature end of file.
2025-08-23 14:14:19,617 [ERROR] LogOutputStream:75 - [STDERR_REDIRECT] 
2025-08-23 14:14:20,614 [ERROR] LogOutputStream:75 - [STDERR_REDIRECT] [Fatal Error] :1:1: Premature end of file.
2025-08-23 14:14:20,614 [ERROR] LogOutputStream:75 - [STDERR_REDIRECT] 
2025-08-23 14:14:21,611 [ERROR] LogOutputStream:75 - [STDERR_REDIRECT] [Fatal Error] :1:1: Premature end of file.
2025-08-23 14:14:21,611 [ERROR] LogOutputStream:75 - [STDERR_REDIRECT] 
2025-08-23 14:14:22,616 [ERROR] LogOutputStream:75 - [STDERR_REDIRECT] [Fatal Error] :1:1: Premature end of file.
2025-08-23 14:14:22,616 [ERROR] LogOutputStream:75 - [STDERR_REDIRECT] 
2025-08-23 14:14:23,620 [ERROR] LogOutputStream:75 - [STDERR_REDIRECT] [Fatal Error] :1:1: Premature end of file.
2025-08-23 14:14:23,620 [ERROR] LogOutputStream:75 - [STDERR_REDIRECT] 
2025-08-23 14:14:24,611 [ERROR] LogOutputStream:75 - [STDERR_REDIRECT] [Fatal Error] :1:1: Premature end of file.
2025-08-23 14:14:24,612 [ERROR] LogOutputStream:75 - [STDERR_REDIRECT] 
2025-08-23 14:14:25,614 [ERROR] LogOutputStream:75 - [STDERR_REDIRECT] [Fatal Error] :1:1: Premature end of file.
2025-08-23 14:14:25,615 [ERROR] LogOutputStream:75 - [STDERR_REDIRECT] 
2025-08-23 14:14:26,615 [ERROR] LogOutputStream:75 - [STDERR_REDIRECT] [Fatal Error] :1:1: Premature end of file.
2025-08-23 14:14:26,616 [ERROR] LogOutputStream:75 - [STDERR_REDIRECT] 
2025-08-23 14:14:27,610 [ERROR] LogOutputStream:75 - [STDERR_REDIRECT] [Fatal Error] :1:1: Premature end of file.
2025-08-23 14:14:27,610 [ERROR] LogOutputStream:75 - [STDERR_REDIRECT] 
2025-08-23 14:14:28,615 [ERROR] LogOutputStream:75 - [STDERR_REDIRECT] [Fatal Error] :1:1: Premature end of file.
2025-08-23 14:14:28,615 [ERROR] LogOutputStream:75 - [STDERR_REDIRECT] 
2025-08-23 14:14:29,615 [ERROR] LogOutputStream:75 - [STDERR_REDIRECT] [Fatal Error] :1:1: Premature end of file.
2025-08-23 14:14:29,615 [ERROR] LogOutputStream:75 - [STDERR_REDIRECT] 
2025-08-23 14:14:30,612 [ERROR] LogOutputStream:75 - [STDERR_REDIRECT] [Fatal Error] :1:1: Premature end of file.
2025-08-23 14:14:30,612 [ERROR] LogOutputStream:75 - [STDERR_REDIRECT] 
2025-08-23 14:14:31,612 [ERROR] LogOutputStream:75 - [STDERR_REDIRECT] [Fatal Error] :1:1: Premature end of file.
2025-08-23 14:14:31,612 [ERROR] LogOutputStream:75 - [STDERR_REDIRECT] 
2025-08-23 14:14:32,609 [ERROR] LogOutputStream:75 - [STDERR_REDIRECT] [Fatal Error] :1:1: Premature end of file.
2025-08-23 14:14:32,609 [ERROR] LogOutputStream:75 - [STDERR_REDIRECT] 
2025-08-23 14:14:33,612 [ERROR] LogOutputStream:75 - [STDERR_REDIRECT] [Fatal Error] :1:1: Premature end of file.
2025-08-23 14:14:33,612 [ERROR] LogOutputStream:75 - [STDERR_REDIRECT] 
2025-08-23 14:14:34,603 [ERROR] LogOutputStream:75 - [STDERR_REDIRECT] [Fatal Error] :1:1: Premature end of file.
2025-08-23 14:14:34,603 [ERROR] LogOutputStream:75 - [STDERR_REDIRECT] 
2025-08-23 14:14:35,618 [ERROR] LogOutputStream:75 - [STDERR_REDIRECT] [Fatal Error] :1:1: Premature end of file.
2025-08-23 14:14:35,619 [ERROR] LogOutputStream:75 - [STDERR_REDIRECT] 
2025-08-23 14:14:36,618 [ERROR] LogOutputStream:75 - [STDERR_REDIRECT] [Fatal Error] :1:1: Premature end of file.
2025-08-23 14:14:36,618 [ERROR] LogOutputStream:75 - [STDERR_REDIRECT] 
2025-08-23 14:14:37,613 [ERROR] LogOutputStream:75 - [STDERR_REDIRECT] [Fatal Error] :1:1: Premature end of file.
2025-08-23 14:14:37,613 [ERROR] LogOutputStream:75 - [STDERR_REDIRECT] 
2025-08-23 14:14:38,619 [ERROR] LogOutputStream:75 - [STDERR_REDIRECT] [Fatal Error] :1:1: Premature end of file.
2025-08-23 14:14:38,619 [ERROR] LogOutputStream:75 - [STDERR_REDIRECT] 
2025-08-23 14:14:39,602 [ERROR] LogOutputStream:75 - [STDERR_REDIRECT] [Fatal Error] :1:1: Premature end of file.
2025-08-23 14:14:39,602 [ERROR] LogOutputStream:75 - [STDERR_REDIRECT] 
2025-08-23 14:14:40,625 [ERROR] LogOutputStream:75 - [STDERR_REDIRECT] [Fatal Error] :1:1: Premature end of file.
2025-08-23 14:14:40,625 [ERROR] LogOutputStream:75 - [STDERR_REDIRECT] 
2025-08-23 14:14:41,615 [ERROR] LogOutputStream:75 - [STDERR_REDIRECT] [Fatal Error] :1:1: Premature end of file.
2025-08-23 14:14:41,615 [ERROR] LogOutputStream:75 - [STDERR_REDIRECT] 
2025-08-23 14:14:42,620 [ERROR] LogOutputStream:75 - [STDERR_REDIRECT] [Fatal Error] :1:1: Premature end of file.
2025-08-23 14:14:42,620 [ERROR] LogOutputStream:75 - [STDERR_REDIRECT] 
2025-08-23 14:14:43,613 [ERROR] LogOutputStream:75 - [STDERR_REDIRECT] [Fatal Error] :1:1: Premature end of file.
2025-08-23 14:14:43,613 [ERROR] LogOutputStream:75 - [STDERR_REDIRECT] 
2025-08-23 14:14:44,615 [ERROR] LogOutputStream:75 - [STDERR_REDIRECT] [Fatal Error] :1:1: Premature end of file.
2025-08-23 14:14:44,615 [ERROR] LogOutputStream:75 - [STDERR_REDIRECT] 
2025-08-23 14:14:45,626 [ERROR] LogOutputStream:75 - [STDERR_REDIRECT] [Fatal Error] :1:1: Premature end of file.
2025-08-23 14:14:45,628 [ERROR] LogOutputStream:75 - [STDERR_REDIRECT] 
2025-08-23 14:14:46,596 [ERROR] LogOutputStream:75 - [STDERR_REDIRECT] [Fatal Error] :1:1: Premature end of file.
2025-08-23 14:14:46,596 [ERROR] LogOutputStream:75 - [STDERR_REDIRECT] 
2025-08-23 14:14:47,620 [ERROR] LogOutputStream:75 - [STDERR_REDIRECT] [Fatal Error] :1:1: Premature end of file.
2025-08-23 14:14:47,621 [ERROR] LogOutputStream:75 - [STDERR_REDIRECT] 
2025-08-23 14:14:48,623 [ERROR] LogOutputStream:75 - [STDERR_REDIRECT] [Fatal Error] :1:1: Premature end of file.
2025-08-23 14:14:48,623 [ERROR] LogOutputStream:75 - [STDERR_REDIRECT] 
2025-08-23 14:14:49,613 [ERROR] LogOutputStream:75 - [STDERR_REDIRECT] [Fatal Error] :1:1: Premature end of file.
2025-08-23 14:14:49,613 [ERROR] LogOutputStream:75 - [STDERR_REDIRECT] 
2025-08-23 14:14:50,608 [ERROR] LogOutputStream:75 - [STDERR_REDIRECT] [Fatal Error] :1:1: Premature end of file.
2025-08-23 14:14:50,608 [ERROR] LogOutputStream:75 - [STDERR_REDIRECT] 
2025-08-23 14:14:51,609 [ERROR] LogOutputStream:75 - [STDERR_REDIRECT] [Fatal Error] :1:1: Premature end of file.
2025-08-23 14:14:51,610 [ERROR] LogOutputStream:75 - [STDERR_REDIRECT] 
2025-08-23 14:14:52,617 [ERROR] LogOutputStream:75 - [STDERR_REDIRECT] [Fatal Error] :1:1: Premature end of file.
2025-08-23 14:14:52,617 [ERROR] LogOutputStream:75 - [STDERR_REDIRECT] 
2025-08-23 14:14:53,614 [ERROR] LogOutputStream:75 - [STDERR_REDIRECT] [Fatal Error] :1:1: Premature end of file.
2025-08-23 14:14:53,614 [ERROR] LogOutputStream:75 - [STDERR_REDIRECT] 
2025-08-23 14:14:54,612 [ERROR] LogOutputStream:75 - [STDERR_REDIRECT] [Fatal Error] :1:1: Premature end of file.
2025-08-23 14:14:54,614 [ERROR] LogOutputStream:75 - [STDERR_REDIRECT] 
2025-08-23 14:14:55,619 [ERROR] LogOutputStream:75 - [STDERR_REDIRECT] [Fatal Error] :1:1: Premature end of file.
2025-08-23 14:14:55,620 [ERROR] LogOutputStream:75 - [STDERR_REDIRECT] 
2025-08-23 14:14:56,604 [ERROR] LogOutputStream:75 - [STDERR_REDIRECT] [Fatal Error] :1:1: Premature end of file.
2025-08-23 14:14:56,604 [ERROR] LogOutputStream:75 - [STDERR_REDIRECT] 
2025-08-23 14:14:57,599 [ERROR] LogOutputStream:75 - [STDERR_REDIRECT] [Fatal Error] :1:1: Premature end of file.
2025-08-23 14:14:57,599 [ERROR] LogOutputStream:75 - [STDERR_REDIRECT] 
2025-08-23 14:14:58,616 [ERROR] LogOutputStream:75 - [STDERR_REDIRECT] [Fatal Error] :1:1: Premature end of file.
2025-08-23 14:14:58,616 [ERROR] LogOutputStream:75 - [STDERR_REDIRECT] 
2025-08-23 14:14:59,605 [ERROR] LogOutputStream:75 - [STDERR_REDIRECT] [Fatal Error] :1:1: Premature end of file.
2025-08-23 14:14:59,605 [ERROR] LogOutputStream:75 - [STDERR_REDIRECT] 
2025-08-23 14:15:00,596 [ERROR] LogOutputStream:75 - [STDERR_REDIRECT] [Fatal Error] :1:1: Premature end of file.
2025-08-23 14:15:00,596 [ERROR] LogOutputStream:75 - [STDERR_REDIRECT] 
2025-08-23 14:15:01,608 [ERROR] LogOutputStream:75 - [STDERR_REDIRECT] [Fatal Error] :1:1: Premature end of file.
2025-08-23 14:15:01,608 [ERROR] LogOutputStream:75 - [STDERR_REDIRECT] 
2025-08-23 14:15:02,623 [ERROR] LogOutputStream:75 - [STDERR_REDIRECT] [Fatal Error] :1:1: Premature end of file.
2025-08-23 14:15:02,623 [ERROR] LogOutputStream:75 - [STDERR_REDIRECT] 
2025-08-23 14:15:03,620 [ERROR] LogOutputStream:75 - [STDERR_REDIRECT] [Fatal Error] :1:1: Premature end of file.
2025-08-23 14:15:03,620 [ERROR] LogOutputStream:75 - [STDERR_REDIRECT] 
2025-08-23 14:15:04,621 [ERROR] LogOutputStream:75 - [STDERR_REDIRECT] [Fatal Error] :1:1: Premature end of file.
2025-08-23 14:15:04,621 [ERROR] LogOutputStream:75 - [STDERR_REDIRECT] 
2025-08-23 14:15:05,611 [ERROR] LogOutputStream:75 - [STDERR_REDIRECT] [Fatal Error] :1:1: Premature end of file.
2025-08-23 14:15:05,611 [ERROR] LogOutputStream:75 - [STDERR_REDIRECT] 
2025-08-23 14:15:06,604 [ERROR] LogOutputStream:75 - [STDERR_REDIRECT] [Fatal Error] :1:1: Premature end of file.
2025-08-23 14:15:06,606 [ERROR] LogOutputStream:75 - [STDERR_REDIRECT] 
2025-08-23 14:15:07,594 [ERROR] LogOutputStream:75 - [STDERR_REDIRECT] [Fatal Error] :1:1: Premature end of file.
2025-08-23 14:15:07,594 [ERROR] LogOutputStream:75 - [STDERR_REDIRECT] 
2025-08-23 14:15:08,615 [ERROR] LogOutputStream:75 - [STDERR_REDIRECT] [Fatal Error] :1:1: Premature end of file.
2025-08-23 14:15:08,615 [ERROR] LogOutputStream:75 - [STDERR_REDIRECT] 
2025-08-23 14:15:09,618 [ERROR] LogOutputStream:75 - [STDERR_REDIRECT] [Fatal Error] :1:1: Premature end of file.
2025-08-23 14:15:09,618 [ERROR] LogOutputStream:75 - [STDERR_REDIRECT] 
2025-08-23 14:15:10,608 [ERROR] LogOutputStream:75 - [STDERR_REDIRECT] [Fatal Error] :1:1: Premature end of file.
2025-08-23 14:15:10,609 [ERROR] LogOutputStream:75 - [STDERR_REDIRECT] 
2025-08-23 14:15:11,617 [ERROR] LogOutputStream:75 - [STDERR_REDIRECT] [Fatal Error] :1:1: Premature end of file.
2025-08-23 14:15:11,617 [ERROR] LogOutputStream:75 - [STDERR_REDIRECT] 
2025-08-23 14:15:12,596 [ERROR] LogOutputStream:75 - [STDERR_REDIRECT] [Fatal Error] :1:1: Premature end of file.
2025-08-23 14:15:12,596 [ERROR] LogOutputStream:75 - [STDERR_REDIRECT] 
2025-08-23 14:15:13,622 [ERROR] LogOutputStream:75 - [STDERR_REDIRECT] [Fatal Error] :1:1: Premature end of file.
2025-08-23 14:15:13,623 [ERROR] LogOutputStream:75 - [STDERR_REDIRECT] 
2025-08-23 14:15:14,604 [ERROR] LogOutputStream:75 - [STDERR_REDIRECT] [Fatal Error] :1:1: Premature end of file.
2025-08-23 14:15:14,604 [ERROR] LogOutputStream:75 - [STDERR_REDIRECT] 
2025-08-23 14:15:15,609 [ERROR] LogOutputStream:75 - [STDERR_REDIRECT] [Fatal Error] :1:1: Premature end of file.
2025-08-23 14:15:15,609 [ERROR] LogOutputStream:75 - [STDERR_REDIRECT] 
2025-08-23 14:15:16,617 [ERROR] LogOutputStream:75 - [STDERR_REDIRECT] [Fatal Error] :1:1: Premature end of file.
2025-08-23 14:15:16,617 [ERROR] LogOutputStream:75 - [STDERR_REDIRECT] 
2025-08-23 14:15:17,630 [ERROR] LogOutputStream:75 - [STDERR_REDIRECT] [Fatal Error] :1:1: Premature end of file.
2025-08-23 14:15:17,630 [ERROR] LogOutputStream:75 - [STDERR_REDIRECT] 
2025-08-23 14:15:18,626 [ERROR] LogOutputStream:75 - [STDERR_REDIRECT] [Fatal Error] :1:1: Premature end of file.
2025-08-23 14:15:18,627 [ERROR] LogOutputStream:75 - [STDERR_REDIRECT] 
2025-08-23 14:15:19,614 [ERROR] LogOutputStream:75 - [STDERR_REDIRECT] [Fatal Error] :1:1: Premature end of file.
2025-08-23 14:15:19,614 [ERROR] LogOutputStream:75 - [STDERR_REDIRECT] 
2025-08-23 14:15:20,617 [ERROR] LogOutputStream:75 - [STDERR_REDIRECT] [Fatal Error] :1:1: Premature end of file.
2025-08-23 14:15:20,617 [ERROR] LogOutputStream:75 - [STDERR_REDIRECT] 
2025-08-23 14:15:21,618 [ERROR] LogOutputStream:75 - [STDERR_REDIRECT] [Fatal Error] :1:1: Premature end of file.
2025-08-23 14:15:21,618 [ERROR] LogOutputStream:75 - [STDERR_REDIRECT] 
2025-08-23 14:15:22,624 [ERROR] LogOutputStream:75 - [STDERR_REDIRECT] [Fatal Error] :1:1: Premature end of file.
2025-08-23 14:15:22,624 [ERROR] LogOutputStream:75 - [STDERR_REDIRECT] 
2025-08-23 14:15:23,616 [ERROR] LogOutputStream:75 - [STDERR_REDIRECT] [Fatal Error] :1:1: Premature end of file.
2025-08-23 14:15:23,616 [ERROR] LogOutputStream:75 - [STDERR_REDIRECT] 
2025-08-23 14:15:24,624 [ERROR] LogOutputStream:75 - [STDERR_REDIRECT] [Fatal Error] :1:1: Premature end of file.
2025-08-23 14:15:24,624 [ERROR] LogOutputStream:75 - [STDERR_REDIRECT] 
2025-08-23 14:15:25,612 [ERROR] LogOutputStream:75 - [STDERR_REDIRECT] [Fatal Error] :1:1: Premature end of file.
2025-08-23 14:15:25,613 [ERROR] LogOutputStream:75 - [STDERR_REDIRECT] 
2025-08-23 14:15:26,626 [ERROR] LogOutputStream:75 - [STDERR_REDIRECT] [Fatal Error] :1:1: Premature end of file.
2025-08-23 14:15:26,626 [ERROR] LogOutputStream:75 - [STDERR_REDIRECT] 
2025-08-23 14:15:27,617 [ERROR] LogOutputStream:75 - [STDERR_REDIRECT] [Fatal Error] :1:1: Premature end of file.
2025-08-23 14:15:27,617 [ERROR] LogOutputStream:75 - [STDERR_REDIRECT] 
2025-08-23 14:15:28,626 [ERROR] LogOutputStream:75 - [STDERR_REDIRECT] [Fatal Error] :1:1: Premature end of file.
2025-08-23 14:15:28,626 [ERROR] LogOutputStream:75 - [STDERR_REDIRECT] 
2025-08-23 14:15:29,620 [ERROR] LogOutputStream:75 - [STDERR_REDIRECT] [Fatal Error] :1:1: Premature end of file.
2025-08-23 14:15:29,620 [ERROR] LogOutputStream:75 - [STDERR_REDIRECT] 
2025-08-23 14:15:30,598 [ERROR] LogOutputStream:75 - [STDERR_REDIRECT] [Fatal Error] :1:1: Premature end of file.
2025-08-23 14:15:30,598 [ERROR] LogOutputStream:75 - [STDERR_REDIRECT] 
2025-08-23 14:15:31,608 [ERROR] LogOutputStream:75 - [STDERR_REDIRECT] [Fatal Error] :1:1: Premature end of file.
2025-08-23 14:15:31,609 [ERROR] LogOutputStream:75 - [STDERR_REDIRECT] 
2025-08-23 14:15:32,604 [ERROR] LogOutputStream:75 - [STDERR_REDIRECT] [Fatal Error] :1:1: Premature end of file.
2025-08-23 14:15:32,604 [ERROR] LogOutputStream:75 - [STDERR_REDIRECT] 
2025-08-23 14:15:33,603 [ERROR] LogOutputStream:75 - [STDERR_REDIRECT] [Fatal Error] :1:1: Premature end of file.
2025-08-23 14:15:33,603 [ERROR] LogOutputStream:75 - [STDERR_REDIRECT] 
2025-08-23 14:15:34,612 [ERROR] LogOutputStream:75 - [STDERR_REDIRECT] [Fatal Error] :1:1: Premature end of file.
2025-08-23 14:15:34,612 [ERROR] LogOutputStream:75 - [STDERR_REDIRECT] 
2025-08-23 14:15:35,611 [ERROR] LogOutputStream:75 - [STDERR_REDIRECT] [Fatal Error] :1:1: Premature end of file.
2025-08-23 14:15:35,612 [ERROR] LogOutputStream:75 - [STDERR_REDIRECT] 
2025-08-23 14:15:36,614 [ERROR] LogOutputStream:75 - [STDERR_REDIRECT] [Fatal Error] :1:1: Premature end of file.
2025-08-23 14:15:36,614 [ERROR] LogOutputStream:75 - [STDERR_REDIRECT] 
2025-08-23 14:15:37,614 [ERROR] LogOutputStream:75 - [STDERR_REDIRECT] [Fatal Error] :1:1: Premature end of file.
2025-08-23 14:15:37,614 [ERROR] LogOutputStream:75 - [STDERR_REDIRECT] 
2025-08-23 14:15:38,621 [ERROR] LogOutputStream:75 - [STDERR_REDIRECT] [Fatal Error] :1:1: Premature end of file.
2025-08-23 14:15:38,622 [ERROR] LogOutputStream:75 - [STDERR_REDIRECT] 
2025-08-23 14:15:39,609 [ERROR] LogOutputStream:75 - [STDERR_REDIRECT] [Fatal Error] :1:1: Premature end of file.
2025-08-23 14:15:39,609 [ERROR] LogOutputStream:75 - [STDERR_REDIRECT] 
2025-08-23 14:15:40,624 [ERROR] LogOutputStream:75 - [STDERR_REDIRECT] [Fatal Error] :1:1: Premature end of file.
2025-08-23 14:15:40,624 [ERROR] LogOutputStream:75 - [STDERR_REDIRECT] 
2025-08-23 14:15:41,607 [ERROR] LogOutputStream:75 - [STDERR_REDIRECT] [Fatal Error] :1:1: Premature end of file.
2025-08-23 14:15:41,607 [ERROR] LogOutputStream:75 - [STDERR_REDIRECT] 
2025-08-23 14:15:42,606 [ERROR] LogOutputStream:75 - [STDERR_REDIRECT] [Fatal Error] :1:1: Premature end of file.
2025-08-23 14:15:42,606 [ERROR] LogOutputStream:75 - [STDERR_REDIRECT] 
2025-08-23 14:15:43,616 [ERROR] LogOutputStream:75 - [STDERR_REDIRECT] [Fatal Error] :1:1: Premature end of file.
2025-08-23 14:15:43,616 [ERROR] LogOutputStream:75 - [STDERR_REDIRECT] 
2025-08-23 14:15:44,624 [ERROR] LogOutputStream:75 - [STDERR_REDIRECT] [Fatal Error] :1:1: Premature end of file.
2025-08-23 14:15:44,624 [ERROR] LogOutputStream:75 - [STDERR_REDIRECT] 
2025-08-23 14:15:45,615 [ERROR] LogOutputStream:75 - [STDERR_REDIRECT] [Fatal Error] :1:1: Premature end of file.
2025-08-23 14:15:45,615 [ERROR] LogOutputStream:75 - [STDERR_REDIRECT] 
2025-08-23 14:15:46,607 [ERROR] LogOutputStream:75 - [STDERR_REDIRECT] [Fatal Error] :1:1: Premature end of file.
2025-08-23 14:15:46,607 [ERROR] LogOutputStream:75 - [STDERR_REDIRECT] 
2025-08-23 14:15:47,616 [ERROR] LogOutputStream:75 - [STDERR_REDIRECT] [Fatal Error] :1:1: Premature end of file.
2025-08-23 14:15:47,616 [ERROR] LogOutputStream:75 - [STDERR_REDIRECT] 
2025-08-23 14:15:48,613 [ERROR] LogOutputStream:75 - [STDERR_REDIRECT] [Fatal Error] :1:1: Premature end of file.
2025-08-23 14:15:48,613 [ERROR] LogOutputStream:75 - [STDERR_REDIRECT] 
2025-08-23 14:15:49,602 [ERROR] LogOutputStream:75 - [STDERR_REDIRECT] [Fatal Error] :1:1: Premature end of file.
2025-08-23 14:15:49,602 [ERROR] LogOutputStream:75 - [STDERR_REDIRECT] 
2025-08-23 14:15:50,607 [ERROR] LogOutputStream:75 - [STDERR_REDIRECT] [Fatal Error] :1:1: Premature end of file.
2025-08-23 14:15:50,607 [ERROR] LogOutputStream:75 - [STDERR_REDIRECT] 
2025-08-23 14:15:51,624 [ERROR] LogOutputStream:75 - [STDERR_REDIRECT] [Fatal Error] :1:1: Premature end of file.
2025-08-23 14:15:51,624 [ERROR] LogOutputStream:75 - [STDERR_REDIRECT] 
2025-08-23 14:15:52,597 [ERROR] LogOutputStream:75 - [STDERR_REDIRECT] [Fatal Error] :1:1: Premature end of file.
2025-08-23 14:15:52,597 [ERROR] LogOutputStream:75 - [STDERR_REDIRECT] 
2025-08-23 14:15:53,612 [ERROR] LogOutputStream:75 - [STDERR_REDIRECT] [Fatal Error] :1:1: Premature end of file.
2025-08-23 14:15:53,612 [ERROR] LogOutputStream:75 - [STDERR_REDIRECT] 
2025-08-23 14:15:54,607 [ERROR] LogOutputStream:75 - [STDERR_REDIRECT] [Fatal Error] :1:1: Premature end of file.
2025-08-23 14:15:54,607 [ERROR] LogOutputStream:75 - [STDERR_REDIRECT] 
2025-08-23 14:15:55,612 [ERROR] LogOutputStream:75 - [STDERR_REDIRECT] [Fatal Error] :1:1: Premature end of file.
2025-08-23 14:15:55,612 [ERROR] LogOutputStream:75 - [STDERR_REDIRECT] 
2025-08-23 14:15:56,610 [ERROR] LogOutputStream:75 - [STDERR_REDIRECT] [Fatal Error] :1:1: Premature end of file.
2025-08-23 14:15:56,611 [ERROR] LogOutputStream:75 - [STDERR_REDIRECT] 
2025-08-23 14:15:57,613 [ERROR] LogOutputStream:75 - [STDERR_REDIRECT] [Fatal Error] :1:1: Premature end of file.
2025-08-23 14:15:57,613 [ERROR] LogOutputStream:75 - [STDERR_REDIRECT] 
2025-08-23 14:15:58,609 [ERROR] LogOutputStream:75 - [STDERR_REDIRECT] [Fatal Error] :1:1: Premature end of file.
2025-08-23 14:15:58,609 [ERROR] LogOutputStream:75 - [STDERR_REDIRECT] 
2025-08-23 14:15:59,625 [ERROR] LogOutputStream:75 - [STDERR_REDIRECT] [Fatal Error] :1:1: Premature end of file.
2025-08-23 14:15:59,625 [ERROR] LogOutputStream:75 - [STDERR_REDIRECT] 
2025-08-23 14:16:00,607 [ERROR] LogOutputStream:75 - [STDERR_REDIRECT] [Fatal Error] :1:1: Premature end of file.
2025-08-23 14:16:00,607 [ERROR] LogOutputStream:75 - [STDERR_REDIRECT] 
2025-08-23 14:16:01,611 [ERROR] LogOutputStream:75 - [STDERR_REDIRECT] [Fatal Error] :1:1: Premature end of file.
2025-08-23 14:16:01,611 [ERROR] LogOutputStream:75 - [STDERR_REDIRECT] 
2025-08-23 14:16:02,611 [ERROR] LogOutputStream:75 - [STDERR_REDIRECT] [Fatal Error] :1:1: Premature end of file.
2025-08-23 14:16:02,611 [ERROR] LogOutputStream:75 - [STDERR_REDIRECT] 
2025-08-23 14:16:03,609 [ERROR] LogOutputStream:75 - [STDERR_REDIRECT] [Fatal Error] :1:1: Premature end of file.
2025-08-23 14:16:03,609 [ERROR] LogOutputStream:75 - [STDERR_REDIRECT] 
2025-08-23 14:16:04,621 [ERROR] LogOutputStream:75 - [STDERR_REDIRECT] [Fatal Error] :1:1: Premature end of file.
2025-08-23 14:16:04,621 [ERROR] LogOutputStream:75 - [STDERR_REDIRECT] 
2025-08-23 14:16:05,610 [ERROR] LogOutputStream:75 - [STDERR_REDIRECT] [Fatal Error] :1:1: Premature end of file.
2025-08-23 14:16:05,610 [ERROR] LogOutputStream:75 - [STDERR_REDIRECT] 
2025-08-23 14:16:06,614 [ERROR] LogOutputStream:75 - [STDERR_REDIRECT] [Fatal Error] :1:1: Premature end of file.
2025-08-23 14:16:06,614 [ERROR] LogOutputStream:75 - [STDERR_REDIRECT] 
2025-08-23 14:16:07,609 [ERROR] LogOutputStream:75 - [STDERR_REDIRECT] [Fatal Error] :1:1: Premature end of file.
2025-08-23 14:16:07,609 [ERROR] LogOutputStream:75 - [STDERR_REDIRECT] 
2025-08-23 14:16:08,617 [ERROR] LogOutputStream:75 - [STDERR_REDIRECT] [Fatal Error] :1:1: Premature end of file.
2025-08-23 14:16:08,617 [ERROR] LogOutputStream:75 - [STDERR_REDIRECT] 
2025-08-23 14:16:09,612 [ERROR] LogOutputStream:75 - [STDERR_REDIRECT] [Fatal Error] :1:1: Premature end of file.
2025-08-23 14:16:09,612 [ERROR] LogOutputStream:75 - [STDERR_REDIRECT] 
2025-08-23 14:16:10,616 [ERROR] LogOutputStream:75 - [STDERR_REDIRECT] [Fatal Error] :1:1: Premature end of file.
2025-08-23 14:16:10,617 [ERROR] LogOutputStream:75 - [STDERR_REDIRECT] 
2025-08-23 14:16:11,619 [ERROR] LogOutputStream:75 - [STDERR_REDIRECT] [Fatal Error] :1:1: Premature end of file.
2025-08-23 14:16:11,619 [ERROR] LogOutputStream:75 - [STDERR_REDIRECT] 
2025-08-23 14:16:12,603 [ERROR] LogOutputStream:75 - [STDERR_REDIRECT] [Fatal Error] :1:1: Premature end of file.
2025-08-23 14:16:12,603 [ERROR] LogOutputStream:75 - [STDERR_REDIRECT] 
2025-08-23 14:16:13,615 [ERROR] LogOutputStream:75 - [STDERR_REDIRECT] [Fatal Error] :1:1: Premature end of file.
2025-08-23 14:16:13,615 [ERROR] LogOutputStream:75 - [STDERR_REDIRECT] 
2025-08-23 14:16:14,610 [ERROR] LogOutputStream:75 - [STDERR_REDIRECT] [Fatal Error] :1:1: Premature end of file.
2025-08-23 14:16:14,610 [ERROR] LogOutputStream:75 - [STDERR_REDIRECT] 
2025-08-23 14:16:15,601 [ERROR] LogOutputStream:75 - [STDERR_REDIRECT] [Fatal Error] :1:1: Premature end of file.
2025-08-23 14:16:15,602 [ERROR] LogOutputStream:75 - [STDERR_REDIRECT] 
2025-08-23 14:16:16,604 [ERROR] LogOutputStream:75 - [STDERR_REDIRECT] [Fatal Error] :1:1: Premature end of file.
2025-08-23 14:16:16,604 [ERROR] LogOutputStream:75 - [STDERR_REDIRECT] 
2025-08-23 14:16:17,619 [ERROR] LogOutputStream:75 - [STDERR_REDIRECT] [Fatal Error] :1:1: Premature end of file.
2025-08-23 14:16:17,619 [ERROR] LogOutputStream:75 - [STDERR_REDIRECT] 
2025-08-23 14:16:18,617 [ERROR] LogOutputStream:75 - [STDERR_REDIRECT] [Fatal Error] :1:1: Premature end of file.
2025-08-23 14:16:18,617 [ERROR] LogOutputStream:75 - [STDERR_REDIRECT] 
2025-08-23 14:16:19,610 [ERROR] LogOutputStream:75 - [STDERR_REDIRECT] [Fatal Error] :1:1: Premature end of file.
2025-08-23 14:16:19,610 [ERROR] LogOutputStream:75 - [STDERR_REDIRECT] 
2025-08-23 14:16:20,625 [ERROR] LogOutputStream:75 - [STDERR_REDIRECT] [Fatal Error] :1:1: Premature end of file.
2025-08-23 14:16:20,625 [ERROR] LogOutputStream:75 - [STDERR_REDIRECT] 
2025-08-23 14:16:21,619 [ERROR] LogOutputStream:75 - [STDERR_REDIRECT] [Fatal Error] :1:1: Premature end of file.
2025-08-23 14:16:21,619 [ERROR] LogOutputStream:75 - [STDERR_REDIRECT] 
2025-08-23 14:16:22,608 [ERROR] LogOutputStream:75 - [STDERR_REDIRECT] [Fatal Error] :1:1: Premature end of file.
2025-08-23 14:16:22,609 [ERROR] LogOutputStream:75 - [STDERR_REDIRECT] 
2025-08-23 14:16:23,612 [ERROR] LogOutputStream:75 - [STDERR_REDIRECT] [Fatal Error] :1:1: Premature end of file.
2025-08-23 14:16:23,612 [ERROR] LogOutputStream:75 - [STDERR_REDIRECT] 
2025-08-23 14:16:24,629 [ERROR] LogOutputStream:75 - [STDERR_REDIRECT] [Fatal Error] :1:1: Premature end of file.
2025-08-23 14:16:24,629 [ERROR] LogOutputStream:75 - [STDERR_REDIRECT] 
2025-08-23 14:16:25,611 [ERROR] LogOutputStream:75 - [STDERR_REDIRECT] [Fatal Error] :1:1: Premature end of file.
2025-08-23 14:16:25,612 [ERROR] LogOutputStream:75 - [STDERR_REDIRECT] 
2025-08-23 14:16:26,610 [ERROR] LogOutputStream:75 - [STDERR_REDIRECT] [Fatal Error] :1:1: Premature end of file.
2025-08-23 14:16:26,610 [ERROR] LogOutputStream:75 - [STDERR_REDIRECT] 
2025-08-23 14:16:27,616 [ERROR] LogOutputStream:75 - [STDERR_REDIRECT] [Fatal Error] :1:1: Premature end of file.
2025-08-23 14:16:27,616 [ERROR] LogOutputStream:75 - [STDERR_REDIRECT] 
2025-08-23 14:16:28,627 [ERROR] LogOutputStream:75 - [STDERR_REDIRECT] [Fatal Error] :1:1: Premature end of file.
2025-08-23 14:16:28,627 [ERROR] LogOutputStream:75 - [STDERR_REDIRECT] 
2025-08-23 14:16:29,606 [ERROR] LogOutputStream:75 - [STDERR_REDIRECT] [Fatal Error] :1:1: Premature end of file.
2025-08-23 14:16:29,606 [ERROR] LogOutputStream:75 - [STDERR_REDIRECT] 
2025-08-23 14:16:30,616 [ERROR] LogOutputStream:75 - [STDERR_REDIRECT] [Fatal Error] :1:1: Premature end of file.
2025-08-23 14:16:30,616 [ERROR] LogOutputStream:75 - [STDERR_REDIRECT] 
2025-08-23 14:16:31,613 [ERROR] LogOutputStream:75 - [STDERR_REDIRECT] [Fatal Error] :1:1: Premature end of file.
2025-08-23 14:16:31,613 [ERROR] LogOutputStream:75 - [STDERR_REDIRECT] 
2025-08-23 14:16:32,612 [ERROR] LogOutputStream:75 - [STDERR_REDIRECT] [Fatal Error] :1:1: Premature end of file.
2025-08-23 14:16:32,612 [ERROR] LogOutputStream:75 - [STDERR_REDIRECT] 
2025-08-23 14:16:33,615 [ERROR] LogOutputStream:75 - [STDERR_REDIRECT] [Fatal Error] :1:1: Premature end of file.
2025-08-23 14:16:33,616 [ERROR] LogOutputStream:75 - [STDERR_REDIRECT] 
2025-08-23 14:16:34,612 [ERROR] LogOutputStream:75 - [STDERR_REDIRECT] [Fatal Error] :1:1: Premature end of file.
2025-08-23 14:16:34,613 [ERROR] LogOutputStream:75 - [STDERR_REDIRECT] 
2025-08-23 14:16:35,616 [ERROR] LogOutputStream:75 - [STDERR_REDIRECT] [Fatal Error] :1:1: Premature end of file.
2025-08-23 14:16:35,616 [ERROR] LogOutputStream:75 - [STDERR_REDIRECT] 
2025-08-23 14:16:36,616 [ERROR] LogOutputStream:75 - [STDERR_REDIRECT] [Fatal Error] :1:1: Premature end of file.
2025-08-23 14:16:36,616 [ERROR] LogOutputStream:75 - [STDERR_REDIRECT] 
2025-08-23 14:16:37,604 [ERROR] LogOutputStream:75 - [STDERR_REDIRECT] [Fatal Error] :1:1: Premature end of file.
2025-08-23 14:16:37,604 [ERROR] LogOutputStream:75 - [STDERR_REDIRECT] 
2025-08-23 14:16:38,611 [ERROR] LogOutputStream:75 - [STDERR_REDIRECT] [Fatal Error] :1:1: Premature end of file.
2025-08-23 14:16:38,611 [ERROR] LogOutputStream:75 - [STDERR_REDIRECT] 
2025-08-23 14:16:39,605 [ERROR] LogOutputStream:75 - [STDERR_REDIRECT] [Fatal Error] :1:1: Premature end of file.
2025-08-23 14:16:39,605 [ERROR] LogOutputStream:75 - [STDERR_REDIRECT] 
2025-08-23 14:16:40,615 [ERROR] LogOutputStream:75 - [STDERR_REDIRECT] [Fatal Error] :1:1: Premature end of file.
2025-08-23 14:16:40,615 [ERROR] LogOutputStream:75 - [STDERR_REDIRECT] 
2025-08-23 14:16:41,620 [ERROR] LogOutputStream:75 - [STDERR_REDIRECT] [Fatal Error] :1:1: Premature end of file.
2025-08-23 14:16:41,620 [ERROR] LogOutputStream:75 - [STDERR_REDIRECT] 
2025-08-23 14:16:42,607 [ERROR] LogOutputStream:75 - [STDERR_REDIRECT] [Fatal Error] :1:1: Premature end of file.
2025-08-23 14:16:42,607 [ERROR] LogOutputStream:75 - [STDERR_REDIRECT] 
2025-08-23 14:16:43,613 [ERROR] LogOutputStream:75 - [STDERR_REDIRECT] [Fatal Error] :1:1: Premature end of file.
2025-08-23 14:16:43,613 [ERROR] LogOutputStream:75 - [STDERR_REDIRECT] 
2025-08-23 14:16:44,618 [ERROR] LogOutputStream:75 - [STDERR_REDIRECT] [Fatal Error] :1:1: Premature end of file.
2025-08-23 14:16:44,618 [ERROR] LogOutputStream:75 - [STDERR_REDIRECT] 
2025-08-23 14:16:45,606 [ERROR] LogOutputStream:75 - [STDERR_REDIRECT] [Fatal Error] :1:1: Premature end of file.
2025-08-23 14:16:45,606 [ERROR] LogOutputStream:75 - [STDERR_REDIRECT] 
2025-08-23 14:16:46,611 [ERROR] LogOutputStream:75 - [STDERR_REDIRECT] [Fatal Error] :1:1: Premature end of file.
2025-08-23 14:16:46,611 [ERROR] LogOutputStream:75 - [STDERR_REDIRECT] 
2025-08-23 14:16:47,612 [ERROR] LogOutputStream:75 - [STDERR_REDIRECT] [Fatal Error] :1:1: Premature end of file.
2025-08-23 14:16:47,612 [ERROR] LogOutputStream:75 - [STDERR_REDIRECT] 
2025-08-23 14:16:48,604 [ERROR] LogOutputStream:75 - [STDERR_REDIRECT] [Fatal Error] :1:1: Premature end of file.
2025-08-23 14:16:48,604 [ERROR] LogOutputStream:75 - [STDERR_REDIRECT] 
2025-08-23 14:16:49,607 [ERROR] LogOutputStream:75 - [STDERR_REDIRECT] [Fatal Error] :1:1: Premature end of file.
2025-08-23 14:16:49,608 [ERROR] LogOutputStream:75 - [STDERR_REDIRECT] 
2025-08-23 14:16:50,610 [ERROR] LogOutputStream:75 - [STDERR_REDIRECT] [Fatal Error] :1:1: Premature end of file.
2025-08-23 14:16:50,610 [ERROR] LogOutputStream:75 - [STDERR_REDIRECT] 
2025-08-23 14:16:51,610 [ERROR] LogOutputStream:75 - [STDERR_REDIRECT] [Fatal Error] :1:1: Premature end of file.
2025-08-23 14:16:51,610 [ERROR] LogOutputStream:75 - [STDERR_REDIRECT] 
2025-08-23 14:16:52,614 [ERROR] LogOutputStream:75 - [STDERR_REDIRECT] [Fatal Error] :1:1: Premature end of file.
2025-08-23 14:16:52,614 [ERROR] LogOutputStream:75 - [STDERR_REDIRECT] 
2025-08-23 14:16:53,617 [ERROR] LogOutputStream:75 - [STDERR_REDIRECT] [Fatal Error] :1:1: Premature end of file.
2025-08-23 14:16:53,617 [ERROR] LogOutputStream:75 - [STDERR_REDIRECT] 
2025-08-23 14:16:54,609 [ERROR] LogOutputStream:75 - [STDERR_REDIRECT] [Fatal Error] :1:1: Premature end of file.
2025-08-23 14:16:54,609 [ERROR] LogOutputStream:75 - [STDERR_REDIRECT] 
2025-08-23 14:16:55,625 [ERROR] LogOutputStream:75 - [STDERR_REDIRECT] [Fatal Error] :1:1: Premature end of file.
2025-08-23 14:16:55,625 [ERROR] LogOutputStream:75 - [STDERR_REDIRECT] 
2025-08-23 14:16:56,604 [ERROR] LogOutputStream:75 - [STDERR_REDIRECT] [Fatal Error] :1:1: Premature end of file.
2025-08-23 14:16:56,604 [ERROR] LogOutputStream:75 - [STDERR_REDIRECT] 
2025-08-23 14:16:57,615 [ERROR] LogOutputStream:75 - [STDERR_REDIRECT] [Fatal Error] :1:1: Premature end of file.
2025-08-23 14:16:57,616 [ERROR] LogOutputStream:75 - [STDERR_REDIRECT] 
2025-08-23 14:16:58,607 [ERROR] LogOutputStream:75 - [STDERR_REDIRECT] [Fatal Error] :1:1: Premature end of file.
2025-08-23 14:16:58,607 [ERROR] LogOutputStream:75 - [STDERR_REDIRECT] 
2025-08-23 14:16:59,611 [ERROR] LogOutputStream:75 - [STDERR_REDIRECT] [Fatal Error] :1:1: Premature end of file.
2025-08-23 14:16:59,611 [ERROR] LogOutputStream:75 - [STDERR_REDIRECT] 
2025-08-23 14:17:00,602 [ERROR] LogOutputStream:75 - [STDERR_REDIRECT] [Fatal Error] :1:1: Premature end of file.
2025-08-23 14:17:00,602 [ERROR] LogOutputStream:75 - [STDERR_REDIRECT] 
2025-08-23 14:17:01,602 [ERROR] LogOutputStream:75 - [STDERR_REDIRECT] [Fatal Error] :1:1: Premature end of file.
2025-08-23 14:17:01,602 [ERROR] LogOutputStream:75 - [STDERR_REDIRECT] 
2025-08-23 14:17:02,607 [ERROR] LogOutputStream:75 - [STDERR_REDIRECT] [Fatal Error] :1:1: Premature end of file.
2025-08-23 14:17:02,608 [ERROR] LogOutputStream:75 - [STDERR_REDIRECT] 
2025-08-23 14:17:03,607 [ERROR] LogOutputStream:75 - [STDERR_REDIRECT] [Fatal Error] :1:1: Premature end of file.
2025-08-23 14:17:03,607 [ERROR] LogOutputStream:75 - [STDERR_REDIRECT] 
2025-08-23 14:17:04,609 [ERROR] LogOutputStream:75 - [STDERR_REDIRECT] [Fatal Error] :1:1: Premature end of file.
2025-08-23 14:17:04,609 [ERROR] LogOutputStream:75 - [STDERR_REDIRECT] 
2025-08-23 14:17:05,611 [ERROR] LogOutputStream:75 - [STDERR_REDIRECT] [Fatal Error] :1:1: Premature end of file.
2025-08-23 14:17:05,611 [ERROR] LogOutputStream:75 - [STDERR_REDIRECT] 
2025-08-23 14:17:06,624 [ERROR] LogOutputStream:75 - [STDERR_REDIRECT] [Fatal Error] :1:1: Premature end of file.
2025-08-23 14:17:06,625 [ERROR] LogOutputStream:75 - [STDERR_REDIRECT] 
2025-08-23 14:17:07,606 [ERROR] LogOutputStream:75 - [STDERR_REDIRECT] [Fatal Error] :1:1: Premature end of file.
2025-08-23 14:17:07,606 [ERROR] LogOutputStream:75 - [STDERR_REDIRECT] 
2025-08-23 14:17:08,620 [ERROR] LogOutputStream:75 - [STDERR_REDIRECT] [Fatal Error] :1:1: Premature end of file.
2025-08-23 14:17:08,620 [ERROR] LogOutputStream:75 - [STDERR_REDIRECT] 
2025-08-23 14:17:09,612 [ERROR] LogOutputStream:75 - [STDERR_REDIRECT] [Fatal Error] :1:1: Premature end of file.
2025-08-23 14:17:09,612 [ERROR] LogOutputStream:75 - [STDERR_REDIRECT] 
2025-08-23 14:17:10,605 [ERROR] LogOutputStream:75 - [STDERR_REDIRECT] [Fatal Error] :1:1: Premature end of file.
2025-08-23 14:17:10,605 [ERROR] LogOutputStream:75 - [STDERR_REDIRECT] 
2025-08-23 14:17:11,615 [ERROR] LogOutputStream:75 - [STDERR_REDIRECT] [Fatal Error] :1:1: Premature end of file.
2025-08-23 14:17:11,616 [ERROR] LogOutputStream:75 - [STDERR_REDIRECT] 
2025-08-23 14:17:12,606 [ERROR] LogOutputStream:75 - [STDERR_REDIRECT] [Fatal Error] :1:1: Premature end of file.
2025-08-23 14:17:12,606 [ERROR] LogOutputStream:75 - [STDERR_REDIRECT] 
2025-08-23 14:17:13,630 [ERROR] LogOutputStream:75 - [STDERR_REDIRECT] [Fatal Error] :1:1: Premature end of file.
2025-08-23 14:17:13,630 [ERROR] LogOutputStream:75 - [STDERR_REDIRECT] 
2025-08-23 14:17:14,620 [ERROR] LogOutputStream:75 - [STDERR_REDIRECT] [Fatal Error] :1:1: Premature end of file.
2025-08-23 14:17:14,620 [ERROR] LogOutputStream:75 - [STDERR_REDIRECT] 
2025-08-23 14:17:15,605 [ERROR] LogOutputStream:75 - [STDERR_REDIRECT] [Fatal Error] :1:1: Premature end of file.
2025-08-23 14:17:15,605 [ERROR] LogOutputStream:75 - [STDERR_REDIRECT] 
2025-08-23 14:17:16,611 [ERROR] LogOutputStream:75 - [STDERR_REDIRECT] [Fatal Error] :1:1: Premature end of file.
2025-08-23 14:17:16,612 [ERROR] LogOutputStream:75 - [STDERR_REDIRECT] 
2025-08-23 14:17:17,622 [ERROR] LogOutputStream:75 - [STDERR_REDIRECT] [Fatal Error] :1:1: Premature end of file.
2025-08-23 14:17:17,622 [ERROR] LogOutputStream:75 - [STDERR_REDIRECT] 
2025-08-23 14:17:18,622 [ERROR] LogOutputStream:75 - [STDERR_REDIRECT] [Fatal Error] :1:1: Premature end of file.
2025-08-23 14:17:18,623 [ERROR] LogOutputStream:75 - [STDERR_REDIRECT] 
2025-08-23 14:17:19,621 [ERROR] LogOutputStream:75 - [STDERR_REDIRECT] [Fatal Error] :1:1: Premature end of file.
2025-08-23 14:17:19,621 [ERROR] LogOutputStream:75 - [STDERR_REDIRECT] 
2025-08-23 14:17:20,616 [ERROR] LogOutputStream:75 - [STDERR_REDIRECT] [Fatal Error] :1:1: Premature end of file.
2025-08-23 14:17:20,616 [ERROR] LogOutputStream:75 - [STDERR_REDIRECT] 
2025-08-23 14:17:21,613 [ERROR] LogOutputStream:75 - [STDERR_REDIRECT] [Fatal Error] :1:1: Premature end of file.
2025-08-23 14:17:21,613 [ERROR] LogOutputStream:75 - [STDERR_REDIRECT] 
2025-08-23 14:17:22,611 [ERROR] LogOutputStream:75 - [STDERR_REDIRECT] [Fatal Error] :1:1: Premature end of file.
2025-08-23 14:17:22,611 [ERROR] LogOutputStream:75 - [STDERR_REDIRECT] 
2025-08-23 14:17:23,613 [ERROR] LogOutputStream:75 - [STDERR_REDIRECT] [Fatal Error] :1:1: Premature end of file.
2025-08-23 14:17:23,613 [ERROR] LogOutputStream:75 - [STDERR_REDIRECT] 
2025-08-23 14:17:24,613 [ERROR] LogOutputStream:75 - [STDERR_REDIRECT] [Fatal Error] :1:1: Premature end of file.
2025-08-23 14:17:24,614 [ERROR] LogOutputStream:75 - [STDERR_REDIRECT] 
2025-08-23 14:17:25,624 [ERROR] LogOutputStream:75 - [STDERR_REDIRECT] [Fatal Error] :1:1: Premature end of file.
2025-08-23 14:17:25,624 [ERROR] LogOutputStream:75 - [STDERR_REDIRECT] 
2025-08-23 14:17:26,621 [ERROR] LogOutputStream:75 - [STDERR_REDIRECT] [Fatal Error] :1:1: Premature end of file.
2025-08-23 14:17:26,622 [ERROR] LogOutputStream:75 - [STDERR_REDIRECT] 
2025-08-23 14:17:27,617 [ERROR] LogOutputStream:75 - [STDERR_REDIRECT] [Fatal Error] :1:1: Premature end of file.
2025-08-23 14:17:27,617 [ERROR] LogOutputStream:75 - [STDERR_REDIRECT] 
2025-08-23 14:17:28,609 [ERROR] LogOutputStream:75 - [STDERR_REDIRECT] [Fatal Error] :1:1: Premature end of file.
2025-08-23 14:17:28,609 [ERROR] LogOutputStream:75 - [STDERR_REDIRECT] 
2025-08-23 14:17:29,605 [ERROR] LogOutputStream:75 - [STDERR_REDIRECT] [Fatal Error] :1:1: Premature end of file.
2025-08-23 14:17:29,605 [ERROR] LogOutputStream:75 - [STDERR_REDIRECT] 
2025-08-23 14:17:30,613 [ERROR] LogOutputStream:75 - [STDERR_REDIRECT] [Fatal Error] :1:1: Premature end of file.
2025-08-23 14:17:30,613 [ERROR] LogOutputStream:75 - [STDERR_REDIRECT] 
2025-08-23 14:17:31,614 [ERROR] LogOutputStream:75 - [STDERR_REDIRECT] [Fatal Error] :1:1: Premature end of file.
2025-08-23 14:17:31,614 [ERROR] LogOutputStream:75 - [STDERR_REDIRECT] 
2025-08-23 14:17:32,614 [ERROR] LogOutputStream:75 - [STDERR_REDIRECT] [Fatal Error] :1:1: Premature end of file.
2025-08-23 14:17:32,614 [ERROR] LogOutputStream:75 - [STDERR_REDIRECT] 
2025-08-23 14:17:33,623 [ERROR] LogOutputStream:75 - [STDERR_REDIRECT] [Fatal Error] :1:1: Premature end of file.
2025-08-23 14:17:33,623 [ERROR] LogOutputStream:75 - [STDERR_REDIRECT] 
2025-08-23 14:17:34,615 [ERROR] LogOutputStream:75 - [STDERR_REDIRECT] [Fatal Error] :1:1: Premature end of file.
2025-08-23 14:17:34,615 [ERROR] LogOutputStream:75 - [STDERR_REDIRECT] 
2025-08-23 14:17:35,604 [ERROR] LogOutputStream:75 - [STDERR_REDIRECT] [Fatal Error] :1:1: Premature end of file.
2025-08-23 14:17:35,604 [ERROR] LogOutputStream:75 - [STDERR_REDIRECT] 
2025-08-23 14:17:36,615 [ERROR] LogOutputStream:75 - [STDERR_REDIRECT] [Fatal Error] :1:1: Premature end of file.
2025-08-23 14:17:36,615 [ERROR] LogOutputStream:75 - [STDERR_REDIRECT] 
2025-08-23 14:17:37,603 [ERROR] LogOutputStream:75 - [STDERR_REDIRECT] [Fatal Error] :1:1: Premature end of file.
2025-08-23 14:17:37,603 [ERROR] LogOutputStream:75 - [STDERR_REDIRECT] 
2025-08-23 14:17:38,611 [ERROR] LogOutputStream:75 - [STDERR_REDIRECT] [Fatal Error] :1:1: Premature end of file.
2025-08-23 14:17:38,611 [ERROR] LogOutputStream:75 - [STDERR_REDIRECT] 
2025-08-23 14:17:39,611 [ERROR] LogOutputStream:75 - [STDERR_REDIRECT] [Fatal Error] :1:1: Premature end of file.
2025-08-23 14:17:39,611 [ERROR] LogOutputStream:75 - [STDERR_REDIRECT] 
2025-08-23 14:17:40,610 [ERROR] LogOutputStream:75 - [STDERR_REDIRECT] [Fatal Error] :1:1: Premature end of file.
2025-08-23 14:17:40,610 [ERROR] LogOutputStream:75 - [STDERR_REDIRECT] 
2025-08-23 14:17:41,614 [ERROR] LogOutputStream:75 - [STDERR_REDIRECT] [Fatal Error] :1:1: Premature end of file.
2025-08-23 14:17:41,614 [ERROR] LogOutputStream:75 - [STDERR_REDIRECT] 
2025-08-23 14:17:42,618 [ERROR] LogOutputStream:75 - [STDERR_REDIRECT] [Fatal Error] :1:1: Premature end of file.
2025-08-23 14:17:42,618 [ERROR] LogOutputStream:75 - [STDERR_REDIRECT] 
2025-08-23 14:17:43,599 [ERROR] LogOutputStream:75 - [STDERR_REDIRECT] [Fatal Error] :1:1: Premature end of file.
2025-08-23 14:17:43,599 [ERROR] LogOutputStream:75 - [STDERR_REDIRECT] 
2025-08-23 14:17:44,619 [ERROR] LogOutputStream:75 - [STDERR_REDIRECT] [Fatal Error] :1:1: Premature end of file.
2025-08-23 14:17:44,619 [ERROR] LogOutputStream:75 - [STDERR_REDIRECT] 
2025-08-23 14:17:45,613 [ERROR] LogOutputStream:75 - [STDERR_REDIRECT] [Fatal Error] :1:1: Premature end of file.
2025-08-23 14:17:45,613 [ERROR] LogOutputStream:75 - [STDERR_REDIRECT] 
2025-08-23 14:17:46,615 [ERROR] LogOutputStream:75 - [STDERR_REDIRECT] [Fatal Error] :1:1: Premature end of file.
2025-08-23 14:17:46,615 [ERROR] LogOutputStream:75 - [STDERR_REDIRECT] 
2025-08-23 14:17:47,613 [ERROR] LogOutputStream:75 - [STDERR_REDIRECT] [Fatal Error] :1:1: Premature end of file.
2025-08-23 14:17:47,613 [ERROR] LogOutputStream:75 - [STDERR_REDIRECT] 
2025-08-23 14:17:48,615 [ERROR] LogOutputStream:75 - [STDERR_REDIRECT] [Fatal Error] :1:1: Premature end of file.
2025-08-23 14:17:48,615 [ERROR] LogOutputStream:75 - [STDERR_REDIRECT] 
2025-08-23 14:17:49,599 [ERROR] LogOutputStream:75 - [STDERR_REDIRECT] [Fatal Error] :1:1: Premature end of file.
2025-08-23 14:17:49,599 [ERROR] LogOutputStream:75 - [STDERR_REDIRECT] 
2025-08-23 14:17:50,618 [ERROR] LogOutputStream:75 - [STDERR_REDIRECT] [Fatal Error] :1:1: Premature end of file.
2025-08-23 14:17:50,618 [ERROR] LogOutputStream:75 - [STDERR_REDIRECT] 
2025-08-23 14:17:51,609 [ERROR] LogOutputStream:75 - [STDERR_REDIRECT] [Fatal Error] :1:1: Premature end of file.
2025-08-23 14:17:51,609 [ERROR] LogOutputStream:75 - [STDERR_REDIRECT] 
2025-08-23 14:17:52,622 [ERROR] LogOutputStream:75 - [STDERR_REDIRECT] [Fatal Error] :1:1: Premature end of file.
2025-08-23 14:17:52,622 [ERROR] LogOutputStream:75 - [STDERR_REDIRECT] 
2025-08-23 14:17:53,602 [ERROR] LogOutputStream:75 - [STDERR_REDIRECT] [Fatal Error] :1:1: Premature end of file.
2025-08-23 14:17:53,602 [ERROR] LogOutputStream:75 - [STDERR_REDIRECT] 
2025-08-23 14:17:54,623 [ERROR] LogOutputStream:75 - [STDERR_REDIRECT] [Fatal Error] :1:1: Premature end of file.
2025-08-23 14:17:54,624 [ERROR] LogOutputStream:75 - [STDERR_REDIRECT] 
2025-08-23 14:17:55,602 [ERROR] LogOutputStream:75 - [STDERR_REDIRECT] [Fatal Error] :1:1: Premature end of file.
2025-08-23 14:17:55,602 [ERROR] LogOutputStream:75 - [STDERR_REDIRECT] 
2025-08-23 14:17:56,612 [ERROR] LogOutputStream:75 - [STDERR_REDIRECT] [Fatal Error] :1:1: Premature end of file.
2025-08-23 14:17:56,613 [ERROR] LogOutputStream:75 - [STDERR_REDIRECT] 
2025-08-23 14:17:57,620 [ERROR] LogOutputStream:75 - [STDERR_REDIRECT] [Fatal Error] :1:1: Premature end of file.
2025-08-23 14:17:57,621 [ERROR] LogOutputStream:75 - [STDERR_REDIRECT] 
2025-08-23 14:17:58,608 [ERROR] LogOutputStream:75 - [STDERR_REDIRECT] [Fatal Error] :1:1: Premature end of file.
2025-08-23 14:17:58,608 [ERROR] LogOutputStream:75 - [STDERR_REDIRECT] 
2025-08-23 14:17:59,614 [ERROR] LogOutputStream:75 - [STDERR_REDIRECT] [Fatal Error] :1:1: Premature end of file.
2025-08-23 14:17:59,614 [ERROR] LogOutputStream:75 - [STDERR_REDIRECT] 
2025-08-23 14:18:00,619 [ERROR] LogOutputStream:75 - [STDERR_REDIRECT] [Fatal Error] :1:1: Premature end of file.
2025-08-23 14:18:00,619 [ERROR] LogOutputStream:75 - [STDERR_REDIRECT] 
2025-08-23 14:18:01,619 [ERROR] LogOutputStream:75 - [STDERR_REDIRECT] [Fatal Error] :1:1: Premature end of file.
2025-08-23 14:18:01,619 [ERROR] LogOutputStream:75 - [STDERR_REDIRECT] 
2025-08-23 14:18:02,618 [ERROR] LogOutputStream:75 - [STDERR_REDIRECT] [Fatal Error] :1:1: Premature end of file.
2025-08-23 14:18:02,618 [ERROR] LogOutputStream:75 - [STDERR_REDIRECT] 
2025-08-23 14:18:03,630 [ERROR] LogOutputStream:75 - [STDERR_REDIRECT] [Fatal Error] :1:1: Premature end of file.
2025-08-23 14:18:03,631 [ERROR] LogOutputStream:75 - [STDERR_REDIRECT] 
2025-08-23 14:18:04,623 [ERROR] LogOutputStream:75 - [STDERR_REDIRECT] [Fatal Error] :1:1: Premature end of file.
2025-08-23 14:18:04,623 [ERROR] LogOutputStream:75 - [STDERR_REDIRECT] 
2025-08-23 14:18:05,618 [ERROR] LogOutputStream:75 - [STDERR_REDIRECT] [Fatal Error] :1:1: Premature end of file.
2025-08-23 14:18:05,618 [ERROR] LogOutputStream:75 - [STDERR_REDIRECT] 
2025-08-23 14:18:06,606 [ERROR] LogOutputStream:75 - [STDERR_REDIRECT] [Fatal Error] :1:1: Premature end of file.
2025-08-23 14:18:06,606 [ERROR] LogOutputStream:75 - [STDERR_REDIRECT] 
2025-08-23 14:18:07,626 [ERROR] LogOutputStream:75 - [STDERR_REDIRECT] [Fatal Error] :1:1: Premature end of file.
2025-08-23 14:18:07,626 [ERROR] LogOutputStream:75 - [STDERR_REDIRECT] 
2025-08-23 14:18:08,613 [ERROR] LogOutputStream:75 - [STDERR_REDIRECT] [Fatal Error] :1:1: Premature end of file.
2025-08-23 14:18:08,613 [ERROR] LogOutputStream:75 - [STDERR_REDIRECT] 
2025-08-23 14:18:09,613 [ERROR] LogOutputStream:75 - [STDERR_REDIRECT] [Fatal Error] :1:1: Premature end of file.
2025-08-23 14:18:09,613 [ERROR] LogOutputStream:75 - [STDERR_REDIRECT] 
2025-08-23 14:18:10,625 [ERROR] LogOutputStream:75 - [STDERR_REDIRECT] [Fatal Error] :1:1: Premature end of file.
2025-08-23 14:18:10,626 [ERROR] LogOutputStream:75 - [STDERR_REDIRECT] 
2025-08-23 14:18:11,628 [ERROR] LogOutputStream:75 - [STDERR_REDIRECT] [Fatal Error] :1:1: Premature end of file.
2025-08-23 14:18:11,629 [ERROR] LogOutputStream:75 - [STDERR_REDIRECT] 
2025-08-23 14:18:12,614 [ERROR] LogOutputStream:75 - [STDERR_REDIRECT] [Fatal Error] :1:1: Premature end of file.
2025-08-23 14:18:12,614 [ERROR] LogOutputStream:75 - [STDERR_REDIRECT] 
2025-08-23 14:18:13,621 [ERROR] LogOutputStream:75 - [STDERR_REDIRECT] [Fatal Error] :1:1: Premature end of file.
2025-08-23 14:18:13,621 [ERROR] LogOutputStream:75 - [STDERR_REDIRECT] 
2025-08-23 14:18:14,605 [ERROR] LogOutputStream:75 - [STDERR_REDIRECT] [Fatal Error] :1:1: Premature end of file.
2025-08-23 14:18:14,606 [ERROR] LogOutputStream:75 - [STDERR_REDIRECT] 
2025-08-23 14:18:15,621 [ERROR] LogOutputStream:75 - [STDERR_REDIRECT] [Fatal Error] :1:1: Premature end of file.
2025-08-23 14:18:15,621 [ERROR] LogOutputStream:75 - [STDERR_REDIRECT] 
2025-08-23 14:18:16,619 [ERROR] LogOutputStream:75 - [STDERR_REDIRECT] [Fatal Error] :1:1: Premature end of file.
2025-08-23 14:18:16,619 [ERROR] LogOutputStream:75 - [STDERR_REDIRECT] 
2025-08-23 14:18:17,617 [ERROR] LogOutputStream:75 - [STDERR_REDIRECT] [Fatal Error] :1:1: Premature end of file.
2025-08-23 14:18:17,617 [ERROR] LogOutputStream:75 - [STDERR_REDIRECT] 
2025-08-23 14:18:18,600 [ERROR] LogOutputStream:75 - [STDERR_REDIRECT] [Fatal Error] :1:1: Premature end of file.
2025-08-23 14:18:18,600 [ERROR] LogOutputStream:75 - [STDERR_REDIRECT] 
2025-08-23 14:18:19,610 [ERROR] LogOutputStream:75 - [STDERR_REDIRECT] [Fatal Error] :1:1: Premature end of file.
2025-08-23 14:18:19,612 [ERROR] LogOutputStream:75 - [STDERR_REDIRECT] 
2025-08-23 14:18:20,614 [ERROR] LogOutputStream:75 - [STDERR_REDIRECT] [Fatal Error] :1:1: Premature end of file.
2025-08-23 14:18:20,614 [ERROR] LogOutputStream:75 - [STDERR_REDIRECT] 
2025-08-23 14:18:21,614 [ERROR] LogOutputStream:75 - [STDERR_REDIRECT] [Fatal Error] :1:1: Premature end of file.
2025-08-23 14:18:21,614 [ERROR] LogOutputStream:75 - [STDERR_REDIRECT] 
2025-08-23 14:18:22,624 [ERROR] LogOutputStream:75 - [STDERR_REDIRECT] [Fatal Error] :1:1: Premature end of file.
2025-08-23 14:18:22,624 [ERROR] LogOutputStream:75 - [STDERR_REDIRECT] 
2025-08-23 14:18:23,596 [ERROR] LogOutputStream:75 - [STDERR_REDIRECT] [Fatal Error] :1:1: Premature end of file.
2025-08-23 14:18:23,596 [ERROR] LogOutputStream:75 - [STDERR_REDIRECT] 
2025-08-23 14:18:24,617 [ERROR] LogOutputStream:75 - [STDERR_REDIRECT] [Fatal Error] :1:1: Premature end of file.
2025-08-23 14:18:24,617 [ERROR] LogOutputStream:75 - [STDERR_REDIRECT] 
2025-08-23 14:18:25,611 [ERROR] LogOutputStream:75 - [STDERR_REDIRECT] [Fatal Error] :1:1: Premature end of file.
2025-08-23 14:18:25,611 [ERROR] LogOutputStream:75 - [STDERR_REDIRECT] 
2025-08-23 14:18:26,608 [ERROR] LogOutputStream:75 - [STDERR_REDIRECT] [Fatal Error] :1:1: Premature end of file.
2025-08-23 14:18:26,608 [ERROR] LogOutputStream:75 - [STDERR_REDIRECT] 
2025-08-23 14:18:27,625 [ERROR] LogOutputStream:75 - [STDERR_REDIRECT] [Fatal Error] :1:1: Premature end of file.
2025-08-23 14:18:27,625 [ERROR] LogOutputStream:75 - [STDERR_REDIRECT] 
2025-08-23 14:18:28,601 [ERROR] LogOutputStream:75 - [STDERR_REDIRECT] [Fatal Error] :1:1: Premature end of file.
2025-08-23 14:18:28,601 [ERROR] LogOutputStream:75 - [STDERR_REDIRECT] 
2025-08-23 14:18:29,618 [ERROR] LogOutputStream:75 - [STDERR_REDIRECT] [Fatal Error] :1:1: Premature end of file.
2025-08-23 14:18:29,618 [ERROR] LogOutputStream:75 - [STDERR_REDIRECT] 
2025-08-23 14:18:30,612 [ERROR] LogOutputStream:75 - [STDERR_REDIRECT] [Fatal Error] :1:1: Premature end of file.
2025-08-23 14:18:30,612 [ERROR] LogOutputStream:75 - [STDERR_REDIRECT] 
2025-08-23 14:18:31,616 [ERROR] LogOutputStream:75 - [STDERR_REDIRECT] [Fatal Error] :1:1: Premature end of file.
2025-08-23 14:18:31,616 [ERROR] LogOutputStream:75 - [STDERR_REDIRECT] 
2025-08-23 14:18:32,612 [ERROR] LogOutputStream:75 - [STDERR_REDIRECT] [Fatal Error] :1:1: Premature end of file.
2025-08-23 14:18:32,613 [ERROR] LogOutputStream:75 - [STDERR_REDIRECT] 
2025-08-23 14:18:33,618 [ERROR] LogOutputStream:75 - [STDERR_REDIRECT] [Fatal Error] :1:1: Premature end of file.
2025-08-23 14:18:33,618 [ERROR] LogOutputStream:75 - [STDERR_REDIRECT] 
2025-08-23 14:18:34,623 [ERROR] LogOutputStream:75 - [STDERR_REDIRECT] [Fatal Error] :1:1: Premature end of file.
2025-08-23 14:18:34,624 [ERROR] LogOutputStream:75 - [STDERR_REDIRECT] 
2025-08-23 14:18:35,617 [ERROR] LogOutputStream:75 - [STDERR_REDIRECT] [Fatal Error] :1:1: Premature end of file.
2025-08-23 14:18:35,617 [ERROR] LogOutputStream:75 - [STDERR_REDIRECT] 
2025-08-23 14:18:36,612 [ERROR] LogOutputStream:75 - [STDERR_REDIRECT] [Fatal Error] :1:1: Premature end of file.
2025-08-23 14:18:36,612 [ERROR] LogOutputStream:75 - [STDERR_REDIRECT] 
2025-08-23 14:18:37,607 [ERROR] LogOutputStream:75 - [STDERR_REDIRECT] [Fatal Error] :1:1: Premature end of file.
2025-08-23 14:18:37,607 [ERROR] LogOutputStream:75 - [STDERR_REDIRECT] 
2025-08-23 14:18:38,603 [ERROR] LogOutputStream:75 - [STDERR_REDIRECT] [Fatal Error] :1:1: Premature end of file.
2025-08-23 14:18:38,603 [ERROR] LogOutputStream:75 - [STDERR_REDIRECT] 
2025-08-23 14:18:39,610 [ERROR] LogOutputStream:75 - [STDERR_REDIRECT] [Fatal Error] :1:1: Premature end of file.
2025-08-23 14:18:39,611 [ERROR] LogOutputStream:75 - [STDERR_REDIRECT] 
2025-08-23 14:18:40,604 [ERROR] LogOutputStream:75 - [STDERR_REDIRECT] [Fatal Error] :1:1: Premature end of file.
2025-08-23 14:18:40,606 [ERROR] LogOutputStream:75 - [STDERR_REDIRECT] 
2025-08-23 14:18:41,617 [ERROR] LogOutputStream:75 - [STDERR_REDIRECT] [Fatal Error] :1:1: Premature end of file.
2025-08-23 14:18:41,617 [ERROR] LogOutputStream:75 - [STDERR_REDIRECT] 
2025-08-23 14:18:42,614 [ERROR] LogOutputStream:75 - [STDERR_REDIRECT] [Fatal Error] :1:1: Premature end of file.
2025-08-23 14:18:42,614 [ERROR] LogOutputStream:75 - [STDERR_REDIRECT] 
2025-08-23 14:18:43,600 [ERROR] LogOutputStream:75 - [STDERR_REDIRECT] [Fatal Error] :1:1: Premature end of file.
2025-08-23 14:18:43,600 [ERROR] LogOutputStream:75 - [STDERR_REDIRECT] 
2025-08-23 14:18:44,606 [ERROR] LogOutputStream:75 - [STDERR_REDIRECT] [Fatal Error] :1:1: Premature end of file.
2025-08-23 14:18:44,606 [ERROR] LogOutputStream:75 - [STDERR_REDIRECT] 
2025-08-23 14:18:45,609 [ERROR] LogOutputStream:75 - [STDERR_REDIRECT] [Fatal Error] :1:1: Premature end of file.
2025-08-23 14:18:45,609 [ERROR] LogOutputStream:75 - [STDERR_REDIRECT] 
2025-08-23 14:18:46,610 [ERROR] LogOutputStream:75 - [STDERR_REDIRECT] [Fatal Error] :1:1: Premature end of file.
2025-08-23 14:18:46,610 [ERROR] LogOutputStream:75 - [STDERR_REDIRECT] 
2025-08-23 14:18:47,613 [ERROR] LogOutputStream:75 - [STDERR_REDIRECT] [Fatal Error] :1:1: Premature end of file.
2025-08-23 14:18:47,613 [ERROR] LogOutputStream:75 - [STDERR_REDIRECT] 
2025-08-23 14:18:48,612 [ERROR] LogOutputStream:75 - [STDERR_REDIRECT] [Fatal Error] :1:1: Premature end of file.
2025-08-23 14:18:48,612 [ERROR] LogOutputStream:75 - [STDERR_REDIRECT] 
2025-08-23 14:18:49,601 [ERROR] LogOutputStream:75 - [STDERR_REDIRECT] [Fatal Error] :1:1: Premature end of file.
2025-08-23 14:18:49,602 [ERROR] LogOutputStream:75 - [STDERR_REDIRECT] 
2025-08-23 14:18:50,603 [ERROR] LogOutputStream:75 - [STDERR_REDIRECT] [Fatal Error] :1:1: Premature end of file.
2025-08-23 14:18:50,603 [ERROR] LogOutputStream:75 - [STDERR_REDIRECT] 
2025-08-23 14:18:51,597 [ERROR] LogOutputStream:75 - [STDERR_REDIRECT] [Fatal Error] :1:1: Premature end of file.
2025-08-23 14:18:51,597 [ERROR] LogOutputStream:75 - [STDERR_REDIRECT] 
2025-08-23 14:18:52,622 [ERROR] LogOutputStream:75 - [STDERR_REDIRECT] [Fatal Error] :1:1: Premature end of file.
2025-08-23 14:18:52,623 [ERROR] LogOutputStream:75 - [STDERR_REDIRECT] 
2025-08-23 14:18:53,612 [ERROR] LogOutputStream:75 - [STDERR_REDIRECT] [Fatal Error] :1:1: Premature end of file.
2025-08-23 14:18:53,612 [ERROR] LogOutputStream:75 - [STDERR_REDIRECT] 
2025-08-23 14:18:54,614 [ERROR] LogOutputStream:75 - [STDERR_REDIRECT] [Fatal Error] :1:1: Premature end of file.
2025-08-23 14:18:54,615 [ERROR] LogOutputStream:75 - [STDERR_REDIRECT] 
2025-08-23 14:18:55,625 [ERROR] LogOutputStream:75 - [STDERR_REDIRECT] [Fatal Error] :1:1: Premature end of file.
2025-08-23 14:18:55,625 [ERROR] LogOutputStream:75 - [STDERR_REDIRECT] 
2025-08-23 14:18:56,607 [ERROR] LogOutputStream:75 - [STDERR_REDIRECT] [Fatal Error] :1:1: Premature end of file.
2025-08-23 14:18:56,607 [ERROR] LogOutputStream:75 - [STDERR_REDIRECT] 
2025-08-23 14:18:57,625 [ERROR] LogOutputStream:75 - [STDERR_REDIRECT] [Fatal Error] :1:1: Premature end of file.
2025-08-23 14:18:57,626 [ERROR] LogOutputStream:75 - [STDERR_REDIRECT] 
2025-08-23 14:18:58,619 [ERROR] LogOutputStream:75 - [STDERR_REDIRECT] [Fatal Error] :1:1: Premature end of file.
2025-08-23 14:18:58,620 [ERROR] LogOutputStream:75 - [STDERR_REDIRECT] 
2025-08-23 14:18:59,607 [ERROR] LogOutputStream:75 - [STDERR_REDIRECT] [Fatal Error] :1:1: Premature end of file.
2025-08-23 14:18:59,607 [ERROR] LogOutputStream:75 - [STDERR_REDIRECT] 
2025-08-23 14:19:00,613 [ERROR] LogOutputStream:75 - [STDERR_REDIRECT] [Fatal Error] :1:1: Premature end of file.
2025-08-23 14:19:00,614 [ERROR] LogOutputStream:75 - [STDERR_REDIRECT] 
2025-08-23 14:19:01,624 [ERROR] LogOutputStream:75 - [STDERR_REDIRECT] [Fatal Error] :1:1: Premature end of file.
2025-08-23 14:19:01,624 [ERROR] LogOutputStream:75 - [STDERR_REDIRECT] 
2025-08-23 14:19:02,619 [ERROR] LogOutputStream:75 - [STDERR_REDIRECT] [Fatal Error] :1:1: Premature end of file.
2025-08-23 14:19:02,619 [ERROR] LogOutputStream:75 - [STDERR_REDIRECT] 
2025-08-23 14:19:03,617 [ERROR] LogOutputStream:75 - [STDERR_REDIRECT] [Fatal Error] :1:1: Premature end of file.
2025-08-23 14:19:03,617 [ERROR] LogOutputStream:75 - [STDERR_REDIRECT] 
2025-08-23 14:19:04,606 [ERROR] LogOutputStream:75 - [STDERR_REDIRECT] [Fatal Error] :1:1: Premature end of file.
2025-08-23 14:19:04,606 [ERROR] LogOutputStream:75 - [STDERR_REDIRECT] 
2025-08-23 14:19:05,619 [ERROR] LogOutputStream:75 - [STDERR_REDIRECT] [Fatal Error] :1:1: Premature end of file.
2025-08-23 14:19:05,619 [ERROR] LogOutputStream:75 - [STDERR_REDIRECT] 
2025-08-23 14:19:06,616 [ERROR] LogOutputStream:75 - [STDERR_REDIRECT] [Fatal Error] :1:1: Premature end of file.
2025-08-23 14:19:06,616 [ERROR] LogOutputStream:75 - [STDERR_REDIRECT] 
2025-08-23 14:19:07,612 [ERROR] LogOutputStream:75 - [STDERR_REDIRECT] [Fatal Error] :1:1: Premature end of file.
2025-08-23 14:19:07,612 [ERROR] LogOutputStream:75 - [STDERR_REDIRECT] 
2025-08-23 14:19:08,622 [ERROR] LogOutputStream:75 - [STDERR_REDIRECT] [Fatal Error] :1:1: Premature end of file.
2025-08-23 14:19:08,623 [ERROR] LogOutputStream:75 - [STDERR_REDIRECT] 
2025-08-23 14:19:09,608 [ERROR] LogOutputStream:75 - [STDERR_REDIRECT] [Fatal Error] :1:1: Premature end of file.
2025-08-23 14:19:09,608 [ERROR] LogOutputStream:75 - [STDERR_REDIRECT] 
2025-08-23 14:19:10,627 [ERROR] LogOutputStream:75 - [STDERR_REDIRECT] [Fatal Error] :1:1: Premature end of file.
2025-08-23 14:19:10,627 [ERROR] LogOutputStream:75 - [STDERR_REDIRECT] 
2025-08-23 14:19:11,613 [ERROR] LogOutputStream:75 - [STDERR_REDIRECT] [Fatal Error] :1:1: Premature end of file.
2025-08-23 14:19:11,613 [ERROR] LogOutputStream:75 - [STDERR_REDIRECT] 
2025-08-23 14:19:12,617 [ERROR] LogOutputStream:75 - [STDERR_REDIRECT] [Fatal Error] :1:1: Premature end of file.
2025-08-23 14:19:12,617 [ERROR] LogOutputStream:75 - [STDERR_REDIRECT] 
2025-08-23 14:19:13,617 [ERROR] LogOutputStream:75 - [STDERR_REDIRECT] [Fatal Error] :1:1: Premature end of file.
2025-08-23 14:19:13,617 [ERROR] LogOutputStream:75 - [STDERR_REDIRECT] 
2025-08-23 14:19:14,617 [ERROR] LogOutputStream:75 - [STDERR_REDIRECT] [Fatal Error] :1:1: Premature end of file.
2025-08-23 14:19:14,617 [ERROR] LogOutputStream:75 - [STDERR_REDIRECT] 
2025-08-23 14:19:15,615 [ERROR] LogOutputStream:75 - [STDERR_REDIRECT] [Fatal Error] :1:1: Premature end of file.
2025-08-23 14:19:15,615 [ERROR] LogOutputStream:75 - [STDERR_REDIRECT] 
2025-08-23 14:19:16,625 [ERROR] LogOutputStream:75 - [STDERR_REDIRECT] [Fatal Error] :1:1: Premature end of file.
2025-08-23 14:19:16,626 [ERROR] LogOutputStream:75 - [STDERR_REDIRECT] 
2025-08-23 14:19:17,616 [ERROR] LogOutputStream:75 - [STDERR_REDIRECT] [Fatal Error] :1:1: Premature end of file.
2025-08-23 14:19:17,616 [ERROR] LogOutputStream:75 - [STDERR_REDIRECT] 
2025-08-23 14:19:18,619 [ERROR] LogOutputStream:75 - [STDERR_REDIRECT] [Fatal Error] :1:1: Premature end of file.
2025-08-23 14:19:18,619 [ERROR] LogOutputStream:75 - [STDERR_REDIRECT] 
2025-08-23 14:19:19,614 [ERROR] LogOutputStream:75 - [STDERR_REDIRECT] [Fatal Error] :1:1: Premature end of file.
2025-08-23 14:19:19,614 [ERROR] LogOutputStream:75 - [STDERR_REDIRECT] 
2025-08-23 14:19:20,620 [ERROR] LogOutputStream:75 - [STDERR_REDIRECT] [Fatal Error] :1:1: Premature end of file.
2025-08-23 14:19:20,620 [ERROR] LogOutputStream:75 - [STDERR_REDIRECT] 
2025-08-23 14:19:21,614 [ERROR] LogOutputStream:75 - [STDERR_REDIRECT] [Fatal Error] :1:1: Premature end of file.
2025-08-23 14:19:21,614 [ERROR] LogOutputStream:75 - [STDERR_REDIRECT] 
2025-08-23 14:19:22,617 [ERROR] LogOutputStream:75 - [STDERR_REDIRECT] [Fatal Error] :1:1: Premature end of file.
2025-08-23 14:19:22,617 [ERROR] LogOutputStream:75 - [STDERR_REDIRECT] 
2025-08-23 14:19:23,607 [ERROR] LogOutputStream:75 - [STDERR_REDIRECT] [Fatal Error] :1:1: Premature end of file.
2025-08-23 14:19:23,608 [ERROR] LogOutputStream:75 - [STDERR_REDIRECT] 
2025-08-23 14:19:24,618 [ERROR] LogOutputStream:75 - [STDERR_REDIRECT] [Fatal Error] :1:1: Premature end of file.
2025-08-23 14:19:24,619 [ERROR] LogOutputStream:75 - [STDERR_REDIRECT] 
2025-08-23 14:19:25,626 [ERROR] LogOutputStream:75 - [STDERR_REDIRECT] [Fatal Error] :1:1: Premature end of file.
2025-08-23 14:19:25,626 [ERROR] LogOutputStream:75 - [STDERR_REDIRECT] 
2025-08-23 14:19:26,620 [ERROR] LogOutputStream:75 - [STDERR_REDIRECT] [Fatal Error] :1:1: Premature end of file.
2025-08-23 14:19:26,620 [ERROR] LogOutputStream:75 - [STDERR_REDIRECT] 
2025-08-23 14:19:27,618 [ERROR] LogOutputStream:75 - [STDERR_REDIRECT] [Fatal Error] :1:1: Premature end of file.
2025-08-23 14:19:27,618 [ERROR] LogOutputStream:75 - [STDERR_REDIRECT] 
2025-08-23 14:19:28,618 [ERROR] LogOutputStream:75 - [STDERR_REDIRECT] [Fatal Error] :1:1: Premature end of file.
2025-08-23 14:19:28,618 [ERROR] LogOutputStream:75 - [STDERR_REDIRECT] 
2025-08-23 14:19:29,618 [ERROR] LogOutputStream:75 - [STDERR_REDIRECT] [Fatal Error] :1:1: Premature end of file.
2025-08-23 14:19:29,618 [ERROR] LogOutputStream:75 - [STDERR_REDIRECT] 
2025-08-23 14:19:30,623 [ERROR] LogOutputStream:75 - [STDERR_REDIRECT] [Fatal Error] :1:1: Premature end of file.
2025-08-23 14:19:30,624 [ERROR] LogOutputStream:75 - [STDERR_REDIRECT] 
2025-08-23 14:19:31,605 [ERROR] LogOutputStream:75 - [STDERR_REDIRECT] [Fatal Error] :1:1: Premature end of file.
2025-08-23 14:19:31,606 [ERROR] LogOutputStream:75 - [STDERR_REDIRECT] 
2025-08-23 14:19:32,619 [ERROR] LogOutputStream:75 - [STDERR_REDIRECT] [Fatal Error] :1:1: Premature end of file.
2025-08-23 14:19:32,619 [ERROR] LogOutputStream:75 - [STDERR_REDIRECT] 
2025-08-23 14:19:33,615 [ERROR] LogOutputStream:75 - [STDERR_REDIRECT] [Fatal Error] :1:1: Premature end of file.
2025-08-23 14:19:33,615 [ERROR] LogOutputStream:75 - [STDERR_REDIRECT] 
2025-08-23 14:19:34,618 [ERROR] LogOutputStream:75 - [STDERR_REDIRECT] [Fatal Error] :1:1: Premature end of file.
2025-08-23 14:19:34,618 [ERROR] LogOutputStream:75 - [STDERR_REDIRECT] 
2025-08-23 14:19:35,620 [ERROR] LogOutputStream:75 - [STDERR_REDIRECT] [Fatal Error] :1:1: Premature end of file.
2025-08-23 14:19:35,620 [ERROR] LogOutputStream:75 - [STDERR_REDIRECT] 
2025-08-23 14:19:36,606 [ERROR] LogOutputStream:75 - [STDERR_REDIRECT] [Fatal Error] :1:1: Premature end of file.
2025-08-23 14:19:36,606 [ERROR] LogOutputStream:75 - [STDERR_REDIRECT] 
2025-08-23 14:19:37,603 [ERROR] LogOutputStream:75 - [STDERR_REDIRECT] [Fatal Error] :1:1: Premature end of file.
2025-08-23 14:19:37,603 [ERROR] LogOutputStream:75 - [STDERR_REDIRECT] 
2025-08-23 14:19:38,611 [ERROR] LogOutputStream:75 - [STDERR_REDIRECT] [Fatal Error] :1:1: Premature end of file.
2025-08-23 14:19:38,611 [ERROR] LogOutputStream:75 - [STDERR_REDIRECT] 
2025-08-23 14:19:39,607 [ERROR] LogOutputStream:75 - [STDERR_REDIRECT] [Fatal Error] :1:1: Premature end of file.
2025-08-23 14:19:39,607 [ERROR] LogOutputStream:75 - [STDERR_REDIRECT] 
2025-08-23 14:19:40,607 [ERROR] LogOutputStream:75 - [STDERR_REDIRECT] [Fatal Error] :1:1: Premature end of file.
2025-08-23 14:19:40,607 [ERROR] LogOutputStream:75 - [STDERR_REDIRECT] 
2025-08-23 14:19:41,601 [ERROR] LogOutputStream:75 - [STDERR_REDIRECT] [Fatal Error] :1:1: Premature end of file.
2025-08-23 14:19:41,602 [ERROR] LogOutputStream:75 - [STDERR_REDIRECT] 
2025-08-23 14:19:42,630 [ERROR] LogOutputStream:75 - [STDERR_REDIRECT] [Fatal Error] :1:1: Premature end of file.
2025-08-23 14:19:42,631 [ERROR] LogOutputStream:75 - [STDERR_REDIRECT] 
2025-08-23 14:19:43,610 [ERROR] LogOutputStream:75 - [STDERR_REDIRECT] [Fatal Error] :1:1: Premature end of file.
2025-08-23 14:19:43,610 [ERROR] LogOutputStream:75 - [STDERR_REDIRECT] 
2025-08-23 14:19:44,619 [ERROR] LogOutputStream:75 - [STDERR_REDIRECT] [Fatal Error] :1:1: Premature end of file.
2025-08-23 14:19:44,619 [ERROR] LogOutputStream:75 - [STDERR_REDIRECT] 
2025-08-23 14:19:45,612 [ERROR] LogOutputStream:75 - [STDERR_REDIRECT] [Fatal Error] :1:1: Premature end of file.
2025-08-23 14:19:45,612 [ERROR] LogOutputStream:75 - [STDERR_REDIRECT] 
2025-08-23 14:19:46,613 [ERROR] LogOutputStream:75 - [STDERR_REDIRECT] [Fatal Error] :1:1: Premature end of file.
2025-08-23 14:19:46,613 [ERROR] LogOutputStream:75 - [STDERR_REDIRECT] 
2025-08-23 14:19:47,618 [ERROR] LogOutputStream:75 - [STDERR_REDIRECT] [Fatal Error] :1:1: Premature end of file.
2025-08-23 14:19:47,618 [ERROR] LogOutputStream:75 - [STDERR_REDIRECT] 
2025-08-23 14:19:48,624 [ERROR] LogOutputStream:75 - [STDERR_REDIRECT] [Fatal Error] :1:1: Premature end of file.
2025-08-23 14:19:48,624 [ERROR] LogOutputStream:75 - [STDERR_REDIRECT] 
2025-08-23 14:19:49,609 [ERROR] LogOutputStream:75 - [STDERR_REDIRECT] [Fatal Error] :1:1: Premature end of file.
2025-08-23 14:19:49,610 [ERROR] LogOutputStream:75 - [STDERR_REDIRECT] 
2025-08-23 14:19:50,611 [ERROR] LogOutputStream:75 - [STDERR_REDIRECT] [Fatal Error] :1:1: Premature end of file.
2025-08-23 14:19:50,611 [ERROR] LogOutputStream:75 - [STDERR_REDIRECT] 
2025-08-23 14:19:51,607 [ERROR] LogOutputStream:75 - [STDERR_REDIRECT] [Fatal Error] :1:1: Premature end of file.
2025-08-23 14:19:51,608 [ERROR] LogOutputStream:75 - [STDERR_REDIRECT] 
2025-08-23 14:19:52,604 [ERROR] LogOutputStream:75 - [STDERR_REDIRECT] [Fatal Error] :1:1: Premature end of file.
2025-08-23 14:19:52,604 [ERROR] LogOutputStream:75 - [STDERR_REDIRECT] 
2025-08-23 14:19:53,603 [ERROR] LogOutputStream:75 - [STDERR_REDIRECT] [Fatal Error] :1:1: Premature end of file.
2025-08-23 14:19:53,603 [ERROR] LogOutputStream:75 - [STDERR_REDIRECT] 
2025-08-23 14:19:54,617 [ERROR] LogOutputStream:75 - [STDERR_REDIRECT] [Fatal Error] :1:1: Premature end of file.
2025-08-23 14:19:54,618 [ERROR] LogOutputStream:75 - [STDERR_REDIRECT] 
2025-08-23 14:19:55,598 [ERROR] LogOutputStream:75 - [STDERR_REDIRECT] [Fatal Error] :1:1: Premature end of file.
2025-08-23 14:19:55,598 [ERROR] LogOutputStream:75 - [STDERR_REDIRECT] 
2025-08-23 14:19:56,607 [ERROR] LogOutputStream:75 - [STDERR_REDIRECT] [Fatal Error] :1:1: Premature end of file.
2025-08-23 14:19:56,608 [ERROR] LogOutputStream:75 - [STDERR_REDIRECT] 
2025-08-23 14:19:57,611 [ERROR] LogOutputStream:75 - [STDERR_REDIRECT] [Fatal Error] :1:1: Premature end of file.
2025-08-23 14:19:57,611 [ERROR] LogOutputStream:75 - [STDERR_REDIRECT] 
2025-08-23 14:19:58,618 [ERROR] LogOutputStream:75 - [STDERR_REDIRECT] [Fatal Error] :1:1: Premature end of file.
2025-08-23 14:19:58,618 [ERROR] LogOutputStream:75 - [STDERR_REDIRECT] 
2025-08-23 14:19:59,626 [ERROR] LogOutputStream:75 - [STDERR_REDIRECT] [Fatal Error] :1:1: Premature end of file.
2025-08-23 14:19:59,627 [ERROR] LogOutputStream:75 - [STDERR_REDIRECT] 
2025-08-23 14:20:00,606 [ERROR] LogOutputStream:75 - [STDERR_REDIRECT] [Fatal Error] :1:1: Premature end of file.
2025-08-23 14:20:00,606 [ERROR] LogOutputStream:75 - [STDERR_REDIRECT] 
2025-08-23 14:20:01,606 [ERROR] LogOutputStream:75 - [STDERR_REDIRECT] [Fatal Error] :1:1: Premature end of file.
2025-08-23 14:20:01,606 [ERROR] LogOutputStream:75 - [STDERR_REDIRECT] 
2025-08-23 14:20:02,610 [ERROR] LogOutputStream:75 - [STDERR_REDIRECT] [Fatal Error] :1:1: Premature end of file.
2025-08-23 14:20:02,611 [ERROR] LogOutputStream:75 - [STDERR_REDIRECT] 
2025-08-23 14:20:03,612 [ERROR] LogOutputStream:75 - [STDERR_REDIRECT] [Fatal Error] :1:1: Premature end of file.
2025-08-23 14:20:03,612 [ERROR] LogOutputStream:75 - [STDERR_REDIRECT] 
2025-08-23 14:20:04,608 [ERROR] LogOutputStream:75 - [STDERR_REDIRECT] [Fatal Error] :1:1: Premature end of file.
2025-08-23 14:20:04,608 [ERROR] LogOutputStream:75 - [STDERR_REDIRECT] 
2025-08-23 14:20:05,611 [ERROR] LogOutputStream:75 - [STDERR_REDIRECT] [Fatal Error] :1:1: Premature end of file.
2025-08-23 14:20:05,611 [ERROR] LogOutputStream:75 - [STDERR_REDIRECT] 
2025-08-23 14:20:06,618 [ERROR] LogOutputStream:75 - [STDERR_REDIRECT] [Fatal Error] :1:1: Premature end of file.
2025-08-23 14:20:06,618 [ERROR] LogOutputStream:75 - [STDERR_REDIRECT] 
2025-08-23 14:20:07,614 [ERROR] LogOutputStream:75 - [STDERR_REDIRECT] [Fatal Error] :1:1: Premature end of file.
2025-08-23 14:20:07,615 [ERROR] LogOutputStream:75 - [STDERR_REDIRECT] 
2025-08-23 14:20:08,616 [ERROR] LogOutputStream:75 - [STDERR_REDIRECT] [Fatal Error] :1:1: Premature end of file.
2025-08-23 14:20:08,616 [ERROR] LogOutputStream:75 - [STDERR_REDIRECT] 
2025-08-23 14:20:09,622 [ERROR] LogOutputStream:75 - [STDERR_REDIRECT] [Fatal Error] :1:1: Premature end of file.
2025-08-23 14:20:09,622 [ERROR] LogOutputStream:75 - [STDERR_REDIRECT] 
2025-08-23 14:20:10,622 [ERROR] LogOutputStream:75 - [STDERR_REDIRECT] [Fatal Error] :1:1: Premature end of file.
2025-08-23 14:20:10,622 [ERROR] LogOutputStream:75 - [STDERR_REDIRECT] 
2025-08-23 14:20:11,603 [ERROR] LogOutputStream:75 - [STDERR_REDIRECT] [Fatal Error] :1:1: Premature end of file.
2025-08-23 14:20:11,603 [ERROR] LogOutputStream:75 - [STDERR_REDIRECT] 
2025-08-23 14:20:12,612 [ERROR] LogOutputStream:75 - [STDERR_REDIRECT] [Fatal Error] :1:1: Premature end of file.
2025-08-23 14:20:12,612 [ERROR] LogOutputStream:75 - [STDERR_REDIRECT] 
2025-08-23 14:20:13,596 [ERROR] LogOutputStream:75 - [STDERR_REDIRECT] [Fatal Error] :1:1: Premature end of file.
2025-08-23 14:20:13,596 [ERROR] LogOutputStream:75 - [STDERR_REDIRECT] 
2025-08-23 14:20:14,612 [ERROR] LogOutputStream:75 - [STDERR_REDIRECT] [Fatal Error] :1:1: Premature end of file.
2025-08-23 14:20:14,613 [ERROR] LogOutputStream:75 - [STDERR_REDIRECT] 
2025-08-23 14:20:15,611 [ERROR] LogOutputStream:75 - [STDERR_REDIRECT] [Fatal Error] :1:1: Premature end of file.
2025-08-23 14:20:15,612 [ERROR] LogOutputStream:75 - [STDERR_REDIRECT] 
2025-08-23 14:20:16,613 [ERROR] LogOutputStream:75 - [STDERR_REDIRECT] [Fatal Error] :1:1: Premature end of file.
2025-08-23 14:20:16,613 [ERROR] LogOutputStream:75 - [STDERR_REDIRECT] 
2025-08-23 14:20:17,604 [ERROR] LogOutputStream:75 - [STDERR_REDIRECT] [Fatal Error] :1:1: Premature end of file.
2025-08-23 14:20:17,604 [ERROR] LogOutputStream:75 - [STDERR_REDIRECT] 
2025-08-23 14:20:18,619 [ERROR] LogOutputStream:75 - [STDERR_REDIRECT] [Fatal Error] :1:1: Premature end of file.
2025-08-23 14:20:18,619 [ERROR] LogOutputStream:75 - [STDERR_REDIRECT] 
2025-08-23 14:20:19,615 [ERROR] LogOutputStream:75 - [STDERR_REDIRECT] [Fatal Error] :1:1: Premature end of file.
2025-08-23 14:20:19,615 [ERROR] LogOutputStream:75 - [STDERR_REDIRECT] 
2025-08-23 14:20:20,609 [ERROR] LogOutputStream:75 - [STDERR_REDIRECT] [Fatal Error] :1:1: Premature end of file.
2025-08-23 14:20:20,609 [ERROR] LogOutputStream:75 - [STDERR_REDIRECT] 
2025-08-23 14:20:21,608 [ERROR] LogOutputStream:75 - [STDERR_REDIRECT] [Fatal Error] :1:1: Premature end of file.
2025-08-23 14:20:21,608 [ERROR] LogOutputStream:75 - [STDERR_REDIRECT] 
2025-08-23 14:20:22,598 [ERROR] LogOutputStream:75 - [STDERR_REDIRECT] [Fatal Error] :1:1: Premature end of file.
2025-08-23 14:20:22,598 [ERROR] LogOutputStream:75 - [STDERR_REDIRECT] 
2025-08-23 14:20:23,616 [ERROR] LogOutputStream:75 - [STDERR_REDIRECT] [Fatal Error] :1:1: Premature end of file.
2025-08-23 14:20:23,617 [ERROR] LogOutputStream:75 - [STDERR_REDIRECT] 
2025-08-23 14:20:24,602 [ERROR] LogOutputStream:75 - [STDERR_REDIRECT] [Fatal Error] :1:1: Premature end of file.
2025-08-23 14:20:24,602 [ERROR] LogOutputStream:75 - [STDERR_REDIRECT] 
2025-08-23 14:20:25,610 [ERROR] LogOutputStream:75 - [STDERR_REDIRECT] [Fatal Error] :1:1: Premature end of file.
2025-08-23 14:20:25,610 [ERROR] LogOutputStream:75 - [STDERR_REDIRECT] 
2025-08-23 14:20:26,609 [ERROR] LogOutputStream:75 - [STDERR_REDIRECT] [Fatal Error] :1:1: Premature end of file.
2025-08-23 14:20:26,609 [ERROR] LogOutputStream:75 - [STDERR_REDIRECT] 
2025-08-23 14:20:27,594 [ERROR] LogOutputStream:75 - [STDERR_REDIRECT] [Fatal Error] :1:1: Premature end of file.
2025-08-23 14:20:27,594 [ERROR] LogOutputStream:75 - [STDERR_REDIRECT] 
2025-08-23 14:20:28,625 [ERROR] LogOutputStream:75 - [STDERR_REDIRECT] [Fatal Error] :1:1: Premature end of file.
2025-08-23 14:20:28,625 [ERROR] LogOutputStream:75 - [STDERR_REDIRECT] 
2025-08-23 14:20:29,614 [ERROR] LogOutputStream:75 - [STDERR_REDIRECT] [Fatal Error] :1:1: Premature end of file.
2025-08-23 14:20:29,615 [ERROR] LogOutputStream:75 - [STDERR_REDIRECT] 
2025-08-23 14:20:30,614 [ERROR] LogOutputStream:75 - [STDERR_REDIRECT] [Fatal Error] :1:1: Premature end of file.
2025-08-23 14:20:30,614 [ERROR] LogOutputStream:75 - [STDERR_REDIRECT] 
2025-08-23 14:20:31,619 [ERROR] LogOutputStream:75 - [STDERR_REDIRECT] [Fatal Error] :1:1: Premature end of file.
2025-08-23 14:20:31,619 [ERROR] LogOutputStream:75 - [STDERR_REDIRECT] 
2025-08-23 14:20:32,627 [ERROR] LogOutputStream:75 - [STDERR_REDIRECT] [Fatal Error] :1:1: Premature end of file.
2025-08-23 14:20:32,628 [ERROR] LogOutputStream:75 - [STDERR_REDIRECT] 
2025-08-23 14:20:33,606 [ERROR] LogOutputStream:75 - [STDERR_REDIRECT] [Fatal Error] :1:1: Premature end of file.
2025-08-23 14:20:33,608 [ERROR] LogOutputStream:75 - [STDERR_REDIRECT] 
2025-08-23 14:20:34,616 [ERROR] LogOutputStream:75 - [STDERR_REDIRECT] [Fatal Error] :1:1: Premature end of file.
2025-08-23 14:20:34,616 [ERROR] LogOutputStream:75 - [STDERR_REDIRECT] 
2025-08-23 14:20:35,613 [ERROR] LogOutputStream:75 - [STDERR_REDIRECT] [Fatal Error] :1:1: Premature end of file.
2025-08-23 14:20:35,613 [ERROR] LogOutputStream:75 - [STDERR_REDIRECT] 
2025-08-23 14:20:36,603 [ERROR] LogOutputStream:75 - [STDERR_REDIRECT] [Fatal Error] :1:1: Premature end of file.
2025-08-23 14:20:36,603 [ERROR] LogOutputStream:75 - [STDERR_REDIRECT] 
2025-08-23 14:20:37,613 [ERROR] LogOutputStream:75 - [STDERR_REDIRECT] [Fatal Error] :1:1: Premature end of file.
2025-08-23 14:20:37,613 [ERROR] LogOutputStream:75 - [STDERR_REDIRECT] 
2025-08-23 14:20:38,614 [ERROR] LogOutputStream:75 - [STDERR_REDIRECT] [Fatal Error] :1:1: Premature end of file.
2025-08-23 14:20:38,614 [ERROR] LogOutputStream:75 - [STDERR_REDIRECT] 
2025-08-23 14:20:39,620 [ERROR] LogOutputStream:75 - [STDERR_REDIRECT] [Fatal Error] :1:1: Premature end of file.
2025-08-23 14:20:39,620 [ERROR] LogOutputStream:75 - [STDERR_REDIRECT] 
2025-08-23 14:20:40,608 [ERROR] LogOutputStream:75 - [STDERR_REDIRECT] [Fatal Error] :1:1: Premature end of file.
2025-08-23 14:20:40,608 [ERROR] LogOutputStream:75 - [STDERR_REDIRECT] 
2025-08-23 14:20:41,618 [ERROR] LogOutputStream:75 - [STDERR_REDIRECT] [Fatal Error] :1:1: Premature end of file.
2025-08-23 14:20:41,618 [ERROR] LogOutputStream:75 - [STDERR_REDIRECT] 
2025-08-23 14:20:42,611 [ERROR] LogOutputStream:75 - [STDERR_REDIRECT] [Fatal Error] :1:1: Premature end of file.
2025-08-23 14:20:42,611 [ERROR] LogOutputStream:75 - [STDERR_REDIRECT] 
2025-08-23 14:20:43,613 [ERROR] LogOutputStream:75 - [STDERR_REDIRECT] [Fatal Error] :1:1: Premature end of file.
2025-08-23 14:20:43,613 [ERROR] LogOutputStream:75 - [STDERR_REDIRECT] 
2025-08-23 14:20:44,616 [ERROR] LogOutputStream:75 - [STDERR_REDIRECT] [Fatal Error] :1:1: Premature end of file.
2025-08-23 14:20:44,617 [ERROR] LogOutputStream:75 - [STDERR_REDIRECT] 
2025-08-23 14:20:45,616 [ERROR] LogOutputStream:75 - [STDERR_REDIRECT] [Fatal Error] :1:1: Premature end of file.
2025-08-23 14:20:45,616 [ERROR] LogOutputStream:75 - [STDERR_REDIRECT] 
2025-08-23 14:20:46,617 [ERROR] LogOutputStream:75 - [STDERR_REDIRECT] [Fatal Error] :1:1: Premature end of file.
2025-08-23 14:20:46,617 [ERROR] LogOutputStream:75 - [STDERR_REDIRECT] 
2025-08-23 14:20:47,612 [ERROR] LogOutputStream:75 - [STDERR_REDIRECT] [Fatal Error] :1:1: Premature end of file.
2025-08-23 14:20:47,613 [ERROR] LogOutputStream:75 - [STDERR_REDIRECT] 
2025-08-23 14:20:48,614 [ERROR] LogOutputStream:75 - [STDERR_REDIRECT] [Fatal Error] :1:1: Premature end of file.
2025-08-23 14:20:48,614 [ERROR] LogOutputStream:75 - [STDERR_REDIRECT] 
2025-08-23 14:20:49,606 [ERROR] LogOutputStream:75 - [STDERR_REDIRECT] [Fatal Error] :1:1: Premature end of file.
2025-08-23 14:20:49,606 [ERROR] LogOutputStream:75 - [STDERR_REDIRECT] 
2025-08-23 14:20:50,601 [ERROR] LogOutputStream:75 - [STDERR_REDIRECT] [Fatal Error] :1:1: Premature end of file.
2025-08-23 14:20:50,601 [ERROR] LogOutputStream:75 - [STDERR_REDIRECT] 
2025-08-23 14:20:51,618 [ERROR] LogOutputStream:75 - [STDERR_REDIRECT] [Fatal Error] :1:1: Premature end of file.
2025-08-23 14:20:51,618 [ERROR] LogOutputStream:75 - [STDERR_REDIRECT] 
2025-08-23 14:20:52,616 [ERROR] LogOutputStream:75 - [STDERR_REDIRECT] [Fatal Error] :1:1: Premature end of file.
2025-08-23 14:20:52,616 [ERROR] LogOutputStream:75 - [STDERR_REDIRECT] 
2025-08-23 14:20:53,623 [ERROR] LogOutputStream:75 - [STDERR_REDIRECT] [Fatal Error] :1:1: Premature end of file.
2025-08-23 14:20:53,623 [ERROR] LogOutputStream:75 - [STDERR_REDIRECT] 
2025-08-23 14:20:54,611 [ERROR] LogOutputStream:75 - [STDERR_REDIRECT] [Fatal Error] :1:1: Premature end of file.
2025-08-23 14:20:54,611 [ERROR] LogOutputStream:75 - [STDERR_REDIRECT] 
2025-08-23 14:20:55,605 [ERROR] LogOutputStream:75 - [STDERR_REDIRECT] [Fatal Error] :1:1: Premature end of file.
2025-08-23 14:20:55,605 [ERROR] LogOutputStream:75 - [STDERR_REDIRECT] 
2025-08-23 14:20:56,618 [ERROR] LogOutputStream:75 - [STDERR_REDIRECT] [Fatal Error] :1:1: Premature end of file.
2025-08-23 14:20:56,619 [ERROR] LogOutputStream:75 - [STDERR_REDIRECT] 
2025-08-23 14:20:57,617 [ERROR] LogOutputStream:75 - [STDERR_REDIRECT] [Fatal Error] :1:1: Premature end of file.
2025-08-23 14:20:57,617 [ERROR] LogOutputStream:75 - [STDERR_REDIRECT] 
2025-08-23 14:20:58,623 [ERROR] LogOutputStream:75 - [STDERR_REDIRECT] [Fatal Error] :1:1: Premature end of file.
2025-08-23 14:20:58,623 [ERROR] LogOutputStream:75 - [STDERR_REDIRECT] 
2025-08-23 14:20:59,606 [ERROR] LogOutputStream:75 - [STDERR_REDIRECT] [Fatal Error] :1:1: Premature end of file.
2025-08-23 14:20:59,606 [ERROR] LogOutputStream:75 - [STDERR_REDIRECT] 
2025-08-23 14:21:00,623 [ERROR] LogOutputStream:75 - [STDERR_REDIRECT] [Fatal Error] :1:1: Premature end of file.
2025-08-23 14:21:00,623 [ERROR] LogOutputStream:75 - [STDERR_REDIRECT] 
2025-08-23 14:21:01,614 [ERROR] LogOutputStream:75 - [STDERR_REDIRECT] [Fatal Error] :1:1: Premature end of file.
2025-08-23 14:21:01,614 [ERROR] LogOutputStream:75 - [STDERR_REDIRECT] 
2025-08-23 14:21:02,620 [ERROR] LogOutputStream:75 - [STDERR_REDIRECT] [Fatal Error] :1:1: Premature end of file.
2025-08-23 14:21:02,620 [ERROR] LogOutputStream:75 - [STDERR_REDIRECT] 
2025-08-23 14:21:03,611 [ERROR] LogOutputStream:75 - [STDERR_REDIRECT] [Fatal Error] :1:1: Premature end of file.
2025-08-23 14:21:03,613 [ERROR] LogOutputStream:75 - [STDERR_REDIRECT] 
2025-08-23 14:21:04,599 [ERROR] LogOutputStream:75 - [STDERR_REDIRECT] [Fatal Error] :1:1: Premature end of file.
2025-08-23 14:21:04,600 [ERROR] LogOutputStream:75 - [STDERR_REDIRECT] 
2025-08-23 14:21:05,618 [ERROR] LogOutputStream:75 - [STDERR_REDIRECT] [Fatal Error] :1:1: Premature end of file.
2025-08-23 14:21:05,618 [ERROR] LogOutputStream:75 - [STDERR_REDIRECT] 
2025-08-23 14:21:06,605 [ERROR] LogOutputStream:75 - [STDERR_REDIRECT] [Fatal Error] :1:1: Premature end of file.
2025-08-23 14:21:06,605 [ERROR] LogOutputStream:75 - [STDERR_REDIRECT] 
2025-08-23 14:21:07,594 [ERROR] LogOutputStream:75 - [STDERR_REDIRECT] [Fatal Error] :1:1: Premature end of file.
2025-08-23 14:21:07,599 [ERROR] LogOutputStream:75 - [STDERR_REDIRECT] 
2025-08-23 14:21:08,599 [ERROR] LogOutputStream:75 - [STDERR_REDIRECT] [Fatal Error] :1:1: Premature end of file.
2025-08-23 14:21:08,599 [ERROR] LogOutputStream:75 - [STDERR_REDIRECT] 
2025-08-23 14:21:09,616 [ERROR] LogOutputStream:75 - [STDERR_REDIRECT] [Fatal Error] :1:1: Premature end of file.
2025-08-23 14:21:09,616 [ERROR] LogOutputStream:75 - [STDERR_REDIRECT] 
2025-08-23 14:21:10,634 [ERROR] LogOutputStream:75 - [STDERR_REDIRECT] [Fatal Error] :1:1: Premature end of file.
2025-08-23 14:21:10,635 [ERROR] LogOutputStream:75 - [STDERR_REDIRECT] 
2025-08-23 14:21:11,621 [ERROR] LogOutputStream:75 - [STDERR_REDIRECT] [Fatal Error] :1:1: Premature end of file.
2025-08-23 14:21:11,621 [ERROR] LogOutputStream:75 - [STDERR_REDIRECT] 
2025-08-23 14:21:12,617 [ERROR] LogOutputStream:75 - [STDERR_REDIRECT] [Fatal Error] :1:1: Premature end of file.
2025-08-23 14:21:12,617 [ERROR] LogOutputStream:75 - [STDERR_REDIRECT] 
2025-08-23 14:21:13,602 [ERROR] LogOutputStream:75 - [STDERR_REDIRECT] [Fatal Error] :1:1: Premature end of file.
2025-08-23 14:21:13,602 [ERROR] LogOutputStream:75 - [STDERR_REDIRECT] 
2025-08-23 14:21:14,616 [ERROR] LogOutputStream:75 - [STDERR_REDIRECT] [Fatal Error] :1:1: Premature end of file.
2025-08-23 14:21:14,616 [ERROR] LogOutputStream:75 - [STDERR_REDIRECT] 
2025-08-23 14:21:15,610 [ERROR] LogOutputStream:75 - [STDERR_REDIRECT] [Fatal Error] :1:1: Premature end of file.
2025-08-23 14:21:15,610 [ERROR] LogOutputStream:75 - [STDERR_REDIRECT] 
2025-08-23 14:21:16,623 [ERROR] LogOutputStream:75 - [STDERR_REDIRECT] [Fatal Error] :1:1: Premature end of file.
2025-08-23 14:21:16,623 [ERROR] LogOutputStream:75 - [STDERR_REDIRECT] 
2025-08-23 14:21:17,605 [ERROR] LogOutputStream:75 - [STDERR_REDIRECT] [Fatal Error] :1:1: Premature end of file.
2025-08-23 14:21:17,605 [ERROR] LogOutputStream:75 - [STDERR_REDIRECT] 
2025-08-23 14:21:18,616 [ERROR] LogOutputStream:75 - [STDERR_REDIRECT] [Fatal Error] :1:1: Premature end of file.
2025-08-23 14:21:18,616 [ERROR] LogOutputStream:75 - [STDERR_REDIRECT] 
2025-08-23 14:21:19,625 [ERROR] LogOutputStream:75 - [STDERR_REDIRECT] [Fatal Error] :1:1: Premature end of file.
2025-08-23 14:21:19,625 [ERROR] LogOutputStream:75 - [STDERR_REDIRECT] 
2025-08-23 14:21:20,601 [ERROR] LogOutputStream:75 - [STDERR_REDIRECT] [Fatal Error] :1:1: Premature end of file.
2025-08-23 14:21:20,601 [ERROR] LogOutputStream:75 - [STDERR_REDIRECT] 
2025-08-23 14:21:21,616 [ERROR] LogOutputStream:75 - [STDERR_REDIRECT] [Fatal Error] :1:1: Premature end of file.
2025-08-23 14:21:21,616 [ERROR] LogOutputStream:75 - [STDERR_REDIRECT] 
2025-08-23 14:21:22,619 [ERROR] LogOutputStream:75 - [STDERR_REDIRECT] [Fatal Error] :1:1: Premature end of file.
2025-08-23 14:21:22,619 [ERROR] LogOutputStream:75 - [STDERR_REDIRECT] 
2025-08-23 14:21:23,609 [ERROR] LogOutputStream:75 - [STDERR_REDIRECT] [Fatal Error] :1:1: Premature end of file.
2025-08-23 14:21:23,609 [ERROR] LogOutputStream:75 - [STDERR_REDIRECT] 
2025-08-23 14:21:24,611 [ERROR] LogOutputStream:75 - [STDERR_REDIRECT] [Fatal Error] :1:1: Premature end of file.
2025-08-23 14:21:24,611 [ERROR] LogOutputStream:75 - [STDERR_REDIRECT] 
2025-08-23 14:21:25,619 [ERROR] LogOutputStream:75 - [STDERR_REDIRECT] [Fatal Error] :1:1: Premature end of file.
2025-08-23 14:21:25,619 [ERROR] LogOutputStream:75 - [STDERR_REDIRECT] 
2025-08-23 14:21:26,620 [ERROR] LogOutputStream:75 - [STDERR_REDIRECT] [Fatal Error] :1:1: Premature end of file.
2025-08-23 14:21:26,620 [ERROR] LogOutputStream:75 - [STDERR_REDIRECT] 
2025-08-23 14:21:27,604 [ERROR] LogOutputStream:75 - [STDERR_REDIRECT] [Fatal Error] :1:1: Premature end of file.
2025-08-23 14:21:27,605 [ERROR] LogOutputStream:75 - [STDERR_REDIRECT] 
2025-08-23 14:21:28,614 [ERROR] LogOutputStream:75 - [STDERR_REDIRECT] [Fatal Error] :1:1: Premature end of file.
2025-08-23 14:21:28,614 [ERROR] LogOutputStream:75 - [STDERR_REDIRECT] 
2025-08-23 14:21:29,610 [ERROR] LogOutputStream:75 - [STDERR_REDIRECT] [Fatal Error] :1:1: Premature end of file.
2025-08-23 14:21:29,610 [ERROR] LogOutputStream:75 - [STDERR_REDIRECT] 
2025-08-23 14:21:30,624 [ERROR] LogOutputStream:75 - [STDERR_REDIRECT] [Fatal Error] :1:1: Premature end of file.
2025-08-23 14:21:30,624 [ERROR] LogOutputStream:75 - [STDERR_REDIRECT] 
2025-08-23 14:21:31,624 [ERROR] LogOutputStream:75 - [STDERR_REDIRECT] [Fatal Error] :1:1: Premature end of file.
2025-08-23 14:21:31,624 [ERROR] LogOutputStream:75 - [STDERR_REDIRECT] 
2025-08-23 14:21:32,618 [ERROR] LogOutputStream:75 - [STDERR_REDIRECT] [Fatal Error] :1:1: Premature end of file.
2025-08-23 14:21:32,618 [ERROR] LogOutputStream:75 - [STDERR_REDIRECT] 
2025-08-23 14:21:33,620 [ERROR] LogOutputStream:75 - [STDERR_REDIRECT] [Fatal Error] :1:1: Premature end of file.
2025-08-23 14:21:33,620 [ERROR] LogOutputStream:75 - [STDERR_REDIRECT] 
2025-08-23 14:21:34,618 [ERROR] LogOutputStream:75 - [STDERR_REDIRECT] [Fatal Error] :1:1: Premature end of file.
2025-08-23 14:21:34,618 [ERROR] LogOutputStream:75 - [STDERR_REDIRECT] 
2025-08-23 14:21:35,612 [ERROR] LogOutputStream:75 - [STDERR_REDIRECT] [Fatal Error] :1:1: Premature end of file.
2025-08-23 14:21:35,612 [ERROR] LogOutputStream:75 - [STDERR_REDIRECT] 
2025-08-23 14:21:36,619 [ERROR] LogOutputStream:75 - [STDERR_REDIRECT] [Fatal Error] :1:1: Premature end of file.
2025-08-23 14:21:36,619 [ERROR] LogOutputStream:75 - [STDERR_REDIRECT] 
2025-08-23 14:21:37,604 [ERROR] LogOutputStream:75 - [STDERR_REDIRECT] [Fatal Error] :1:1: Premature end of file.
2025-08-23 14:21:37,604 [ERROR] LogOutputStream:75 - [STDERR_REDIRECT] 
2025-08-23 14:21:38,618 [ERROR] LogOutputStream:75 - [STDERR_REDIRECT] [Fatal Error] :1:1: Premature end of file.
2025-08-23 14:21:38,618 [ERROR] LogOutputStream:75 - [STDERR_REDIRECT] 
2025-08-23 14:21:39,608 [ERROR] LogOutputStream:75 - [STDERR_REDIRECT] [Fatal Error] :1:1: Premature end of file.
2025-08-23 14:21:39,608 [ERROR] LogOutputStream:75 - [STDERR_REDIRECT] 
2025-08-23 14:21:40,617 [ERROR] LogOutputStream:75 - [STDERR_REDIRECT] [Fatal Error] :1:1: Premature end of file.
2025-08-23 14:21:40,618 [ERROR] LogOutputStream:75 - [STDERR_REDIRECT] 
2025-08-23 14:21:41,624 [ERROR] LogOutputStream:75 - [STDERR_REDIRECT] [Fatal Error] :1:1: Premature end of file.
2025-08-23 14:21:41,624 [ERROR] LogOutputStream:75 - [STDERR_REDIRECT] 
2025-08-23 14:21:42,613 [ERROR] LogOutputStream:75 - [STDERR_REDIRECT] [Fatal Error] :1:1: Premature end of file.
2025-08-23 14:21:42,613 [ERROR] LogOutputStream:75 - [STDERR_REDIRECT] 
2025-08-23 14:21:43,617 [ERROR] LogOutputStream:75 - [STDERR_REDIRECT] [Fatal Error] :1:1: Premature end of file.
2025-08-23 14:21:43,617 [ERROR] LogOutputStream:75 - [STDERR_REDIRECT] 
2025-08-23 14:21:44,605 [ERROR] LogOutputStream:75 - [STDERR_REDIRECT] [Fatal Error] :1:1: Premature end of file.
2025-08-23 14:21:44,605 [ERROR] LogOutputStream:75 - [STDERR_REDIRECT] 
2025-08-23 14:21:45,604 [ERROR] LogOutputStream:75 - [STDERR_REDIRECT] [Fatal Error] :1:1: Premature end of file.
2025-08-23 14:21:45,604 [ERROR] LogOutputStream:75 - [STDERR_REDIRECT] 
2025-08-23 14:21:46,604 [ERROR] LogOutputStream:75 - [STDERR_REDIRECT] [Fatal Error] :1:1: Premature end of file.
2025-08-23 14:21:46,604 [ERROR] LogOutputStream:75 - [STDERR_REDIRECT] 
2025-08-23 14:21:47,618 [ERROR] LogOutputStream:75 - [STDERR_REDIRECT] [Fatal Error] :1:1: Premature end of file.
2025-08-23 14:21:47,618 [ERROR] LogOutputStream:75 - [STDERR_REDIRECT] 
2025-08-23 14:21:48,617 [ERROR] LogOutputStream:75 - [STDERR_REDIRECT] [Fatal Error] :1:1: Premature end of file.
2025-08-23 14:21:48,617 [ERROR] LogOutputStream:75 - [STDERR_REDIRECT] 
2025-08-23 14:21:49,607 [ERROR] LogOutputStream:75 - [STDERR_REDIRECT] [Fatal Error] :1:1: Premature end of file.
2025-08-23 14:21:49,607 [ERROR] LogOutputStream:75 - [STDERR_REDIRECT] 
2025-08-23 14:21:50,615 [ERROR] LogOutputStream:75 - [STDERR_REDIRECT] [Fatal Error] :1:1: Premature end of file.
2025-08-23 14:21:50,615 [ERROR] LogOutputStream:75 - [STDERR_REDIRECT] 
2025-08-23 14:21:51,615 [ERROR] LogOutputStream:75 - [STDERR_REDIRECT] [Fatal Error] :1:1: Premature end of file.
2025-08-23 14:21:51,615 [ERROR] LogOutputStream:75 - [STDERR_REDIRECT] 
2025-08-23 14:21:52,600 [ERROR] LogOutputStream:75 - [STDERR_REDIRECT] [Fatal Error] :1:1: Premature end of file.
2025-08-23 14:21:52,600 [ERROR] LogOutputStream:75 - [STDERR_REDIRECT] 
2025-08-23 14:21:53,615 [ERROR] LogOutputStream:75 - [STDERR_REDIRECT] [Fatal Error] :1:1: Premature end of file.
2025-08-23 14:21:53,615 [ERROR] LogOutputStream:75 - [STDERR_REDIRECT] 
2025-08-23 14:21:54,613 [ERROR] LogOutputStream:75 - [STDERR_REDIRECT] [Fatal Error] :1:1: Premature end of file.
2025-08-23 14:21:54,614 [ERROR] LogOutputStream:75 - [STDERR_REDIRECT] 
2025-08-23 14:21:55,616 [ERROR] LogOutputStream:75 - [STDERR_REDIRECT] [Fatal Error] :1:1: Premature end of file.
2025-08-23 14:21:55,616 [ERROR] LogOutputStream:75 - [STDERR_REDIRECT] 
2025-08-23 14:21:56,615 [ERROR] LogOutputStream:75 - [STDERR_REDIRECT] [Fatal Error] :1:1: Premature end of file.
2025-08-23 14:21:56,615 [ERROR] LogOutputStream:75 - [STDERR_REDIRECT] 
2025-08-23 14:21:57,604 [ERROR] LogOutputStream:75 - [STDERR_REDIRECT] [Fatal Error] :1:1: Premature end of file.
2025-08-23 14:21:57,604 [ERROR] LogOutputStream:75 - [STDERR_REDIRECT] 
2025-08-23 14:21:58,613 [ERROR] LogOutputStream:75 - [STDERR_REDIRECT] [Fatal Error] :1:1: Premature end of file.
2025-08-23 14:21:58,613 [ERROR] LogOutputStream:75 - [STDERR_REDIRECT] 
2025-08-23 14:21:59,611 [ERROR] LogOutputStream:75 - [STDERR_REDIRECT] [Fatal Error] :1:1: Premature end of file.
2025-08-23 14:21:59,612 [ERROR] LogOutputStream:75 - [STDERR_REDIRECT] 
2025-08-23 14:22:00,608 [ERROR] LogOutputStream:75 - [STDERR_REDIRECT] [Fatal Error] :1:1: Premature end of file.
2025-08-23 14:22:00,608 [ERROR] LogOutputStream:75 - [STDERR_REDIRECT] 
2025-08-23 14:22:01,610 [ERROR] LogOutputStream:75 - [STDERR_REDIRECT] [Fatal Error] :1:1: Premature end of file.
2025-08-23 14:22:01,612 [ERROR] LogOutputStream:75 - [STDERR_REDIRECT] 
2025-08-23 14:22:02,611 [ERROR] LogOutputStream:75 - [STDERR_REDIRECT] [Fatal Error] :1:1: Premature end of file.
2025-08-23 14:22:02,612 [ERROR] LogOutputStream:75 - [STDERR_REDIRECT] 
2025-08-23 14:22:03,618 [ERROR] LogOutputStream:75 - [STDERR_REDIRECT] [Fatal Error] :1:1: Premature end of file.
2025-08-23 14:22:03,618 [ERROR] LogOutputStream:75 - [STDERR_REDIRECT] 
2025-08-23 14:22:04,613 [ERROR] LogOutputStream:75 - [STDERR_REDIRECT] [Fatal Error] :1:1: Premature end of file.
2025-08-23 14:22:04,614 [ERROR] LogOutputStream:75 - [STDERR_REDIRECT] 
2025-08-23 14:22:05,613 [ERROR] LogOutputStream:75 - [STDERR_REDIRECT] [Fatal Error] :1:1: Premature end of file.
2025-08-23 14:22:05,613 [ERROR] LogOutputStream:75 - [STDERR_REDIRECT] 
2025-08-23 14:22:06,613 [ERROR] LogOutputStream:75 - [STDERR_REDIRECT] [Fatal Error] :1:1: Premature end of file.
2025-08-23 14:22:06,613 [ERROR] LogOutputStream:75 - [STDERR_REDIRECT] 
2025-08-23 14:22:07,605 [ERROR] LogOutputStream:75 - [STDERR_REDIRECT] [Fatal Error] :1:1: Premature end of file.
2025-08-23 14:22:07,605 [ERROR] LogOutputStream:75 - [STDERR_REDIRECT] 
2025-08-23 14:22:08,617 [ERROR] LogOutputStream:75 - [STDERR_REDIRECT] [Fatal Error] :1:1: Premature end of file.
2025-08-23 14:22:08,617 [ERROR] LogOutputStream:75 - [STDERR_REDIRECT] 
2025-08-23 14:22:09,602 [ERROR] LogOutputStream:75 - [STDERR_REDIRECT] [Fatal Error] :1:1: Premature end of file.
2025-08-23 14:22:09,602 [ERROR] LogOutputStream:75 - [STDERR_REDIRECT] 
2025-08-23 14:22:10,626 [ERROR] LogOutputStream:75 - [STDERR_REDIRECT] [Fatal Error] :1:1: Premature end of file.
2025-08-23 14:22:10,628 [ERROR] LogOutputStream:75 - [STDERR_REDIRECT] 
2025-08-23 14:22:11,610 [ERROR] LogOutputStream:75 - [STDERR_REDIRECT] [Fatal Error] :1:1: Premature end of file.
2025-08-23 14:22:11,610 [ERROR] LogOutputStream:75 - [STDERR_REDIRECT] 
2025-08-23 14:22:12,614 [ERROR] LogOutputStream:75 - [STDERR_REDIRECT] [Fatal Error] :1:1: Premature end of file.
2025-08-23 14:22:12,616 [ERROR] LogOutputStream:75 - [STDERR_REDIRECT] 
2025-08-23 14:22:13,610 [ERROR] LogOutputStream:75 - [STDERR_REDIRECT] [Fatal Error] :1:1: Premature end of file.
2025-08-23 14:22:13,610 [ERROR] LogOutputStream:75 - [STDERR_REDIRECT] 
2025-08-23 14:22:14,612 [ERROR] LogOutputStream:75 - [STDERR_REDIRECT] [Fatal Error] :1:1: Premature end of file.
2025-08-23 14:22:14,612 [ERROR] LogOutputStream:75 - [STDERR_REDIRECT] 
2025-08-23 14:22:15,614 [ERROR] LogOutputStream:75 - [STDERR_REDIRECT] [Fatal Error] :1:1: Premature end of file.
2025-08-23 14:22:15,614 [ERROR] LogOutputStream:75 - [STDERR_REDIRECT] 
2025-08-23 14:22:16,615 [ERROR] LogOutputStream:75 - [STDERR_REDIRECT] [Fatal Error] :1:1: Premature end of file.
2025-08-23 14:22:16,615 [ERROR] LogOutputStream:75 - [STDERR_REDIRECT] 
2025-08-23 14:22:17,615 [ERROR] LogOutputStream:75 - [STDERR_REDIRECT] [Fatal Error] :1:1: Premature end of file.
2025-08-23 14:22:17,615 [ERROR] LogOutputStream:75 - [STDERR_REDIRECT] 
2025-08-23 14:22:18,614 [ERROR] LogOutputStream:75 - [STDERR_REDIRECT] [Fatal Error] :1:1: Premature end of file.
2025-08-23 14:22:18,614 [ERROR] LogOutputStream:75 - [STDERR_REDIRECT] 
2025-08-23 14:22:19,608 [ERROR] LogOutputStream:75 - [STDERR_REDIRECT] [Fatal Error] :1:1: Premature end of file.
2025-08-23 14:22:19,608 [ERROR] LogOutputStream:75 - [STDERR_REDIRECT] 
2025-08-23 14:22:20,616 [ERROR] LogOutputStream:75 - [STDERR_REDIRECT] [Fatal Error] :1:1: Premature end of file.
2025-08-23 14:22:20,617 [ERROR] LogOutputStream:75 - [STDERR_REDIRECT] 
2025-08-23 14:22:21,615 [ERROR] LogOutputStream:75 - [STDERR_REDIRECT] [Fatal Error] :1:1: Premature end of file.
2025-08-23 14:22:21,615 [ERROR] LogOutputStream:75 - [STDERR_REDIRECT] 
2025-08-23 14:22:22,602 [ERROR] LogOutputStream:75 - [STDERR_REDIRECT] [Fatal Error] :1:1: Premature end of file.
2025-08-23 14:22:22,603 [ERROR] LogOutputStream:75 - [STDERR_REDIRECT] 
2025-08-23 14:22:23,612 [ERROR] LogOutputStream:75 - [STDERR_REDIRECT] [Fatal Error] :1:1: Premature end of file.
2025-08-23 14:22:23,612 [ERROR] LogOutputStream:75 - [STDERR_REDIRECT] 
2025-08-23 14:22:24,608 [ERROR] LogOutputStream:75 - [STDERR_REDIRECT] [Fatal Error] :1:1: Premature end of file.
2025-08-23 14:22:24,608 [ERROR] LogOutputStream:75 - [STDERR_REDIRECT] 
2025-08-23 14:22:25,611 [ERROR] LogOutputStream:75 - [STDERR_REDIRECT] [Fatal Error] :1:1: Premature end of file.
2025-08-23 14:22:25,611 [ERROR] LogOutputStream:75 - [STDERR_REDIRECT] 
2025-08-23 14:22:26,603 [ERROR] LogOutputStream:75 - [STDERR_REDIRECT] [Fatal Error] :1:1: Premature end of file.
2025-08-23 14:22:26,603 [ERROR] LogOutputStream:75 - [STDERR_REDIRECT] 
2025-08-23 14:22:27,610 [ERROR] LogOutputStream:75 - [STDERR_REDIRECT] [Fatal Error] :1:1: Premature end of file.
2025-08-23 14:22:27,610 [ERROR] LogOutputStream:75 - [STDERR_REDIRECT] 
2025-08-23 14:22:28,614 [ERROR] LogOutputStream:75 - [STDERR_REDIRECT] [Fatal Error] :1:1: Premature end of file.
2025-08-23 14:22:28,616 [ERROR] LogOutputStream:75 - [STDERR_REDIRECT] 
2025-08-23 14:22:29,618 [ERROR] LogOutputStream:75 - [STDERR_REDIRECT] [Fatal Error] :1:1: Premature end of file.
2025-08-23 14:22:29,618 [ERROR] LogOutputStream:75 - [STDERR_REDIRECT] 
2025-08-23 14:22:30,616 [ERROR] LogOutputStream:75 - [STDERR_REDIRECT] [Fatal Error] :1:1: Premature end of file.
2025-08-23 14:22:30,616 [ERROR] LogOutputStream:75 - [STDERR_REDIRECT] 
2025-08-23 14:22:31,607 [ERROR] LogOutputStream:75 - [STDERR_REDIRECT] [Fatal Error] :1:1: Premature end of file.
2025-08-23 14:22:31,607 [ERROR] LogOutputStream:75 - [STDERR_REDIRECT] 
2025-08-23 14:22:32,614 [ERROR] LogOutputStream:75 - [STDERR_REDIRECT] [Fatal Error] :1:1: Premature end of file.
2025-08-23 14:22:32,614 [ERROR] LogOutputStream:75 - [STDERR_REDIRECT] 
2025-08-23 14:22:33,602 [ERROR] LogOutputStream:75 - [STDERR_REDIRECT] [Fatal Error] :1:1: Premature end of file.
2025-08-23 14:22:33,602 [ERROR] LogOutputStream:75 - [STDERR_REDIRECT] 
2025-08-23 14:22:34,621 [ERROR] LogOutputStream:75 - [STDERR_REDIRECT] [Fatal Error] :1:1: Premature end of file.
2025-08-23 14:22:34,621 [ERROR] LogOutputStream:75 - [STDERR_REDIRECT] 
2025-08-23 14:22:35,620 [ERROR] LogOutputStream:75 - [STDERR_REDIRECT] [Fatal Error] :1:1: Premature end of file.
2025-08-23 14:22:35,620 [ERROR] LogOutputStream:75 - [STDERR_REDIRECT] 
2025-08-23 14:22:36,618 [ERROR] LogOutputStream:75 - [STDERR_REDIRECT] [Fatal Error] :1:1: Premature end of file.
2025-08-23 14:22:36,618 [ERROR] LogOutputStream:75 - [STDERR_REDIRECT] 
2025-08-23 14:22:37,608 [ERROR] LogOutputStream:75 - [STDERR_REDIRECT] [Fatal Error] :1:1: Premature end of file.
2025-08-23 14:22:37,608 [ERROR] LogOutputStream:75 - [STDERR_REDIRECT] 
2025-08-23 14:22:38,603 [ERROR] LogOutputStream:75 - [STDERR_REDIRECT] [Fatal Error] :1:1: Premature end of file.
2025-08-23 14:22:38,603 [ERROR] LogOutputStream:75 - [STDERR_REDIRECT] 
2025-08-23 14:22:39,607 [ERROR] LogOutputStream:75 - [STDERR_REDIRECT] [Fatal Error] :1:1: Premature end of file.
2025-08-23 14:22:39,607 [ERROR] LogOutputStream:75 - [STDERR_REDIRECT] 
2025-08-23 14:22:40,604 [ERROR] LogOutputStream:75 - [STDERR_REDIRECT] [Fatal Error] :1:1: Premature end of file.
2025-08-23 14:22:40,604 [ERROR] LogOutputStream:75 - [STDERR_REDIRECT] 
2025-08-23 14:22:41,612 [ERROR] LogOutputStream:75 - [STDERR_REDIRECT] [Fatal Error] :1:1: Premature end of file.
2025-08-23 14:22:41,612 [ERROR] LogOutputStream:75 - [STDERR_REDIRECT] 
2025-08-23 14:22:42,624 [ERROR] LogOutputStream:75 - [STDERR_REDIRECT] [Fatal Error] :1:1: Premature end of file.
2025-08-23 14:22:42,624 [ERROR] LogOutputStream:75 - [STDERR_REDIRECT] 
2025-08-23 14:22:43,616 [ERROR] LogOutputStream:75 - [STDERR_REDIRECT] [Fatal Error] :1:1: Premature end of file.
2025-08-23 14:22:43,617 [ERROR] LogOutputStream:75 - [STDERR_REDIRECT] 
2025-08-23 14:22:44,610 [ERROR] LogOutputStream:75 - [STDERR_REDIRECT] [Fatal Error] :1:1: Premature end of file.
2025-08-23 14:22:44,610 [ERROR] LogOutputStream:75 - [STDERR_REDIRECT] 
2025-08-23 14:22:45,602 [ERROR] LogOutputStream:75 - [STDERR_REDIRECT] [Fatal Error] :1:1: Premature end of file.
2025-08-23 14:22:45,602 [ERROR] LogOutputStream:75 - [STDERR_REDIRECT] 
2025-08-23 14:22:46,607 [ERROR] LogOutputStream:75 - [STDERR_REDIRECT] [Fatal Error] :1:1: Premature end of file.
2025-08-23 14:22:46,607 [ERROR] LogOutputStream:75 - [STDERR_REDIRECT] 
2025-08-23 14:22:47,616 [ERROR] LogOutputStream:75 - [STDERR_REDIRECT] [Fatal Error] :1:1: Premature end of file.
2025-08-23 14:22:47,616 [ERROR] LogOutputStream:75 - [STDERR_REDIRECT] 
2025-08-23 14:22:48,623 [ERROR] LogOutputStream:75 - [STDERR_REDIRECT] [Fatal Error] :1:1: Premature end of file.
2025-08-23 14:22:48,623 [ERROR] LogOutputStream:75 - [STDERR_REDIRECT] 
2025-08-23 14:22:49,614 [ERROR] LogOutputStream:75 - [STDERR_REDIRECT] [Fatal Error] :1:1: Premature end of file.
2025-08-23 14:22:49,614 [ERROR] LogOutputStream:75 - [STDERR_REDIRECT] 
2025-08-23 14:22:50,621 [ERROR] LogOutputStream:75 - [STDERR_REDIRECT] [Fatal Error] :1:1: Premature end of file.
2025-08-23 14:22:50,621 [ERROR] LogOutputStream:75 - [STDERR_REDIRECT] 
2025-08-23 14:22:51,608 [ERROR] LogOutputStream:75 - [STDERR_REDIRECT] [Fatal Error] :1:1: Premature end of file.
2025-08-23 14:22:51,608 [ERROR] LogOutputStream:75 - [STDERR_REDIRECT] 
2025-08-23 14:22:52,614 [ERROR] LogOutputStream:75 - [STDERR_REDIRECT] [Fatal Error] :1:1: Premature end of file.
2025-08-23 14:22:52,614 [ERROR] LogOutputStream:75 - [STDERR_REDIRECT] 
2025-08-23 14:22:53,629 [ERROR] LogOutputStream:75 - [STDERR_REDIRECT] [Fatal Error] :1:1: Premature end of file.
2025-08-23 14:22:53,629 [ERROR] LogOutputStream:75 - [STDERR_REDIRECT] 
2025-08-23 14:22:54,612 [ERROR] LogOutputStream:75 - [STDERR_REDIRECT] [Fatal Error] :1:1: Premature end of file.
2025-08-23 14:22:54,612 [ERROR] LogOutputStream:75 - [STDERR_REDIRECT] 
2025-08-23 14:22:55,606 [ERROR] LogOutputStream:75 - [STDERR_REDIRECT] [Fatal Error] :1:1: Premature end of file.
2025-08-23 14:22:55,606 [ERROR] LogOutputStream:75 - [STDERR_REDIRECT] 
2025-08-23 14:22:56,610 [ERROR] LogOutputStream:75 - [STDERR_REDIRECT] [Fatal Error] :1:1: Premature end of file.
2025-08-23 14:22:56,611 [ERROR] LogOutputStream:75 - [STDERR_REDIRECT] 
2025-08-23 14:22:57,617 [ERROR] LogOutputStream:75 - [STDERR_REDIRECT] [Fatal Error] :1:1: Premature end of file.
2025-08-23 14:22:57,617 [ERROR] LogOutputStream:75 - [STDERR_REDIRECT] 
2025-08-23 14:22:58,617 [ERROR] LogOutputStream:75 - [STDERR_REDIRECT] [Fatal Error] :1:1: Premature end of file.
2025-08-23 14:22:58,617 [ERROR] LogOutputStream:75 - [STDERR_REDIRECT] 
2025-08-23 14:22:59,608 [ERROR] LogOutputStream:75 - [STDERR_REDIRECT] [Fatal Error] :1:1: Premature end of file.
2025-08-23 14:22:59,608 [ERROR] LogOutputStream:75 - [STDERR_REDIRECT] 
2025-08-23 14:23:00,613 [ERROR] LogOutputStream:75 - [STDERR_REDIRECT] [Fatal Error] :1:1: Premature end of file.
2025-08-23 14:23:00,614 [ERROR] LogOutputStream:75 - [STDERR_REDIRECT] 
2025-08-23 14:23:01,617 [ERROR] LogOutputStream:75 - [STDERR_REDIRECT] [Fatal Error] :1:1: Premature end of file.
2025-08-23 14:23:01,617 [ERROR] LogOutputStream:75 - [STDERR_REDIRECT] 
2025-08-23 14:23:02,606 [ERROR] LogOutputStream:75 - [STDERR_REDIRECT] [Fatal Error] :1:1: Premature end of file.
2025-08-23 14:23:02,608 [ERROR] LogOutputStream:75 - [STDERR_REDIRECT] 
2025-08-23 14:23:03,625 [ERROR] LogOutputStream:75 - [STDERR_REDIRECT] [Fatal Error] :1:1: Premature end of file.
2025-08-23 14:23:03,625 [ERROR] LogOutputStream:75 - [STDERR_REDIRECT] 
2025-08-23 14:23:04,612 [ERROR] LogOutputStream:75 - [STDERR_REDIRECT] [Fatal Error] :1:1: Premature end of file.
2025-08-23 14:23:04,612 [ERROR] LogOutputStream:75 - [STDERR_REDIRECT] 
2025-08-23 14:23:05,600 [ERROR] LogOutputStream:75 - [STDERR_REDIRECT] [Fatal Error] :1:1: Premature end of file.
2025-08-23 14:23:05,600 [ERROR] LogOutputStream:75 - [STDERR_REDIRECT] 
2025-08-23 14:23:06,598 [ERROR] LogOutputStream:75 - [STDERR_REDIRECT] [Fatal Error] :1:1: Premature end of file.
2025-08-23 14:23:06,598 [ERROR] LogOutputStream:75 - [STDERR_REDIRECT] 
2025-08-23 14:23:07,618 [ERROR] LogOutputStream:75 - [STDERR_REDIRECT] [Fatal Error] :1:1: Premature end of file.
2025-08-23 14:23:07,618 [ERROR] LogOutputStream:75 - [STDERR_REDIRECT] 
2025-08-23 14:23:08,615 [ERROR] LogOutputStream:75 - [STDERR_REDIRECT] [Fatal Error] :1:1: Premature end of file.
2025-08-23 14:23:08,615 [ERROR] LogOutputStream:75 - [STDERR_REDIRECT] 
2025-08-23 14:23:09,614 [ERROR] LogOutputStream:75 - [STDERR_REDIRECT] [Fatal Error] :1:1: Premature end of file.
2025-08-23 14:23:09,614 [ERROR] LogOutputStream:75 - [STDERR_REDIRECT] 
2025-08-23 14:23:10,622 [ERROR] LogOutputStream:75 - [STDERR_REDIRECT] [Fatal Error] :1:1: Premature end of file.
2025-08-23 14:23:10,622 [ERROR] LogOutputStream:75 - [STDERR_REDIRECT] 
2025-08-23 14:23:11,618 [ERROR] LogOutputStream:75 - [STDERR_REDIRECT] [Fatal Error] :1:1: Premature end of file.
2025-08-23 14:23:11,618 [ERROR] LogOutputStream:75 - [STDERR_REDIRECT] 
2025-08-23 14:23:12,608 [ERROR] LogOutputStream:75 - [STDERR_REDIRECT] [Fatal Error] :1:1: Premature end of file.
2025-08-23 14:23:12,609 [ERROR] LogOutputStream:75 - [STDERR_REDIRECT] 
2025-08-23 14:23:13,610 [ERROR] LogOutputStream:75 - [STDERR_REDIRECT] [Fatal Error] :1:1: Premature end of file.
2025-08-23 14:23:13,610 [ERROR] LogOutputStream:75 - [STDERR_REDIRECT] 
2025-08-23 14:23:14,617 [ERROR] LogOutputStream:75 - [STDERR_REDIRECT] [Fatal Error] :1:1: Premature end of file.
2025-08-23 14:23:14,617 [ERROR] LogOutputStream:75 - [STDERR_REDIRECT] 
2025-08-23 14:23:15,606 [ERROR] LogOutputStream:75 - [STDERR_REDIRECT] [Fatal Error] :1:1: Premature end of file.
2025-08-23 14:23:15,606 [ERROR] LogOutputStream:75 - [STDERR_REDIRECT] 
2025-08-23 14:23:16,611 [ERROR] LogOutputStream:75 - [STDERR_REDIRECT] [Fatal Error] :1:1: Premature end of file.
2025-08-23 14:23:16,611 [ERROR] LogOutputStream:75 - [STDERR_REDIRECT] 
2025-08-23 14:23:17,617 [ERROR] LogOutputStream:75 - [STDERR_REDIRECT] [Fatal Error] :1:1: Premature end of file.
2025-08-23 14:23:17,617 [ERROR] LogOutputStream:75 - [STDERR_REDIRECT] 
2025-08-23 14:23:18,610 [ERROR] LogOutputStream:75 - [STDERR_REDIRECT] [Fatal Error] :1:1: Premature end of file.
2025-08-23 14:23:18,610 [ERROR] LogOutputStream:75 - [STDERR_REDIRECT] 
2025-08-23 14:23:19,611 [ERROR] LogOutputStream:75 - [STDERR_REDIRECT] [Fatal Error] :1:1: Premature end of file.
2025-08-23 14:23:19,612 [ERROR] LogOutputStream:75 - [STDERR_REDIRECT] 
2025-08-23 14:23:20,611 [ERROR] LogOutputStream:75 - [STDERR_REDIRECT] [Fatal Error] :1:1: Premature end of file.
2025-08-23 14:23:20,611 [ERROR] LogOutputStream:75 - [STDERR_REDIRECT] 
2025-08-23 14:23:21,631 [ERROR] LogOutputStream:75 - [STDERR_REDIRECT] [Fatal Error] :1:1: Premature end of file.
2025-08-23 14:23:21,631 [ERROR] LogOutputStream:75 - [STDERR_REDIRECT] 
2025-08-23 14:23:22,617 [ERROR] LogOutputStream:75 - [STDERR_REDIRECT] [Fatal Error] :1:1: Premature end of file.
2025-08-23 14:23:22,617 [ERROR] LogOutputStream:75 - [STDERR_REDIRECT] 
2025-08-23 14:23:23,615 [ERROR] LogOutputStream:75 - [STDERR_REDIRECT] [Fatal Error] :1:1: Premature end of file.
2025-08-23 14:23:23,615 [ERROR] LogOutputStream:75 - [STDERR_REDIRECT] 
2025-08-23 14:23:24,614 [ERROR] LogOutputStream:75 - [STDERR_REDIRECT] [Fatal Error] :1:1: Premature end of file.
2025-08-23 14:23:24,614 [ERROR] LogOutputStream:75 - [STDERR_REDIRECT] 
2025-08-23 14:23:25,608 [ERROR] LogOutputStream:75 - [STDERR_REDIRECT] [Fatal Error] :1:1: Premature end of file.
2025-08-23 14:23:25,608 [ERROR] LogOutputStream:75 - [STDERR_REDIRECT] 
2025-08-23 14:23:26,599 [ERROR] LogOutputStream:75 - [STDERR_REDIRECT] [Fatal Error] :1:1: Premature end of file.
2025-08-23 14:23:26,600 [ERROR] LogOutputStream:75 - [STDERR_REDIRECT] 
2025-08-23 14:23:27,611 [ERROR] LogOutputStream:75 - [STDERR_REDIRECT] [Fatal Error] :1:1: Premature end of file.
2025-08-23 14:23:27,611 [ERROR] LogOutputStream:75 - [STDERR_REDIRECT] 
2025-08-23 14:23:28,616 [ERROR] LogOutputStream:75 - [STDERR_REDIRECT] [Fatal Error] :1:1: Premature end of file.
2025-08-23 14:23:28,617 [ERROR] LogOutputStream:75 - [STDERR_REDIRECT] 
2025-08-23 14:23:29,616 [ERROR] LogOutputStream:75 - [STDERR_REDIRECT] [Fatal Error] :1:1: Premature end of file.
2025-08-23 14:23:29,616 [ERROR] LogOutputStream:75 - [STDERR_REDIRECT] 
2025-08-23 14:23:30,607 [ERROR] LogOutputStream:75 - [STDERR_REDIRECT] [Fatal Error] :1:1: Premature end of file.
2025-08-23 14:23:30,607 [ERROR] LogOutputStream:75 - [STDERR_REDIRECT] 
2025-08-23 14:23:31,613 [ERROR] LogOutputStream:75 - [STDERR_REDIRECT] [Fatal Error] :1:1: Premature end of file.
2025-08-23 14:23:31,613 [ERROR] LogOutputStream:75 - [STDERR_REDIRECT] 
2025-08-23 14:23:32,631 [ERROR] LogOutputStream:75 - [STDERR_REDIRECT] [Fatal Error] :1:1: Premature end of file.
2025-08-23 14:23:32,631 [ERROR] LogOutputStream:75 - [STDERR_REDIRECT] 
2025-08-23 14:23:33,607 [ERROR] LogOutputStream:75 - [STDERR_REDIRECT] [Fatal Error] :1:1: Premature end of file.
2025-08-23 14:23:33,607 [ERROR] LogOutputStream:75 - [STDERR_REDIRECT] 
2025-08-23 14:23:34,617 [ERROR] LogOutputStream:75 - [STDERR_REDIRECT] [Fatal Error] :1:1: Premature end of file.
2025-08-23 14:23:34,617 [ERROR] LogOutputStream:75 - [STDERR_REDIRECT] 
2025-08-23 14:23:35,613 [ERROR] LogOutputStream:75 - [STDERR_REDIRECT] [Fatal Error] :1:1: Premature end of file.
2025-08-23 14:23:35,613 [ERROR] LogOutputStream:75 - [STDERR_REDIRECT] 
2025-08-23 14:23:36,615 [ERROR] LogOutputStream:75 - [STDERR_REDIRECT] [Fatal Error] :1:1: Premature end of file.
2025-08-23 14:23:36,615 [ERROR] LogOutputStream:75 - [STDERR_REDIRECT] 
2025-08-23 14:23:37,618 [ERROR] LogOutputStream:75 - [STDERR_REDIRECT] [Fatal Error] :1:1: Premature end of file.
2025-08-23 14:23:37,618 [ERROR] LogOutputStream:75 - [STDERR_REDIRECT] 
2025-08-23 14:23:38,606 [ERROR] LogOutputStream:75 - [STDERR_REDIRECT] [Fatal Error] :1:1: Premature end of file.
2025-08-23 14:23:38,606 [ERROR] LogOutputStream:75 - [STDERR_REDIRECT] 
2025-08-23 14:23:39,607 [ERROR] LogOutputStream:75 - [STDERR_REDIRECT] [Fatal Error] :1:1: Premature end of file.
2025-08-23 14:23:39,608 [ERROR] LogOutputStream:75 - [STDERR_REDIRECT] 
2025-08-23 14:23:40,618 [ERROR] LogOutputStream:75 - [STDERR_REDIRECT] [Fatal Error] :1:1: Premature end of file.
2025-08-23 14:23:40,618 [ERROR] LogOutputStream:75 - [STDERR_REDIRECT] 
2025-08-23 14:23:41,617 [ERROR] LogOutputStream:75 - [STDERR_REDIRECT] [Fatal Error] :1:1: Premature end of file.
2025-08-23 14:23:41,618 [ERROR] LogOutputStream:75 - [STDERR_REDIRECT] 
2025-08-23 14:23:42,602 [ERROR] LogOutputStream:75 - [STDERR_REDIRECT] [Fatal Error] :1:1: Premature end of file.
2025-08-23 14:23:42,602 [ERROR] LogOutputStream:75 - [STDERR_REDIRECT] 
2025-08-23 14:23:43,598 [ERROR] LogOutputStream:75 - [STDERR_REDIRECT] [Fatal Error] :1:1: Premature end of file.
2025-08-23 14:23:43,598 [ERROR] LogOutputStream:75 - [STDERR_REDIRECT] 
2025-08-23 14:23:44,613 [ERROR] LogOutputStream:75 - [STDERR_REDIRECT] [Fatal Error] :1:1: Premature end of file.
2025-08-23 14:23:44,613 [ERROR] LogOutputStream:75 - [STDERR_REDIRECT] 
2025-08-23 14:23:45,617 [ERROR] LogOutputStream:75 - [STDERR_REDIRECT] [Fatal Error] :1:1: Premature end of file.
2025-08-23 14:23:45,617 [ERROR] LogOutputStream:75 - [STDERR_REDIRECT] 
2025-08-23 14:23:46,610 [ERROR] LogOutputStream:75 - [STDERR_REDIRECT] [Fatal Error] :1:1: Premature end of file.
2025-08-23 14:23:46,610 [ERROR] LogOutputStream:75 - [STDERR_REDIRECT] 
2025-08-23 14:23:47,603 [ERROR] LogOutputStream:75 - [STDERR_REDIRECT] [Fatal Error] :1:1: Premature end of file.
2025-08-23 14:23:47,603 [ERROR] LogOutputStream:75 - [STDERR_REDIRECT] 
2025-08-23 14:23:48,604 [ERROR] LogOutputStream:75 - [STDERR_REDIRECT] [Fatal Error] :1:1: Premature end of file.
2025-08-23 14:23:48,604 [ERROR] LogOutputStream:75 - [STDERR_REDIRECT] 
2025-08-23 14:23:49,618 [ERROR] LogOutputStream:75 - [STDERR_REDIRECT] [Fatal Error] :1:1: Premature end of file.
2025-08-23 14:23:49,618 [ERROR] LogOutputStream:75 - [STDERR_REDIRECT] 
2025-08-23 14:23:50,606 [ERROR] LogOutputStream:75 - [STDERR_REDIRECT] [Fatal Error] :1:1: Premature end of file.
2025-08-23 14:23:50,606 [ERROR] LogOutputStream:75 - [STDERR_REDIRECT] 
2025-08-23 14:23:51,626 [ERROR] LogOutputStream:75 - [STDERR_REDIRECT] [Fatal Error] :1:1: Premature end of file.
2025-08-23 14:23:51,628 [ERROR] LogOutputStream:75 - [STDERR_REDIRECT] 
2025-08-23 14:23:52,625 [ERROR] LogOutputStream:75 - [STDERR_REDIRECT] [Fatal Error] :1:1: Premature end of file.
2025-08-23 14:23:52,626 [ERROR] LogOutputStream:75 - [STDERR_REDIRECT] 
2025-08-23 14:23:53,611 [ERROR] LogOutputStream:75 - [STDERR_REDIRECT] [Fatal Error] :1:1: Premature end of file.
2025-08-23 14:23:53,611 [ERROR] LogOutputStream:75 - [STDERR_REDIRECT] 
2025-08-23 14:23:54,615 [ERROR] LogOutputStream:75 - [STDERR_REDIRECT] [Fatal Error] :1:1: Premature end of file.
2025-08-23 14:23:54,615 [ERROR] LogOutputStream:75 - [STDERR_REDIRECT] 
2025-08-23 14:23:55,614 [ERROR] LogOutputStream:75 - [STDERR_REDIRECT] [Fatal Error] :1:1: Premature end of file.
2025-08-23 14:23:55,614 [ERROR] LogOutputStream:75 - [STDERR_REDIRECT] 
2025-08-23 14:23:56,611 [ERROR] LogOutputStream:75 - [STDERR_REDIRECT] [Fatal Error] :1:1: Premature end of file.
2025-08-23 14:23:56,611 [ERROR] LogOutputStream:75 - [STDERR_REDIRECT] 
2025-08-23 14:23:57,617 [ERROR] LogOutputStream:75 - [STDERR_REDIRECT] [Fatal Error] :1:1: Premature end of file.
2025-08-23 14:23:57,618 [ERROR] LogOutputStream:75 - [STDERR_REDIRECT] 
2025-08-23 14:23:58,614 [ERROR] LogOutputStream:75 - [STDERR_REDIRECT] [Fatal Error] :1:1: Premature end of file.
2025-08-23 14:23:58,614 [ERROR] LogOutputStream:75 - [STDERR_REDIRECT] 
2025-08-23 14:23:59,609 [ERROR] LogOutputStream:75 - [STDERR_REDIRECT] [Fatal Error] :1:1: Premature end of file.
2025-08-23 14:23:59,609 [ERROR] LogOutputStream:75 - [STDERR_REDIRECT] 
2025-08-23 14:24:00,618 [ERROR] LogOutputStream:75 - [STDERR_REDIRECT] [Fatal Error] :1:1: Premature end of file.
2025-08-23 14:24:00,618 [ERROR] LogOutputStream:75 - [STDERR_REDIRECT] 
2025-08-23 14:24:01,609 [ERROR] LogOutputStream:75 - [STDERR_REDIRECT] [Fatal Error] :1:1: Premature end of file.
2025-08-23 14:24:01,609 [ERROR] LogOutputStream:75 - [STDERR_REDIRECT] 
2025-08-23 14:24:02,610 [ERROR] LogOutputStream:75 - [STDERR_REDIRECT] [Fatal Error] :1:1: Premature end of file.
2025-08-23 14:24:02,610 [ERROR] LogOutputStream:75 - [STDERR_REDIRECT] 
2025-08-23 14:24:03,623 [ERROR] LogOutputStream:75 - [STDERR_REDIRECT] [Fatal Error] :1:1: Premature end of file.
2025-08-23 14:24:03,623 [ERROR] LogOutputStream:75 - [STDERR_REDIRECT] 
2025-08-23 14:24:04,623 [ERROR] LogOutputStream:75 - [STDERR_REDIRECT] [Fatal Error] :1:1: Premature end of file.
2025-08-23 14:24:04,623 [ERROR] LogOutputStream:75 - [STDERR_REDIRECT] 
2025-08-23 14:24:05,618 [ERROR] LogOutputStream:75 - [STDERR_REDIRECT] [Fatal Error] :1:1: Premature end of file.
2025-08-23 14:24:05,619 [ERROR] LogOutputStream:75 - [STDERR_REDIRECT] 
2025-08-23 14:24:06,617 [ERROR] LogOutputStream:75 - [STDERR_REDIRECT] [Fatal Error] :1:1: Premature end of file.
2025-08-23 14:24:06,617 [ERROR] LogOutputStream:75 - [STDERR_REDIRECT] 
2025-08-23 14:24:07,617 [ERROR] LogOutputStream:75 - [STDERR_REDIRECT] [Fatal Error] :1:1: Premature end of file.
2025-08-23 14:24:07,617 [ERROR] LogOutputStream:75 - [STDERR_REDIRECT] 
2025-08-23 14:24:08,623 [ERROR] LogOutputStream:75 - [STDERR_REDIRECT] [Fatal Error] :1:1: Premature end of file.
2025-08-23 14:24:08,623 [ERROR] LogOutputStream:75 - [STDERR_REDIRECT] 
2025-08-23 14:24:09,612 [ERROR] LogOutputStream:75 - [STDERR_REDIRECT] [Fatal Error] :1:1: Premature end of file.
2025-08-23 14:24:09,612 [ERROR] LogOutputStream:75 - [STDERR_REDIRECT] 
2025-08-23 14:24:10,603 [ERROR] LogOutputStream:75 - [STDERR_REDIRECT] [Fatal Error] :1:1: Premature end of file.
2025-08-23 14:24:10,603 [ERROR] LogOutputStream:75 - [STDERR_REDIRECT] 
2025-08-23 14:24:11,622 [ERROR] LogOutputStream:75 - [STDERR_REDIRECT] [Fatal Error] :1:1: Premature end of file.
2025-08-23 14:24:11,626 [ERROR] LogOutputStream:75 - [STDERR_REDIRECT] 
2025-08-23 14:24:12,617 [ERROR] LogOutputStream:75 - [STDERR_REDIRECT] [Fatal Error] :1:1: Premature end of file.
2025-08-23 14:24:12,617 [ERROR] LogOutputStream:75 - [STDERR_REDIRECT] 
2025-08-23 14:24:13,621 [ERROR] LogOutputStream:75 - [STDERR_REDIRECT] [Fatal Error] :1:1: Premature end of file.
2025-08-23 14:24:13,621 [ERROR] LogOutputStream:75 - [STDERR_REDIRECT] 
2025-08-23 14:24:14,608 [ERROR] LogOutputStream:75 - [STDERR_REDIRECT] [Fatal Error] :1:1: Premature end of file.
2025-08-23 14:24:14,609 [ERROR] LogOutputStream:75 - [STDERR_REDIRECT] 
2025-08-23 14:24:15,615 [ERROR] LogOutputStream:75 - [STDERR_REDIRECT] [Fatal Error] :1:1: Premature end of file.
2025-08-23 14:24:15,615 [ERROR] LogOutputStream:75 - [STDERR_REDIRECT] 
2025-08-23 14:24:16,617 [ERROR] LogOutputStream:75 - [STDERR_REDIRECT] [Fatal Error] :1:1: Premature end of file.
2025-08-23 14:24:16,617 [ERROR] LogOutputStream:75 - [STDERR_REDIRECT] 
2025-08-23 14:24:17,617 [ERROR] LogOutputStream:75 - [STDERR_REDIRECT] [Fatal Error] :1:1: Premature end of file.
2025-08-23 14:24:17,617 [ERROR] LogOutputStream:75 - [STDERR_REDIRECT] 
2025-08-23 14:24:18,604 [ERROR] LogOutputStream:75 - [STDERR_REDIRECT] [Fatal Error] :1:1: Premature end of file.
2025-08-23 14:24:18,604 [ERROR] LogOutputStream:75 - [STDERR_REDIRECT] 
2025-08-23 14:24:19,611 [ERROR] LogOutputStream:75 - [STDERR_REDIRECT] [Fatal Error] :1:1: Premature end of file.
2025-08-23 14:24:19,611 [ERROR] LogOutputStream:75 - [STDERR_REDIRECT] 
2025-08-23 14:24:20,608 [ERROR] LogOutputStream:75 - [STDERR_REDIRECT] [Fatal Error] :1:1: Premature end of file.
2025-08-23 14:24:20,608 [ERROR] LogOutputStream:75 - [STDERR_REDIRECT] 
2025-08-23 14:24:21,610 [ERROR] LogOutputStream:75 - [STDERR_REDIRECT] [Fatal Error] :1:1: Premature end of file.
2025-08-23 14:24:21,610 [ERROR] LogOutputStream:75 - [STDERR_REDIRECT] 
2025-08-23 14:24:22,606 [ERROR] LogOutputStream:75 - [STDERR_REDIRECT] [Fatal Error] :1:1: Premature end of file.
2025-08-23 14:24:22,606 [ERROR] LogOutputStream:75 - [STDERR_REDIRECT] 
2025-08-23 14:24:23,617 [ERROR] LogOutputStream:75 - [STDERR_REDIRECT] [Fatal Error] :1:1: Premature end of file.
2025-08-23 14:24:23,617 [ERROR] LogOutputStream:75 - [STDERR_REDIRECT] 
2025-08-23 14:24:24,624 [ERROR] LogOutputStream:75 - [STDERR_REDIRECT] [Fatal Error] :1:1: Premature end of file.
2025-08-23 14:24:24,624 [ERROR] LogOutputStream:75 - [STDERR_REDIRECT] 
2025-08-23 14:24:25,612 [ERROR] LogOutputStream:75 - [STDERR_REDIRECT] [Fatal Error] :1:1: Premature end of file.
2025-08-23 14:24:25,612 [ERROR] LogOutputStream:75 - [STDERR_REDIRECT] 
2025-08-23 14:24:26,621 [ERROR] LogOutputStream:75 - [STDERR_REDIRECT] [Fatal Error] :1:1: Premature end of file.
2025-08-23 14:24:26,621 [ERROR] LogOutputStream:75 - [STDERR_REDIRECT] 
2025-08-23 14:24:27,603 [ERROR] LogOutputStream:75 - [STDERR_REDIRECT] [Fatal Error] :1:1: Premature end of file.
2025-08-23 14:24:27,603 [ERROR] LogOutputStream:75 - [STDERR_REDIRECT] 
2025-08-23 14:24:28,599 [ERROR] LogOutputStream:75 - [STDERR_REDIRECT] [Fatal Error] :1:1: Premature end of file.
2025-08-23 14:24:28,599 [ERROR] LogOutputStream:75 - [STDERR_REDIRECT] 
2025-08-23 14:24:29,618 [ERROR] LogOutputStream:75 - [STDERR_REDIRECT] [Fatal Error] :1:1: Premature end of file.
2025-08-23 14:24:29,618 [ERROR] LogOutputStream:75 - [STDERR_REDIRECT] 
2025-08-23 14:24:30,611 [ERROR] LogOutputStream:75 - [STDERR_REDIRECT] [Fatal Error] :1:1: Premature end of file.
2025-08-23 14:24:30,611 [ERROR] LogOutputStream:75 - [STDERR_REDIRECT] 
2025-08-23 14:24:31,602 [ERROR] LogOutputStream:75 - [STDERR_REDIRECT] [Fatal Error] :1:1: Premature end of file.
2025-08-23 14:24:31,603 [ERROR] LogOutputStream:75 - [STDERR_REDIRECT] 
2025-08-23 14:24:32,622 [ERROR] LogOutputStream:75 - [STDERR_REDIRECT] [Fatal Error] :1:1: Premature end of file.
2025-08-23 14:24:32,622 [ERROR] LogOutputStream:75 - [STDERR_REDIRECT] 
2025-08-23 14:24:33,620 [ERROR] LogOutputStream:75 - [STDERR_REDIRECT] [Fatal Error] :1:1: Premature end of file.
2025-08-23 14:24:33,620 [ERROR] LogOutputStream:75 - [STDERR_REDIRECT] 
2025-08-23 14:24:34,614 [ERROR] LogOutputStream:75 - [STDERR_REDIRECT] [Fatal Error] :1:1: Premature end of file.
2025-08-23 14:24:34,614 [ERROR] LogOutputStream:75 - [STDERR_REDIRECT] 
2025-08-23 14:24:35,610 [ERROR] LogOutputStream:75 - [STDERR_REDIRECT] [Fatal Error] :1:1: Premature end of file.
2025-08-23 14:24:35,610 [ERROR] LogOutputStream:75 - [STDERR_REDIRECT] 
2025-08-23 14:24:36,609 [ERROR] LogOutputStream:75 - [STDERR_REDIRECT] [Fatal Error] :1:1: Premature end of file.
2025-08-23 14:24:36,609 [ERROR] LogOutputStream:75 - [STDERR_REDIRECT] 
2025-08-23 14:24:37,612 [ERROR] LogOutputStream:75 - [STDERR_REDIRECT] [Fatal Error] :1:1: Premature end of file.
2025-08-23 14:24:37,612 [ERROR] LogOutputStream:75 - [STDERR_REDIRECT] 
2025-08-23 14:24:38,611 [ERROR] LogOutputStream:75 - [STDERR_REDIRECT] [Fatal Error] :1:1: Premature end of file.
2025-08-23 14:24:38,612 [ERROR] LogOutputStream:75 - [STDERR_REDIRECT] 
2025-08-23 14:24:39,613 [ERROR] LogOutputStream:75 - [STDERR_REDIRECT] [Fatal Error] :1:1: Premature end of file.
2025-08-23 14:24:39,613 [ERROR] LogOutputStream:75 - [STDERR_REDIRECT] 
2025-08-23 14:24:40,609 [ERROR] LogOutputStream:75 - [STDERR_REDIRECT] [Fatal Error] :1:1: Premature end of file.
2025-08-23 14:24:40,609 [ERROR] LogOutputStream:75 - [STDERR_REDIRECT] 
2025-08-23 14:24:41,617 [ERROR] LogOutputStream:75 - [STDERR_REDIRECT] [Fatal Error] :1:1: Premature end of file.
2025-08-23 14:24:41,617 [ERROR] LogOutputStream:75 - [STDERR_REDIRECT] 
2025-08-23 14:24:42,613 [ERROR] LogOutputStream:75 - [STDERR_REDIRECT] [Fatal Error] :1:1: Premature end of file.
2025-08-23 14:24:42,613 [ERROR] LogOutputStream:75 - [STDERR_REDIRECT] 
2025-08-23 14:24:43,612 [ERROR] LogOutputStream:75 - [STDERR_REDIRECT] [Fatal Error] :1:1: Premature end of file.
2025-08-23 14:24:43,612 [ERROR] LogOutputStream:75 - [STDERR_REDIRECT] 
2025-08-23 14:24:44,607 [ERROR] LogOutputStream:75 - [STDERR_REDIRECT] [Fatal Error] :1:1: Premature end of file.
2025-08-23 14:24:44,607 [ERROR] LogOutputStream:75 - [STDERR_REDIRECT] 
2025-08-23 14:24:45,612 [ERROR] LogOutputStream:75 - [STDERR_REDIRECT] [Fatal Error] :1:1: Premature end of file.
2025-08-23 14:24:45,612 [ERROR] LogOutputStream:75 - [STDERR_REDIRECT] 
2025-08-23 14:24:46,606 [ERROR] LogOutputStream:75 - [STDERR_REDIRECT] [Fatal Error] :1:1: Premature end of file.
2025-08-23 14:24:46,606 [ERROR] LogOutputStream:75 - [STDERR_REDIRECT] 
2025-08-23 14:24:47,609 [ERROR] LogOutputStream:75 - [STDERR_REDIRECT] [Fatal Error] :1:1: Premature end of file.
2025-08-23 14:24:47,610 [ERROR] LogOutputStream:75 - [STDERR_REDIRECT] 
2025-08-23 14:24:48,614 [ERROR] LogOutputStream:75 - [STDERR_REDIRECT] [Fatal Error] :1:1: Premature end of file.
2025-08-23 14:24:48,614 [ERROR] LogOutputStream:75 - [STDERR_REDIRECT] 
2025-08-23 14:24:49,613 [ERROR] LogOutputStream:75 - [STDERR_REDIRECT] [Fatal Error] :1:1: Premature end of file.
2025-08-23 14:24:49,613 [ERROR] LogOutputStream:75 - [STDERR_REDIRECT] 
2025-08-23 14:24:50,611 [ERROR] LogOutputStream:75 - [STDERR_REDIRECT] [Fatal Error] :1:1: Premature end of file.
2025-08-23 14:24:50,611 [ERROR] LogOutputStream:75 - [STDERR_REDIRECT] 
2025-08-23 14:24:51,618 [ERROR] LogOutputStream:75 - [STDERR_REDIRECT] [Fatal Error] :1:1: Premature end of file.
2025-08-23 14:24:51,618 [ERROR] LogOutputStream:75 - [STDERR_REDIRECT] 
2025-08-23 14:24:52,608 [ERROR] LogOutputStream:75 - [STDERR_REDIRECT] [Fatal Error] :1:1: Premature end of file.
2025-08-23 14:24:52,609 [ERROR] LogOutputStream:75 - [STDERR_REDIRECT] 
2025-08-23 14:24:53,612 [ERROR] LogOutputStream:75 - [STDERR_REDIRECT] [Fatal Error] :1:1: Premature end of file.
2025-08-23 14:24:53,612 [ERROR] LogOutputStream:75 - [STDERR_REDIRECT] 
2025-08-23 14:24:54,608 [ERROR] LogOutputStream:75 - [STDERR_REDIRECT] [Fatal Error] :1:1: Premature end of file.
2025-08-23 14:24:54,608 [ERROR] LogOutputStream:75 - [STDERR_REDIRECT] 
2025-08-23 14:24:55,625 [ERROR] LogOutputStream:75 - [STDERR_REDIRECT] [Fatal Error] :1:1: Premature end of file.
2025-08-23 14:24:55,625 [ERROR] LogOutputStream:75 - [STDERR_REDIRECT] 
2025-08-23 14:24:56,613 [ERROR] LogOutputStream:75 - [STDERR_REDIRECT] [Fatal Error] :1:1: Premature end of file.
2025-08-23 14:24:56,613 [ERROR] LogOutputStream:75 - [STDERR_REDIRECT] 
2025-08-23 14:24:57,615 [ERROR] LogOutputStream:75 - [STDERR_REDIRECT] [Fatal Error] :1:1: Premature end of file.
2025-08-23 14:24:57,615 [ERROR] LogOutputStream:75 - [STDERR_REDIRECT] 
2025-08-23 14:24:58,605 [ERROR] LogOutputStream:75 - [STDERR_REDIRECT] [Fatal Error] :1:1: Premature end of file.
2025-08-23 14:24:58,605 [ERROR] LogOutputStream:75 - [STDERR_REDIRECT] 
2025-08-23 14:24:59,617 [ERROR] LogOutputStream:75 - [STDERR_REDIRECT] [Fatal Error] :1:1: Premature end of file.
2025-08-23 14:24:59,617 [ERROR] LogOutputStream:75 - [STDERR_REDIRECT] 
2025-08-23 14:25:00,617 [ERROR] LogOutputStream:75 - [STDERR_REDIRECT] [Fatal Error] :1:1: Premature end of file.
2025-08-23 14:25:00,617 [ERROR] LogOutputStream:75 - [STDERR_REDIRECT] 
2025-08-23 14:25:01,614 [ERROR] LogOutputStream:75 - [STDERR_REDIRECT] [Fatal Error] :1:1: Premature end of file.
2025-08-23 14:25:01,614 [ERROR] LogOutputStream:75 - [STDERR_REDIRECT] 
2025-08-23 14:25:02,617 [ERROR] LogOutputStream:75 - [STDERR_REDIRECT] [Fatal Error] :1:1: Premature end of file.
2025-08-23 14:25:02,617 [ERROR] LogOutputStream:75 - [STDERR_REDIRECT] 
2025-08-23 14:25:03,603 [ERROR] LogOutputStream:75 - [STDERR_REDIRECT] [Fatal Error] :1:1: Premature end of file.
2025-08-23 14:25:03,603 [ERROR] LogOutputStream:75 - [STDERR_REDIRECT] 
2025-08-23 14:25:04,617 [ERROR] LogOutputStream:75 - [STDERR_REDIRECT] [Fatal Error] :1:1: Premature end of file.
2025-08-23 14:25:04,617 [ERROR] LogOutputStream:75 - [STDERR_REDIRECT] 
2025-08-23 14:25:05,617 [ERROR] LogOutputStream:75 - [STDERR_REDIRECT] [Fatal Error] :1:1: Premature end of file.
2025-08-23 14:25:05,617 [ERROR] LogOutputStream:75 - [STDERR_REDIRECT] 
2025-08-23 14:25:06,614 [ERROR] LogOutputStream:75 - [STDERR_REDIRECT] [Fatal Error] :1:1: Premature end of file.
2025-08-23 14:25:06,614 [ERROR] LogOutputStream:75 - [STDERR_REDIRECT] 
2025-08-23 14:25:07,620 [ERROR] LogOutputStream:75 - [STDERR_REDIRECT] [Fatal Error] :1:1: Premature end of file.
2025-08-23 14:25:07,620 [ERROR] LogOutputStream:75 - [STDERR_REDIRECT] 
2025-08-23 14:25:08,617 [ERROR] LogOutputStream:75 - [STDERR_REDIRECT] [Fatal Error] :1:1: Premature end of file.
2025-08-23 14:25:08,617 [ERROR] LogOutputStream:75 - [STDERR_REDIRECT] 
2025-08-23 14:25:09,611 [ERROR] LogOutputStream:75 - [STDERR_REDIRECT] [Fatal Error] :1:1: Premature end of file.
2025-08-23 14:25:09,611 [ERROR] LogOutputStream:75 - [STDERR_REDIRECT] 
2025-08-23 14:25:10,626 [ERROR] LogOutputStream:75 - [STDERR_REDIRECT] [Fatal Error] :1:1: Premature end of file.
2025-08-23 14:25:10,626 [ERROR] LogOutputStream:75 - [STDERR_REDIRECT] 
2025-08-23 14:25:11,618 [ERROR] LogOutputStream:75 - [STDERR_REDIRECT] [Fatal Error] :1:1: Premature end of file.
2025-08-23 14:25:11,618 [ERROR] LogOutputStream:75 - [STDERR_REDIRECT] 
2025-08-23 14:25:12,617 [ERROR] LogOutputStream:75 - [STDERR_REDIRECT] [Fatal Error] :1:1: Premature end of file.
2025-08-23 14:25:12,617 [ERROR] LogOutputStream:75 - [STDERR_REDIRECT] 
2025-08-23 14:25:13,623 [ERROR] LogOutputStream:75 - [STDERR_REDIRECT] [Fatal Error] :1:1: Premature end of file.
2025-08-23 14:25:13,623 [ERROR] LogOutputStream:75 - [STDERR_REDIRECT] 
2025-08-23 14:25:14,610 [ERROR] LogOutputStream:75 - [STDERR_REDIRECT] [Fatal Error] :1:1: Premature end of file.
2025-08-23 14:25:14,610 [ERROR] LogOutputStream:75 - [STDERR_REDIRECT] 
2025-08-23 14:25:15,613 [ERROR] LogOutputStream:75 - [STDERR_REDIRECT] [Fatal Error] :1:1: Premature end of file.
2025-08-23 14:25:15,613 [ERROR] LogOutputStream:75 - [STDERR_REDIRECT] 
2025-08-23 14:25:16,604 [ERROR] LogOutputStream:75 - [STDERR_REDIRECT] [Fatal Error] :1:1: Premature end of file.
2025-08-23 14:25:16,604 [ERROR] LogOutputStream:75 - [STDERR_REDIRECT] 
2025-08-23 14:25:17,601 [ERROR] LogOutputStream:75 - [STDERR_REDIRECT] [Fatal Error] :1:1: Premature end of file.
2025-08-23 14:25:17,601 [ERROR] LogOutputStream:75 - [STDERR_REDIRECT] 
2025-08-23 14:25:18,613 [ERROR] LogOutputStream:75 - [STDERR_REDIRECT] [Fatal Error] :1:1: Premature end of file.
2025-08-23 14:25:18,613 [ERROR] LogOutputStream:75 - [STDERR_REDIRECT] 
2025-08-23 14:25:19,614 [ERROR] LogOutputStream:75 - [STDERR_REDIRECT] [Fatal Error] :1:1: Premature end of file.
2025-08-23 14:25:19,614 [ERROR] LogOutputStream:75 - [STDERR_REDIRECT] 
2025-08-23 14:25:20,608 [ERROR] LogOutputStream:75 - [STDERR_REDIRECT] [Fatal Error] :1:1: Premature end of file.
2025-08-23 14:25:20,608 [ERROR] LogOutputStream:75 - [STDERR_REDIRECT] 
2025-08-23 14:25:21,613 [ERROR] LogOutputStream:75 - [STDERR_REDIRECT] [Fatal Error] :1:1: Premature end of file.
2025-08-23 14:25:21,614 [ERROR] LogOutputStream:75 - [STDERR_REDIRECT] 
2025-08-23 14:25:22,617 [ERROR] LogOutputStream:75 - [STDERR_REDIRECT] [Fatal Error] :1:1: Premature end of file.
2025-08-23 14:25:22,617 [ERROR] LogOutputStream:75 - [STDERR_REDIRECT] 
2025-08-23 14:25:23,617 [ERROR] LogOutputStream:75 - [STDERR_REDIRECT] [Fatal Error] :1:1: Premature end of file.
2025-08-23 14:25:23,617 [ERROR] LogOutputStream:75 - [STDERR_REDIRECT] 
2025-08-23 14:25:24,617 [ERROR] LogOutputStream:75 - [STDERR_REDIRECT] [Fatal Error] :1:1: Premature end of file.
2025-08-23 14:25:24,617 [ERROR] LogOutputStream:75 - [STDERR_REDIRECT] 
2025-08-23 14:25:25,609 [ERROR] LogOutputStream:75 - [STDERR_REDIRECT] [Fatal Error] :1:1: Premature end of file.
2025-08-23 14:25:25,609 [ERROR] LogOutputStream:75 - [STDERR_REDIRECT] 
2025-08-23 14:25:26,609 [ERROR] LogOutputStream:75 - [STDERR_REDIRECT] [Fatal Error] :1:1: Premature end of file.
2025-08-23 14:25:26,609 [ERROR] LogOutputStream:75 - [STDERR_REDIRECT] 
2025-08-23 14:25:27,608 [ERROR] LogOutputStream:75 - [STDERR_REDIRECT] [Fatal Error] :1:1: Premature end of file.
2025-08-23 14:25:27,608 [ERROR] LogOutputStream:75 - [STDERR_REDIRECT] 
2025-08-23 14:25:28,610 [ERROR] LogOutputStream:75 - [STDERR_REDIRECT] [Fatal Error] :1:1: Premature end of file.
2025-08-23 14:25:28,610 [ERROR] LogOutputStream:75 - [STDERR_REDIRECT] 
2025-08-23 14:25:29,612 [ERROR] LogOutputStream:75 - [STDERR_REDIRECT] [Fatal Error] :1:1: Premature end of file.
2025-08-23 14:25:29,612 [ERROR] LogOutputStream:75 - [STDERR_REDIRECT] 
2025-08-23 14:25:30,610 [ERROR] LogOutputStream:75 - [STDERR_REDIRECT] [Fatal Error] :1:1: Premature end of file.
2025-08-23 14:25:30,610 [ERROR] LogOutputStream:75 - [STDERR_REDIRECT] 
2025-08-23 14:25:31,617 [ERROR] LogOutputStream:75 - [STDERR_REDIRECT] [Fatal Error] :1:1: Premature end of file.
2025-08-23 14:25:31,617 [ERROR] LogOutputStream:75 - [STDERR_REDIRECT] 
2025-08-23 14:25:32,610 [ERROR] LogOutputStream:75 - [STDERR_REDIRECT] [Fatal Error] :1:1: Premature end of file.
2025-08-23 14:25:32,610 [ERROR] LogOutputStream:75 - [STDERR_REDIRECT] 
2025-08-23 14:25:33,608 [ERROR] LogOutputStream:75 - [STDERR_REDIRECT] [Fatal Error] :1:1: Premature end of file.
2025-08-23 14:25:33,609 [ERROR] LogOutputStream:75 - [STDERR_REDIRECT] 
2025-08-23 14:25:34,609 [ERROR] LogOutputStream:75 - [STDERR_REDIRECT] [Fatal Error] :1:1: Premature end of file.
2025-08-23 14:25:34,610 [ERROR] LogOutputStream:75 - [STDERR_REDIRECT] 
2025-08-23 14:25:35,614 [ERROR] LogOutputStream:75 - [STDERR_REDIRECT] [Fatal Error] :1:1: Premature end of file.
2025-08-23 14:25:35,614 [ERROR] LogOutputStream:75 - [STDERR_REDIRECT] 
2025-08-23 14:25:36,616 [ERROR] LogOutputStream:75 - [STDERR_REDIRECT] [Fatal Error] :1:1: Premature end of file.
2025-08-23 14:25:36,616 [ERROR] LogOutputStream:75 - [STDERR_REDIRECT] 
2025-08-23 14:25:37,619 [ERROR] LogOutputStream:75 - [STDERR_REDIRECT] [Fatal Error] :1:1: Premature end of file.
2025-08-23 14:25:37,619 [ERROR] LogOutputStream:75 - [STDERR_REDIRECT] 
2025-08-23 14:25:38,620 [ERROR] LogOutputStream:75 - [STDERR_REDIRECT] [Fatal Error] :1:1: Premature end of file.
2025-08-23 14:25:38,620 [ERROR] LogOutputStream:75 - [STDERR_REDIRECT] 
2025-08-23 14:25:39,610 [ERROR] LogOutputStream:75 - [STDERR_REDIRECT] [Fatal Error] :1:1: Premature end of file.
2025-08-23 14:25:39,610 [ERROR] LogOutputStream:75 - [STDERR_REDIRECT] 
2025-08-23 14:25:40,617 [ERROR] LogOutputStream:75 - [STDERR_REDIRECT] [Fatal Error] :1:1: Premature end of file.
2025-08-23 14:25:40,617 [ERROR] LogOutputStream:75 - [STDERR_REDIRECT] 
2025-08-23 14:25:41,613 [ERROR] LogOutputStream:75 - [STDERR_REDIRECT] [Fatal Error] :1:1: Premature end of file.
2025-08-23 14:25:41,613 [ERROR] LogOutputStream:75 - [STDERR_REDIRECT] 
2025-08-23 14:25:42,602 [ERROR] LogOutputStream:75 - [STDERR_REDIRECT] [Fatal Error] :1:1: Premature end of file.
2025-08-23 14:25:42,603 [ERROR] LogOutputStream:75 - [STDERR_REDIRECT] 
2025-08-23 14:25:43,596 [ERROR] LogOutputStream:75 - [STDERR_REDIRECT] [Fatal Error] :1:1: Premature end of file.
2025-08-23 14:25:43,597 [ERROR] LogOutputStream:75 - [STDERR_REDIRECT] 
2025-08-23 14:25:44,609 [ERROR] LogOutputStream:75 - [STDERR_REDIRECT] [Fatal Error] :1:1: Premature end of file.
2025-08-23 14:25:44,609 [ERROR] LogOutputStream:75 - [STDERR_REDIRECT] 
2025-08-23 14:25:45,617 [ERROR] LogOutputStream:75 - [STDERR_REDIRECT] [Fatal Error] :1:1: Premature end of file.
2025-08-23 14:25:45,617 [ERROR] LogOutputStream:75 - [STDERR_REDIRECT] 
2025-08-23 14:25:46,609 [ERROR] LogOutputStream:75 - [STDERR_REDIRECT] [Fatal Error] :1:1: Premature end of file.
2025-08-23 14:25:46,609 [ERROR] LogOutputStream:75 - [STDERR_REDIRECT] 
2025-08-23 14:25:47,615 [ERROR] LogOutputStream:75 - [STDERR_REDIRECT] [Fatal Error] :1:1: Premature end of file.
2025-08-23 14:25:47,615 [ERROR] LogOutputStream:75 - [STDERR_REDIRECT] 
2025-08-23 14:25:48,618 [ERROR] LogOutputStream:75 - [STDERR_REDIRECT] [Fatal Error] :1:1: Premature end of file.
2025-08-23 14:25:48,618 [ERROR] LogOutputStream:75 - [STDERR_REDIRECT] 
2025-08-23 14:25:49,611 [ERROR] LogOutputStream:75 - [STDERR_REDIRECT] [Fatal Error] :1:1: Premature end of file.
2025-08-23 14:25:49,611 [ERROR] LogOutputStream:75 - [STDERR_REDIRECT] 
2025-08-23 14:25:50,626 [ERROR] LogOutputStream:75 - [STDERR_REDIRECT] [Fatal Error] :1:1: Premature end of file.
2025-08-23 14:25:50,626 [ERROR] LogOutputStream:75 - [STDERR_REDIRECT] 
2025-08-23 14:25:51,618 [ERROR] LogOutputStream:75 - [STDERR_REDIRECT] [Fatal Error] :1:1: Premature end of file.
2025-08-23 14:25:51,618 [ERROR] LogOutputStream:75 - [STDERR_REDIRECT] 
2025-08-23 14:25:52,618 [ERROR] LogOutputStream:75 - [STDERR_REDIRECT] [Fatal Error] :1:1: Premature end of file.
2025-08-23 14:25:52,618 [ERROR] LogOutputStream:75 - [STDERR_REDIRECT] 
2025-08-23 14:25:53,624 [ERROR] LogOutputStream:75 - [STDERR_REDIRECT] [Fatal Error] :1:1: Premature end of file.
2025-08-23 14:25:53,624 [ERROR] LogOutputStream:75 - [STDERR_REDIRECT] 
2025-08-23 14:25:54,622 [ERROR] LogOutputStream:75 - [STDERR_REDIRECT] [Fatal Error] :1:1: Premature end of file.
2025-08-23 14:25:54,622 [ERROR] LogOutputStream:75 - [STDERR_REDIRECT] 
2025-08-23 14:25:55,617 [ERROR] LogOutputStream:75 - [STDERR_REDIRECT] [Fatal Error] :1:1: Premature end of file.
2025-08-23 14:25:55,617 [ERROR] LogOutputStream:75 - [STDERR_REDIRECT] 
2025-08-23 14:25:56,622 [ERROR] LogOutputStream:75 - [STDERR_REDIRECT] [Fatal Error] :1:1: Premature end of file.
2025-08-23 14:25:56,623 [ERROR] LogOutputStream:75 - [STDERR_REDIRECT] 
2025-08-23 14:25:57,617 [ERROR] LogOutputStream:75 - [STDERR_REDIRECT] [Fatal Error] :1:1: Premature end of file.
2025-08-23 14:25:57,617 [ERROR] LogOutputStream:75 - [STDERR_REDIRECT] 
2025-08-23 14:25:58,626 [ERROR] LogOutputStream:75 - [STDERR_REDIRECT] [Fatal Error] :1:1: Premature end of file.
2025-08-23 14:25:58,626 [ERROR] LogOutputStream:75 - [STDERR_REDIRECT] 
2025-08-23 14:25:59,616 [ERROR] LogOutputStream:75 - [STDERR_REDIRECT] [Fatal Error] :1:1: Premature end of file.
2025-08-23 14:25:59,617 [ERROR] LogOutputStream:75 - [STDERR_REDIRECT] 
2025-08-23 14:26:00,616 [ERROR] LogOutputStream:75 - [STDERR_REDIRECT] [Fatal Error] :1:1: Premature end of file.
2025-08-23 14:26:00,617 [ERROR] LogOutputStream:75 - [STDERR_REDIRECT] 
2025-08-23 14:26:01,615 [ERROR] LogOutputStream:75 - [STDERR_REDIRECT] [Fatal Error] :1:1: Premature end of file.
2025-08-23 14:26:01,615 [ERROR] LogOutputStream:75 - [STDERR_REDIRECT] 
2025-08-23 14:26:02,607 [ERROR] LogOutputStream:75 - [STDERR_REDIRECT] [Fatal Error] :1:1: Premature end of file.
2025-08-23 14:26:02,607 [ERROR] LogOutputStream:75 - [STDERR_REDIRECT] 
2025-08-23 14:26:03,614 [ERROR] LogOutputStream:75 - [STDERR_REDIRECT] [Fatal Error] :1:1: Premature end of file.
2025-08-23 14:26:03,614 [ERROR] LogOutputStream:75 - [STDERR_REDIRECT] 
2025-08-23 14:26:04,626 [ERROR] LogOutputStream:75 - [STDERR_REDIRECT] [Fatal Error] :1:1: Premature end of file.
2025-08-23 14:26:04,626 [ERROR] LogOutputStream:75 - [STDERR_REDIRECT] 
2025-08-23 14:26:05,612 [ERROR] LogOutputStream:75 - [STDERR_REDIRECT] [Fatal Error] :1:1: Premature end of file.
2025-08-23 14:26:05,612 [ERROR] LogOutputStream:75 - [STDERR_REDIRECT] 
2025-08-23 14:26:06,618 [ERROR] LogOutputStream:75 - [STDERR_REDIRECT] [Fatal Error] :1:1: Premature end of file.
2025-08-23 14:26:06,619 [ERROR] LogOutputStream:75 - [STDERR_REDIRECT] 
2025-08-23 14:26:07,618 [ERROR] LogOutputStream:75 - [STDERR_REDIRECT] [Fatal Error] :1:1: Premature end of file.
2025-08-23 14:26:07,618 [ERROR] LogOutputStream:75 - [STDERR_REDIRECT] 
2025-08-23 14:26:08,613 [ERROR] LogOutputStream:75 - [STDERR_REDIRECT] [Fatal Error] :1:1: Premature end of file.
2025-08-23 14:26:08,614 [ERROR] LogOutputStream:75 - [STDERR_REDIRECT] 
2025-08-23 14:26:09,622 [ERROR] LogOutputStream:75 - [STDERR_REDIRECT] [Fatal Error] :1:1: Premature end of file.
2025-08-23 14:26:09,622 [ERROR] LogOutputStream:75 - [STDERR_REDIRECT] 
2025-08-23 14:26:10,614 [ERROR] LogOutputStream:75 - [STDERR_REDIRECT] [Fatal Error] :1:1: Premature end of file.
2025-08-23 14:26:10,614 [ERROR] LogOutputStream:75 - [STDERR_REDIRECT] 
2025-08-23 14:26:11,610 [ERROR] LogOutputStream:75 - [STDERR_REDIRECT] [Fatal Error] :1:1: Premature end of file.
2025-08-23 14:26:11,610 [ERROR] LogOutputStream:75 - [STDERR_REDIRECT] 
2025-08-23 14:26:12,608 [ERROR] LogOutputStream:75 - [STDERR_REDIRECT] [Fatal Error] :1:1: Premature end of file.
2025-08-23 14:26:12,608 [ERROR] LogOutputStream:75 - [STDERR_REDIRECT] 
2025-08-23 14:26:13,601 [ERROR] LogOutputStream:75 - [STDERR_REDIRECT] [Fatal Error] :1:1: Premature end of file.
2025-08-23 14:26:13,601 [ERROR] LogOutputStream:75 - [STDERR_REDIRECT] 
2025-08-23 14:26:14,621 [ERROR] LogOutputStream:75 - [STDERR_REDIRECT] [Fatal Error] :1:1: Premature end of file.
2025-08-23 14:26:14,623 [ERROR] LogOutputStream:75 - [STDERR_REDIRECT] 
2025-08-23 14:26:15,619 [ERROR] LogOutputStream:75 - [STDERR_REDIRECT] [Fatal Error] :1:1: Premature end of file.
2025-08-23 14:26:15,619 [ERROR] LogOutputStream:75 - [STDERR_REDIRECT] 
2025-08-23 14:26:16,605 [ERROR] LogOutputStream:75 - [STDERR_REDIRECT] [Fatal Error] :1:1: Premature end of file.
2025-08-23 14:26:16,605 [ERROR] LogOutputStream:75 - [STDERR_REDIRECT] 
2025-08-23 14:26:17,617 [ERROR] LogOutputStream:75 - [STDERR_REDIRECT] [Fatal Error] :1:1: Premature end of file.
2025-08-23 14:26:17,617 [ERROR] LogOutputStream:75 - [STDERR_REDIRECT] 
2025-08-23 14:26:18,610 [ERROR] LogOutputStream:75 - [STDERR_REDIRECT] [Fatal Error] :1:1: Premature end of file.
2025-08-23 14:26:18,612 [ERROR] LogOutputStream:75 - [STDERR_REDIRECT] 
2025-08-23 14:26:19,616 [ERROR] LogOutputStream:75 - [STDERR_REDIRECT] [Fatal Error] :1:1: Premature end of file.
2025-08-23 14:26:19,616 [ERROR] LogOutputStream:75 - [STDERR_REDIRECT] 
2025-08-23 14:26:20,618 [ERROR] LogOutputStream:75 - [STDERR_REDIRECT] [Fatal Error] :1:1: Premature end of file.
2025-08-23 14:26:20,618 [ERROR] LogOutputStream:75 - [STDERR_REDIRECT] 
2025-08-23 14:26:21,624 [ERROR] LogOutputStream:75 - [STDERR_REDIRECT] [Fatal Error] :1:1: Premature end of file.
2025-08-23 14:26:21,624 [ERROR] LogOutputStream:75 - [STDERR_REDIRECT] 
2025-08-23 14:26:22,609 [ERROR] LogOutputStream:75 - [STDERR_REDIRECT] [Fatal Error] :1:1: Premature end of file.
2025-08-23 14:26:22,609 [ERROR] LogOutputStream:75 - [STDERR_REDIRECT] 
2025-08-23 14:26:23,625 [ERROR] LogOutputStream:75 - [STDERR_REDIRECT] [Fatal Error] :1:1: Premature end of file.
2025-08-23 14:26:23,625 [ERROR] LogOutputStream:75 - [STDERR_REDIRECT] 
2025-08-23 14:26:24,614 [ERROR] LogOutputStream:75 - [STDERR_REDIRECT] [Fatal Error] :1:1: Premature end of file.
2025-08-23 14:26:24,614 [ERROR] LogOutputStream:75 - [STDERR_REDIRECT] 
2025-08-23 14:26:25,621 [ERROR] LogOutputStream:75 - [STDERR_REDIRECT] [Fatal Error] :1:1: Premature end of file.
2025-08-23 14:26:25,622 [ERROR] LogOutputStream:75 - [STDERR_REDIRECT] 
2025-08-23 14:26:26,614 [ERROR] LogOutputStream:75 - [STDERR_REDIRECT] [Fatal Error] :1:1: Premature end of file.
2025-08-23 14:26:26,614 [ERROR] LogOutputStream:75 - [STDERR_REDIRECT] 
2025-08-23 14:26:27,611 [ERROR] LogOutputStream:75 - [STDERR_REDIRECT] [Fatal Error] :1:1: Premature end of file.
2025-08-23 14:26:27,611 [ERROR] LogOutputStream:75 - [STDERR_REDIRECT] 
2025-08-23 14:26:28,618 [ERROR] LogOutputStream:75 - [STDERR_REDIRECT] [Fatal Error] :1:1: Premature end of file.
2025-08-23 14:26:28,618 [ERROR] LogOutputStream:75 - [STDERR_REDIRECT] 
2025-08-23 14:26:29,617 [ERROR] LogOutputStream:75 - [STDERR_REDIRECT] [Fatal Error] :1:1: Premature end of file.
2025-08-23 14:26:29,621 [ERROR] LogOutputStream:75 - [STDERR_REDIRECT] 
2025-08-23 14:26:30,621 [ERROR] LogOutputStream:75 - [STDERR_REDIRECT] [Fatal Error] :1:1: Premature end of file.
2025-08-23 14:26:30,621 [ERROR] LogOutputStream:75 - [STDERR_REDIRECT] 
2025-08-23 14:26:31,619 [ERROR] LogOutputStream:75 - [STDERR_REDIRECT] [Fatal Error] :1:1: Premature end of file.
2025-08-23 14:26:31,619 [ERROR] LogOutputStream:75 - [STDERR_REDIRECT] 
2025-08-23 14:26:32,609 [ERROR] LogOutputStream:75 - [STDERR_REDIRECT] [Fatal Error] :1:1: Premature end of file.
2025-08-23 14:26:32,610 [ERROR] LogOutputStream:75 - [STDERR_REDIRECT] 
2025-08-23 14:26:33,608 [ERROR] LogOutputStream:75 - [STDERR_REDIRECT] [Fatal Error] :1:1: Premature end of file.
2025-08-23 14:26:33,608 [ERROR] LogOutputStream:75 - [STDERR_REDIRECT] 
2025-08-23 14:26:34,623 [ERROR] LogOutputStream:75 - [STDERR_REDIRECT] [Fatal Error] :1:1: Premature end of file.
2025-08-23 14:26:34,623 [ERROR] LogOutputStream:75 - [STDERR_REDIRECT] 
2025-08-23 14:26:35,609 [ERROR] LogOutputStream:75 - [STDERR_REDIRECT] [Fatal Error] :1:1: Premature end of file.
2025-08-23 14:26:35,610 [ERROR] LogOutputStream:75 - [STDERR_REDIRECT] 
2025-08-23 14:26:36,615 [ERROR] LogOutputStream:75 - [STDERR_REDIRECT] [Fatal Error] :1:1: Premature end of file.
2025-08-23 14:26:36,616 [ERROR] LogOutputStream:75 - [STDERR_REDIRECT] 
2025-08-23 14:26:37,615 [ERROR] LogOutputStream:75 - [STDERR_REDIRECT] [Fatal Error] :1:1: Premature end of file.
2025-08-23 14:26:37,615 [ERROR] LogOutputStream:75 - [STDERR_REDIRECT] 
2025-08-23 14:26:38,618 [ERROR] LogOutputStream:75 - [STDERR_REDIRECT] [Fatal Error] :1:1: Premature end of file.
2025-08-23 14:26:38,618 [ERROR] LogOutputStream:75 - [STDERR_REDIRECT] 
2025-08-23 14:26:39,605 [ERROR] LogOutputStream:75 - [STDERR_REDIRECT] [Fatal Error] :1:1: Premature end of file.
2025-08-23 14:26:39,605 [ERROR] LogOutputStream:75 - [STDERR_REDIRECT] 
2025-08-23 14:26:40,626 [ERROR] LogOutputStream:75 - [STDERR_REDIRECT] [Fatal Error] :1:1: Premature end of file.
2025-08-23 14:26:40,627 [ERROR] LogOutputStream:75 - [STDERR_REDIRECT] 
2025-08-23 14:26:41,743 [ERROR] LogOutputStream:75 - [STDERR_REDIRECT] [Fatal Error] :1:1: Premature end of file.
2025-08-23 14:26:41,743 [ERROR] LogOutputStream:75 - [STDERR_REDIRECT] 
2025-08-23 14:26:42,613 [ERROR] LogOutputStream:75 - [STDERR_REDIRECT] [Fatal Error] :1:1: Premature end of file.
2025-08-23 14:26:42,613 [ERROR] LogOutputStream:75 - [STDERR_REDIRECT] 
2025-08-23 14:26:43,610 [ERROR] LogOutputStream:75 - [STDERR_REDIRECT] [Fatal Error] :1:1: Premature end of file.
2025-08-23 14:26:43,611 [ERROR] LogOutputStream:75 - [STDERR_REDIRECT] 
2025-08-23 14:26:44,617 [ERROR] LogOutputStream:75 - [STDERR_REDIRECT] [Fatal Error] :1:1: Premature end of file.
2025-08-23 14:26:44,617 [ERROR] LogOutputStream:75 - [STDERR_REDIRECT] 
2025-08-23 14:26:45,614 [ERROR] LogOutputStream:75 - [STDERR_REDIRECT] [Fatal Error] :1:1: Premature end of file.
2025-08-23 14:26:45,614 [ERROR] LogOutputStream:75 - [STDERR_REDIRECT] 
2025-08-23 14:26:46,607 [ERROR] LogOutputStream:75 - [STDERR_REDIRECT] [Fatal Error] :1:1: Premature end of file.
2025-08-23 14:26:46,607 [ERROR] LogOutputStream:75 - [STDERR_REDIRECT] 
2025-08-23 14:26:47,617 [ERROR] LogOutputStream:75 - [STDERR_REDIRECT] [Fatal Error] :1:1: Premature end of file.
2025-08-23 14:26:47,617 [ERROR] LogOutputStream:75 - [STDERR_REDIRECT] 
2025-08-23 14:26:48,611 [ERROR] LogOutputStream:75 - [STDERR_REDIRECT] [Fatal Error] :1:1: Premature end of file.
2025-08-23 14:26:48,611 [ERROR] LogOutputStream:75 - [STDERR_REDIRECT] 
2025-08-23 14:26:49,610 [ERROR] LogOutputStream:75 - [STDERR_REDIRECT] [Fatal Error] :1:1: Premature end of file.
2025-08-23 14:26:49,610 [ERROR] LogOutputStream:75 - [STDERR_REDIRECT] 
2025-08-23 14:26:50,610 [ERROR] LogOutputStream:75 - [STDERR_REDIRECT] [Fatal Error] :1:1: Premature end of file.
2025-08-23 14:26:50,611 [ERROR] LogOutputStream:75 - [STDERR_REDIRECT] 
2025-08-23 14:26:51,612 [ERROR] LogOutputStream:75 - [STDERR_REDIRECT] [Fatal Error] :1:1: Premature end of file.
2025-08-23 14:26:51,612 [ERROR] LogOutputStream:75 - [STDERR_REDIRECT] 
2025-08-23 14:26:52,619 [ERROR] LogOutputStream:75 - [STDERR_REDIRECT] [Fatal Error] :1:1: Premature end of file.
2025-08-23 14:26:52,619 [ERROR] LogOutputStream:75 - [STDERR_REDIRECT] 
2025-08-23 14:26:53,611 [ERROR] LogOutputStream:75 - [STDERR_REDIRECT] [Fatal Error] :1:1: Premature end of file.
2025-08-23 14:26:53,612 [ERROR] LogOutputStream:75 - [STDERR_REDIRECT] 
2025-08-23 14:26:54,609 [ERROR] LogOutputStream:75 - [STDERR_REDIRECT] [Fatal Error] :1:1: Premature end of file.
2025-08-23 14:26:54,609 [ERROR] LogOutputStream:75 - [STDERR_REDIRECT] 
2025-08-23 14:26:55,618 [ERROR] LogOutputStream:75 - [STDERR_REDIRECT] [Fatal Error] :1:1: Premature end of file.
2025-08-23 14:26:55,619 [ERROR] LogOutputStream:75 - [STDERR_REDIRECT] 
2025-08-23 14:26:56,616 [ERROR] LogOutputStream:75 - [STDERR_REDIRECT] [Fatal Error] :1:1: Premature end of file.
2025-08-23 14:26:56,616 [ERROR] LogOutputStream:75 - [STDERR_REDIRECT] 
2025-08-23 14:26:57,613 [ERROR] LogOutputStream:75 - [STDERR_REDIRECT] [Fatal Error] :1:1: Premature end of file.
2025-08-23 14:26:57,613 [ERROR] LogOutputStream:75 - [STDERR_REDIRECT] 
2025-08-23 14:26:58,625 [ERROR] LogOutputStream:75 - [STDERR_REDIRECT] [Fatal Error] :1:1: Premature end of file.
2025-08-23 14:26:58,625 [ERROR] LogOutputStream:75 - [STDERR_REDIRECT] 
2025-08-23 14:26:59,613 [ERROR] LogOutputStream:75 - [STDERR_REDIRECT] [Fatal Error] :1:1: Premature end of file.
2025-08-23 14:26:59,613 [ERROR] LogOutputStream:75 - [STDERR_REDIRECT] 
2025-08-23 14:27:00,615 [ERROR] LogOutputStream:75 - [STDERR_REDIRECT] [Fatal Error] :1:1: Premature end of file.
2025-08-23 14:27:00,615 [ERROR] LogOutputStream:75 - [STDERR_REDIRECT] 
2025-08-23 14:27:01,616 [ERROR] LogOutputStream:75 - [STDERR_REDIRECT] [Fatal Error] :1:1: Premature end of file.
2025-08-23 14:27:01,616 [ERROR] LogOutputStream:75 - [STDERR_REDIRECT] 
2025-08-23 14:27:02,616 [ERROR] LogOutputStream:75 - [STDERR_REDIRECT] [Fatal Error] :1:1: Premature end of file.
2025-08-23 14:27:02,616 [ERROR] LogOutputStream:75 - [STDERR_REDIRECT] 
2025-08-23 14:27:03,617 [ERROR] LogOutputStream:75 - [STDERR_REDIRECT] [Fatal Error] :1:1: Premature end of file.
2025-08-23 14:27:03,617 [ERROR] LogOutputStream:75 - [STDERR_REDIRECT] 
2025-08-23 14:27:04,619 [ERROR] LogOutputStream:75 - [STDERR_REDIRECT] [Fatal Error] :1:1: Premature end of file.
2025-08-23 14:27:04,619 [ERROR] LogOutputStream:75 - [STDERR_REDIRECT] 
2025-08-23 14:27:05,619 [ERROR] LogOutputStream:75 - [STDERR_REDIRECT] [Fatal Error] :1:1: Premature end of file.
2025-08-23 14:27:05,619 [ERROR] LogOutputStream:75 - [STDERR_REDIRECT] 
2025-08-23 14:27:06,612 [ERROR] LogOutputStream:75 - [STDERR_REDIRECT] [Fatal Error] :1:1: Premature end of file.
2025-08-23 14:27:06,612 [ERROR] LogOutputStream:75 - [STDERR_REDIRECT] 
2025-08-23 14:27:07,612 [ERROR] LogOutputStream:75 - [STDERR_REDIRECT] [Fatal Error] :1:1: Premature end of file.
2025-08-23 14:27:07,612 [ERROR] LogOutputStream:75 - [STDERR_REDIRECT] 
2025-08-23 14:27:08,620 [ERROR] LogOutputStream:75 - [STDERR_REDIRECT] [Fatal Error] :1:1: Premature end of file.
2025-08-23 14:27:08,621 [ERROR] LogOutputStream:75 - [STDERR_REDIRECT] 
2025-08-23 14:27:09,608 [ERROR] LogOutputStream:75 - [STDERR_REDIRECT] [Fatal Error] :1:1: Premature end of file.
2025-08-23 14:27:09,608 [ERROR] LogOutputStream:75 - [STDERR_REDIRECT] 
2025-08-23 14:27:10,624 [ERROR] LogOutputStream:75 - [STDERR_REDIRECT] [Fatal Error] :1:1: Premature end of file.
2025-08-23 14:27:10,625 [ERROR] LogOutputStream:75 - [STDERR_REDIRECT] 
2025-08-23 14:27:11,612 [ERROR] LogOutputStream:75 - [STDERR_REDIRECT] [Fatal Error] :1:1: Premature end of file.
2025-08-23 14:27:11,612 [ERROR] LogOutputStream:75 - [STDERR_REDIRECT] 
2025-08-23 14:27:12,615 [ERROR] LogOutputStream:75 - [STDERR_REDIRECT] [Fatal Error] :1:1: Premature end of file.
2025-08-23 14:27:12,615 [ERROR] LogOutputStream:75 - [STDERR_REDIRECT] 
2025-08-23 14:27:13,610 [ERROR] LogOutputStream:75 - [STDERR_REDIRECT] [Fatal Error] :1:1: Premature end of file.
2025-08-23 14:27:13,610 [ERROR] LogOutputStream:75 - [STDERR_REDIRECT] 
2025-08-23 14:27:14,606 [ERROR] LogOutputStream:75 - [STDERR_REDIRECT] [Fatal Error] :1:1: Premature end of file.
2025-08-23 14:27:14,607 [ERROR] LogOutputStream:75 - [STDERR_REDIRECT] 
2025-08-23 14:27:15,601 [ERROR] LogOutputStream:75 - [STDERR_REDIRECT] [Fatal Error] :1:1: Premature end of file.
2025-08-23 14:27:15,601 [ERROR] LogOutputStream:75 - [STDERR_REDIRECT] 
2025-08-23 14:27:16,602 [ERROR] LogOutputStream:75 - [STDERR_REDIRECT] [Fatal Error] :1:1: Premature end of file.
2025-08-23 14:27:16,602 [ERROR] LogOutputStream:75 - [STDERR_REDIRECT] 
2025-08-23 14:27:17,613 [ERROR] LogOutputStream:75 - [STDERR_REDIRECT] [Fatal Error] :1:1: Premature end of file.
2025-08-23 14:27:17,613 [ERROR] LogOutputStream:75 - [STDERR_REDIRECT] 
2025-08-23 14:27:18,612 [ERROR] LogOutputStream:75 - [STDERR_REDIRECT] [Fatal Error] :1:1: Premature end of file.
2025-08-23 14:27:18,612 [ERROR] LogOutputStream:75 - [STDERR_REDIRECT] 
2025-08-23 14:27:19,621 [ERROR] LogOutputStream:75 - [STDERR_REDIRECT] [Fatal Error] :1:1: Premature end of file.
2025-08-23 14:27:19,621 [ERROR] LogOutputStream:75 - [STDERR_REDIRECT] 
2025-08-23 14:27:20,615 [ERROR] LogOutputStream:75 - [STDERR_REDIRECT] [Fatal Error] :1:1: Premature end of file.
2025-08-23 14:27:20,616 [ERROR] LogOutputStream:75 - [STDERR_REDIRECT] 
2025-08-23 14:27:21,611 [ERROR] LogOutputStream:75 - [STDERR_REDIRECT] [Fatal Error] :1:1: Premature end of file.
2025-08-23 14:27:21,611 [ERROR] LogOutputStream:75 - [STDERR_REDIRECT] 
2025-08-23 14:27:22,619 [ERROR] LogOutputStream:75 - [STDERR_REDIRECT] [Fatal Error] :1:1: Premature end of file.
2025-08-23 14:27:22,619 [ERROR] LogOutputStream:75 - [STDERR_REDIRECT] 
2025-08-23 14:27:23,618 [ERROR] LogOutputStream:75 - [STDERR_REDIRECT] [Fatal Error] :1:1: Premature end of file.
2025-08-23 14:27:23,618 [ERROR] LogOutputStream:75 - [STDERR_REDIRECT] 
2025-08-23 14:27:24,609 [ERROR] LogOutputStream:75 - [STDERR_REDIRECT] [Fatal Error] :1:1: Premature end of file.
2025-08-23 14:27:24,609 [ERROR] LogOutputStream:75 - [STDERR_REDIRECT] 
2025-08-23 14:27:25,599 [ERROR] LogOutputStream:75 - [STDERR_REDIRECT] [Fatal Error] :1:1: Premature end of file.
2025-08-23 14:27:25,599 [ERROR] LogOutputStream:75 - [STDERR_REDIRECT] 
2025-08-23 14:27:26,621 [ERROR] LogOutputStream:75 - [STDERR_REDIRECT] [Fatal Error] :1:1: Premature end of file.
2025-08-23 14:27:26,621 [ERROR] LogOutputStream:75 - [STDERR_REDIRECT] 
2025-08-23 14:27:27,607 [ERROR] LogOutputStream:75 - [STDERR_REDIRECT] [Fatal Error] :1:1: Premature end of file.
2025-08-23 14:27:27,607 [ERROR] LogOutputStream:75 - [STDERR_REDIRECT] 
2025-08-23 14:27:28,606 [ERROR] LogOutputStream:75 - [STDERR_REDIRECT] [Fatal Error] :1:1: Premature end of file.
2025-08-23 14:27:28,606 [ERROR] LogOutputStream:75 - [STDERR_REDIRECT] 
2025-08-23 14:27:29,618 [ERROR] LogOutputStream:75 - [STDERR_REDIRECT] [Fatal Error] :1:1: Premature end of file.
2025-08-23 14:27:29,618 [ERROR] LogOutputStream:75 - [STDERR_REDIRECT] 
2025-08-23 14:27:30,606 [ERROR] LogOutputStream:75 - [STDERR_REDIRECT] [Fatal Error] :1:1: Premature end of file.
2025-08-23 14:27:30,606 [ERROR] LogOutputStream:75 - [STDERR_REDIRECT] 
2025-08-23 14:27:31,603 [ERROR] LogOutputStream:75 - [STDERR_REDIRECT] [Fatal Error] :1:1: Premature end of file.
2025-08-23 14:27:31,603 [ERROR] LogOutputStream:75 - [STDERR_REDIRECT] 
2025-08-23 14:27:32,623 [ERROR] LogOutputStream:75 - [STDERR_REDIRECT] [Fatal Error] :1:1: Premature end of file.
2025-08-23 14:27:32,623 [ERROR] LogOutputStream:75 - [STDERR_REDIRECT] 
2025-08-23 14:27:33,614 [ERROR] LogOutputStream:75 - [STDERR_REDIRECT] [Fatal Error] :1:1: Premature end of file.
2025-08-23 14:27:33,614 [ERROR] LogOutputStream:75 - [STDERR_REDIRECT] 
2025-08-23 14:27:34,625 [ERROR] LogOutputStream:75 - [STDERR_REDIRECT] [Fatal Error] :1:1: Premature end of file.
2025-08-23 14:27:34,625 [ERROR] LogOutputStream:75 - [STDERR_REDIRECT] 
2025-08-23 14:27:35,613 [ERROR] LogOutputStream:75 - [STDERR_REDIRECT] [Fatal Error] :1:1: Premature end of file.
2025-08-23 14:27:35,613 [ERROR] LogOutputStream:75 - [STDERR_REDIRECT] 
2025-08-23 14:27:36,595 [ERROR] LogOutputStream:75 - [STDERR_REDIRECT] [Fatal Error] :1:1: Premature end of file.
2025-08-23 14:27:36,595 [ERROR] LogOutputStream:75 - [STDERR_REDIRECT] 
2025-08-23 14:27:37,624 [ERROR] LogOutputStream:75 - [STDERR_REDIRECT] [Fatal Error] :1:1: Premature end of file.
2025-08-23 14:27:37,625 [ERROR] LogOutputStream:75 - [STDERR_REDIRECT] 
2025-08-23 14:27:38,616 [ERROR] LogOutputStream:75 - [STDERR_REDIRECT] [Fatal Error] :1:1: Premature end of file.
2025-08-23 14:27:38,616 [ERROR] LogOutputStream:75 - [STDERR_REDIRECT] 
2025-08-23 14:27:39,608 [ERROR] LogOutputStream:75 - [STDERR_REDIRECT] [Fatal Error] :1:1: Premature end of file.
2025-08-23 14:27:39,608 [ERROR] LogOutputStream:75 - [STDERR_REDIRECT] 
2025-08-23 14:27:40,613 [ERROR] LogOutputStream:75 - [STDERR_REDIRECT] [Fatal Error] :1:1: Premature end of file.
2025-08-23 14:27:40,613 [ERROR] LogOutputStream:75 - [STDERR_REDIRECT] 
2025-08-23 14:27:41,612 [ERROR] LogOutputStream:75 - [STDERR_REDIRECT] [Fatal Error] :1:1: Premature end of file.
2025-08-23 14:27:41,612 [ERROR] LogOutputStream:75 - [STDERR_REDIRECT] 
2025-08-23 14:27:42,608 [ERROR] LogOutputStream:75 - [STDERR_REDIRECT] [Fatal Error] :1:1: Premature end of file.
2025-08-23 14:27:42,608 [ERROR] LogOutputStream:75 - [STDERR_REDIRECT] 
2025-08-23 14:27:43,605 [ERROR] LogOutputStream:75 - [STDERR_REDIRECT] [Fatal Error] :1:1: Premature end of file.
2025-08-23 14:27:43,605 [ERROR] LogOutputStream:75 - [STDERR_REDIRECT] 
2025-08-23 14:27:44,614 [ERROR] LogOutputStream:75 - [STDERR_REDIRECT] [Fatal Error] :1:1: Premature end of file.
2025-08-23 14:27:44,614 [ERROR] LogOutputStream:75 - [STDERR_REDIRECT] 
2025-08-23 14:27:45,608 [ERROR] LogOutputStream:75 - [STDERR_REDIRECT] [Fatal Error] :1:1: Premature end of file.
2025-08-23 14:27:45,608 [ERROR] LogOutputStream:75 - [STDERR_REDIRECT] 
2025-08-23 14:27:46,610 [ERROR] LogOutputStream:75 - [STDERR_REDIRECT] [Fatal Error] :1:1: Premature end of file.
2025-08-23 14:27:46,611 [ERROR] LogOutputStream:75 - [STDERR_REDIRECT] 
2025-08-23 14:27:47,606 [ERROR] LogOutputStream:75 - [STDERR_REDIRECT] [Fatal Error] :1:1: Premature end of file.
2025-08-23 14:27:47,606 [ERROR] LogOutputStream:75 - [STDERR_REDIRECT] 
2025-08-23 14:27:48,616 [ERROR] LogOutputStream:75 - [STDERR_REDIRECT] [Fatal Error] :1:1: Premature end of file.
2025-08-23 14:27:48,617 [ERROR] LogOutputStream:75 - [STDERR_REDIRECT] 
2025-08-23 14:27:49,612 [ERROR] LogOutputStream:75 - [STDERR_REDIRECT] [Fatal Error] :1:1: Premature end of file.
2025-08-23 14:27:49,612 [ERROR] LogOutputStream:75 - [STDERR_REDIRECT] 
2025-08-23 14:27:50,609 [ERROR] LogOutputStream:75 - [STDERR_REDIRECT] [Fatal Error] :1:1: Premature end of file.
2025-08-23 14:27:50,610 [ERROR] LogOutputStream:75 - [STDERR_REDIRECT] 
2025-08-23 14:37:22,172 [ERROR] LogOutputStream:75 - [STDERR_REDIRECT] [Fatal Error] :1:1: Premature end of file.
2025-08-23 14:37:22,172 [ERROR] LogOutputStream:75 - [STDERR_REDIRECT] 
2025-08-23 14:37:22,208 [ERROR] LogOutputStream:75 - [STDERR_REDIRECT] [Fatal Error] :1:1: Premature end of file.
2025-08-23 14:37:22,208 [ERROR] LogOutputStream:75 - [STDERR_REDIRECT] 
2025-08-23 14:37:22,259 [ERROR] LogOutputStream:75 - [STDERR_REDIRECT] [Fatal Error] :1:1: Premature end of file.
2025-08-23 14:37:22,259 [ERROR] LogOutputStream:75 - [STDERR_REDIRECT] 
2025-08-23 14:37:22,287 [ERROR] LogOutputStream:75 - [STDERR_REDIRECT] [Fatal Error] :1:1: Premature end of file.
2025-08-23 14:37:22,287 [ERROR] LogOutputStream:75 - [STDERR_REDIRECT] 
2025-08-23 14:37:22,330 [ERROR] LogOutputStream:75 - [STDERR_REDIRECT] [Fatal Error] :1:1: Premature end of file.
2025-08-23 14:37:22,331 [ERROR] LogOutputStream:75 - [STDERR_REDIRECT] 
2025-08-23 14:37:22,354 [ERROR] LogOutputStream:75 - [STDERR_REDIRECT] [Fatal Error] :1:1: Premature end of file.
2025-08-23 14:37:22,354 [ERROR] LogOutputStream:75 - [STDERR_REDIRECT] 
2025-08-23 14:37:22,386 [ERROR] LogOutputStream:75 - [STDERR_REDIRECT] [Fatal Error] :1:1: Premature end of file.
2025-08-23 14:37:22,387 [ERROR] LogOutputStream:75 - [STDERR_REDIRECT] 
2025-08-23 14:37:22,418 [ERROR] LogOutputStream:75 - [STDERR_REDIRECT] [Fatal Error] :1:1: Premature end of file.
2025-08-23 14:37:22,418 [ERROR] LogOutputStream:75 - [STDERR_REDIRECT] 
2025-08-23 14:37:22,448 [ERROR] LogOutputStream:75 - [STDERR_REDIRECT] [Fatal Error] :1:1: Premature end of file.
2025-08-23 14:37:22,448 [ERROR] LogOutputStream:75 - [STDERR_REDIRECT] 
2025-08-23 14:37:22,479 [ERROR] LogOutputStream:75 - [STDERR_REDIRECT] [Fatal Error] :1:1: Premature end of file.
2025-08-23 14:37:22,480 [ERROR] LogOutputStream:75 - [STDERR_REDIRECT] 
2025-08-23 14:37:22,500 [ERROR] LogOutputStream:75 - [STDERR_REDIRECT] [Fatal Error] :1:1: Premature end of file.
2025-08-23 14:37:22,500 [ERROR] LogOutputStream:75 - [STDERR_REDIRECT] 
2025-08-23 14:37:22,523 [ERROR] LogOutputStream:75 - [STDERR_REDIRECT] [Fatal Error] :1:1: Premature end of file.
2025-08-23 14:37:22,523 [ERROR] LogOutputStream:75 - [STDERR_REDIRECT] 
2025-08-23 14:37:22,550 [ERROR] LogOutputStream:75 - [STDERR_REDIRECT] [Fatal Error] :1:1: Premature end of file.
2025-08-23 14:37:22,550 [ERROR] LogOutputStream:75 - [STDERR_REDIRECT] 
2025-08-23 14:37:22,587 [ERROR] LogOutputStream:75 - [STDERR_REDIRECT] [Fatal Error] :1:1: Premature end of file.
2025-08-23 14:37:22,587 [ERROR] LogOutputStream:75 - [STDERR_REDIRECT] 
2025-08-23 14:37:22,611 [ERROR] LogOutputStream:75 - [STDERR_REDIRECT] [Fatal Error] :1:1: Premature end of file.
2025-08-23 14:37:22,611 [ERROR] LogOutputStream:75 - [STDERR_REDIRECT] 
2025-08-23 14:37:22,632 [ERROR] LogOutputStream:75 - [STDERR_REDIRECT] [Fatal Error] :1:1: Premature end of file.
2025-08-23 14:37:22,632 [ERROR] LogOutputStream:75 - [STDERR_REDIRECT] 
2025-08-23 14:37:22,653 [ERROR] LogOutputStream:75 - [STDERR_REDIRECT] [Fatal Error] :1:1: Premature end of file.
2025-08-23 14:37:22,653 [ERROR] LogOutputStream:75 - [STDERR_REDIRECT] 
2025-08-23 14:37:22,672 [ERROR] LogOutputStream:75 - [STDERR_REDIRECT] [Fatal Error] :1:1: Premature end of file.
2025-08-23 14:37:22,672 [ERROR] LogOutputStream:75 - [STDERR_REDIRECT] 
2025-08-23 14:37:22,690 [ERROR] LogOutputStream:75 - [STDERR_REDIRECT] [Fatal Error] :1:1: Premature end of file.
2025-08-23 14:37:22,690 [ERROR] LogOutputStream:75 - [STDERR_REDIRECT] 
2025-08-23 14:37:22,706 [ERROR] LogOutputStream:75 - [STDERR_REDIRECT] [Fatal Error] :1:1: Premature end of file.
2025-08-23 14:37:22,706 [ERROR] LogOutputStream:75 - [STDERR_REDIRECT] 
2025-08-23 14:37:22,723 [ERROR] LogOutputStream:75 - [STDERR_REDIRECT] [Fatal Error] :1:1: Premature end of file.
2025-08-23 14:37:22,723 [ERROR] LogOutputStream:75 - [STDERR_REDIRECT] 
2025-08-23 14:37:22,741 [ERROR] LogOutputStream:75 - [STDERR_REDIRECT] [Fatal Error] :1:1: Premature end of file.
2025-08-23 14:37:22,741 [ERROR] LogOutputStream:75 - [STDERR_REDIRECT] 
2025-08-23 14:37:22,756 [ERROR] LogOutputStream:75 - [STDERR_REDIRECT] [Fatal Error] :1:1: Premature end of file.
2025-08-23 14:37:22,757 [ERROR] LogOutputStream:75 - [STDERR_REDIRECT] 
2025-08-23 14:37:22,771 [ERROR] LogOutputStream:75 - [STDERR_REDIRECT] [Fatal Error] :1:1: Premature end of file.
2025-08-23 14:37:22,771 [ERROR] LogOutputStream:75 - [STDERR_REDIRECT] 
2025-08-23 14:37:22,785 [ERROR] LogOutputStream:75 - [STDERR_REDIRECT] [Fatal Error] :1:1: Premature end of file.
2025-08-23 14:37:22,785 [ERROR] LogOutputStream:75 - [STDERR_REDIRECT] 
2025-08-23 14:37:22,799 [ERROR] LogOutputStream:75 - [STDERR_REDIRECT] [Fatal Error] :1:1: Premature end of file.
2025-08-23 14:37:22,799 [ERROR] LogOutputStream:75 - [STDERR_REDIRECT] 
2025-08-23 14:37:22,815 [ERROR] LogOutputStream:75 - [STDERR_REDIRECT] [Fatal Error] :1:1: Premature end of file.
2025-08-23 14:37:22,815 [ERROR] LogOutputStream:75 - [STDERR_REDIRECT] 
2025-08-23 14:37:22,829 [ERROR] LogOutputStream:75 - [STDERR_REDIRECT] [Fatal Error] :1:1: Premature end of file.
2025-08-23 14:37:22,829 [ERROR] LogOutputStream:75 - [STDERR_REDIRECT] 
2025-08-23 14:37:22,845 [ERROR] LogOutputStream:75 - [STDERR_REDIRECT] [Fatal Error] :1:1: Premature end of file.
2025-08-23 14:37:22,845 [ERROR] LogOutputStream:75 - [STDERR_REDIRECT] 
2025-08-23 14:37:22,860 [ERROR] LogOutputStream:75 - [STDERR_REDIRECT] [Fatal Error] :1:1: Premature end of file.
2025-08-23 14:37:22,860 [ERROR] LogOutputStream:75 - [STDERR_REDIRECT] 
2025-08-23 14:37:22,876 [ERROR] LogOutputStream:75 - [STDERR_REDIRECT] [Fatal Error] :1:1: Premature end of file.
2025-08-23 14:37:22,876 [ERROR] LogOutputStream:75 - [STDERR_REDIRECT] 
2025-08-23 14:37:22,890 [ERROR] LogOutputStream:75 - [STDERR_REDIRECT] [Fatal Error] :1:1: Premature end of file.
2025-08-23 14:37:22,890 [ERROR] LogOutputStream:75 - [STDERR_REDIRECT] 
2025-08-23 14:37:22,906 [ERROR] LogOutputStream:75 - [STDERR_REDIRECT] [Fatal Error] :1:1: Premature end of file.
2025-08-23 14:37:22,907 [ERROR] LogOutputStream:75 - [STDERR_REDIRECT] 
2025-08-23 14:37:22,922 [ERROR] LogOutputStream:75 - [STDERR_REDIRECT] [Fatal Error] :1:1: Premature end of file.
2025-08-23 14:37:22,923 [ERROR] LogOutputStream:75 - [STDERR_REDIRECT] 
2025-08-23 14:37:22,939 [ERROR] LogOutputStream:75 - [STDERR_REDIRECT] [Fatal Error] :1:1: Premature end of file.
2025-08-23 14:37:22,939 [ERROR] LogOutputStream:75 - [STDERR_REDIRECT] 
2025-08-23 14:37:22,957 [ERROR] LogOutputStream:75 - [STDERR_REDIRECT] [Fatal Error] :1:1: Premature end of file.
2025-08-23 14:37:22,957 [ERROR] LogOutputStream:75 - [STDERR_REDIRECT] 
2025-08-23 14:37:22,972 [ERROR] LogOutputStream:75 - [STDERR_REDIRECT] [Fatal Error] :1:1: Premature end of file.
2025-08-23 14:37:22,972 [ERROR] LogOutputStream:75 - [STDERR_REDIRECT] 
2025-08-23 14:37:22,989 [ERROR] LogOutputStream:75 - [STDERR_REDIRECT] [Fatal Error] :1:1: Premature end of file.
2025-08-23 14:37:22,989 [ERROR] LogOutputStream:75 - [STDERR_REDIRECT] 
2025-08-23 14:37:23,005 [ERROR] LogOutputStream:75 - [STDERR_REDIRECT] [Fatal Error] :1:1: Premature end of file.
2025-08-23 14:37:23,005 [ERROR] LogOutputStream:75 - [STDERR_REDIRECT] 
2025-08-23 14:37:23,022 [ERROR] LogOutputStream:75 - [STDERR_REDIRECT] [Fatal Error] :1:1: Premature end of file.
2025-08-23 14:37:23,022 [ERROR] LogOutputStream:75 - [STDERR_REDIRECT] 
2025-08-23 14:37:23,037 [ERROR] LogOutputStream:75 - [STDERR_REDIRECT] [Fatal Error] :1:1: Premature end of file.
2025-08-23 14:37:23,038 [ERROR] LogOutputStream:75 - [STDERR_REDIRECT] 
2025-08-23 14:37:23,055 [ERROR] LogOutputStream:75 - [STDERR_REDIRECT] [Fatal Error] :1:1: Premature end of file.
2025-08-23 14:37:23,055 [ERROR] LogOutputStream:75 - [STDERR_REDIRECT] 
2025-08-23 14:37:23,071 [ERROR] LogOutputStream:75 - [STDERR_REDIRECT] [Fatal Error] :1:1: Premature end of file.
2025-08-23 14:37:23,071 [ERROR] LogOutputStream:75 - [STDERR_REDIRECT] 
2025-08-23 14:37:23,087 [ERROR] LogOutputStream:75 - [STDERR_REDIRECT] [Fatal Error] :1:1: Premature end of file.
2025-08-23 14:37:23,087 [ERROR] LogOutputStream:75 - [STDERR_REDIRECT] 
2025-08-23 14:37:23,104 [ERROR] LogOutputStream:75 - [STDERR_REDIRECT] [Fatal Error] :1:1: Premature end of file.
2025-08-23 14:37:23,104 [ERROR] LogOutputStream:75 - [STDERR_REDIRECT] 
2025-08-23 14:37:23,120 [ERROR] LogOutputStream:75 - [STDERR_REDIRECT] [Fatal Error] :1:1: Premature end of file.
2025-08-23 14:37:23,120 [ERROR] LogOutputStream:75 - [STDERR_REDIRECT] 
2025-08-23 14:37:23,135 [ERROR] LogOutputStream:75 - [STDERR_REDIRECT] [Fatal Error] :1:1: Premature end of file.
2025-08-23 14:37:23,135 [ERROR] LogOutputStream:75 - [STDERR_REDIRECT] 
2025-08-23 14:37:23,150 [ERROR] LogOutputStream:75 - [STDERR_REDIRECT] [Fatal Error] :1:1: Premature end of file.
2025-08-23 14:37:23,150 [ERROR] LogOutputStream:75 - [STDERR_REDIRECT] 
2025-08-23 14:37:23,166 [ERROR] LogOutputStream:75 - [STDERR_REDIRECT] [Fatal Error] :1:1: Premature end of file.
2025-08-23 14:37:23,166 [ERROR] LogOutputStream:75 - [STDERR_REDIRECT] 
2025-08-23 14:37:23,183 [ERROR] LogOutputStream:75 - [STDERR_REDIRECT] [Fatal Error] :1:1: Premature end of file.
2025-08-23 14:37:23,183 [ERROR] LogOutputStream:75 - [STDERR_REDIRECT] 
2025-08-23 14:37:23,199 [ERROR] LogOutputStream:75 - [STDERR_REDIRECT] [Fatal Error] :1:1: Premature end of file.
2025-08-23 14:37:23,199 [ERROR] LogOutputStream:75 - [STDERR_REDIRECT] 
2025-08-23 14:37:23,215 [ERROR] LogOutputStream:75 - [STDERR_REDIRECT] [Fatal Error] :1:1: Premature end of file.
2025-08-23 14:37:23,215 [ERROR] LogOutputStream:75 - [STDERR_REDIRECT] 
2025-08-23 14:37:23,232 [ERROR] LogOutputStream:75 - [STDERR_REDIRECT] [Fatal Error] :1:1: Premature end of file.
2025-08-23 14:37:23,232 [ERROR] LogOutputStream:75 - [STDERR_REDIRECT] 
2025-08-23 14:37:23,249 [ERROR] LogOutputStream:75 - [STDERR_REDIRECT] [Fatal Error] :1:1: Premature end of file.
2025-08-23 14:37:23,249 [ERROR] LogOutputStream:75 - [STDERR_REDIRECT] 
2025-08-23 14:37:23,265 [ERROR] LogOutputStream:75 - [STDERR_REDIRECT] [Fatal Error] :1:1: Premature end of file.
2025-08-23 14:37:23,265 [ERROR] LogOutputStream:75 - [STDERR_REDIRECT] 
2025-08-23 14:37:23,281 [ERROR] LogOutputStream:75 - [STDERR_REDIRECT] [Fatal Error] :1:1: Premature end of file.
2025-08-23 14:37:23,282 [ERROR] LogOutputStream:75 - [STDERR_REDIRECT] 
2025-08-23 14:37:23,298 [ERROR] LogOutputStream:75 - [STDERR_REDIRECT] [Fatal Error] :1:1: Premature end of file.
2025-08-23 14:37:23,298 [ERROR] LogOutputStream:75 - [STDERR_REDIRECT] 
2025-08-23 14:37:23,317 [ERROR] LogOutputStream:75 - [STDERR_REDIRECT] [Fatal Error] :1:1: Premature end of file.
2025-08-23 14:37:23,318 [ERROR] LogOutputStream:75 - [STDERR_REDIRECT] 
2025-08-23 14:37:23,338 [ERROR] LogOutputStream:75 - [STDERR_REDIRECT] [Fatal Error] :1:1: Premature end of file.
2025-08-23 14:37:23,338 [ERROR] LogOutputStream:75 - [STDERR_REDIRECT] 
2025-08-23 14:37:23,356 [ERROR] LogOutputStream:75 - [STDERR_REDIRECT] [Fatal Error] :1:1: Premature end of file.
2025-08-23 14:37:23,356 [ERROR] LogOutputStream:75 - [STDERR_REDIRECT] 
2025-08-23 14:37:23,375 [ERROR] LogOutputStream:75 - [STDERR_REDIRECT] [Fatal Error] :1:1: Premature end of file.
2025-08-23 14:37:23,375 [ERROR] LogOutputStream:75 - [STDERR_REDIRECT] 
2025-08-23 14:37:23,392 [ERROR] LogOutputStream:75 - [STDERR_REDIRECT] [Fatal Error] :1:1: Premature end of file.
2025-08-23 14:37:23,392 [ERROR] LogOutputStream:75 - [STDERR_REDIRECT] 
2025-08-23 14:37:23,409 [ERROR] LogOutputStream:75 - [STDERR_REDIRECT] [Fatal Error] :1:1: Premature end of file.
2025-08-23 14:37:23,409 [ERROR] LogOutputStream:75 - [STDERR_REDIRECT] 
2025-08-23 14:37:23,425 [ERROR] LogOutputStream:75 - [STDERR_REDIRECT] [Fatal Error] :1:1: Premature end of file.
2025-08-23 14:37:23,425 [ERROR] LogOutputStream:75 - [STDERR_REDIRECT] 
2025-08-23 14:37:23,442 [ERROR] LogOutputStream:75 - [STDERR_REDIRECT] [Fatal Error] :1:1: Premature end of file.
2025-08-23 14:37:23,442 [ERROR] LogOutputStream:75 - [STDERR_REDIRECT] 
2025-08-23 14:37:23,459 [ERROR] LogOutputStream:75 - [STDERR_REDIRECT] [Fatal Error] :1:1: Premature end of file.
2025-08-23 14:37:23,459 [ERROR] LogOutputStream:75 - [STDERR_REDIRECT] 
2025-08-23 14:37:23,475 [ERROR] LogOutputStream:75 - [STDERR_REDIRECT] [Fatal Error] :1:1: Premature end of file.
2025-08-23 14:37:23,475 [ERROR] LogOutputStream:75 - [STDERR_REDIRECT] 
2025-08-23 14:37:23,491 [ERROR] LogOutputStream:75 - [STDERR_REDIRECT] [Fatal Error] :1:1: Premature end of file.
2025-08-23 14:37:23,491 [ERROR] LogOutputStream:75 - [STDERR_REDIRECT] 
2025-08-23 14:37:23,508 [ERROR] LogOutputStream:75 - [STDERR_REDIRECT] [Fatal Error] :1:1: Premature end of file.
2025-08-23 14:37:23,508 [ERROR] LogOutputStream:75 - [STDERR_REDIRECT] 
2025-08-23 14:37:23,525 [ERROR] LogOutputStream:75 - [STDERR_REDIRECT] [Fatal Error] :1:1: Premature end of file.
2025-08-23 14:37:23,525 [ERROR] LogOutputStream:75 - [STDERR_REDIRECT] 
2025-08-23 14:37:23,540 [ERROR] LogOutputStream:75 - [STDERR_REDIRECT] [Fatal Error] :1:1: Premature end of file.
2025-08-23 14:37:23,540 [ERROR] LogOutputStream:75 - [STDERR_REDIRECT] 
2025-08-23 14:37:23,554 [ERROR] LogOutputStream:75 - [STDERR_REDIRECT] [Fatal Error] :1:1: Premature end of file.
2025-08-23 14:37:23,554 [ERROR] LogOutputStream:75 - [STDERR_REDIRECT] 
2025-08-23 14:37:23,569 [ERROR] LogOutputStream:75 - [STDERR_REDIRECT] [Fatal Error] :1:1: Premature end of file.
2025-08-23 14:37:23,569 [ERROR] LogOutputStream:75 - [STDERR_REDIRECT] 
2025-08-23 14:37:23,584 [ERROR] LogOutputStream:75 - [STDERR_REDIRECT] [Fatal Error] :1:1: Premature end of file.
2025-08-23 14:37:23,584 [ERROR] LogOutputStream:75 - [STDERR_REDIRECT] 
2025-08-23 14:37:23,600 [ERROR] LogOutputStream:75 - [STDERR_REDIRECT] [Fatal Error] :1:1: Premature end of file.
2025-08-23 14:37:23,600 [ERROR] LogOutputStream:75 - [STDERR_REDIRECT] 
2025-08-23 14:37:23,617 [ERROR] LogOutputStream:75 - [STDERR_REDIRECT] [Fatal Error] :1:1: Premature end of file.
2025-08-23 14:37:23,617 [ERROR] LogOutputStream:75 - [STDERR_REDIRECT] 
2025-08-23 14:37:23,633 [ERROR] LogOutputStream:75 - [STDERR_REDIRECT] [Fatal Error] :1:1: Premature end of file.
2025-08-23 14:37:23,633 [ERROR] LogOutputStream:75 - [STDERR_REDIRECT] 
2025-08-23 14:37:23,647 [ERROR] LogOutputStream:75 - [STDERR_REDIRECT] [Fatal Error] :1:1: Premature end of file.
2025-08-23 14:37:23,647 [ERROR] LogOutputStream:75 - [STDERR_REDIRECT] 
2025-08-23 14:37:23,662 [ERROR] LogOutputStream:75 - [STDERR_REDIRECT] [Fatal Error] :1:1: Premature end of file.
2025-08-23 14:37:23,662 [ERROR] LogOutputStream:75 - [STDERR_REDIRECT] 
2025-08-23 14:37:23,677 [ERROR] LogOutputStream:75 - [STDERR_REDIRECT] [Fatal Error] :1:1: Premature end of file.
2025-08-23 14:37:23,677 [ERROR] LogOutputStream:75 - [STDERR_REDIRECT] 
2025-08-23 14:37:23,692 [ERROR] LogOutputStream:75 - [STDERR_REDIRECT] [Fatal Error] :1:1: Premature end of file.
2025-08-23 14:37:23,692 [ERROR] LogOutputStream:75 - [STDERR_REDIRECT] 
2025-08-23 14:37:23,706 [ERROR] LogOutputStream:75 - [STDERR_REDIRECT] [Fatal Error] :1:1: Premature end of file.
2025-08-23 14:37:23,706 [ERROR] LogOutputStream:75 - [STDERR_REDIRECT] 
2025-08-23 14:37:23,723 [ERROR] LogOutputStream:75 - [STDERR_REDIRECT] [Fatal Error] :1:1: Premature end of file.
2025-08-23 14:37:23,723 [ERROR] LogOutputStream:75 - [STDERR_REDIRECT] 
2025-08-23 14:37:23,738 [ERROR] LogOutputStream:75 - [STDERR_REDIRECT] [Fatal Error] :1:1: Premature end of file.
2025-08-23 14:37:23,738 [ERROR] LogOutputStream:75 - [STDERR_REDIRECT] 
2025-08-23 14:37:23,754 [ERROR] LogOutputStream:75 - [STDERR_REDIRECT] [Fatal Error] :1:1: Premature end of file.
2025-08-23 14:37:23,754 [ERROR] LogOutputStream:75 - [STDERR_REDIRECT] 
2025-08-23 14:37:23,768 [ERROR] LogOutputStream:75 - [STDERR_REDIRECT] [Fatal Error] :1:1: Premature end of file.
2025-08-23 14:37:23,768 [ERROR] LogOutputStream:75 - [STDERR_REDIRECT] 
2025-08-23 14:37:23,784 [ERROR] LogOutputStream:75 - [STDERR_REDIRECT] [Fatal Error] :1:1: Premature end of file.
2025-08-23 14:37:23,784 [ERROR] LogOutputStream:75 - [STDERR_REDIRECT] 
2025-08-23 14:37:23,799 [ERROR] LogOutputStream:75 - [STDERR_REDIRECT] [Fatal Error] :1:1: Premature end of file.
2025-08-23 14:37:23,799 [ERROR] LogOutputStream:75 - [STDERR_REDIRECT] 
2025-08-23 14:37:23,814 [ERROR] LogOutputStream:75 - [STDERR_REDIRECT] [Fatal Error] :1:1: Premature end of file.
2025-08-23 14:37:23,814 [ERROR] LogOutputStream:75 - [STDERR_REDIRECT] 
2025-08-23 14:37:23,828 [ERROR] LogOutputStream:75 - [STDERR_REDIRECT] [Fatal Error] :1:1: Premature end of file.
2025-08-23 14:37:23,830 [ERROR] LogOutputStream:75 - [STDERR_REDIRECT] 
2025-08-23 14:37:23,844 [ERROR] LogOutputStream:75 - [STDERR_REDIRECT] [Fatal Error] :1:1: Premature end of file.
2025-08-23 14:37:23,844 [ERROR] LogOutputStream:75 - [STDERR_REDIRECT] 
2025-08-23 14:37:23,859 [ERROR] LogOutputStream:75 - [STDERR_REDIRECT] [Fatal Error] :1:1: Premature end of file.
2025-08-23 14:37:23,859 [ERROR] LogOutputStream:75 - [STDERR_REDIRECT] 
2025-08-23 14:37:23,873 [ERROR] LogOutputStream:75 - [STDERR_REDIRECT] [Fatal Error] :1:1: Premature end of file.
2025-08-23 14:37:23,873 [ERROR] LogOutputStream:75 - [STDERR_REDIRECT] 
2025-08-23 14:37:23,888 [ERROR] LogOutputStream:75 - [STDERR_REDIRECT] [Fatal Error] :1:1: Premature end of file.
2025-08-23 14:37:23,888 [ERROR] LogOutputStream:75 - [STDERR_REDIRECT] 
2025-08-23 14:37:23,903 [ERROR] LogOutputStream:75 - [STDERR_REDIRECT] [Fatal Error] :1:1: Premature end of file.
2025-08-23 14:37:23,903 [ERROR] LogOutputStream:75 - [STDERR_REDIRECT] 
2025-08-23 14:37:23,918 [ERROR] LogOutputStream:75 - [STDERR_REDIRECT] [Fatal Error] :1:1: Premature end of file.
2025-08-23 14:37:23,919 [ERROR] LogOutputStream:75 - [STDERR_REDIRECT] 
2025-08-23 14:37:23,934 [ERROR] LogOutputStream:75 - [STDERR_REDIRECT] [Fatal Error] :1:1: Premature end of file.
2025-08-23 14:37:23,934 [ERROR] LogOutputStream:75 - [STDERR_REDIRECT] 
2025-08-23 14:37:23,948 [ERROR] LogOutputStream:75 - [STDERR_REDIRECT] [Fatal Error] :1:1: Premature end of file.
2025-08-23 14:37:23,948 [ERROR] LogOutputStream:75 - [STDERR_REDIRECT] 
2025-08-23 14:37:23,964 [ERROR] LogOutputStream:75 - [STDERR_REDIRECT] [Fatal Error] :1:1: Premature end of file.
2025-08-23 14:37:23,964 [ERROR] LogOutputStream:75 - [STDERR_REDIRECT] 
2025-08-23 14:37:23,979 [ERROR] LogOutputStream:75 - [STDERR_REDIRECT] [Fatal Error] :1:1: Premature end of file.
2025-08-23 14:37:23,979 [ERROR] LogOutputStream:75 - [STDERR_REDIRECT] 
2025-08-23 14:37:23,994 [ERROR] LogOutputStream:75 - [STDERR_REDIRECT] [Fatal Error] :1:1: Premature end of file.
2025-08-23 14:37:23,994 [ERROR] LogOutputStream:75 - [STDERR_REDIRECT] 
2025-08-23 14:37:24,009 [ERROR] LogOutputStream:75 - [STDERR_REDIRECT] [Fatal Error] :1:1: Premature end of file.
2025-08-23 14:37:24,009 [ERROR] LogOutputStream:75 - [STDERR_REDIRECT] 
2025-08-23 14:37:24,023 [ERROR] LogOutputStream:75 - [STDERR_REDIRECT] [Fatal Error] :1:1: Premature end of file.
2025-08-23 14:37:24,023 [ERROR] LogOutputStream:75 - [STDERR_REDIRECT] 
2025-08-23 14:37:24,039 [ERROR] LogOutputStream:75 - [STDERR_REDIRECT] [Fatal Error] :1:1: Premature end of file.
2025-08-23 14:37:24,039 [ERROR] LogOutputStream:75 - [STDERR_REDIRECT] 
2025-08-23 14:37:24,053 [ERROR] LogOutputStream:75 - [STDERR_REDIRECT] [Fatal Error] :1:1: Premature end of file.
2025-08-23 14:37:24,054 [ERROR] LogOutputStream:75 - [STDERR_REDIRECT] 
2025-08-23 14:37:24,069 [ERROR] LogOutputStream:75 - [STDERR_REDIRECT] [Fatal Error] :1:1: Premature end of file.
2025-08-23 14:37:24,069 [ERROR] LogOutputStream:75 - [STDERR_REDIRECT] 
2025-08-23 14:37:24,083 [ERROR] LogOutputStream:75 - [STDERR_REDIRECT] [Fatal Error] :1:1: Premature end of file.
2025-08-23 14:37:24,083 [ERROR] LogOutputStream:75 - [STDERR_REDIRECT] 
2025-08-23 14:37:24,098 [ERROR] LogOutputStream:75 - [STDERR_REDIRECT] [Fatal Error] :1:1: Premature end of file.
2025-08-23 14:37:24,098 [ERROR] LogOutputStream:75 - [STDERR_REDIRECT] 
2025-08-23 14:37:24,112 [ERROR] LogOutputStream:75 - [STDERR_REDIRECT] [Fatal Error] :1:1: Premature end of file.
2025-08-23 14:37:24,112 [ERROR] LogOutputStream:75 - [STDERR_REDIRECT] 
2025-08-23 14:37:24,127 [ERROR] LogOutputStream:75 - [STDERR_REDIRECT] [Fatal Error] :1:1: Premature end of file.
2025-08-23 14:37:24,127 [ERROR] LogOutputStream:75 - [STDERR_REDIRECT] 
2025-08-23 14:37:24,141 [ERROR] LogOutputStream:75 - [STDERR_REDIRECT] [Fatal Error] :1:1: Premature end of file.
2025-08-23 14:37:24,141 [ERROR] LogOutputStream:75 - [STDERR_REDIRECT] 
2025-08-23 14:37:24,156 [ERROR] LogOutputStream:75 - [STDERR_REDIRECT] [Fatal Error] :1:1: Premature end of file.
2025-08-23 14:37:24,156 [ERROR] LogOutputStream:75 - [STDERR_REDIRECT] 
2025-08-23 14:37:24,171 [ERROR] LogOutputStream:75 - [STDERR_REDIRECT] [Fatal Error] :1:1: Premature end of file.
2025-08-23 14:37:24,171 [ERROR] LogOutputStream:75 - [STDERR_REDIRECT] 
2025-08-23 14:37:24,186 [ERROR] LogOutputStream:75 - [STDERR_REDIRECT] [Fatal Error] :1:1: Premature end of file.
2025-08-23 14:37:24,186 [ERROR] LogOutputStream:75 - [STDERR_REDIRECT] 
2025-08-23 14:37:24,201 [ERROR] LogOutputStream:75 - [STDERR_REDIRECT] [Fatal Error] :1:1: Premature end of file.
2025-08-23 14:37:24,201 [ERROR] LogOutputStream:75 - [STDERR_REDIRECT] 
2025-08-23 14:37:24,216 [ERROR] LogOutputStream:75 - [STDERR_REDIRECT] [Fatal Error] :1:1: Premature end of file.
2025-08-23 14:37:24,216 [ERROR] LogOutputStream:75 - [STDERR_REDIRECT] 
2025-08-23 14:37:24,230 [ERROR] LogOutputStream:75 - [STDERR_REDIRECT] [Fatal Error] :1:1: Premature end of file.
2025-08-23 14:37:24,230 [ERROR] LogOutputStream:75 - [STDERR_REDIRECT] 
2025-08-23 14:37:24,246 [ERROR] LogOutputStream:75 - [STDERR_REDIRECT] [Fatal Error] :1:1: Premature end of file.
2025-08-23 14:37:24,246 [ERROR] LogOutputStream:75 - [STDERR_REDIRECT] 
2025-08-23 14:37:24,262 [ERROR] LogOutputStream:75 - [STDERR_REDIRECT] [Fatal Error] :1:1: Premature end of file.
2025-08-23 14:37:24,262 [ERROR] LogOutputStream:75 - [STDERR_REDIRECT] 
2025-08-23 14:37:24,275 [ERROR] LogOutputStream:75 - [STDERR_REDIRECT] [Fatal Error] :1:1: Premature end of file.
2025-08-23 14:37:24,276 [ERROR] LogOutputStream:75 - [STDERR_REDIRECT] 
2025-08-23 14:37:24,291 [ERROR] LogOutputStream:75 - [STDERR_REDIRECT] [Fatal Error] :1:1: Premature end of file.
2025-08-23 14:37:24,291 [ERROR] LogOutputStream:75 - [STDERR_REDIRECT] 
2025-08-23 14:37:24,306 [ERROR] LogOutputStream:75 - [STDERR_REDIRECT] [Fatal Error] :1:1: Premature end of file.
2025-08-23 14:37:24,306 [ERROR] LogOutputStream:75 - [STDERR_REDIRECT] 
2025-08-23 14:37:24,321 [ERROR] LogOutputStream:75 - [STDERR_REDIRECT] [Fatal Error] :1:1: Premature end of file.
2025-08-23 14:37:24,321 [ERROR] LogOutputStream:75 - [STDERR_REDIRECT] 
2025-08-23 14:37:24,336 [ERROR] LogOutputStream:75 - [STDERR_REDIRECT] [Fatal Error] :1:1: Premature end of file.
2025-08-23 14:37:24,336 [ERROR] LogOutputStream:75 - [STDERR_REDIRECT] 
2025-08-23 14:37:24,350 [ERROR] LogOutputStream:75 - [STDERR_REDIRECT] [Fatal Error] :1:1: Premature end of file.
2025-08-23 14:37:24,350 [ERROR] LogOutputStream:75 - [STDERR_REDIRECT] 
2025-08-23 14:37:24,366 [ERROR] LogOutputStream:75 - [STDERR_REDIRECT] [Fatal Error] :1:1: Premature end of file.
2025-08-23 14:37:24,366 [ERROR] LogOutputStream:75 - [STDERR_REDIRECT] 
2025-08-23 14:37:24,381 [ERROR] LogOutputStream:75 - [STDERR_REDIRECT] [Fatal Error] :1:1: Premature end of file.
2025-08-23 14:37:24,382 [ERROR] LogOutputStream:75 - [STDERR_REDIRECT] 
2025-08-23 14:37:24,397 [ERROR] LogOutputStream:75 - [STDERR_REDIRECT] [Fatal Error] :1:1: Premature end of file.
2025-08-23 14:37:24,397 [ERROR] LogOutputStream:75 - [STDERR_REDIRECT] 
2025-08-23 14:37:24,411 [ERROR] LogOutputStream:75 - [STDERR_REDIRECT] [Fatal Error] :1:1: Premature end of file.
2025-08-23 14:37:24,411 [ERROR] LogOutputStream:75 - [STDERR_REDIRECT] 
2025-08-23 14:37:24,426 [ERROR] LogOutputStream:75 - [STDERR_REDIRECT] [Fatal Error] :1:1: Premature end of file.
2025-08-23 14:37:24,426 [ERROR] LogOutputStream:75 - [STDERR_REDIRECT] 
2025-08-23 14:37:24,441 [ERROR] LogOutputStream:75 - [STDERR_REDIRECT] [Fatal Error] :1:1: Premature end of file.
2025-08-23 14:37:24,442 [ERROR] LogOutputStream:75 - [STDERR_REDIRECT] 
2025-08-23 14:37:24,456 [ERROR] LogOutputStream:75 - [STDERR_REDIRECT] [Fatal Error] :1:1: Premature end of file.
2025-08-23 14:37:24,456 [ERROR] LogOutputStream:75 - [STDERR_REDIRECT] 
2025-08-23 14:37:24,470 [ERROR] LogOutputStream:75 - [STDERR_REDIRECT] [Fatal Error] :1:1: Premature end of file.
2025-08-23 14:37:24,471 [ERROR] LogOutputStream:75 - [STDERR_REDIRECT] 
2025-08-23 14:37:24,485 [ERROR] LogOutputStream:75 - [STDERR_REDIRECT] [Fatal Error] :1:1: Premature end of file.
2025-08-23 14:37:24,485 [ERROR] LogOutputStream:75 - [STDERR_REDIRECT] 
2025-08-23 14:37:24,500 [ERROR] LogOutputStream:75 - [STDERR_REDIRECT] [Fatal Error] :1:1: Premature end of file.
2025-08-23 14:37:24,500 [ERROR] LogOutputStream:75 - [STDERR_REDIRECT] 
2025-08-23 14:37:24,515 [ERROR] LogOutputStream:75 - [STDERR_REDIRECT] [Fatal Error] :1:1: Premature end of file.
2025-08-23 14:37:24,515 [ERROR] LogOutputStream:75 - [STDERR_REDIRECT] 
2025-08-23 14:37:24,529 [ERROR] LogOutputStream:75 - [STDERR_REDIRECT] [Fatal Error] :1:1: Premature end of file.
2025-08-23 14:37:24,529 [ERROR] LogOutputStream:75 - [STDERR_REDIRECT] 
2025-08-23 14:37:24,544 [ERROR] LogOutputStream:75 - [STDERR_REDIRECT] [Fatal Error] :1:1: Premature end of file.
2025-08-23 14:37:24,544 [ERROR] LogOutputStream:75 - [STDERR_REDIRECT] 
2025-08-23 14:37:24,558 [ERROR] LogOutputStream:75 - [STDERR_REDIRECT] [Fatal Error] :1:1: Premature end of file.
2025-08-23 14:37:24,558 [ERROR] LogOutputStream:75 - [STDERR_REDIRECT] 
2025-08-23 14:37:24,573 [ERROR] LogOutputStream:75 - [STDERR_REDIRECT] [Fatal Error] :1:1: Premature end of file.
2025-08-23 14:37:24,573 [ERROR] LogOutputStream:75 - [STDERR_REDIRECT] 
2025-08-23 14:37:24,586 [ERROR] LogOutputStream:75 - [STDERR_REDIRECT] [Fatal Error] :1:1: Premature end of file.
2025-08-23 14:37:24,586 [ERROR] LogOutputStream:75 - [STDERR_REDIRECT] 
2025-08-23 14:37:24,601 [ERROR] LogOutputStream:75 - [STDERR_REDIRECT] [Fatal Error] :1:1: Premature end of file.
2025-08-23 14:37:24,601 [ERROR] LogOutputStream:75 - [STDERR_REDIRECT] 
2025-08-23 14:37:24,616 [ERROR] LogOutputStream:75 - [STDERR_REDIRECT] [Fatal Error] :1:1: Premature end of file.
2025-08-23 14:37:24,616 [ERROR] LogOutputStream:75 - [STDERR_REDIRECT] 
2025-08-23 14:37:24,630 [ERROR] LogOutputStream:75 - [STDERR_REDIRECT] [Fatal Error] :1:1: Premature end of file.
2025-08-23 14:37:24,630 [ERROR] LogOutputStream:75 - [STDERR_REDIRECT] 
2025-08-23 14:37:24,644 [ERROR] LogOutputStream:75 - [STDERR_REDIRECT] [Fatal Error] :1:1: Premature end of file.
2025-08-23 14:37:24,644 [ERROR] LogOutputStream:75 - [STDERR_REDIRECT] 
2025-08-23 14:37:24,659 [ERROR] LogOutputStream:75 - [STDERR_REDIRECT] [Fatal Error] :1:1: Premature end of file.
2025-08-23 14:37:24,659 [ERROR] LogOutputStream:75 - [STDERR_REDIRECT] 
2025-08-23 14:37:24,673 [ERROR] LogOutputStream:75 - [STDERR_REDIRECT] [Fatal Error] :1:1: Premature end of file.
2025-08-23 14:37:24,673 [ERROR] LogOutputStream:75 - [STDERR_REDIRECT] 
2025-08-23 14:37:24,688 [ERROR] LogOutputStream:75 - [STDERR_REDIRECT] [Fatal Error] :1:1: Premature end of file.
2025-08-23 14:37:24,688 [ERROR] LogOutputStream:75 - [STDERR_REDIRECT] 
2025-08-23 14:37:24,702 [ERROR] LogOutputStream:75 - [STDERR_REDIRECT] [Fatal Error] :1:1: Premature end of file.
2025-08-23 14:37:24,702 [ERROR] LogOutputStream:75 - [STDERR_REDIRECT] 
2025-08-23 14:37:24,716 [ERROR] LogOutputStream:75 - [STDERR_REDIRECT] [Fatal Error] :1:1: Premature end of file.
2025-08-23 14:37:24,716 [ERROR] LogOutputStream:75 - [STDERR_REDIRECT] 
2025-08-23 14:37:24,731 [ERROR] LogOutputStream:75 - [STDERR_REDIRECT] [Fatal Error] :1:1: Premature end of file.
2025-08-23 14:37:24,731 [ERROR] LogOutputStream:75 - [STDERR_REDIRECT] 
2025-08-23 14:37:24,746 [ERROR] LogOutputStream:75 - [STDERR_REDIRECT] [Fatal Error] :1:1: Premature end of file.
2025-08-23 14:37:24,746 [ERROR] LogOutputStream:75 - [STDERR_REDIRECT] 
2025-08-23 14:37:24,760 [ERROR] LogOutputStream:75 - [STDERR_REDIRECT] [Fatal Error] :1:1: Premature end of file.
2025-08-23 14:37:24,760 [ERROR] LogOutputStream:75 - [STDERR_REDIRECT] 
2025-08-23 14:37:24,774 [ERROR] LogOutputStream:75 - [STDERR_REDIRECT] [Fatal Error] :1:1: Premature end of file.
2025-08-23 14:37:24,774 [ERROR] LogOutputStream:75 - [STDERR_REDIRECT] 
2025-08-23 14:37:24,789 [ERROR] LogOutputStream:75 - [STDERR_REDIRECT] [Fatal Error] :1:1: Premature end of file.
2025-08-23 14:37:24,789 [ERROR] LogOutputStream:75 - [STDERR_REDIRECT] 
2025-08-23 14:37:24,803 [ERROR] LogOutputStream:75 - [STDERR_REDIRECT] [Fatal Error] :1:1: Premature end of file.
2025-08-23 14:37:24,803 [ERROR] LogOutputStream:75 - [STDERR_REDIRECT] 
2025-08-23 14:37:24,817 [ERROR] LogOutputStream:75 - [STDERR_REDIRECT] [Fatal Error] :1:1: Premature end of file.
2025-08-23 14:37:24,817 [ERROR] LogOutputStream:75 - [STDERR_REDIRECT] 
2025-08-23 14:37:24,831 [ERROR] LogOutputStream:75 - [STDERR_REDIRECT] [Fatal Error] :1:1: Premature end of file.
2025-08-23 14:37:24,831 [ERROR] LogOutputStream:75 - [STDERR_REDIRECT] 
2025-08-23 14:37:24,845 [ERROR] LogOutputStream:75 - [STDERR_REDIRECT] [Fatal Error] :1:1: Premature end of file.
2025-08-23 14:37:24,845 [ERROR] LogOutputStream:75 - [STDERR_REDIRECT] 
2025-08-23 14:37:24,860 [ERROR] LogOutputStream:75 - [STDERR_REDIRECT] [Fatal Error] :1:1: Premature end of file.
2025-08-23 14:37:24,860 [ERROR] LogOutputStream:75 - [STDERR_REDIRECT] 
2025-08-23 14:37:24,875 [ERROR] LogOutputStream:75 - [STDERR_REDIRECT] [Fatal Error] :1:1: Premature end of file.
2025-08-23 14:37:24,875 [ERROR] LogOutputStream:75 - [STDERR_REDIRECT] 
2025-08-23 14:37:24,889 [ERROR] LogOutputStream:75 - [STDERR_REDIRECT] [Fatal Error] :1:1: Premature end of file.
2025-08-23 14:37:24,889 [ERROR] LogOutputStream:75 - [STDERR_REDIRECT] 
2025-08-23 14:37:24,903 [ERROR] LogOutputStream:75 - [STDERR_REDIRECT] [Fatal Error] :1:1: Premature end of file.
2025-08-23 14:37:24,903 [ERROR] LogOutputStream:75 - [STDERR_REDIRECT] 
2025-08-23 14:37:24,918 [ERROR] LogOutputStream:75 - [STDERR_REDIRECT] [Fatal Error] :1:1: Premature end of file.
2025-08-23 14:37:24,918 [ERROR] LogOutputStream:75 - [STDERR_REDIRECT] 
2025-08-23 14:37:24,932 [ERROR] LogOutputStream:75 - [STDERR_REDIRECT] [Fatal Error] :1:1: Premature end of file.
2025-08-23 14:37:24,932 [ERROR] LogOutputStream:75 - [STDERR_REDIRECT] 
2025-08-23 14:37:24,946 [ERROR] LogOutputStream:75 - [STDERR_REDIRECT] [Fatal Error] :1:1: Premature end of file.
2025-08-23 14:37:24,946 [ERROR] LogOutputStream:75 - [STDERR_REDIRECT] 
2025-08-23 14:37:24,960 [ERROR] LogOutputStream:75 - [STDERR_REDIRECT] [Fatal Error] :1:1: Premature end of file.
2025-08-23 14:37:24,962 [ERROR] LogOutputStream:75 - [STDERR_REDIRECT] 
2025-08-23 14:37:24,976 [ERROR] LogOutputStream:75 - [STDERR_REDIRECT] [Fatal Error] :1:1: Premature end of file.
2025-08-23 14:37:24,976 [ERROR] LogOutputStream:75 - [STDERR_REDIRECT] 
2025-08-23 14:37:24,991 [ERROR] LogOutputStream:75 - [STDERR_REDIRECT] [Fatal Error] :1:1: Premature end of file.
2025-08-23 14:37:24,991 [ERROR] LogOutputStream:75 - [STDERR_REDIRECT] 
2025-08-23 14:37:25,004 [ERROR] LogOutputStream:75 - [STDERR_REDIRECT] [Fatal Error] :1:1: Premature end of file.
2025-08-23 14:37:25,005 [ERROR] LogOutputStream:75 - [STDERR_REDIRECT] 
2025-08-23 14:37:25,019 [ERROR] LogOutputStream:75 - [STDERR_REDIRECT] [Fatal Error] :1:1: Premature end of file.
2025-08-23 14:37:25,019 [ERROR] LogOutputStream:75 - [STDERR_REDIRECT] 
2025-08-23 14:37:25,033 [ERROR] LogOutputStream:75 - [STDERR_REDIRECT] [Fatal Error] :1:1: Premature end of file.
2025-08-23 14:37:25,033 [ERROR] LogOutputStream:75 - [STDERR_REDIRECT] 
2025-08-23 14:37:25,047 [ERROR] LogOutputStream:75 - [STDERR_REDIRECT] [Fatal Error] :1:1: Premature end of file.
2025-08-23 14:37:25,047 [ERROR] LogOutputStream:75 - [STDERR_REDIRECT] 
2025-08-23 14:37:25,062 [ERROR] LogOutputStream:75 - [STDERR_REDIRECT] [Fatal Error] :1:1: Premature end of file.
2025-08-23 14:37:25,062 [ERROR] LogOutputStream:75 - [STDERR_REDIRECT] 
2025-08-23 14:37:25,076 [ERROR] LogOutputStream:75 - [STDERR_REDIRECT] [Fatal Error] :1:1: Premature end of file.
2025-08-23 14:37:25,076 [ERROR] LogOutputStream:75 - [STDERR_REDIRECT] 
2025-08-23 14:37:25,091 [ERROR] LogOutputStream:75 - [STDERR_REDIRECT] [Fatal Error] :1:1: Premature end of file.
2025-08-23 14:37:25,091 [ERROR] LogOutputStream:75 - [STDERR_REDIRECT] 
2025-08-23 14:37:25,104 [ERROR] LogOutputStream:75 - [STDERR_REDIRECT] [Fatal Error] :1:1: Premature end of file.
2025-08-23 14:37:25,104 [ERROR] LogOutputStream:75 - [STDERR_REDIRECT] 
2025-08-23 14:37:25,119 [ERROR] LogOutputStream:75 - [STDERR_REDIRECT] [Fatal Error] :1:1: Premature end of file.
2025-08-23 14:37:25,119 [ERROR] LogOutputStream:75 - [STDERR_REDIRECT] 
2025-08-23 14:37:25,134 [ERROR] LogOutputStream:75 - [STDERR_REDIRECT] [Fatal Error] :1:1: Premature end of file.
2025-08-23 14:37:25,134 [ERROR] LogOutputStream:75 - [STDERR_REDIRECT] 
2025-08-23 14:37:25,148 [ERROR] LogOutputStream:75 - [STDERR_REDIRECT] [Fatal Error] :1:1: Premature end of file.
2025-08-23 14:37:25,148 [ERROR] LogOutputStream:75 - [STDERR_REDIRECT] 
2025-08-23 14:37:25,162 [ERROR] LogOutputStream:75 - [STDERR_REDIRECT] [Fatal Error] :1:1: Premature end of file.
2025-08-23 14:37:25,162 [ERROR] LogOutputStream:75 - [STDERR_REDIRECT] 
2025-08-23 14:37:25,177 [ERROR] LogOutputStream:75 - [STDERR_REDIRECT] [Fatal Error] :1:1: Premature end of file.
2025-08-23 14:37:25,177 [ERROR] LogOutputStream:75 - [STDERR_REDIRECT] 
2025-08-23 14:37:25,191 [ERROR] LogOutputStream:75 - [STDERR_REDIRECT] [Fatal Error] :1:1: Premature end of file.
2025-08-23 14:37:25,191 [ERROR] LogOutputStream:75 - [STDERR_REDIRECT] 
2025-08-23 14:37:25,206 [ERROR] LogOutputStream:75 - [STDERR_REDIRECT] [Fatal Error] :1:1: Premature end of file.
2025-08-23 14:37:25,206 [ERROR] LogOutputStream:75 - [STDERR_REDIRECT] 
2025-08-23 14:37:25,221 [ERROR] LogOutputStream:75 - [STDERR_REDIRECT] [Fatal Error] :1:1: Premature end of file.
2025-08-23 14:37:25,221 [ERROR] LogOutputStream:75 - [STDERR_REDIRECT] 
2025-08-23 14:37:25,236 [ERROR] LogOutputStream:75 - [STDERR_REDIRECT] [Fatal Error] :1:1: Premature end of file.
2025-08-23 14:37:25,236 [ERROR] LogOutputStream:75 - [STDERR_REDIRECT] 
2025-08-23 14:37:25,251 [ERROR] LogOutputStream:75 - [STDERR_REDIRECT] [Fatal Error] :1:1: Premature end of file.
2025-08-23 14:37:25,251 [ERROR] LogOutputStream:75 - [STDERR_REDIRECT] 
2025-08-23 14:37:25,266 [ERROR] LogOutputStream:75 - [STDERR_REDIRECT] [Fatal Error] :1:1: Premature end of file.
2025-08-23 14:37:25,266 [ERROR] LogOutputStream:75 - [STDERR_REDIRECT] 
2025-08-23 14:37:25,280 [ERROR] LogOutputStream:75 - [STDERR_REDIRECT] [Fatal Error] :1:1: Premature end of file.
2025-08-23 14:37:25,280 [ERROR] LogOutputStream:75 - [STDERR_REDIRECT] 
2025-08-23 14:37:25,295 [ERROR] LogOutputStream:75 - [STDERR_REDIRECT] [Fatal Error] :1:1: Premature end of file.
2025-08-23 14:37:25,295 [ERROR] LogOutputStream:75 - [STDERR_REDIRECT] 
2025-08-23 14:37:25,309 [ERROR] LogOutputStream:75 - [STDERR_REDIRECT] [Fatal Error] :1:1: Premature end of file.
2025-08-23 14:37:25,309 [ERROR] LogOutputStream:75 - [STDERR_REDIRECT] 
2025-08-23 14:37:25,324 [ERROR] LogOutputStream:75 - [STDERR_REDIRECT] [Fatal Error] :1:1: Premature end of file.
2025-08-23 14:37:25,324 [ERROR] LogOutputStream:75 - [STDERR_REDIRECT] 
2025-08-23 14:37:25,338 [ERROR] LogOutputStream:75 - [STDERR_REDIRECT] [Fatal Error] :1:1: Premature end of file.
2025-08-23 14:37:25,338 [ERROR] LogOutputStream:75 - [STDERR_REDIRECT] 
2025-08-23 14:37:25,352 [ERROR] LogOutputStream:75 - [STDERR_REDIRECT] [Fatal Error] :1:1: Premature end of file.
2025-08-23 14:37:25,352 [ERROR] LogOutputStream:75 - [STDERR_REDIRECT] 
2025-08-23 14:37:25,366 [ERROR] LogOutputStream:75 - [STDERR_REDIRECT] [Fatal Error] :1:1: Premature end of file.
2025-08-23 14:37:25,366 [ERROR] LogOutputStream:75 - [STDERR_REDIRECT] 
2025-08-23 14:37:25,381 [ERROR] LogOutputStream:75 - [STDERR_REDIRECT] [Fatal Error] :1:1: Premature end of file.
2025-08-23 14:37:25,381 [ERROR] LogOutputStream:75 - [STDERR_REDIRECT] 
2025-08-23 14:37:25,396 [ERROR] LogOutputStream:75 - [STDERR_REDIRECT] [Fatal Error] :1:1: Premature end of file.
2025-08-23 14:37:25,396 [ERROR] LogOutputStream:75 - [STDERR_REDIRECT] 
2025-08-23 14:37:25,411 [ERROR] LogOutputStream:75 - [STDERR_REDIRECT] [Fatal Error] :1:1: Premature end of file.
2025-08-23 14:37:25,411 [ERROR] LogOutputStream:75 - [STDERR_REDIRECT] 
2025-08-23 14:37:25,425 [ERROR] LogOutputStream:75 - [STDERR_REDIRECT] [Fatal Error] :1:1: Premature end of file.
2025-08-23 14:37:25,425 [ERROR] LogOutputStream:75 - [STDERR_REDIRECT] 
2025-08-23 14:37:25,439 [ERROR] LogOutputStream:75 - [STDERR_REDIRECT] [Fatal Error] :1:1: Premature end of file.
2025-08-23 14:37:25,439 [ERROR] LogOutputStream:75 - [STDERR_REDIRECT] 
2025-08-23 14:37:25,454 [ERROR] LogOutputStream:75 - [STDERR_REDIRECT] [Fatal Error] :1:1: Premature end of file.
2025-08-23 14:37:25,454 [ERROR] LogOutputStream:75 - [STDERR_REDIRECT] 
2025-08-23 14:37:25,468 [ERROR] LogOutputStream:75 - [STDERR_REDIRECT] [Fatal Error] :1:1: Premature end of file.
2025-08-23 14:37:25,468 [ERROR] LogOutputStream:75 - [STDERR_REDIRECT] 
2025-08-23 14:37:25,482 [ERROR] LogOutputStream:75 - [STDERR_REDIRECT] [Fatal Error] :1:1: Premature end of file.
2025-08-23 14:37:25,482 [ERROR] LogOutputStream:75 - [STDERR_REDIRECT] 
2025-08-23 14:37:25,497 [ERROR] LogOutputStream:75 - [STDERR_REDIRECT] [Fatal Error] :1:1: Premature end of file.
2025-08-23 14:37:25,497 [ERROR] LogOutputStream:75 - [STDERR_REDIRECT] 
2025-08-23 14:37:25,512 [ERROR] LogOutputStream:75 - [STDERR_REDIRECT] [Fatal Error] :1:1: Premature end of file.
2025-08-23 14:37:25,512 [ERROR] LogOutputStream:75 - [STDERR_REDIRECT] 
2025-08-23 14:37:25,527 [ERROR] LogOutputStream:75 - [STDERR_REDIRECT] [Fatal Error] :1:1: Premature end of file.
2025-08-23 14:37:25,527 [ERROR] LogOutputStream:75 - [STDERR_REDIRECT] 
2025-08-23 14:37:25,541 [ERROR] LogOutputStream:75 - [STDERR_REDIRECT] [Fatal Error] :1:1: Premature end of file.
2025-08-23 14:37:25,541 [ERROR] LogOutputStream:75 - [STDERR_REDIRECT] 
2025-08-23 14:37:25,555 [ERROR] LogOutputStream:75 - [STDERR_REDIRECT] [Fatal Error] :1:1: Premature end of file.
2025-08-23 14:37:25,555 [ERROR] LogOutputStream:75 - [STDERR_REDIRECT] 
2025-08-23 14:37:25,570 [ERROR] LogOutputStream:75 - [STDERR_REDIRECT] [Fatal Error] :1:1: Premature end of file.
2025-08-23 14:37:25,570 [ERROR] LogOutputStream:75 - [STDERR_REDIRECT] 
2025-08-23 14:37:25,583 [ERROR] LogOutputStream:75 - [STDERR_REDIRECT] [Fatal Error] :1:1: Premature end of file.
2025-08-23 14:37:25,585 [ERROR] LogOutputStream:75 - [STDERR_REDIRECT] 
2025-08-23 14:37:25,600 [ERROR] LogOutputStream:75 - [STDERR_REDIRECT] [Fatal Error] :1:1: Premature end of file.
2025-08-23 14:37:25,600 [ERROR] LogOutputStream:75 - [STDERR_REDIRECT] 
2025-08-23 14:37:25,614 [ERROR] LogOutputStream:75 - [STDERR_REDIRECT] [Fatal Error] :1:1: Premature end of file.
2025-08-23 14:37:25,615 [ERROR] LogOutputStream:75 - [STDERR_REDIRECT] 
2025-08-23 14:37:25,629 [ERROR] LogOutputStream:75 - [STDERR_REDIRECT] [Fatal Error] :1:1: Premature end of file.
2025-08-23 14:37:25,629 [ERROR] LogOutputStream:75 - [STDERR_REDIRECT] 
2025-08-23 14:37:25,643 [ERROR] LogOutputStream:75 - [STDERR_REDIRECT] [Fatal Error] :1:1: Premature end of file.
2025-08-23 14:37:25,643 [ERROR] LogOutputStream:75 - [STDERR_REDIRECT] 
2025-08-23 14:37:25,658 [ERROR] LogOutputStream:75 - [STDERR_REDIRECT] [Fatal Error] :1:1: Premature end of file.
2025-08-23 14:37:25,658 [ERROR] LogOutputStream:75 - [STDERR_REDIRECT] 
2025-08-23 14:37:25,673 [ERROR] LogOutputStream:75 - [STDERR_REDIRECT] [Fatal Error] :1:1: Premature end of file.
2025-08-23 14:37:25,673 [ERROR] LogOutputStream:75 - [STDERR_REDIRECT] 
2025-08-23 14:37:25,687 [ERROR] LogOutputStream:75 - [STDERR_REDIRECT] [Fatal Error] :1:1: Premature end of file.
2025-08-23 14:37:25,687 [ERROR] LogOutputStream:75 - [STDERR_REDIRECT] 
2025-08-23 14:37:25,702 [ERROR] LogOutputStream:75 - [STDERR_REDIRECT] [Fatal Error] :1:1: Premature end of file.
2025-08-23 14:37:25,702 [ERROR] LogOutputStream:75 - [STDERR_REDIRECT] 
2025-08-23 14:37:25,716 [ERROR] LogOutputStream:75 - [STDERR_REDIRECT] [Fatal Error] :1:1: Premature end of file.
2025-08-23 14:37:25,716 [ERROR] LogOutputStream:75 - [STDERR_REDIRECT] 
2025-08-23 14:37:25,730 [ERROR] LogOutputStream:75 - [STDERR_REDIRECT] [Fatal Error] :1:1: Premature end of file.
2025-08-23 14:37:25,730 [ERROR] LogOutputStream:75 - [STDERR_REDIRECT] 
2025-08-23 14:37:25,745 [ERROR] LogOutputStream:75 - [STDERR_REDIRECT] [Fatal Error] :1:1: Premature end of file.
2025-08-23 14:37:25,745 [ERROR] LogOutputStream:75 - [STDERR_REDIRECT] 
2025-08-23 14:37:25,759 [ERROR] LogOutputStream:75 - [STDERR_REDIRECT] [Fatal Error] :1:1: Premature end of file.
2025-08-23 14:37:25,759 [ERROR] LogOutputStream:75 - [STDERR_REDIRECT] 
2025-08-23 14:37:25,773 [ERROR] LogOutputStream:75 - [STDERR_REDIRECT] [Fatal Error] :1:1: Premature end of file.
2025-08-23 14:37:25,773 [ERROR] LogOutputStream:75 - [STDERR_REDIRECT] 
2025-08-23 14:37:25,787 [ERROR] LogOutputStream:75 - [STDERR_REDIRECT] [Fatal Error] :1:1: Premature end of file.
2025-08-23 14:37:25,787 [ERROR] LogOutputStream:75 - [STDERR_REDIRECT] 
2025-08-23 14:37:25,803 [ERROR] LogOutputStream:75 - [STDERR_REDIRECT] [Fatal Error] :1:1: Premature end of file.
2025-08-23 14:37:25,803 [ERROR] LogOutputStream:75 - [STDERR_REDIRECT] 
2025-08-23 14:37:25,818 [ERROR] LogOutputStream:75 - [STDERR_REDIRECT] [Fatal Error] :1:1: Premature end of file.
2025-08-23 14:37:25,818 [ERROR] LogOutputStream:75 - [STDERR_REDIRECT] 
2025-08-23 14:37:25,831 [ERROR] LogOutputStream:75 - [STDERR_REDIRECT] [Fatal Error] :1:1: Premature end of file.
2025-08-23 14:37:25,831 [ERROR] LogOutputStream:75 - [STDERR_REDIRECT] 
2025-08-23 14:37:25,846 [ERROR] LogOutputStream:75 - [STDERR_REDIRECT] [Fatal Error] :1:1: Premature end of file.
2025-08-23 14:37:25,846 [ERROR] LogOutputStream:75 - [STDERR_REDIRECT] 
2025-08-23 14:37:25,861 [ERROR] LogOutputStream:75 - [STDERR_REDIRECT] [Fatal Error] :1:1: Premature end of file.
2025-08-23 14:37:25,861 [ERROR] LogOutputStream:75 - [STDERR_REDIRECT] 
2025-08-23 14:37:25,875 [ERROR] LogOutputStream:75 - [STDERR_REDIRECT] [Fatal Error] :1:1: Premature end of file.
2025-08-23 14:37:25,875 [ERROR] LogOutputStream:75 - [STDERR_REDIRECT] 
2025-08-23 14:37:25,890 [ERROR] LogOutputStream:75 - [STDERR_REDIRECT] [Fatal Error] :1:1: Premature end of file.
2025-08-23 14:37:25,890 [ERROR] LogOutputStream:75 - [STDERR_REDIRECT] 
2025-08-23 14:37:25,904 [ERROR] LogOutputStream:75 - [STDERR_REDIRECT] [Fatal Error] :1:1: Premature end of file.
2025-08-23 14:37:25,904 [ERROR] LogOutputStream:75 - [STDERR_REDIRECT] 
2025-08-23 14:37:25,919 [ERROR] LogOutputStream:75 - [STDERR_REDIRECT] [Fatal Error] :1:1: Premature end of file.
2025-08-23 14:37:25,919 [ERROR] LogOutputStream:75 - [STDERR_REDIRECT] 
2025-08-23 14:37:25,934 [ERROR] LogOutputStream:75 - [STDERR_REDIRECT] [Fatal Error] :1:1: Premature end of file.
2025-08-23 14:37:25,934 [ERROR] LogOutputStream:75 - [STDERR_REDIRECT] 
2025-08-23 14:37:25,947 [ERROR] LogOutputStream:75 - [STDERR_REDIRECT] [Fatal Error] :1:1: Premature end of file.
2025-08-23 14:37:25,948 [ERROR] LogOutputStream:75 - [STDERR_REDIRECT] 
2025-08-23 14:37:25,963 [ERROR] LogOutputStream:75 - [STDERR_REDIRECT] [Fatal Error] :1:1: Premature end of file.
2025-08-23 14:37:25,963 [ERROR] LogOutputStream:75 - [STDERR_REDIRECT] 
2025-08-23 14:37:25,977 [ERROR] LogOutputStream:75 - [STDERR_REDIRECT] [Fatal Error] :1:1: Premature end of file.
2025-08-23 14:37:25,977 [ERROR] LogOutputStream:75 - [STDERR_REDIRECT] 
2025-08-23 14:37:25,991 [ERROR] LogOutputStream:75 - [STDERR_REDIRECT] [Fatal Error] :1:1: Premature end of file.
2025-08-23 14:37:25,991 [ERROR] LogOutputStream:75 - [STDERR_REDIRECT] 
2025-08-23 14:37:26,005 [ERROR] LogOutputStream:75 - [STDERR_REDIRECT] [Fatal Error] :1:1: Premature end of file.
2025-08-23 14:37:26,006 [ERROR] LogOutputStream:75 - [STDERR_REDIRECT] 
2025-08-23 14:37:26,020 [ERROR] LogOutputStream:75 - [STDERR_REDIRECT] [Fatal Error] :1:1: Premature end of file.
2025-08-23 14:37:26,020 [ERROR] LogOutputStream:75 - [STDERR_REDIRECT] 
2025-08-23 14:37:26,035 [ERROR] LogOutputStream:75 - [STDERR_REDIRECT] [Fatal Error] :1:1: Premature end of file.
2025-08-23 14:37:26,035 [ERROR] LogOutputStream:75 - [STDERR_REDIRECT] 
2025-08-23 14:37:26,049 [ERROR] LogOutputStream:75 - [STDERR_REDIRECT] [Fatal Error] :1:1: Premature end of file.
2025-08-23 14:37:26,049 [ERROR] LogOutputStream:75 - [STDERR_REDIRECT] 
2025-08-23 14:37:26,063 [ERROR] LogOutputStream:75 - [STDERR_REDIRECT] [Fatal Error] :1:1: Premature end of file.
2025-08-23 14:37:26,063 [ERROR] LogOutputStream:75 - [STDERR_REDIRECT] 
2025-08-23 14:37:26,077 [ERROR] LogOutputStream:75 - [STDERR_REDIRECT] [Fatal Error] :1:1: Premature end of file.
2025-08-23 14:37:26,077 [ERROR] LogOutputStream:75 - [STDERR_REDIRECT] 
2025-08-23 14:37:26,091 [ERROR] LogOutputStream:75 - [STDERR_REDIRECT] [Fatal Error] :1:1: Premature end of file.
2025-08-23 14:37:26,091 [ERROR] LogOutputStream:75 - [STDERR_REDIRECT] 
2025-08-23 14:37:26,106 [ERROR] LogOutputStream:75 - [STDERR_REDIRECT] [Fatal Error] :1:1: Premature end of file.
2025-08-23 14:37:26,106 [ERROR] LogOutputStream:75 - [STDERR_REDIRECT] 
2025-08-23 14:37:26,120 [ERROR] LogOutputStream:75 - [STDERR_REDIRECT] [Fatal Error] :1:1: Premature end of file.
2025-08-23 14:37:26,120 [ERROR] LogOutputStream:75 - [STDERR_REDIRECT] 
2025-08-23 14:37:26,135 [ERROR] LogOutputStream:75 - [STDERR_REDIRECT] [Fatal Error] :1:1: Premature end of file.
2025-08-23 14:37:26,136 [ERROR] LogOutputStream:75 - [STDERR_REDIRECT] 
2025-08-23 14:37:26,150 [ERROR] LogOutputStream:75 - [STDERR_REDIRECT] [Fatal Error] :1:1: Premature end of file.
2025-08-23 14:37:26,150 [ERROR] LogOutputStream:75 - [STDERR_REDIRECT] 
2025-08-23 14:37:26,164 [ERROR] LogOutputStream:75 - [STDERR_REDIRECT] [Fatal Error] :1:1: Premature end of file.
2025-08-23 14:37:26,164 [ERROR] LogOutputStream:75 - [STDERR_REDIRECT] 
2025-08-23 14:37:26,179 [ERROR] LogOutputStream:75 - [STDERR_REDIRECT] [Fatal Error] :1:1: Premature end of file.
2025-08-23 14:37:26,179 [ERROR] LogOutputStream:75 - [STDERR_REDIRECT] 
2025-08-23 14:37:26,194 [ERROR] LogOutputStream:75 - [STDERR_REDIRECT] [Fatal Error] :1:1: Premature end of file.
2025-08-23 14:37:26,194 [ERROR] LogOutputStream:75 - [STDERR_REDIRECT] 
2025-08-23 14:37:26,213 [ERROR] LogOutputStream:75 - [STDERR_REDIRECT] [Fatal Error] :1:1: Premature end of file.
2025-08-23 14:37:26,213 [ERROR] LogOutputStream:75 - [STDERR_REDIRECT] 
2025-08-23 14:37:26,228 [ERROR] LogOutputStream:75 - [STDERR_REDIRECT] [Fatal Error] :1:1: Premature end of file.
2025-08-23 14:37:26,228 [ERROR] LogOutputStream:75 - [STDERR_REDIRECT] 
2025-08-23 14:37:26,243 [ERROR] LogOutputStream:75 - [STDERR_REDIRECT] [Fatal Error] :1:1: Premature end of file.
2025-08-23 14:37:26,243 [ERROR] LogOutputStream:75 - [STDERR_REDIRECT] 
2025-08-23 14:37:26,259 [ERROR] LogOutputStream:75 - [STDERR_REDIRECT] [Fatal Error] :1:1: Premature end of file.
2025-08-23 14:37:26,259 [ERROR] LogOutputStream:75 - [STDERR_REDIRECT] 
2025-08-23 14:37:26,275 [ERROR] LogOutputStream:75 - [STDERR_REDIRECT] [Fatal Error] :1:1: Premature end of file.
2025-08-23 14:37:26,275 [ERROR] LogOutputStream:75 - [STDERR_REDIRECT] 
2025-08-23 14:37:26,294 [ERROR] LogOutputStream:75 - [STDERR_REDIRECT] [Fatal Error] :1:1: Premature end of file.
2025-08-23 14:37:26,294 [ERROR] LogOutputStream:75 - [STDERR_REDIRECT] 
2025-08-23 14:37:26,315 [ERROR] LogOutputStream:75 - [STDERR_REDIRECT] [Fatal Error] :1:1: Premature end of file.
2025-08-23 14:37:26,315 [ERROR] LogOutputStream:75 - [STDERR_REDIRECT] 
2025-08-23 14:37:26,333 [ERROR] LogOutputStream:75 - [STDERR_REDIRECT] [Fatal Error] :1:1: Premature end of file.
2025-08-23 14:37:26,334 [ERROR] LogOutputStream:75 - [STDERR_REDIRECT] 
2025-08-23 14:37:26,357 [ERROR] LogOutputStream:75 - [STDERR_REDIRECT] [Fatal Error] :1:1: Premature end of file.
2025-08-23 14:37:26,357 [ERROR] LogOutputStream:75 - [STDERR_REDIRECT] 
2025-08-23 14:37:26,379 [ERROR] LogOutputStream:75 - [STDERR_REDIRECT] [Fatal Error] :1:1: Premature end of file.
2025-08-23 14:37:26,379 [ERROR] LogOutputStream:75 - [STDERR_REDIRECT] 
2025-08-23 14:37:26,442 [ERROR] LogOutputStream:75 - [STDERR_REDIRECT] [Fatal Error] :1:1: Premature end of file.
2025-08-23 14:37:26,442 [ERROR] LogOutputStream:75 - [STDERR_REDIRECT] 
2025-08-23 14:37:26,468 [ERROR] LogOutputStream:75 - [STDERR_REDIRECT] [Fatal Error] :1:1: Premature end of file.
2025-08-23 14:37:26,468 [ERROR] LogOutputStream:75 - [STDERR_REDIRECT] 
2025-08-23 14:37:26,487 [ERROR] LogOutputStream:75 - [STDERR_REDIRECT] [Fatal Error] :1:1: Premature end of file.
2025-08-23 14:37:26,487 [ERROR] LogOutputStream:75 - [STDERR_REDIRECT] 
2025-08-23 14:37:26,509 [ERROR] LogOutputStream:75 - [STDERR_REDIRECT] [Fatal Error] :1:1: Premature end of file.
2025-08-23 14:37:26,509 [ERROR] LogOutputStream:75 - [STDERR_REDIRECT] 
2025-08-23 14:37:26,527 [ERROR] LogOutputStream:75 - [STDERR_REDIRECT] [Fatal Error] :1:1: Premature end of file.
2025-08-23 14:37:26,528 [ERROR] LogOutputStream:75 - [STDERR_REDIRECT] 
2025-08-23 14:37:26,544 [ERROR] LogOutputStream:75 - [STDERR_REDIRECT] [Fatal Error] :1:1: Premature end of file.
2025-08-23 14:37:26,545 [ERROR] LogOutputStream:75 - [STDERR_REDIRECT] 
2025-08-23 14:37:26,562 [ERROR] LogOutputStream:75 - [STDERR_REDIRECT] [Fatal Error] :1:1: Premature end of file.
2025-08-23 14:37:26,562 [ERROR] LogOutputStream:75 - [STDERR_REDIRECT] 
2025-08-23 14:37:26,584 [ERROR] LogOutputStream:75 - [STDERR_REDIRECT] [Fatal Error] :1:1: Premature end of file.
2025-08-23 14:37:26,584 [ERROR] LogOutputStream:75 - [STDERR_REDIRECT] 
2025-08-23 14:37:26,602 [ERROR] LogOutputStream:75 - [STDERR_REDIRECT] [Fatal Error] :1:1: Premature end of file.
2025-08-23 14:37:26,602 [ERROR] LogOutputStream:75 - [STDERR_REDIRECT] 
2025-08-23 14:37:26,621 [ERROR] LogOutputStream:75 - [STDERR_REDIRECT] [Fatal Error] :1:1: Premature end of file.
2025-08-23 14:37:26,622 [ERROR] LogOutputStream:75 - [STDERR_REDIRECT] 
2025-08-23 14:37:26,642 [ERROR] LogOutputStream:75 - [STDERR_REDIRECT] [Fatal Error] :1:1: Premature end of file.
2025-08-23 14:37:26,642 [ERROR] LogOutputStream:75 - [STDERR_REDIRECT] 
2025-08-23 14:37:26,663 [ERROR] LogOutputStream:75 - [STDERR_REDIRECT] [Fatal Error] :1:1: Premature end of file.
2025-08-23 14:37:26,663 [ERROR] LogOutputStream:75 - [STDERR_REDIRECT] 
2025-08-23 14:37:26,683 [ERROR] LogOutputStream:75 - [STDERR_REDIRECT] [Fatal Error] :1:1: Premature end of file.
2025-08-23 14:37:26,683 [ERROR] LogOutputStream:75 - [STDERR_REDIRECT] 
2025-08-23 14:37:26,716 [ERROR] LogOutputStream:75 - [STDERR_REDIRECT] [Fatal Error] :1:1: Premature end of file.
2025-08-23 14:37:26,716 [ERROR] LogOutputStream:75 - [STDERR_REDIRECT] 
2025-08-23 14:37:26,737 [ERROR] LogOutputStream:75 - [STDERR_REDIRECT] [Fatal Error] :1:1: Premature end of file.
2025-08-23 14:37:26,737 [ERROR] LogOutputStream:75 - [STDERR_REDIRECT] 
2025-08-23 14:37:26,755 [ERROR] LogOutputStream:75 - [STDERR_REDIRECT] [Fatal Error] :1:1: Premature end of file.
2025-08-23 14:37:26,755 [ERROR] LogOutputStream:75 - [STDERR_REDIRECT] 
2025-08-23 14:37:26,777 [ERROR] LogOutputStream:75 - [STDERR_REDIRECT] [Fatal Error] :1:1: Premature end of file.
2025-08-23 14:37:26,778 [ERROR] LogOutputStream:75 - [STDERR_REDIRECT] 
2025-08-23 14:37:26,802 [ERROR] LogOutputStream:75 - [STDERR_REDIRECT] [Fatal Error] :1:1: Premature end of file.
2025-08-23 14:37:26,802 [ERROR] LogOutputStream:75 - [STDERR_REDIRECT] 
2025-08-23 14:37:26,829 [ERROR] LogOutputStream:75 - [STDERR_REDIRECT] [Fatal Error] :1:1: Premature end of file.
2025-08-23 14:37:26,829 [ERROR] LogOutputStream:75 - [STDERR_REDIRECT] 
2025-08-23 14:37:26,853 [ERROR] LogOutputStream:75 - [STDERR_REDIRECT] [Fatal Error] :1:1: Premature end of file.
2025-08-23 14:37:26,854 [ERROR] LogOutputStream:75 - [STDERR_REDIRECT] 
2025-08-23 14:37:26,885 [ERROR] LogOutputStream:75 - [STDERR_REDIRECT] [Fatal Error] :1:1: Premature end of file.
2025-08-23 14:37:26,885 [ERROR] LogOutputStream:75 - [STDERR_REDIRECT] 
2025-08-23 14:37:26,914 [ERROR] LogOutputStream:75 - [STDERR_REDIRECT] [Fatal Error] :1:1: Premature end of file.
2025-08-23 14:37:26,914 [ERROR] LogOutputStream:75 - [STDERR_REDIRECT] 
2025-08-23 14:37:26,936 [ERROR] LogOutputStream:75 - [STDERR_REDIRECT] [Fatal Error] :1:1: Premature end of file.
2025-08-23 14:37:26,936 [ERROR] LogOutputStream:75 - [STDERR_REDIRECT] 
2025-08-23 14:37:26,957 [ERROR] LogOutputStream:75 - [STDERR_REDIRECT] [Fatal Error] :1:1: Premature end of file.
2025-08-23 14:37:26,957 [ERROR] LogOutputStream:75 - [STDERR_REDIRECT] 
2025-08-23 14:37:26,978 [ERROR] LogOutputStream:75 - [STDERR_REDIRECT] [Fatal Error] :1:1: Premature end of file.
2025-08-23 14:37:26,978 [ERROR] LogOutputStream:75 - [STDERR_REDIRECT] 
2025-08-23 14:37:26,998 [ERROR] LogOutputStream:75 - [STDERR_REDIRECT] [Fatal Error] :1:1: Premature end of file.
2025-08-23 14:37:26,998 [ERROR] LogOutputStream:75 - [STDERR_REDIRECT] 
2025-08-23 14:37:27,018 [ERROR] LogOutputStream:75 - [STDERR_REDIRECT] [Fatal Error] :1:1: Premature end of file.
2025-08-23 14:37:27,018 [ERROR] LogOutputStream:75 - [STDERR_REDIRECT] 
2025-08-23 14:37:27,038 [ERROR] LogOutputStream:75 - [STDERR_REDIRECT] [Fatal Error] :1:1: Premature end of file.
2025-08-23 14:37:27,039 [ERROR] LogOutputStream:75 - [STDERR_REDIRECT] 
2025-08-23 14:37:27,057 [ERROR] LogOutputStream:75 - [STDERR_REDIRECT] [Fatal Error] :1:1: Premature end of file.
2025-08-23 14:37:27,057 [ERROR] LogOutputStream:75 - [STDERR_REDIRECT] 
2025-08-23 14:37:27,078 [ERROR] LogOutputStream:75 - [STDERR_REDIRECT] [Fatal Error] :1:1: Premature end of file.
2025-08-23 14:37:27,078 [ERROR] LogOutputStream:75 - [STDERR_REDIRECT] 
2025-08-23 14:37:27,106 [ERROR] LogOutputStream:75 - [STDERR_REDIRECT] [Fatal Error] :1:1: Premature end of file.
2025-08-23 14:37:27,106 [ERROR] LogOutputStream:75 - [STDERR_REDIRECT] 
2025-08-23 14:37:27,135 [ERROR] LogOutputStream:75 - [STDERR_REDIRECT] [Fatal Error] :1:1: Premature end of file.
2025-08-23 14:37:27,135 [ERROR] LogOutputStream:75 - [STDERR_REDIRECT] 
2025-08-23 14:37:27,152 [ERROR] LogOutputStream:75 - [STDERR_REDIRECT] [Fatal Error] :1:1: Premature end of file.
2025-08-23 14:37:27,152 [ERROR] LogOutputStream:75 - [STDERR_REDIRECT] 
2025-08-23 14:37:27,172 [ERROR] LogOutputStream:75 - [STDERR_REDIRECT] [Fatal Error] :1:1: Premature end of file.
2025-08-23 14:37:27,173 [ERROR] LogOutputStream:75 - [STDERR_REDIRECT] 
2025-08-23 14:37:27,194 [ERROR] LogOutputStream:75 - [STDERR_REDIRECT] [Fatal Error] :1:1: Premature end of file.
2025-08-23 14:37:27,194 [ERROR] LogOutputStream:75 - [STDERR_REDIRECT] 
2025-08-23 14:37:27,233 [ERROR] LogOutputStream:75 - [STDERR_REDIRECT] [Fatal Error] :1:1: Premature end of file.
2025-08-23 14:37:27,233 [ERROR] LogOutputStream:75 - [STDERR_REDIRECT] 
2025-08-23 14:37:27,270 [ERROR] LogOutputStream:75 - [STDERR_REDIRECT] [Fatal Error] :1:1: Premature end of file.
2025-08-23 14:37:27,270 [ERROR] LogOutputStream:75 - [STDERR_REDIRECT] 
2025-08-23 14:37:27,290 [ERROR] LogOutputStream:75 - [STDERR_REDIRECT] [Fatal Error] :1:1: Premature end of file.
2025-08-23 14:37:27,290 [ERROR] LogOutputStream:75 - [STDERR_REDIRECT] 
2025-08-23 14:37:27,310 [ERROR] LogOutputStream:75 - [STDERR_REDIRECT] [Fatal Error] :1:1: Premature end of file.
2025-08-23 14:37:27,310 [ERROR] LogOutputStream:75 - [STDERR_REDIRECT] 
2025-08-23 14:37:27,341 [ERROR] LogOutputStream:75 - [STDERR_REDIRECT] [Fatal Error] :1:1: Premature end of file.
2025-08-23 14:37:27,341 [ERROR] LogOutputStream:75 - [STDERR_REDIRECT] 
2025-08-23 14:37:27,361 [ERROR] LogOutputStream:75 - [STDERR_REDIRECT] [Fatal Error] :1:1: Premature end of file.
2025-08-23 14:37:27,361 [ERROR] LogOutputStream:75 - [STDERR_REDIRECT] 
2025-08-23 14:37:27,394 [ERROR] LogOutputStream:75 - [STDERR_REDIRECT] [Fatal Error] :1:1: Premature end of file.
2025-08-23 14:37:27,394 [ERROR] LogOutputStream:75 - [STDERR_REDIRECT] 
2025-08-23 14:37:27,415 [ERROR] LogOutputStream:75 - [STDERR_REDIRECT] [Fatal Error] :1:1: Premature end of file.
2025-08-23 14:37:27,416 [ERROR] LogOutputStream:75 - [STDERR_REDIRECT] 
2025-08-23 14:37:27,433 [ERROR] LogOutputStream:75 - [STDERR_REDIRECT] [Fatal Error] :1:1: Premature end of file.
2025-08-23 14:37:27,433 [ERROR] LogOutputStream:75 - [STDERR_REDIRECT] 
2025-08-23 14:37:27,453 [ERROR] LogOutputStream:75 - [STDERR_REDIRECT] [Fatal Error] :1:1: Premature end of file.
2025-08-23 14:37:27,453 [ERROR] LogOutputStream:75 - [STDERR_REDIRECT] 
2025-08-23 14:37:27,477 [ERROR] LogOutputStream:75 - [STDERR_REDIRECT] [Fatal Error] :1:1: Premature end of file.
2025-08-23 14:37:27,477 [ERROR] LogOutputStream:75 - [STDERR_REDIRECT] 
2025-08-23 14:37:27,494 [ERROR] LogOutputStream:75 - [STDERR_REDIRECT] [Fatal Error] :1:1: Premature end of file.
2025-08-23 14:37:27,494 [ERROR] LogOutputStream:75 - [STDERR_REDIRECT] 
2025-08-23 14:37:27,514 [ERROR] LogOutputStream:75 - [STDERR_REDIRECT] [Fatal Error] :1:1: Premature end of file.
2025-08-23 14:37:27,514 [ERROR] LogOutputStream:75 - [STDERR_REDIRECT] 
2025-08-23 14:37:27,535 [ERROR] LogOutputStream:75 - [STDERR_REDIRECT] [Fatal Error] :1:1: Premature end of file.
2025-08-23 14:37:27,535 [ERROR] LogOutputStream:75 - [STDERR_REDIRECT] 
2025-08-23 14:37:27,555 [ERROR] LogOutputStream:75 - [STDERR_REDIRECT] [Fatal Error] :1:1: Premature end of file.
2025-08-23 14:37:27,555 [ERROR] LogOutputStream:75 - [STDERR_REDIRECT] 
2025-08-23 14:37:27,586 [ERROR] LogOutputStream:75 - [STDERR_REDIRECT] [Fatal Error] :1:1: Premature end of file.
2025-08-23 14:37:27,586 [ERROR] LogOutputStream:75 - [STDERR_REDIRECT] 
2025-08-23 14:37:27,606 [ERROR] LogOutputStream:75 - [STDERR_REDIRECT] [Fatal Error] :1:1: Premature end of file.
2025-08-23 14:37:27,606 [ERROR] LogOutputStream:75 - [STDERR_REDIRECT] 
2025-08-23 14:37:27,627 [ERROR] LogOutputStream:75 - [STDERR_REDIRECT] [Fatal Error] :1:1: Premature end of file.
2025-08-23 14:37:27,627 [ERROR] LogOutputStream:75 - [STDERR_REDIRECT] 
2025-08-23 14:37:27,648 [ERROR] LogOutputStream:75 - [STDERR_REDIRECT] [Fatal Error] :1:1: Premature end of file.
2025-08-23 14:37:27,648 [ERROR] LogOutputStream:75 - [STDERR_REDIRECT] 
2025-08-23 14:37:27,668 [ERROR] LogOutputStream:75 - [STDERR_REDIRECT] [Fatal Error] :1:1: Premature end of file.
2025-08-23 14:37:27,668 [ERROR] LogOutputStream:75 - [STDERR_REDIRECT] 
2025-08-23 14:37:27,690 [ERROR] LogOutputStream:75 - [STDERR_REDIRECT] [Fatal Error] :1:1: Premature end of file.
2025-08-23 14:37:27,690 [ERROR] LogOutputStream:75 - [STDERR_REDIRECT] 
2025-08-23 14:37:27,699 [ERROR] LogOutputStream:75 - [STDERR_REDIRECT] [Fatal Error] :1:1: Premature end of file.
2025-08-23 14:37:27,699 [ERROR] LogOutputStream:75 - [STDERR_REDIRECT] 
2025-08-23 14:37:27,720 [ERROR] LogOutputStream:75 - [STDERR_REDIRECT] [Fatal Error] :1:1: Premature end of file.
2025-08-23 14:37:27,720 [ERROR] LogOutputStream:75 - [STDERR_REDIRECT] 
2025-08-23 14:37:27,740 [ERROR] LogOutputStream:75 - [STDERR_REDIRECT] [Fatal Error] :1:1: Premature end of file.
2025-08-23 14:37:27,740 [ERROR] LogOutputStream:75 - [STDERR_REDIRECT] 
2025-08-23 14:37:27,750 [ERROR] LogOutputStream:75 - [STDERR_REDIRECT] [Fatal Error] :1:1: Premature end of file.
2025-08-23 14:37:27,750 [ERROR] LogOutputStream:75 - [STDERR_REDIRECT] 
2025-08-23 14:37:27,770 [ERROR] LogOutputStream:75 - [STDERR_REDIRECT] [Fatal Error] :1:1: Premature end of file.
2025-08-23 14:37:27,770 [ERROR] LogOutputStream:75 - [STDERR_REDIRECT] 
2025-08-23 14:37:27,791 [ERROR] LogOutputStream:75 - [STDERR_REDIRECT] [Fatal Error] :1:1: Premature end of file.
2025-08-23 14:37:27,791 [ERROR] LogOutputStream:75 - [STDERR_REDIRECT] 
2025-08-23 14:37:27,806 [ERROR] LogOutputStream:75 - [STDERR_REDIRECT] [Fatal Error] :1:1: Premature end of file.
2025-08-23 14:37:27,806 [ERROR] LogOutputStream:75 - [STDERR_REDIRECT] 
2025-08-23 14:37:27,824 [ERROR] LogOutputStream:75 - [STDERR_REDIRECT] [Fatal Error] :1:1: Premature end of file.
2025-08-23 14:37:27,824 [ERROR] LogOutputStream:75 - [STDERR_REDIRECT] 
2025-08-23 14:37:27,845 [ERROR] LogOutputStream:75 - [STDERR_REDIRECT] [Fatal Error] :1:1: Premature end of file.
2025-08-23 14:37:27,845 [ERROR] LogOutputStream:75 - [STDERR_REDIRECT] 
2025-08-23 14:37:27,855 [ERROR] LogOutputStream:75 - [STDERR_REDIRECT] [Fatal Error] :1:1: Premature end of file.
2025-08-23 14:37:27,855 [ERROR] LogOutputStream:75 - [STDERR_REDIRECT] 
2025-08-23 14:37:27,877 [ERROR] LogOutputStream:75 - [STDERR_REDIRECT] [Fatal Error] :1:1: Premature end of file.
2025-08-23 14:37:27,877 [ERROR] LogOutputStream:75 - [STDERR_REDIRECT] 
2025-08-23 14:37:27,891 [ERROR] LogOutputStream:75 - [STDERR_REDIRECT] [Fatal Error] :1:1: Premature end of file.
2025-08-23 14:37:27,891 [ERROR] LogOutputStream:75 - [STDERR_REDIRECT] 
2025-08-23 14:37:27,906 [ERROR] LogOutputStream:75 - [STDERR_REDIRECT] [Fatal Error] :1:1: Premature end of file.
2025-08-23 14:37:27,906 [ERROR] LogOutputStream:75 - [STDERR_REDIRECT] 
2025-08-23 14:37:27,926 [ERROR] LogOutputStream:75 - [STDERR_REDIRECT] [Fatal Error] :1:1: Premature end of file.
2025-08-23 14:37:27,926 [ERROR] LogOutputStream:75 - [STDERR_REDIRECT] 
2025-08-23 14:37:27,952 [ERROR] LogOutputStream:75 - [STDERR_REDIRECT] [Fatal Error] :1:1: Premature end of file.
2025-08-23 14:37:27,952 [ERROR] LogOutputStream:75 - [STDERR_REDIRECT] 
2025-08-23 14:37:27,967 [ERROR] LogOutputStream:75 - [STDERR_REDIRECT] [Fatal Error] :1:1: Premature end of file.
2025-08-23 14:37:27,967 [ERROR] LogOutputStream:75 - [STDERR_REDIRECT] 
2025-08-23 14:37:27,977 [ERROR] LogOutputStream:75 - [STDERR_REDIRECT] [Fatal Error] :1:1: Premature end of file.
2025-08-23 14:37:27,977 [ERROR] LogOutputStream:75 - [STDERR_REDIRECT] 
2025-08-23 14:37:27,998 [ERROR] LogOutputStream:75 - [STDERR_REDIRECT] [Fatal Error] :1:1: Premature end of file.
2025-08-23 14:37:27,998 [ERROR] LogOutputStream:75 - [STDERR_REDIRECT] 
2025-08-23 14:37:28,010 [ERROR] LogOutputStream:75 - [STDERR_REDIRECT] [Fatal Error] :1:1: Premature end of file.
2025-08-23 14:37:28,010 [ERROR] LogOutputStream:75 - [STDERR_REDIRECT] 
2025-08-23 14:37:28,028 [ERROR] LogOutputStream:75 - [STDERR_REDIRECT] [Fatal Error] :1:1: Premature end of file.
2025-08-23 14:37:28,028 [ERROR] LogOutputStream:75 - [STDERR_REDIRECT] 
2025-08-23 14:37:28,048 [ERROR] LogOutputStream:75 - [STDERR_REDIRECT] [Fatal Error] :1:1: Premature end of file.
2025-08-23 14:37:28,048 [ERROR] LogOutputStream:75 - [STDERR_REDIRECT] 
2025-08-23 14:37:28,058 [ERROR] LogOutputStream:75 - [STDERR_REDIRECT] [Fatal Error] :1:1: Premature end of file.
2025-08-23 14:37:28,058 [ERROR] LogOutputStream:75 - [STDERR_REDIRECT] 
2025-08-23 14:37:28,079 [ERROR] LogOutputStream:75 - [STDERR_REDIRECT] [Fatal Error] :1:1: Premature end of file.
2025-08-23 14:37:28,079 [ERROR] LogOutputStream:75 - [STDERR_REDIRECT] 
2025-08-23 14:37:28,091 [ERROR] LogOutputStream:75 - [STDERR_REDIRECT] [Fatal Error] :1:1: Premature end of file.
2025-08-23 14:37:28,091 [ERROR] LogOutputStream:75 - [STDERR_REDIRECT] 
2025-08-23 14:37:28,109 [ERROR] LogOutputStream:75 - [STDERR_REDIRECT] [Fatal Error] :1:1: Premature end of file.
2025-08-23 14:37:28,109 [ERROR] LogOutputStream:75 - [STDERR_REDIRECT] 
2025-08-23 14:37:28,130 [ERROR] LogOutputStream:75 - [STDERR_REDIRECT] [Fatal Error] :1:1: Premature end of file.
2025-08-23 14:37:28,130 [ERROR] LogOutputStream:75 - [STDERR_REDIRECT] 
2025-08-23 14:37:28,156 [ERROR] LogOutputStream:75 - [STDERR_REDIRECT] [Fatal Error] :1:1: Premature end of file.
2025-08-23 14:37:28,156 [ERROR] LogOutputStream:75 - [STDERR_REDIRECT] 
2025-08-23 14:37:28,181 [ERROR] LogOutputStream:75 - [STDERR_REDIRECT] [Fatal Error] :1:1: Premature end of file.
2025-08-23 14:37:28,181 [ERROR] LogOutputStream:75 - [STDERR_REDIRECT] 
2025-08-23 14:37:28,201 [ERROR] LogOutputStream:75 - [STDERR_REDIRECT] [Fatal Error] :1:1: Premature end of file.
2025-08-23 14:37:28,201 [ERROR] LogOutputStream:75 - [STDERR_REDIRECT] 
2025-08-23 14:37:28,223 [ERROR] LogOutputStream:75 - [STDERR_REDIRECT] [Fatal Error] :1:1: Premature end of file.
2025-08-23 14:37:28,223 [ERROR] LogOutputStream:75 - [STDERR_REDIRECT] 
2025-08-23 14:37:28,246 [ERROR] LogOutputStream:75 - [STDERR_REDIRECT] [Fatal Error] :1:1: Premature end of file.
2025-08-23 14:37:28,246 [ERROR] LogOutputStream:75 - [STDERR_REDIRECT] 
2025-08-23 14:37:28,267 [ERROR] LogOutputStream:75 - [STDERR_REDIRECT] [Fatal Error] :1:1: Premature end of file.
2025-08-23 14:37:28,267 [ERROR] LogOutputStream:75 - [STDERR_REDIRECT] 
2025-08-23 14:37:28,283 [ERROR] LogOutputStream:75 - [STDERR_REDIRECT] [Fatal Error] :1:1: Premature end of file.
2025-08-23 14:37:28,283 [ERROR] LogOutputStream:75 - [STDERR_REDIRECT] 
2025-08-23 14:37:28,307 [ERROR] LogOutputStream:75 - [STDERR_REDIRECT] [Fatal Error] :1:1: Premature end of file.
2025-08-23 14:37:28,307 [ERROR] LogOutputStream:75 - [STDERR_REDIRECT] 
2025-08-23 14:37:28,328 [ERROR] LogOutputStream:75 - [STDERR_REDIRECT] [Fatal Error] :1:1: Premature end of file.
2025-08-23 14:37:28,328 [ERROR] LogOutputStream:75 - [STDERR_REDIRECT] 
2025-08-23 14:37:28,341 [ERROR] LogOutputStream:75 - [STDERR_REDIRECT] [Fatal Error] :1:1: Premature end of file.
2025-08-23 14:37:28,341 [ERROR] LogOutputStream:75 - [STDERR_REDIRECT] 
2025-08-23 14:37:28,360 [ERROR] LogOutputStream:75 - [STDERR_REDIRECT] [Fatal Error] :1:1: Premature end of file.
2025-08-23 14:37:28,360 [ERROR] LogOutputStream:75 - [STDERR_REDIRECT] 
2025-08-23 14:37:28,375 [ERROR] LogOutputStream:75 - [STDERR_REDIRECT] [Fatal Error] :1:1: Premature end of file.
2025-08-23 14:37:28,375 [ERROR] LogOutputStream:75 - [STDERR_REDIRECT] 
2025-08-23 14:37:28,394 [ERROR] LogOutputStream:75 - [STDERR_REDIRECT] [Fatal Error] :1:1: Premature end of file.
2025-08-23 14:37:28,394 [ERROR] LogOutputStream:75 - [STDERR_REDIRECT] 
2025-08-23 14:37:28,416 [ERROR] LogOutputStream:75 - [STDERR_REDIRECT] [Fatal Error] :1:1: Premature end of file.
2025-08-23 14:37:28,416 [ERROR] LogOutputStream:75 - [STDERR_REDIRECT] 
2025-08-23 14:37:28,434 [ERROR] LogOutputStream:75 - [STDERR_REDIRECT] [Fatal Error] :1:1: Premature end of file.
2025-08-23 14:37:28,434 [ERROR] LogOutputStream:75 - [STDERR_REDIRECT] 
2025-08-23 14:37:28,453 [ERROR] LogOutputStream:75 - [STDERR_REDIRECT] [Fatal Error] :1:1: Premature end of file.
2025-08-23 14:37:28,453 [ERROR] LogOutputStream:75 - [STDERR_REDIRECT] 
2025-08-23 14:37:28,471 [ERROR] LogOutputStream:75 - [STDERR_REDIRECT] [Fatal Error] :1:1: Premature end of file.
2025-08-23 14:37:28,472 [ERROR] LogOutputStream:75 - [STDERR_REDIRECT] 
2025-08-23 14:37:28,490 [ERROR] LogOutputStream:75 - [STDERR_REDIRECT] [Fatal Error] :1:1: Premature end of file.
2025-08-23 14:37:28,490 [ERROR] LogOutputStream:75 - [STDERR_REDIRECT] 
2025-08-23 14:37:28,512 [ERROR] LogOutputStream:75 - [STDERR_REDIRECT] [Fatal Error] :1:1: Premature end of file.
2025-08-23 14:37:28,512 [ERROR] LogOutputStream:75 - [STDERR_REDIRECT] 
2025-08-23 14:37:28,527 [ERROR] LogOutputStream:75 - [STDERR_REDIRECT] [Fatal Error] :1:1: Premature end of file.
2025-08-23 14:37:28,527 [ERROR] LogOutputStream:75 - [STDERR_REDIRECT] 
2025-08-23 14:37:28,542 [ERROR] LogOutputStream:75 - [STDERR_REDIRECT] [Fatal Error] :1:1: Premature end of file.
2025-08-23 14:37:28,542 [ERROR] LogOutputStream:75 - [STDERR_REDIRECT] 
2025-08-23 14:37:28,557 [ERROR] LogOutputStream:75 - [STDERR_REDIRECT] [Fatal Error] :1:1: Premature end of file.
2025-08-23 14:37:28,557 [ERROR] LogOutputStream:75 - [STDERR_REDIRECT] 
2025-08-23 14:37:28,573 [ERROR] LogOutputStream:75 - [STDERR_REDIRECT] [Fatal Error] :1:1: Premature end of file.
2025-08-23 14:37:28,573 [ERROR] LogOutputStream:75 - [STDERR_REDIRECT] 
2025-08-23 14:37:28,591 [ERROR] LogOutputStream:75 - [STDERR_REDIRECT] [Fatal Error] :1:1: Premature end of file.
2025-08-23 14:37:28,591 [ERROR] LogOutputStream:75 - [STDERR_REDIRECT] 
2025-08-23 14:37:28,610 [ERROR] LogOutputStream:75 - [STDERR_REDIRECT] [Fatal Error] :1:1: Premature end of file.
2025-08-23 14:37:28,610 [ERROR] LogOutputStream:75 - [STDERR_REDIRECT] 
2025-08-23 14:37:28,626 [ERROR] LogOutputStream:75 - [STDERR_REDIRECT] [Fatal Error] :1:1: Premature end of file.
2025-08-23 14:37:28,626 [ERROR] LogOutputStream:75 - [STDERR_REDIRECT] 
2025-08-23 14:37:28,646 [ERROR] LogOutputStream:75 - [STDERR_REDIRECT] [Fatal Error] :1:1: Premature end of file.
2025-08-23 14:37:28,646 [ERROR] LogOutputStream:75 - [STDERR_REDIRECT] 
2025-08-23 14:37:28,666 [ERROR] LogOutputStream:75 - [STDERR_REDIRECT] [Fatal Error] :1:1: Premature end of file.
2025-08-23 14:37:28,666 [ERROR] LogOutputStream:75 - [STDERR_REDIRECT] 
2025-08-23 14:37:28,676 [ERROR] LogOutputStream:75 - [STDERR_REDIRECT] [Fatal Error] :1:1: Premature end of file.
2025-08-23 14:37:28,676 [ERROR] LogOutputStream:75 - [STDERR_REDIRECT] 
2025-08-23 14:37:28,703 [ERROR] LogOutputStream:75 - [STDERR_REDIRECT] [Fatal Error] :1:1: Premature end of file.
2025-08-23 14:37:28,703 [ERROR] LogOutputStream:75 - [STDERR_REDIRECT] 
2025-08-23 14:37:28,723 [ERROR] LogOutputStream:75 - [STDERR_REDIRECT] [Fatal Error] :1:1: Premature end of file.
2025-08-23 14:37:28,723 [ERROR] LogOutputStream:75 - [STDERR_REDIRECT] 
2025-08-23 14:37:28,741 [ERROR] LogOutputStream:75 - [STDERR_REDIRECT] [Fatal Error] :1:1: Premature end of file.
2025-08-23 14:37:28,741 [ERROR] LogOutputStream:75 - [STDERR_REDIRECT] 
2025-08-23 14:37:28,762 [ERROR] LogOutputStream:75 - [STDERR_REDIRECT] [Fatal Error] :1:1: Premature end of file.
2025-08-23 14:37:28,762 [ERROR] LogOutputStream:75 - [STDERR_REDIRECT] 
2025-08-23 14:37:28,790 [ERROR] LogOutputStream:75 - [STDERR_REDIRECT] [Fatal Error] :1:1: Premature end of file.
2025-08-23 14:37:28,791 [ERROR] LogOutputStream:75 - [STDERR_REDIRECT] 
2025-08-23 14:37:28,808 [ERROR] LogOutputStream:75 - [STDERR_REDIRECT] [Fatal Error] :1:1: Premature end of file.
2025-08-23 14:37:28,808 [ERROR] LogOutputStream:75 - [STDERR_REDIRECT] 
2025-08-23 14:37:28,824 [ERROR] LogOutputStream:75 - [STDERR_REDIRECT] [Fatal Error] :1:1: Premature end of file.
2025-08-23 14:37:28,824 [ERROR] LogOutputStream:75 - [STDERR_REDIRECT] 
2025-08-23 14:37:28,841 [ERROR] LogOutputStream:75 - [STDERR_REDIRECT] [Fatal Error] :1:1: Premature end of file.
2025-08-23 14:37:28,841 [ERROR] LogOutputStream:75 - [STDERR_REDIRECT] 
2025-08-23 14:37:28,872 [ERROR] LogOutputStream:75 - [STDERR_REDIRECT] [Fatal Error] :1:1: Premature end of file.
2025-08-23 14:37:28,872 [ERROR] LogOutputStream:75 - [STDERR_REDIRECT] 
2025-08-23 14:37:28,891 [ERROR] LogOutputStream:75 - [STDERR_REDIRECT] [Fatal Error] :1:1: Premature end of file.
2025-08-23 14:37:28,891 [ERROR] LogOutputStream:75 - [STDERR_REDIRECT] 
2025-08-23 14:37:28,909 [ERROR] LogOutputStream:75 - [STDERR_REDIRECT] [Fatal Error] :1:1: Premature end of file.
2025-08-23 14:37:28,909 [ERROR] LogOutputStream:75 - [STDERR_REDIRECT] 
2025-08-23 14:37:28,924 [ERROR] LogOutputStream:75 - [STDERR_REDIRECT] [Fatal Error] :1:1: Premature end of file.
2025-08-23 14:37:28,924 [ERROR] LogOutputStream:75 - [STDERR_REDIRECT] 
2025-08-23 14:37:28,941 [ERROR] LogOutputStream:75 - [STDERR_REDIRECT] [Fatal Error] :1:1: Premature end of file.
2025-08-23 14:37:28,941 [ERROR] LogOutputStream:75 - [STDERR_REDIRECT] 
2025-08-23 14:37:28,957 [ERROR] LogOutputStream:75 - [STDERR_REDIRECT] [Fatal Error] :1:1: Premature end of file.
2025-08-23 14:37:28,957 [ERROR] LogOutputStream:75 - [STDERR_REDIRECT] 
2025-08-23 14:37:28,975 [ERROR] LogOutputStream:75 - [STDERR_REDIRECT] [Fatal Error] :1:1: Premature end of file.
2025-08-23 14:37:28,975 [ERROR] LogOutputStream:75 - [STDERR_REDIRECT] 
2025-08-23 14:37:28,992 [ERROR] LogOutputStream:75 - [STDERR_REDIRECT] [Fatal Error] :1:1: Premature end of file.
2025-08-23 14:37:28,992 [ERROR] LogOutputStream:75 - [STDERR_REDIRECT] 
2025-08-23 14:37:29,008 [ERROR] LogOutputStream:75 - [STDERR_REDIRECT] [Fatal Error] :1:1: Premature end of file.
2025-08-23 14:37:29,008 [ERROR] LogOutputStream:75 - [STDERR_REDIRECT] 
2025-08-23 14:37:29,029 [ERROR] LogOutputStream:75 - [STDERR_REDIRECT] [Fatal Error] :1:1: Premature end of file.
2025-08-23 14:37:29,029 [ERROR] LogOutputStream:75 - [STDERR_REDIRECT] 
2025-08-23 14:37:29,041 [ERROR] LogOutputStream:75 - [STDERR_REDIRECT] [Fatal Error] :1:1: Premature end of file.
2025-08-23 14:37:29,041 [ERROR] LogOutputStream:75 - [STDERR_REDIRECT] 
2025-08-23 14:37:29,062 [ERROR] LogOutputStream:75 - [STDERR_REDIRECT] [Fatal Error] :1:1: Premature end of file.
2025-08-23 14:37:29,063 [ERROR] LogOutputStream:75 - [STDERR_REDIRECT] 
2025-08-23 14:37:29,074 [ERROR] LogOutputStream:75 - [STDERR_REDIRECT] [Fatal Error] :1:1: Premature end of file.
2025-08-23 14:37:29,074 [ERROR] LogOutputStream:75 - [STDERR_REDIRECT] 
2025-08-23 14:37:29,098 [ERROR] LogOutputStream:75 - [STDERR_REDIRECT] [Fatal Error] :1:1: Premature end of file.
2025-08-23 14:37:29,098 [ERROR] LogOutputStream:75 - [STDERR_REDIRECT] 
2025-08-23 14:37:29,117 [ERROR] LogOutputStream:75 - [STDERR_REDIRECT] [Fatal Error] :1:1: Premature end of file.
2025-08-23 14:37:29,118 [ERROR] LogOutputStream:75 - [STDERR_REDIRECT] 
2025-08-23 14:37:29,125 [ERROR] LogOutputStream:75 - [STDERR_REDIRECT] [Fatal Error] :1:1: Premature end of file.
2025-08-23 14:37:29,125 [ERROR] LogOutputStream:75 - [STDERR_REDIRECT] 
2025-08-23 14:37:29,164 [ERROR] LogOutputStream:75 - [STDERR_REDIRECT] [Fatal Error] :1:1: Premature end of file.
2025-08-23 14:37:29,164 [ERROR] LogOutputStream:75 - [STDERR_REDIRECT] 
2025-08-23 14:37:29,175 [ERROR] LogOutputStream:75 - [STDERR_REDIRECT] [Fatal Error] :1:1: Premature end of file.
2025-08-23 14:37:29,175 [ERROR] LogOutputStream:75 - [STDERR_REDIRECT] 
2025-08-23 14:37:29,206 [ERROR] LogOutputStream:75 - [STDERR_REDIRECT] [Fatal Error] :1:1: Premature end of file.
2025-08-23 14:37:29,206 [ERROR] LogOutputStream:75 - [STDERR_REDIRECT] 
2025-08-23 14:37:29,226 [ERROR] LogOutputStream:75 - [STDERR_REDIRECT] [Fatal Error] :1:1: Premature end of file.
2025-08-23 14:37:29,226 [ERROR] LogOutputStream:75 - [STDERR_REDIRECT] 
2025-08-23 14:37:29,240 [ERROR] LogOutputStream:75 - [STDERR_REDIRECT] [Fatal Error] :1:1: Premature end of file.
2025-08-23 14:37:29,240 [ERROR] LogOutputStream:75 - [STDERR_REDIRECT] 
2025-08-23 14:37:29,271 [ERROR] LogOutputStream:75 - [STDERR_REDIRECT] [Fatal Error] :1:1: Premature end of file.
2025-08-23 14:37:29,271 [ERROR] LogOutputStream:75 - [STDERR_REDIRECT] 
2025-08-23 14:37:29,295 [ERROR] LogOutputStream:75 - [STDERR_REDIRECT] [Fatal Error] :1:1: Premature end of file.
2025-08-23 14:37:29,295 [ERROR] LogOutputStream:75 - [STDERR_REDIRECT] 
2025-08-23 14:37:29,306 [ERROR] LogOutputStream:75 - [STDERR_REDIRECT] [Fatal Error] :1:1: Premature end of file.
2025-08-23 14:37:29,306 [ERROR] LogOutputStream:75 - [STDERR_REDIRECT] 
2025-08-23 14:37:29,343 [ERROR] LogOutputStream:75 - [STDERR_REDIRECT] [Fatal Error] :1:1: Premature end of file.
2025-08-23 14:37:29,343 [ERROR] LogOutputStream:75 - [STDERR_REDIRECT] 
2025-08-23 14:37:29,365 [ERROR] LogOutputStream:75 - [STDERR_REDIRECT] [Fatal Error] :1:1: Premature end of file.
2025-08-23 14:37:29,365 [ERROR] LogOutputStream:75 - [STDERR_REDIRECT] 
2025-08-23 14:37:29,384 [ERROR] LogOutputStream:75 - [STDERR_REDIRECT] [Fatal Error] :1:1: Premature end of file.
2025-08-23 14:37:29,385 [ERROR] LogOutputStream:75 - [STDERR_REDIRECT] 
2025-08-23 14:37:29,407 [ERROR] LogOutputStream:75 - [STDERR_REDIRECT] [Fatal Error] :1:1: Premature end of file.
2025-08-23 14:37:29,407 [ERROR] LogOutputStream:75 - [STDERR_REDIRECT] 
2025-08-23 14:37:29,423 [ERROR] LogOutputStream:75 - [STDERR_REDIRECT] [Fatal Error] :1:1: Premature end of file.
2025-08-23 14:37:29,423 [ERROR] LogOutputStream:75 - [STDERR_REDIRECT] 
2025-08-23 14:37:29,463 [ERROR] LogOutputStream:75 - [STDERR_REDIRECT] [Fatal Error] :1:1: Premature end of file.
2025-08-23 14:37:29,463 [ERROR] LogOutputStream:75 - [STDERR_REDIRECT] 
2025-08-23 14:37:29,503 [ERROR] LogOutputStream:75 - [STDERR_REDIRECT] [Fatal Error] :1:1: Premature end of file.
2025-08-23 14:37:29,503 [ERROR] LogOutputStream:75 - [STDERR_REDIRECT] 
2025-08-23 14:37:29,528 [ERROR] LogOutputStream:75 - [STDERR_REDIRECT] [Fatal Error] :1:1: Premature end of file.
2025-08-23 14:37:29,528 [ERROR] LogOutputStream:75 - [STDERR_REDIRECT] 
2025-08-23 14:37:29,553 [ERROR] LogOutputStream:75 - [STDERR_REDIRECT] [Fatal Error] :1:1: Premature end of file.
2025-08-23 14:37:29,553 [ERROR] LogOutputStream:75 - [STDERR_REDIRECT] 
2025-08-23 14:37:29,579 [ERROR] LogOutputStream:75 - [STDERR_REDIRECT] [Fatal Error] :1:1: Premature end of file.
2025-08-23 14:37:29,579 [ERROR] LogOutputStream:75 - [STDERR_REDIRECT] 
2025-08-23 14:37:29,611 [ERROR] LogOutputStream:75 - [STDERR_REDIRECT] [Fatal Error] :1:1: Premature end of file.
2025-08-23 14:37:29,611 [ERROR] LogOutputStream:75 - [STDERR_REDIRECT] 
2025-08-23 14:37:29,625 [ERROR] LogOutputStream:75 - [STDERR_REDIRECT] [Fatal Error] :1:1: Premature end of file.
2025-08-23 14:37:29,625 [ERROR] LogOutputStream:75 - [STDERR_REDIRECT] 
2025-08-23 14:37:29,657 [ERROR] LogOutputStream:75 - [STDERR_REDIRECT] [Fatal Error] :1:1: Premature end of file.
2025-08-23 14:37:29,657 [ERROR] LogOutputStream:75 - [STDERR_REDIRECT] 
2025-08-23 14:37:29,675 [ERROR] LogOutputStream:75 - [STDERR_REDIRECT] [Fatal Error] :1:1: Premature end of file.
2025-08-23 14:37:29,675 [ERROR] LogOutputStream:75 - [STDERR_REDIRECT] 
2025-08-23 14:37:29,692 [ERROR] LogOutputStream:75 - [STDERR_REDIRECT] [Fatal Error] :1:1: Premature end of file.
2025-08-23 14:37:29,692 [ERROR] LogOutputStream:75 - [STDERR_REDIRECT] 
2025-08-23 14:37:29,717 [ERROR] LogOutputStream:75 - [STDERR_REDIRECT] [Fatal Error] :1:1: Premature end of file.
2025-08-23 14:37:29,717 [ERROR] LogOutputStream:75 - [STDERR_REDIRECT] 
2025-08-23 14:37:29,741 [ERROR] LogOutputStream:75 - [STDERR_REDIRECT] [Fatal Error] :1:1: Premature end of file.
2025-08-23 14:37:29,741 [ERROR] LogOutputStream:75 - [STDERR_REDIRECT] 
2025-08-23 14:37:29,765 [ERROR] LogOutputStream:75 - [STDERR_REDIRECT] [Fatal Error] :1:1: Premature end of file.
2025-08-23 14:37:29,765 [ERROR] LogOutputStream:75 - [STDERR_REDIRECT] 
2025-08-23 14:37:29,777 [ERROR] LogOutputStream:75 - [STDERR_REDIRECT] [Fatal Error] :1:1: Premature end of file.
2025-08-23 14:37:29,777 [ERROR] LogOutputStream:75 - [STDERR_REDIRECT] 
2025-08-23 14:37:29,807 [ERROR] LogOutputStream:75 - [STDERR_REDIRECT] [Fatal Error] :1:1: Premature end of file.
2025-08-23 14:37:29,807 [ERROR] LogOutputStream:75 - [STDERR_REDIRECT] 
2025-08-23 14:37:29,824 [ERROR] LogOutputStream:75 - [STDERR_REDIRECT] [Fatal Error] :1:1: Premature end of file.
2025-08-23 14:37:29,824 [ERROR] LogOutputStream:75 - [STDERR_REDIRECT] 
2025-08-23 14:37:29,840 [ERROR] LogOutputStream:75 - [STDERR_REDIRECT] [Fatal Error] :1:1: Premature end of file.
2025-08-23 14:37:29,840 [ERROR] LogOutputStream:75 - [STDERR_REDIRECT] 
2025-08-23 14:37:29,874 [ERROR] LogOutputStream:75 - [STDERR_REDIRECT] [Fatal Error] :1:1: Premature end of file.
2025-08-23 14:37:29,874 [ERROR] LogOutputStream:75 - [STDERR_REDIRECT] 
2025-08-23 14:37:29,892 [ERROR] LogOutputStream:75 - [STDERR_REDIRECT] [Fatal Error] :1:1: Premature end of file.
2025-08-23 14:37:29,892 [ERROR] LogOutputStream:75 - [STDERR_REDIRECT] 
2025-08-23 14:37:29,907 [ERROR] LogOutputStream:75 - [STDERR_REDIRECT] [Fatal Error] :1:1: Premature end of file.
2025-08-23 14:37:29,907 [ERROR] LogOutputStream:75 - [STDERR_REDIRECT] 
2025-08-23 14:37:29,924 [ERROR] LogOutputStream:75 - [STDERR_REDIRECT] [Fatal Error] :1:1: Premature end of file.
2025-08-23 14:37:29,924 [ERROR] LogOutputStream:75 - [STDERR_REDIRECT] 
2025-08-23 14:37:29,941 [ERROR] LogOutputStream:75 - [STDERR_REDIRECT] [Fatal Error] :1:1: Premature end of file.
2025-08-23 14:37:29,941 [ERROR] LogOutputStream:75 - [STDERR_REDIRECT] 
2025-08-23 14:37:29,957 [ERROR] LogOutputStream:75 - [STDERR_REDIRECT] [Fatal Error] :1:1: Premature end of file.
2025-08-23 14:37:29,958 [ERROR] LogOutputStream:75 - [STDERR_REDIRECT] 
2025-08-23 14:37:29,981 [ERROR] LogOutputStream:75 - [STDERR_REDIRECT] [Fatal Error] :1:1: Premature end of file.
2025-08-23 14:37:29,981 [ERROR] LogOutputStream:75 - [STDERR_REDIRECT] 
2025-08-23 14:37:29,995 [ERROR] LogOutputStream:75 - [STDERR_REDIRECT] [Fatal Error] :1:1: Premature end of file.
2025-08-23 14:37:29,995 [ERROR] LogOutputStream:75 - [STDERR_REDIRECT] 
2025-08-23 14:37:30,006 [ERROR] LogOutputStream:75 - [STDERR_REDIRECT] [Fatal Error] :1:1: Premature end of file.
2025-08-23 14:37:30,006 [ERROR] LogOutputStream:75 - [STDERR_REDIRECT] 
2025-08-23 14:37:30,037 [ERROR] LogOutputStream:75 - [STDERR_REDIRECT] [Fatal Error] :1:1: Premature end of file.
2025-08-23 14:37:30,037 [ERROR] LogOutputStream:75 - [STDERR_REDIRECT] 
2025-08-23 14:37:30,064 [ERROR] LogOutputStream:75 - [STDERR_REDIRECT] [Fatal Error] :1:1: Premature end of file.
2025-08-23 14:37:30,064 [ERROR] LogOutputStream:75 - [STDERR_REDIRECT] 
2025-08-23 14:37:30,074 [ERROR] LogOutputStream:75 - [STDERR_REDIRECT] [Fatal Error] :1:1: Premature end of file.
2025-08-23 14:37:30,074 [ERROR] LogOutputStream:75 - [STDERR_REDIRECT] 
2025-08-23 14:37:30,094 [ERROR] LogOutputStream:75 - [STDERR_REDIRECT] [Fatal Error] :1:1: Premature end of file.
2025-08-23 14:37:30,094 [ERROR] LogOutputStream:75 - [STDERR_REDIRECT] 
2025-08-23 14:37:30,124 [ERROR] LogOutputStream:75 - [STDERR_REDIRECT] [Fatal Error] :1:1: Premature end of file.
2025-08-23 14:37:30,124 [ERROR] LogOutputStream:75 - [STDERR_REDIRECT] 
2025-08-23 14:37:30,149 [ERROR] LogOutputStream:75 - [STDERR_REDIRECT] [Fatal Error] :1:1: Premature end of file.
2025-08-23 14:37:30,149 [ERROR] LogOutputStream:75 - [STDERR_REDIRECT] 
2025-08-23 14:37:30,180 [ERROR] LogOutputStream:75 - [STDERR_REDIRECT] [Fatal Error] :1:1: Premature end of file.
2025-08-23 14:37:30,180 [ERROR] LogOutputStream:75 - [STDERR_REDIRECT] 
2025-08-23 14:37:30,210 [ERROR] LogOutputStream:75 - [STDERR_REDIRECT] [Fatal Error] :1:1: Premature end of file.
2025-08-23 14:37:30,210 [ERROR] LogOutputStream:75 - [STDERR_REDIRECT] 
2025-08-23 14:37:30,241 [ERROR] LogOutputStream:75 - [STDERR_REDIRECT] [Fatal Error] :1:1: Premature end of file.
2025-08-23 14:37:30,241 [ERROR] LogOutputStream:75 - [STDERR_REDIRECT] 
2025-08-23 14:37:30,267 [ERROR] LogOutputStream:75 - [STDERR_REDIRECT] [Fatal Error] :1:1: Premature end of file.
2025-08-23 14:37:30,267 [ERROR] LogOutputStream:75 - [STDERR_REDIRECT] 
2025-08-23 14:37:30,292 [ERROR] LogOutputStream:75 - [STDERR_REDIRECT] [Fatal Error] :1:1: Premature end of file.
2025-08-23 14:37:30,292 [ERROR] LogOutputStream:75 - [STDERR_REDIRECT] 
2025-08-23 14:37:30,312 [ERROR] LogOutputStream:75 - [STDERR_REDIRECT] [Fatal Error] :1:1: Premature end of file.
2025-08-23 14:37:30,312 [ERROR] LogOutputStream:75 - [STDERR_REDIRECT] 
2025-08-23 14:37:30,344 [ERROR] LogOutputStream:75 - [STDERR_REDIRECT] [Fatal Error] :1:1: Premature end of file.
2025-08-23 14:37:30,344 [ERROR] LogOutputStream:75 - [STDERR_REDIRECT] 
2025-08-23 14:37:30,364 [ERROR] LogOutputStream:75 - [STDERR_REDIRECT] [Fatal Error] :1:1: Premature end of file.
2025-08-23 14:37:30,364 [ERROR] LogOutputStream:75 - [STDERR_REDIRECT] 
2025-08-23 14:37:30,384 [ERROR] LogOutputStream:75 - [STDERR_REDIRECT] [Fatal Error] :1:1: Premature end of file.
2025-08-23 14:37:30,384 [ERROR] LogOutputStream:75 - [STDERR_REDIRECT] 
2025-08-23 14:37:30,404 [ERROR] LogOutputStream:75 - [STDERR_REDIRECT] [Fatal Error] :1:1: Premature end of file.
2025-08-23 14:37:30,404 [ERROR] LogOutputStream:75 - [STDERR_REDIRECT] 
2025-08-23 14:37:30,424 [ERROR] LogOutputStream:75 - [STDERR_REDIRECT] [Fatal Error] :1:1: Premature end of file.
2025-08-23 14:37:30,424 [ERROR] LogOutputStream:75 - [STDERR_REDIRECT] 
2025-08-23 14:37:30,445 [ERROR] LogOutputStream:75 - [STDERR_REDIRECT] [Fatal Error] :1:1: Premature end of file.
2025-08-23 14:37:30,445 [ERROR] LogOutputStream:75 - [STDERR_REDIRECT] 
2025-08-23 14:37:30,468 [ERROR] LogOutputStream:75 - [STDERR_REDIRECT] [Fatal Error] :1:1: Premature end of file.
2025-08-23 14:37:30,468 [ERROR] LogOutputStream:75 - [STDERR_REDIRECT] 
2025-08-23 14:37:30,490 [ERROR] LogOutputStream:75 - [STDERR_REDIRECT] [Fatal Error] :1:1: Premature end of file.
2025-08-23 14:37:30,490 [ERROR] LogOutputStream:75 - [STDERR_REDIRECT] 
2025-08-23 14:37:30,510 [ERROR] LogOutputStream:75 - [STDERR_REDIRECT] [Fatal Error] :1:1: Premature end of file.
2025-08-23 14:37:30,510 [ERROR] LogOutputStream:75 - [STDERR_REDIRECT] 
2025-08-23 14:37:30,524 [ERROR] LogOutputStream:75 - [STDERR_REDIRECT] [Fatal Error] :1:1: Premature end of file.
2025-08-23 14:37:30,524 [ERROR] LogOutputStream:75 - [STDERR_REDIRECT] 
2025-08-23 14:37:30,541 [ERROR] LogOutputStream:75 - [STDERR_REDIRECT] [Fatal Error] :1:1: Premature end of file.
2025-08-23 14:37:30,541 [ERROR] LogOutputStream:75 - [STDERR_REDIRECT] 
2025-08-23 14:37:30,572 [ERROR] LogOutputStream:75 - [STDERR_REDIRECT] [Fatal Error] :1:1: Premature end of file.
2025-08-23 14:37:30,572 [ERROR] LogOutputStream:75 - [STDERR_REDIRECT] 
2025-08-23 14:37:30,592 [ERROR] LogOutputStream:75 - [STDERR_REDIRECT] [Fatal Error] :1:1: Premature end of file.
2025-08-23 14:37:30,592 [ERROR] LogOutputStream:75 - [STDERR_REDIRECT] 
2025-08-23 14:37:30,614 [ERROR] LogOutputStream:75 - [STDERR_REDIRECT] [Fatal Error] :1:1: Premature end of file.
2025-08-23 14:37:30,614 [ERROR] LogOutputStream:75 - [STDERR_REDIRECT] 
2025-08-23 14:37:30,640 [ERROR] LogOutputStream:75 - [STDERR_REDIRECT] [Fatal Error] :1:1: Premature end of file.
2025-08-23 14:37:30,640 [ERROR] LogOutputStream:75 - [STDERR_REDIRECT] 
2025-08-23 14:37:30,660 [ERROR] LogOutputStream:75 - [STDERR_REDIRECT] [Fatal Error] :1:1: Premature end of file.
2025-08-23 14:37:30,661 [ERROR] LogOutputStream:75 - [STDERR_REDIRECT] 
2025-08-23 14:37:30,679 [ERROR] LogOutputStream:75 - [STDERR_REDIRECT] [Fatal Error] :1:1: Premature end of file.
2025-08-23 14:37:30,680 [ERROR] LogOutputStream:75 - [STDERR_REDIRECT] 
2025-08-23 14:37:30,697 [ERROR] LogOutputStream:75 - [STDERR_REDIRECT] [Fatal Error] :1:1: Premature end of file.
2025-08-23 14:37:30,697 [ERROR] LogOutputStream:75 - [STDERR_REDIRECT] 
2025-08-23 14:37:30,715 [ERROR] LogOutputStream:75 - [STDERR_REDIRECT] [Fatal Error] :1:1: Premature end of file.
2025-08-23 14:37:30,715 [ERROR] LogOutputStream:75 - [STDERR_REDIRECT] 
2025-08-23 14:37:30,731 [ERROR] LogOutputStream:75 - [STDERR_REDIRECT] [Fatal Error] :1:1: Premature end of file.
2025-08-23 14:37:30,732 [ERROR] LogOutputStream:75 - [STDERR_REDIRECT] 
2025-08-23 14:37:30,749 [ERROR] LogOutputStream:75 - [STDERR_REDIRECT] [Fatal Error] :1:1: Premature end of file.
2025-08-23 14:37:30,749 [ERROR] LogOutputStream:75 - [STDERR_REDIRECT] 
2025-08-23 14:37:30,768 [ERROR] LogOutputStream:75 - [STDERR_REDIRECT] [Fatal Error] :1:1: Premature end of file.
2025-08-23 14:37:30,768 [ERROR] LogOutputStream:75 - [STDERR_REDIRECT] 
2025-08-23 14:37:30,788 [ERROR] LogOutputStream:75 - [STDERR_REDIRECT] [Fatal Error] :1:1: Premature end of file.
2025-08-23 14:37:30,788 [ERROR] LogOutputStream:75 - [STDERR_REDIRECT] 
2025-08-23 14:37:30,806 [ERROR] LogOutputStream:75 - [STDERR_REDIRECT] [Fatal Error] :1:1: Premature end of file.
2025-08-23 14:37:30,806 [ERROR] LogOutputStream:75 - [STDERR_REDIRECT] 
2025-08-23 14:37:30,826 [ERROR] LogOutputStream:75 - [STDERR_REDIRECT] [Fatal Error] :1:1: Premature end of file.
2025-08-23 14:37:30,827 [ERROR] LogOutputStream:75 - [STDERR_REDIRECT] 
2025-08-23 14:37:30,850 [ERROR] LogOutputStream:75 - [STDERR_REDIRECT] [Fatal Error] :1:1: Premature end of file.
2025-08-23 14:37:30,850 [ERROR] LogOutputStream:75 - [STDERR_REDIRECT] 
2025-08-23 14:37:30,874 [ERROR] LogOutputStream:75 - [STDERR_REDIRECT] [Fatal Error] :1:1: Premature end of file.
2025-08-23 14:37:30,874 [ERROR] LogOutputStream:75 - [STDERR_REDIRECT] 
2025-08-23 14:37:30,897 [ERROR] LogOutputStream:75 - [STDERR_REDIRECT] [Fatal Error] :1:1: Premature end of file.
2025-08-23 14:37:30,897 [ERROR] LogOutputStream:75 - [STDERR_REDIRECT] 
2025-08-23 14:37:30,911 [ERROR] LogOutputStream:75 - [STDERR_REDIRECT] [Fatal Error] :1:1: Premature end of file.
2025-08-23 14:37:30,911 [ERROR] LogOutputStream:75 - [STDERR_REDIRECT] 
2025-08-23 14:37:30,926 [ERROR] LogOutputStream:75 - [STDERR_REDIRECT] [Fatal Error] :1:1: Premature end of file.
2025-08-23 14:37:30,926 [ERROR] LogOutputStream:75 - [STDERR_REDIRECT] 
2025-08-23 14:37:30,940 [ERROR] LogOutputStream:75 - [STDERR_REDIRECT] [Fatal Error] :1:1: Premature end of file.
2025-08-23 14:37:30,940 [ERROR] LogOutputStream:75 - [STDERR_REDIRECT] 
2025-08-23 14:37:30,973 [ERROR] LogOutputStream:75 - [STDERR_REDIRECT] [Fatal Error] :1:1: Premature end of file.
2025-08-23 14:37:30,973 [ERROR] LogOutputStream:75 - [STDERR_REDIRECT] 
2025-08-23 14:37:30,989 [ERROR] LogOutputStream:75 - [STDERR_REDIRECT] [Fatal Error] :1:1: Premature end of file.
2025-08-23 14:37:30,990 [ERROR] LogOutputStream:75 - [STDERR_REDIRECT] 
2025-08-23 14:37:31,011 [ERROR] LogOutputStream:75 - [STDERR_REDIRECT] [Fatal Error] :1:1: Premature end of file.
2025-08-23 14:37:31,011 [ERROR] LogOutputStream:75 - [STDERR_REDIRECT] 
2025-08-23 14:37:31,022 [ERROR] LogOutputStream:75 - [STDERR_REDIRECT] [Fatal Error] :1:1: Premature end of file.
2025-08-23 14:37:31,022 [ERROR] LogOutputStream:75 - [STDERR_REDIRECT] 
2025-08-23 14:37:31,040 [ERROR] LogOutputStream:75 - [STDERR_REDIRECT] [Fatal Error] :1:1: Premature end of file.
2025-08-23 14:37:31,040 [ERROR] LogOutputStream:75 - [STDERR_REDIRECT] 
2025-08-23 14:37:31,054 [ERROR] LogOutputStream:75 - [STDERR_REDIRECT] [Fatal Error] :1:1: Premature end of file.
2025-08-23 14:37:31,054 [ERROR] LogOutputStream:75 - [STDERR_REDIRECT] 
2025-08-23 14:37:31,077 [ERROR] LogOutputStream:75 - [STDERR_REDIRECT] [Fatal Error] :1:1: Premature end of file.
2025-08-23 14:37:31,077 [ERROR] LogOutputStream:75 - [STDERR_REDIRECT] 
2025-08-23 14:37:31,092 [ERROR] LogOutputStream:75 - [STDERR_REDIRECT] [Fatal Error] :1:1: Premature end of file.
2025-08-23 14:37:31,092 [ERROR] LogOutputStream:75 - [STDERR_REDIRECT] 
2025-08-23 14:37:31,108 [ERROR] LogOutputStream:75 - [STDERR_REDIRECT] [Fatal Error] :1:1: Premature end of file.
2025-08-23 14:37:31,108 [ERROR] LogOutputStream:75 - [STDERR_REDIRECT] 
2025-08-23 14:37:31,130 [ERROR] LogOutputStream:75 - [STDERR_REDIRECT] [Fatal Error] :1:1: Premature end of file.
2025-08-23 14:37:31,131 [ERROR] LogOutputStream:75 - [STDERR_REDIRECT] 
2025-08-23 14:37:31,149 [ERROR] LogOutputStream:75 - [STDERR_REDIRECT] [Fatal Error] :1:1: Premature end of file.
2025-08-23 14:37:31,149 [ERROR] LogOutputStream:75 - [STDERR_REDIRECT] 
2025-08-23 14:37:31,164 [ERROR] LogOutputStream:75 - [STDERR_REDIRECT] [Fatal Error] :1:1: Premature end of file.
2025-08-23 14:37:31,164 [ERROR] LogOutputStream:75 - [STDERR_REDIRECT] 
2025-08-23 14:37:31,181 [ERROR] LogOutputStream:75 - [STDERR_REDIRECT] [Fatal Error] :1:1: Premature end of file.
2025-08-23 14:37:31,181 [ERROR] LogOutputStream:75 - [STDERR_REDIRECT] 
2025-08-23 14:37:31,196 [ERROR] LogOutputStream:75 - [STDERR_REDIRECT] [Fatal Error] :1:1: Premature end of file.
2025-08-23 14:37:31,196 [ERROR] LogOutputStream:75 - [STDERR_REDIRECT] 
2025-08-23 14:37:31,229 [ERROR] LogOutputStream:75 - [STDERR_REDIRECT] [Fatal Error] :1:1: Premature end of file.
2025-08-23 14:37:31,229 [ERROR] LogOutputStream:75 - [STDERR_REDIRECT] 
2025-08-23 14:37:31,249 [ERROR] LogOutputStream:75 - [STDERR_REDIRECT] [Fatal Error] :1:1: Premature end of file.
2025-08-23 14:37:31,249 [ERROR] LogOutputStream:75 - [STDERR_REDIRECT] 
2025-08-23 14:37:31,271 [ERROR] LogOutputStream:75 - [STDERR_REDIRECT] [Fatal Error] :1:1: Premature end of file.
2025-08-23 14:37:31,271 [ERROR] LogOutputStream:75 - [STDERR_REDIRECT] 
2025-08-23 14:37:31,295 [ERROR] LogOutputStream:75 - [STDERR_REDIRECT] [Fatal Error] :1:1: Premature end of file.
2025-08-23 14:37:31,296 [ERROR] LogOutputStream:75 - [STDERR_REDIRECT] 
2025-08-23 14:37:31,315 [ERROR] LogOutputStream:75 - [STDERR_REDIRECT] [Fatal Error] :1:1: Premature end of file.
2025-08-23 14:37:31,315 [ERROR] LogOutputStream:75 - [STDERR_REDIRECT] 
2025-08-23 14:37:31,335 [ERROR] LogOutputStream:75 - [STDERR_REDIRECT] [Fatal Error] :1:1: Premature end of file.
2025-08-23 14:37:31,335 [ERROR] LogOutputStream:75 - [STDERR_REDIRECT] 
2025-08-23 14:37:31,352 [ERROR] LogOutputStream:75 - [STDERR_REDIRECT] [Fatal Error] :1:1: Premature end of file.
2025-08-23 14:37:31,352 [ERROR] LogOutputStream:75 - [STDERR_REDIRECT] 
2025-08-23 14:37:31,367 [ERROR] LogOutputStream:75 - [STDERR_REDIRECT] [Fatal Error] :1:1: Premature end of file.
2025-08-23 14:37:31,367 [ERROR] LogOutputStream:75 - [STDERR_REDIRECT] 
2025-08-23 14:37:31,383 [ERROR] LogOutputStream:75 - [STDERR_REDIRECT] [Fatal Error] :1:1: Premature end of file.
2025-08-23 14:37:31,383 [ERROR] LogOutputStream:75 - [STDERR_REDIRECT] 
2025-08-23 14:37:31,398 [ERROR] LogOutputStream:75 - [STDERR_REDIRECT] [Fatal Error] :1:1: Premature end of file.
2025-08-23 14:37:31,399 [ERROR] LogOutputStream:75 - [STDERR_REDIRECT] 
2025-08-23 14:37:31,415 [ERROR] LogOutputStream:75 - [STDERR_REDIRECT] [Fatal Error] :1:1: Premature end of file.
2025-08-23 14:37:31,415 [ERROR] LogOutputStream:75 - [STDERR_REDIRECT] 
2025-08-23 14:37:31,430 [ERROR] LogOutputStream:75 - [STDERR_REDIRECT] [Fatal Error] :1:1: Premature end of file.
2025-08-23 14:37:31,430 [ERROR] LogOutputStream:75 - [STDERR_REDIRECT] 
2025-08-23 14:37:31,445 [ERROR] LogOutputStream:75 - [STDERR_REDIRECT] [Fatal Error] :1:1: Premature end of file.
2025-08-23 14:37:31,445 [ERROR] LogOutputStream:75 - [STDERR_REDIRECT] 
2025-08-23 14:37:31,461 [ERROR] LogOutputStream:75 - [STDERR_REDIRECT] [Fatal Error] :1:1: Premature end of file.
2025-08-23 14:37:31,461 [ERROR] LogOutputStream:75 - [STDERR_REDIRECT] 
2025-08-23 14:37:31,477 [ERROR] LogOutputStream:75 - [STDERR_REDIRECT] [Fatal Error] :1:1: Premature end of file.
2025-08-23 14:37:31,477 [ERROR] LogOutputStream:75 - [STDERR_REDIRECT] 
2025-08-23 14:37:31,492 [ERROR] LogOutputStream:75 - [STDERR_REDIRECT] [Fatal Error] :1:1: Premature end of file.
2025-08-23 14:37:31,492 [ERROR] LogOutputStream:75 - [STDERR_REDIRECT] 
2025-08-23 14:37:31,508 [ERROR] LogOutputStream:75 - [STDERR_REDIRECT] [Fatal Error] :1:1: Premature end of file.
2025-08-23 14:37:31,508 [ERROR] LogOutputStream:75 - [STDERR_REDIRECT] 
2025-08-23 14:37:31,530 [ERROR] LogOutputStream:75 - [STDERR_REDIRECT] [Fatal Error] :1:1: Premature end of file.
2025-08-23 14:37:31,530 [ERROR] LogOutputStream:75 - [STDERR_REDIRECT] 
2025-08-23 14:37:31,545 [ERROR] LogOutputStream:75 - [STDERR_REDIRECT] [Fatal Error] :1:1: Premature end of file.
2025-08-23 14:37:31,545 [ERROR] LogOutputStream:75 - [STDERR_REDIRECT] 
2025-08-23 14:37:31,562 [ERROR] LogOutputStream:75 - [STDERR_REDIRECT] [Fatal Error] :1:1: Premature end of file.
2025-08-23 14:37:31,562 [ERROR] LogOutputStream:75 - [STDERR_REDIRECT] 
2025-08-23 14:37:31,578 [ERROR] LogOutputStream:75 - [STDERR_REDIRECT] [Fatal Error] :1:1: Premature end of file.
2025-08-23 14:37:31,578 [ERROR] LogOutputStream:75 - [STDERR_REDIRECT] 
2025-08-23 14:37:31,593 [ERROR] LogOutputStream:75 - [STDERR_REDIRECT] [Fatal Error] :1:1: Premature end of file.
2025-08-23 14:37:31,593 [ERROR] LogOutputStream:75 - [STDERR_REDIRECT] 
2025-08-23 14:37:31,610 [ERROR] LogOutputStream:75 - [STDERR_REDIRECT] [Fatal Error] :1:1: Premature end of file.
2025-08-23 14:37:31,610 [ERROR] LogOutputStream:75 - [STDERR_REDIRECT] 
2025-08-23 14:37:31,629 [ERROR] LogOutputStream:75 - [STDERR_REDIRECT] [Fatal Error] :1:1: Premature end of file.
2025-08-23 14:37:31,629 [ERROR] LogOutputStream:75 - [STDERR_REDIRECT] 
2025-08-23 14:37:31,648 [ERROR] LogOutputStream:75 - [STDERR_REDIRECT] [Fatal Error] :1:1: Premature end of file.
2025-08-23 14:37:31,648 [ERROR] LogOutputStream:75 - [STDERR_REDIRECT] 
2025-08-23 14:37:31,668 [ERROR] LogOutputStream:75 - [STDERR_REDIRECT] [Fatal Error] :1:1: Premature end of file.
2025-08-23 14:37:31,668 [ERROR] LogOutputStream:75 - [STDERR_REDIRECT] 
2025-08-23 14:37:31,686 [ERROR] LogOutputStream:75 - [STDERR_REDIRECT] [Fatal Error] :1:1: Premature end of file.
2025-08-23 14:37:31,686 [ERROR] LogOutputStream:75 - [STDERR_REDIRECT] 
2025-08-23 14:37:31,704 [ERROR] LogOutputStream:75 - [STDERR_REDIRECT] [Fatal Error] :1:1: Premature end of file.
2025-08-23 14:37:31,704 [ERROR] LogOutputStream:75 - [STDERR_REDIRECT] 
2025-08-23 14:37:31,716 [ERROR] LogOutputStream:75 - [STDERR_REDIRECT] [Fatal Error] :1:1: Premature end of file.
2025-08-23 14:37:31,716 [ERROR] LogOutputStream:75 - [STDERR_REDIRECT] 
2025-08-23 14:37:31,732 [ERROR] LogOutputStream:75 - [STDERR_REDIRECT] [Fatal Error] :1:1: Premature end of file.
2025-08-23 14:37:31,732 [ERROR] LogOutputStream:75 - [STDERR_REDIRECT] 
2025-08-23 14:37:31,756 [ERROR] LogOutputStream:75 - [STDERR_REDIRECT] [Fatal Error] :1:1: Premature end of file.
2025-08-23 14:37:31,756 [ERROR] LogOutputStream:75 - [STDERR_REDIRECT] 
2025-08-23 14:37:31,798 [ERROR] LogOutputStream:75 - [STDERR_REDIRECT] [Fatal Error] :1:1: Premature end of file.
2025-08-23 14:37:31,799 [ERROR] LogOutputStream:75 - [STDERR_REDIRECT] 
2025-08-23 14:37:31,839 [ERROR] LogOutputStream:75 - [STDERR_REDIRECT] [Fatal Error] :1:1: Premature end of file.
2025-08-23 14:37:31,839 [ERROR] LogOutputStream:75 - [STDERR_REDIRECT] 
2025-08-23 14:37:31,878 [ERROR] LogOutputStream:75 - [STDERR_REDIRECT] [Fatal Error] :1:1: Premature end of file.
2025-08-23 14:37:31,878 [ERROR] LogOutputStream:75 - [STDERR_REDIRECT] 
2025-08-23 14:37:31,917 [ERROR] LogOutputStream:75 - [STDERR_REDIRECT] [Fatal Error] :1:1: Premature end of file.
2025-08-23 14:37:31,917 [ERROR] LogOutputStream:75 - [STDERR_REDIRECT] 
2025-08-23 14:37:31,959 [ERROR] LogOutputStream:75 - [STDERR_REDIRECT] [Fatal Error] :1:1: Premature end of file.
2025-08-23 14:37:31,959 [ERROR] LogOutputStream:75 - [STDERR_REDIRECT] 
2025-08-23 14:37:32,031 [ERROR] LogOutputStream:75 - [STDERR_REDIRECT] [Fatal Error] :1:1: Premature end of file.
2025-08-23 14:37:32,031 [ERROR] LogOutputStream:75 - [STDERR_REDIRECT] 
2025-08-23 14:37:32,054 [ERROR] LogOutputStream:75 - [STDERR_REDIRECT] [Fatal Error] :1:1: Premature end of file.
2025-08-23 14:37:32,054 [ERROR] LogOutputStream:75 - [STDERR_REDIRECT] 
2025-08-23 14:37:32,075 [ERROR] LogOutputStream:75 - [STDERR_REDIRECT] [Fatal Error] :1:1: Premature end of file.
2025-08-23 14:37:32,075 [ERROR] LogOutputStream:75 - [STDERR_REDIRECT] 
2025-08-23 14:37:32,097 [ERROR] LogOutputStream:75 - [STDERR_REDIRECT] [Fatal Error] :1:1: Premature end of file.
2025-08-23 14:37:32,097 [ERROR] LogOutputStream:75 - [STDERR_REDIRECT] 
2025-08-23 14:37:32,116 [ERROR] LogOutputStream:75 - [STDERR_REDIRECT] [Fatal Error] :1:1: Premature end of file.
2025-08-23 14:37:32,116 [ERROR] LogOutputStream:75 - [STDERR_REDIRECT] 
2025-08-23 14:37:32,137 [ERROR] LogOutputStream:75 - [STDERR_REDIRECT] [Fatal Error] :1:1: Premature end of file.
2025-08-23 14:37:32,137 [ERROR] LogOutputStream:75 - [STDERR_REDIRECT] 
2025-08-23 14:37:32,158 [ERROR] LogOutputStream:75 - [STDERR_REDIRECT] [Fatal Error] :1:1: Premature end of file.
2025-08-23 14:37:32,158 [ERROR] LogOutputStream:75 - [STDERR_REDIRECT] 
2025-08-23 14:37:32,178 [ERROR] LogOutputStream:75 - [STDERR_REDIRECT] [Fatal Error] :1:1: Premature end of file.
2025-08-23 14:37:32,178 [ERROR] LogOutputStream:75 - [STDERR_REDIRECT] 
2025-08-23 14:37:32,198 [ERROR] LogOutputStream:75 - [STDERR_REDIRECT] [Fatal Error] :1:1: Premature end of file.
2025-08-23 14:37:32,198 [ERROR] LogOutputStream:75 - [STDERR_REDIRECT] 
2025-08-23 14:37:32,216 [ERROR] LogOutputStream:75 - [STDERR_REDIRECT] [Fatal Error] :1:1: Premature end of file.
2025-08-23 14:37:32,216 [ERROR] LogOutputStream:75 - [STDERR_REDIRECT] 
2025-08-23 14:37:32,242 [ERROR] LogOutputStream:75 - [STDERR_REDIRECT] [Fatal Error] :1:1: Premature end of file.
2025-08-23 14:37:32,242 [ERROR] LogOutputStream:75 - [STDERR_REDIRECT] 
2025-08-23 14:37:32,269 [ERROR] LogOutputStream:75 - [STDERR_REDIRECT] [Fatal Error] :1:1: Premature end of file.
2025-08-23 14:37:32,269 [ERROR] LogOutputStream:75 - [STDERR_REDIRECT] 
2025-08-23 14:37:32,292 [ERROR] LogOutputStream:75 - [STDERR_REDIRECT] [Fatal Error] :1:1: Premature end of file.
2025-08-23 14:37:32,292 [ERROR] LogOutputStream:75 - [STDERR_REDIRECT] 
2025-08-23 14:37:32,308 [ERROR] LogOutputStream:75 - [STDERR_REDIRECT] [Fatal Error] :1:1: Premature end of file.
2025-08-23 14:37:32,308 [ERROR] LogOutputStream:75 - [STDERR_REDIRECT] 
2025-08-23 14:37:32,326 [ERROR] LogOutputStream:75 - [STDERR_REDIRECT] [Fatal Error] :1:1: Premature end of file.
2025-08-23 14:37:32,327 [ERROR] LogOutputStream:75 - [STDERR_REDIRECT] 
2025-08-23 14:37:32,343 [ERROR] LogOutputStream:75 - [STDERR_REDIRECT] [Fatal Error] :1:1: Premature end of file.
2025-08-23 14:37:32,343 [ERROR] LogOutputStream:75 - [STDERR_REDIRECT] 
2025-08-23 14:37:32,360 [ERROR] LogOutputStream:75 - [STDERR_REDIRECT] [Fatal Error] :1:1: Premature end of file.
2025-08-23 14:37:32,361 [ERROR] LogOutputStream:75 - [STDERR_REDIRECT] 
2025-08-23 14:37:32,381 [ERROR] LogOutputStream:75 - [STDERR_REDIRECT] [Fatal Error] :1:1: Premature end of file.
2025-08-23 14:37:32,382 [ERROR] LogOutputStream:75 - [STDERR_REDIRECT] 
2025-08-23 14:37:32,400 [ERROR] LogOutputStream:75 - [STDERR_REDIRECT] [Fatal Error] :1:1: Premature end of file.
2025-08-23 14:37:32,400 [ERROR] LogOutputStream:75 - [STDERR_REDIRECT] 
2025-08-23 14:37:32,416 [ERROR] LogOutputStream:75 - [STDERR_REDIRECT] [Fatal Error] :1:1: Premature end of file.
2025-08-23 14:37:32,416 [ERROR] LogOutputStream:75 - [STDERR_REDIRECT] 
2025-08-23 14:37:32,434 [ERROR] LogOutputStream:75 - [STDERR_REDIRECT] [Fatal Error] :1:1: Premature end of file.
2025-08-23 14:37:32,434 [ERROR] LogOutputStream:75 - [STDERR_REDIRECT] 
2025-08-23 14:37:32,451 [ERROR] LogOutputStream:75 - [STDERR_REDIRECT] [Fatal Error] :1:1: Premature end of file.
2025-08-23 14:37:32,451 [ERROR] LogOutputStream:75 - [STDERR_REDIRECT] 
2025-08-23 14:37:32,468 [ERROR] LogOutputStream:75 - [STDERR_REDIRECT] [Fatal Error] :1:1: Premature end of file.
2025-08-23 14:37:32,468 [ERROR] LogOutputStream:75 - [STDERR_REDIRECT] 
2025-08-23 14:37:32,493 [ERROR] LogOutputStream:75 - [STDERR_REDIRECT] [Fatal Error] :1:1: Premature end of file.
2025-08-23 14:37:32,493 [ERROR] LogOutputStream:75 - [STDERR_REDIRECT] 
2025-08-23 14:37:32,513 [ERROR] LogOutputStream:75 - [STDERR_REDIRECT] [Fatal Error] :1:1: Premature end of file.
2025-08-23 14:37:32,513 [ERROR] LogOutputStream:75 - [STDERR_REDIRECT] 
2025-08-23 14:37:32,534 [ERROR] LogOutputStream:75 - [STDERR_REDIRECT] [Fatal Error] :1:1: Premature end of file.
2025-08-23 14:37:32,534 [ERROR] LogOutputStream:75 - [STDERR_REDIRECT] 
2025-08-23 14:37:32,551 [ERROR] LogOutputStream:75 - [STDERR_REDIRECT] [Fatal Error] :1:1: Premature end of file.
2025-08-23 14:37:32,551 [ERROR] LogOutputStream:75 - [STDERR_REDIRECT] 
2025-08-23 14:37:32,573 [ERROR] LogOutputStream:75 - [STDERR_REDIRECT] [Fatal Error] :1:1: Premature end of file.
2025-08-23 14:37:32,573 [ERROR] LogOutputStream:75 - [STDERR_REDIRECT] 
2025-08-23 14:37:32,594 [ERROR] LogOutputStream:75 - [STDERR_REDIRECT] [Fatal Error] :1:1: Premature end of file.
2025-08-23 14:37:32,594 [ERROR] LogOutputStream:75 - [STDERR_REDIRECT] 
2025-08-23 14:37:32,615 [ERROR] LogOutputStream:75 - [STDERR_REDIRECT] [Fatal Error] :1:1: Premature end of file.
2025-08-23 14:37:32,615 [ERROR] LogOutputStream:75 - [STDERR_REDIRECT] 
2025-08-23 14:37:32,632 [ERROR] LogOutputStream:75 - [STDERR_REDIRECT] [Fatal Error] :1:1: Premature end of file.
2025-08-23 14:37:32,632 [ERROR] LogOutputStream:75 - [STDERR_REDIRECT] 
2025-08-23 14:37:32,652 [ERROR] LogOutputStream:75 - [STDERR_REDIRECT] [Fatal Error] :1:1: Premature end of file.
2025-08-23 14:37:32,652 [ERROR] LogOutputStream:75 - [STDERR_REDIRECT] 
2025-08-23 14:37:32,669 [ERROR] LogOutputStream:75 - [STDERR_REDIRECT] [Fatal Error] :1:1: Premature end of file.
2025-08-23 14:37:32,669 [ERROR] LogOutputStream:75 - [STDERR_REDIRECT] 
2025-08-23 14:37:32,687 [ERROR] LogOutputStream:75 - [STDERR_REDIRECT] [Fatal Error] :1:1: Premature end of file.
2025-08-23 14:37:32,687 [ERROR] LogOutputStream:75 - [STDERR_REDIRECT] 
2025-08-23 14:37:32,705 [ERROR] LogOutputStream:75 - [STDERR_REDIRECT] [Fatal Error] :1:1: Premature end of file.
2025-08-23 14:37:32,705 [ERROR] LogOutputStream:75 - [STDERR_REDIRECT] 
2025-08-23 14:37:32,723 [ERROR] LogOutputStream:75 - [STDERR_REDIRECT] [Fatal Error] :1:1: Premature end of file.
2025-08-23 14:37:32,723 [ERROR] LogOutputStream:75 - [STDERR_REDIRECT] 
2025-08-23 14:37:32,740 [ERROR] LogOutputStream:75 - [STDERR_REDIRECT] [Fatal Error] :1:1: Premature end of file.
2025-08-23 14:37:32,740 [ERROR] LogOutputStream:75 - [STDERR_REDIRECT] 
2025-08-23 14:37:32,756 [ERROR] LogOutputStream:75 - [STDERR_REDIRECT] [Fatal Error] :1:1: Premature end of file.
2025-08-23 14:37:32,756 [ERROR] LogOutputStream:75 - [STDERR_REDIRECT] 
2025-08-23 14:37:32,772 [ERROR] LogOutputStream:75 - [STDERR_REDIRECT] [Fatal Error] :1:1: Premature end of file.
2025-08-23 14:37:32,772 [ERROR] LogOutputStream:75 - [STDERR_REDIRECT] 
2025-08-23 14:37:32,793 [ERROR] LogOutputStream:75 - [STDERR_REDIRECT] [Fatal Error] :1:1: Premature end of file.
2025-08-23 14:37:32,793 [ERROR] LogOutputStream:75 - [STDERR_REDIRECT] 
2025-08-23 14:37:32,808 [ERROR] LogOutputStream:75 - [STDERR_REDIRECT] [Fatal Error] :1:1: Premature end of file.
2025-08-23 14:37:32,808 [ERROR] LogOutputStream:75 - [STDERR_REDIRECT] 
2025-08-23 14:37:32,824 [ERROR] LogOutputStream:75 - [STDERR_REDIRECT] [Fatal Error] :1:1: Premature end of file.
2025-08-23 14:37:32,824 [ERROR] LogOutputStream:75 - [STDERR_REDIRECT] 
2025-08-23 14:37:32,839 [ERROR] LogOutputStream:75 - [STDERR_REDIRECT] [Fatal Error] :1:1: Premature end of file.
2025-08-23 14:37:32,839 [ERROR] LogOutputStream:75 - [STDERR_REDIRECT] 
2025-08-23 14:37:32,855 [ERROR] LogOutputStream:75 - [STDERR_REDIRECT] [Fatal Error] :1:1: Premature end of file.
2025-08-23 14:37:32,855 [ERROR] LogOutputStream:75 - [STDERR_REDIRECT] 
2025-08-23 14:37:32,871 [ERROR] LogOutputStream:75 - [STDERR_REDIRECT] [Fatal Error] :1:1: Premature end of file.
2025-08-23 14:37:32,871 [ERROR] LogOutputStream:75 - [STDERR_REDIRECT] 
2025-08-23 14:37:32,888 [ERROR] LogOutputStream:75 - [STDERR_REDIRECT] [Fatal Error] :1:1: Premature end of file.
2025-08-23 14:37:32,888 [ERROR] LogOutputStream:75 - [STDERR_REDIRECT] 
2025-08-23 14:37:32,908 [ERROR] LogOutputStream:75 - [STDERR_REDIRECT] [Fatal Error] :1:1: Premature end of file.
2025-08-23 14:37:32,908 [ERROR] LogOutputStream:75 - [STDERR_REDIRECT] 
2025-08-23 14:37:32,923 [ERROR] LogOutputStream:75 - [STDERR_REDIRECT] [Fatal Error] :1:1: Premature end of file.
2025-08-23 14:37:32,923 [ERROR] LogOutputStream:75 - [STDERR_REDIRECT] 
2025-08-23 14:37:32,942 [ERROR] LogOutputStream:75 - [STDERR_REDIRECT] [Fatal Error] :1:1: Premature end of file.
2025-08-23 14:37:32,942 [ERROR] LogOutputStream:75 - [STDERR_REDIRECT] 
2025-08-23 14:37:32,961 [ERROR] LogOutputStream:75 - [STDERR_REDIRECT] [Fatal Error] :1:1: Premature end of file.
2025-08-23 14:37:32,961 [ERROR] LogOutputStream:75 - [STDERR_REDIRECT] 
2025-08-23 14:37:32,975 [ERROR] LogOutputStream:75 - [STDERR_REDIRECT] [Fatal Error] :1:1: Premature end of file.
2025-08-23 14:37:32,975 [ERROR] LogOutputStream:75 - [STDERR_REDIRECT] 
2025-08-23 14:37:32,992 [ERROR] LogOutputStream:75 - [STDERR_REDIRECT] [Fatal Error] :1:1: Premature end of file.
2025-08-23 14:37:32,992 [ERROR] LogOutputStream:75 - [STDERR_REDIRECT] 
2025-08-23 14:37:33,010 [ERROR] LogOutputStream:75 - [STDERR_REDIRECT] [Fatal Error] :1:1: Premature end of file.
2025-08-23 14:37:33,010 [ERROR] LogOutputStream:75 - [STDERR_REDIRECT] 
2025-08-23 14:37:33,602 [ERROR] LogOutputStream:75 - [STDERR_REDIRECT] [Fatal Error] :1:1: Premature end of file.
2025-08-23 14:37:33,602 [ERROR] LogOutputStream:75 - [STDERR_REDIRECT] 
2025-08-23 14:37:34,598 [ERROR] LogOutputStream:75 - [STDERR_REDIRECT] [Fatal Error] :1:1: Premature end of file.
2025-08-23 14:37:34,598 [ERROR] LogOutputStream:75 - [STDERR_REDIRECT] 
2025-08-23 14:37:35,611 [ERROR] LogOutputStream:75 - [STDERR_REDIRECT] [Fatal Error] :1:1: Premature end of file.
2025-08-23 14:37:35,611 [ERROR] LogOutputStream:75 - [STDERR_REDIRECT] 
2025-08-23 14:37:36,593 [ERROR] LogOutputStream:75 - [STDERR_REDIRECT] [Fatal Error] :1:1: Premature end of file.
2025-08-23 14:37:36,594 [ERROR] LogOutputStream:75 - [STDERR_REDIRECT] 
2025-08-23 14:37:37,606 [ERROR] LogOutputStream:75 - [STDERR_REDIRECT] [Fatal Error] :1:1: Premature end of file.
2025-08-23 14:37:37,606 [ERROR] LogOutputStream:75 - [STDERR_REDIRECT] 
2025-08-23 14:37:38,600 [ERROR] LogOutputStream:75 - [STDERR_REDIRECT] [Fatal Error] :1:1: Premature end of file.
2025-08-23 14:37:38,600 [ERROR] LogOutputStream:75 - [STDERR_REDIRECT] 
2025-08-23 14:37:39,599 [ERROR] LogOutputStream:75 - [STDERR_REDIRECT] [Fatal Error] :1:1: Premature end of file.
2025-08-23 14:37:39,599 [ERROR] LogOutputStream:75 - [STDERR_REDIRECT] 
2025-08-23 14:37:40,602 [ERROR] LogOutputStream:75 - [STDERR_REDIRECT] [Fatal Error] :1:1: Premature end of file.
2025-08-23 14:37:40,602 [ERROR] LogOutputStream:75 - [STDERR_REDIRECT] 
2025-08-23 14:37:41,602 [ERROR] LogOutputStream:75 - [STDERR_REDIRECT] [Fatal Error] :1:1: Premature end of file.
2025-08-23 14:37:41,602 [ERROR] LogOutputStream:75 - [STDERR_REDIRECT] 
2025-08-23 14:37:42,605 [ERROR] LogOutputStream:75 - [STDERR_REDIRECT] [Fatal Error] :1:1: Premature end of file.
2025-08-23 14:37:42,605 [ERROR] LogOutputStream:75 - [STDERR_REDIRECT] 
2025-08-23 14:37:43,607 [ERROR] LogOutputStream:75 - [STDERR_REDIRECT] [Fatal Error] :1:1: Premature end of file.
2025-08-23 14:37:43,607 [ERROR] LogOutputStream:75 - [STDERR_REDIRECT] 
2025-08-23 14:37:44,601 [ERROR] LogOutputStream:75 - [STDERR_REDIRECT] [Fatal Error] :1:1: Premature end of file.
2025-08-23 14:37:44,602 [ERROR] LogOutputStream:75 - [STDERR_REDIRECT] 
2025-08-23 14:37:45,603 [ERROR] LogOutputStream:75 - [STDERR_REDIRECT] [Fatal Error] :1:1: Premature end of file.
2025-08-23 14:37:45,603 [ERROR] LogOutputStream:75 - [STDERR_REDIRECT] 
2025-08-23 14:37:46,609 [ERROR] LogOutputStream:75 - [STDERR_REDIRECT] [Fatal Error] :1:1: Premature end of file.
2025-08-23 14:37:46,609 [ERROR] LogOutputStream:75 - [STDERR_REDIRECT] 
2025-08-23 14:37:47,595 [ERROR] LogOutputStream:75 - [STDERR_REDIRECT] [Fatal Error] :1:1: Premature end of file.
2025-08-23 14:37:47,595 [ERROR] LogOutputStream:75 - [STDERR_REDIRECT] 
2025-08-23 14:37:48,605 [ERROR] LogOutputStream:75 - [STDERR_REDIRECT] [Fatal Error] :1:1: Premature end of file.
2025-08-23 14:37:48,605 [ERROR] LogOutputStream:75 - [STDERR_REDIRECT] 
2025-08-23 14:37:49,603 [ERROR] LogOutputStream:75 - [STDERR_REDIRECT] [Fatal Error] :1:1: Premature end of file.
2025-08-23 14:37:49,603 [ERROR] LogOutputStream:75 - [STDERR_REDIRECT] 
2025-08-23 14:37:50,608 [ERROR] LogOutputStream:75 - [STDERR_REDIRECT] [Fatal Error] :1:1: Premature end of file.
2025-08-23 14:37:50,608 [ERROR] LogOutputStream:75 - [STDERR_REDIRECT] 
2025-08-23 14:37:51,592 [ERROR] LogOutputStream:75 - [STDERR_REDIRECT] [Fatal Error] :1:1: Premature end of file.
2025-08-23 14:37:51,593 [ERROR] LogOutputStream:75 - [STDERR_REDIRECT] 
2025-08-23 14:37:52,610 [ERROR] LogOutputStream:75 - [STDERR_REDIRECT] [Fatal Error] :1:1: Premature end of file.
2025-08-23 14:37:52,610 [ERROR] LogOutputStream:75 - [STDERR_REDIRECT] 
2025-08-23 14:37:53,604 [ERROR] LogOutputStream:75 - [STDERR_REDIRECT] [Fatal Error] :1:1: Premature end of file.
2025-08-23 14:37:53,604 [ERROR] LogOutputStream:75 - [STDERR_REDIRECT] 
2025-08-23 14:37:54,606 [ERROR] LogOutputStream:75 - [STDERR_REDIRECT] [Fatal Error] :1:1: Premature end of file.
2025-08-23 14:37:54,606 [ERROR] LogOutputStream:75 - [STDERR_REDIRECT] 
2025-08-23 14:37:55,593 [ERROR] LogOutputStream:75 - [STDERR_REDIRECT] [Fatal Error] :1:1: Premature end of file.
2025-08-23 14:37:55,593 [ERROR] LogOutputStream:75 - [STDERR_REDIRECT] 
2025-08-23 14:37:56,604 [ERROR] LogOutputStream:75 - [STDERR_REDIRECT] [Fatal Error] :1:1: Premature end of file.
2025-08-23 14:37:56,604 [ERROR] LogOutputStream:75 - [STDERR_REDIRECT] 
2025-08-23 14:37:57,614 [ERROR] LogOutputStream:75 - [STDERR_REDIRECT] [Fatal Error] :1:1: Premature end of file.
2025-08-23 14:37:57,614 [ERROR] LogOutputStream:75 - [STDERR_REDIRECT] 
2025-08-23 14:37:58,610 [ERROR] LogOutputStream:75 - [STDERR_REDIRECT] [Fatal Error] :1:1: Premature end of file.
2025-08-23 14:37:58,610 [ERROR] LogOutputStream:75 - [STDERR_REDIRECT] 
2025-08-23 14:37:59,595 [ERROR] LogOutputStream:75 - [STDERR_REDIRECT] [Fatal Error] :1:1: Premature end of file.
2025-08-23 14:37:59,595 [ERROR] LogOutputStream:75 - [STDERR_REDIRECT] 
2025-08-23 14:38:00,390 [INFO] MainUpdater:2872 - connection check result : 10
2025-08-23 14:38:00,611 [ERROR] LogOutputStream:75 - [STDERR_REDIRECT] [Fatal Error] :1:1: Premature end of file.
2025-08-23 14:38:00,612 [ERROR] LogOutputStream:75 - [STDERR_REDIRECT] 
2025-08-23 14:38:01,608 [ERROR] LogOutputStream:75 - [STDERR_REDIRECT] [Fatal Error] :1:1: Premature end of file.
2025-08-23 14:38:01,608 [ERROR] LogOutputStream:75 - [STDERR_REDIRECT] 
2025-08-23 14:38:02,596 [ERROR] LogOutputStream:75 - [STDERR_REDIRECT] [Fatal Error] :1:1: Premature end of file.
2025-08-23 14:38:02,596 [ERROR] LogOutputStream:75 - [STDERR_REDIRECT] 
2025-08-23 14:38:03,481 [INFO] ServerAccessManage:452 - Complete download http(s) 200
2025-08-23 14:38:03,482 [INFO] ServerAccessManage:509 - Download File updaters.zip
2025-08-23 14:38:03,593 [ERROR] LogOutputStream:75 - [STDERR_REDIRECT] [Fatal Error] :1:1: Premature end of file.
2025-08-23 14:38:03,593 [ERROR] LogOutputStream:75 - [STDERR_REDIRECT] 
2025-08-23 14:38:03,694 [INFO] FileExtend:248 - Unzip File : updaters.zip
2025-08-23 14:38:03,694 [INFO] FileExtend:263 - Standard Zip Deflate
2025-08-23 14:38:03,982 [INFO] ServerAccessManage:452 - Complete download http(s) 200
2025-08-23 14:38:03,982 [INFO] ServerAccessManage:509 - Download File PacksControlFlags.xml
2025-08-23 14:38:04,084 [INFO] ServerAccessManage:452 - Complete download http(s) 200
2025-08-23 14:38:04,084 [INFO] ServerAccessManage:509 - Download File cubemx.pidx
2025-08-23 14:38:04,465 [INFO] ServerAccessManage:452 - Complete download http(s) 200
2025-08-23 14:38:04,465 [INFO] ServerAccessManage:509 - Download File STMicroelectronics.FP-ATR-ASTRA1.pdsc
2025-08-23 14:38:04,609 [ERROR] LogOutputStream:75 - [STDERR_REDIRECT] [Fatal Error] :1:1: Premature end of file.
2025-08-23 14:38:04,609 [ERROR] LogOutputStream:75 - [STDERR_REDIRECT] 
2025-08-23 14:38:05,601 [ERROR] LogOutputStream:75 - [STDERR_REDIRECT] [Fatal Error] :1:1: Premature end of file.
2025-08-23 14:38:05,601 [ERROR] LogOutputStream:75 - [STDERR_REDIRECT] 
2025-08-23 14:38:06,596 [ERROR] LogOutputStream:75 - [STDERR_REDIRECT] [Fatal Error] :1:1: Premature end of file.
2025-08-23 14:38:06,596 [ERROR] LogOutputStream:75 - [STDERR_REDIRECT] 
2025-08-23 14:38:07,602 [ERROR] LogOutputStream:75 - [STDERR_REDIRECT] [Fatal Error] :1:1: Premature end of file.
2025-08-23 14:38:07,603 [ERROR] LogOutputStream:75 - [STDERR_REDIRECT] 
2025-08-23 14:38:08,415 [INFO] ServerAccessManage:452 - Complete download http(s) 200
2025-08-23 14:38:08,415 [INFO] ServerAccessManage:509 - Download File STMicroelectronics.FP-ATR-SIGFOX1.pdsc
2025-08-23 14:38:08,593 [ERROR] LogOutputStream:75 - [STDERR_REDIRECT] [Fatal Error] :1:1: Premature end of file.
2025-08-23 14:38:08,593 [ERROR] LogOutputStream:75 - [STDERR_REDIRECT] 
2025-08-23 14:38:08,872 [INFO] ServerAccessManage:452 - Complete download http(s) 200
2025-08-23 14:38:08,882 [INFO] ServerAccessManage:509 - Download File STMicroelectronics.FP-SNS-STBOX1.pdsc
2025-08-23 14:38:09,552 [INFO] ServerAccessManage:452 - Complete download http(s) 200
2025-08-23 14:38:09,552 [INFO] ServerAccessManage:509 - Download File STMicroelectronics.FP-SNS-FLIGHT1.pdsc
2025-08-23 14:38:09,604 [ERROR] LogOutputStream:75 - [STDERR_REDIRECT] [Fatal Error] :1:1: Premature end of file.
2025-08-23 14:38:09,604 [ERROR] LogOutputStream:75 - [STDERR_REDIRECT] 
2025-08-23 14:38:10,468 [INFO] ServerAccessManage:452 - Complete download http(s) 200
2025-08-23 14:38:10,469 [INFO] ServerAccessManage:509 - Download File STMicroelectronics.FP-SNS-MOTENV1.pdsc
2025-08-23 14:38:10,596 [ERROR] LogOutputStream:75 - [STDERR_REDIRECT] [Fatal Error] :1:1: Premature end of file.
2025-08-23 14:38:10,596 [ERROR] LogOutputStream:75 - [STDERR_REDIRECT] 
2025-08-23 14:38:11,431 [INFO] ServerAccessManage:452 - Complete download http(s) 200
2025-08-23 14:38:11,431 [INFO] ServerAccessManage:509 - Download File STMicroelectronics.FP-SNS-MOTENVWB1.pdsc
2025-08-23 14:38:11,601 [ERROR] LogOutputStream:75 - [STDERR_REDIRECT] [Fatal Error] :1:1: Premature end of file.
2025-08-23 14:38:11,601 [ERROR] LogOutputStream:75 - [STDERR_REDIRECT] 
2025-08-23 14:38:12,478 [INFO] ServerAccessManage:452 - Complete download http(s) 200
2025-08-23 14:38:12,479 [INFO] ServerAccessManage:509 - Download File STMicroelectronics.FP-SNS-SMARTAG2.pdsc
2025-08-23 14:38:12,605 [ERROR] LogOutputStream:75 - [STDERR_REDIRECT] [Fatal Error] :1:1: Premature end of file.
2025-08-23 14:38:12,605 [ERROR] LogOutputStream:75 - [STDERR_REDIRECT] 
2025-08-23 14:38:12,897 [INFO] ServerAccessManage:452 - Complete download http(s) 200
2025-08-23 14:38:12,897 [INFO] ServerAccessManage:509 - Download File STMicroelectronics.FP-SNS-STAIOTCFT.pdsc
2025-08-23 14:38:13,271 [INFO] ServerAccessManage:452 - Complete download http(s) 200
2025-08-23 14:38:13,271 [INFO] ServerAccessManage:509 - Download File STMicroelectronics.X-CUBE-AI.pdsc
2025-08-23 14:38:13,597 [ERROR] LogOutputStream:75 - [STDERR_REDIRECT] [Fatal Error] :1:1: Premature end of file.
2025-08-23 14:38:13,597 [ERROR] LogOutputStream:75 - [STDERR_REDIRECT] 
2025-08-23 14:38:14,599 [ERROR] LogOutputStream:75 - [STDERR_REDIRECT] [Fatal Error] :1:1: Premature end of file.
2025-08-23 14:38:14,599 [ERROR] LogOutputStream:75 - [STDERR_REDIRECT] 
2025-08-23 14:38:15,609 [ERROR] LogOutputStream:75 - [STDERR_REDIRECT] [Fatal Error] :1:1: Premature end of file.
2025-08-23 14:38:15,609 [ERROR] LogOutputStream:75 - [STDERR_REDIRECT] 
2025-08-23 14:38:16,610 [ERROR] LogOutputStream:75 - [STDERR_REDIRECT] [Fatal Error] :1:1: Premature end of file.
2025-08-23 14:38:16,610 [ERROR] LogOutputStream:75 - [STDERR_REDIRECT] 
2025-08-23 14:38:17,458 [INFO] ServerAccessManage:452 - Complete download http(s) 200
2025-08-23 14:38:17,458 [INFO] ServerAccessManage:509 - Download File STMicroelectronics.X-CUBE-ALS.pdsc
2025-08-23 14:38:17,598 [ERROR] LogOutputStream:75 - [STDERR_REDIRECT] [Fatal Error] :1:1: Premature end of file.
2025-08-23 14:38:17,598 [ERROR] LogOutputStream:75 - [STDERR_REDIRECT] 
2025-08-23 14:38:18,258 [INFO] ServerAccessManage:452 - Complete download http(s) 200
2025-08-23 14:38:18,258 [INFO] ServerAccessManage:509 - Download File STMicroelectronics.X-CUBE-BLE1.pdsc
2025-08-23 14:38:18,598 [ERROR] LogOutputStream:75 - [STDERR_REDIRECT] [Fatal Error] :1:1: Premature end of file.
2025-08-23 14:38:18,598 [ERROR] LogOutputStream:75 - [STDERR_REDIRECT] 
2025-08-23 14:38:19,598 [ERROR] LogOutputStream:75 - [STDERR_REDIRECT] [Fatal Error] :1:1: Premature end of file.
2025-08-23 14:38:19,598 [ERROR] LogOutputStream:75 - [STDERR_REDIRECT] 
2025-08-23 14:38:20,604 [ERROR] LogOutputStream:75 - [STDERR_REDIRECT] [Fatal Error] :1:1: Premature end of file.
2025-08-23 14:38:20,605 [ERROR] LogOutputStream:75 - [STDERR_REDIRECT] 
2025-08-23 14:38:21,603 [ERROR] LogOutputStream:75 - [STDERR_REDIRECT] [Fatal Error] :1:1: Premature end of file.
2025-08-23 14:38:21,603 [ERROR] LogOutputStream:75 - [STDERR_REDIRECT] 
2025-08-23 14:38:22,605 [ERROR] LogOutputStream:75 - [STDERR_REDIRECT] [Fatal Error] :1:1: Premature end of file.
2025-08-23 14:38:22,605 [ERROR] LogOutputStream:75 - [STDERR_REDIRECT] 
2025-08-23 14:38:23,601 [ERROR] LogOutputStream:75 - [STDERR_REDIRECT] [Fatal Error] :1:1: Premature end of file.
2025-08-23 14:38:23,601 [ERROR] LogOutputStream:75 - [STDERR_REDIRECT] 
2025-08-23 14:38:24,610 [ERROR] LogOutputStream:75 - [STDERR_REDIRECT] [Fatal Error] :1:1: Premature end of file.
2025-08-23 14:38:24,610 [ERROR] LogOutputStream:75 - [STDERR_REDIRECT] 
2025-08-23 14:38:25,047 [ERROR] ServerAccessManage:1212 - Problem, file not found on Server
2025-08-23 14:38:25,260 [INFO] ServerAccessManage:452 - Complete download http(s) 200
2025-08-23 14:38:25,260 [INFO] ServerAccessManage:509 - Download File STMicroelectronics.X-CUBE-BLE2.pdsc
2025-08-23 14:38:25,609 [ERROR] LogOutputStream:75 - [STDERR_REDIRECT] [Fatal Error] :1:1: Premature end of file.
2025-08-23 14:38:25,609 [ERROR] LogOutputStream:75 - [STDERR_REDIRECT] 
2025-08-23 14:38:26,597 [ERROR] LogOutputStream:75 - [STDERR_REDIRECT] [Fatal Error] :1:1: Premature end of file.
2025-08-23 14:38:26,597 [ERROR] LogOutputStream:75 - [STDERR_REDIRECT] 
2025-08-23 14:38:26,994 [INFO] ServerAccessManage:452 - Complete download http(s) 200
2025-08-23 14:38:26,995 [INFO] ServerAccessManage:509 - Download File STMicroelectronics.X-CUBE-BLEMGR.pdsc
2025-08-23 14:38:27,598 [ERROR] LogOutputStream:75 - [STDERR_REDIRECT] [Fatal Error] :1:1: Premature end of file.
2025-08-23 14:38:27,598 [ERROR] LogOutputStream:75 - [STDERR_REDIRECT] 
2025-08-23 14:38:27,704 [ERROR] ServerAccessManage:1212 - Problem, file not found on Server
2025-08-23 14:38:28,604 [ERROR] LogOutputStream:75 - [STDERR_REDIRECT] [Fatal Error] :1:1: Premature end of file.
2025-08-23 14:38:28,604 [ERROR] LogOutputStream:75 - [STDERR_REDIRECT] 
2025-08-23 14:38:29,600 [ERROR] LogOutputStream:75 - [STDERR_REDIRECT] [Fatal Error] :1:1: Premature end of file.
2025-08-23 14:38:29,600 [ERROR] LogOutputStream:75 - [STDERR_REDIRECT] 
2025-08-23 14:38:29,601 [INFO] ServerAccessManage:452 - Complete download http(s) 200
2025-08-23 14:38:29,601 [INFO] ServerAccessManage:509 - Download File STMicroelectronics.X-CUBE-DISPLAY.pdsc
2025-08-23 14:38:30,600 [ERROR] LogOutputStream:75 - [STDERR_REDIRECT] [Fatal Error] :1:1: Premature end of file.
2025-08-23 14:38:30,600 [ERROR] LogOutputStream:75 - [STDERR_REDIRECT] 
2025-08-23 14:38:31,595 [ERROR] LogOutputStream:75 - [STDERR_REDIRECT] [Fatal Error] :1:1: Premature end of file.
2025-08-23 14:38:31,595 [ERROR] LogOutputStream:75 - [STDERR_REDIRECT] 
2025-08-23 14:38:32,369 [INFO] ServerAccessManage:452 - Complete download http(s) 200
2025-08-23 14:38:32,369 [INFO] ServerAccessManage:509 - Download File STMicroelectronics.X-CUBE-DPOWER.pdsc
2025-08-23 14:38:32,596 [ERROR] LogOutputStream:75 - [STDERR_REDIRECT] [Fatal Error] :1:1: Premature end of file.
2025-08-23 14:38:32,596 [ERROR] LogOutputStream:75 - [STDERR_REDIRECT] 
2025-08-23 14:38:33,005 [ERROR] ServerAccessManage:1212 - Problem, file not found on Server
2025-08-23 14:38:33,269 [ERROR] ServerAccessManage:1212 - Problem, file not found on Server
2025-08-23 14:38:33,544 [ERROR] ServerAccessManage:1212 - Problem, file not found on Server
2025-08-23 14:38:33,609 [ERROR] LogOutputStream:75 - [STDERR_REDIRECT] [Fatal Error] :1:1: Premature end of file.
2025-08-23 14:38:33,609 [ERROR] LogOutputStream:75 - [STDERR_REDIRECT] 
2025-08-23 14:38:33,858 [ERROR] ServerAccessManage:1212 - Problem, file not found on Server
2025-08-23 14:38:34,173 [ERROR] ServerAccessManage:1212 - Problem, file not found on Server
2025-08-23 14:38:34,466 [ERROR] ServerAccessManage:1212 - Problem, file not found on Server
2025-08-23 14:38:34,602 [ERROR] LogOutputStream:75 - [STDERR_REDIRECT] [Fatal Error] :1:1: Premature end of file.
2025-08-23 14:38:34,603 [ERROR] LogOutputStream:75 - [STDERR_REDIRECT] 
2025-08-23 14:38:34,768 [ERROR] ServerAccessManage:1212 - Problem, file not found on Server
2025-08-23 14:38:34,981 [ERROR] ServerAccessManage:1212 - Problem, file not found on Server
2025-08-23 14:38:35,295 [ERROR] ServerAccessManage:1212 - Problem, file not found on Server
2025-08-23 14:38:35,519 [ERROR] ServerAccessManage:1212 - Problem, file not found on Server
2025-08-23 14:38:35,605 [ERROR] LogOutputStream:75 - [STDERR_REDIRECT] [Fatal Error] :1:1: Premature end of file.
2025-08-23 14:38:35,605 [ERROR] LogOutputStream:75 - [STDERR_REDIRECT] 
2025-08-23 14:38:35,803 [ERROR] ServerAccessManage:1212 - Problem, file not found on Server
2025-08-23 14:38:36,017 [INFO] ServerAccessManage:452 - Complete download http(s) 200
2025-08-23 14:38:36,018 [INFO] ServerAccessManage:509 - Download File STMicroelectronics.X-CUBE-EEPRMA1.pdsc
2025-08-23 14:38:36,605 [ERROR] LogOutputStream:75 - [STDERR_REDIRECT] [Fatal Error] :1:1: Premature end of file.
2025-08-23 14:38:36,605 [ERROR] LogOutputStream:75 - [STDERR_REDIRECT] 
2025-08-23 14:38:36,686 [ERROR] ServerAccessManage:1212 - Problem, file not found on Server
2025-08-23 14:38:37,339 [ERROR] ServerAccessManage:1212 - Problem, file not found on Server
2025-08-23 14:38:37,610 [ERROR] LogOutputStream:75 - [STDERR_REDIRECT] [Fatal Error] :1:1: Premature end of file.
2025-08-23 14:38:37,610 [ERROR] LogOutputStream:75 - [STDERR_REDIRECT] 
2025-08-23 14:38:38,426 [INFO] ServerAccessManage:452 - Complete download http(s) 200
2025-08-23 14:38:38,427 [INFO] ServerAccessManage:509 - Download File STMicroelectronics.X-CUBE-FREERTOS.pdsc
2025-08-23 14:38:38,608 [ERROR] LogOutputStream:75 - [STDERR_REDIRECT] [Fatal Error] :1:1: Premature end of file.
2025-08-23 14:38:38,608 [ERROR] LogOutputStream:75 - [STDERR_REDIRECT] 
2025-08-23 14:38:39,605 [ERROR] LogOutputStream:75 - [STDERR_REDIRECT] [Fatal Error] :1:1: Premature end of file.
2025-08-23 14:38:39,606 [ERROR] LogOutputStream:75 - [STDERR_REDIRECT] 
2025-08-23 14:38:39,916 [INFO] ServerAccessManage:452 - Complete download http(s) 200
2025-08-23 14:38:39,916 [INFO] ServerAccessManage:509 - Download File STMicroelectronics.X-CUBE-GNSS1.pdsc
2025-08-23 14:38:40,608 [ERROR] LogOutputStream:75 - [STDERR_REDIRECT] [Fatal Error] :1:1: Premature end of file.
2025-08-23 14:38:40,608 [ERROR] LogOutputStream:75 - [STDERR_REDIRECT] 
2025-08-23 14:38:41,605 [ERROR] LogOutputStream:75 - [STDERR_REDIRECT] [Fatal Error] :1:1: Premature end of file.
2025-08-23 14:38:41,607 [ERROR] LogOutputStream:75 - [STDERR_REDIRECT] 
2025-08-23 14:38:42,318 [ERROR] ServerAccessManage:1212 - Problem, file not found on Server
2025-08-23 14:38:42,590 [ERROR] ServerAccessManage:1212 - Problem, file not found on Server
2025-08-23 14:38:42,600 [ERROR] LogOutputStream:75 - [STDERR_REDIRECT] [Fatal Error] :1:1: Premature end of file.
2025-08-23 14:38:42,600 [ERROR] LogOutputStream:75 - [STDERR_REDIRECT] 
2025-08-23 14:38:42,828 [ERROR] ServerAccessManage:1212 - Problem, file not found on Server
2025-08-23 14:38:43,039 [ERROR] ServerAccessManage:1212 - Problem, file not found on Server
2025-08-23 14:38:43,314 [ERROR] ServerAccessManage:1212 - Problem, file not found on Server
2025-08-23 14:38:43,585 [ERROR] ServerAccessManage:1212 - Problem, file not found on Server
2025-08-23 14:38:43,609 [ERROR] LogOutputStream:75 - [STDERR_REDIRECT] [Fatal Error] :1:1: Premature end of file.
2025-08-23 14:38:43,609 [ERROR] LogOutputStream:75 - [STDERR_REDIRECT] 
2025-08-23 14:38:43,791 [INFO] ServerAccessManage:452 - Complete download http(s) 200
2025-08-23 14:38:43,792 [INFO] ServerAccessManage:509 - Download File STMicroelectronics.X-CUBE-ISPU.pdsc
2025-08-23 14:38:44,596 [ERROR] LogOutputStream:75 - [STDERR_REDIRECT] [Fatal Error] :1:1: Premature end of file.
2025-08-23 14:38:44,596 [ERROR] LogOutputStream:75 - [STDERR_REDIRECT] 
2025-08-23 14:38:44,990 [INFO] ServerAccessManage:452 - Complete download http(s) 200
2025-08-23 14:38:44,990 [INFO] ServerAccessManage:509 - Download File STMicroelectronics.X-CUBE-IPS.pdsc
2025-08-23 14:38:45,605 [ERROR] LogOutputStream:75 - [STDERR_REDIRECT] [Fatal Error] :1:1: Premature end of file.
2025-08-23 14:38:45,605 [ERROR] LogOutputStream:75 - [STDERR_REDIRECT] 
2025-08-23 14:38:45,610 [INFO] ServerAccessManage:452 - Complete download http(s) 200
2025-08-23 14:38:45,610 [INFO] ServerAccessManage:509 - Download File STMicroelectronics.X-CUBE-MEMS1.pdsc
2025-08-23 14:38:46,602 [ERROR] LogOutputStream:75 - [STDERR_REDIRECT] [Fatal Error] :1:1: Premature end of file.
2025-08-23 14:38:46,602 [ERROR] LogOutputStream:75 - [STDERR_REDIRECT] 
2025-08-23 14:38:47,604 [ERROR] LogOutputStream:75 - [STDERR_REDIRECT] [Fatal Error] :1:1: Premature end of file.
2025-08-23 14:38:47,604 [ERROR] LogOutputStream:75 - [STDERR_REDIRECT] 
2025-08-23 14:38:48,599 [ERROR] LogOutputStream:75 - [STDERR_REDIRECT] [Fatal Error] :1:1: Premature end of file.
2025-08-23 14:38:48,600 [ERROR] LogOutputStream:75 - [STDERR_REDIRECT] 
2025-08-23 14:38:49,604 [ERROR] LogOutputStream:75 - [STDERR_REDIRECT] [Fatal Error] :1:1: Premature end of file.
2025-08-23 14:38:49,604 [ERROR] LogOutputStream:75 - [STDERR_REDIRECT] 
2025-08-23 14:38:50,598 [ERROR] LogOutputStream:75 - [STDERR_REDIRECT] [Fatal Error] :1:1: Premature end of file.
2025-08-23 14:38:50,598 [ERROR] LogOutputStream:75 - [STDERR_REDIRECT] 
2025-08-23 14:38:51,157 [INFO] ServerAccessManage:452 - Complete download http(s) 200
2025-08-23 14:38:51,157 [INFO] ServerAccessManage:509 - Download File STMicroelectronics.X-CUBE-NFC4.pdsc
2025-08-23 14:38:51,597 [ERROR] LogOutputStream:75 - [STDERR_REDIRECT] [Fatal Error] :1:1: Premature end of file.
2025-08-23 14:38:51,597 [ERROR] LogOutputStream:75 - [STDERR_REDIRECT] 
2025-08-23 14:38:52,595 [ERROR] LogOutputStream:75 - [STDERR_REDIRECT] [Fatal Error] :1:1: Premature end of file.
2025-08-23 14:38:52,595 [ERROR] LogOutputStream:75 - [STDERR_REDIRECT] 
2025-08-23 14:38:53,609 [ERROR] LogOutputStream:75 - [STDERR_REDIRECT] [Fatal Error] :1:1: Premature end of file.
2025-08-23 14:38:53,609 [ERROR] LogOutputStream:75 - [STDERR_REDIRECT] 
2025-08-23 14:38:54,215 [INFO] ServerAccessManage:452 - Complete download http(s) 200
2025-08-23 14:38:54,215 [INFO] ServerAccessManage:509 - Download File STMicroelectronics.X-CUBE-NFC6.pdsc
2025-08-23 14:38:54,597 [ERROR] LogOutputStream:75 - [STDERR_REDIRECT] [Fatal Error] :1:1: Premature end of file.
2025-08-23 14:38:54,597 [ERROR] LogOutputStream:75 - [STDERR_REDIRECT] 
2025-08-23 14:38:54,987 [INFO] ServerAccessManage:452 - Complete download http(s) 200
2025-08-23 14:38:54,987 [INFO] ServerAccessManage:509 - Download File STMicroelectronics.X-CUBE-NFC7.pdsc
2025-08-23 14:38:55,594 [ERROR] LogOutputStream:75 - [STDERR_REDIRECT] [Fatal Error] :1:1: Premature end of file.
2025-08-23 14:38:55,594 [ERROR] LogOutputStream:75 - [STDERR_REDIRECT] 
2025-08-23 14:38:55,949 [INFO] ServerAccessManage:452 - Complete download http(s) 200
2025-08-23 14:38:55,949 [INFO] ServerAccessManage:509 - Download File STMicroelectronics.X-CUBE-NFC9.pdsc
2025-08-23 14:38:56,387 [INFO] ServerAccessManage:452 - Complete download http(s) 200
2025-08-23 14:38:56,387 [INFO] ServerAccessManage:509 - Download File STMicroelectronics.X-CUBE-NFC10.pdsc
2025-08-23 14:38:56,601 [ERROR] LogOutputStream:75 - [STDERR_REDIRECT] [Fatal Error] :1:1: Premature end of file.
2025-08-23 14:38:56,601 [ERROR] LogOutputStream:75 - [STDERR_REDIRECT] 
2025-08-23 14:38:56,838 [INFO] ServerAccessManage:452 - Complete download http(s) 200
2025-08-23 14:38:56,839 [INFO] ServerAccessManage:509 - Download File STMicroelectronics.X-CUBE-NFC12.pdsc
2025-08-23 14:38:57,396 [INFO] ServerAccessManage:452 - Complete download http(s) 200
2025-08-23 14:38:57,396 [INFO] ServerAccessManage:509 - Download File STMicroelectronics.X-CUBE-SFXS2LP1.pdsc
2025-08-23 14:38:57,602 [ERROR] LogOutputStream:75 - [STDERR_REDIRECT] [Fatal Error] :1:1: Premature end of file.
2025-08-23 14:38:57,602 [ERROR] LogOutputStream:75 - [STDERR_REDIRECT] 
2025-08-23 14:38:58,399 [INFO] ServerAccessManage:452 - Complete download http(s) 200
2025-08-23 14:38:58,399 [INFO] ServerAccessManage:509 - Download File STMicroelectronics.X-CUBE-SAFEA1.pdsc
2025-08-23 14:38:58,610 [ERROR] LogOutputStream:75 - [STDERR_REDIRECT] [Fatal Error] :1:1: Premature end of file.
2025-08-23 14:38:58,610 [ERROR] LogOutputStream:75 - [STDERR_REDIRECT] 
2025-08-23 14:38:58,895 [INFO] ServerAccessManage:452 - Complete download http(s) 200
2025-08-23 14:38:58,895 [INFO] ServerAccessManage:509 - Download File STMicroelectronics.X-CUBE-SUBG2.pdsc
2025-08-23 14:38:59,600 [ERROR] LogOutputStream:75 - [STDERR_REDIRECT] [Fatal Error] :1:1: Premature end of file.
2025-08-23 14:38:59,600 [ERROR] LogOutputStream:75 - [STDERR_REDIRECT] 
2025-08-23 14:39:00,599 [ERROR] LogOutputStream:75 - [STDERR_REDIRECT] [Fatal Error] :1:1: Premature end of file.
2025-08-23 14:39:00,600 [ERROR] LogOutputStream:75 - [STDERR_REDIRECT] 
2025-08-23 14:39:00,856 [INFO] ServerAccessManage:452 - Complete download http(s) 200
2025-08-23 14:39:00,856 [INFO] ServerAccessManage:509 - Download File STMicroelectronics.X-CUBE-SMBUS.pdsc
2025-08-23 14:39:01,327 [ERROR] ServerAccessManage:1212 - Problem, file not found on Server
2025-08-23 14:39:01,543 [INFO] ServerAccessManage:452 - Complete download http(s) 200
2025-08-23 14:39:01,544 [INFO] ServerAccessManage:509 - Download File STMicroelectronics.X-CUBE-ST60.pdsc
2025-08-23 14:39:01,604 [ERROR] LogOutputStream:75 - [STDERR_REDIRECT] [Fatal Error] :1:1: Premature end of file.
2025-08-23 14:39:01,604 [ERROR] LogOutputStream:75 - [STDERR_REDIRECT] 
2025-08-23 14:39:01,948 [INFO] ServerAccessManage:452 - Complete download http(s) 200
2025-08-23 14:39:01,949 [INFO] ServerAccessManage:509 - Download File STMicroelectronics.X-CUBE-ST67W61.pdsc
2025-08-23 14:39:02,306 [INFO] ServerAccessManage:452 - Complete download http(s) 200
2025-08-23 14:39:02,307 [INFO] ServerAccessManage:509 - Download File STMicroelectronics.X-CUBE-PM33A1.pdsc
2025-08-23 14:39:02,602 [ERROR] LogOutputStream:75 - [STDERR_REDIRECT] [Fatal Error] :1:1: Premature end of file.
2025-08-23 14:39:02,602 [ERROR] LogOutputStream:75 - [STDERR_REDIRECT] 
2025-08-23 14:39:02,683 [INFO] ServerAccessManage:452 - Complete download http(s) 200
2025-08-23 14:39:02,683 [INFO] ServerAccessManage:509 - Download File STMicroelectronics.X-CUBE-TCPP.pdsc
2025-08-23 14:39:03,314 [INFO] ServerAccessManage:452 - Complete download http(s) 200
2025-08-23 14:39:03,315 [INFO] ServerAccessManage:509 - Download File STMicroelectronics.X-CUBE-TOF1.pdsc
2025-08-23 14:39:03,605 [ERROR] LogOutputStream:75 - [STDERR_REDIRECT] [Fatal Error] :1:1: Premature end of file.
2025-08-23 14:39:03,605 [ERROR] LogOutputStream:75 - [STDERR_REDIRECT] 
2025-08-23 14:39:04,604 [ERROR] LogOutputStream:75 - [STDERR_REDIRECT] [Fatal Error] :1:1: Premature end of file.
2025-08-23 14:39:04,605 [ERROR] LogOutputStream:75 - [STDERR_REDIRECT] 
2025-08-23 14:39:05,595 [ERROR] LogOutputStream:75 - [STDERR_REDIRECT] [Fatal Error] :1:1: Premature end of file.
2025-08-23 14:39:05,595 [ERROR] LogOutputStream:75 - [STDERR_REDIRECT] 
2025-08-23 14:39:05,643 [ERROR] ServerAccessManage:1212 - Problem, file not found on Server
2025-08-23 14:39:06,017 [INFO] ServerAccessManage:452 - Complete download http(s) 200
2025-08-23 14:39:06,017 [INFO] ServerAccessManage:509 - Download File STMicroelectronics.X-CUBE-TOUCHGFX.pdsc
2025-08-23 14:39:06,592 [ERROR] LogOutputStream:75 - [STDERR_REDIRECT] [Fatal Error] :1:1: Premature end of file.
2025-08-23 14:39:06,592 [ERROR] LogOutputStream:75 - [STDERR_REDIRECT] 
2025-08-23 14:39:07,599 [ERROR] LogOutputStream:75 - [STDERR_REDIRECT] [Fatal Error] :1:1: Premature end of file.
2025-08-23 14:39:07,599 [ERROR] LogOutputStream:75 - [STDERR_REDIRECT] 
2025-08-23 14:39:08,609 [ERROR] LogOutputStream:75 - [STDERR_REDIRECT] [Fatal Error] :1:1: Premature end of file.
2025-08-23 14:39:08,609 [ERROR] LogOutputStream:75 - [STDERR_REDIRECT] 
2025-08-23 14:39:09,595 [ERROR] LogOutputStream:75 - [STDERR_REDIRECT] [Fatal Error] :1:1: Premature end of file.
2025-08-23 14:39:09,595 [ERROR] LogOutputStream:75 - [STDERR_REDIRECT] 
2025-08-23 14:39:10,605 [ERROR] LogOutputStream:75 - [STDERR_REDIRECT] [Fatal Error] :1:1: Premature end of file.
2025-08-23 14:39:10,605 [ERROR] LogOutputStream:75 - [STDERR_REDIRECT] 
2025-08-23 14:39:10,849 [INFO] ServerAccessManage:452 - Complete download http(s) 200
2025-08-23 14:39:10,849 [INFO] ServerAccessManage:509 - Download File STMicroelectronics.X-CUBE-ALGOBUILD.pdsc
2025-08-23 14:39:11,593 [ERROR] LogOutputStream:75 - [STDERR_REDIRECT] [Fatal Error] :1:1: Premature end of file.
2025-08-23 14:39:11,599 [ERROR] LogOutputStream:75 - [STDERR_REDIRECT] 
2025-08-23 14:39:12,126 [INFO] ServerAccessManage:452 - Complete download http(s) 200
2025-08-23 14:39:12,126 [INFO] ServerAccessManage:509 - Download File STMicroelectronics.X-CUBE-AZRTOS-H7.pdsc
2025-08-23 14:39:12,606 [ERROR] LogOutputStream:75 - [STDERR_REDIRECT] [Fatal Error] :1:1: Premature end of file.
2025-08-23 14:39:12,606 [ERROR] LogOutputStream:75 - [STDERR_REDIRECT] 
2025-08-23 14:39:13,615 [ERROR] LogOutputStream:75 - [STDERR_REDIRECT] [Fatal Error] :1:1: Premature end of file.
2025-08-23 14:39:13,615 [ERROR] LogOutputStream:75 - [STDERR_REDIRECT] 
2025-08-23 14:39:13,945 [INFO] ServerAccessManage:452 - Complete download http(s) 200
2025-08-23 14:39:13,946 [INFO] ServerAccessManage:509 - Download File STMicroelectronics.X-CUBE-AZRTOS-H7RS.pdsc
2025-08-23 14:39:14,553 [INFO] ServerAccessManage:452 - Complete download http(s) 200
2025-08-23 14:39:14,553 [INFO] ServerAccessManage:509 - Download File STMicroelectronics.X-CUBE-AZRTOS-F4.pdsc
2025-08-23 14:39:14,601 [ERROR] LogOutputStream:75 - [STDERR_REDIRECT] [Fatal Error] :1:1: Premature end of file.
2025-08-23 14:39:14,601 [ERROR] LogOutputStream:75 - [STDERR_REDIRECT] 
2025-08-23 14:39:15,135 [INFO] ServerAccessManage:452 - Complete download http(s) 200
2025-08-23 14:39:15,135 [INFO] ServerAccessManage:509 - Download File STMicroelectronics.X-CUBE-AZRTOS-F7.pdsc
2025-08-23 14:39:15,595 [ERROR] LogOutputStream:75 - [STDERR_REDIRECT] [Fatal Error] :1:1: Premature end of file.
2025-08-23 14:39:15,595 [ERROR] LogOutputStream:75 - [STDERR_REDIRECT] 
2025-08-23 14:39:15,869 [INFO] ServerAccessManage:452 - Complete download http(s) 200
2025-08-23 14:39:15,869 [INFO] ServerAccessManage:509 - Download File STMicroelectronics.X-CUBE-AZRTOS-L4.pdsc
2025-08-23 14:39:16,501 [INFO] ServerAccessManage:452 - Complete download http(s) 200
2025-08-23 14:39:16,503 [INFO] ServerAccessManage:509 - Download File STMicroelectronics.X-CUBE-AZRTOS-L5.pdsc
2025-08-23 14:39:16,594 [ERROR] LogOutputStream:75 - [STDERR_REDIRECT] [Fatal Error] :1:1: Premature end of file.
2025-08-23 14:39:16,594 [ERROR] LogOutputStream:75 - [STDERR_REDIRECT] 
2025-08-23 14:39:17,261 [INFO] ServerAccessManage:452 - Complete download http(s) 200
2025-08-23 14:39:17,262 [INFO] ServerAccessManage:509 - Download File STMicroelectronics.X-CUBE-AZRTOS-G0.pdsc
2025-08-23 14:39:17,609 [ERROR] LogOutputStream:75 - [STDERR_REDIRECT] [Fatal Error] :1:1: Premature end of file.
2025-08-23 14:39:17,609 [ERROR] LogOutputStream:75 - [STDERR_REDIRECT] 
2025-08-23 14:39:17,848 [INFO] ServerAccessManage:452 - Complete download http(s) 200
2025-08-23 14:39:17,848 [INFO] ServerAccessManage:509 - Download File STMicroelectronics.X-CUBE-AZRTOS-G4.pdsc
2025-08-23 14:39:18,458 [INFO] ServerAccessManage:452 - Complete download http(s) 200
2025-08-23 14:39:18,459 [INFO] ServerAccessManage:509 - Download File STMicroelectronics.X-CUBE-AZRTOS-WB.pdsc
2025-08-23 14:39:18,595 [ERROR] LogOutputStream:75 - [STDERR_REDIRECT] [Fatal Error] :1:1: Premature end of file.
2025-08-23 14:39:18,595 [ERROR] LogOutputStream:75 - [STDERR_REDIRECT] 
2025-08-23 14:39:19,048 [INFO] ServerAccessManage:452 - Complete download http(s) 200
2025-08-23 14:39:19,048 [INFO] ServerAccessManage:509 - Download File STMicroelectronics.X-CUBE-AZRTOS-WL.pdsc
2025-08-23 14:39:19,606 [ERROR] LogOutputStream:75 - [STDERR_REDIRECT] [Fatal Error] :1:1: Premature end of file.
2025-08-23 14:39:19,607 [ERROR] LogOutputStream:75 - [STDERR_REDIRECT] 
2025-08-23 14:39:19,625 [INFO] ServerAccessManage:452 - Complete download http(s) 200
2025-08-23 14:39:19,625 [INFO] ServerAccessManage:509 - Download File STMicroelectronics.X-CUBE-WB05N.pdsc
2025-08-23 14:39:20,432 [INFO] ServerAccessManage:452 - Complete download http(s) 200
2025-08-23 14:39:20,433 [INFO] ServerAccessManage:509 - Download File wolfSSL.I-CUBE-wolfSSL.pdsc
2025-08-23 14:39:20,613 [ERROR] LogOutputStream:75 - [STDERR_REDIRECT] [Fatal Error] :1:1: Premature end of file.
2025-08-23 14:39:20,613 [ERROR] LogOutputStream:75 - [STDERR_REDIRECT] 
2025-08-23 14:39:21,592 [ERROR] LogOutputStream:75 - [STDERR_REDIRECT] [Fatal Error] :1:1: Premature end of file.
2025-08-23 14:39:21,592 [ERROR] LogOutputStream:75 - [STDERR_REDIRECT] 
2025-08-23 14:39:22,609 [ERROR] LogOutputStream:75 - [STDERR_REDIRECT] [Fatal Error] :1:1: Premature end of file.
2025-08-23 14:39:22,610 [ERROR] LogOutputStream:75 - [STDERR_REDIRECT] 
2025-08-23 14:39:23,598 [ERROR] LogOutputStream:75 - [STDERR_REDIRECT] [Fatal Error] :1:1: Premature end of file.
2025-08-23 14:39:23,598 [ERROR] LogOutputStream:75 - [STDERR_REDIRECT] 
2025-08-23 14:39:24,618 [ERROR] LogOutputStream:75 - [STDERR_REDIRECT] [Fatal Error] :1:1: Premature end of file.
2025-08-23 14:39:24,618 [ERROR] LogOutputStream:75 - [STDERR_REDIRECT] 
2025-08-23 14:39:25,604 [ERROR] LogOutputStream:75 - [STDERR_REDIRECT] [Fatal Error] :1:1: Premature end of file.
2025-08-23 14:39:25,604 [ERROR] LogOutputStream:75 - [STDERR_REDIRECT] 
2025-08-23 14:39:25,712 [ERROR] ServerAccessManage:1212 - Problem, file not found on Server
2025-08-23 14:39:25,979 [ERROR] ServerAccessManage:1212 - Problem, file not found on Server
2025-08-23 14:39:26,247 [ERROR] ServerAccessManage:1212 - Problem, file not found on Server
2025-08-23 14:39:26,389 [INFO] ServerAccessManage:452 - Complete download http(s) 200
2025-08-23 14:39:26,390 [INFO] ServerAccessManage:509 - Download File wolfSSL.I-CUBE-wolfMQTT.pdsc
2025-08-23 14:39:26,610 [ERROR] LogOutputStream:75 - [STDERR_REDIRECT] [Fatal Error] :1:1: Premature end of file.
2025-08-23 14:39:26,610 [ERROR] LogOutputStream:75 - [STDERR_REDIRECT] 
2025-08-23 14:39:27,557 [ERROR] ServerAccessManage:1212 - Problem, file not found on Server
2025-08-23 14:39:27,600 [ERROR] LogOutputStream:75 - [STDERR_REDIRECT] [Fatal Error] :1:1: Premature end of file.
2025-08-23 14:39:27,600 [ERROR] LogOutputStream:75 - [STDERR_REDIRECT] 
2025-08-23 14:39:27,702 [INFO] ServerAccessManage:452 - Complete download http(s) 200
2025-08-23 14:39:27,703 [INFO] ServerAccessManage:509 - Download File wolfSSL.I-CUBE-wolfTPM.pdsc
2025-08-23 14:39:28,598 [ERROR] LogOutputStream:75 - [STDERR_REDIRECT] [Fatal Error] :1:1: Premature end of file.
2025-08-23 14:39:28,598 [ERROR] LogOutputStream:75 - [STDERR_REDIRECT] 
2025-08-23 14:39:29,194 [INFO] ServerAccessManage:452 - Complete download http(s) 200
2025-08-23 14:39:29,194 [INFO] ServerAccessManage:509 - Download File wolfSSL.I-CUBE-wolfSSH.pdsc
2025-08-23 14:39:29,606 [ERROR] LogOutputStream:75 - [STDERR_REDIRECT] [Fatal Error] :1:1: Premature end of file.
2025-08-23 14:39:29,606 [ERROR] LogOutputStream:75 - [STDERR_REDIRECT] 
2025-08-23 14:39:30,612 [ERROR] LogOutputStream:75 - [STDERR_REDIRECT] [Fatal Error] :1:1: Premature end of file.
2025-08-23 14:39:30,612 [ERROR] LogOutputStream:75 - [STDERR_REDIRECT] 
2025-08-23 14:39:31,388 [INFO] ServerAccessManage:452 - Complete download http(s) 200
2025-08-23 14:39:31,388 [INFO] ServerAccessManage:509 - Download File RealThread.X-CUBE-RT-Thread_Nano.pdsc
2025-08-23 14:39:31,635 [ERROR] LogOutputStream:75 - [STDERR_REDIRECT] [Fatal Error] :1:1: Premature end of file.
2025-08-23 14:39:31,636 [ERROR] LogOutputStream:75 - [STDERR_REDIRECT] 
2025-08-23 14:39:31,724 [INFO] ServerAccessManage:452 - Complete download http(s) 200
2025-08-23 14:39:31,724 [INFO] ServerAccessManage:509 - Download File SEGGER.I-CUBE-embOS.pdsc
2025-08-23 14:39:32,371 [INFO] ServerAccessManage:452 - Complete download http(s) 200
2025-08-23 14:39:32,372 [INFO] ServerAccessManage:509 - Download File portGmbH.I-Cube-SoM-uGOAL.pdsc
2025-08-23 14:39:32,605 [ERROR] LogOutputStream:75 - [STDERR_REDIRECT] [Fatal Error] :1:1: Premature end of file.
2025-08-23 14:39:32,605 [ERROR] LogOutputStream:75 - [STDERR_REDIRECT] 
2025-08-23 14:39:32,883 [ERROR] ServerAccessManage:1212 - Problem, file not found on Server
2025-08-23 14:39:32,934 [ERROR] ServerAccessManage:1212 - Problem, file not found on Server
2025-08-23 14:39:32,985 [ERROR] ServerAccessManage:1212 - Problem, file not found on Server
2025-08-23 14:39:33,291 [INFO] ServerAccessManage:452 - Complete download http(s) 200
2025-08-23 14:39:33,291 [INFO] ServerAccessManage:509 - Download File emotas.I-CUBE-CANOPEN.pdsc
2025-08-23 14:39:33,606 [ERROR] LogOutputStream:75 - [STDERR_REDIRECT] [Fatal Error] :1:1: Premature end of file.
2025-08-23 14:39:33,606 [ERROR] LogOutputStream:75 - [STDERR_REDIRECT] 
2025-08-23 14:39:34,394 [INFO] ServerAccessManage:452 - Complete download http(s) 200
2025-08-23 14:39:34,394 [INFO] ServerAccessManage:509 - Download File WES.I-CUBE-Cesium.pdsc
2025-08-23 14:39:34,622 [ERROR] LogOutputStream:75 - [STDERR_REDIRECT] [Fatal Error] :1:1: Premature end of file.
2025-08-23 14:39:34,622 [ERROR] LogOutputStream:75 - [STDERR_REDIRECT] 
2025-08-23 14:39:35,204 [ERROR] ServerAccessManage:1212 - Problem, file not found on Server
2025-08-23 14:39:35,514 [ERROR] ServerAccessManage:1212 - Problem, file not found on Server
2025-08-23 14:39:35,604 [ERROR] LogOutputStream:75 - [STDERR_REDIRECT] [Fatal Error] :1:1: Premature end of file.
2025-08-23 14:39:35,604 [ERROR] LogOutputStream:75 - [STDERR_REDIRECT] 
2025-08-23 14:39:36,417 [INFO] ServerAccessManage:452 - Complete download http(s) 200
2025-08-23 14:39:36,417 [INFO] ServerAccessManage:509 - Download File ITTIA_DB.I-CUBE-ITTIADB.pdsc
2025-08-23 14:39:36,606 [ERROR] LogOutputStream:75 - [STDERR_REDIRECT] [Fatal Error] :1:1: Premature end of file.
2025-08-23 14:39:36,606 [ERROR] LogOutputStream:75 - [STDERR_REDIRECT] 
2025-08-23 14:39:37,597 [ERROR] LogOutputStream:75 - [STDERR_REDIRECT] [Fatal Error] :1:1: Premature end of file.
2025-08-23 14:39:37,597 [ERROR] LogOutputStream:75 - [STDERR_REDIRECT] 
2025-08-23 14:39:38,611 [ERROR] LogOutputStream:75 - [STDERR_REDIRECT] [Fatal Error] :1:1: Premature end of file.
2025-08-23 14:39:38,611 [ERROR] LogOutputStream:75 - [STDERR_REDIRECT] 
2025-08-23 14:39:39,607 [ERROR] LogOutputStream:75 - [STDERR_REDIRECT] [Fatal Error] :1:1: Premature end of file.
2025-08-23 14:39:39,607 [ERROR] LogOutputStream:75 - [STDERR_REDIRECT] 
2025-08-23 14:39:40,169 [INFO] ServerAccessManage:452 - Complete download http(s) 200
2025-08-23 14:39:40,169 [INFO] ServerAccessManage:509 - Download File Infineon.AIROC-Wi-Fi-Bluetooth-STM32.pdsc
2025-08-23 14:39:40,599 [ERROR] LogOutputStream:75 - [STDERR_REDIRECT] [Fatal Error] :1:1: Premature end of file.
2025-08-23 14:39:40,600 [ERROR] LogOutputStream:75 - [STDERR_REDIRECT] 
2025-08-23 14:39:41,599 [ERROR] LogOutputStream:75 - [STDERR_REDIRECT] [Fatal Error] :1:1: Premature end of file.
2025-08-23 14:39:41,599 [ERROR] LogOutputStream:75 - [STDERR_REDIRECT] 
2025-08-23 14:39:42,594 [ERROR] LogOutputStream:75 - [STDERR_REDIRECT] [Fatal Error] :1:1: Premature end of file.
2025-08-23 14:39:42,594 [ERROR] LogOutputStream:75 - [STDERR_REDIRECT] 
2025-08-23 14:39:43,145 [INFO] ServerAccessManage:452 - Complete download http(s) 200
2025-08-23 14:39:43,145 [INFO] ServerAccessManage:509 - Download File Cesanta.I-CUBE-Mongoose.pdsc
2025-08-23 14:39:43,605 [ERROR] LogOutputStream:75 - [STDERR_REDIRECT] [Fatal Error] :1:1: Premature end of file.
2025-08-23 14:39:43,605 [ERROR] LogOutputStream:75 - [STDERR_REDIRECT] 
2025-08-23 14:39:44,209 [INFO] ServerAccessManage:452 - Complete download http(s) 200
2025-08-23 14:39:44,209 [INFO] ServerAccessManage:509 - Download File EmbeddedOffice.I-CUBE-FS-RTOS.pdsc
2025-08-23 14:39:44,594 [ERROR] LogOutputStream:75 - [STDERR_REDIRECT] [Fatal Error] :1:1: Premature end of file.
2025-08-23 14:39:44,596 [ERROR] LogOutputStream:75 - [STDERR_REDIRECT] 
2025-08-23 14:39:45,004 [INFO] ServerAccessManage:452 - Complete download http(s) 200
2025-08-23 14:39:45,004 [INFO] ServerAccessManage:509 - Download File quantropi.X-CUBE-qispace-sdk-base.pdsc
2025-08-23 14:39:45,602 [ERROR] LogOutputStream:75 - [STDERR_REDIRECT] [Fatal Error] :1:1: Premature end of file.
2025-08-23 14:39:45,602 [ERROR] LogOutputStream:75 - [STDERR_REDIRECT] 
2025-08-23 14:39:45,720 [ERROR] ServerAccessManage:1295 - Problem during Server Connection :  IO error PKIX path building failed: sun.security.provider.certpath.SunCertPathBuilderException: unable to find valid certification path to requested target
2025-08-23 14:39:45,721 [ERROR] ServerAccessManage:740 - Problem during Server Connection :  : Avnet-IotConnect.X-CUBE-IoTC-DA16k-PMOD.pdsc.
2025-08-23 14:39:45,788 [WARN] Engine:547 - Do no try to populate pack already in database: STMicroelectronics.FP-ATR-ASTRA1.2.0.2
2025-08-23 14:39:45,789 [WARN] Engine:547 - Do no try to populate pack already in database: STMicroelectronics.FP-ATR-SIGFOX1.3.2.0
2025-08-23 14:39:45,793 [WARN] Engine:547 - Do no try to populate pack already in database: STMicroelectronics.FP-SNS-STBOX1.2.1.0
2025-08-23 14:39:45,794 [WARN] Engine:547 - Do no try to populate pack already in database: STMicroelectronics.FP-SNS-FLIGHT1.5.1.0
2025-08-23 14:39:45,798 [WARN] Engine:547 - Do no try to populate pack already in database: STMicroelectronics.FP-SNS-MOTENV1.5.0.0
2025-08-23 14:39:45,800 [WARN] Engine:547 - Do no try to populate pack already in database: STMicroelectronics.FP-SNS-MOTENVWB1.1.4.0
2025-08-23 14:39:45,801 [WARN] Engine:547 - Do no try to populate pack already in database: STMicroelectronics.FP-SNS-SMARTAG2.1.2.0
2025-08-23 14:39:45,803 [WARN] Engine:547 - Do no try to populate pack already in database: STMicroelectronics.FP-SNS-STAIOTCFT.1.0.0
2025-08-23 14:39:45,805 [WARN] Engine:547 - Do no try to populate pack already in database: STMicroelectronics.X-CUBE-AI.10.2.0
2025-08-23 14:39:45,806 [WARN] Engine:547 - Do no try to populate pack already in database: STMicroelectronics.X-CUBE-ALS.1.0.2
2025-08-23 14:39:45,808 [WARN] Engine:547 - Do no try to populate pack already in database: STMicroelectronics.X-CUBE-BLE1.7.1.0
2025-08-23 14:39:45,811 [WARN] Engine:547 - Do no try to populate pack already in database: STMicroelectronics.X-CUBE-BLE2.3.3.0
2025-08-23 14:39:45,813 [WARN] Engine:547 - Do no try to populate pack already in database: STMicroelectronics.X-CUBE-BLEMGR.4.1.0
2025-08-23 14:39:45,815 [WARN] Engine:547 - Do no try to populate pack already in database: STMicroelectronics.X-CUBE-DISPLAY.3.0.0
2025-08-23 14:39:45,817 [WARN] Engine:547 - Do no try to populate pack already in database: STMicroelectronics.X-CUBE-DPower.1.3.0
2025-08-23 14:39:45,819 [WARN] Engine:547 - Do no try to populate pack already in database: STMicroelectronics.X-CUBE-EEPRMA1.5.2.0
2025-08-23 14:39:45,820 [WARN] Engine:547 - Do no try to populate pack already in database: STMicroelectronics.X-CUBE-FREERTOS.1.3.1
2025-08-23 14:39:45,822 [WARN] Engine:547 - Do no try to populate pack already in database: STMicroelectronics.X-CUBE-GNSS1.7.0.1
2025-08-23 14:39:45,823 [WARN] Engine:547 - Do no try to populate pack already in database: STMicroelectronics.X-CUBE-ISPU.2.1.0
2025-08-23 14:39:45,825 [WARN] Engine:547 - Do no try to populate pack already in database: STMicroelectronics.X-CUBE-IPS.3.1.0
2025-08-23 14:39:45,832 [WARN] Engine:547 - Do no try to populate pack already in database: STMicroelectronics.X-CUBE-MEMS1.11.3.0
2025-08-23 14:39:45,833 [WARN] Engine:547 - Do no try to populate pack already in database: STMicroelectronics.X-CUBE-NFC4.3.0.0
2025-08-23 14:39:45,834 [WARN] Engine:547 - Do no try to populate pack already in database: STMicroelectronics.X-CUBE-NFC6.3.1.0
2025-08-23 14:39:45,837 [WARN] Engine:547 - Do no try to populate pack already in database: STMicroelectronics.X-CUBE-NFC7.2.0.0
2025-08-23 14:39:45,839 [WARN] Engine:547 - Do no try to populate pack already in database: STMicroelectronics.X-CUBE-NFC9.1.0.0
2025-08-23 14:39:45,841 [WARN] Engine:547 - Do no try to populate pack already in database: STMicroelectronics.X-CUBE-NFC10.1.0.0
2025-08-23 14:39:45,842 [WARN] Engine:547 - Do no try to populate pack already in database: STMicroelectronics.X-CUBE-NFC12.1.0.0
2025-08-23 14:39:45,844 [WARN] Engine:547 - Do no try to populate pack already in database: STMicroelectronics.X-CUBE-SFXS2LP1.4.0.0
2025-08-23 14:39:45,846 [WARN] Engine:547 - Do no try to populate pack already in database: STMicroelectronics.X-CUBE-SAFEA1.1.2.2
2025-08-23 14:39:45,850 [WARN] Engine:547 - Do no try to populate pack already in database: STMicroelectronics.X-CUBE-SUBG2.5.0.0
2025-08-23 14:39:45,851 [WARN] Engine:547 - Do no try to populate pack already in database: STMicroelectronics.X-CUBE-SMBUS.2.1.0
2025-08-23 14:39:45,852 [WARN] Engine:547 - Do no try to populate pack already in database: STMicroelectronics.X-CUBE-ST60.1.0.0
2025-08-23 14:39:45,853 [WARN] Engine:547 - Do no try to populate pack already in database: STMicroelectronics.X-CUBE-ST67W61.1.0.0
2025-08-23 14:39:45,855 [WARN] Engine:547 - Do no try to populate pack already in database: STMicroelectronics.X-CUBE-PM33A1.1.0.0
2025-08-23 14:39:45,857 [WARN] Engine:547 - Do no try to populate pack already in database: STMicroelectronics.X-CUBE-TCPP.4.2.0
2025-08-23 14:39:45,859 [WARN] Engine:547 - Do no try to populate pack already in database: STMicroelectronics.X-CUBE-TOF1.3.4.3
2025-08-23 14:39:45,860 [WARN] Engine:547 - Do no try to populate pack already in database: STMicroelectronics.X-CUBE-TOUCHGFX.4.25.0
2025-08-23 14:39:45,863 [WARN] Engine:547 - Do no try to populate pack already in database: STMicroelectronics.X-CUBE-ALGOBUILD.1.4.0
2025-08-23 14:39:45,868 [WARN] Engine:547 - Do no try to populate pack already in database: STMicroelectronics.X-CUBE-AZRTOS-H7.3.4.0
2025-08-23 14:39:45,873 [WARN] Engine:547 - Do no try to populate pack already in database: STMicroelectronics.X-CUBE-AZRTOS-H7RS.1.1.0
2025-08-23 14:39:45,879 [WARN] Engine:547 - Do no try to populate pack already in database: STMicroelectronics.X-CUBE-AZRTOS-F4.1.1.0
2025-08-23 14:39:45,883 [WARN] Engine:547 - Do no try to populate pack already in database: STMicroelectronics.X-CUBE-AZRTOS-F7.1.1.0
2025-08-23 14:39:45,889 [WARN] Engine:547 - Do no try to populate pack already in database: STMicroelectronics.X-CUBE-AZRTOS-L4.2.0.0
2025-08-23 14:39:45,895 [WARN] Engine:547 - Do no try to populate pack already in database: STMicroelectronics.X-CUBE-AZRTOS-L5.2.0.0
2025-08-23 14:39:45,898 [WARN] Engine:547 - Do no try to populate pack already in database: STMicroelectronics.X-CUBE-AZRTOS-G0.1.1.0
2025-08-23 14:39:45,901 [WARN] Engine:547 - Do no try to populate pack already in database: STMicroelectronics.X-CUBE-AZRTOS-G4.2.0.0
2025-08-23 14:39:45,904 [WARN] Engine:547 - Do no try to populate pack already in database: STMicroelectronics.X-CUBE-AZRTOS-WB.2.0.0
2025-08-23 14:39:45,906 [WARN] Engine:547 - Do no try to populate pack already in database: STMicroelectronics.X-CUBE-AZRTOS-WL.2.0.0
2025-08-23 14:39:45,908 [WARN] Engine:547 - Do no try to populate pack already in database: STMicroelectronics.X-CUBE-WB05N.2.0.0
2025-08-23 14:39:45,913 [WARN] PackLoader:240 - Cannot read IP mode file for wolfSSL.I-CUBE-wolfSSL.5.8.2
2025-08-23 14:39:45,918 [WARN] Engine:547 - Do no try to populate pack already in database: wolfSSL.I-CUBE-wolfMQTT.1.19.2
2025-08-23 14:39:45,921 [WARN] Engine:547 - Do no try to populate pack already in database: wolfSSL.I-CUBE-wolfTPM.3.8.0
2025-08-23 14:39:45,923 [WARN] Engine:547 - Do no try to populate pack already in database: wolfSSL.I-CUBE-wolfSSH.1.4.20
2025-08-23 14:39:45,928 [WARN] Engine:547 - Do no try to populate pack already in database: RealThread.X-CUBE-RT-Thread_Nano.4.1.1
2025-08-23 14:39:45,933 [WARN] Engine:547 - Do no try to populate pack already in database: SEGGER.I-CUBE-embOS.1.3.1
2025-08-23 14:39:45,937 [WARN] Engine:547 - Do no try to populate pack already in database: portGmbH.I-Cube-SoM-uGOAL.1.1.0
2025-08-23 14:39:45,938 [WARN] Engine:547 - Do no try to populate pack already in database: emotas.I-CUBE-CANOPEN.1.3.0
2025-08-23 14:39:45,948 [WARN] PackLoader:240 - Cannot read IP mode file for WES.I-CUBE-Cesium.1.4.0
2025-08-23 14:39:45,953 [WARN] Engine:547 - Do no try to populate pack already in database: ITTIA_DB.I-CUBE-ITTIADB.8.9.0
2025-08-23 14:39:45,983 [INFO] CheckServerUpdateThread:120 - End of CheckServer Thread
2025-08-23 14:39:45,988 [WARN] PackLoader:240 - Cannot read IP mode file for Infineon.AIROC-Wi-Fi-Bluetooth-STM32.1.7.1
2025-08-23 14:39:46,003 [WARN] Engine:547 - Do no try to populate pack already in database: Cesanta.I-CUBE-Mongoose.7.13.0
2025-08-23 14:39:46,004 [WARN] Engine:547 - Do no try to populate pack already in database: EmbeddedOffice.I-CUBE-FS-RTOS.1.0.1
2025-08-23 14:39:46,009 [WARN] ConditionMgr:438 - getConditionDescription Invalid condition id : Cortex-A Device cause : null
2025-08-23 14:39:46,021 [WARN] ConditionMgr:1044 - genDependencies : Invalid condition id : Cortex-A Device cause : null
2025-08-23 14:39:46,021 [WARN] ConditionMgr:1044 - genDependencies : Invalid condition id : Cortex-A Device cause : null
2025-08-23 14:39:46,021 [WARN] ConditionMgr:1044 - genDependencies : Invalid condition id : Cortex-A Device cause : null
2025-08-23 14:39:46,022 [INFO] PopulateThirdPartyThread:66 - Ending populate Thread
2025-08-23 14:39:46,052 [INFO] ThirdPartyModel:298 - Start build external matchings
2025-08-23 14:39:46,558 [INFO] ThirdPartyModel:316 - End build external matchings
2025-08-23 14:39:46,564 [INFO] ThirdPartyModel:298 - Start build external matchings
2025-08-23 14:39:46,618 [ERROR] LogOutputStream:75 - [STDERR_REDIRECT] [Fatal Error] :1:1: Premature end of file.
2025-08-23 14:39:46,618 [ERROR] LogOutputStream:75 - [STDERR_REDIRECT] 
2025-08-23 14:39:46,940 [INFO] ThirdPartyModel:316 - End build external matchings
2025-08-23 14:39:46,944 [INFO] ThirdParty:1030 - CMSIS Pack Vendor :STMicroelectronics X-CUBE-PM33A1 1.0.0
2025-08-23 14:39:46,944 [INFO] ThirdParty:1030 - CMSIS Pack Vendor :STMicroelectronics USBPD 4.1
2025-08-23 14:39:46,944 [INFO] ThirdParty:1030 - CMSIS Pack Vendor :STMicroelectronics X-CUBE-AZRTOS-H7 3.3.0
2025-08-23 14:39:46,944 [INFO] ThirdParty:1030 - CMSIS Pack Vendor :STMicroelectronics X-CUBE-NFC9 1.0.0
2025-08-23 14:39:46,944 [INFO] ThirdParty:1030 - CMSIS Pack Vendor :wolfSSL I-CUBE-wolfSSL 5.8.0
2025-08-23 14:39:46,944 [INFO] ThirdParty:1030 - CMSIS Pack Vendor :STMicroelectronics USB_HOST 2.0.0
2025-08-23 14:39:46,944 [INFO] ThirdParty:1030 - CMSIS Pack Vendor :STMicroelectronics FP-SNS-MOTENVWB1 1.4.0
2025-08-23 14:39:46,944 [INFO] ThirdParty:1030 - CMSIS Pack Vendor :STMicroelectronics X-CUBE-AZRTOS-F4 1.1.0
2025-08-23 14:39:46,944 [INFO] ThirdParty:1030 - CMSIS Pack Vendor :STMicroelectronics LIBJPEG 8.0.0
2025-08-23 14:39:46,944 [INFO] ThirdParty:1030 - CMSIS Pack Vendor :STMicroelectronics FP-ATR-ASTRA1 2.0.2
2025-08-23 14:39:46,944 [INFO] ThirdParty:1030 - CMSIS Pack Vendor :wolfSSL I-CUBE-wolfSSL 5.8.2
2025-08-23 14:39:46,944 [INFO] ThirdParty:1030 - CMSIS Pack Vendor :STMicroelectronics X-CUBE-BLE1 7.1.0
2025-08-23 14:39:46,944 [INFO] ThirdParty:1030 - CMSIS Pack Vendor :STMicroelectronics X-CUBE-SMBUS 2.1.0
2025-08-23 14:39:46,944 [INFO] ThirdParty:1030 - CMSIS Pack Vendor :wolfSSL I-CUBE-wolfMQTT 1.19.2
2025-08-23 14:39:46,944 [INFO] ThirdParty:1030 - CMSIS Pack Vendor :STMicroelectronics USB_DEVICE 3.0.0
2025-08-23 14:39:46,944 [INFO] ThirdParty:1030 - CMSIS Pack Vendor :STMicroelectronics X-CUBE-ISPU 2.1.0
2025-08-23 14:39:46,944 [INFO] ThirdParty:1030 - CMSIS Pack Vendor :STMicroelectronics X-CUBE-EEPRMA1 5.2.0
2025-08-23 14:39:46,944 [INFO] ThirdParty:1030 - CMSIS Pack Vendor :STMicroelectronics X-CUBE-BLEMGR 4.1.0
2025-08-23 14:39:46,944 [INFO] ThirdParty:1030 - CMSIS Pack Vendor :STMicroelectronics X-CUBE-AZRTOS-WB 2.0.0
2025-08-23 14:39:46,944 [INFO] ThirdParty:1030 - CMSIS Pack Vendor :STMicroelectronics X-CUBE-ST60 1.0.0
2025-08-23 14:39:46,944 [INFO] ThirdParty:1030 - CMSIS Pack Vendor :STMicroelectronics X-CUBE-GNSS1 7.0.1
2025-08-23 14:39:46,944 [INFO] ThirdParty:1030 - CMSIS Pack Vendor :STMicroelectronics X-CUBE-NFC12 1.0.0
2025-08-23 14:39:46,944 [INFO] ThirdParty:1030 - CMSIS Pack Vendor :STMicroelectronics X-CUBE-AZRTOS-F7 1.1.0
2025-08-23 14:39:46,944 [INFO] ThirdParty:1030 - CMSIS Pack Vendor :STMicroelectronics X-CUBE-AZRTOS-L5 2.0.0
2025-08-23 14:39:46,944 [INFO] ThirdParty:1030 - CMSIS Pack Vendor :STMicroelectronics X-CUBE-TOUCHGFX 4.25.0
2025-08-23 14:39:46,944 [INFO] ThirdParty:1030 - CMSIS Pack Vendor :STMicroelectronics USB_DEVICE 2.0.0
2025-08-23 14:39:46,944 [INFO] ThirdParty:1030 - CMSIS Pack Vendor :STMicroelectronics X-CUBE-NFC6 3.1.0
2025-08-23 14:39:46,944 [INFO] ThirdParty:1030 - CMSIS Pack Vendor :STMicroelectronics X-CUBE-AI 10.1.0
2025-08-23 14:39:46,944 [INFO] ThirdParty:1030 - CMSIS Pack Vendor :STMicroelectronics FP-SNS-STBOX1 2.0.0
2025-08-23 14:39:46,944 [INFO] ThirdParty:1030 - CMSIS Pack Vendor :quantropi X-CUBE-qispace-sdk-base 2.1.0
2025-08-23 14:39:46,944 [INFO] ThirdParty:1030 - CMSIS Pack Vendor :STMicroelectronics FreeRTOS 0.0.1
2025-08-23 14:39:46,944 [INFO] ThirdParty:1030 - CMSIS Pack Vendor :STMicroelectronics X-CUBE-AZRTOS-G0 1.1.0
2025-08-23 14:39:46,944 [INFO] ThirdParty:1030 - CMSIS Pack Vendor :STMicroelectronics X-CUBE-SAFEA1 1.2.2
2025-08-23 14:39:46,944 [INFO] ThirdParty:1030 - CMSIS Pack Vendor :STMicroelectronics X-CUBE-NFC4 3.0.0
2025-08-23 14:39:46,944 [INFO] ThirdParty:1030 - CMSIS Pack Vendor :STMicroelectronics X-CUBE-SUBG2 5.0.0
2025-08-23 14:39:46,944 [INFO] ThirdParty:1030 - CMSIS Pack Vendor :STMicroelectronics X-CUBE-AZRTOS-H7RS 1.1.0
2025-08-23 14:39:46,944 [INFO] ThirdParty:1030 - CMSIS Pack Vendor :STMicroelectronics STM32_WPAN 1.0.0
2025-08-23 14:39:46,944 [INFO] ThirdParty:1030 - CMSIS Pack Vendor :EmbeddedOffice I-CUBE-FS-RTOS 1.0.1
2025-08-23 14:39:46,944 [INFO] ThirdParty:1030 - CMSIS Pack Vendor :STMicroelectronics lwIP 2.0.3
2025-08-23 14:39:46,944 [INFO] ThirdParty:1030 - CMSIS Pack Vendor :WES I-CUBE-Cesium 1.4.0
2025-08-23 14:39:46,944 [INFO] ThirdParty:1030 - CMSIS Pack Vendor :Cesanta I-CUBE-Mongoose 7.13.0
2025-08-23 14:39:46,944 [INFO] ThirdParty:1030 - CMSIS Pack Vendor :STMicroelectronics USB_HOST 1.0.0
2025-08-23 14:39:46,944 [INFO] ThirdParty:1030 - CMSIS Pack Vendor :Infineon AIROC-Wi-Fi-Bluetooth-STM32 1.7.0
2025-08-23 14:39:46,944 [INFO] ThirdParty:1030 - CMSIS Pack Vendor :STMicroelectronics X-CUBE-AZRTOS-G4 2.0.0
2025-08-23 14:39:46,944 [INFO] ThirdParty:1030 - CMSIS Pack Vendor :Infineon AIROC-Wi-Fi-Bluetooth-STM32 1.7.1
2025-08-23 14:39:46,944 [INFO] ThirdParty:1030 - CMSIS Pack Vendor :STMicroelectronics X-CUBE-WB05N 2.0.0
2025-08-23 14:39:46,944 [INFO] ThirdParty:1030 - CMSIS Pack Vendor :STMicroelectronics PDM2PCM 3.1.0
2025-08-23 14:39:46,944 [INFO] ThirdParty:1030 - CMSIS Pack Vendor :STMicroelectronics PDM2PCM 3.3.0
2025-08-23 14:39:46,944 [INFO] ThirdParty:1030 - CMSIS Pack Vendor :wolfSSL I-CUBE-wolfTPM 3.8.0
2025-08-23 14:39:46,944 [INFO] ThirdParty:1030 - CMSIS Pack Vendor :STMicroelectronics X-CUBE-AZRTOS-H7 3.4.0
2025-08-23 14:39:46,944 [INFO] ThirdParty:1030 - CMSIS Pack Vendor :STMicroelectronics X-CUBE-DISPLAY 3.0.0
2025-08-23 14:39:46,944 [INFO] ThirdParty:1030 - CMSIS Pack Vendor :wolfSSL I-CUBE-wolfSSH 1.4.20
2025-08-23 14:39:46,944 [INFO] ThirdParty:1030 - CMSIS Pack Vendor :STMicroelectronics X-CUBE-NFC7 2.0.0
2025-08-23 14:39:46,944 [INFO] ThirdParty:1030 - CMSIS Pack Vendor :STMicroelectronics X-CUBE-TCPP 4.2.0
2025-08-23 14:39:46,944 [INFO] ThirdParty:1030 - CMSIS Pack Vendor :RealThread X-CUBE-RT-Thread_Nano 4.1.1
2025-08-23 14:39:46,944 [INFO] ThirdParty:1030 - CMSIS Pack Vendor :STMicroelectronics FP-ATR-SIGFOX1 3.2.0
2025-08-23 14:39:46,944 [INFO] ThirdParty:1030 - CMSIS Pack Vendor :STMicroelectronics X-CUBE-NFC10 1.0.0
2025-08-23 14:39:46,944 [INFO] ThirdParty:1030 - CMSIS Pack Vendor :STMicroelectronics X-CUBE-BLEMGR 4.0.0
2025-08-23 14:39:46,944 [INFO] ThirdParty:1030 - CMSIS Pack Vendor :STMicroelectronics X-CUBE-EEPRMA1 5.1.0
2025-08-23 14:39:46,944 [INFO] ThirdParty:1030 - CMSIS Pack Vendor :STMicroelectronics X-CUBE-FREERTOS 1.3.1
2025-08-23 14:39:46,944 [INFO] ThirdParty:1030 - CMSIS Pack Vendor :STMicroelectronics HAL Drivers 0.0.0
2025-08-23 14:39:46,944 [INFO] ThirdParty:1030 - CMSIS Pack Vendor :STMicroelectronics MBEDTLS 2.16.2
2025-08-23 14:39:46,944 [INFO] ThirdParty:1030 - CMSIS Pack Vendor :STMicroelectronics X-CUBE-IPS 3.1.0
2025-08-23 14:39:46,944 [INFO] ThirdParty:1030 - CMSIS Pack Vendor :STMicroelectronics X-CUBE-ALS 1.0.2
2025-08-23 14:39:46,944 [INFO] ThirdParty:1030 - CMSIS Pack Vendor :emotas I-CUBE-CANOPEN 1.3.0
2025-08-23 14:39:46,944 [INFO] ThirdParty:1030 - CMSIS Pack Vendor :STMicroelectronics MBEDTLS 2.14.1
2025-08-23 14:39:46,944 [INFO] ThirdParty:1030 - CMSIS Pack Vendor :ITTIA_DB I-CUBE-ITTIADB 8.9.0
2025-08-23 14:39:46,944 [INFO] ThirdParty:1030 - CMSIS Pack Vendor :portGmbH I-Cube-SoM-uGOAL 1.1.0
2025-08-23 14:39:46,944 [INFO] ThirdParty:1030 - CMSIS Pack Vendor :quantropi X-CUBE-qispace-sdk-base 2.0.0
2025-08-23 14:39:46,944 [INFO] ThirdParty:1030 - CMSIS Pack Vendor :STMicroelectronics X-CUBE-ST67W61 1.0.0
2025-08-23 14:39:46,944 [INFO] ThirdParty:1030 - CMSIS Pack Vendor :STMicroelectronics FP-SNS-STBOX1 2.1.0
2025-08-23 14:39:46,944 [INFO] ThirdParty:1030 - CMSIS Pack Vendor :STMicroelectronics X-CUBE-AI 10.2.0
2025-08-23 14:39:46,944 [INFO] ThirdParty:1030 - CMSIS Pack Vendor :STMicroelectronics FP-SNS-STAIOTCFT 1.0.0
2025-08-23 14:39:46,944 [INFO] ThirdParty:1030 - CMSIS Pack Vendor :STMicroelectronics ThreadX 1.0.0
2025-08-23 14:39:46,944 [INFO] ThirdParty:1030 - CMSIS Pack Vendor :STMicroelectronics FP-SNS-SMARTAG2 1.2.0
2025-08-23 14:39:46,944 [INFO] ThirdParty:1030 - CMSIS Pack Vendor :STMicroelectronics FP-SNS-FLIGHT1 5.1.0
2025-08-23 14:39:46,944 [INFO] ThirdParty:1030 - CMSIS Pack Vendor :STMicroelectronics X-CUBE-AZRTOS-WL 2.0.0
2025-08-23 14:39:46,944 [INFO] ThirdParty:1030 - CMSIS Pack Vendor :SEGGER I-CUBE-embOS 1.3.1
2025-08-23 14:39:46,944 [INFO] ThirdParty:1030 - CMSIS Pack Vendor :STMicroelectronics X-CUBE-ALGOBUILD 1.4.0
2025-08-23 14:39:46,944 [INFO] ThirdParty:1030 - CMSIS Pack Vendor :STMicroelectronics X-CUBE-DPower 1.3.0
2025-08-23 14:39:46,946 [INFO] ThirdParty:1030 - CMSIS Pack Vendor :STMicroelectronics X-CUBE-MEMS1 11.3.0
2025-08-23 14:39:46,946 [INFO] ThirdParty:1030 - CMSIS Pack Vendor :STMicroelectronics FP-SNS-MOTENV1 5.0.0
2025-08-23 14:39:46,946 [INFO] ThirdParty:1030 - CMSIS Pack Vendor :STMicroelectronics USB_DEVICE 1.0.0
2025-08-23 14:39:46,946 [INFO] ThirdParty:1030 - CMSIS Pack Vendor :STMicroelectronics X-CUBE-AZRTOS-L4 2.0.0
2025-08-23 14:39:46,946 [INFO] ThirdParty:1030 - CMSIS Pack Vendor :STMicroelectronics ThreadX 0.0.2
2025-08-23 14:39:46,946 [INFO] ThirdParty:1030 - CMSIS Pack Vendor :WES I-CUBE-Cesium 1.3.0
2025-08-23 14:39:46,946 [INFO] ThirdParty:1030 - CMSIS Pack Vendor :STMicroelectronics lwIP 2.1.2
2025-08-23 14:39:46,946 [INFO] ThirdParty:1030 - CMSIS Pack Vendor :STMicroelectronics X-CUBE-SFXS2LP1 4.0.0
2025-08-23 14:39:46,946 [INFO] ThirdParty:1030 - CMSIS Pack Vendor :STMicroelectronics X-CUBE-BLE2 3.3.0
2025-08-23 14:39:46,946 [INFO] ThirdParty:1030 - CMSIS Pack Vendor :STMicroelectronics X-CUBE-TOF1 3.4.3
2025-08-23 14:39:46,946 [INFO] ThirdParty:1030 - CMSIS Pack Vendor :STMicroelectronics PDM2PCM 3.2.0
2025-08-23 14:39:46,946 [INFO] ThirdPartyModel:298 - Start build external matchings
2025-08-23 14:39:47,226 [INFO] ThirdPartyModel:316 - End build external matchings
2025-08-23 14:39:47,230 [INFO] ThirdPartyModel:298 - Start build external matchings
2025-08-23 14:39:47,514 [INFO] ThirdPartyModel:316 - End build external matchings
2025-08-23 14:39:47,518 [INFO] LoadServerUpdatesThread:375 - End of LoadServerUpdate Thread
2025-08-23 14:39:47,604 [ERROR] LogOutputStream:75 - [STDERR_REDIRECT] [Fatal Error] :1:1: Premature end of file.
2025-08-23 14:39:47,606 [ERROR] LogOutputStream:75 - [STDERR_REDIRECT] 
2025-08-23 14:39:48,606 [ERROR] LogOutputStream:75 - [STDERR_REDIRECT] [Fatal Error] :1:1: Premature end of file.
2025-08-23 14:39:48,607 [ERROR] LogOutputStream:75 - [STDERR_REDIRECT] 
2025-08-23 14:39:49,597 [ERROR] LogOutputStream:75 - [STDERR_REDIRECT] [Fatal Error] :1:1: Premature end of file.
2025-08-23 14:39:49,597 [ERROR] LogOutputStream:75 - [STDERR_REDIRECT] 
2025-08-23 14:39:50,598 [ERROR] LogOutputStream:75 - [STDERR_REDIRECT] [Fatal Error] :1:1: Premature end of file.
2025-08-23 14:39:50,598 [ERROR] LogOutputStream:75 - [STDERR_REDIRECT] 
2025-08-23 14:39:51,600 [ERROR] LogOutputStream:75 - [STDERR_REDIRECT] [Fatal Error] :1:1: Premature end of file.
2025-08-23 14:39:51,600 [ERROR] LogOutputStream:75 - [STDERR_REDIRECT] 
2025-08-23 14:39:52,600 [ERROR] LogOutputStream:75 - [STDERR_REDIRECT] [Fatal Error] :1:1: Premature end of file.
2025-08-23 14:39:52,600 [ERROR] LogOutputStream:75 - [STDERR_REDIRECT] 
2025-08-23 14:39:53,624 [ERROR] LogOutputStream:75 - [STDERR_REDIRECT] [Fatal Error] :1:1: Premature end of file.
2025-08-23 14:39:53,624 [ERROR] LogOutputStream:75 - [STDERR_REDIRECT] 
2025-08-23 14:39:54,602 [ERROR] LogOutputStream:75 - [STDERR_REDIRECT] [Fatal Error] :1:1: Premature end of file.
2025-08-23 14:39:54,602 [ERROR] LogOutputStream:75 - [STDERR_REDIRECT] 
2025-08-23 14:39:55,593 [ERROR] LogOutputStream:75 - [STDERR_REDIRECT] [Fatal Error] :1:1: Premature end of file.
2025-08-23 14:39:55,593 [ERROR] LogOutputStream:75 - [STDERR_REDIRECT] 
2025-08-23 14:39:56,602 [ERROR] LogOutputStream:75 - [STDERR_REDIRECT] [Fatal Error] :1:1: Premature end of file.
2025-08-23 14:39:56,602 [ERROR] LogOutputStream:75 - [STDERR_REDIRECT] 
2025-08-23 14:39:57,595 [ERROR] LogOutputStream:75 - [STDERR_REDIRECT] [Fatal Error] :1:1: Premature end of file.
2025-08-23 14:39:57,595 [ERROR] LogOutputStream:75 - [STDERR_REDIRECT] 
2025-08-23 14:39:58,605 [ERROR] LogOutputStream:75 - [STDERR_REDIRECT] [Fatal Error] :1:1: Premature end of file.
2025-08-23 14:39:58,605 [ERROR] LogOutputStream:75 - [STDERR_REDIRECT] 
2025-08-23 14:39:59,601 [ERROR] LogOutputStream:75 - [STDERR_REDIRECT] [Fatal Error] :1:1: Premature end of file.
2025-08-23 14:39:59,601 [ERROR] LogOutputStream:75 - [STDERR_REDIRECT] 
2025-08-23 14:40:00,599 [ERROR] LogOutputStream:75 - [STDERR_REDIRECT] [Fatal Error] :1:1: Premature end of file.
2025-08-23 14:40:00,599 [ERROR] LogOutputStream:75 - [STDERR_REDIRECT] 
2025-08-23 14:40:01,599 [ERROR] LogOutputStream:75 - [STDERR_REDIRECT] [Fatal Error] :1:1: Premature end of file.
2025-08-23 14:40:01,599 [ERROR] LogOutputStream:75 - [STDERR_REDIRECT] 
2025-08-23 14:40:02,598 [ERROR] LogOutputStream:75 - [STDERR_REDIRECT] [Fatal Error] :1:1: Premature end of file.
2025-08-23 14:40:02,598 [ERROR] LogOutputStream:75 - [STDERR_REDIRECT] 
2025-08-23 14:40:03,605 [ERROR] LogOutputStream:75 - [STDERR_REDIRECT] [Fatal Error] :1:1: Premature end of file.
2025-08-23 14:40:03,605 [ERROR] LogOutputStream:75 - [STDERR_REDIRECT] 
2025-08-23 14:40:04,607 [ERROR] LogOutputStream:75 - [STDERR_REDIRECT] [Fatal Error] :1:1: Premature end of file.
2025-08-23 14:40:04,607 [ERROR] LogOutputStream:75 - [STDERR_REDIRECT] 
2025-08-23 14:40:05,605 [ERROR] LogOutputStream:75 - [STDERR_REDIRECT] [Fatal Error] :1:1: Premature end of file.
2025-08-23 14:40:05,605 [ERROR] LogOutputStream:75 - [STDERR_REDIRECT] 
2025-08-23 14:40:06,593 [ERROR] LogOutputStream:75 - [STDERR_REDIRECT] [Fatal Error] :1:1: Premature end of file.
2025-08-23 14:40:06,594 [ERROR] LogOutputStream:75 - [STDERR_REDIRECT] 
2025-08-23 14:40:07,598 [ERROR] LogOutputStream:75 - [STDERR_REDIRECT] [Fatal Error] :1:1: Premature end of file.
2025-08-23 14:40:07,598 [ERROR] LogOutputStream:75 - [STDERR_REDIRECT] 
2025-08-23 14:40:08,597 [ERROR] LogOutputStream:75 - [STDERR_REDIRECT] [Fatal Error] :1:1: Premature end of file.
2025-08-23 14:40:08,597 [ERROR] LogOutputStream:75 - [STDERR_REDIRECT] 
2025-08-23 14:40:09,610 [ERROR] LogOutputStream:75 - [STDERR_REDIRECT] [Fatal Error] :1:1: Premature end of file.
2025-08-23 14:40:09,610 [ERROR] LogOutputStream:75 - [STDERR_REDIRECT] 
2025-08-23 14:40:10,598 [ERROR] LogOutputStream:75 - [STDERR_REDIRECT] [Fatal Error] :1:1: Premature end of file.
2025-08-23 14:40:10,599 [ERROR] LogOutputStream:75 - [STDERR_REDIRECT] 
2025-08-23 14:40:11,607 [ERROR] LogOutputStream:75 - [STDERR_REDIRECT] [Fatal Error] :1:1: Premature end of file.
2025-08-23 14:40:11,607 [ERROR] LogOutputStream:75 - [STDERR_REDIRECT] 
2025-08-23 14:40:12,604 [ERROR] LogOutputStream:75 - [STDERR_REDIRECT] [Fatal Error] :1:1: Premature end of file.
2025-08-23 14:40:12,604 [ERROR] LogOutputStream:75 - [STDERR_REDIRECT] 
2025-08-23 14:40:13,610 [ERROR] LogOutputStream:75 - [STDERR_REDIRECT] [Fatal Error] :1:1: Premature end of file.
2025-08-23 14:40:13,610 [ERROR] LogOutputStream:75 - [STDERR_REDIRECT] 
2025-08-23 14:40:14,605 [ERROR] LogOutputStream:75 - [STDERR_REDIRECT] [Fatal Error] :1:1: Premature end of file.
2025-08-23 14:40:14,605 [ERROR] LogOutputStream:75 - [STDERR_REDIRECT] 
2025-08-23 14:40:15,607 [ERROR] LogOutputStream:75 - [STDERR_REDIRECT] [Fatal Error] :1:1: Premature end of file.
2025-08-23 14:40:15,607 [ERROR] LogOutputStream:75 - [STDERR_REDIRECT] 
2025-08-23 14:40:16,598 [ERROR] LogOutputStream:75 - [STDERR_REDIRECT] [Fatal Error] :1:1: Premature end of file.
2025-08-23 14:40:16,598 [ERROR] LogOutputStream:75 - [STDERR_REDIRECT] 
2025-08-23 14:40:17,612 [ERROR] LogOutputStream:75 - [STDERR_REDIRECT] [Fatal Error] :1:1: Premature end of file.
2025-08-23 14:40:17,612 [ERROR] LogOutputStream:75 - [STDERR_REDIRECT] 
2025-08-23 14:40:18,595 [ERROR] LogOutputStream:75 - [STDERR_REDIRECT] [Fatal Error] :1:1: Premature end of file.
2025-08-23 14:40:18,596 [ERROR] LogOutputStream:75 - [STDERR_REDIRECT] 
2025-08-23 14:40:19,594 [ERROR] LogOutputStream:75 - [STDERR_REDIRECT] [Fatal Error] :1:1: Premature end of file.
2025-08-23 14:40:19,594 [ERROR] LogOutputStream:75 - [STDERR_REDIRECT] 
2025-08-23 14:40:20,595 [ERROR] LogOutputStream:75 - [STDERR_REDIRECT] [Fatal Error] :1:1: Premature end of file.
2025-08-23 14:40:20,595 [ERROR] LogOutputStream:75 - [STDERR_REDIRECT] 
2025-08-23 14:40:21,595 [ERROR] LogOutputStream:75 - [STDERR_REDIRECT] [Fatal Error] :1:1: Premature end of file.
2025-08-23 14:40:21,595 [ERROR] LogOutputStream:75 - [STDERR_REDIRECT] 
2025-08-23 14:40:22,595 [ERROR] LogOutputStream:75 - [STDERR_REDIRECT] [Fatal Error] :1:1: Premature end of file.
2025-08-23 14:40:22,595 [ERROR] LogOutputStream:75 - [STDERR_REDIRECT] 
2025-08-23 14:40:23,600 [ERROR] LogOutputStream:75 - [STDERR_REDIRECT] [Fatal Error] :1:1: Premature end of file.
2025-08-23 14:40:23,600 [ERROR] LogOutputStream:75 - [STDERR_REDIRECT] 
2025-08-23 14:40:24,594 [ERROR] LogOutputStream:75 - [STDERR_REDIRECT] [Fatal Error] :1:1: Premature end of file.
2025-08-23 14:40:24,594 [ERROR] LogOutputStream:75 - [STDERR_REDIRECT] 
2025-08-23 14:40:25,593 [ERROR] LogOutputStream:75 - [STDERR_REDIRECT] [Fatal Error] :1:1: Premature end of file.
2025-08-23 14:40:25,593 [ERROR] LogOutputStream:75 - [STDERR_REDIRECT] 
2025-08-23 14:40:26,629 [ERROR] LogOutputStream:75 - [STDERR_REDIRECT] [Fatal Error] :1:1: Premature end of file.
2025-08-23 14:40:26,630 [ERROR] LogOutputStream:75 - [STDERR_REDIRECT] 
2025-08-23 14:40:27,605 [ERROR] LogOutputStream:75 - [STDERR_REDIRECT] [Fatal Error] :1:1: Premature end of file.
2025-08-23 14:40:27,605 [ERROR] LogOutputStream:75 - [STDERR_REDIRECT] 
2025-08-23 14:40:28,594 [ERROR] LogOutputStream:75 - [STDERR_REDIRECT] [Fatal Error] :1:1: Premature end of file.
2025-08-23 14:40:28,594 [ERROR] LogOutputStream:75 - [STDERR_REDIRECT] 
2025-08-23 14:40:29,593 [ERROR] LogOutputStream:75 - [STDERR_REDIRECT] [Fatal Error] :1:1: Premature end of file.
2025-08-23 14:40:29,594 [ERROR] LogOutputStream:75 - [STDERR_REDIRECT] 
2025-08-23 14:40:30,612 [ERROR] LogOutputStream:75 - [STDERR_REDIRECT] [Fatal Error] :1:1: Premature end of file.
2025-08-23 14:40:30,612 [ERROR] LogOutputStream:75 - [STDERR_REDIRECT] 
2025-08-23 14:40:31,612 [ERROR] LogOutputStream:75 - [STDERR_REDIRECT] [Fatal Error] :1:1: Premature end of file.
2025-08-23 14:40:31,612 [ERROR] LogOutputStream:75 - [STDERR_REDIRECT] 
2025-08-23 14:40:32,381 [INFO] UtilMem:75 - End SaveConfig() Used Memory: 413529616 Bytes (1073741824)
2025-08-23 14:40:32,601 [ERROR] LogOutputStream:75 - [STDERR_REDIRECT] [Fatal Error] :1:1: Premature end of file.
2025-08-23 14:40:32,602 [ERROR] LogOutputStream:75 - [STDERR_REDIRECT] 
2025-08-23 14:40:32,822 [INFO] BlockDiagram:2775 - set Specific Code input for plugin: RCC
2025-08-23 14:40:32,822 [INFO] BlockDiagram:2775 - set Specific Code input for plugin: NUCLEO-H745ZI-Q
2025-08-23 14:40:32,822 [INFO] BlockDiagram:2775 - set Specific Code input for plugin: SYS
2025-08-23 14:40:32,823 [INFO] BlockDiagram:2775 - set Specific Code input for plugin: CORTEX_M7
2025-08-23 14:40:32,823 [INFO] BlockDiagram:2775 - set Specific Code input for plugin: NVIC2
2025-08-23 14:40:32,825 [INFO] BlockDiagram:2775 - set Specific Code input for plugin: SYS_M4
2025-08-23 14:40:32,825 [INFO] BlockDiagram:2775 - set Specific Code input for plugin: NVIC1
2025-08-23 14:40:32,828 [INFO] CodeGenerator:892 - code generatio: config db path: C:\ST\STM32CubeIDE_1.19.0\STM32CubeIDE\plugins\com.st.stm32cube.common.mx_6.15.0.202507011659\\db\
2025-08-23 14:40:32,898 [INFO] CodeGenerator:1619 - *******************Project context M7 selected
2025-08-23 14:40:32,969 [INFO] CodeEngine:265 - oldGeneratedFile, C:\Users\sumey\STM32CubeIDE\workspace_stm32H7\1_1_Bus\MXTmpFiles\license.tmp_save
2025-08-23 14:40:33,239 [ERROR] IocParser:95 - Exception caught: Cannot invoke "java.lang.CharSequence.length()" because "this.text" is null
2025-08-23 14:40:33,347 [INFO] CodeEngine:289 - Generated code: C:\Users\sumey\STM32CubeIDE\workspace_stm32H7\1_1_Bus\MXTmpFiles\license.tmp
2025-08-23 14:40:33,453 [WARN] IPConfigManager:103 - WARNING: Missing Config File for NVIC1 ip!!
2025-08-23 14:40:33,473 [INFO] CodeEngine:265 - oldGeneratedFile, C:\Users\sumey\STM32CubeIDE\workspace_stm32H7\1_1_Bus\CM7\MXTmpFiles\cortex.tmp_save
2025-08-23 14:40:33,586 [INFO] CodeEngine:289 - Generated code: C:\Users\sumey\STM32CubeIDE\workspace_stm32H7\1_1_Bus\CM7\MXTmpFiles\cortex.tmp
2025-08-23 14:40:33,599 [ERROR] LogOutputStream:75 - [STDERR_REDIRECT] [Fatal Error] :1:1: Premature end of file.
2025-08-23 14:40:33,599 [ERROR] LogOutputStream:75 - [STDERR_REDIRECT] 
2025-08-23 14:40:33,601 [INFO] CodeEngine:265 - oldGeneratedFile, C:\Users\sumey\STM32CubeIDE\workspace_stm32H7\1_1_Bus\CM7\Core\Src\stm32h7xx_it.c_save
2025-08-23 14:40:33,708 [INFO] CodeEngine:289 - Generated code: C:\Users\sumey\STM32CubeIDE\workspace_stm32H7\1_1_Bus\CM7\Core\Src\stm32h7xx_it.c
2025-08-23 14:40:33,714 [INFO] CodeEngine:265 - oldGeneratedFile, C:\Users\sumey\STM32CubeIDE\workspace_stm32H7\1_1_Bus\CM7\Core\Inc\stm32h7xx_it.h_save
2025-08-23 14:40:33,771 [INFO] CodeEngine:289 - Generated code: C:\Users\sumey\STM32CubeIDE\workspace_stm32H7\1_1_Bus\CM7\Core\Inc\stm32h7xx_it.h
2025-08-23 14:40:33,823 [INFO] CodeEngine:265 - oldGeneratedFile, C:\Users\sumey\STM32CubeIDE\workspace_stm32H7\1_1_Bus\CM7\Core\Src\stm32h7xx_hal_msp.c_save
2025-08-23 14:40:33,928 [INFO] CodeEngine:289 - Generated code: C:\Users\sumey\STM32CubeIDE\workspace_stm32H7\1_1_Bus\CM7\Core\Src\stm32h7xx_hal_msp.c
2025-08-23 14:40:33,933 [INFO] CodeEngine:265 - oldGeneratedFile, C:\Users\sumey\STM32CubeIDE\workspace_stm32H7\1_1_Bus\CM7\MXTmpFiles\system.tmp_save
2025-08-23 14:40:33,984 [INFO] CodeEngine:289 - Generated code: C:\Users\sumey\STM32CubeIDE\workspace_stm32H7\1_1_Bus\CM7\MXTmpFiles\system.tmp
2025-08-23 14:40:33,993 [INFO] CodeEngine:321 - oldGeneratedFile, C:\Users\sumey\STM32CubeIDE\workspace_stm32H7\1_1_Bus\CM7\Core\Inc\stm32h7xx_hal_conf.h_save
2025-08-23 14:40:34,041 [INFO] CodeEngine:345 - Generated code: C:\Users\sumey\STM32CubeIDE\workspace_stm32H7\1_1_Bus\CM7\Core\Inc\stm32h7xx_hal_conf.h
2025-08-23 14:40:34,078 [INFO] ApiDbMcu:532 - Load IP Config File for RCC
2025-08-23 14:40:34,081 [WARN] IPConfigManager:3811 - IP not found : NVIC
2025-08-23 14:40:34,082 [WARN] CodeGenerator:4259 - IP not found : null
2025-08-23 14:40:34,086 [INFO] CodeEngine:265 - oldGeneratedFile, C:\Users\sumey\STM32CubeIDE\workspace_stm32H7\1_1_Bus\CM7\Core\Inc\main.h_save
2025-08-23 14:40:34,150 [INFO] CodeEngine:289 - Generated code: C:\Users\sumey\STM32CubeIDE\workspace_stm32H7\1_1_Bus\CM7\Core\Inc\main.h
2025-08-23 14:40:34,154 [INFO] CodeEngine:265 - oldGeneratedFile, C:\Users\sumey\STM32CubeIDE\workspace_stm32H7\1_1_Bus\CM7\Core\Src\main.c_save
2025-08-23 14:40:34,243 [INFO] CodeEngine:289 - Generated code: C:\Users\sumey\STM32CubeIDE\workspace_stm32H7\1_1_Bus\CM7\Core\Src\main.c
2025-08-23 14:40:34,279 [INFO] CodeGenerator:1619 - *******************Project context M4 selected
2025-08-23 14:40:34,321 [INFO] CodeEngine:265 - oldGeneratedFile, C:\Users\sumey\STM32CubeIDE\workspace_stm32H7\1_1_Bus\MXTmpFiles\license.tmp_save
2025-08-23 14:40:34,378 [INFO] CodeEngine:289 - Generated code: C:\Users\sumey\STM32CubeIDE\workspace_stm32H7\1_1_Bus\MXTmpFiles\license.tmp
2025-08-23 14:40:34,400 [WARN] IPConfigManager:103 - WARNING: Missing Config File for NVIC2 ip!!
2025-08-23 14:40:34,409 [INFO] CodeEngine:265 - oldGeneratedFile, C:\Users\sumey\STM32CubeIDE\workspace_stm32H7\1_1_Bus\CM4\MXTmpFiles\cortex.tmp_save
2025-08-23 14:40:34,456 [INFO] CodeEngine:289 - Generated code: C:\Users\sumey\STM32CubeIDE\workspace_stm32H7\1_1_Bus\CM4\MXTmpFiles\cortex.tmp
2025-08-23 14:40:34,479 [INFO] CodeEngine:265 - oldGeneratedFile, C:\Users\sumey\STM32CubeIDE\workspace_stm32H7\1_1_Bus\CM4\Core\Inc\stm32h7xx_nucleo_conf.h_save
2025-08-23 14:40:34,525 [INFO] CodeEngine:289 - Generated code: C:\Users\sumey\STM32CubeIDE\workspace_stm32H7\1_1_Bus\CM4\Core\Inc\stm32h7xx_nucleo_conf.h
2025-08-23 14:40:34,528 [INFO] CodeEngine:265 - oldGeneratedFile, C:\Users\sumey\STM32CubeIDE\workspace_stm32H7\1_1_Bus\CM4\MXTmpFiles\bsp_inc.tmp_save
2025-08-23 14:40:34,566 [INFO] CodeEngine:289 - Generated code: C:\Users\sumey\STM32CubeIDE\workspace_stm32H7\1_1_Bus\CM4\MXTmpFiles\bsp_inc.tmp
2025-08-23 14:40:34,569 [INFO] CodeEngine:265 - oldGeneratedFile, C:\Users\sumey\STM32CubeIDE\workspace_stm32H7\1_1_Bus\CM4\MXTmpFiles\bsp_common_vars.tmp_save
2025-08-23 14:40:34,601 [ERROR] LogOutputStream:75 - [STDERR_REDIRECT] [Fatal Error] :1:1: Premature end of file.
2025-08-23 14:40:34,602 [ERROR] LogOutputStream:75 - [STDERR_REDIRECT] 
2025-08-23 14:40:34,611 [INFO] CodeEngine:289 - Generated code: C:\Users\sumey\STM32CubeIDE\workspace_stm32H7\1_1_Bus\CM4\MXTmpFiles\bsp_common_vars.tmp
2025-08-23 14:40:34,614 [INFO] CodeEngine:265 - oldGeneratedFile, C:\Users\sumey\STM32CubeIDE\workspace_stm32H7\1_1_Bus\CM4\MXTmpFiles\bsp_common_init.tmp_save
2025-08-23 14:40:34,649 [INFO] CodeEngine:289 - Generated code: C:\Users\sumey\STM32CubeIDE\workspace_stm32H7\1_1_Bus\CM4\MXTmpFiles\bsp_common_init.tmp
2025-08-23 14:40:34,653 [INFO] CodeEngine:265 - oldGeneratedFile, C:\Users\sumey\STM32CubeIDE\workspace_stm32H7\1_1_Bus\CM4\MXTmpFiles\bsp_common_demo_before_while.tmp_save
2025-08-23 14:40:34,687 [INFO] CodeEngine:289 - Generated code: C:\Users\sumey\STM32CubeIDE\workspace_stm32H7\1_1_Bus\CM4\MXTmpFiles\bsp_common_demo_before_while.tmp
2025-08-23 14:40:34,691 [INFO] CodeEngine:265 - oldGeneratedFile, C:\Users\sumey\STM32CubeIDE\workspace_stm32H7\1_1_Bus\CM4\MXTmpFiles\bsp_common_demo_inside_while.tmp_save
2025-08-23 14:40:34,724 [INFO] CodeEngine:289 - Generated code: C:\Users\sumey\STM32CubeIDE\workspace_stm32H7\1_1_Bus\CM4\MXTmpFiles\bsp_common_demo_inside_while.tmp
2025-08-23 14:40:34,728 [INFO] CodeEngine:265 - oldGeneratedFile, C:\Users\sumey\STM32CubeIDE\workspace_stm32H7\1_1_Bus\CM4\MXTmpFiles\bsp_common_demo_fct.tmp_save
2025-08-23 14:40:34,764 [INFO] CodeEngine:289 - Generated code: C:\Users\sumey\STM32CubeIDE\workspace_stm32H7\1_1_Bus\CM4\MXTmpFiles\bsp_common_demo_fct.tmp
2025-08-23 14:40:34,773 [INFO] CodeEngine:265 - oldGeneratedFile, C:\Users\sumey\STM32CubeIDE\workspace_stm32H7\1_1_Bus\CM4\Core\Src\stm32h7xx_it.c_save
2025-08-23 14:40:34,816 [INFO] CodeEngine:289 - Generated code: C:\Users\sumey\STM32CubeIDE\workspace_stm32H7\1_1_Bus\CM4\Core\Src\stm32h7xx_it.c
2025-08-23 14:40:34,819 [INFO] CodeEngine:265 - oldGeneratedFile, C:\Users\sumey\STM32CubeIDE\workspace_stm32H7\1_1_Bus\CM4\Core\Inc\stm32h7xx_it.h_save
2025-08-23 14:40:34,852 [INFO] CodeEngine:289 - Generated code: C:\Users\sumey\STM32CubeIDE\workspace_stm32H7\1_1_Bus\CM4\Core\Inc\stm32h7xx_it.h
2025-08-23 14:40:34,874 [INFO] CodeEngine:265 - oldGeneratedFile, C:\Users\sumey\STM32CubeIDE\workspace_stm32H7\1_1_Bus\CM4\Core\Src\stm32h7xx_hal_msp.c_save
2025-08-23 14:40:34,923 [INFO] CodeEngine:289 - Generated code: C:\Users\sumey\STM32CubeIDE\workspace_stm32H7\1_1_Bus\CM4\Core\Src\stm32h7xx_hal_msp.c
2025-08-23 14:40:34,927 [INFO] CodeEngine:265 - oldGeneratedFile, C:\Users\sumey\STM32CubeIDE\workspace_stm32H7\1_1_Bus\CM4\MXTmpFiles\system.tmp_save
2025-08-23 14:40:34,956 [INFO] CodeEngine:289 - Generated code: C:\Users\sumey\STM32CubeIDE\workspace_stm32H7\1_1_Bus\CM4\MXTmpFiles\system.tmp
2025-08-23 14:40:34,962 [INFO] CodeEngine:321 - oldGeneratedFile, C:\Users\sumey\STM32CubeIDE\workspace_stm32H7\1_1_Bus\CM4\Core\Inc\stm32h7xx_hal_conf.h_save
2025-08-23 14:40:34,998 [INFO] CodeEngine:345 - Generated code: C:\Users\sumey\STM32CubeIDE\workspace_stm32H7\1_1_Bus\CM4\Core\Inc\stm32h7xx_hal_conf.h
2025-08-23 14:40:35,008 [WARN] IPConfigManager:3811 - IP not found : NVIC
2025-08-23 14:40:35,009 [WARN] CodeGenerator:4259 - IP not found : null
2025-08-23 14:40:35,013 [INFO] CodeEngine:265 - oldGeneratedFile, C:\Users\sumey\STM32CubeIDE\workspace_stm32H7\1_1_Bus\CM4\Core\Inc\main.h_save
2025-08-23 14:40:35,049 [INFO] CodeEngine:289 - Generated code: C:\Users\sumey\STM32CubeIDE\workspace_stm32H7\1_1_Bus\CM4\Core\Inc\main.h
2025-08-23 14:40:35,052 [INFO] CodeEngine:265 - oldGeneratedFile, C:\Users\sumey\STM32CubeIDE\workspace_stm32H7\1_1_Bus\CM4\Core\Src\main.c_save
2025-08-23 14:40:35,101 [INFO] CodeEngine:289 - Generated code: C:\Users\sumey\STM32CubeIDE\workspace_stm32H7\1_1_Bus\CM4\Core\Src\main.c
2025-08-23 14:40:35,329 [INFO] ProjectBuilder:3606 - Time for Copy HAL[1] : 94mS.
2025-08-23 14:40:35,338 [INFO] ProjectBuilder:5216 - Project Generator version: 4.7.0-B52
2025-08-23 14:40:35,378 [INFO] ConfigFileManager:1595 - The Die is : DIE450
2025-08-23 14:40:35,595 [ERROR] LogOutputStream:75 - [STDERR_REDIRECT] [Fatal Error] :1:1: Premature end of file.
2025-08-23 14:40:35,595 [ERROR] LogOutputStream:75 - [STDERR_REDIRECT] 
2025-08-23 14:40:35,993 [INFO] LogOutputStream:77 - [STDOUT_REDIRECT] 
2025-08-23 14:40:36,595 [ERROR] LogOutputStream:75 - [STDERR_REDIRECT] [Fatal Error] :1:1: Premature end of file.
2025-08-23 14:40:36,595 [ERROR] LogOutputStream:75 - [STDERR_REDIRECT] 
2025-08-23 14:40:37,601 [ERROR] LogOutputStream:75 - [STDERR_REDIRECT] [Fatal Error] :1:1: Premature end of file.
2025-08-23 14:40:37,601 [ERROR] LogOutputStream:75 - [STDERR_REDIRECT] 
2025-08-23 14:40:38,608 [ERROR] LogOutputStream:75 - [STDERR_REDIRECT] [Fatal Error] :1:1: Premature end of file.
2025-08-23 14:40:38,608 [ERROR] LogOutputStream:75 - [STDERR_REDIRECT] 
2025-08-23 14:40:39,595 [ERROR] LogOutputStream:75 - [STDERR_REDIRECT] [Fatal Error] :1:1: Premature end of file.
2025-08-23 14:40:39,596 [ERROR] LogOutputStream:75 - [STDERR_REDIRECT] 
2025-08-23 14:40:39,680 [INFO] ProjectBuilder:5496 - Time for Generating toolchain IDE Files: 4342mS.
2025-08-23 14:40:39,681 [INFO] ProjectBuilder:3463 - Time for Copy CMSIS : 1mS.
2025-08-23 14:40:39,681 [INFO] ProjectBuilder:3463 - Time for Copy CMSIS : 0mS.
2025-08-23 14:40:40,600 [ERROR] LogOutputStream:75 - [STDERR_REDIRECT] [Fatal Error] :1:1: Premature end of file.
2025-08-23 14:40:40,600 [ERROR] LogOutputStream:75 - [STDERR_REDIRECT] 
2025-08-23 14:40:41,604 [ERROR] LogOutputStream:75 - [STDERR_REDIRECT] [Fatal Error] :1:1: Premature end of file.
2025-08-23 14:40:41,605 [ERROR] LogOutputStream:75 - [STDERR_REDIRECT] 
2025-08-23 14:40:42,614 [ERROR] LogOutputStream:75 - [STDERR_REDIRECT] [Fatal Error] :1:1: Premature end of file.
2025-08-23 14:40:42,614 [ERROR] LogOutputStream:75 - [STDERR_REDIRECT] 
2025-08-23 14:40:43,603 [ERROR] LogOutputStream:75 - [STDERR_REDIRECT] [Fatal Error] :1:1: Premature end of file.
2025-08-23 14:40:43,603 [ERROR] LogOutputStream:75 - [STDERR_REDIRECT] 
2025-08-23 14:40:44,600 [ERROR] LogOutputStream:75 - [STDERR_REDIRECT] [Fatal Error] :1:1: Premature end of file.
2025-08-23 14:40:44,600 [ERROR] LogOutputStream:75 - [STDERR_REDIRECT] 
2025-08-23 14:40:45,607 [ERROR] LogOutputStream:75 - [STDERR_REDIRECT] [Fatal Error] :1:1: Premature end of file.
2025-08-23 14:40:45,607 [ERROR] LogOutputStream:75 - [STDERR_REDIRECT] 
2025-08-23 14:40:46,608 [ERROR] LogOutputStream:75 - [STDERR_REDIRECT] [Fatal Error] :1:1: Premature end of file.
2025-08-23 14:40:46,608 [ERROR] LogOutputStream:75 - [STDERR_REDIRECT] 
2025-08-23 14:40:47,627 [ERROR] LogOutputStream:75 - [STDERR_REDIRECT] [Fatal Error] :1:1: Premature end of file.
2025-08-23 14:40:47,627 [ERROR] LogOutputStream:75 - [STDERR_REDIRECT] 
2025-08-23 14:40:48,610 [ERROR] LogOutputStream:75 - [STDERR_REDIRECT] [Fatal Error] :1:1: Premature end of file.
2025-08-23 14:40:48,610 [ERROR] LogOutputStream:75 - [STDERR_REDIRECT] 
2025-08-23 14:40:49,654 [ERROR] LogOutputStream:75 - [STDERR_REDIRECT] [Fatal Error] :1:1: Premature end of file.
2025-08-23 14:40:49,654 [ERROR] LogOutputStream:75 - [STDERR_REDIRECT] 
2025-08-23 14:40:50,597 [ERROR] LogOutputStream:75 - [STDERR_REDIRECT] [Fatal Error] :1:1: Premature end of file.
2025-08-23 14:40:50,597 [ERROR] LogOutputStream:75 - [STDERR_REDIRECT] 
2025-08-23 14:40:51,610 [ERROR] LogOutputStream:75 - [STDERR_REDIRECT] [Fatal Error] :1:1: Premature end of file.
2025-08-23 14:40:51,610 [ERROR] LogOutputStream:75 - [STDERR_REDIRECT] 
2025-08-23 14:40:52,602 [ERROR] LogOutputStream:75 - [STDERR_REDIRECT] [Fatal Error] :1:1: Premature end of file.
2025-08-23 14:40:52,602 [ERROR] LogOutputStream:75 - [STDERR_REDIRECT] 
2025-08-23 14:40:53,605 [ERROR] LogOutputStream:75 - [STDERR_REDIRECT] [Fatal Error] :1:1: Premature end of file.
2025-08-23 14:40:53,606 [ERROR] LogOutputStream:75 - [STDERR_REDIRECT] 
2025-08-23 14:40:53,773 [ERROR] LogOutputStream:75 - [STDERR_REDIRECT] 
