2025-07-19 23:39:41,840 [INFO] Activator:176 - 


2025-07-19 23:39:41,840 [INFO] Activator:177 - !SESSION log4j initialized
2025-07-19 23:39:44,670 [INFO] LogOutputStream:77 - [STDOUT_REDIRECT] 
2025-07-19 23:40:18,182 [INFO] ApplicationProperties:184 - Using Application install path: C:\ST\STM32CubeIDE_1.19.0\STM32CubeIDE\plugins\com.st.stm32cube.common.mx_6.15.0.202507011659
2025-07-19 23:40:18,195 [INFO] DbMcusXml:78 - Set database path to: C:\ST\STM32CubeIDE_1.19.0\STM32CubeIDE\plugins\com.st.stm32cube.common.mx_6.15.0.202507011659\\db\/mcu/
2025-07-19 23:40:18,195 [INFO] ApiDb:274 - Set plugin database path to: C:\ST\STM32CubeIDE_1.19.0\STM32CubeIDE\plugins\com.st.stm32cube.common.mx_6.15.0.202507011659\\db\/plugins/boardmanager/
2025-07-19 23:40:18,195 [WARN] ApiDb:259 - Overriding images path with different value:  => C:\ST\STM32CubeIDE_1.19.0\STM32CubeIDE\plugins\com.st.stm32cube.common.mx_6.15.0.202507011659\\db\/plugins/mcufinder/images/
2025-07-19 23:40:18,199 [INFO] ApiDb:250 - Set database path to: C:\Users\sumey\.stmcufinder\plugins\mcufinder//mcu/
2025-07-19 23:40:18,200 [INFO] DbMcusAds:125 - Set database path to: C:\Users\sumey\.stmcufinder\plugins\mcufinder//mcu/
2025-07-19 23:40:18,204 [INFO] CrossReferenceDbSqlite:203 - Set database path to: C:\Users\sumey\.stmcufinder\plugins\mcufinder//mcu/cs/
2025-07-19 23:40:18,294 [INFO] RulesReader:64 - Compatibility file has been processed (317 Rules)
2025-07-19 23:40:18,349 [INFO] DbMcusXml:78 - Set database path to: C:\ST\STM32CubeIDE_1.19.0\STM32CubeIDE\plugins\com.st.stm32cube.common.mx_6.15.0.202507011659\\db\/mcu/
2025-07-19 23:40:18,350 [INFO] ApiDb:274 - Set plugin database path to: C:\ST\STM32CubeIDE_1.19.0\STM32CubeIDE\plugins\com.st.stm32cube.common.mx_6.15.0.202507011659\\db\/plugins/boardmanager/
2025-07-19 23:40:18,350 [INFO] ApiDb:261 - Set plugin images path to: C:\ST\STM32CubeIDE_1.19.0\STM32CubeIDE\plugins\com.st.stm32cube.common.mx_6.15.0.202507011659\\db\/plugins/mcufinder/images/
2025-07-19 23:40:18,350 [WARN] DbFile:41 - Overriding database path with different value: C:\Users\sumey\.stmcufinder\plugins\mcufinder/ => C:\Users\sumey\.stmcufinder\plugins\mcufinder
2025-07-19 23:40:18,350 [INFO] ApiDb:250 - Set database path to: C:\Users\sumey\.stmcufinder\plugins\mcufinder//mcu/
2025-07-19 23:40:18,350 [WARN] DbFile:41 - Overriding database path with different value: C:\Users\sumey\.stmcufinder\plugins\mcufinder/ => C:\Users\sumey\.stmcufinder\plugins\mcufinder
2025-07-19 23:40:18,350 [INFO] DbMcusAds:125 - Set database path to: C:\Users\sumey\.stmcufinder\plugins\mcufinder//mcu/
2025-07-19 23:40:18,350 [WARN] DbFile:41 - Overriding database path with different value: C:\Users\sumey\.stmcufinder\plugins\mcufinder/ => C:\Users\sumey\.stmcufinder\plugins\mcufinder
2025-07-19 23:40:18,350 [WARN] DbFile:41 - Overriding database path with different value: C:\Users\sumey\.stmcufinder\plugins\mcufinder/ => C:\Users\sumey\.stmcufinder\plugins\mcufinder
2025-07-19 23:40:18,350 [INFO] CrossReferenceDbSqlite:203 - Set database path to: C:\Users\sumey\.stmcufinder\plugins\mcufinder//mcu/cs/
2025-07-19 23:40:18,397 [INFO] MainPanel:274 - HeapMemory: 268435456
2025-07-19 23:40:18,454 [INFO] DbMcusXml:78 - Set database path to: C:\ST\STM32CubeIDE_1.19.0\STM32CubeIDE\plugins\com.st.stm32cube.common.mx_6.15.0.202507011659\\db\/mcu/
2025-07-19 23:40:18,455 [INFO] ApiDb:274 - Set plugin database path to: C:\ST\STM32CubeIDE_1.19.0\STM32CubeIDE\plugins\com.st.stm32cube.common.mx_6.15.0.202507011659\\db\/plugins/boardmanager/
2025-07-19 23:40:18,455 [INFO] ApiDb:261 - Set plugin images path to: C:\ST\STM32CubeIDE_1.19.0\STM32CubeIDE\plugins\com.st.stm32cube.common.mx_6.15.0.202507011659\\db\/plugins/mcufinder/images/
2025-07-19 23:40:18,455 [WARN] DbFile:41 - Overriding database path with different value: C:\Users\sumey\.stmcufinder\plugins\mcufinder/ => C:\Users\sumey\.stmcufinder\plugins\mcufinder
2025-07-19 23:40:18,455 [INFO] ApiDb:250 - Set database path to: C:\Users\sumey\.stmcufinder\plugins\mcufinder//mcu/
2025-07-19 23:40:18,455 [WARN] DbFile:41 - Overriding database path with different value: C:\Users\sumey\.stmcufinder\plugins\mcufinder/ => C:\Users\sumey\.stmcufinder\plugins\mcufinder
2025-07-19 23:40:18,455 [INFO] DbMcusAds:125 - Set database path to: C:\Users\sumey\.stmcufinder\plugins\mcufinder//mcu/
2025-07-19 23:40:18,455 [WARN] DbFile:41 - Overriding database path with different value: C:\Users\sumey\.stmcufinder\plugins\mcufinder/ => C:\Users\sumey\.stmcufinder\plugins\mcufinder
2025-07-19 23:40:18,455 [WARN] DbFile:41 - Overriding database path with different value: C:\Users\sumey\.stmcufinder\plugins\mcufinder/ => C:\Users\sumey\.stmcufinder\plugins\mcufinder
2025-07-19 23:40:18,456 [INFO] CrossReferenceDbSqlite:203 - Set database path to: C:\Users\sumey\.stmcufinder\plugins\mcufinder//mcu/cs/
2025-07-19 23:40:18,467 [INFO] ApplicationProperties:184 - Using Application install path: C:\ST\STM32CubeIDE_1.19.0\STM32CubeIDE\plugins\com.st.stm32cube.common.mx_6.15.0.202507011659
2025-07-19 23:40:18,468 [INFO] PluginManage:196 - Search for loadable plugins [exclusion list=, ]
2025-07-19 23:40:18,469 [INFO] PluginManage:310 - Check plugin analytics
2025-07-19 23:40:18,627 [INFO] AnalyticsPlugin:253 - Accepted Software Licenses: 
2025-07-19 23:40:18,627 [INFO] AnalyticsPlugin:255 - Accepted CMSIS Pack Licenses: 
2025-07-19 23:40:18,628 [INFO] AnalyticsPlugin:257 - Accepted Firmware Licenses: 
2025-07-19 23:40:18,630 [INFO] PluginManage:359 - Loaded plugin analytics (category:tool,tabindex:-1)
2025-07-19 23:40:18,630 [INFO] PluginManage:310 - Check plugin cadmodel
2025-07-19 23:40:18,634 [INFO] CADModel:105 - Init CAD model plugin
2025-07-19 23:40:18,634 [INFO] PluginManage:359 - Loaded plugin cadmodel (category:power,tabindex:5)
2025-07-19 23:40:18,634 [INFO] PluginManage:310 - Check plugin clock
2025-07-19 23:40:18,640 [INFO] PluginManage:359 - Loaded plugin clock (category:base,tabindex:2)
2025-07-19 23:40:18,640 [INFO] PluginManage:310 - Check plugin ddr
2025-07-19 23:40:18,642 [INFO] PluginManage:359 - Loaded plugin ddr (category:tool,tabindex:6)
2025-07-19 23:40:18,642 [INFO] PluginManage:310 - Check plugin filemanager
2025-07-19 23:40:18,745 [INFO] PluginManage:359 - Loaded plugin filemanager (category:base,tabindex:10)
2025-07-19 23:40:18,745 [INFO] PluginManage:310 - Check plugin ipmanager
2025-07-19 23:40:18,750 [INFO] PluginManage:359 - Loaded plugin ipmanager (category:base,tabindex:5)
2025-07-19 23:40:18,750 [INFO] PluginManage:310 - Check plugin lpbam
2025-07-19 23:40:18,756 [INFO] PluginManage:359 - Loaded plugin lpbam (category:base,tabindex:0)
2025-07-19 23:40:18,756 [INFO] PluginManage:310 - Check plugin memorymap
2025-07-19 23:40:18,773 [INFO] PluginManage:359 - Loaded plugin memorymap (category:base,tabindex:4)
2025-07-19 23:40:18,773 [INFO] PluginManage:310 - Check plugin pinoutandconfiguration
2025-07-19 23:40:18,785 [INFO] PluginManage:359 - Loaded plugin pinoutandconfiguration (category:base,tabindex:1)
2025-07-19 23:40:18,785 [INFO] PluginManage:310 - Check plugin pinoutconfig
2025-07-19 23:40:18,889 [WARN] SupportedApi:132 - Cannot load RTOS API schema: s4s-elt-must-match.1: The content of 'definitions' must match (annotation?, (simpleType | complexType)?, (unique | key | keyref)*)). A problem was found starting at: attribute.
2025-07-19 23:40:19,008 [INFO] PluginManage:359 - Loaded plugin pinoutconfig (category:base,tabindex:0)
2025-07-19 23:40:19,008 [INFO] PluginManage:310 - Check plugin power
2025-07-19 23:40:19,013 [INFO] PluginManage:359 - Loaded plugin power (category:power,tabindex:4)
2025-07-19 23:40:19,013 [INFO] PluginManage:310 - Check plugin projectmanager
2025-07-19 23:40:19,024 [INFO] PluginManage:359 - Loaded plugin projectmanager (category:projectmanager,tabindex:4)
2025-07-19 23:40:19,024 [INFO] PluginManage:310 - Check plugin rif
2025-07-19 23:40:19,030 [INFO] PluginManage:359 - Loaded plugin rif (category:base,tabindex:3)
2025-07-19 23:40:19,030 [INFO] PluginManage:310 - Check plugin thirdparty
2025-07-19 23:40:19,132 [INFO] PluginManage:359 - Loaded plugin thirdparty (category:base,tabindex:-1)
2025-07-19 23:40:19,132 [WARN] IntegrityCheckThread:84 - waiting for thirdparty lock release [integrity check]
2025-07-19 23:40:19,132 [INFO] PluginManage:310 - Check plugin tools
2025-07-19 23:40:19,132 [INFO] IntegrityCheckThread:86 - entering critical section [integrity check]
2025-07-19 23:40:19,132 [INFO] ThirdPartyUpdaterWithRetryManager:70 - Updater plugin not ready yet. [1/15]
2025-07-19 23:40:19,134 [INFO] PluginManage:359 - Loaded plugin tools (category:base,tabindex:7)
2025-07-19 23:40:19,134 [INFO] PluginManage:310 - Check plugin tutovideos
2025-07-19 23:40:19,301 [INFO] PluginManage:359 - Loaded plugin tutovideos (category:base,tabindex:-1)
2025-07-19 23:40:19,301 [INFO] PluginManage:310 - Check plugin updater
2025-07-19 23:40:19,318 [INFO] PluginManage:359 - Loaded plugin updater (category:base,tabindex:12)
2025-07-19 23:40:19,318 [INFO] PluginManage:310 - Check plugin userauth
2025-07-19 23:40:19,320 [INFO] UserAuth:118 - Init User Auth plugin
2025-07-19 23:40:19,321 [INFO] PluginManage:359 - Loaded plugin userauth (category:base,tabindex:14)
2025-07-19 23:40:19,321 [INFO] PluginManage:283 - PluginManage : Loaded plugins [18]
2025-07-19 23:40:19,465 [INFO] PinOutPanel:1589 - setPackage(No Configuration,No Configuration)
2025-07-19 23:40:19,524 [INFO] CADModel:165 - CPN selected for project level
2025-07-19 23:40:19,524 [INFO] CADModel:114 - Register for checkConnection events
2025-07-19 23:40:19,536 [INFO] IPUIPlugin:80 - create IPUIPlugin
2025-07-19 23:40:19,537 [INFO] PluginManager:220 - loadIPPluginJar : add adc
2025-07-19 23:40:19,538 [INFO] IPUIPlugin:80 - create IPUIPlugin
2025-07-19 23:40:19,538 [INFO] PluginManager:220 - loadIPPluginJar : add aes
2025-07-19 23:40:19,541 [INFO] IPUIPlugin:80 - create IPUIPlugin
2025-07-19 23:40:19,541 [INFO] PluginManager:220 - loadIPPluginJar : add can
2025-07-19 23:40:19,542 [INFO] IPUIPlugin:80 - create IPUIPlugin
2025-07-19 23:40:19,542 [INFO] PluginManager:220 - loadIPPluginJar : add comp
2025-07-19 23:40:19,543 [INFO] IPUIPlugin:80 - create IPUIPlugin
2025-07-19 23:40:19,544 [INFO] PluginManager:220 - loadIPPluginJar : add cryp
2025-07-19 23:40:19,545 [INFO] IPUIPlugin:80 - create IPUIPlugin
2025-07-19 23:40:19,545 [INFO] PluginManager:220 - loadIPPluginJar : add ddr_ctrl_phy
2025-07-19 23:40:19,547 [INFO] IPUIPlugin:80 - create IPUIPlugin
2025-07-19 23:40:19,547 [INFO] PluginManager:220 - loadIPPluginJar : add dfsdm
2025-07-19 23:40:19,550 [INFO] IPUIPlugin:80 - create IPUIPlugin
2025-07-19 23:40:19,550 [INFO] PluginManager:220 - loadIPPluginJar : add dma
2025-07-19 23:40:19,553 [INFO] IPUIPlugin:80 - create IPUIPlugin
2025-07-19 23:40:19,553 [INFO] PluginManager:220 - loadIPPluginJar : add dma3
2025-07-19 23:40:19,555 [INFO] IPUIPlugin:80 - create IPUIPlugin
2025-07-19 23:40:19,555 [INFO] PluginManager:220 - loadIPPluginJar : add extmemmanager
2025-07-19 23:40:19,556 [INFO] IPUIPlugin:80 - create IPUIPlugin
2025-07-19 23:40:19,556 [INFO] PluginManager:220 - loadIPPluginJar : add fatfs
2025-07-19 23:40:19,558 [INFO] IPUIPlugin:80 - create IPUIPlugin
2025-07-19 23:40:19,558 [INFO] PluginManager:220 - loadIPPluginJar : add fmc
2025-07-19 23:40:19,564 [INFO] IPUIPlugin:80 - create IPUIPlugin
2025-07-19 23:40:19,564 [INFO] PluginManager:220 - loadIPPluginJar : add freertos
2025-07-19 23:40:19,565 [INFO] IPUIPlugin:80 - create IPUIPlugin
2025-07-19 23:40:19,565 [INFO] PluginManager:220 - loadIPPluginJar : add genericplugin
2025-07-19 23:40:19,566 [INFO] IPUIPlugin:80 - create IPUIPlugin
2025-07-19 23:40:19,566 [INFO] PluginManager:220 - loadIPPluginJar : add gfxmmu
2025-07-19 23:40:19,568 [INFO] IPUIPlugin:80 - create IPUIPlugin
2025-07-19 23:40:19,568 [INFO] PluginManager:220 - loadIPPluginJar : add gic
2025-07-19 23:40:19,571 [INFO] IPUIPlugin:80 - create IPUIPlugin
2025-07-19 23:40:19,571 [INFO] PluginManager:220 - loadIPPluginJar : add gpio
2025-07-19 23:40:19,573 [INFO] IPUIPlugin:80 - create IPUIPlugin
2025-07-19 23:40:19,573 [INFO] PluginManager:220 - loadIPPluginJar : add gtzc
2025-07-19 23:40:19,574 [INFO] IPUIPlugin:80 - create IPUIPlugin
2025-07-19 23:40:19,574 [INFO] PluginManager:220 - loadIPPluginJar : add hash
2025-07-19 23:40:19,575 [INFO] IPUIPlugin:80 - create IPUIPlugin
2025-07-19 23:40:19,575 [INFO] PluginManager:220 - loadIPPluginJar : add i2c
2025-07-19 23:40:19,577 [INFO] IPUIPlugin:80 - create IPUIPlugin
2025-07-19 23:40:19,577 [INFO] PluginManager:220 - loadIPPluginJar : add i2s
2025-07-19 23:40:19,579 [INFO] IPUIPlugin:80 - create IPUIPlugin
2025-07-19 23:40:19,579 [INFO] PluginManager:220 - loadIPPluginJar : add i3c
2025-07-19 23:40:19,581 [INFO] IPUIPlugin:80 - create IPUIPlugin
2025-07-19 23:40:19,581 [INFO] PluginManager:220 - loadIPPluginJar : add ipddr
2025-07-19 23:40:19,586 [INFO] IPUIPlugin:80 - create IPUIPlugin
2025-07-19 23:40:19,587 [INFO] PluginManager:220 - loadIPPluginJar : add linkedlist
2025-07-19 23:40:19,588 [INFO] IPUIPlugin:80 - create IPUIPlugin
2025-07-19 23:40:19,588 [INFO] PluginManager:220 - loadIPPluginJar : add lorawan
2025-07-19 23:40:19,590 [INFO] IPUIPlugin:80 - create IPUIPlugin
2025-07-19 23:40:19,590 [INFO] PluginManager:220 - loadIPPluginJar : add ltdc
2025-07-19 23:40:19,594 [INFO] IPUIPlugin:80 - create IPUIPlugin
2025-07-19 23:40:19,594 [INFO] PluginManager:220 - loadIPPluginJar : add mdma
2025-07-19 23:40:19,596 [INFO] IPUIPlugin:80 - create IPUIPlugin
2025-07-19 23:40:19,596 [INFO] PluginManager:220 - loadIPPluginJar : add nvic
2025-07-19 23:40:19,597 [INFO] IPUIPlugin:80 - create IPUIPlugin
2025-07-19 23:40:19,597 [INFO] PluginManager:220 - loadIPPluginJar : add opamp
2025-07-19 23:40:19,600 [INFO] IPUIPlugin:80 - create IPUIPlugin
2025-07-19 23:40:19,600 [INFO] PluginManager:220 - loadIPPluginJar : add openamp
2025-07-19 23:40:19,601 [INFO] IPUIPlugin:80 - create IPUIPlugin
2025-07-19 23:40:19,601 [INFO] PluginManager:220 - loadIPPluginJar : add pdm2pcm
2025-07-19 23:40:19,604 [INFO] IPUIPlugin:80 - create IPUIPlugin
2025-07-19 23:40:19,606 [INFO] PluginManager:220 - loadIPPluginJar : add plateformsettings
2025-07-19 23:40:19,607 [INFO] IPUIPlugin:80 - create IPUIPlugin
2025-07-19 23:40:19,607 [INFO] PluginManager:220 - loadIPPluginJar : add quadspi
2025-07-19 23:40:19,608 [INFO] IPUIPlugin:80 - create IPUIPlugin
2025-07-19 23:40:19,609 [INFO] PluginManager:220 - loadIPPluginJar : add radio
2025-07-19 23:40:19,611 [INFO] IPUIPlugin:80 - create IPUIPlugin
2025-07-19 23:40:19,611 [INFO] PluginManager:220 - loadIPPluginJar : add resmgrutility
2025-07-19 23:40:19,612 [INFO] IPUIPlugin:80 - create IPUIPlugin
2025-07-19 23:40:19,612 [INFO] PluginManager:220 - loadIPPluginJar : add sai
2025-07-19 23:40:19,613 [INFO] IPUIPlugin:80 - create IPUIPlugin
2025-07-19 23:40:19,613 [INFO] PluginManager:220 - loadIPPluginJar : add spi
2025-07-19 23:40:19,617 [INFO] IPUIPlugin:80 - create IPUIPlugin
2025-07-19 23:40:19,617 [INFO] PluginManager:220 - loadIPPluginJar : add stm32_wpan
2025-07-19 23:40:19,618 [INFO] IPUIPlugin:80 - create IPUIPlugin
2025-07-19 23:40:19,618 [INFO] PluginManager:220 - loadIPPluginJar : add tim
2025-07-19 23:40:19,620 [INFO] IPUIPlugin:80 - create IPUIPlugin
2025-07-19 23:40:19,620 [INFO] PluginManager:220 - loadIPPluginJar : add touchsensing
2025-07-19 23:40:19,621 [INFO] IPUIPlugin:80 - create IPUIPlugin
2025-07-19 23:40:19,621 [INFO] PluginManager:220 - loadIPPluginJar : add tracer_emb
2025-07-19 23:40:19,622 [INFO] IPUIPlugin:80 - create IPUIPlugin
2025-07-19 23:40:19,622 [INFO] PluginManager:220 - loadIPPluginJar : add ts
2025-07-19 23:40:19,623 [INFO] IPUIPlugin:80 - create IPUIPlugin
2025-07-19 23:40:19,623 [INFO] PluginManager:220 - loadIPPluginJar : add tsc
2025-07-19 23:40:19,624 [INFO] IPUIPlugin:80 - create IPUIPlugin
2025-07-19 23:40:19,624 [INFO] PluginManager:220 - loadIPPluginJar : add ucpd
2025-07-19 23:40:19,625 [INFO] IPUIPlugin:80 - create IPUIPlugin
2025-07-19 23:40:19,625 [INFO] PluginManager:220 - loadIPPluginJar : add usart
2025-07-19 23:40:19,627 [INFO] IPUIPlugin:80 - create IPUIPlugin
2025-07-19 23:40:19,627 [INFO] PluginManager:220 - loadIPPluginJar : add usbx
2025-07-19 23:40:19,734 [FATAL] Updater:351 - Updater called before beeing initialized
2025-07-19 23:40:19,772 [INFO] RulesReader:64 - Compatibility file has been processed (317 Rules)
2025-07-19 23:40:19,787 [INFO] RulesReader:64 - Compatibility file has been processed (317 Rules)
2025-07-19 23:40:19,794 [INFO] CADModel:165 - CPN selected for project level
2025-07-19 23:40:19,795 [INFO] CADModel:114 - Register for checkConnection events
2025-07-19 23:40:19,795 [FATAL] Updater:351 - Updater called before beeing initialized
2025-07-19 23:40:19,795 [ERROR] CADModel:125 - Updater not yet initialized, retry later 
2025-07-19 23:40:19,884 [FATAL] Updater:351 - Updater called before beeing initialized
2025-07-19 23:40:19,885 [INFO] CADModel:165 - CPN selected for project level
2025-07-19 23:40:19,885 [INFO] CADModel:114 - Register for checkConnection events
2025-07-19 23:40:19,885 [FATAL] Updater:351 - Updater called before beeing initialized
2025-07-19 23:40:19,885 [ERROR] CADModel:125 - Updater not yet initialized, retry later 
2025-07-19 23:40:19,887 [FATAL] Updater:351 - Updater called before beeing initialized
2025-07-19 23:40:19,967 [FATAL] Updater:351 - Updater called before beeing initialized
2025-07-19 23:40:19,971 [INFO] DbMcusAds:53 - JSON generation date=Tue Jul 08 11:14:23 TRT 2025 (1751962463524)
2025-07-19 23:40:19,971 [FATAL] Updater:351 - Updater called before beeing initialized
2025-07-19 23:40:19,993 [WARN] DetailPanel:346 - Failed to get advertising image, set to default
2025-07-19 23:40:20,050 [FATAL] Updater:351 - Updater called before beeing initialized
2025-07-19 23:40:20,051 [FATAL] Updater:351 - Updater called before beeing initialized
2025-07-19 23:40:20,051 [FATAL] Updater:351 - Updater called before beeing initialized
2025-07-19 23:40:20,052 [WARN] DetailPanel:346 - Failed to get advertising image, set to default
2025-07-19 23:40:20,052 [FATAL] Updater:351 - Updater called before beeing initialized
2025-07-19 23:40:20,083 [ERROR] Updater:1198 - MainUpdater not yet initialized. External WinMGr cannot be set.
2025-07-19 23:40:20,085 [INFO] Updater:1134 - Updater Version found : 6.15.0
2025-07-19 23:40:20,096 [INFO] ApplicationProperties:184 - Using Application install path: C:\ST\STM32CubeIDE_1.19.0\STM32CubeIDE\plugins\com.st.stm32cube.common.mx_6.15.0.202507011659
2025-07-19 23:40:21,661 [ERROR] LogOutputStream:75 - [STDERR_REDIRECT] Jul 19, 2025 11:40:21 PM java.util.prefs.WindowsPreferences <init>
2025-07-19 23:40:21,662 [ERROR] LogOutputStream:75 - [STDERR_REDIRECT] WARNING: Could not open/create prefs root node Software\JavaSoft\Prefs at root 0xffffffff80000002. Windows RegCreateKeyEx(...) returned error code 5.
2025-07-19 23:40:21,662 [ERROR] LogOutputStream:75 - [STDERR_REDIRECT] 
2025-07-19 23:40:21,687 [INFO] MainUpdater:525 - Copy updater definitions from MX database
2025-07-19 23:40:22,134 [INFO] ThirdPartyUpdaterWithRetryManager:70 - Updater plugin not ready yet. [2/15]
2025-07-19 23:40:22,193 [INFO] MainUpdater:2872 - connection check result : 10
2025-07-19 23:40:22,194 [INFO] MainUpdater:3604 - Updater definition file requires update
2025-07-19 23:40:22,195 [INFO] MainUpdater:289 - Updater Check For Update Now.
2025-07-19 23:40:22,195 [INFO] MicroXplorer:498 - Change Database Version : DB.6.0.150
2025-07-19 23:40:22,207 [INFO] McuFinderGlobals:63 - Set McuFinder mode to 2 (CubeIDE integrated)
2025-07-19 23:40:22,207 [INFO] UserAuth:171 - activating auth plugin
2025-07-19 23:40:22,209 [INFO] UserAuth:487 - Internet connection configuration mode: 1
2025-07-19 23:40:22,223 [INFO] JxBrowserEngine:152 - Initiate JxBrowser Engine with user profile folder
2025-07-19 23:40:22,812 [INFO] ServerAccessManage:452 - Complete download http(s) 200
2025-07-19 23:40:22,813 [INFO] ServerAccessManage:509 - Download File updaters.zip
2025-07-19 23:40:23,137 [INFO] FileExtend:248 - Unzip File : updaters.zip
2025-07-19 23:40:23,137 [INFO] FileExtend:263 - Standard Zip Deflate
2025-07-19 23:40:23,580 [INFO] ServerAccessManage:452 - Complete download http(s) 200
2025-07-19 23:40:23,580 [INFO] ServerAccessManage:509 - Download File PacksControlFlags.xml
2025-07-19 23:40:23,766 [INFO] ServerAccessManage:452 - Complete download http(s) 200
2025-07-19 23:40:23,766 [INFO] ServerAccessManage:509 - Download File cubemx.pidx
2025-07-19 23:40:23,851 [INFO] LoadServerUpdatesThread:375 - End of LoadServerUpdate Thread
2025-07-19 23:40:24,011 [INFO] CheckServerUpdateThread:120 - End of CheckServer Thread
2025-07-19 23:40:25,411 [WARN] PackLoader:240 - Cannot read IP mode file for STMicroelectronics.FP-SNS-MOTENVWB1.1.4.0
2025-07-19 23:40:25,416 [WARN] PackLoader:240 - Cannot read IP mode file for STMicroelectronics.FP-ATR-ASTRA1.2.0.2
2025-07-19 23:40:25,422 [WARN] PackLoader:240 - Cannot read IP mode file for STMicroelectronics.X-CUBE-SMBUS.2.1.0
2025-07-19 23:40:25,425 [WARN] PackLoader:240 - Cannot read IP mode file for STMicroelectronics.X-CUBE-ST60.1.0.0
2025-07-19 23:40:25,444 [WARN] PackLoader:240 - Cannot read IP mode file for STMicroelectronics.X-CUBE-AZRTOS-F7.1.1.0
2025-07-19 23:40:25,476 [WARN] PackLoader:240 - Cannot read IP mode file for Infineon.AIROC-Wi-Fi-Bluetooth-STM32.1.7.0
2025-07-19 23:40:25,494 [WARN] PackLoader:240 - Cannot read IP mode file for STMicroelectronics.X-CUBE-AZRTOS-H7.3.4.0
2025-07-19 23:40:25,503 [WARN] PackLoader:240 - Cannot read IP mode file for STMicroelectronics.X-CUBE-DISPLAY.3.0.0
2025-07-19 23:40:25,513 [WARN] PackLoader:240 - Cannot read IP mode file for STMicroelectronics.X-CUBE-NFC10.1.0.0
2025-07-19 23:40:25,519 [WARN] PackLoader:240 - Cannot read IP mode file for STMicroelectronics.X-CUBE-BLEMGR.4.0.0
2025-07-19 23:40:25,524 [WARN] PackLoader:240 - Cannot read IP mode file for emotas.I-CUBE-CANOPEN.1.3.0
2025-07-19 23:40:25,527 [WARN] ConditionMgr:438 - getConditionDescription Invalid condition id : Cortex-A Device cause : null
2025-07-19 23:40:25,535 [WARN] ConditionMgr:1044 - genDependencies : Invalid condition id : Cortex-A Device cause : null
2025-07-19 23:40:25,535 [WARN] ConditionMgr:1044 - genDependencies : Invalid condition id : Cortex-A Device cause : null
2025-07-19 23:40:25,535 [WARN] ConditionMgr:1044 - genDependencies : Invalid condition id : Cortex-A Device cause : null
2025-07-19 23:40:25,538 [WARN] PackLoader:240 - Cannot read IP mode file for STMicroelectronics.FP-SNS-SMARTAG2.1.2.0
2025-07-19 23:40:25,541 [WARN] PackLoader:240 - Cannot read IP mode file for STMicroelectronics.FP-SNS-FLIGHT1.5.1.0
2025-07-19 23:40:25,547 [INFO] LogOutputStream:77 - [STDOUT_REDIRECT] 1 : Invalid condition id : UX_CORESTACK_Condition cause : null
2025-07-19 23:40:25,548 [INFO] LogOutputStream:77 - [STDOUT_REDIRECT] 1 : Invalid condition id : UX_CORESTACK_Condition cause : null
2025-07-19 23:40:25,549 [INFO] LogOutputStream:77 - [STDOUT_REDIRECT] 1 : Invalid condition id : UX_CORESTACK_Condition cause : null
2025-07-19 23:40:25,550 [INFO] LogOutputStream:77 - [STDOUT_REDIRECT] 1 : Invalid condition id : UX_CORESTACK_Condition cause : null
2025-07-19 23:40:25,550 [INFO] LogOutputStream:77 - [STDOUT_REDIRECT] 1 : Invalid condition id : UX_CORESTACK_Condition cause : null
2025-07-19 23:40:25,552 [WARN] PackLoader:240 - Cannot read IP mode file for STMicroelectronics.X-CUBE-AZRTOS-WL.2.0.0
2025-07-19 23:40:25,556 [WARN] PackLoader:240 - Cannot read IP mode file for STMicroelectronics.FP-SNS-MOTENV1.5.0.0
2025-07-19 23:40:25,563 [WARN] PackLoader:240 - Cannot read IP mode file for WES.I-CUBE-Cesium.1.3.0
2025-07-19 23:40:25,567 [WARN] PackLoader:240 - Cannot read IP mode file for STMicroelectronics.X-CUBE-BLE2.3.3.0
2025-07-19 23:40:25,572 [WARN] PackLoader:240 - Cannot read IP mode file for STMicroelectronics.X-CUBE-NFC9.1.0.0
2025-07-19 23:40:25,576 [WARN] PackLoader:240 - Cannot read IP mode file for wolfSSL.I-CUBE-wolfSSL.5.8.0
2025-07-19 23:40:25,580 [WARN] PackLoader:240 - Cannot read IP mode file for STMicroelectronics.X-CUBE-BLE1.7.1.0
2025-07-19 23:40:25,586 [WARN] PackLoader:240 - Cannot read IP mode file for wolfSSL.I-CUBE-wolfMQTT.1.19.2
2025-07-19 23:40:25,594 [WARN] PackLoader:240 - Cannot read IP mode file for STMicroelectronics.X-CUBE-EEPRMA1.5.2.0
2025-07-19 23:40:25,601 [WARN] PackLoader:240 - Cannot read IP mode file for STMicroelectronics.X-CUBE-AI.10.1.0
2025-07-19 23:40:25,616 [WARN] PackLoader:240 - Cannot read IP mode file for STMicroelectronics.X-CUBE-AZRTOS-G0.1.1.0
2025-07-19 23:40:25,623 [WARN] PackLoader:240 - Cannot read IP mode file for STMicroelectronics.X-CUBE-SAFEA1.1.2.2
2025-07-19 23:40:25,630 [WARN] PackLoader:240 - Cannot read IP mode file for STMicroelectronics.X-CUBE-NFC4.3.0.0
2025-07-19 23:40:25,638 [WARN] PackLoader:240 - Cannot read IP mode file for EmbeddedOffice.I-CUBE-FS-RTOS.1.0.1
2025-07-19 23:40:25,646 [WARN] PackLoader:240 - Cannot read IP mode file for STMicroelectronics.X-CUBE-WB05N.2.0.0
2025-07-19 23:40:25,652 [WARN] PackLoader:240 - Cannot read IP mode file for wolfSSL.I-CUBE-wolfTPM.3.8.0
2025-07-19 23:40:25,658 [WARN] PackLoader:240 - Cannot read IP mode file for STMicroelectronics.X-CUBE-TCPP.4.2.0
2025-07-19 23:40:25,665 [WARN] PackLoader:240 - Cannot read IP mode file for RealThread.X-CUBE-RT-Thread_Nano.4.1.1
2025-07-19 23:40:25,670 [WARN] PackLoader:240 - Cannot read IP mode file for STMicroelectronics.FP-ATR-SIGFOX1.3.2.0
2025-07-19 23:40:25,674 [WARN] PackLoader:240 - Cannot read IP mode file for STMicroelectronics.X-CUBE-EEPRMA1.5.1.0
2025-07-19 23:40:25,681 [WARN] PackLoader:240 - Cannot read IP mode file for ITTIA_DB.I-CUBE-ITTIADB.8.9.0
2025-07-19 23:40:25,686 [INFO] McuFinderGlobals:63 - Set McuFinder mode to 2 (CubeIDE integrated)
2025-07-19 23:40:25,690 [WARN] PackLoader:240 - Cannot read IP mode file for STMicroelectronics.X-CUBE-ST67W61.1.0.0
2025-07-19 23:40:25,696 [INFO] MainUpdater:2872 - connection check result : 10
2025-07-19 23:40:25,705 [WARN] PackLoader:240 - Cannot read IP mode file for SEGGER.I-CUBE-embOS.1.3.1
2025-07-19 23:40:25,733 [WARN] PackLoader:240 - Cannot read IP mode file for STMicroelectronics.X-CUBE-ALGOBUILD.1.4.0
2025-07-19 23:40:25,763 [WARN] PackLoader:240 - Cannot read IP mode file for STMicroelectronics.X-CUBE-MEMS1.11.3.0
2025-07-19 23:40:25,862 [WARN] PackLoader:240 - Cannot read IP mode file for STMicroelectronics.X-CUBE-PM33A1.1.0.0
2025-07-19 23:40:25,876 [WARN] PackLoader:240 - Cannot read IP mode file for STMicroelectronics.X-CUBE-AZRTOS-F4.1.1.0
2025-07-19 23:40:25,885 [WARN] PackLoader:240 - Cannot read IP mode file for STMicroelectronics.X-CUBE-ISPU.2.1.0
2025-07-19 23:40:25,892 [WARN] PackLoader:240 - Cannot read IP mode file for STMicroelectronics.X-CUBE-NFC12.1.0.0
2025-07-19 23:40:25,906 [WARN] PackLoader:240 - Cannot read IP mode file for STMicroelectronics.X-CUBE-AZRTOS-L5.2.0.0
2025-07-19 23:40:25,917 [WARN] PackLoader:240 - Cannot read IP mode file for STMicroelectronics.X-CUBE-NFC6.3.1.0
2025-07-19 23:40:25,927 [WARN] PackLoader:240 - Cannot read IP mode file for STMicroelectronics.X-CUBE-FREERTOS.1.3.1
2025-07-19 23:40:25,935 [WARN] PackLoader:240 - Cannot read IP mode file for STMicroelectronics.FP-SNS-STAIOTCFT.1.0.0
2025-07-19 23:40:25,945 [WARN] PackLoader:240 - Cannot read IP mode file for STMicroelectronics.X-CUBE-DPower.1.3.0
2025-07-19 23:40:25,976 [WARN] ConditionMgr:438 - getConditionDescription Invalid condition id : LAN8742 Phy interface Condition cause : null
2025-07-19 23:40:25,977 [WARN] PackLoader:240 - Cannot read IP mode file for STMicroelectronics.X-CUBE-AZRTOS-L4.2.0.0
2025-07-19 23:40:25,979 [WARN] ConditionMgr:1044 - genDependencies : Invalid condition id : LAN8742 Phy interface Condition cause : null
2025-07-19 23:40:25,979 [WARN] ConditionMgr:1044 - genDependencies : Invalid condition id : LAN8742 Phy interface Condition cause : null
2025-07-19 23:40:25,979 [WARN] ConditionMgr:1044 - genDependencies : Invalid condition id : LAN8742 Phy interface Condition cause : null
2025-07-19 23:40:25,995 [WARN] PackLoader:240 - Cannot read IP mode file for STMicroelectronics.X-CUBE-SFXS2LP1.4.0.0
2025-07-19 23:40:26,044 [WARN] PackLoader:240 - Cannot read IP mode file for STMicroelectronics.X-CUBE-AZRTOS-H7.3.3.0
2025-07-19 23:40:26,060 [WARN] PackLoader:240 - Cannot read IP mode file for STMicroelectronics.X-CUBE-BLEMGR.4.1.0
2025-07-19 23:40:26,077 [WARN] ConditionMgr:438 - getConditionDescription Invalid condition id : UX DEVICE CLASS RTOS Condition cause : null
2025-07-19 23:40:26,078 [WARN] ConditionMgr:438 - getConditionDescription Invalid condition id : UX DEVICE CLASS RTOS Condition cause : null
2025-07-19 23:40:26,079 [WARN] PackLoader:240 - Cannot read IP mode file for STMicroelectronics.X-CUBE-AZRTOS-WB.2.0.0
2025-07-19 23:40:26,079 [WARN] ConditionMgr:1044 - genDependencies : Invalid condition id : UX DEVICE CLASS RTOS Condition cause : null
2025-07-19 23:40:26,079 [WARN] ConditionMgr:1044 - genDependencies : Invalid condition id : UX DEVICE CLASS RTOS Condition cause : null
2025-07-19 23:40:26,080 [WARN] ConditionMgr:1044 - genDependencies : Invalid condition id : UX DEVICE CLASS RTOS Condition cause : null
2025-07-19 23:40:26,080 [WARN] ConditionMgr:1044 - genDependencies : Invalid condition id : UX DEVICE CLASS RTOS Condition cause : null
2025-07-19 23:40:26,080 [WARN] ConditionMgr:1044 - genDependencies : Invalid condition id : UX DEVICE CLASS RTOS Condition cause : null
2025-07-19 23:40:26,087 [WARN] PackLoader:240 - Cannot read IP mode file for STMicroelectronics.X-CUBE-GNSS1.7.0.1
2025-07-19 23:40:26,096 [WARN] PackLoader:240 - Cannot read IP mode file for STMicroelectronics.X-CUBE-TOUCHGFX.4.25.0
2025-07-19 23:40:26,105 [WARN] PackLoader:240 - Cannot read IP mode file for STMicroelectronics.FP-SNS-STBOX1.2.0.0
2025-07-19 23:40:26,117 [WARN] PackLoader:240 - Cannot read IP mode file for STMicroelectronics.X-CUBE-SUBG2.5.0.0
2025-07-19 23:40:26,138 [WARN] PackLoader:240 - Cannot read IP mode file for STMicroelectronics.X-CUBE-AZRTOS-H7RS.1.1.0
2025-07-19 23:40:26,148 [WARN] PackLoader:240 - Cannot read IP mode file for Cesanta.I-CUBE-Mongoose.7.13.0
2025-07-19 23:40:26,162 [WARN] PackLoader:240 - Cannot read IP mode file for STMicroelectronics.X-CUBE-AZRTOS-G4.2.0.0
2025-07-19 23:40:26,168 [WARN] PackLoader:240 - Cannot read IP mode file for wolfSSL.I-CUBE-wolfSSH.1.4.20
2025-07-19 23:40:26,175 [WARN] PackLoader:240 - Cannot read IP mode file for STMicroelectronics.X-CUBE-NFC7.2.0.0
2025-07-19 23:40:26,185 [WARN] PackLoader:240 - Cannot read IP mode file for STMicroelectronics.X-CUBE-IPS.3.1.0
2025-07-19 23:40:26,194 [WARN] PackLoader:240 - Cannot read IP mode file for STMicroelectronics.X-CUBE-ALS.1.0.2
2025-07-19 23:40:26,200 [WARN] PackLoader:240 - Cannot read IP mode file for portGmbH.I-Cube-SoM-uGOAL.1.1.0
2025-07-19 23:40:26,208 [WARN] PackLoader:240 - Cannot read IP mode file for STMicroelectronics.X-CUBE-TOF1.3.4.3
2025-07-19 23:40:26,213 [INFO] ThirdParty:978 - Integrity check success = true
2025-07-19 23:40:26,213 [INFO] IntegrityCheckThread:100 - exiting critical section [integrity check]
2025-07-19 23:40:26,213 [INFO] IntegrityCheckThread:103 - End integrity checks thread
2025-07-19 23:40:26,234 [INFO] ApiDb:581 - Connected to CubeFinder SQLite database (C:\Users\sumey\.stmcufinder\plugins\mcufinder\mcu\cube-finder-db.db)
2025-07-19 23:40:26,327 [INFO] ApiDb:668 - CubeFinder database Data Model version=2.1
2025-07-19 23:40:26,327 [INFO] ApiDb:669 - CubeFinder database Configuration version=3.0.39
2025-07-19 23:40:26,327 [INFO] ApiDb:670 - CubeFinder database generation date=2025-06-24 (1750757100)
2025-07-19 23:40:26,328 [INFO] ApiDb:671 - CubeFinder database FW Pack versions=[FP-ATR-ASTRA1_V2.0.0, FP-SNS-FLIGHT1_V5.1.0, FP-SNS-MOTENV1_V5.0.0, FP-SNS-MOTENVWB1_V1.4.0, FP-SNS-SMARTAG2_V1.2.0, FP-SNS-STBOX1_V2.0.0, STM32Cube_FW_C0_V1.4.0, STM32Cube_FW_F4_V1.28.2, STM32Cube_FW_F7_V1.17.3, STM32Cube_FW_G0_V1.6.2, STM32Cube_FW_G4_V1.6.1, STM32Cube_FW_H5_V1.5.0, STM32Cube_FW_H7RS_V1.2.0, STM32Cube_FW_H7_V1.12.1, STM32Cube_FW_L0_V1.12.2, STM32Cube_FW_L4_V1.18.1, STM32Cube_FW_L5_V1.5.1, STM32Cube_FW_N6_V1.2.0, STM32Cube_FW_U0_V1.3.0, STM32Cube_FW_U3_V1.2.0, STM32Cube_FW_U5_V1.8.0, STM32Cube_FW_WB0_V1.3.0, STM32Cube_FW_WBA_V1.7.0, STM32Cube_FW_WB_V1.23.0, STM32Cube_FW_WL3_V1.2.0, STM32Cube_FW_WL_V1.3.1, X-CUBE-ALGOBUILD_V1.4.0, X-CUBE-ALS_V1.0.2, X-CUBE-AZRTOS-F4_V1.1.0, X-CUBE-AZRTOS-F7_V1.1.0, X-CUBE-AZRTOS-G0_V1.1.0, X-CUBE-AZRTOS-G4_V2.0.0, X-CUBE-AZRTOS-H7RS_V1.1.0, X-CUBE-AZRTOS-H7_V3.3.0, X-CUBE-AZRTOS-L4_V2.0.0, X-CUBE-AZRTOS-L5_V2.0.0, X-CUBE-AZRTOS-WB_V2.0.0, X-CUBE-AZRTOS-WL_V2.0.0, X-CUBE-BLE1_V7.1.0, X-CUBE-BLE2_V3.3.0, X-CUBE-BLEMGR_V4.0.0, X-CUBE-EEPRMA1_V5.1.0, X-CUBE-FREERTOS_V1.3.1, X-CUBE-GNSS1_V6.0.0, X-CUBE-MEMS1_V11.3.0, X-CUBE-NFC4_V3.0.0, X-CUBE-NFC7_V2.0.0, X-CUBE-SFXS2LP1_V4.0.0, X-CUBE-SUBG2_V5.0.0, X-CUBE-TOF1_V3.4.3]
2025-07-19 23:40:26,778 [INFO] WebApp:169 - Instantiating new browser for Auth
2025-07-19 23:40:27,347 [INFO] WebApp:463 - Apply proxy settings
2025-07-19 23:40:27,347 [INFO] WebApp:548 - Chromium requires no authentication
2025-07-19 23:40:27,355 [INFO] WebApp:491 - Direct internet connection detected
2025-07-19 23:40:27,373 [INFO] WebApp:900 - Register for checkConnection events
2025-07-19 23:40:27,373 [INFO] WebApp:463 - Apply proxy settings
2025-07-19 23:40:27,373 [INFO] WebApp:548 - Chromium requires no authentication
2025-07-19 23:40:27,374 [INFO] WebApp:491 - Direct internet connection detected
2025-07-19 23:40:27,510 [INFO] WebApp:225 - Starting web application
2025-07-19 23:40:27,510 [INFO] WebApp:593 - Web application path used C:\ST\STM32CubeIDE_1.19.0\STM32CubeIDE\plugins\com.st.stm32cube.common.mx_6.15.0.202507011659\db\plugins\mcufinder\reactClient1\index.html
2025-07-19 23:40:27,693 [ERROR] LogOutputStream:75 - [STDERR_REDIRECT] [Fatal Error] :1:1: Premature end of file.
2025-07-19 23:40:27,694 [ERROR] LogOutputStream:75 - [STDERR_REDIRECT] 
2025-07-19 23:40:28,257 [INFO] WebApp:191 - Connection restablished
2025-07-19 23:40:28,406 [INFO] ApiDb:240 - Found 880 in-development CPN: [B-G473E-ZEST1S, B-WB1M-WPAN1, B-WBA5M-WPAN, B-WL5M-SUBG1, NUCLEO-C031C6, NUCLEO-C051C8, NUCLEO-C071RB, NUCLEO-C092RC, NUCLEO-H503RB, NUCLEO-H533RE, NUCLEO-H563ZI, NUCLEO-H7S3L8, NUCLEO-N657X0-Q, NUCLEO-U031R8, NUCLEO-U083RC, NUCLEO-U385RG-Q, NUCLEO-U545RE-Q, NUCLEO-U5A5ZJ-Q, NUCLEO-WB05KZ, NUCLEO-WB07CC, NUCLEO-WB09KE, NUCLEO-WBA52CG, NUCLEO-WBA55CG, NUCLEO-WL33CC1, NUCLEO-WL33CC2, STEVAL-PROTEUS1, STEVAL-SMARTAG2, STEVAL-STWINBX1, STM320518-EVAL, STM32C0116-DK, STM32C011D6Y3TR, STM32C011D6Y6TR, STM32C011F4P3, STM32C011F4P6, STM32C011F4U3, STM32C011F4U6TR, STM32C011F6P3, STM32C011F6P6, STM32C011F6U3, STM32C011F6U6TR, STM32C011J4M3, STM32C011J4M6, STM32C011J6M3, STM32C011J6M6, STM32C0316-DK, STM32C031C4T3, STM32C031C4T6, STM32C031C4U3, STM32C031C4U6, STM32C031C6T3, STM32C031C6T6, STM32C031C6U3, STM32C031C6U6, STM32C031F4P3, STM32C031F4P6, STM32C031F6P3, STM32C031F6P6, STM32C031G4U3, STM32C031G4U6, STM32C031G6U3, STM32C031G6U6, STM32C031K4T3, STM32C031K4T6, STM32C031K4U3, STM32C031K4U6, STM32C031K6T3, STM32C031K6T6, STM32C031K6U3, STM32C031K6U6, STM32C051C6T6, STM32C051C6U6, STM32C051C8T6, STM32C051C8U6, STM32C051D8Y6TR, STM32C051F6P6, STM32C051F8P6, STM32C051G6U6, STM32C051G8U6, STM32C051K6T6, STM32C051K6U6, STM32C051K8T6, STM32C071C8T6, STM32C071C8T6N, STM32C071C8U6, STM32C071C8U6N, STM32C071CBT6, STM32C071CBT6N, STM32C071CBU6, STM32C071CBU6N, STM32C071F8P6, STM32C071F8P6N, STM32C071FBP6, STM32C071FBP6N, STM32C071FBY6TR, STM32C071G8U6, STM32C071G8U6N, STM32C071GBU6, STM32C071GBU6N, STM32C071K8T6, STM32C071K8T6N, STM32C071K8U6, STM32C071K8U6N, STM32C071KBT6, STM32C071KBT6N, STM32C071KBU6, STM32C071KBU6N, STM32C071R8T6, STM32C071R8T6N, STM32C071RBI6N, STM32C071RBT6, STM32C071RBT6N, STM32C091CBT6, STM32C091CBU6, STM32C091CCT6, STM32C091CCU6, STM32C091ECY6TR, STM32C091FBP6, STM32C091FCP6, STM32C091GBU6, STM32C091GCU6, STM32C091KBT6, STM32C091KBU6, STM32C091KCT6, STM32C091KCU6, STM32C091RBT6, STM32C091RCI6, STM32C091RCT6, STM32C092CBT6, STM32C092CBU6, STM32C092CCT6, STM32C092CCU6, STM32C092ECY6TR, STM32C092FBP6, STM32C092FCP6, STM32C092GBU6, STM32C092GCU6, STM32C092KBT6, STM32C092KBU6, STM32C092KCT6, STM32C092KCU6, STM32C092RBT6, STM32C092RCI6, STM32C092RCT6, STM32G071K8TXN, STM32G071K8UXN, STM32G081GBU6N, STM32G081KBT6N, STM32G081KBUXN, STM32G0B1CCT6N, STM32G0B1KCT6, STM32G0B1NEY6TR, STM32G0B1RCT6N, STM32G0C1CCT6, STM32G0C1CCT6N, STM32G0C1CCU6N, STM32G0C1CET6N, STM32G0C1CEU6N, STM32G0C1KCT6, STM32G0C1NEY6TR, STM32G0C1RCI6N, STM32G0C1RCT6N, STM32G0C1REI6N, STM32G0C1RET6N, STM32G0C1VCI6, STM32G0C1VEI6, STM32G411C6T3, STM32G411C6T6, STM32G411C6U3, STM32G411C6U6, STM32G411C8T3, STM32G411C8T6, STM32G411C8U3, STM32G411C8U6, STM32G411CBT3, STM32G411CBT6, STM32G411CBU3, STM32G411CBU6, STM32G411K6T3, STM32G411K6T6, STM32G411K6U3, STM32G411K6U6, STM32G411K8T3, STM32G411K8T6, STM32G411K8U3, STM32G411K8U6, STM32G411KBT3, STM32G411KBT6, STM32G411KBU3, STM32G411KBU6, STM32G411M6T3, STM32G411M6T6, STM32G411M8T3, STM32G411M8T6, STM32G411MBT3, STM32G411MBT6, STM32G411R6T3, STM32G411R6T6, STM32G411R8T3, STM32G411R8T6, STM32G411RBT3, STM32G411RBT6, STM32G414CBT3, STM32G414CBT6, STM32G414CBU3, STM32G414CBU6, STM32G414CCT3, STM32G414CCT6, STM32G414CCU3, STM32G414CCU6, STM32G414MBT3, STM32G414MBT6, STM32G414MCT3, STM32G414MCT6, STM32G414RBT3, STM32G414RBT6, STM32G414RCT3, STM32G414RCT6, STM32G414VBT3, STM32G414VBT6, STM32G414VCT3, STM32G414VCT6, STM32G431CBT3Z, STM32G431RBT3Z, STM32G471CCT6, STM32G471CCU6, STM32G471CET3, STM32G471CET6, STM32G471CEU3, STM32G471CEU6, STM32G471MCT6, STM32G471MET3, STM32G471MET6, STM32G471MEY6TR, STM32G471QCT6, STM32G471QET3, STM32G471RCT6, STM32G471RET3, STM32G471RET6, STM32G471VCH6, STM32G471VCI6, STM32G471VCT6, STM32G471VEH3, STM32G471VEH6, STM32G471VEI3, STM32G471VEI6, STM32G471VET3, STM32G471VET6, STM32G473QET3Z, STM32G473RET3Z, STM32G474CCT6, STM32G491RET3Z, STM32H503CBT6, STM32H503CBU6, STM32H503EBY6TR, STM32H503KBU6, STM32H503RBT6, STM32H523CCT6, STM32H523CCU6, STM32H523CET6, STM32H523CEU6, STM32H523HEY6TR, STM32H523RCT6, STM32H523RET6, STM32H523VCI6, STM32H523VCT6, STM32H523VEI6, STM32H523VET6, STM32H523ZCJ6, STM32H523ZCT6, STM32H523ZEJ6, STM32H523ZET6, STM32H533CET6, STM32H533CEU6, STM32H533HEY6TR, STM32H533RET6, STM32H533VEI6, STM32H533VET6, STM32H533ZEJ6, STM32H533ZET6, STM32H562AGI6, STM32H562AII6, STM32H562IGK6, STM32H562IGT6, STM32H562IIK6, STM32H562IIT6, STM32H562RGT6, STM32H562RGV6, STM32H562RIT6, STM32H562RIV6, STM32H562VGT6, STM32H562VIT6, STM32H562ZGT6, STM32H562ZIT6, STM32H563AGI6, STM32H563AII3Q, STM32H563AII6, STM32H563IGK6, STM32H563IGT6, STM32H563IIK3Q, STM32H563IIK6, STM32H563IIT3Q, STM32H563IIT6, STM32H563MIY3QTR, STM32H563RGT6, STM32H563RGV6, STM32H563RIT6, STM32H563RIV6, STM32H563VGT6, STM32H563VIT3Q, STM32H563VIT6, STM32H563ZGT6, STM32H563ZIT3Q, STM32H563ZIT6, STM32H573AII3Q, STM32H573AII6, STM32H573I-DK, STM32H573IIK3Q, STM32H573IIK6, STM32H573IIT3Q, STM32H573IIT6, STM32H573MIY3QTR, STM32H573RIT6, STM32H573RIV6, STM32H573VIT3Q, STM32H573VIT6, STM32H573ZIT3Q, STM32H573ZIT6, STM32H7R3A8I6, STM32H7R3I8K6, STM32H7R3I8T6, STM32H7R3L8H6, STM32H7R3L8H6H, STM32H7R3R8V6, STM32H7R3V8H6, STM32H7R3V8T6, STM32H7R3V8Y6TR, STM32H7R3Z8J6, STM32H7R3Z8T6, STM32H7R7A8I6, STM32H7R7I8K6, STM32H7R7I8T6, STM32H7R7L8H6, STM32H7R7L8H6H, STM32H7R7Z8J6, STM32H7S3A8I6, STM32H7S3I8K6, STM32H7S3I8T6, STM32H7S3L8H6, STM32H7S3L8H6H, STM32H7S3R8V6, STM32H7S3V8H6, STM32H7S3V8T6, STM32H7S3V8Y6TR, STM32H7S3Z8J6, STM32H7S3Z8T6, STM32H7S78-DK, STM32H7S7A8I6, STM32H7S7I8K6, STM32H7S7I8T6, STM32H7S7L8H6, STM32H7S7L8H6H, STM32H7S7Z8J6, STM32L4R5QGI6STR, STM32MP131AAE3, STM32MP131AAF3, STM32MP131AAG3, STM32MP131CAE3, STM32MP131CAF3, STM32MP131CAG3, STM32MP131DAE7, STM32MP131DAF7, STM32MP131DAG7, STM32MP131FAE7, STM32MP131FAF7, STM32MP131FAG7, STM32MP133AAE3, STM32MP133AAF3, STM32MP133AAG3, STM32MP133CAE3, STM32MP133CAF3, STM32MP133CAG3, STM32MP133DAE7, STM32MP133DAF7, STM32MP133DAG7, STM32MP133FAE7, STM32MP133FAF7, STM32MP133FAG7, STM32MP135AAE3, STM32MP135AAF3, STM32MP135AAG3, STM32MP135CAE3, STM32MP135CAF3, STM32MP135CAG3, STM32MP135DAE7, STM32MP135DAF7, STM32MP135DAG7, STM32MP135F-DK, STM32MP135FAE7, STM32MP135FAF7, STM32MP135FAF7T, STM32MP135FAF7U, STM32MP135FAG7, STM32MP211AAL3, STM32MP211AAM3, STM32MP211AAN3, STM32MP211AAO3, STM32MP211CAL3, STM32MP211CAM3, STM32MP211CAN3, STM32MP211CAO3, STM32MP211DAL3, STM32MP211DAM3, STM32MP211DAN3, STM32MP211DAO3, STM32MP211FAL3, STM32MP211FAM3, STM32MP211FAN3, STM32MP211FAO3, STM32MP213AAL3, STM32MP213AAM3, STM32MP213AAN3, STM32MP213AAO3, STM32MP213CAL3, STM32MP213CAM3, STM32MP213CAN3, STM32MP213CAO3, STM32MP213DAL3, STM32MP213DAM3, STM32MP213DAN3, STM32MP213DAO3, STM32MP213FAL3, STM32MP213FAM3, STM32MP213FAN3, STM32MP213FAO3, STM32MP215AAL3, STM32MP215AAM3, STM32MP215AAN3, STM32MP215AAO3, STM32MP215CAL3, STM32MP215CAM3, STM32MP215CAN3, STM32MP215CAO3, STM32MP215DAL3, STM32MP215DAM3, STM32MP215DAN3, STM32MP215DAO3, STM32MP215F-DK, STM32MP215FAL3, STM32MP215FAM3, STM32MP215FAN3, STM32MP215FAO3, STM32MP231AAJ3, STM32MP231AAK3, STM32MP231AAL3, STM32MP231CAJ3, STM32MP231CAK3, STM32MP231CAL3, STM32MP231DAJ3, STM32MP231DAK3, STM32MP231DAL3, STM32MP231FAJ3, STM32MP231FAK3, STM32MP231FAL3, STM32MP233AAJ3, STM32MP233AAK3, STM32MP233AAL3, STM32MP233CAJ3, STM32MP233CAK3, STM32MP233CAL3, STM32MP233DAJ3, STM32MP233DAK3, STM32MP233DAL3, STM32MP233FAJ3, STM32MP233FAK3, STM32MP233FAL3, STM32MP235AAJ3, STM32MP235AAK3, STM32MP235AAL3, STM32MP235CAJ3, STM32MP235CAK3, STM32MP235CAL3, STM32MP235DAJ3, STM32MP235DAK3, STM32MP235DAL3, STM32MP235FAJ3, STM32MP235FAK3, STM32MP235FAL3, STM32MP251AAI3, STM32MP251AAK3, STM32MP251AAL3, STM32MP251CAI3, STM32MP251CAK3, STM32MP251CAL3, STM32MP251DAI3, STM32MP251DAK3, STM32MP251DAL3, STM32MP251FAI3, STM32MP251FAK3, STM32MP251FAL3, STM32MP253AAI3, STM32MP253AAK3, STM32MP253AAL3, STM32MP253CAI3, STM32MP253CAK3, STM32MP253CAL3, STM32MP253DAI3, STM32MP253DAK3, STM32MP253DAL3, STM32MP253FAI3, STM32MP253FAK3, STM32MP253FAL3, STM32MP255AAI3, STM32MP255AAK3, STM32MP255AAL3, STM32MP255CAI3, STM32MP255CAK3, STM32MP255CAL3, STM32MP255DAI3, STM32MP255DAK3, STM32MP255DAL3, STM32MP255FAI3, STM32MP255FAK3, STM32MP255FAL3, STM32MP257AAI3, STM32MP257AAK3, STM32MP257AAL3, STM32MP257CAI3, STM32MP257CAK3, STM32MP257CAL3, STM32MP257DAI3, STM32MP257DAK3, STM32MP257DAL3, STM32MP257F-DK, STM32MP257F-EV1, STM32MP257FAI3, STM32MP257FAK3, STM32MP257FAL3, STM32N645A0H3Q, STM32N645B0H3Q, STM32N645I0H3Q, STM32N645L0H3Q, STM32N645X0H3Q, STM32N645Z0H3Q, STM32N647A0H3Q, STM32N647B0H3Q, STM32N647I0H3Q, STM32N647L0H3Q, STM32N647X0H3Q, STM32N647Z0H3Q, STM32N655A0H3Q, STM32N655B0H3Q, STM32N655I0H3Q, STM32N655L0H3Q, STM32N655X0H3Q, STM32N655Z0H3Q, STM32N6570-DK, STM32N657A0H3Q, STM32N657B0H3Q, STM32N657I0H3Q, STM32N657L0H3Q, STM32N657X0H3Q, STM32N657Z0H3Q, STM32U031C6T6, STM32U031C6U6, STM32U031C8T6, STM32U031C8U6, STM32U031F4P6, STM32U031F6P6, STM32U031F8P6, STM32U031G6Y6TR, STM32U031G8Y6TR, STM32U031K4U6, STM32U031K6U6, STM32U031K8U6, STM32U031R6I6, STM32U031R6T6, STM32U031R8I6, STM32U031R8T6, STM32U073C8T6, STM32U073C8U6, STM32U073CBT6, STM32U073CBU6, STM32U073CCT6, STM32U073CCU6, STM32U073H8Y6TR, STM32U073HBY6TR, STM32U073HCY6TR, STM32U073K8U6, STM32U073KBU6, STM32U073KCU6, STM32U073M8I6, STM32U073M8T6, STM32U073MBI6, STM32U073MBT6, STM32U073MCI6, STM32U073MCT6, STM32U073R8I6, STM32U073R8T6, STM32U073RBI6, STM32U073RBT6, STM32U073RCI6, STM32U073RCT6, STM32U083C-DK, STM32U083CCT6, STM32U083CCU6, STM32U083HCY6TR, STM32U083KCU6, STM32U083MCI6, STM32U083MCT6, STM32U083RCI6, STM32U083RCT6, STM32U375CET6, STM32U375CET6Q, STM32U375CEU6, STM32U375CEU6Q, STM32U375CEY6QTR, STM32U375CGT6, STM32U375CGT6Q, STM32U375CGU6, STM32U375CGU6Q, STM32U375CGY6QTR, STM32U375KEU6, STM32U375KGU6, STM32U375REI6, STM32U375REI6Q, STM32U375RET6, STM32U375RET6Q, STM32U375REY6GTR, STM32U375REY6QTR, STM32U375RGI6, STM32U375RGI6Q, STM32U375RGT6, STM32U375RGT6Q, STM32U375RGY6GTR, STM32U375RGY6QTR, STM32U375VEI6, STM32U375VEI6Q, STM32U375VET6, STM32U375VET6Q, STM32U375VGI6, STM32U375VGI6Q, STM32U375VGT6, STM32U375VGT6Q, STM32U385CGT6, STM32U385CGT6Q, STM32U385CGU6, STM32U385CGU6Q, STM32U385CGY6QTR, STM32U385KGU6, STM32U385RGI6, STM32U385RGI6Q, STM32U385RGT6, STM32U385RGT6Q, STM32U385RGY6GTR, STM32U385RGY6QTR, STM32U385VGI6, STM32U385VGI6Q, STM32U385VGT6, STM32U385VGT6Q, STM32U535CBT6, STM32U535CBT6Q, STM32U535CBU6, STM32U535CBU6Q, STM32U535CCT6, STM32U535CCT6Q, STM32U535CCU6, STM32U535CCU6Q, STM32U535CET6, STM32U535CET6Q, STM32U535CEU6, STM32U535CEU6Q, STM32U535JEY6QTR, STM32U535NCY6QTR, STM32U535NEY6QTR, STM32U535RBI6, STM32U535RBI6Q, STM32U535RBT6, STM32U535RBT6Q, STM32U535RCI6, STM32U535RCI6Q, STM32U535RCT6, STM32U535RCT6Q, STM32U535REI6, STM32U535REI6Q, STM32U535RET6, STM32U535RET6Q, STM32U535VCI6, STM32U535VCI6Q, STM32U535VCT6, STM32U535VCT6Q, STM32U535VEI6, STM32U535VEI6Q, STM32U535VET6, STM32U535VET6Q, STM32U545CET6, STM32U545CET6Q, STM32U545CEU6, STM32U545CEU6Q, STM32U545JEY6QTR, STM32U545NEY6QTR, STM32U545REI6, STM32U545REI6Q, STM32U545RET6, STM32U545RET6Q, STM32U545VEI6, STM32U545VEI6Q, STM32U545VET6, STM32U545VET6Q, STM32U595AIH6, STM32U595AIH6Q, STM32U595AJH6, STM32U595AJH6Q, STM32U595QII6, STM32U595QII6Q, STM32U595QJI6, STM32U595QJI6Q, STM32U595RIT6, STM32U595RIT6Q, STM32U595RJT6, STM32U595RJT6Q, STM32U595VIT6, STM32U595VIT6Q, STM32U595VJT6, STM32U595VJT6Q, STM32U595ZIT6, STM32U595ZIT6Q, STM32U595ZIY6QTR, STM32U595ZJT6, STM32U595ZJT6Q, STM32U595ZJY6QTR, STM32U599BJY6QTR, STM32U599NIH6Q, STM32U599NJH6Q, STM32U599VIT6Q, STM32U599VJT6, STM32U599VJT6Q, STM32U599ZIT6Q, STM32U599ZIY6QTR, STM32U599ZJT6Q, STM32U599ZJY6QTR, STM32U5A5AJH6, STM32U5A5AJH6Q, STM32U5A5QII3Q , STM32U5A5QJI6, STM32U5A5QJI6Q, STM32U5A5RJT6, STM32U5A5RJT6Q, STM32U5A5VJT6, STM32U5A5VJT6Q, STM32U5A5ZJT6, STM32U5A5ZJT6Q, STM32U5A5ZJY6QTR, STM32U5A9BJY6QTR, STM32U5A9J-DK, STM32U5A9NJH6Q, STM32U5A9VJT6Q, STM32U5A9ZJT6Q, STM32U5A9ZJY6QTR, STM32U5F7VIT6, STM32U5F7VIT6Q, STM32U5F7VJT6, STM32U5F7VJT6Q, STM32U5F9BJY6QTR, STM32U5F9NJH6Q, STM32U5F9VIT6Q, STM32U5F9VJT6Q, STM32U5F9ZIJ6QTR, STM32U5F9ZIT6Q, STM32U5F9ZJJ6QTR, STM32U5F9ZJT6Q, STM32U5G7VJT6, STM32U5G7VJT6Q, STM32U5G9BJY6QTR, STM32U5G9J-DK1, STM32U5G9J-DK2, STM32U5G9NJH6Q, STM32U5G9VJT6Q, STM32U5G9ZJJ6QTR, STM32U5G9ZJT6Q, STM32WB05KZV6TR, STM32WB05KZV7TR, STM32WB05TZF6TR, STM32WB05TZF7TR, STM32WB06CCF6TR, STM32WB06CCF7TR, STM32WB06CCV6TR, STM32WB06CCV7TR, STM32WB06KCV6TR, STM32WB06KCV7TR, STM32WB07CCF6TR, STM32WB07CCF7TR, STM32WB07CCV6TR, STM32WB07CCV7TR, STM32WB07KCV6TR, STM32WB07KCV7TR, STM32WB09KEV6TR, STM32WB09KEV7TR, STM32WB09TEF6TR, STM32WB09TEF7TR, STM32WB1MMCH6, STM32WBA50KGU6, STM32WBA50KGU6TR, STM32WBA52CEU6, STM32WBA52CEU6TR, STM32WBA52CEU7, STM32WBA52CEU7TR, STM32WBA52CGU6, STM32WBA52CGU6TR, STM32WBA52CGU6U, STM32WBA52CGU7, STM32WBA52CGU7TR, STM32WBA52KEU6, STM32WBA52KEU6TR, STM32WBA52KGU6, STM32WBA52KGU6TR, STM32WBA54CEU6, STM32WBA54CEU6TR, STM32WBA54CEU7, STM32WBA54CEU7TR, STM32WBA54CGU6, STM32WBA54CGU6TR, STM32WBA54CGU7, STM32WBA54CGU7TR, STM32WBA54KEU6, STM32WBA54KEU6TR, STM32WBA54KEU7, STM32WBA54KEU7TR, STM32WBA54KGU6, STM32WBA54KGU6TR, STM32WBA54KGU7, STM32WBA54KGU7TR, STM32WBA55CEU6, STM32WBA55CEU6TR, STM32WBA55CEU7, STM32WBA55CEU7TR, STM32WBA55CGU6, STM32WBA55CGU6TR, STM32WBA55CGU6U, STM32WBA55CGU7, STM32WBA55CGU7TR, STM32WBA55G-DK1, STM32WBA55HEF6, STM32WBA55HEF7, STM32WBA55HGF6, STM32WBA55HGF7, STM32WBA55UEI6, STM32WBA55UEI6TR, STM32WBA55UEI7, STM32WBA55UEI7TR, STM32WBA55UGI6, STM32WBA55UGI6TR, STM32WBA55UGI7, STM32WBA55UGI7TR, STM32WBA5MMGH6TR, STM32WBA62MGF6, STM32WBA62MIF6, STM32WBA65MGF7, STM32WBA65MIF6, STM32WBA65MIF7, STM32WL30K8V6, STM32WL30KBV6, STM32WL31C8V6, STM32WL31CBV6, STM32WL31K8V6, STM32WL31KBV6, STM32WL33C8V6, STM32WL33C8V6X, STM32WL33CBV6, STM32WL33CBV6X, STM32WL33CCV6, STM32WL33CCV6A, STM32WL33CCV6X, STM32WL33K8V7, STM32WL33K8V7X, STM32WL33KBV7 , STM32WL33KBV7X, STM32WL33KCV7, STM32WL33KCV7X, STM32WL5MOCH6, STM32WL5MOCH6TR]
2025-07-19 23:40:28,411 [INFO] DbMcus:218 - Found 4801 MCUs, 4801 are supported
2025-07-19 23:40:28,411 [INFO] ApiDb:423 - Load user favorites file C:\Users\sumey/.stm32cubeide/favorites.mcus.txt: 0 item(s)
2025-07-19 23:40:28,411 [INFO] ApiDb:427 - User favorites MCUs=[]
2025-07-19 23:40:28,411 [INFO] DbMcus:224 - Set 0 / 0 favorites MCUs
2025-07-19 23:40:28,699 [ERROR] LogOutputStream:75 - [STDERR_REDIRECT] [Fatal Error] :1:1: Premature end of file.
2025-07-19 23:40:28,699 [ERROR] LogOutputStream:75 - [STDERR_REDIRECT] 
2025-07-19 23:40:28,759 [INFO] ApiDb:668 - CubeFinder database Data Model version=2.1
2025-07-19 23:40:28,759 [INFO] ApiDb:669 - CubeFinder database Configuration version=3.0.39
2025-07-19 23:40:28,759 [INFO] ApiDb:670 - CubeFinder database generation date=2025-06-24 (1750757100)
2025-07-19 23:40:28,759 [INFO] ApiDb:671 - CubeFinder database FW Pack versions=[FP-ATR-ASTRA1_V2.0.0, FP-SNS-FLIGHT1_V5.1.0, FP-SNS-MOTENV1_V5.0.0, FP-SNS-MOTENVWB1_V1.4.0, FP-SNS-SMARTAG2_V1.2.0, FP-SNS-STBOX1_V2.0.0, STM32Cube_FW_C0_V1.4.0, STM32Cube_FW_F4_V1.28.2, STM32Cube_FW_F7_V1.17.3, STM32Cube_FW_G0_V1.6.2, STM32Cube_FW_G4_V1.6.1, STM32Cube_FW_H5_V1.5.0, STM32Cube_FW_H7RS_V1.2.0, STM32Cube_FW_H7_V1.12.1, STM32Cube_FW_L0_V1.12.2, STM32Cube_FW_L4_V1.18.1, STM32Cube_FW_L5_V1.5.1, STM32Cube_FW_N6_V1.2.0, STM32Cube_FW_U0_V1.3.0, STM32Cube_FW_U3_V1.2.0, STM32Cube_FW_U5_V1.8.0, STM32Cube_FW_WB0_V1.3.0, STM32Cube_FW_WBA_V1.7.0, STM32Cube_FW_WB_V1.23.0, STM32Cube_FW_WL3_V1.2.0, STM32Cube_FW_WL_V1.3.1, X-CUBE-ALGOBUILD_V1.4.0, X-CUBE-ALS_V1.0.2, X-CUBE-AZRTOS-F4_V1.1.0, X-CUBE-AZRTOS-F7_V1.1.0, X-CUBE-AZRTOS-G0_V1.1.0, X-CUBE-AZRTOS-G4_V2.0.0, X-CUBE-AZRTOS-H7RS_V1.1.0, X-CUBE-AZRTOS-H7_V3.3.0, X-CUBE-AZRTOS-L4_V2.0.0, X-CUBE-AZRTOS-L5_V2.0.0, X-CUBE-AZRTOS-WB_V2.0.0, X-CUBE-AZRTOS-WL_V2.0.0, X-CUBE-BLE1_V7.1.0, X-CUBE-BLE2_V3.3.0, X-CUBE-BLEMGR_V4.0.0, X-CUBE-EEPRMA1_V5.1.0, X-CUBE-FREERTOS_V1.3.1, X-CUBE-GNSS1_V6.0.0, X-CUBE-MEMS1_V11.3.0, X-CUBE-NFC4_V3.0.0, X-CUBE-NFC7_V2.0.0, X-CUBE-SFXS2LP1_V4.0.0, X-CUBE-SUBG2_V5.0.0, X-CUBE-TOF1_V3.4.3]
2025-07-19 23:40:28,809 [INFO] DbBoardsSqlite:226 - include board P-NUCLEO-WB55-NUCLEO as a kit item of type 'Nucleo-64'
2025-07-19 23:40:28,809 [INFO] DbBoardsSqlite:226 - include board P-NUCLEO-WB55-USBDONGLE as a kit item of type 'Nucleo USB Dongle'
2025-07-19 23:40:28,809 [INFO] DbBoardsSqlite:226 - include board STEVAL-IDP005V1 as a kit item of type 'Evaluation Board'
2025-07-19 23:40:28,809 [INFO] DbBoardsSqlite:226 - include board STEVAL-IDP005V2 as a kit item of type 'Evaluation Board'
2025-07-19 23:40:28,863 [INFO] ApiDb:240 - Found 880 in-development CPN: [B-G473E-ZEST1S, B-WB1M-WPAN1, B-WBA5M-WPAN, B-WL5M-SUBG1, NUCLEO-C031C6, NUCLEO-C051C8, NUCLEO-C071RB, NUCLEO-C092RC, NUCLEO-H503RB, NUCLEO-H533RE, NUCLEO-H563ZI, NUCLEO-H7S3L8, NUCLEO-N657X0-Q, NUCLEO-U031R8, NUCLEO-U083RC, NUCLEO-U385RG-Q, NUCLEO-U545RE-Q, NUCLEO-U5A5ZJ-Q, NUCLEO-WB05KZ, NUCLEO-WB07CC, NUCLEO-WB09KE, NUCLEO-WBA52CG, NUCLEO-WBA55CG, NUCLEO-WL33CC1, NUCLEO-WL33CC2, STEVAL-PROTEUS1, STEVAL-SMARTAG2, STEVAL-STWINBX1, STM320518-EVAL, STM32C0116-DK, STM32C011D6Y3TR, STM32C011D6Y6TR, STM32C011F4P3, STM32C011F4P6, STM32C011F4U3, STM32C011F4U6TR, STM32C011F6P3, STM32C011F6P6, STM32C011F6U3, STM32C011F6U6TR, STM32C011J4M3, STM32C011J4M6, STM32C011J6M3, STM32C011J6M6, STM32C0316-DK, STM32C031C4T3, STM32C031C4T6, STM32C031C4U3, STM32C031C4U6, STM32C031C6T3, STM32C031C6T6, STM32C031C6U3, STM32C031C6U6, STM32C031F4P3, STM32C031F4P6, STM32C031F6P3, STM32C031F6P6, STM32C031G4U3, STM32C031G4U6, STM32C031G6U3, STM32C031G6U6, STM32C031K4T3, STM32C031K4T6, STM32C031K4U3, STM32C031K4U6, STM32C031K6T3, STM32C031K6T6, STM32C031K6U3, STM32C031K6U6, STM32C051C6T6, STM32C051C6U6, STM32C051C8T6, STM32C051C8U6, STM32C051D8Y6TR, STM32C051F6P6, STM32C051F8P6, STM32C051G6U6, STM32C051G8U6, STM32C051K6T6, STM32C051K6U6, STM32C051K8T6, STM32C071C8T6, STM32C071C8T6N, STM32C071C8U6, STM32C071C8U6N, STM32C071CBT6, STM32C071CBT6N, STM32C071CBU6, STM32C071CBU6N, STM32C071F8P6, STM32C071F8P6N, STM32C071FBP6, STM32C071FBP6N, STM32C071FBY6TR, STM32C071G8U6, STM32C071G8U6N, STM32C071GBU6, STM32C071GBU6N, STM32C071K8T6, STM32C071K8T6N, STM32C071K8U6, STM32C071K8U6N, STM32C071KBT6, STM32C071KBT6N, STM32C071KBU6, STM32C071KBU6N, STM32C071R8T6, STM32C071R8T6N, STM32C071RBI6N, STM32C071RBT6, STM32C071RBT6N, STM32C091CBT6, STM32C091CBU6, STM32C091CCT6, STM32C091CCU6, STM32C091ECY6TR, STM32C091FBP6, STM32C091FCP6, STM32C091GBU6, STM32C091GCU6, STM32C091KBT6, STM32C091KBU6, STM32C091KCT6, STM32C091KCU6, STM32C091RBT6, STM32C091RCI6, STM32C091RCT6, STM32C092CBT6, STM32C092CBU6, STM32C092CCT6, STM32C092CCU6, STM32C092ECY6TR, STM32C092FBP6, STM32C092FCP6, STM32C092GBU6, STM32C092GCU6, STM32C092KBT6, STM32C092KBU6, STM32C092KCT6, STM32C092KCU6, STM32C092RBT6, STM32C092RCI6, STM32C092RCT6, STM32G071K8TXN, STM32G071K8UXN, STM32G081GBU6N, STM32G081KBT6N, STM32G081KBUXN, STM32G0B1CCT6N, STM32G0B1KCT6, STM32G0B1NEY6TR, STM32G0B1RCT6N, STM32G0C1CCT6, STM32G0C1CCT6N, STM32G0C1CCU6N, STM32G0C1CET6N, STM32G0C1CEU6N, STM32G0C1KCT6, STM32G0C1NEY6TR, STM32G0C1RCI6N, STM32G0C1RCT6N, STM32G0C1REI6N, STM32G0C1RET6N, STM32G0C1VCI6, STM32G0C1VEI6, STM32G411C6T3, STM32G411C6T6, STM32G411C6U3, STM32G411C6U6, STM32G411C8T3, STM32G411C8T6, STM32G411C8U3, STM32G411C8U6, STM32G411CBT3, STM32G411CBT6, STM32G411CBU3, STM32G411CBU6, STM32G411K6T3, STM32G411K6T6, STM32G411K6U3, STM32G411K6U6, STM32G411K8T3, STM32G411K8T6, STM32G411K8U3, STM32G411K8U6, STM32G411KBT3, STM32G411KBT6, STM32G411KBU3, STM32G411KBU6, STM32G411M6T3, STM32G411M6T6, STM32G411M8T3, STM32G411M8T6, STM32G411MBT3, STM32G411MBT6, STM32G411R6T3, STM32G411R6T6, STM32G411R8T3, STM32G411R8T6, STM32G411RBT3, STM32G411RBT6, STM32G414CBT3, STM32G414CBT6, STM32G414CBU3, STM32G414CBU6, STM32G414CCT3, STM32G414CCT6, STM32G414CCU3, STM32G414CCU6, STM32G414MBT3, STM32G414MBT6, STM32G414MCT3, STM32G414MCT6, STM32G414RBT3, STM32G414RBT6, STM32G414RCT3, STM32G414RCT6, STM32G414VBT3, STM32G414VBT6, STM32G414VCT3, STM32G414VCT6, STM32G431CBT3Z, STM32G431RBT3Z, STM32G471CCT6, STM32G471CCU6, STM32G471CET3, STM32G471CET6, STM32G471CEU3, STM32G471CEU6, STM32G471MCT6, STM32G471MET3, STM32G471MET6, STM32G471MEY6TR, STM32G471QCT6, STM32G471QET3, STM32G471RCT6, STM32G471RET3, STM32G471RET6, STM32G471VCH6, STM32G471VCI6, STM32G471VCT6, STM32G471VEH3, STM32G471VEH6, STM32G471VEI3, STM32G471VEI6, STM32G471VET3, STM32G471VET6, STM32G473QET3Z, STM32G473RET3Z, STM32G474CCT6, STM32G491RET3Z, STM32H503CBT6, STM32H503CBU6, STM32H503EBY6TR, STM32H503KBU6, STM32H503RBT6, STM32H523CCT6, STM32H523CCU6, STM32H523CET6, STM32H523CEU6, STM32H523HEY6TR, STM32H523RCT6, STM32H523RET6, STM32H523VCI6, STM32H523VCT6, STM32H523VEI6, STM32H523VET6, STM32H523ZCJ6, STM32H523ZCT6, STM32H523ZEJ6, STM32H523ZET6, STM32H533CET6, STM32H533CEU6, STM32H533HEY6TR, STM32H533RET6, STM32H533VEI6, STM32H533VET6, STM32H533ZEJ6, STM32H533ZET6, STM32H562AGI6, STM32H562AII6, STM32H562IGK6, STM32H562IGT6, STM32H562IIK6, STM32H562IIT6, STM32H562RGT6, STM32H562RGV6, STM32H562RIT6, STM32H562RIV6, STM32H562VGT6, STM32H562VIT6, STM32H562ZGT6, STM32H562ZIT6, STM32H563AGI6, STM32H563AII3Q, STM32H563AII6, STM32H563IGK6, STM32H563IGT6, STM32H563IIK3Q, STM32H563IIK6, STM32H563IIT3Q, STM32H563IIT6, STM32H563MIY3QTR, STM32H563RGT6, STM32H563RGV6, STM32H563RIT6, STM32H563RIV6, STM32H563VGT6, STM32H563VIT3Q, STM32H563VIT6, STM32H563ZGT6, STM32H563ZIT3Q, STM32H563ZIT6, STM32H573AII3Q, STM32H573AII6, STM32H573I-DK, STM32H573IIK3Q, STM32H573IIK6, STM32H573IIT3Q, STM32H573IIT6, STM32H573MIY3QTR, STM32H573RIT6, STM32H573RIV6, STM32H573VIT3Q, STM32H573VIT6, STM32H573ZIT3Q, STM32H573ZIT6, STM32H7R3A8I6, STM32H7R3I8K6, STM32H7R3I8T6, STM32H7R3L8H6, STM32H7R3L8H6H, STM32H7R3R8V6, STM32H7R3V8H6, STM32H7R3V8T6, STM32H7R3V8Y6TR, STM32H7R3Z8J6, STM32H7R3Z8T6, STM32H7R7A8I6, STM32H7R7I8K6, STM32H7R7I8T6, STM32H7R7L8H6, STM32H7R7L8H6H, STM32H7R7Z8J6, STM32H7S3A8I6, STM32H7S3I8K6, STM32H7S3I8T6, STM32H7S3L8H6, STM32H7S3L8H6H, STM32H7S3R8V6, STM32H7S3V8H6, STM32H7S3V8T6, STM32H7S3V8Y6TR, STM32H7S3Z8J6, STM32H7S3Z8T6, STM32H7S78-DK, STM32H7S7A8I6, STM32H7S7I8K6, STM32H7S7I8T6, STM32H7S7L8H6, STM32H7S7L8H6H, STM32H7S7Z8J6, STM32L4R5QGI6STR, STM32MP131AAE3, STM32MP131AAF3, STM32MP131AAG3, STM32MP131CAE3, STM32MP131CAF3, STM32MP131CAG3, STM32MP131DAE7, STM32MP131DAF7, STM32MP131DAG7, STM32MP131FAE7, STM32MP131FAF7, STM32MP131FAG7, STM32MP133AAE3, STM32MP133AAF3, STM32MP133AAG3, STM32MP133CAE3, STM32MP133CAF3, STM32MP133CAG3, STM32MP133DAE7, STM32MP133DAF7, STM32MP133DAG7, STM32MP133FAE7, STM32MP133FAF7, STM32MP133FAG7, STM32MP135AAE3, STM32MP135AAF3, STM32MP135AAG3, STM32MP135CAE3, STM32MP135CAF3, STM32MP135CAG3, STM32MP135DAE7, STM32MP135DAF7, STM32MP135DAG7, STM32MP135F-DK, STM32MP135FAE7, STM32MP135FAF7, STM32MP135FAF7T, STM32MP135FAF7U, STM32MP135FAG7, STM32MP211AAL3, STM32MP211AAM3, STM32MP211AAN3, STM32MP211AAO3, STM32MP211CAL3, STM32MP211CAM3, STM32MP211CAN3, STM32MP211CAO3, STM32MP211DAL3, STM32MP211DAM3, STM32MP211DAN3, STM32MP211DAO3, STM32MP211FAL3, STM32MP211FAM3, STM32MP211FAN3, STM32MP211FAO3, STM32MP213AAL3, STM32MP213AAM3, STM32MP213AAN3, STM32MP213AAO3, STM32MP213CAL3, STM32MP213CAM3, STM32MP213CAN3, STM32MP213CAO3, STM32MP213DAL3, STM32MP213DAM3, STM32MP213DAN3, STM32MP213DAO3, STM32MP213FAL3, STM32MP213FAM3, STM32MP213FAN3, STM32MP213FAO3, STM32MP215AAL3, STM32MP215AAM3, STM32MP215AAN3, STM32MP215AAO3, STM32MP215CAL3, STM32MP215CAM3, STM32MP215CAN3, STM32MP215CAO3, STM32MP215DAL3, STM32MP215DAM3, STM32MP215DAN3, STM32MP215DAO3, STM32MP215F-DK, STM32MP215FAL3, STM32MP215FAM3, STM32MP215FAN3, STM32MP215FAO3, STM32MP231AAJ3, STM32MP231AAK3, STM32MP231AAL3, STM32MP231CAJ3, STM32MP231CAK3, STM32MP231CAL3, STM32MP231DAJ3, STM32MP231DAK3, STM32MP231DAL3, STM32MP231FAJ3, STM32MP231FAK3, STM32MP231FAL3, STM32MP233AAJ3, STM32MP233AAK3, STM32MP233AAL3, STM32MP233CAJ3, STM32MP233CAK3, STM32MP233CAL3, STM32MP233DAJ3, STM32MP233DAK3, STM32MP233DAL3, STM32MP233FAJ3, STM32MP233FAK3, STM32MP233FAL3, STM32MP235AAJ3, STM32MP235AAK3, STM32MP235AAL3, STM32MP235CAJ3, STM32MP235CAK3, STM32MP235CAL3, STM32MP235DAJ3, STM32MP235DAK3, STM32MP235DAL3, STM32MP235FAJ3, STM32MP235FAK3, STM32MP235FAL3, STM32MP251AAI3, STM32MP251AAK3, STM32MP251AAL3, STM32MP251CAI3, STM32MP251CAK3, STM32MP251CAL3, STM32MP251DAI3, STM32MP251DAK3, STM32MP251DAL3, STM32MP251FAI3, STM32MP251FAK3, STM32MP251FAL3, STM32MP253AAI3, STM32MP253AAK3, STM32MP253AAL3, STM32MP253CAI3, STM32MP253CAK3, STM32MP253CAL3, STM32MP253DAI3, STM32MP253DAK3, STM32MP253DAL3, STM32MP253FAI3, STM32MP253FAK3, STM32MP253FAL3, STM32MP255AAI3, STM32MP255AAK3, STM32MP255AAL3, STM32MP255CAI3, STM32MP255CAK3, STM32MP255CAL3, STM32MP255DAI3, STM32MP255DAK3, STM32MP255DAL3, STM32MP255FAI3, STM32MP255FAK3, STM32MP255FAL3, STM32MP257AAI3, STM32MP257AAK3, STM32MP257AAL3, STM32MP257CAI3, STM32MP257CAK3, STM32MP257CAL3, STM32MP257DAI3, STM32MP257DAK3, STM32MP257DAL3, STM32MP257F-DK, STM32MP257F-EV1, STM32MP257FAI3, STM32MP257FAK3, STM32MP257FAL3, STM32N645A0H3Q, STM32N645B0H3Q, STM32N645I0H3Q, STM32N645L0H3Q, STM32N645X0H3Q, STM32N645Z0H3Q, STM32N647A0H3Q, STM32N647B0H3Q, STM32N647I0H3Q, STM32N647L0H3Q, STM32N647X0H3Q, STM32N647Z0H3Q, STM32N655A0H3Q, STM32N655B0H3Q, STM32N655I0H3Q, STM32N655L0H3Q, STM32N655X0H3Q, STM32N655Z0H3Q, STM32N6570-DK, STM32N657A0H3Q, STM32N657B0H3Q, STM32N657I0H3Q, STM32N657L0H3Q, STM32N657X0H3Q, STM32N657Z0H3Q, STM32U031C6T6, STM32U031C6U6, STM32U031C8T6, STM32U031C8U6, STM32U031F4P6, STM32U031F6P6, STM32U031F8P6, STM32U031G6Y6TR, STM32U031G8Y6TR, STM32U031K4U6, STM32U031K6U6, STM32U031K8U6, STM32U031R6I6, STM32U031R6T6, STM32U031R8I6, STM32U031R8T6, STM32U073C8T6, STM32U073C8U6, STM32U073CBT6, STM32U073CBU6, STM32U073CCT6, STM32U073CCU6, STM32U073H8Y6TR, STM32U073HBY6TR, STM32U073HCY6TR, STM32U073K8U6, STM32U073KBU6, STM32U073KCU6, STM32U073M8I6, STM32U073M8T6, STM32U073MBI6, STM32U073MBT6, STM32U073MCI6, STM32U073MCT6, STM32U073R8I6, STM32U073R8T6, STM32U073RBI6, STM32U073RBT6, STM32U073RCI6, STM32U073RCT6, STM32U083C-DK, STM32U083CCT6, STM32U083CCU6, STM32U083HCY6TR, STM32U083KCU6, STM32U083MCI6, STM32U083MCT6, STM32U083RCI6, STM32U083RCT6, STM32U375CET6, STM32U375CET6Q, STM32U375CEU6, STM32U375CEU6Q, STM32U375CEY6QTR, STM32U375CGT6, STM32U375CGT6Q, STM32U375CGU6, STM32U375CGU6Q, STM32U375CGY6QTR, STM32U375KEU6, STM32U375KGU6, STM32U375REI6, STM32U375REI6Q, STM32U375RET6, STM32U375RET6Q, STM32U375REY6GTR, STM32U375REY6QTR, STM32U375RGI6, STM32U375RGI6Q, STM32U375RGT6, STM32U375RGT6Q, STM32U375RGY6GTR, STM32U375RGY6QTR, STM32U375VEI6, STM32U375VEI6Q, STM32U375VET6, STM32U375VET6Q, STM32U375VGI6, STM32U375VGI6Q, STM32U375VGT6, STM32U375VGT6Q, STM32U385CGT6, STM32U385CGT6Q, STM32U385CGU6, STM32U385CGU6Q, STM32U385CGY6QTR, STM32U385KGU6, STM32U385RGI6, STM32U385RGI6Q, STM32U385RGT6, STM32U385RGT6Q, STM32U385RGY6GTR, STM32U385RGY6QTR, STM32U385VGI6, STM32U385VGI6Q, STM32U385VGT6, STM32U385VGT6Q, STM32U535CBT6, STM32U535CBT6Q, STM32U535CBU6, STM32U535CBU6Q, STM32U535CCT6, STM32U535CCT6Q, STM32U535CCU6, STM32U535CCU6Q, STM32U535CET6, STM32U535CET6Q, STM32U535CEU6, STM32U535CEU6Q, STM32U535JEY6QTR, STM32U535NCY6QTR, STM32U535NEY6QTR, STM32U535RBI6, STM32U535RBI6Q, STM32U535RBT6, STM32U535RBT6Q, STM32U535RCI6, STM32U535RCI6Q, STM32U535RCT6, STM32U535RCT6Q, STM32U535REI6, STM32U535REI6Q, STM32U535RET6, STM32U535RET6Q, STM32U535VCI6, STM32U535VCI6Q, STM32U535VCT6, STM32U535VCT6Q, STM32U535VEI6, STM32U535VEI6Q, STM32U535VET6, STM32U535VET6Q, STM32U545CET6, STM32U545CET6Q, STM32U545CEU6, STM32U545CEU6Q, STM32U545JEY6QTR, STM32U545NEY6QTR, STM32U545REI6, STM32U545REI6Q, STM32U545RET6, STM32U545RET6Q, STM32U545VEI6, STM32U545VEI6Q, STM32U545VET6, STM32U545VET6Q, STM32U595AIH6, STM32U595AIH6Q, STM32U595AJH6, STM32U595AJH6Q, STM32U595QII6, STM32U595QII6Q, STM32U595QJI6, STM32U595QJI6Q, STM32U595RIT6, STM32U595RIT6Q, STM32U595RJT6, STM32U595RJT6Q, STM32U595VIT6, STM32U595VIT6Q, STM32U595VJT6, STM32U595VJT6Q, STM32U595ZIT6, STM32U595ZIT6Q, STM32U595ZIY6QTR, STM32U595ZJT6, STM32U595ZJT6Q, STM32U595ZJY6QTR, STM32U599BJY6QTR, STM32U599NIH6Q, STM32U599NJH6Q, STM32U599VIT6Q, STM32U599VJT6, STM32U599VJT6Q, STM32U599ZIT6Q, STM32U599ZIY6QTR, STM32U599ZJT6Q, STM32U599ZJY6QTR, STM32U5A5AJH6, STM32U5A5AJH6Q, STM32U5A5QII3Q , STM32U5A5QJI6, STM32U5A5QJI6Q, STM32U5A5RJT6, STM32U5A5RJT6Q, STM32U5A5VJT6, STM32U5A5VJT6Q, STM32U5A5ZJT6, STM32U5A5ZJT6Q, STM32U5A5ZJY6QTR, STM32U5A9BJY6QTR, STM32U5A9J-DK, STM32U5A9NJH6Q, STM32U5A9VJT6Q, STM32U5A9ZJT6Q, STM32U5A9ZJY6QTR, STM32U5F7VIT6, STM32U5F7VIT6Q, STM32U5F7VJT6, STM32U5F7VJT6Q, STM32U5F9BJY6QTR, STM32U5F9NJH6Q, STM32U5F9VIT6Q, STM32U5F9VJT6Q, STM32U5F9ZIJ6QTR, STM32U5F9ZIT6Q, STM32U5F9ZJJ6QTR, STM32U5F9ZJT6Q, STM32U5G7VJT6, STM32U5G7VJT6Q, STM32U5G9BJY6QTR, STM32U5G9J-DK1, STM32U5G9J-DK2, STM32U5G9NJH6Q, STM32U5G9VJT6Q, STM32U5G9ZJJ6QTR, STM32U5G9ZJT6Q, STM32WB05KZV6TR, STM32WB05KZV7TR, STM32WB05TZF6TR, STM32WB05TZF7TR, STM32WB06CCF6TR, STM32WB06CCF7TR, STM32WB06CCV6TR, STM32WB06CCV7TR, STM32WB06KCV6TR, STM32WB06KCV7TR, STM32WB07CCF6TR, STM32WB07CCF7TR, STM32WB07CCV6TR, STM32WB07CCV7TR, STM32WB07KCV6TR, STM32WB07KCV7TR, STM32WB09KEV6TR, STM32WB09KEV7TR, STM32WB09TEF6TR, STM32WB09TEF7TR, STM32WB1MMCH6, STM32WBA50KGU6, STM32WBA50KGU6TR, STM32WBA52CEU6, STM32WBA52CEU6TR, STM32WBA52CEU7, STM32WBA52CEU7TR, STM32WBA52CGU6, STM32WBA52CGU6TR, STM32WBA52CGU6U, STM32WBA52CGU7, STM32WBA52CGU7TR, STM32WBA52KEU6, STM32WBA52KEU6TR, STM32WBA52KGU6, STM32WBA52KGU6TR, STM32WBA54CEU6, STM32WBA54CEU6TR, STM32WBA54CEU7, STM32WBA54CEU7TR, STM32WBA54CGU6, STM32WBA54CGU6TR, STM32WBA54CGU7, STM32WBA54CGU7TR, STM32WBA54KEU6, STM32WBA54KEU6TR, STM32WBA54KEU7, STM32WBA54KEU7TR, STM32WBA54KGU6, STM32WBA54KGU6TR, STM32WBA54KGU7, STM32WBA54KGU7TR, STM32WBA55CEU6, STM32WBA55CEU6TR, STM32WBA55CEU7, STM32WBA55CEU7TR, STM32WBA55CGU6, STM32WBA55CGU6TR, STM32WBA55CGU6U, STM32WBA55CGU7, STM32WBA55CGU7TR, STM32WBA55G-DK1, STM32WBA55HEF6, STM32WBA55HEF7, STM32WBA55HGF6, STM32WBA55HGF7, STM32WBA55UEI6, STM32WBA55UEI6TR, STM32WBA55UEI7, STM32WBA55UEI7TR, STM32WBA55UGI6, STM32WBA55UGI6TR, STM32WBA55UGI7, STM32WBA55UGI7TR, STM32WBA5MMGH6TR, STM32WBA62MGF6, STM32WBA62MIF6, STM32WBA65MGF7, STM32WBA65MIF6, STM32WBA65MIF7, STM32WL30K8V6, STM32WL30KBV6, STM32WL31C8V6, STM32WL31CBV6, STM32WL31K8V6, STM32WL31KBV6, STM32WL33C8V6, STM32WL33C8V6X, STM32WL33CBV6, STM32WL33CBV6X, STM32WL33CCV6, STM32WL33CCV6A, STM32WL33CCV6X, STM32WL33K8V7, STM32WL33K8V7X, STM32WL33KBV7 , STM32WL33KBV7X, STM32WL33KCV7, STM32WL33KCV7X, STM32WL5MOCH6, STM32WL5MOCH6TR]
2025-07-19 23:40:29,043 [INFO] BoardInfo:889 - No configuration file found for board P-NUCLEO-WB55
2025-07-19 23:40:29,044 [INFO] DbBoards:161 - Kit is not supported: P-NUCLEO-WB55
2025-07-19 23:40:29,048 [INFO] BoardInfo:889 - No configuration file found for board STEVAL-BFA001V1B
2025-07-19 23:40:29,050 [INFO] DbBoards:161 - Kit is not supported: STEVAL-BFA001V1B
2025-07-19 23:40:29,051 [INFO] BoardInfo:889 - No configuration file found for board STEVAL-BFA001V2B
2025-07-19 23:40:29,052 [INFO] DbBoards:161 - Kit is not supported: STEVAL-BFA001V2B
2025-07-19 23:40:29,215 [INFO] DbBoards:168 - Found 212 boards, 209 are supported
2025-07-19 23:40:29,215 [INFO] DbBoards:169 - Found 212 boards, 43 of them is supported for  Bsp
2025-07-19 23:40:29,217 [INFO] ApiDb:423 - Load user favorites file C:\Users\sumey/.stm32cubeide/favorites.boards.txt: 0 item(s)
2025-07-19 23:40:29,217 [INFO] ApiDb:427 - User favorites Boards=[]
2025-07-19 23:40:29,217 [INFO] DbBoards:198 - Set 0 / 0 favorites Boards
2025-07-19 23:40:29,217 [INFO] McuFinderGlobals:76 - Set McuFinderConnectedMode to true
2025-07-19 23:40:29,222 [INFO] MultiScanPanel:200 - Auto-refresh data requested => check proxy status ongoing
2025-07-19 23:40:29,225 [INFO] FinderPluginLoader:96 - Searching for filters in installed packs
2025-07-19 23:40:29,634 [ERROR] LogOutputStream:75 - [STDERR_REDIRECT] [Fatal Error] :1:1: Premature end of file.
2025-07-19 23:40:29,634 [ERROR] LogOutputStream:75 - [STDERR_REDIRECT] 
2025-07-19 23:40:30,310 [INFO] LoadUrlFilesThread:185 - End of LoadServerUrlFiles without Thread
2025-07-19 23:40:30,401 [INFO] DetailPanel:341 - Set advertising image to C:/Users/sumey/STM32Cube/Repository/\en.2400x1350px.jpeg
2025-07-19 23:40:30,631 [ERROR] LogOutputStream:75 - [STDERR_REDIRECT] [Fatal Error] :1:1: Premature end of file.
2025-07-19 23:40:30,631 [ERROR] LogOutputStream:75 - [STDERR_REDIRECT] 
2025-07-19 23:40:31,661 [ERROR] LogOutputStream:75 - [STDERR_REDIRECT] [Fatal Error] :1:1: Premature end of file.
2025-07-19 23:40:31,661 [ERROR] LogOutputStream:75 - [STDERR_REDIRECT] 
2025-07-19 23:40:32,620 [ERROR] LogOutputStream:75 - [STDERR_REDIRECT] [Fatal Error] :1:1: Premature end of file.
2025-07-19 23:40:32,620 [ERROR] LogOutputStream:75 - [STDERR_REDIRECT] 
2025-07-19 23:40:33,617 [ERROR] LogOutputStream:75 - [STDERR_REDIRECT] [Fatal Error] :1:1: Premature end of file.
2025-07-19 23:40:33,618 [ERROR] LogOutputStream:75 - [STDERR_REDIRECT] 
2025-07-19 23:40:34,613 [ERROR] LogOutputStream:75 - [STDERR_REDIRECT] [Fatal Error] :1:1: Premature end of file.
2025-07-19 23:40:34,613 [ERROR] LogOutputStream:75 - [STDERR_REDIRECT] 
2025-07-19 23:40:35,553 [INFO] MultiScanPanel:200 - Auto-refresh data requested => check proxy status ongoing
2025-07-19 23:40:35,620 [ERROR] LogOutputStream:75 - [STDERR_REDIRECT] [Fatal Error] :1:1: Premature end of file.
2025-07-19 23:40:35,620 [ERROR] LogOutputStream:75 - [STDERR_REDIRECT] 
2025-07-19 23:40:35,641 [INFO] LoadUrlFilesThread:185 - End of LoadServerUrlFiles without Thread
2025-07-19 23:40:35,642 [INFO] DetailPanel:341 - Set advertising image to C:/Users/sumey/STM32Cube/Repository/\en.2400x1350px.jpeg
2025-07-19 23:40:35,651 [INFO] DbBoards:642 - Loading board mini-images...
2025-07-19 23:40:36,616 [ERROR] LogOutputStream:75 - [STDERR_REDIRECT] [Fatal Error] :1:1: Premature end of file.
2025-07-19 23:40:36,616 [ERROR] LogOutputStream:75 - [STDERR_REDIRECT] 
2025-07-19 23:40:36,920 [ERROR] DbBoards:659 - Image file not found for board STM32MP215F-DK: C:\Users\sumey\.stmcufinder\plugins\mcufinder//mcu//boards_images/STM32MP215F-DK.jpg
2025-07-19 23:40:36,995 [INFO] DbBoards:665 - Loaded 211 board mini-images
2025-07-19 23:40:37,628 [ERROR] LogOutputStream:75 - [STDERR_REDIRECT] [Fatal Error] :1:1: Premature end of file.
2025-07-19 23:40:37,630 [ERROR] LogOutputStream:75 - [STDERR_REDIRECT] 
2025-07-19 23:40:38,620 [ERROR] LogOutputStream:75 - [STDERR_REDIRECT] [Fatal Error] :1:1: Premature end of file.
2025-07-19 23:40:38,620 [ERROR] LogOutputStream:75 - [STDERR_REDIRECT] 
2025-07-19 23:40:39,622 [ERROR] LogOutputStream:75 - [STDERR_REDIRECT] [Fatal Error] :1:1: Premature end of file.
2025-07-19 23:40:39,622 [ERROR] LogOutputStream:75 - [STDERR_REDIRECT] 
2025-07-19 23:40:40,624 [ERROR] LogOutputStream:75 - [STDERR_REDIRECT] [Fatal Error] :1:1: Premature end of file.
2025-07-19 23:40:40,624 [ERROR] LogOutputStream:75 - [STDERR_REDIRECT] 
2025-07-19 23:40:41,625 [ERROR] LogOutputStream:75 - [STDERR_REDIRECT] [Fatal Error] :1:1: Premature end of file.
2025-07-19 23:40:41,625 [ERROR] LogOutputStream:75 - [STDERR_REDIRECT] 
2025-07-19 23:40:42,621 [ERROR] LogOutputStream:75 - [STDERR_REDIRECT] [Fatal Error] :1:1: Premature end of file.
2025-07-19 23:40:42,622 [ERROR] LogOutputStream:75 - [STDERR_REDIRECT] 
2025-07-19 23:40:43,622 [ERROR] LogOutputStream:75 - [STDERR_REDIRECT] [Fatal Error] :1:1: Premature end of file.
2025-07-19 23:40:43,622 [ERROR] LogOutputStream:75 - [STDERR_REDIRECT] 
2025-07-19 23:40:44,630 [ERROR] LogOutputStream:75 - [STDERR_REDIRECT] [Fatal Error] :1:1: Premature end of file.
2025-07-19 23:40:44,630 [ERROR] LogOutputStream:75 - [STDERR_REDIRECT] 
2025-07-19 23:40:45,649 [ERROR] LogOutputStream:75 - [STDERR_REDIRECT] [Fatal Error] :1:1: Premature end of file.
2025-07-19 23:40:45,649 [ERROR] LogOutputStream:75 - [STDERR_REDIRECT] 
2025-07-19 23:40:46,628 [ERROR] LogOutputStream:75 - [STDERR_REDIRECT] [Fatal Error] :1:1: Premature end of file.
2025-07-19 23:40:46,628 [ERROR] LogOutputStream:75 - [STDERR_REDIRECT] 
2025-07-19 23:40:47,628 [ERROR] LogOutputStream:75 - [STDERR_REDIRECT] [Fatal Error] :1:1: Premature end of file.
2025-07-19 23:40:47,628 [ERROR] LogOutputStream:75 - [STDERR_REDIRECT] 
2025-07-19 23:40:48,618 [ERROR] LogOutputStream:75 - [STDERR_REDIRECT] [Fatal Error] :1:1: Premature end of file.
2025-07-19 23:40:48,619 [ERROR] LogOutputStream:75 - [STDERR_REDIRECT] 
2025-07-19 23:40:49,618 [ERROR] LogOutputStream:75 - [STDERR_REDIRECT] [Fatal Error] :1:1: Premature end of file.
2025-07-19 23:40:49,618 [ERROR] LogOutputStream:75 - [STDERR_REDIRECT] 
2025-07-19 23:40:50,615 [ERROR] LogOutputStream:75 - [STDERR_REDIRECT] [Fatal Error] :1:1: Premature end of file.
2025-07-19 23:40:50,616 [ERROR] LogOutputStream:75 - [STDERR_REDIRECT] 
2025-07-19 23:40:51,631 [ERROR] LogOutputStream:75 - [STDERR_REDIRECT] [Fatal Error] :1:1: Premature end of file.
2025-07-19 23:40:51,631 [ERROR] LogOutputStream:75 - [STDERR_REDIRECT] 
2025-07-19 23:40:52,633 [ERROR] LogOutputStream:75 - [STDERR_REDIRECT] [Fatal Error] :1:1: Premature end of file.
2025-07-19 23:40:52,633 [ERROR] LogOutputStream:75 - [STDERR_REDIRECT] 
2025-07-19 23:40:53,631 [ERROR] LogOutputStream:75 - [STDERR_REDIRECT] [Fatal Error] :1:1: Premature end of file.
2025-07-19 23:40:53,631 [ERROR] LogOutputStream:75 - [STDERR_REDIRECT] 
2025-07-19 23:40:54,617 [ERROR] LogOutputStream:75 - [STDERR_REDIRECT] [Fatal Error] :1:1: Premature end of file.
2025-07-19 23:40:54,617 [ERROR] LogOutputStream:75 - [STDERR_REDIRECT] 
2025-07-19 23:40:55,622 [ERROR] LogOutputStream:75 - [STDERR_REDIRECT] [Fatal Error] :1:1: Premature end of file.
2025-07-19 23:40:55,622 [ERROR] LogOutputStream:75 - [STDERR_REDIRECT] 
2025-07-19 23:40:56,618 [ERROR] LogOutputStream:75 - [STDERR_REDIRECT] [Fatal Error] :1:1: Premature end of file.
2025-07-19 23:40:56,618 [ERROR] LogOutputStream:75 - [STDERR_REDIRECT] 
2025-07-19 23:40:57,616 [ERROR] LogOutputStream:75 - [STDERR_REDIRECT] [Fatal Error] :1:1: Premature end of file.
2025-07-19 23:40:57,617 [ERROR] LogOutputStream:75 - [STDERR_REDIRECT] 
2025-07-19 23:40:58,626 [ERROR] LogOutputStream:75 - [STDERR_REDIRECT] [Fatal Error] :1:1: Premature end of file.
2025-07-19 23:40:58,626 [ERROR] LogOutputStream:75 - [STDERR_REDIRECT] 
2025-07-19 23:40:59,636 [ERROR] LogOutputStream:75 - [STDERR_REDIRECT] [Fatal Error] :1:1: Premature end of file.
2025-07-19 23:40:59,637 [ERROR] LogOutputStream:75 - [STDERR_REDIRECT] 
2025-07-19 23:41:00,621 [ERROR] LogOutputStream:75 - [STDERR_REDIRECT] [Fatal Error] :1:1: Premature end of file.
2025-07-19 23:41:00,621 [ERROR] LogOutputStream:75 - [STDERR_REDIRECT] 
2025-07-19 23:41:01,621 [ERROR] LogOutputStream:75 - [STDERR_REDIRECT] [Fatal Error] :1:1: Premature end of file.
2025-07-19 23:41:01,621 [ERROR] LogOutputStream:75 - [STDERR_REDIRECT] 
2025-07-19 23:41:02,505 [INFO] McuResultTable:1403 - Mark MCU STM32F103C6T6A as favorite
2025-07-19 23:41:02,623 [ERROR] LogOutputStream:75 - [STDERR_REDIRECT] [Fatal Error] :1:1: Premature end of file.
2025-07-19 23:41:02,623 [ERROR] LogOutputStream:75 - [STDERR_REDIRECT] 
2025-07-19 23:41:03,626 [ERROR] LogOutputStream:75 - [STDERR_REDIRECT] [Fatal Error] :1:1: Premature end of file.
2025-07-19 23:41:03,627 [ERROR] LogOutputStream:75 - [STDERR_REDIRECT] 
2025-07-19 23:41:04,622 [ERROR] LogOutputStream:75 - [STDERR_REDIRECT] [Fatal Error] :1:1: Premature end of file.
2025-07-19 23:41:04,622 [ERROR] LogOutputStream:75 - [STDERR_REDIRECT] 
2025-07-19 23:41:05,621 [ERROR] LogOutputStream:75 - [STDERR_REDIRECT] [Fatal Error] :1:1: Premature end of file.
2025-07-19 23:41:05,621 [ERROR] LogOutputStream:75 - [STDERR_REDIRECT] 
2025-07-19 23:41:06,629 [ERROR] LogOutputStream:75 - [STDERR_REDIRECT] [Fatal Error] :1:1: Premature end of file.
2025-07-19 23:41:06,629 [ERROR] LogOutputStream:75 - [STDERR_REDIRECT] 
2025-07-19 23:41:07,634 [ERROR] LogOutputStream:75 - [STDERR_REDIRECT] [Fatal Error] :1:1: Premature end of file.
2025-07-19 23:41:07,634 [ERROR] LogOutputStream:75 - [STDERR_REDIRECT] 
2025-07-19 23:41:08,614 [ERROR] LogOutputStream:75 - [STDERR_REDIRECT] [Fatal Error] :1:1: Premature end of file.
2025-07-19 23:41:08,614 [ERROR] LogOutputStream:75 - [STDERR_REDIRECT] 
2025-07-19 23:41:09,629 [ERROR] LogOutputStream:75 - [STDERR_REDIRECT] [Fatal Error] :1:1: Premature end of file.
2025-07-19 23:41:09,629 [ERROR] LogOutputStream:75 - [STDERR_REDIRECT] 
2025-07-19 23:41:10,618 [ERROR] LogOutputStream:75 - [STDERR_REDIRECT] [Fatal Error] :1:1: Premature end of file.
2025-07-19 23:41:10,618 [ERROR] LogOutputStream:75 - [STDERR_REDIRECT] 
2025-07-19 23:41:11,625 [ERROR] LogOutputStream:75 - [STDERR_REDIRECT] [Fatal Error] :1:1: Premature end of file.
2025-07-19 23:41:11,625 [ERROR] LogOutputStream:75 - [STDERR_REDIRECT] 
2025-07-19 23:41:12,625 [ERROR] LogOutputStream:75 - [STDERR_REDIRECT] [Fatal Error] :1:1: Premature end of file.
2025-07-19 23:41:12,625 [ERROR] LogOutputStream:75 - [STDERR_REDIRECT] 
2025-07-19 23:41:13,622 [ERROR] LogOutputStream:75 - [STDERR_REDIRECT] [Fatal Error] :1:1: Premature end of file.
2025-07-19 23:41:13,622 [ERROR] LogOutputStream:75 - [STDERR_REDIRECT] 
2025-07-19 23:41:14,633 [ERROR] LogOutputStream:75 - [STDERR_REDIRECT] [Fatal Error] :1:1: Premature end of file.
2025-07-19 23:41:14,633 [ERROR] LogOutputStream:75 - [STDERR_REDIRECT] 
2025-07-19 23:41:15,626 [ERROR] LogOutputStream:75 - [STDERR_REDIRECT] [Fatal Error] :1:1: Premature end of file.
2025-07-19 23:41:15,627 [ERROR] LogOutputStream:75 - [STDERR_REDIRECT] 
2025-07-19 23:41:16,614 [ERROR] LogOutputStream:75 - [STDERR_REDIRECT] [Fatal Error] :1:1: Premature end of file.
2025-07-19 23:41:16,614 [ERROR] LogOutputStream:75 - [STDERR_REDIRECT] 
2025-07-19 23:41:17,624 [ERROR] LogOutputStream:75 - [STDERR_REDIRECT] [Fatal Error] :1:1: Premature end of file.
2025-07-19 23:41:17,624 [ERROR] LogOutputStream:75 - [STDERR_REDIRECT] 
2025-07-19 23:41:18,618 [ERROR] LogOutputStream:75 - [STDERR_REDIRECT] [Fatal Error] :1:1: Premature end of file.
2025-07-19 23:41:18,618 [ERROR] LogOutputStream:75 - [STDERR_REDIRECT] 
2025-07-19 23:41:19,618 [ERROR] LogOutputStream:75 - [STDERR_REDIRECT] [Fatal Error] :1:1: Premature end of file.
2025-07-19 23:41:19,618 [ERROR] LogOutputStream:75 - [STDERR_REDIRECT] 
2025-07-19 23:41:20,615 [ERROR] LogOutputStream:75 - [STDERR_REDIRECT] [Fatal Error] :1:1: Premature end of file.
2025-07-19 23:41:20,615 [ERROR] LogOutputStream:75 - [STDERR_REDIRECT] 
2025-07-19 23:41:21,618 [ERROR] LogOutputStream:75 - [STDERR_REDIRECT] [Fatal Error] :1:1: Premature end of file.
2025-07-19 23:41:21,618 [ERROR] LogOutputStream:75 - [STDERR_REDIRECT] 
2025-07-19 23:41:22,638 [ERROR] LogOutputStream:75 - [STDERR_REDIRECT] [Fatal Error] :1:1: Premature end of file.
2025-07-19 23:41:22,638 [ERROR] LogOutputStream:75 - [STDERR_REDIRECT] 
2025-07-19 23:41:23,626 [ERROR] LogOutputStream:75 - [STDERR_REDIRECT] [Fatal Error] :1:1: Premature end of file.
2025-07-19 23:41:23,626 [ERROR] LogOutputStream:75 - [STDERR_REDIRECT] 
2025-07-19 23:41:24,626 [ERROR] LogOutputStream:75 - [STDERR_REDIRECT] [Fatal Error] :1:1: Premature end of file.
2025-07-19 23:41:24,626 [ERROR] LogOutputStream:75 - [STDERR_REDIRECT] 
2025-07-19 23:41:25,653 [ERROR] LogOutputStream:75 - [STDERR_REDIRECT] [Fatal Error] :1:1: Premature end of file.
2025-07-19 23:41:25,654 [ERROR] LogOutputStream:75 - [STDERR_REDIRECT] 
2025-07-19 23:41:26,615 [ERROR] LogOutputStream:75 - [STDERR_REDIRECT] [Fatal Error] :1:1: Premature end of file.
2025-07-19 23:41:26,615 [ERROR] LogOutputStream:75 - [STDERR_REDIRECT] 
2025-07-19 23:41:27,620 [ERROR] LogOutputStream:75 - [STDERR_REDIRECT] [Fatal Error] :1:1: Premature end of file.
2025-07-19 23:41:27,621 [ERROR] LogOutputStream:75 - [STDERR_REDIRECT] 
2025-07-19 23:41:28,616 [ERROR] LogOutputStream:75 - [STDERR_REDIRECT] [Fatal Error] :1:1: Premature end of file.
2025-07-19 23:41:28,617 [ERROR] LogOutputStream:75 - [STDERR_REDIRECT] 
2025-07-19 23:41:29,618 [ERROR] LogOutputStream:75 - [STDERR_REDIRECT] [Fatal Error] :1:1: Premature end of file.
2025-07-19 23:41:29,619 [ERROR] LogOutputStream:75 - [STDERR_REDIRECT] 
2025-07-19 23:41:30,618 [ERROR] LogOutputStream:75 - [STDERR_REDIRECT] [Fatal Error] :1:1: Premature end of file.
2025-07-19 23:41:30,618 [ERROR] LogOutputStream:75 - [STDERR_REDIRECT] 
2025-07-19 23:41:31,641 [ERROR] LogOutputStream:75 - [STDERR_REDIRECT] [Fatal Error] :1:1: Premature end of file.
2025-07-19 23:41:31,641 [ERROR] LogOutputStream:75 - [STDERR_REDIRECT] 
2025-07-19 23:41:32,250 [INFO] MainUpdater:2872 - connection check result : 10
2025-07-19 23:41:32,250 [INFO] MainUpdater:2872 - connection check result : 10
2025-07-19 23:41:32,262 [INFO] MicroXplorer:468 - Change Database Path : 
2025-07-19 23:41:32,262 [INFO] MicroXplorer:498 - Change Database Version : DB.6.0.150
2025-07-19 23:41:32,268 [WARN] ThirdParty:871 - waiting for thirdparty lock release [close project]
2025-07-19 23:41:32,268 [INFO] ThirdParty:873 - entering critical section [close project]
2025-07-19 23:41:32,270 [INFO] ThirdParty:883 - exiting critical section [close project]
2025-07-19 23:41:32,271 [INFO] PinOutPanel:1589 - setPackage(No Configuration,No Configuration)
2025-07-19 23:41:32,272 [INFO] UtilMem:75 - Begin LoadConfig() Used Memory: 667236616 Bytes (990904320)
2025-07-19 23:41:32,274 [INFO] MicroXplorer:468 - Change Database Path : 
2025-07-19 23:41:32,275 [INFO] MicroXplorer:498 - Change Database Version : DB.6.0.150
2025-07-19 23:41:32,275 [INFO] OpenFileManager:355 - Change cursor
2025-07-19 23:41:32,331 [INFO] Mcu:2029 - Initializing MCU STM32F103C6Tx STM32F103C6Tx STM32F103C6T6A
2025-07-19 23:41:32,649 [ERROR] LogOutputStream:75 - [STDERR_REDIRECT] [Fatal Error] :1:1: Premature end of file.
2025-07-19 23:41:32,649 [ERROR] LogOutputStream:75 - [STDERR_REDIRECT] 
2025-07-19 23:41:33,049 [INFO] Context:786 - Trying to add GPIOservice into a context  which must be forbidden
2025-07-19 23:41:33,180 [INFO] ImportTextPane:234 - (OptionalMessage_ERROR) Unable to find key (Mcu.ThirdPartyNb) in loaded IOC file
2025-07-19 23:41:33,181 [INFO] ImportTextPane:234 - (OptionalMessage_ERROR) Unable to find key (Mcu.PinsNb) in loaded IOC file
2025-07-19 23:41:33,181 [INFO] ImportTextPane:234 - (OptionalMessage_ERROR) Pin0 (VP_RIF_VS_RIF1) cannot be retrieved for this MCU
2025-07-19 23:41:33,181 [INFO] ImportTextPane:234 - (OptionalMessage_ERROR) Unable to find key (Mcu.IPNb) in loaded IOC file
2025-07-19 23:41:33,247 [INFO] RtosManager:558 - Registered RTOS mode: class=CMSIS, group=RTOS, mode=CMSIS_V1, owner=FREERTOS
2025-07-19 23:41:33,247 [INFO] RtosManager:558 - Registered RTOS mode: class=CMSIS, group=RTOS2, mode=CMSIS_V2, owner=FREERTOS
2025-07-19 23:41:33,247 [INFO] RtosManager:558 - Registered RTOS mode: class=RTOS, group=Core, mode=CMSIS_V1, owner=FREERTOS
2025-07-19 23:41:33,247 [INFO] RtosManager:558 - Registered RTOS mode: class=RTOS, group=Core, mode=CMSIS_V2, owner=FREERTOS
2025-07-19 23:41:33,247 [WARN] ModelIntegratedComponent:184 - Missing modes for component STMicroelectronics:FreeRTOS:0.0.1:STMicroelectronics:RTOS:FreeRTOS:Core:::10.2.0:
2025-07-19 23:41:33,267 [WARN] ModelIntegratedComponent:63 - No mode defined for component null
2025-07-19 23:41:33,267 [WARN] ModelIntegratedComponent:63 - No mode defined for component null
2025-07-19 23:41:33,267 [WARN] ModelIntegratedComponent:63 - No mode defined for component null
2025-07-19 23:41:33,267 [WARN] ModelIntegratedComponent:63 - No mode defined for component null
2025-07-19 23:41:33,268 [WARN] ModelIntegratedComponent:63 - No mode defined for component null
2025-07-19 23:41:33,268 [WARN] ModelIntegratedComponent:63 - No mode defined for component null
2025-07-19 23:41:33,268 [WARN] ModelIntegratedComponent:63 - No mode defined for component null
2025-07-19 23:41:33,268 [WARN] ModelIntegratedComponent:63 - No mode defined for component null
2025-07-19 23:41:33,268 [WARN] ModelIntegratedComponent:63 - No mode defined for component null
2025-07-19 23:41:33,268 [WARN] ModelIntegratedComponent:63 - No mode defined for component null
2025-07-19 23:41:33,268 [WARN] ModelIntegratedComponent:63 - No mode defined for component null
2025-07-19 23:41:33,268 [WARN] ModelIntegratedComponent:63 - No mode defined for component null
2025-07-19 23:41:33,268 [WARN] ModelIntegratedComponent:63 - No mode defined for component null
2025-07-19 23:41:33,268 [WARN] ModelIntegratedComponent:63 - No mode defined for component null
2025-07-19 23:41:33,268 [WARN] ModelIntegratedComponent:63 - No mode defined for component null
2025-07-19 23:41:33,268 [WARN] ModelIntegratedComponent:63 - No mode defined for component null
2025-07-19 23:41:33,268 [WARN] ModelIntegratedComponent:63 - No mode defined for component null
2025-07-19 23:41:33,268 [WARN] ModelIntegratedComponent:63 - No mode defined for component null
2025-07-19 23:41:33,268 [WARN] ModelIntegratedComponent:63 - No mode defined for component null
2025-07-19 23:41:33,268 [WARN] ModelIntegratedComponent:63 - No mode defined for component null
2025-07-19 23:41:33,268 [WARN] ModelIntegratedComponent:63 - No mode defined for component null
2025-07-19 23:41:33,268 [WARN] ModelIntegratedComponent:63 - No mode defined for component null
2025-07-19 23:41:33,268 [WARN] ModelIntegratedComponent:63 - No mode defined for component null
2025-07-19 23:41:33,268 [WARN] ModelIntegratedComponent:63 - No mode defined for component null
2025-07-19 23:41:33,268 [WARN] ModelIntegratedComponent:63 - No mode defined for component null
2025-07-19 23:41:33,268 [WARN] ModelIntegratedComponent:63 - No mode defined for component null
2025-07-19 23:41:33,268 [WARN] ModelIntegratedComponent:63 - No mode defined for component null
2025-07-19 23:41:33,268 [WARN] ModelIntegratedComponent:63 - No mode defined for component null
2025-07-19 23:41:33,270 [WARN] ModelIntegratedComponent:63 - No mode defined for component null
2025-07-19 23:41:33,270 [WARN] ModelIntegratedComponent:63 - No mode defined for component null
2025-07-19 23:41:33,270 [WARN] ModelIntegratedComponent:63 - No mode defined for component null
2025-07-19 23:41:33,270 [WARN] ModelIntegratedComponent:63 - No mode defined for component null
2025-07-19 23:41:33,270 [WARN] ModelIntegratedComponent:63 - No mode defined for component null
2025-07-19 23:41:33,270 [WARN] ModelIntegratedComponent:63 - No mode defined for component null
2025-07-19 23:41:33,270 [WARN] ModelIntegratedComponent:63 - No mode defined for component null
2025-07-19 23:41:33,270 [WARN] ModelPack:524 - Component already loaded: STMicroelectronics:HAL Drivers:0.0.0:STMicroelectronics:Device:STMicro_Driver:XSPI:HAL::0.0.1:HAL_XSPI
2025-07-19 23:41:33,335 [INFO] ThirdPartyModel:298 - Start build external matchings
2025-07-19 23:41:33,625 [ERROR] LogOutputStream:75 - [STDERR_REDIRECT] [Fatal Error] :1:1: Premature end of file.
2025-07-19 23:41:33,625 [ERROR] LogOutputStream:75 - [STDERR_REDIRECT] 
2025-07-19 23:41:33,674 [INFO] ThirdPartyModel:316 - End build external matchings
2025-07-19 23:41:33,805 [INFO] UtilMem:75 - End LoadConfig() Used Memory: 837346008 Bytes (1073741824)
2025-07-19 23:41:33,842 [WARN] ThirdParty:833 - waiting for thirdparty lock release [change project]
2025-07-19 23:41:33,843 [INFO] ThirdParty:835 - entering critical section [change project]
2025-07-19 23:41:33,843 [INFO] ThirdParty:1030 - CMSIS Pack Vendor :STMicroelectronics X-CUBE-PM33A1 1.0.0
2025-07-19 23:41:33,843 [INFO] ThirdParty:1030 - CMSIS Pack Vendor :STMicroelectronics USBPD 4.1
2025-07-19 23:41:33,843 [INFO] ThirdParty:1030 - CMSIS Pack Vendor :STMicroelectronics X-CUBE-AZRTOS-H7 3.3.0
2025-07-19 23:41:33,843 [INFO] ThirdParty:1030 - CMSIS Pack Vendor :STMicroelectronics X-CUBE-NFC9 1.0.0
2025-07-19 23:41:33,843 [INFO] ThirdParty:1030 - CMSIS Pack Vendor :wolfSSL I-CUBE-wolfSSL 5.8.0
2025-07-19 23:41:33,843 [INFO] ThirdParty:1030 - CMSIS Pack Vendor :STMicroelectronics USB_HOST 2.0.0
2025-07-19 23:41:33,843 [INFO] ThirdParty:1030 - CMSIS Pack Vendor :STMicroelectronics FP-SNS-MOTENVWB1 1.4.0
2025-07-19 23:41:33,843 [INFO] ThirdParty:1030 - CMSIS Pack Vendor :STMicroelectronics X-CUBE-AZRTOS-F4 1.1.0
2025-07-19 23:41:33,843 [INFO] ThirdParty:1030 - CMSIS Pack Vendor :STMicroelectronics LIBJPEG 8.0.0
2025-07-19 23:41:33,843 [INFO] ThirdParty:1030 - CMSIS Pack Vendor :STMicroelectronics FP-ATR-ASTRA1 2.0.2
2025-07-19 23:41:33,843 [INFO] ThirdParty:1030 - CMSIS Pack Vendor :STMicroelectronics X-CUBE-BLE1 7.1.0
2025-07-19 23:41:33,843 [INFO] ThirdParty:1030 - CMSIS Pack Vendor :STMicroelectronics X-CUBE-SMBUS 2.1.0
2025-07-19 23:41:33,843 [INFO] ThirdParty:1030 - CMSIS Pack Vendor :wolfSSL I-CUBE-wolfMQTT 1.19.2
2025-07-19 23:41:33,843 [INFO] ThirdParty:1030 - CMSIS Pack Vendor :STMicroelectronics USB_DEVICE 3.0.0
2025-07-19 23:41:33,843 [INFO] ThirdParty:1030 - CMSIS Pack Vendor :STMicroelectronics X-CUBE-ISPU 2.1.0
2025-07-19 23:41:33,843 [INFO] ThirdParty:1030 - CMSIS Pack Vendor :STMicroelectronics X-CUBE-EEPRMA1 5.2.0
2025-07-19 23:41:33,843 [INFO] ThirdParty:1030 - CMSIS Pack Vendor :STMicroelectronics X-CUBE-BLEMGR 4.1.0
2025-07-19 23:41:33,843 [INFO] ThirdParty:1030 - CMSIS Pack Vendor :STMicroelectronics X-CUBE-AZRTOS-WB 2.0.0
2025-07-19 23:41:33,844 [INFO] ThirdParty:1030 - CMSIS Pack Vendor :STMicroelectronics X-CUBE-ST60 1.0.0
2025-07-19 23:41:33,844 [INFO] ThirdParty:1030 - CMSIS Pack Vendor :STMicroelectronics X-CUBE-GNSS1 7.0.1
2025-07-19 23:41:33,844 [INFO] ThirdParty:1030 - CMSIS Pack Vendor :STMicroelectronics X-CUBE-NFC12 1.0.0
2025-07-19 23:41:33,844 [INFO] ThirdParty:1030 - CMSIS Pack Vendor :STMicroelectronics X-CUBE-AZRTOS-F7 1.1.0
2025-07-19 23:41:33,844 [INFO] ThirdParty:1030 - CMSIS Pack Vendor :STMicroelectronics X-CUBE-AZRTOS-L5 2.0.0
2025-07-19 23:41:33,844 [INFO] ThirdParty:1030 - CMSIS Pack Vendor :STMicroelectronics X-CUBE-TOUCHGFX 4.25.0
2025-07-19 23:41:33,844 [INFO] ThirdParty:1030 - CMSIS Pack Vendor :STMicroelectronics USB_DEVICE 2.0.0
2025-07-19 23:41:33,844 [INFO] ThirdParty:1030 - CMSIS Pack Vendor :STMicroelectronics X-CUBE-NFC6 3.1.0
2025-07-19 23:41:33,844 [INFO] ThirdParty:1030 - CMSIS Pack Vendor :STMicroelectronics X-CUBE-AI 10.1.0
2025-07-19 23:41:33,844 [INFO] ThirdParty:1030 - CMSIS Pack Vendor :STMicroelectronics FP-SNS-STBOX1 2.0.0
2025-07-19 23:41:33,844 [INFO] ThirdParty:1030 - CMSIS Pack Vendor :STMicroelectronics FreeRTOS 0.0.1
2025-07-19 23:41:33,844 [INFO] ThirdParty:1030 - CMSIS Pack Vendor :STMicroelectronics X-CUBE-AZRTOS-G0 1.1.0
2025-07-19 23:41:33,844 [INFO] ThirdParty:1030 - CMSIS Pack Vendor :STMicroelectronics X-CUBE-SAFEA1 1.2.2
2025-07-19 23:41:33,844 [INFO] ThirdParty:1030 - CMSIS Pack Vendor :STMicroelectronics X-CUBE-NFC4 3.0.0
2025-07-19 23:41:33,844 [INFO] ThirdParty:1030 - CMSIS Pack Vendor :STMicroelectronics X-CUBE-SUBG2 5.0.0
2025-07-19 23:41:33,844 [INFO] ThirdParty:1030 - CMSIS Pack Vendor :STMicroelectronics X-CUBE-AZRTOS-H7RS 1.1.0
2025-07-19 23:41:33,844 [INFO] ThirdParty:1030 - CMSIS Pack Vendor :STMicroelectronics STM32_WPAN 1.0.0
2025-07-19 23:41:33,844 [INFO] ThirdParty:1030 - CMSIS Pack Vendor :EmbeddedOffice I-CUBE-FS-RTOS 1.0.1
2025-07-19 23:41:33,844 [INFO] ThirdParty:1030 - CMSIS Pack Vendor :STMicroelectronics lwIP 2.0.3
2025-07-19 23:41:33,844 [INFO] ThirdParty:1030 - CMSIS Pack Vendor :Cesanta I-CUBE-Mongoose 7.13.0
2025-07-19 23:41:33,844 [INFO] ThirdParty:1030 - CMSIS Pack Vendor :STMicroelectronics USB_HOST 1.0.0
2025-07-19 23:41:33,844 [INFO] ThirdParty:1030 - CMSIS Pack Vendor :Infineon AIROC-Wi-Fi-Bluetooth-STM32 1.7.0
2025-07-19 23:41:33,844 [INFO] ThirdParty:1030 - CMSIS Pack Vendor :STMicroelectronics X-CUBE-AZRTOS-G4 2.0.0
2025-07-19 23:41:33,844 [INFO] ThirdParty:1030 - CMSIS Pack Vendor :STMicroelectronics X-CUBE-WB05N 2.0.0
2025-07-19 23:41:33,845 [INFO] ThirdParty:1030 - CMSIS Pack Vendor :STMicroelectronics PDM2PCM 3.1.0
2025-07-19 23:41:33,845 [INFO] ThirdParty:1030 - CMSIS Pack Vendor :STMicroelectronics PDM2PCM 3.3.0
2025-07-19 23:41:33,845 [INFO] ThirdParty:1030 - CMSIS Pack Vendor :wolfSSL I-CUBE-wolfTPM 3.8.0
2025-07-19 23:41:33,845 [INFO] ThirdParty:1030 - CMSIS Pack Vendor :STMicroelectronics X-CUBE-AZRTOS-H7 3.4.0
2025-07-19 23:41:33,845 [INFO] ThirdParty:1030 - CMSIS Pack Vendor :STMicroelectronics X-CUBE-DISPLAY 3.0.0
2025-07-19 23:41:33,845 [INFO] ThirdParty:1030 - CMSIS Pack Vendor :wolfSSL I-CUBE-wolfSSH 1.4.20
2025-07-19 23:41:33,845 [INFO] ThirdParty:1030 - CMSIS Pack Vendor :STMicroelectronics X-CUBE-NFC7 2.0.0
2025-07-19 23:41:33,845 [INFO] ThirdParty:1030 - CMSIS Pack Vendor :STMicroelectronics X-CUBE-TCPP 4.2.0
2025-07-19 23:41:33,845 [INFO] ThirdParty:1030 - CMSIS Pack Vendor :RealThread X-CUBE-RT-Thread_Nano 4.1.1
2025-07-19 23:41:33,845 [INFO] ThirdParty:1030 - CMSIS Pack Vendor :STMicroelectronics FP-ATR-SIGFOX1 3.2.0
2025-07-19 23:41:33,845 [INFO] ThirdParty:1030 - CMSIS Pack Vendor :STMicroelectronics X-CUBE-NFC10 1.0.0
2025-07-19 23:41:33,845 [INFO] ThirdParty:1030 - CMSIS Pack Vendor :STMicroelectronics X-CUBE-BLEMGR 4.0.0
2025-07-19 23:41:33,845 [INFO] ThirdParty:1030 - CMSIS Pack Vendor :STMicroelectronics X-CUBE-EEPRMA1 5.1.0
2025-07-19 23:41:33,845 [INFO] ThirdParty:1030 - CMSIS Pack Vendor :STMicroelectronics X-CUBE-FREERTOS 1.3.1
2025-07-19 23:41:33,845 [INFO] ThirdParty:1030 - CMSIS Pack Vendor :STMicroelectronics HAL Drivers 0.0.0
2025-07-19 23:41:33,845 [INFO] ThirdParty:1030 - CMSIS Pack Vendor :STMicroelectronics MBEDTLS 2.16.2
2025-07-19 23:41:33,845 [INFO] ThirdParty:1030 - CMSIS Pack Vendor :STMicroelectronics X-CUBE-IPS 3.1.0
2025-07-19 23:41:33,845 [INFO] ThirdParty:1030 - CMSIS Pack Vendor :STMicroelectronics X-CUBE-ALS 1.0.2
2025-07-19 23:41:33,845 [INFO] ThirdParty:1030 - CMSIS Pack Vendor :emotas I-CUBE-CANOPEN 1.3.0
2025-07-19 23:41:33,845 [INFO] ThirdParty:1030 - CMSIS Pack Vendor :STMicroelectronics MBEDTLS 2.14.1
2025-07-19 23:41:33,845 [INFO] ThirdParty:1030 - CMSIS Pack Vendor :ITTIA_DB I-CUBE-ITTIADB 8.9.0
2025-07-19 23:41:33,845 [INFO] ThirdParty:1030 - CMSIS Pack Vendor :portGmbH I-Cube-SoM-uGOAL 1.1.0
2025-07-19 23:41:33,846 [INFO] ThirdParty:1030 - CMSIS Pack Vendor :quantropi X-CUBE-qispace-sdk-base 2.0.0
2025-07-19 23:41:33,846 [INFO] ThirdParty:1030 - CMSIS Pack Vendor :STMicroelectronics X-CUBE-ST67W61 1.0.0
2025-07-19 23:41:33,846 [INFO] ThirdParty:1030 - CMSIS Pack Vendor :STMicroelectronics FP-SNS-STAIOTCFT 1.0.0
2025-07-19 23:41:33,846 [INFO] ThirdParty:1030 - CMSIS Pack Vendor :STMicroelectronics ThreadX 1.0.0
2025-07-19 23:41:33,846 [INFO] ThirdParty:1030 - CMSIS Pack Vendor :STMicroelectronics FP-SNS-SMARTAG2 1.2.0
2025-07-19 23:41:33,846 [INFO] ThirdParty:1030 - CMSIS Pack Vendor :STMicroelectronics FP-SNS-FLIGHT1 5.1.0
2025-07-19 23:41:33,846 [INFO] ThirdParty:1030 - CMSIS Pack Vendor :STMicroelectronics X-CUBE-AZRTOS-WL 2.0.0
2025-07-19 23:41:33,846 [INFO] ThirdParty:1030 - CMSIS Pack Vendor :SEGGER I-CUBE-embOS 1.3.1
2025-07-19 23:41:33,846 [INFO] ThirdParty:1030 - CMSIS Pack Vendor :STMicroelectronics X-CUBE-ALGOBUILD 1.4.0
2025-07-19 23:41:33,846 [INFO] ThirdParty:1030 - CMSIS Pack Vendor :STMicroelectronics X-CUBE-DPower 1.3.0
2025-07-19 23:41:33,846 [INFO] ThirdParty:1030 - CMSIS Pack Vendor :STMicroelectronics X-CUBE-MEMS1 11.3.0
2025-07-19 23:41:33,846 [INFO] ThirdParty:1030 - CMSIS Pack Vendor :STMicroelectronics FP-SNS-MOTENV1 5.0.0
2025-07-19 23:41:33,846 [INFO] ThirdParty:1030 - CMSIS Pack Vendor :STMicroelectronics USB_DEVICE 1.0.0
2025-07-19 23:41:33,846 [INFO] ThirdParty:1030 - CMSIS Pack Vendor :STMicroelectronics X-CUBE-AZRTOS-L4 2.0.0
2025-07-19 23:41:33,846 [INFO] ThirdParty:1030 - CMSIS Pack Vendor :STMicroelectronics ThreadX 0.0.2
2025-07-19 23:41:33,846 [INFO] ThirdParty:1030 - CMSIS Pack Vendor :WES I-CUBE-Cesium 1.3.0
2025-07-19 23:41:33,846 [INFO] ThirdParty:1030 - CMSIS Pack Vendor :STMicroelectronics lwIP 2.1.2
2025-07-19 23:41:33,846 [INFO] ThirdParty:1030 - CMSIS Pack Vendor :STMicroelectronics X-CUBE-SFXS2LP1 4.0.0
2025-07-19 23:41:33,846 [INFO] ThirdParty:1030 - CMSIS Pack Vendor :STMicroelectronics X-CUBE-BLE2 3.3.0
2025-07-19 23:41:33,846 [INFO] ThirdParty:1030 - CMSIS Pack Vendor :STMicroelectronics X-CUBE-TOF1 3.4.3
2025-07-19 23:41:33,847 [INFO] ThirdParty:1030 - CMSIS Pack Vendor :STMicroelectronics PDM2PCM 3.2.0
2025-07-19 23:41:33,847 [INFO] ThirdParty:841 - exiting critical section [change project]
2025-07-19 23:41:33,981 [INFO] PinOutPanel:1589 - setPackage(No Configuration,No Configuration)
2025-07-19 23:41:33,982 [INFO] PinOutPanel:1589 - setPackage(STM32F103C6Tx,LQFP48)
2025-07-19 23:41:34,259 [INFO] UtilMem:75 - Before build in PCC Used Memory: 925744208 Bytes (1073741824)
2025-07-19 23:41:34,621 [ERROR] LogOutputStream:75 - [STDERR_REDIRECT] [Fatal Error] :1:1: Premature end of file.
2025-07-19 23:41:34,621 [ERROR] LogOutputStream:75 - [STDERR_REDIRECT] 
2025-07-19 23:41:34,967 [INFO] UtilMem:75 - After build in PCC Used Memory: 612082904 Bytes (1073741824)
2025-07-19 23:41:34,985 [INFO] IPUIPlugin:80 - create IPUIPlugin
2025-07-19 23:41:34,985 [INFO] IPUIPlugin:80 - create IPUIPlugin
2025-07-19 23:41:34,985 [INFO] IPUIPlugin:80 - create IPUIPlugin
2025-07-19 23:41:34,986 [INFO] IPUIPlugin:80 - create IPUIPlugin
2025-07-19 23:41:34,986 [INFO] IPUIPlugin:80 - create IPUIPlugin
2025-07-19 23:41:34,986 [INFO] IPUIPlugin:80 - create IPUIPlugin
2025-07-19 23:41:34,986 [INFO] IPUIPlugin:80 - create IPUIPlugin
2025-07-19 23:41:34,986 [INFO] IPUIPlugin:80 - create IPUIPlugin
2025-07-19 23:41:34,986 [INFO] IPUIPlugin:80 - create IPUIPlugin
2025-07-19 23:41:34,986 [INFO] IPUIPlugin:80 - create IPUIPlugin
2025-07-19 23:41:34,986 [INFO] IPUIPlugin:80 - create IPUIPlugin
2025-07-19 23:41:34,986 [INFO] IPUIPlugin:80 - create IPUIPlugin
2025-07-19 23:41:34,986 [INFO] IPUIPlugin:80 - create IPUIPlugin
2025-07-19 23:41:34,986 [INFO] IPUIPlugin:80 - create IPUIPlugin
2025-07-19 23:41:34,987 [INFO] IPUIPlugin:80 - create IPUIPlugin
2025-07-19 23:41:34,987 [INFO] IPUIPlugin:80 - create IPUIPlugin
2025-07-19 23:41:34,987 [INFO] IPUIPlugin:80 - create IPUIPlugin
2025-07-19 23:41:34,987 [INFO] IPUIPlugin:80 - create IPUIPlugin
2025-07-19 23:41:34,987 [INFO] IPUIPlugin:80 - create IPUIPlugin
2025-07-19 23:41:34,987 [INFO] IPUIPlugin:80 - create IPUIPlugin
2025-07-19 23:41:34,987 [INFO] IPUIPlugin:80 - create IPUIPlugin
2025-07-19 23:41:34,987 [INFO] IPUIPlugin:80 - create IPUIPlugin
2025-07-19 23:41:34,987 [INFO] IPUIPlugin:80 - create IPUIPlugin
2025-07-19 23:41:35,143 [INFO] CADModel:165 - CPN selected for project levelSTM32F103C6T6A
2025-07-19 23:41:35,144 [INFO] CADModel:114 - Register for checkConnection events
2025-07-19 23:41:35,189 [INFO] OpenFileManager:386 - Restore cursor
2025-07-19 23:41:35,623 [ERROR] LogOutputStream:75 - [STDERR_REDIRECT] [Fatal Error] :1:1: Premature end of file.
2025-07-19 23:41:35,623 [ERROR] LogOutputStream:75 - [STDERR_REDIRECT] 
2025-07-19 23:41:35,702 [INFO] UtilMem:75 - End SaveConfig() Used Memory: 933347152 Bytes (1073741824)
2025-07-19 23:41:35,734 [INFO] UtilMem:75 - End SaveConfig() Used Memory: 951430232 Bytes (1073741824)
2025-07-19 23:41:36,090 [INFO] BlockDiagram:2775 - set Specific Code input for plugin: NVIC
2025-07-19 23:41:36,091 [INFO] BlockDiagram:2775 - set Specific Code input for plugin: RCC
2025-07-19 23:41:36,092 [INFO] CodeGenerator:892 - code generatio: config db path: C:\ST\STM32CubeIDE_1.19.0\STM32CubeIDE\plugins\com.st.stm32cube.common.mx_6.15.0.202507011659\\db\
2025-07-19 23:41:36,158 [INFO] CodeEngine:265 - oldGeneratedFile, C:\Users\sumey\STM32CubeIDE\workspace_1.19.0\RegisterFirst\MXTmpFiles\license.tmp_save
2025-07-19 23:41:36,400 [INFO] CodeEngine:289 - Generated code: C:\Users\sumey\STM32CubeIDE\workspace_1.19.0\RegisterFirst\MXTmpFiles\license.tmp
2025-07-19 23:41:36,424 [INFO] CodeEngine:265 - oldGeneratedFile, C:\Users\sumey\STM32CubeIDE\workspace_1.19.0\RegisterFirst\Core\Src\stm32f1xx_it.c_save
2025-07-19 23:41:36,545 [INFO] CodeEngine:289 - Generated code: C:\Users\sumey\STM32CubeIDE\workspace_1.19.0\RegisterFirst\Core\Src\stm32f1xx_it.c
2025-07-19 23:41:36,549 [INFO] CodeEngine:265 - oldGeneratedFile, C:\Users\sumey\STM32CubeIDE\workspace_1.19.0\RegisterFirst\Core\Inc\stm32f1xx_it.h_save
2025-07-19 23:41:36,612 [INFO] CodeEngine:289 - Generated code: C:\Users\sumey\STM32CubeIDE\workspace_1.19.0\RegisterFirst\Core\Inc\stm32f1xx_it.h
2025-07-19 23:41:36,627 [ERROR] LogOutputStream:75 - [STDERR_REDIRECT] [Fatal Error] :1:1: Premature end of file.
2025-07-19 23:41:36,628 [ERROR] LogOutputStream:75 - [STDERR_REDIRECT] 
2025-07-19 23:41:36,826 [INFO] CodeEngine:265 - oldGeneratedFile, C:\Users\sumey\STM32CubeIDE\workspace_1.19.0\RegisterFirst\Core\Src\stm32f1xx_hal_msp.c_save
2025-07-19 23:41:36,918 [INFO] CodeEngine:289 - Generated code: C:\Users\sumey\STM32CubeIDE\workspace_1.19.0\RegisterFirst\Core\Src\stm32f1xx_hal_msp.c
2025-07-19 23:41:36,921 [INFO] CodeEngine:265 - oldGeneratedFile, C:\Users\sumey\STM32CubeIDE\workspace_1.19.0\RegisterFirst\MXTmpFiles\system.tmp_save
2025-07-19 23:41:36,974 [INFO] CodeEngine:289 - Generated code: C:\Users\sumey\STM32CubeIDE\workspace_1.19.0\RegisterFirst\MXTmpFiles\system.tmp
2025-07-19 23:41:36,980 [INFO] CodeEngine:321 - oldGeneratedFile, C:\Users\sumey\STM32CubeIDE\workspace_1.19.0\RegisterFirst\Core\Inc\stm32f1xx_hal_conf.h_save
2025-07-19 23:41:37,038 [INFO] CodeEngine:345 - Generated code: C:\Users\sumey\STM32CubeIDE\workspace_1.19.0\RegisterFirst\Core\Inc\stm32f1xx_hal_conf.h
2025-07-19 23:41:37,077 [INFO] ApiDbMcu:532 - Load IP Config File for RCC
2025-07-19 23:41:37,083 [INFO] CodeEngine:265 - oldGeneratedFile, C:\Users\sumey\STM32CubeIDE\workspace_1.19.0\RegisterFirst\Core\Inc\main.h_save
2025-07-19 23:41:37,149 [INFO] CodeEngine:289 - Generated code: C:\Users\sumey\STM32CubeIDE\workspace_1.19.0\RegisterFirst\Core\Inc\main.h
2025-07-19 23:41:37,151 [INFO] CodeEngine:265 - oldGeneratedFile, C:\Users\sumey\STM32CubeIDE\workspace_1.19.0\RegisterFirst\Core\Src\main.c_save
2025-07-19 23:41:37,248 [INFO] CodeEngine:289 - Generated code: C:\Users\sumey\STM32CubeIDE\workspace_1.19.0\RegisterFirst\Core\Src\main.c
2025-07-19 23:41:37,460 [INFO] ProjectBuilder:3606 - Time for Copy HAL[1] : 80mS.
2025-07-19 23:41:37,464 [INFO] ProjectBuilder:5216 - Project Generator version: 4.7.0-B52
2025-07-19 23:41:37,512 [INFO] ConfigFileManager:1595 - The Die is : DIE412
2025-07-19 23:41:37,525 [INFO] ApiDbMcu:532 - Load IP Config File for FATFS
2025-07-19 23:41:37,530 [INFO] ApiDbMcu:532 - Load IP Config File for FREERTOS
2025-07-19 23:41:37,535 [INFO] ApiDbMcu:532 - Load IP Config File for USB_DEVICE
2025-07-19 23:41:37,657 [ERROR] LogOutputStream:75 - [STDERR_REDIRECT] [Fatal Error] :1:1: Premature end of file.
2025-07-19 23:41:37,659 [ERROR] LogOutputStream:75 - [STDERR_REDIRECT] 
2025-07-19 23:41:37,814 [INFO] LogOutputStream:77 - [STDOUT_REDIRECT] 
2025-07-19 23:41:38,622 [ERROR] LogOutputStream:75 - [STDERR_REDIRECT] [Fatal Error] :1:1: Premature end of file.
2025-07-19 23:41:38,622 [ERROR] LogOutputStream:75 - [STDERR_REDIRECT] 
2025-07-19 23:41:39,625 [ERROR] LogOutputStream:75 - [STDERR_REDIRECT] [Fatal Error] :1:1: Premature end of file.
2025-07-19 23:41:39,626 [ERROR] LogOutputStream:75 - [STDERR_REDIRECT] 
2025-07-19 23:41:40,278 [INFO] ProjectBuilder:5496 - Time for Generating toolchain IDE Files: 2814mS.
2025-07-19 23:41:40,278 [INFO] ProjectBuilder:3463 - Time for Copy CMSIS : 0mS.
2025-07-19 23:41:40,280 [INFO] ProjectBuilder:3463 - Time for Copy CMSIS : 0mS.
2025-07-19 23:41:40,641 [ERROR] LogOutputStream:75 - [STDERR_REDIRECT] [Fatal Error] :1:1: Premature end of file.
2025-07-19 23:41:40,642 [ERROR] LogOutputStream:75 - [STDERR_REDIRECT] 
2025-07-19 23:41:41,296 [INFO] McuFinderGlobals:76 - Set McuFinderConnectedMode to true
2025-07-19 23:41:41,300 [INFO] ApiDb:448 - Save user favorites file C:\Users\sumey/.stm32cubeide/favorites.mcus.txt: 1 item(s)
2025-07-19 23:41:41,300 [INFO] ApiDb:452 - User favorites MCUs=[STM32F103C6T6A]
2025-07-19 23:41:41,303 [INFO] ApiDb:448 - Save user favorites file C:\Users\sumey/.stm32cubeide/favorites.boards.txt: 0 item(s)
2025-07-19 23:41:41,303 [INFO] ApiDb:452 - User favorites Boards=[]
2025-07-19 23:41:41,621 [ERROR] LogOutputStream:75 - [STDERR_REDIRECT] [Fatal Error] :1:1: Premature end of file.
2025-07-19 23:41:41,622 [ERROR] LogOutputStream:75 - [STDERR_REDIRECT] 
2025-07-19 23:41:42,620 [ERROR] LogOutputStream:75 - [STDERR_REDIRECT] [Fatal Error] :1:1: Premature end of file.
2025-07-19 23:41:42,620 [ERROR] LogOutputStream:75 - [STDERR_REDIRECT] 
2025-07-19 23:41:43,614 [ERROR] LogOutputStream:75 - [STDERR_REDIRECT] [Fatal Error] :1:1: Premature end of file.
2025-07-19 23:41:43,614 [ERROR] LogOutputStream:75 - [STDERR_REDIRECT] 
2025-07-19 23:41:44,624 [ERROR] LogOutputStream:75 - [STDERR_REDIRECT] [Fatal Error] :1:1: Premature end of file.
2025-07-19 23:41:44,624 [ERROR] LogOutputStream:75 - [STDERR_REDIRECT] 
2025-07-19 23:41:45,635 [ERROR] LogOutputStream:75 - [STDERR_REDIRECT] [Fatal Error] :1:1: Premature end of file.
2025-07-19 23:41:45,635 [ERROR] LogOutputStream:75 - [STDERR_REDIRECT] 
2025-07-19 23:41:46,627 [ERROR] LogOutputStream:75 - [STDERR_REDIRECT] [Fatal Error] :1:1: Premature end of file.
2025-07-19 23:41:46,627 [ERROR] LogOutputStream:75 - [STDERR_REDIRECT] 
2025-07-19 23:41:47,633 [ERROR] LogOutputStream:75 - [STDERR_REDIRECT] [Fatal Error] :1:1: Premature end of file.
2025-07-19 23:41:47,634 [ERROR] LogOutputStream:75 - [STDERR_REDIRECT] 
2025-07-19 23:41:48,678 [ERROR] LogOutputStream:75 - [STDERR_REDIRECT] [Fatal Error] :1:1: Premature end of file.
2025-07-19 23:41:48,678 [ERROR] LogOutputStream:75 - [STDERR_REDIRECT] 
2025-07-19 23:41:49,627 [ERROR] LogOutputStream:75 - [STDERR_REDIRECT] [Fatal Error] :1:1: Premature end of file.
2025-07-19 23:41:49,627 [ERROR] LogOutputStream:75 - [STDERR_REDIRECT] 
2025-07-19 23:41:50,619 [ERROR] LogOutputStream:75 - [STDERR_REDIRECT] [Fatal Error] :1:1: Premature end of file.
2025-07-19 23:41:50,620 [ERROR] LogOutputStream:75 - [STDERR_REDIRECT] 
2025-07-19 23:41:51,613 [ERROR] LogOutputStream:75 - [STDERR_REDIRECT] [Fatal Error] :1:1: Premature end of file.
2025-07-19 23:41:51,613 [ERROR] LogOutputStream:75 - [STDERR_REDIRECT] 
2025-07-19 23:41:52,618 [ERROR] LogOutputStream:75 - [STDERR_REDIRECT] [Fatal Error] :1:1: Premature end of file.
2025-07-19 23:41:52,618 [ERROR] LogOutputStream:75 - [STDERR_REDIRECT] 
2025-07-19 23:41:53,618 [ERROR] LogOutputStream:75 - [STDERR_REDIRECT] [Fatal Error] :1:1: Premature end of file.
2025-07-19 23:41:53,618 [ERROR] LogOutputStream:75 - [STDERR_REDIRECT] 
2025-07-19 23:41:54,618 [ERROR] LogOutputStream:75 - [STDERR_REDIRECT] [Fatal Error] :1:1: Premature end of file.
2025-07-19 23:41:54,618 [ERROR] LogOutputStream:75 - [STDERR_REDIRECT] 
2025-07-19 23:41:55,614 [ERROR] LogOutputStream:75 - [STDERR_REDIRECT] [Fatal Error] :1:1: Premature end of file.
2025-07-19 23:41:55,614 [ERROR] LogOutputStream:75 - [STDERR_REDIRECT] 
2025-07-19 23:41:56,627 [ERROR] LogOutputStream:75 - [STDERR_REDIRECT] [Fatal Error] :1:1: Premature end of file.
2025-07-19 23:41:56,627 [ERROR] LogOutputStream:75 - [STDERR_REDIRECT] 
2025-07-19 23:41:57,619 [ERROR] LogOutputStream:75 - [STDERR_REDIRECT] [Fatal Error] :1:1: Premature end of file.
2025-07-19 23:41:57,620 [ERROR] LogOutputStream:75 - [STDERR_REDIRECT] 
2025-07-19 23:41:58,621 [ERROR] LogOutputStream:75 - [STDERR_REDIRECT] [Fatal Error] :1:1: Premature end of file.
2025-07-19 23:41:58,622 [ERROR] LogOutputStream:75 - [STDERR_REDIRECT] 
2025-07-19 23:41:59,624 [ERROR] LogOutputStream:75 - [STDERR_REDIRECT] [Fatal Error] :1:1: Premature end of file.
2025-07-19 23:41:59,624 [ERROR] LogOutputStream:75 - [STDERR_REDIRECT] 
2025-07-19 23:42:00,630 [ERROR] LogOutputStream:75 - [STDERR_REDIRECT] [Fatal Error] :1:1: Premature end of file.
2025-07-19 23:42:00,630 [ERROR] LogOutputStream:75 - [STDERR_REDIRECT] 
2025-07-19 23:42:01,626 [ERROR] LogOutputStream:75 - [STDERR_REDIRECT] [Fatal Error] :1:1: Premature end of file.
2025-07-19 23:42:01,626 [ERROR] LogOutputStream:75 - [STDERR_REDIRECT] 
2025-07-19 23:42:02,658 [ERROR] LogOutputStream:75 - [STDERR_REDIRECT] [Fatal Error] :1:1: Premature end of file.
2025-07-19 23:42:02,658 [ERROR] LogOutputStream:75 - [STDERR_REDIRECT] 
2025-07-19 23:42:03,644 [ERROR] LogOutputStream:75 - [STDERR_REDIRECT] [Fatal Error] :1:1: Premature end of file.
2025-07-19 23:42:03,644 [ERROR] LogOutputStream:75 - [STDERR_REDIRECT] 
2025-07-19 23:42:04,624 [ERROR] LogOutputStream:75 - [STDERR_REDIRECT] [Fatal Error] :1:1: Premature end of file.
2025-07-19 23:42:04,625 [ERROR] LogOutputStream:75 - [STDERR_REDIRECT] 
2025-07-19 23:42:05,637 [ERROR] LogOutputStream:75 - [STDERR_REDIRECT] [Fatal Error] :1:1: Premature end of file.
2025-07-19 23:42:05,637 [ERROR] LogOutputStream:75 - [STDERR_REDIRECT] 
2025-07-19 23:42:06,619 [ERROR] LogOutputStream:75 - [STDERR_REDIRECT] [Fatal Error] :1:1: Premature end of file.
2025-07-19 23:42:06,619 [ERROR] LogOutputStream:75 - [STDERR_REDIRECT] 
2025-07-19 23:42:07,614 [ERROR] LogOutputStream:75 - [STDERR_REDIRECT] [Fatal Error] :1:1: Premature end of file.
2025-07-19 23:42:07,614 [ERROR] LogOutputStream:75 - [STDERR_REDIRECT] 
2025-07-19 23:42:08,645 [ERROR] LogOutputStream:75 - [STDERR_REDIRECT] [Fatal Error] :1:1: Premature end of file.
2025-07-19 23:42:08,646 [ERROR] LogOutputStream:75 - [STDERR_REDIRECT] 
2025-07-19 23:42:09,621 [ERROR] LogOutputStream:75 - [STDERR_REDIRECT] [Fatal Error] :1:1: Premature end of file.
2025-07-19 23:42:09,621 [ERROR] LogOutputStream:75 - [STDERR_REDIRECT] 
2025-07-19 23:42:10,616 [ERROR] LogOutputStream:75 - [STDERR_REDIRECT] [Fatal Error] :1:1: Premature end of file.
2025-07-19 23:42:10,616 [ERROR] LogOutputStream:75 - [STDERR_REDIRECT] 
2025-07-19 23:42:11,614 [ERROR] LogOutputStream:75 - [STDERR_REDIRECT] [Fatal Error] :1:1: Premature end of file.
2025-07-19 23:42:11,615 [ERROR] LogOutputStream:75 - [STDERR_REDIRECT] 
2025-07-19 23:42:12,624 [ERROR] LogOutputStream:75 - [STDERR_REDIRECT] [Fatal Error] :1:1: Premature end of file.
2025-07-19 23:42:12,624 [ERROR] LogOutputStream:75 - [STDERR_REDIRECT] 
2025-07-19 23:42:13,621 [ERROR] LogOutputStream:75 - [STDERR_REDIRECT] [Fatal Error] :1:1: Premature end of file.
2025-07-19 23:42:13,621 [ERROR] LogOutputStream:75 - [STDERR_REDIRECT] 
2025-07-19 23:42:14,627 [ERROR] LogOutputStream:75 - [STDERR_REDIRECT] [Fatal Error] :1:1: Premature end of file.
2025-07-19 23:42:14,627 [ERROR] LogOutputStream:75 - [STDERR_REDIRECT] 
2025-07-19 23:42:15,616 [ERROR] LogOutputStream:75 - [STDERR_REDIRECT] [Fatal Error] :1:1: Premature end of file.
2025-07-19 23:42:15,616 [ERROR] LogOutputStream:75 - [STDERR_REDIRECT] 
2025-07-19 23:42:16,618 [ERROR] LogOutputStream:75 - [STDERR_REDIRECT] [Fatal Error] :1:1: Premature end of file.
2025-07-19 23:42:16,618 [ERROR] LogOutputStream:75 - [STDERR_REDIRECT] 
2025-07-19 23:42:17,618 [ERROR] LogOutputStream:75 - [STDERR_REDIRECT] [Fatal Error] :1:1: Premature end of file.
2025-07-19 23:42:17,618 [ERROR] LogOutputStream:75 - [STDERR_REDIRECT] 
2025-07-19 23:42:18,627 [ERROR] LogOutputStream:75 - [STDERR_REDIRECT] [Fatal Error] :1:1: Premature end of file.
2025-07-19 23:42:18,627 [ERROR] LogOutputStream:75 - [STDERR_REDIRECT] 
2025-07-19 23:42:19,617 [ERROR] LogOutputStream:75 - [STDERR_REDIRECT] [Fatal Error] :1:1: Premature end of file.
2025-07-19 23:42:19,617 [ERROR] LogOutputStream:75 - [STDERR_REDIRECT] 
2025-07-19 23:42:20,625 [ERROR] LogOutputStream:75 - [STDERR_REDIRECT] [Fatal Error] :1:1: Premature end of file.
2025-07-19 23:42:20,625 [ERROR] LogOutputStream:75 - [STDERR_REDIRECT] 
2025-07-19 23:42:21,625 [ERROR] LogOutputStream:75 - [STDERR_REDIRECT] [Fatal Error] :1:1: Premature end of file.
2025-07-19 23:42:21,625 [ERROR] LogOutputStream:75 - [STDERR_REDIRECT] 
2025-07-19 23:42:22,626 [ERROR] LogOutputStream:75 - [STDERR_REDIRECT] [Fatal Error] :1:1: Premature end of file.
2025-07-19 23:42:22,626 [ERROR] LogOutputStream:75 - [STDERR_REDIRECT] 
2025-07-19 23:42:23,621 [ERROR] LogOutputStream:75 - [STDERR_REDIRECT] [Fatal Error] :1:1: Premature end of file.
2025-07-19 23:42:23,621 [ERROR] LogOutputStream:75 - [STDERR_REDIRECT] 
2025-07-19 23:42:24,615 [ERROR] LogOutputStream:75 - [STDERR_REDIRECT] [Fatal Error] :1:1: Premature end of file.
2025-07-19 23:42:24,615 [ERROR] LogOutputStream:75 - [STDERR_REDIRECT] 
2025-07-19 23:42:25,618 [ERROR] LogOutputStream:75 - [STDERR_REDIRECT] [Fatal Error] :1:1: Premature end of file.
2025-07-19 23:42:25,619 [ERROR] LogOutputStream:75 - [STDERR_REDIRECT] 
2025-07-19 23:42:26,616 [ERROR] LogOutputStream:75 - [STDERR_REDIRECT] [Fatal Error] :1:1: Premature end of file.
2025-07-19 23:42:26,616 [ERROR] LogOutputStream:75 - [STDERR_REDIRECT] 
2025-07-19 23:42:27,627 [ERROR] LogOutputStream:75 - [STDERR_REDIRECT] [Fatal Error] :1:1: Premature end of file.
2025-07-19 23:42:27,627 [ERROR] LogOutputStream:75 - [STDERR_REDIRECT] 
2025-07-19 23:42:28,625 [ERROR] LogOutputStream:75 - [STDERR_REDIRECT] [Fatal Error] :1:1: Premature end of file.
2025-07-19 23:42:28,626 [ERROR] LogOutputStream:75 - [STDERR_REDIRECT] 
2025-07-19 23:42:29,623 [ERROR] LogOutputStream:75 - [STDERR_REDIRECT] [Fatal Error] :1:1: Premature end of file.
2025-07-19 23:42:29,624 [ERROR] LogOutputStream:75 - [STDERR_REDIRECT] 
2025-07-19 23:42:30,624 [ERROR] LogOutputStream:75 - [STDERR_REDIRECT] [Fatal Error] :1:1: Premature end of file.
2025-07-19 23:42:30,624 [ERROR] LogOutputStream:75 - [STDERR_REDIRECT] 
2025-07-19 23:42:31,633 [ERROR] LogOutputStream:75 - [STDERR_REDIRECT] [Fatal Error] :1:1: Premature end of file.
2025-07-19 23:42:31,634 [ERROR] LogOutputStream:75 - [STDERR_REDIRECT] 
2025-07-19 23:42:32,621 [ERROR] LogOutputStream:75 - [STDERR_REDIRECT] [Fatal Error] :1:1: Premature end of file.
2025-07-19 23:42:32,621 [ERROR] LogOutputStream:75 - [STDERR_REDIRECT] 
2025-07-19 23:42:33,629 [ERROR] LogOutputStream:75 - [STDERR_REDIRECT] [Fatal Error] :1:1: Premature end of file.
2025-07-19 23:42:33,629 [ERROR] LogOutputStream:75 - [STDERR_REDIRECT] 
2025-07-19 23:42:34,627 [ERROR] LogOutputStream:75 - [STDERR_REDIRECT] [Fatal Error] :1:1: Premature end of file.
2025-07-19 23:42:34,627 [ERROR] LogOutputStream:75 - [STDERR_REDIRECT] 
2025-07-19 23:42:35,621 [ERROR] LogOutputStream:75 - [STDERR_REDIRECT] [Fatal Error] :1:1: Premature end of file.
2025-07-19 23:42:35,621 [ERROR] LogOutputStream:75 - [STDERR_REDIRECT] 
2025-07-19 23:42:36,625 [ERROR] LogOutputStream:75 - [STDERR_REDIRECT] [Fatal Error] :1:1: Premature end of file.
2025-07-19 23:42:36,625 [ERROR] LogOutputStream:75 - [STDERR_REDIRECT] 
2025-07-19 23:42:37,632 [ERROR] LogOutputStream:75 - [STDERR_REDIRECT] [Fatal Error] :1:1: Premature end of file.
2025-07-19 23:42:37,632 [ERROR] LogOutputStream:75 - [STDERR_REDIRECT] 
2025-07-19 23:42:38,614 [ERROR] LogOutputStream:75 - [STDERR_REDIRECT] [Fatal Error] :1:1: Premature end of file.
2025-07-19 23:42:38,614 [ERROR] LogOutputStream:75 - [STDERR_REDIRECT] 
2025-07-19 23:42:39,623 [ERROR] LogOutputStream:75 - [STDERR_REDIRECT] [Fatal Error] :1:1: Premature end of file.
2025-07-19 23:42:39,623 [ERROR] LogOutputStream:75 - [STDERR_REDIRECT] 
2025-07-19 23:42:40,626 [ERROR] LogOutputStream:75 - [STDERR_REDIRECT] [Fatal Error] :1:1: Premature end of file.
2025-07-19 23:42:40,626 [ERROR] LogOutputStream:75 - [STDERR_REDIRECT] 
2025-07-19 23:42:41,628 [ERROR] LogOutputStream:75 - [STDERR_REDIRECT] [Fatal Error] :1:1: Premature end of file.
2025-07-19 23:42:41,628 [ERROR] LogOutputStream:75 - [STDERR_REDIRECT] 
2025-07-19 23:42:42,618 [ERROR] LogOutputStream:75 - [STDERR_REDIRECT] [Fatal Error] :1:1: Premature end of file.
2025-07-19 23:42:42,619 [ERROR] LogOutputStream:75 - [STDERR_REDIRECT] 
2025-07-19 23:42:43,626 [ERROR] LogOutputStream:75 - [STDERR_REDIRECT] [Fatal Error] :1:1: Premature end of file.
2025-07-19 23:42:43,626 [ERROR] LogOutputStream:75 - [STDERR_REDIRECT] 
2025-07-19 23:42:44,627 [ERROR] LogOutputStream:75 - [STDERR_REDIRECT] [Fatal Error] :1:1: Premature end of file.
2025-07-19 23:42:44,627 [ERROR] LogOutputStream:75 - [STDERR_REDIRECT] 
2025-07-19 23:42:45,631 [ERROR] LogOutputStream:75 - [STDERR_REDIRECT] [Fatal Error] :1:1: Premature end of file.
2025-07-19 23:42:45,631 [ERROR] LogOutputStream:75 - [STDERR_REDIRECT] 
2025-07-19 23:42:46,629 [ERROR] LogOutputStream:75 - [STDERR_REDIRECT] [Fatal Error] :1:1: Premature end of file.
2025-07-19 23:42:46,629 [ERROR] LogOutputStream:75 - [STDERR_REDIRECT] 
2025-07-19 23:42:47,634 [ERROR] LogOutputStream:75 - [STDERR_REDIRECT] [Fatal Error] :1:1: Premature end of file.
2025-07-19 23:42:47,635 [ERROR] LogOutputStream:75 - [STDERR_REDIRECT] 
2025-07-19 23:42:48,636 [ERROR] LogOutputStream:75 - [STDERR_REDIRECT] [Fatal Error] :1:1: Premature end of file.
2025-07-19 23:42:48,636 [ERROR] LogOutputStream:75 - [STDERR_REDIRECT] 
2025-07-19 23:42:49,634 [ERROR] LogOutputStream:75 - [STDERR_REDIRECT] [Fatal Error] :1:1: Premature end of file.
2025-07-19 23:42:49,635 [ERROR] LogOutputStream:75 - [STDERR_REDIRECT] 
2025-07-19 23:42:50,628 [ERROR] LogOutputStream:75 - [STDERR_REDIRECT] [Fatal Error] :1:1: Premature end of file.
2025-07-19 23:42:50,628 [ERROR] LogOutputStream:75 - [STDERR_REDIRECT] 
2025-07-19 23:42:51,619 [ERROR] LogOutputStream:75 - [STDERR_REDIRECT] [Fatal Error] :1:1: Premature end of file.
2025-07-19 23:42:51,620 [ERROR] LogOutputStream:75 - [STDERR_REDIRECT] 
2025-07-19 23:42:52,618 [ERROR] LogOutputStream:75 - [STDERR_REDIRECT] [Fatal Error] :1:1: Premature end of file.
2025-07-19 23:42:52,622 [ERROR] LogOutputStream:75 - [STDERR_REDIRECT] 
2025-07-19 23:42:53,625 [ERROR] LogOutputStream:75 - [STDERR_REDIRECT] [Fatal Error] :1:1: Premature end of file.
2025-07-19 23:42:53,625 [ERROR] LogOutputStream:75 - [STDERR_REDIRECT] 
2025-07-19 23:42:54,617 [ERROR] LogOutputStream:75 - [STDERR_REDIRECT] [Fatal Error] :1:1: Premature end of file.
2025-07-19 23:42:54,617 [ERROR] LogOutputStream:75 - [STDERR_REDIRECT] 
2025-07-19 23:42:55,625 [ERROR] LogOutputStream:75 - [STDERR_REDIRECT] [Fatal Error] :1:1: Premature end of file.
2025-07-19 23:42:55,625 [ERROR] LogOutputStream:75 - [STDERR_REDIRECT] 
2025-07-19 23:42:56,619 [ERROR] LogOutputStream:75 - [STDERR_REDIRECT] [Fatal Error] :1:1: Premature end of file.
2025-07-19 23:42:56,619 [ERROR] LogOutputStream:75 - [STDERR_REDIRECT] 
2025-07-19 23:42:57,615 [ERROR] LogOutputStream:75 - [STDERR_REDIRECT] [Fatal Error] :1:1: Premature end of file.
2025-07-19 23:42:57,615 [ERROR] LogOutputStream:75 - [STDERR_REDIRECT] 
2025-07-19 23:42:58,629 [ERROR] LogOutputStream:75 - [STDERR_REDIRECT] [Fatal Error] :1:1: Premature end of file.
2025-07-19 23:42:58,629 [ERROR] LogOutputStream:75 - [STDERR_REDIRECT] 
2025-07-19 23:42:59,630 [ERROR] LogOutputStream:75 - [STDERR_REDIRECT] [Fatal Error] :1:1: Premature end of file.
2025-07-19 23:42:59,630 [ERROR] LogOutputStream:75 - [STDERR_REDIRECT] 
2025-07-19 23:43:00,616 [ERROR] LogOutputStream:75 - [STDERR_REDIRECT] [Fatal Error] :1:1: Premature end of file.
2025-07-19 23:43:00,616 [ERROR] LogOutputStream:75 - [STDERR_REDIRECT] 
2025-07-19 23:43:01,626 [ERROR] LogOutputStream:75 - [STDERR_REDIRECT] [Fatal Error] :1:1: Premature end of file.
2025-07-19 23:43:01,626 [ERROR] LogOutputStream:75 - [STDERR_REDIRECT] 
2025-07-19 23:43:02,630 [ERROR] LogOutputStream:75 - [STDERR_REDIRECT] [Fatal Error] :1:1: Premature end of file.
2025-07-19 23:43:02,630 [ERROR] LogOutputStream:75 - [STDERR_REDIRECT] 
2025-07-19 23:43:03,628 [ERROR] LogOutputStream:75 - [STDERR_REDIRECT] [Fatal Error] :1:1: Premature end of file.
2025-07-19 23:43:03,628 [ERROR] LogOutputStream:75 - [STDERR_REDIRECT] 
2025-07-19 23:43:04,628 [ERROR] LogOutputStream:75 - [STDERR_REDIRECT] [Fatal Error] :1:1: Premature end of file.
2025-07-19 23:43:04,628 [ERROR] LogOutputStream:75 - [STDERR_REDIRECT] 
2025-07-19 23:43:05,621 [ERROR] LogOutputStream:75 - [STDERR_REDIRECT] [Fatal Error] :1:1: Premature end of file.
2025-07-19 23:43:05,621 [ERROR] LogOutputStream:75 - [STDERR_REDIRECT] 
2025-07-19 23:43:06,632 [ERROR] LogOutputStream:75 - [STDERR_REDIRECT] [Fatal Error] :1:1: Premature end of file.
2025-07-19 23:43:06,632 [ERROR] LogOutputStream:75 - [STDERR_REDIRECT] 
2025-07-19 23:43:07,632 [ERROR] LogOutputStream:75 - [STDERR_REDIRECT] [Fatal Error] :1:1: Premature end of file.
2025-07-19 23:43:07,632 [ERROR] LogOutputStream:75 - [STDERR_REDIRECT] 
2025-07-19 23:43:08,630 [ERROR] LogOutputStream:75 - [STDERR_REDIRECT] [Fatal Error] :1:1: Premature end of file.
2025-07-19 23:43:08,630 [ERROR] LogOutputStream:75 - [STDERR_REDIRECT] 
2025-07-19 23:43:09,637 [ERROR] LogOutputStream:75 - [STDERR_REDIRECT] [Fatal Error] :1:1: Premature end of file.
2025-07-19 23:43:09,638 [ERROR] LogOutputStream:75 - [STDERR_REDIRECT] 
2025-07-19 23:43:10,616 [ERROR] LogOutputStream:75 - [STDERR_REDIRECT] [Fatal Error] :1:1: Premature end of file.
2025-07-19 23:43:10,616 [ERROR] LogOutputStream:75 - [STDERR_REDIRECT] 
2025-07-19 23:43:11,622 [ERROR] LogOutputStream:75 - [STDERR_REDIRECT] [Fatal Error] :1:1: Premature end of file.
2025-07-19 23:43:11,622 [ERROR] LogOutputStream:75 - [STDERR_REDIRECT] 
2025-07-19 23:43:12,622 [ERROR] LogOutputStream:75 - [STDERR_REDIRECT] [Fatal Error] :1:1: Premature end of file.
2025-07-19 23:43:12,623 [ERROR] LogOutputStream:75 - [STDERR_REDIRECT] 
2025-07-19 23:43:13,628 [ERROR] LogOutputStream:75 - [STDERR_REDIRECT] [Fatal Error] :1:1: Premature end of file.
2025-07-19 23:43:13,628 [ERROR] LogOutputStream:75 - [STDERR_REDIRECT] 
2025-07-19 23:43:14,630 [ERROR] LogOutputStream:75 - [STDERR_REDIRECT] [Fatal Error] :1:1: Premature end of file.
2025-07-19 23:43:14,630 [ERROR] LogOutputStream:75 - [STDERR_REDIRECT] 
2025-07-19 23:43:15,645 [ERROR] LogOutputStream:75 - [STDERR_REDIRECT] [Fatal Error] :1:1: Premature end of file.
2025-07-19 23:43:15,645 [ERROR] LogOutputStream:75 - [STDERR_REDIRECT] 
2025-07-19 23:43:16,640 [ERROR] LogOutputStream:75 - [STDERR_REDIRECT] [Fatal Error] :1:1: Premature end of file.
2025-07-19 23:43:16,640 [ERROR] LogOutputStream:75 - [STDERR_REDIRECT] 
2025-07-19 23:43:17,620 [ERROR] LogOutputStream:75 - [STDERR_REDIRECT] [Fatal Error] :1:1: Premature end of file.
2025-07-19 23:43:17,621 [ERROR] LogOutputStream:75 - [STDERR_REDIRECT] 
2025-07-19 23:43:18,632 [ERROR] LogOutputStream:75 - [STDERR_REDIRECT] [Fatal Error] :1:1: Premature end of file.
2025-07-19 23:43:18,632 [ERROR] LogOutputStream:75 - [STDERR_REDIRECT] 
2025-07-19 23:43:19,639 [ERROR] LogOutputStream:75 - [STDERR_REDIRECT] [Fatal Error] :1:1: Premature end of file.
2025-07-19 23:43:19,640 [ERROR] LogOutputStream:75 - [STDERR_REDIRECT] 
2025-07-19 23:43:20,635 [ERROR] LogOutputStream:75 - [STDERR_REDIRECT] [Fatal Error] :1:1: Premature end of file.
2025-07-19 23:43:20,636 [ERROR] LogOutputStream:75 - [STDERR_REDIRECT] 
2025-07-19 23:43:21,634 [ERROR] LogOutputStream:75 - [STDERR_REDIRECT] [Fatal Error] :1:1: Premature end of file.
2025-07-19 23:43:21,634 [ERROR] LogOutputStream:75 - [STDERR_REDIRECT] 
2025-07-19 23:43:22,637 [ERROR] LogOutputStream:75 - [STDERR_REDIRECT] [Fatal Error] :1:1: Premature end of file.
2025-07-19 23:43:22,638 [ERROR] LogOutputStream:75 - [STDERR_REDIRECT] 
2025-07-19 23:43:23,625 [ERROR] LogOutputStream:75 - [STDERR_REDIRECT] [Fatal Error] :1:1: Premature end of file.
2025-07-19 23:43:23,625 [ERROR] LogOutputStream:75 - [STDERR_REDIRECT] 
2025-07-19 23:43:24,634 [ERROR] LogOutputStream:75 - [STDERR_REDIRECT] [Fatal Error] :1:1: Premature end of file.
2025-07-19 23:43:24,634 [ERROR] LogOutputStream:75 - [STDERR_REDIRECT] 
2025-07-19 23:43:25,631 [ERROR] LogOutputStream:75 - [STDERR_REDIRECT] [Fatal Error] :1:1: Premature end of file.
2025-07-19 23:43:25,631 [ERROR] LogOutputStream:75 - [STDERR_REDIRECT] 
2025-07-19 23:43:26,618 [ERROR] LogOutputStream:75 - [STDERR_REDIRECT] [Fatal Error] :1:1: Premature end of file.
2025-07-19 23:43:26,618 [ERROR] LogOutputStream:75 - [STDERR_REDIRECT] 
2025-07-19 23:43:27,624 [ERROR] LogOutputStream:75 - [STDERR_REDIRECT] [Fatal Error] :1:1: Premature end of file.
2025-07-19 23:43:27,624 [ERROR] LogOutputStream:75 - [STDERR_REDIRECT] 
2025-07-19 23:43:28,624 [ERROR] LogOutputStream:75 - [STDERR_REDIRECT] [Fatal Error] :1:1: Premature end of file.
2025-07-19 23:43:28,625 [ERROR] LogOutputStream:75 - [STDERR_REDIRECT] 
2025-07-19 23:43:29,625 [ERROR] LogOutputStream:75 - [STDERR_REDIRECT] [Fatal Error] :1:1: Premature end of file.
2025-07-19 23:43:29,625 [ERROR] LogOutputStream:75 - [STDERR_REDIRECT] 
2025-07-19 23:43:30,625 [ERROR] LogOutputStream:75 - [STDERR_REDIRECT] [Fatal Error] :1:1: Premature end of file.
2025-07-19 23:43:30,625 [ERROR] LogOutputStream:75 - [STDERR_REDIRECT] 
2025-07-19 23:43:31,634 [ERROR] LogOutputStream:75 - [STDERR_REDIRECT] [Fatal Error] :1:1: Premature end of file.
2025-07-19 23:43:31,634 [ERROR] LogOutputStream:75 - [STDERR_REDIRECT] 
2025-07-19 23:43:32,620 [ERROR] LogOutputStream:75 - [STDERR_REDIRECT] [Fatal Error] :1:1: Premature end of file.
2025-07-19 23:43:32,620 [ERROR] LogOutputStream:75 - [STDERR_REDIRECT] 
2025-07-19 23:43:33,627 [ERROR] LogOutputStream:75 - [STDERR_REDIRECT] [Fatal Error] :1:1: Premature end of file.
2025-07-19 23:43:33,628 [ERROR] LogOutputStream:75 - [STDERR_REDIRECT] 
2025-07-19 23:43:34,632 [ERROR] LogOutputStream:75 - [STDERR_REDIRECT] [Fatal Error] :1:1: Premature end of file.
2025-07-19 23:43:34,632 [ERROR] LogOutputStream:75 - [STDERR_REDIRECT] 
2025-07-19 23:43:35,643 [ERROR] LogOutputStream:75 - [STDERR_REDIRECT] [Fatal Error] :1:1: Premature end of file.
2025-07-19 23:43:35,643 [ERROR] LogOutputStream:75 - [STDERR_REDIRECT] 
2025-07-19 23:43:36,637 [ERROR] LogOutputStream:75 - [STDERR_REDIRECT] [Fatal Error] :1:1: Premature end of file.
2025-07-19 23:43:36,637 [ERROR] LogOutputStream:75 - [STDERR_REDIRECT] 
2025-07-19 23:43:37,640 [ERROR] LogOutputStream:75 - [STDERR_REDIRECT] [Fatal Error] :1:1: Premature end of file.
2025-07-19 23:43:37,641 [ERROR] LogOutputStream:75 - [STDERR_REDIRECT] 
2025-07-19 23:43:38,644 [ERROR] LogOutputStream:75 - [STDERR_REDIRECT] [Fatal Error] :1:1: Premature end of file.
2025-07-19 23:43:38,644 [ERROR] LogOutputStream:75 - [STDERR_REDIRECT] 
2025-07-19 23:43:39,637 [ERROR] LogOutputStream:75 - [STDERR_REDIRECT] [Fatal Error] :1:1: Premature end of file.
2025-07-19 23:43:39,637 [ERROR] LogOutputStream:75 - [STDERR_REDIRECT] 
2025-07-19 23:43:40,626 [ERROR] LogOutputStream:75 - [STDERR_REDIRECT] [Fatal Error] :1:1: Premature end of file.
2025-07-19 23:43:40,626 [ERROR] LogOutputStream:75 - [STDERR_REDIRECT] 
2025-07-19 23:43:41,635 [ERROR] LogOutputStream:75 - [STDERR_REDIRECT] [Fatal Error] :1:1: Premature end of file.
2025-07-19 23:43:41,635 [ERROR] LogOutputStream:75 - [STDERR_REDIRECT] 
2025-07-19 23:43:42,630 [ERROR] LogOutputStream:75 - [STDERR_REDIRECT] [Fatal Error] :1:1: Premature end of file.
2025-07-19 23:43:42,630 [ERROR] LogOutputStream:75 - [STDERR_REDIRECT] 
2025-07-19 23:43:43,619 [ERROR] LogOutputStream:75 - [STDERR_REDIRECT] [Fatal Error] :1:1: Premature end of file.
2025-07-19 23:43:43,619 [ERROR] LogOutputStream:75 - [STDERR_REDIRECT] 
2025-07-19 23:43:44,626 [ERROR] LogOutputStream:75 - [STDERR_REDIRECT] [Fatal Error] :1:1: Premature end of file.
2025-07-19 23:43:44,626 [ERROR] LogOutputStream:75 - [STDERR_REDIRECT] 
2025-07-19 23:43:45,624 [ERROR] LogOutputStream:75 - [STDERR_REDIRECT] [Fatal Error] :1:1: Premature end of file.
2025-07-19 23:43:45,624 [ERROR] LogOutputStream:75 - [STDERR_REDIRECT] 
2025-07-19 23:43:46,625 [ERROR] LogOutputStream:75 - [STDERR_REDIRECT] [Fatal Error] :1:1: Premature end of file.
2025-07-19 23:43:46,625 [ERROR] LogOutputStream:75 - [STDERR_REDIRECT] 
2025-07-19 23:43:47,622 [ERROR] LogOutputStream:75 - [STDERR_REDIRECT] [Fatal Error] :1:1: Premature end of file.
2025-07-19 23:43:47,622 [ERROR] LogOutputStream:75 - [STDERR_REDIRECT] 
2025-07-19 23:43:48,623 [ERROR] LogOutputStream:75 - [STDERR_REDIRECT] [Fatal Error] :1:1: Premature end of file.
2025-07-19 23:43:48,623 [ERROR] LogOutputStream:75 - [STDERR_REDIRECT] 
2025-07-19 23:43:49,614 [ERROR] LogOutputStream:75 - [STDERR_REDIRECT] [Fatal Error] :1:1: Premature end of file.
2025-07-19 23:43:49,614 [ERROR] LogOutputStream:75 - [STDERR_REDIRECT] 
2025-07-19 23:43:50,620 [ERROR] LogOutputStream:75 - [STDERR_REDIRECT] [Fatal Error] :1:1: Premature end of file.
2025-07-19 23:43:50,620 [ERROR] LogOutputStream:75 - [STDERR_REDIRECT] 
2025-07-19 23:43:51,629 [ERROR] LogOutputStream:75 - [STDERR_REDIRECT] [Fatal Error] :1:1: Premature end of file.
2025-07-19 23:43:51,629 [ERROR] LogOutputStream:75 - [STDERR_REDIRECT] 
2025-07-19 23:43:52,626 [ERROR] LogOutputStream:75 - [STDERR_REDIRECT] [Fatal Error] :1:1: Premature end of file.
2025-07-19 23:43:52,626 [ERROR] LogOutputStream:75 - [STDERR_REDIRECT] 
2025-07-19 23:43:53,625 [ERROR] LogOutputStream:75 - [STDERR_REDIRECT] [Fatal Error] :1:1: Premature end of file.
2025-07-19 23:43:53,625 [ERROR] LogOutputStream:75 - [STDERR_REDIRECT] 
2025-07-19 23:43:54,630 [ERROR] LogOutputStream:75 - [STDERR_REDIRECT] [Fatal Error] :1:1: Premature end of file.
2025-07-19 23:43:54,630 [ERROR] LogOutputStream:75 - [STDERR_REDIRECT] 
2025-07-19 23:43:55,632 [ERROR] LogOutputStream:75 - [STDERR_REDIRECT] [Fatal Error] :1:1: Premature end of file.
2025-07-19 23:43:55,632 [ERROR] LogOutputStream:75 - [STDERR_REDIRECT] 
2025-07-19 23:43:56,633 [ERROR] LogOutputStream:75 - [STDERR_REDIRECT] [Fatal Error] :1:1: Premature end of file.
2025-07-19 23:43:56,633 [ERROR] LogOutputStream:75 - [STDERR_REDIRECT] 
2025-07-19 23:43:57,618 [ERROR] LogOutputStream:75 - [STDERR_REDIRECT] [Fatal Error] :1:1: Premature end of file.
2025-07-19 23:43:57,618 [ERROR] LogOutputStream:75 - [STDERR_REDIRECT] 
2025-07-19 23:43:58,623 [ERROR] LogOutputStream:75 - [STDERR_REDIRECT] [Fatal Error] :1:1: Premature end of file.
2025-07-19 23:43:58,624 [ERROR] LogOutputStream:75 - [STDERR_REDIRECT] 
2025-07-19 23:43:59,618 [ERROR] LogOutputStream:75 - [STDERR_REDIRECT] [Fatal Error] :1:1: Premature end of file.
2025-07-19 23:43:59,618 [ERROR] LogOutputStream:75 - [STDERR_REDIRECT] 
2025-07-19 23:44:00,619 [ERROR] LogOutputStream:75 - [STDERR_REDIRECT] [Fatal Error] :1:1: Premature end of file.
2025-07-19 23:44:00,619 [ERROR] LogOutputStream:75 - [STDERR_REDIRECT] 
2025-07-19 23:44:01,623 [ERROR] LogOutputStream:75 - [STDERR_REDIRECT] [Fatal Error] :1:1: Premature end of file.
2025-07-19 23:44:01,624 [ERROR] LogOutputStream:75 - [STDERR_REDIRECT] 
2025-07-19 23:44:02,616 [ERROR] LogOutputStream:75 - [STDERR_REDIRECT] [Fatal Error] :1:1: Premature end of file.
2025-07-19 23:44:02,616 [ERROR] LogOutputStream:75 - [STDERR_REDIRECT] 
2025-07-19 23:44:03,667 [ERROR] LogOutputStream:75 - [STDERR_REDIRECT] [Fatal Error] :1:1: Premature end of file.
2025-07-19 23:44:03,667 [ERROR] LogOutputStream:75 - [STDERR_REDIRECT] 
2025-07-19 23:44:04,619 [ERROR] LogOutputStream:75 - [STDERR_REDIRECT] [Fatal Error] :1:1: Premature end of file.
2025-07-19 23:44:04,619 [ERROR] LogOutputStream:75 - [STDERR_REDIRECT] 
2025-07-19 23:44:05,624 [ERROR] LogOutputStream:75 - [STDERR_REDIRECT] [Fatal Error] :1:1: Premature end of file.
2025-07-19 23:44:05,624 [ERROR] LogOutputStream:75 - [STDERR_REDIRECT] 
2025-07-19 23:44:06,623 [ERROR] LogOutputStream:75 - [STDERR_REDIRECT] [Fatal Error] :1:1: Premature end of file.
2025-07-19 23:44:06,623 [ERROR] LogOutputStream:75 - [STDERR_REDIRECT] 
2025-07-19 23:44:07,626 [ERROR] LogOutputStream:75 - [STDERR_REDIRECT] [Fatal Error] :1:1: Premature end of file.
2025-07-19 23:44:07,627 [ERROR] LogOutputStream:75 - [STDERR_REDIRECT] 
2025-07-19 23:44:08,629 [ERROR] LogOutputStream:75 - [STDERR_REDIRECT] [Fatal Error] :1:1: Premature end of file.
2025-07-19 23:44:08,629 [ERROR] LogOutputStream:75 - [STDERR_REDIRECT] 
2025-07-19 23:44:09,641 [ERROR] LogOutputStream:75 - [STDERR_REDIRECT] [Fatal Error] :1:1: Premature end of file.
2025-07-19 23:44:09,641 [ERROR] LogOutputStream:75 - [STDERR_REDIRECT] 
2025-07-19 23:44:10,624 [ERROR] LogOutputStream:75 - [STDERR_REDIRECT] [Fatal Error] :1:1: Premature end of file.
2025-07-19 23:44:10,624 [ERROR] LogOutputStream:75 - [STDERR_REDIRECT] 
2025-07-19 23:44:11,623 [ERROR] LogOutputStream:75 - [STDERR_REDIRECT] [Fatal Error] :1:1: Premature end of file.
2025-07-19 23:44:11,623 [ERROR] LogOutputStream:75 - [STDERR_REDIRECT] 
2025-07-19 23:44:12,624 [ERROR] LogOutputStream:75 - [STDERR_REDIRECT] [Fatal Error] :1:1: Premature end of file.
2025-07-19 23:44:12,624 [ERROR] LogOutputStream:75 - [STDERR_REDIRECT] 
2025-07-19 23:44:13,628 [ERROR] LogOutputStream:75 - [STDERR_REDIRECT] [Fatal Error] :1:1: Premature end of file.
2025-07-19 23:44:13,628 [ERROR] LogOutputStream:75 - [STDERR_REDIRECT] 
2025-07-19 23:44:14,618 [ERROR] LogOutputStream:75 - [STDERR_REDIRECT] [Fatal Error] :1:1: Premature end of file.
2025-07-19 23:44:14,618 [ERROR] LogOutputStream:75 - [STDERR_REDIRECT] 
2025-07-19 23:44:15,617 [ERROR] LogOutputStream:75 - [STDERR_REDIRECT] [Fatal Error] :1:1: Premature end of file.
2025-07-19 23:44:15,617 [ERROR] LogOutputStream:75 - [STDERR_REDIRECT] 
2025-07-19 23:44:16,626 [ERROR] LogOutputStream:75 - [STDERR_REDIRECT] [Fatal Error] :1:1: Premature end of file.
2025-07-19 23:44:16,626 [ERROR] LogOutputStream:75 - [STDERR_REDIRECT] 
2025-07-19 23:44:17,617 [ERROR] LogOutputStream:75 - [STDERR_REDIRECT] [Fatal Error] :1:1: Premature end of file.
2025-07-19 23:44:17,617 [ERROR] LogOutputStream:75 - [STDERR_REDIRECT] 
2025-07-19 23:44:18,628 [ERROR] LogOutputStream:75 - [STDERR_REDIRECT] [Fatal Error] :1:1: Premature end of file.
2025-07-19 23:44:18,628 [ERROR] LogOutputStream:75 - [STDERR_REDIRECT] 
2025-07-19 23:44:19,627 [ERROR] LogOutputStream:75 - [STDERR_REDIRECT] [Fatal Error] :1:1: Premature end of file.
2025-07-19 23:44:19,627 [ERROR] LogOutputStream:75 - [STDERR_REDIRECT] 
2025-07-19 23:44:20,615 [ERROR] LogOutputStream:75 - [STDERR_REDIRECT] [Fatal Error] :1:1: Premature end of file.
2025-07-19 23:44:20,615 [ERROR] LogOutputStream:75 - [STDERR_REDIRECT] 
2025-07-19 23:44:21,615 [ERROR] LogOutputStream:75 - [STDERR_REDIRECT] [Fatal Error] :1:1: Premature end of file.
2025-07-19 23:44:21,615 [ERROR] LogOutputStream:75 - [STDERR_REDIRECT] 
2025-07-19 23:44:22,621 [ERROR] LogOutputStream:75 - [STDERR_REDIRECT] [Fatal Error] :1:1: Premature end of file.
2025-07-19 23:44:22,621 [ERROR] LogOutputStream:75 - [STDERR_REDIRECT] 
2025-07-19 23:44:23,627 [ERROR] LogOutputStream:75 - [STDERR_REDIRECT] [Fatal Error] :1:1: Premature end of file.
2025-07-19 23:44:23,627 [ERROR] LogOutputStream:75 - [STDERR_REDIRECT] 
2025-07-19 23:44:24,628 [ERROR] LogOutputStream:75 - [STDERR_REDIRECT] [Fatal Error] :1:1: Premature end of file.
2025-07-19 23:44:24,628 [ERROR] LogOutputStream:75 - [STDERR_REDIRECT] 
2025-07-19 23:44:25,625 [ERROR] LogOutputStream:75 - [STDERR_REDIRECT] [Fatal Error] :1:1: Premature end of file.
2025-07-19 23:44:25,625 [ERROR] LogOutputStream:75 - [STDERR_REDIRECT] 
2025-07-19 23:44:26,632 [ERROR] LogOutputStream:75 - [STDERR_REDIRECT] [Fatal Error] :1:1: Premature end of file.
2025-07-19 23:44:26,632 [ERROR] LogOutputStream:75 - [STDERR_REDIRECT] 
2025-07-19 23:44:27,620 [ERROR] LogOutputStream:75 - [STDERR_REDIRECT] [Fatal Error] :1:1: Premature end of file.
2025-07-19 23:44:27,620 [ERROR] LogOutputStream:75 - [STDERR_REDIRECT] 
2025-07-19 23:44:28,626 [ERROR] LogOutputStream:75 - [STDERR_REDIRECT] [Fatal Error] :1:1: Premature end of file.
2025-07-19 23:44:28,626 [ERROR] LogOutputStream:75 - [STDERR_REDIRECT] 
2025-07-19 23:44:29,614 [ERROR] LogOutputStream:75 - [STDERR_REDIRECT] [Fatal Error] :1:1: Premature end of file.
2025-07-19 23:44:29,614 [ERROR] LogOutputStream:75 - [STDERR_REDIRECT] 
2025-07-19 23:44:30,626 [ERROR] LogOutputStream:75 - [STDERR_REDIRECT] [Fatal Error] :1:1: Premature end of file.
2025-07-19 23:44:30,626 [ERROR] LogOutputStream:75 - [STDERR_REDIRECT] 
2025-07-19 23:44:31,628 [ERROR] LogOutputStream:75 - [STDERR_REDIRECT] [Fatal Error] :1:1: Premature end of file.
2025-07-19 23:44:31,628 [ERROR] LogOutputStream:75 - [STDERR_REDIRECT] 
2025-07-19 23:44:32,624 [ERROR] LogOutputStream:75 - [STDERR_REDIRECT] [Fatal Error] :1:1: Premature end of file.
2025-07-19 23:44:32,624 [ERROR] LogOutputStream:75 - [STDERR_REDIRECT] 
2025-07-19 23:44:33,623 [ERROR] LogOutputStream:75 - [STDERR_REDIRECT] [Fatal Error] :1:1: Premature end of file.
2025-07-19 23:44:33,623 [ERROR] LogOutputStream:75 - [STDERR_REDIRECT] 
2025-07-19 23:44:34,626 [ERROR] LogOutputStream:75 - [STDERR_REDIRECT] [Fatal Error] :1:1: Premature end of file.
2025-07-19 23:44:34,626 [ERROR] LogOutputStream:75 - [STDERR_REDIRECT] 
2025-07-19 23:44:35,614 [ERROR] LogOutputStream:75 - [STDERR_REDIRECT] [Fatal Error] :1:1: Premature end of file.
2025-07-19 23:44:35,614 [ERROR] LogOutputStream:75 - [STDERR_REDIRECT] 
2025-07-19 23:44:36,620 [ERROR] LogOutputStream:75 - [STDERR_REDIRECT] [Fatal Error] :1:1: Premature end of file.
2025-07-19 23:44:36,620 [ERROR] LogOutputStream:75 - [STDERR_REDIRECT] 
2025-07-19 23:44:37,626 [ERROR] LogOutputStream:75 - [STDERR_REDIRECT] [Fatal Error] :1:1: Premature end of file.
2025-07-19 23:44:37,627 [ERROR] LogOutputStream:75 - [STDERR_REDIRECT] 
2025-07-19 23:44:38,620 [ERROR] LogOutputStream:75 - [STDERR_REDIRECT] [Fatal Error] :1:1: Premature end of file.
2025-07-19 23:44:38,620 [ERROR] LogOutputStream:75 - [STDERR_REDIRECT] 
2025-07-19 23:44:39,631 [ERROR] LogOutputStream:75 - [STDERR_REDIRECT] [Fatal Error] :1:1: Premature end of file.
2025-07-19 23:44:39,632 [ERROR] LogOutputStream:75 - [STDERR_REDIRECT] 
2025-07-19 23:44:40,641 [ERROR] LogOutputStream:75 - [STDERR_REDIRECT] [Fatal Error] :1:1: Premature end of file.
2025-07-19 23:44:40,642 [ERROR] LogOutputStream:75 - [STDERR_REDIRECT] 
2025-07-19 23:44:41,622 [ERROR] LogOutputStream:75 - [STDERR_REDIRECT] [Fatal Error] :1:1: Premature end of file.
2025-07-19 23:44:41,622 [ERROR] LogOutputStream:75 - [STDERR_REDIRECT] 
2025-07-19 23:44:42,628 [ERROR] LogOutputStream:75 - [STDERR_REDIRECT] [Fatal Error] :1:1: Premature end of file.
2025-07-19 23:44:42,628 [ERROR] LogOutputStream:75 - [STDERR_REDIRECT] 
2025-07-19 23:44:43,630 [ERROR] LogOutputStream:75 - [STDERR_REDIRECT] [Fatal Error] :1:1: Premature end of file.
2025-07-19 23:44:43,630 [ERROR] LogOutputStream:75 - [STDERR_REDIRECT] 
2025-07-19 23:44:44,624 [ERROR] LogOutputStream:75 - [STDERR_REDIRECT] [Fatal Error] :1:1: Premature end of file.
2025-07-19 23:44:44,624 [ERROR] LogOutputStream:75 - [STDERR_REDIRECT] 
2025-07-19 23:44:45,622 [ERROR] LogOutputStream:75 - [STDERR_REDIRECT] [Fatal Error] :1:1: Premature end of file.
2025-07-19 23:44:45,622 [ERROR] LogOutputStream:75 - [STDERR_REDIRECT] 
2025-07-19 23:44:46,625 [ERROR] LogOutputStream:75 - [STDERR_REDIRECT] [Fatal Error] :1:1: Premature end of file.
2025-07-19 23:44:46,625 [ERROR] LogOutputStream:75 - [STDERR_REDIRECT] 
2025-07-19 23:44:47,629 [ERROR] LogOutputStream:75 - [STDERR_REDIRECT] [Fatal Error] :1:1: Premature end of file.
2025-07-19 23:44:47,629 [ERROR] LogOutputStream:75 - [STDERR_REDIRECT] 
2025-07-19 23:44:48,618 [ERROR] LogOutputStream:75 - [STDERR_REDIRECT] [Fatal Error] :1:1: Premature end of file.
2025-07-19 23:44:48,618 [ERROR] LogOutputStream:75 - [STDERR_REDIRECT] 
2025-07-19 23:44:49,618 [ERROR] LogOutputStream:75 - [STDERR_REDIRECT] [Fatal Error] :1:1: Premature end of file.
2025-07-19 23:44:49,618 [ERROR] LogOutputStream:75 - [STDERR_REDIRECT] 
2025-07-19 23:44:50,621 [ERROR] LogOutputStream:75 - [STDERR_REDIRECT] [Fatal Error] :1:1: Premature end of file.
2025-07-19 23:44:50,621 [ERROR] LogOutputStream:75 - [STDERR_REDIRECT] 
2025-07-19 23:44:51,619 [ERROR] LogOutputStream:75 - [STDERR_REDIRECT] [Fatal Error] :1:1: Premature end of file.
2025-07-19 23:44:51,619 [ERROR] LogOutputStream:75 - [STDERR_REDIRECT] 
2025-07-19 23:44:52,615 [ERROR] LogOutputStream:75 - [STDERR_REDIRECT] [Fatal Error] :1:1: Premature end of file.
2025-07-19 23:44:52,616 [ERROR] LogOutputStream:75 - [STDERR_REDIRECT] 
2025-07-19 23:44:53,619 [ERROR] LogOutputStream:75 - [STDERR_REDIRECT] [Fatal Error] :1:1: Premature end of file.
2025-07-19 23:44:53,620 [ERROR] LogOutputStream:75 - [STDERR_REDIRECT] 
2025-07-19 23:44:54,636 [ERROR] LogOutputStream:75 - [STDERR_REDIRECT] [Fatal Error] :1:1: Premature end of file.
2025-07-19 23:44:54,636 [ERROR] LogOutputStream:75 - [STDERR_REDIRECT] 
2025-07-19 23:44:55,630 [ERROR] LogOutputStream:75 - [STDERR_REDIRECT] [Fatal Error] :1:1: Premature end of file.
2025-07-19 23:44:55,630 [ERROR] LogOutputStream:75 - [STDERR_REDIRECT] 
2025-07-19 23:44:56,634 [ERROR] LogOutputStream:75 - [STDERR_REDIRECT] [Fatal Error] :1:1: Premature end of file.
2025-07-19 23:44:56,634 [ERROR] LogOutputStream:75 - [STDERR_REDIRECT] 
2025-07-19 23:44:57,630 [ERROR] LogOutputStream:75 - [STDERR_REDIRECT] [Fatal Error] :1:1: Premature end of file.
2025-07-19 23:44:57,630 [ERROR] LogOutputStream:75 - [STDERR_REDIRECT] 
2025-07-19 23:44:58,628 [ERROR] LogOutputStream:75 - [STDERR_REDIRECT] [Fatal Error] :1:1: Premature end of file.
2025-07-19 23:44:58,628 [ERROR] LogOutputStream:75 - [STDERR_REDIRECT] 
2025-07-19 23:44:59,624 [ERROR] LogOutputStream:75 - [STDERR_REDIRECT] [Fatal Error] :1:1: Premature end of file.
2025-07-19 23:44:59,625 [ERROR] LogOutputStream:75 - [STDERR_REDIRECT] 
2025-07-19 23:45:00,626 [ERROR] LogOutputStream:75 - [STDERR_REDIRECT] [Fatal Error] :1:1: Premature end of file.
2025-07-19 23:45:00,626 [ERROR] LogOutputStream:75 - [STDERR_REDIRECT] 
2025-07-19 23:45:01,631 [ERROR] LogOutputStream:75 - [STDERR_REDIRECT] [Fatal Error] :1:1: Premature end of file.
2025-07-19 23:45:01,631 [ERROR] LogOutputStream:75 - [STDERR_REDIRECT] 
2025-07-19 23:45:02,627 [ERROR] LogOutputStream:75 - [STDERR_REDIRECT] [Fatal Error] :1:1: Premature end of file.
2025-07-19 23:45:02,628 [ERROR] LogOutputStream:75 - [STDERR_REDIRECT] 
2025-07-19 23:45:03,627 [ERROR] LogOutputStream:75 - [STDERR_REDIRECT] [Fatal Error] :1:1: Premature end of file.
2025-07-19 23:45:03,628 [ERROR] LogOutputStream:75 - [STDERR_REDIRECT] 
2025-07-19 23:45:04,628 [ERROR] LogOutputStream:75 - [STDERR_REDIRECT] [Fatal Error] :1:1: Premature end of file.
2025-07-19 23:45:04,629 [ERROR] LogOutputStream:75 - [STDERR_REDIRECT] 
2025-07-19 23:45:05,633 [ERROR] LogOutputStream:75 - [STDERR_REDIRECT] [Fatal Error] :1:1: Premature end of file.
2025-07-19 23:45:05,633 [ERROR] LogOutputStream:75 - [STDERR_REDIRECT] 
2025-07-19 23:45:06,620 [ERROR] LogOutputStream:75 - [STDERR_REDIRECT] [Fatal Error] :1:1: Premature end of file.
2025-07-19 23:45:06,620 [ERROR] LogOutputStream:75 - [STDERR_REDIRECT] 
2025-07-19 23:45:07,624 [ERROR] LogOutputStream:75 - [STDERR_REDIRECT] [Fatal Error] :1:1: Premature end of file.
2025-07-19 23:45:07,624 [ERROR] LogOutputStream:75 - [STDERR_REDIRECT] 
2025-07-19 23:45:08,633 [ERROR] LogOutputStream:75 - [STDERR_REDIRECT] [Fatal Error] :1:1: Premature end of file.
2025-07-19 23:45:08,633 [ERROR] LogOutputStream:75 - [STDERR_REDIRECT] 
2025-07-19 23:45:09,616 [ERROR] LogOutputStream:75 - [STDERR_REDIRECT] [Fatal Error] :1:1: Premature end of file.
2025-07-19 23:45:09,616 [ERROR] LogOutputStream:75 - [STDERR_REDIRECT] 
2025-07-19 23:45:10,631 [ERROR] LogOutputStream:75 - [STDERR_REDIRECT] [Fatal Error] :1:1: Premature end of file.
2025-07-19 23:45:10,631 [ERROR] LogOutputStream:75 - [STDERR_REDIRECT] 
2025-07-19 23:45:11,618 [ERROR] LogOutputStream:75 - [STDERR_REDIRECT] [Fatal Error] :1:1: Premature end of file.
2025-07-19 23:45:11,618 [ERROR] LogOutputStream:75 - [STDERR_REDIRECT] 
2025-07-19 23:45:12,635 [ERROR] LogOutputStream:75 - [STDERR_REDIRECT] [Fatal Error] :1:1: Premature end of file.
2025-07-19 23:45:12,636 [ERROR] LogOutputStream:75 - [STDERR_REDIRECT] 
2025-07-19 23:45:13,620 [ERROR] LogOutputStream:75 - [STDERR_REDIRECT] [Fatal Error] :1:1: Premature end of file.
2025-07-19 23:45:13,621 [ERROR] LogOutputStream:75 - [STDERR_REDIRECT] 
2025-07-19 23:45:14,623 [ERROR] LogOutputStream:75 - [STDERR_REDIRECT] [Fatal Error] :1:1: Premature end of file.
2025-07-19 23:45:14,623 [ERROR] LogOutputStream:75 - [STDERR_REDIRECT] 
2025-07-19 23:45:15,633 [ERROR] LogOutputStream:75 - [STDERR_REDIRECT] [Fatal Error] :1:1: Premature end of file.
2025-07-19 23:45:15,633 [ERROR] LogOutputStream:75 - [STDERR_REDIRECT] 
2025-07-19 23:45:16,614 [ERROR] LogOutputStream:75 - [STDERR_REDIRECT] [Fatal Error] :1:1: Premature end of file.
2025-07-19 23:45:16,614 [ERROR] LogOutputStream:75 - [STDERR_REDIRECT] 
2025-07-19 23:45:17,633 [ERROR] LogOutputStream:75 - [STDERR_REDIRECT] [Fatal Error] :1:1: Premature end of file.
2025-07-19 23:45:17,633 [ERROR] LogOutputStream:75 - [STDERR_REDIRECT] 
2025-07-19 23:45:18,628 [ERROR] LogOutputStream:75 - [STDERR_REDIRECT] [Fatal Error] :1:1: Premature end of file.
2025-07-19 23:45:18,628 [ERROR] LogOutputStream:75 - [STDERR_REDIRECT] 
2025-07-19 23:45:19,632 [ERROR] LogOutputStream:75 - [STDERR_REDIRECT] [Fatal Error] :1:1: Premature end of file.
2025-07-19 23:45:19,632 [ERROR] LogOutputStream:75 - [STDERR_REDIRECT] 
2025-07-19 23:45:20,638 [ERROR] LogOutputStream:75 - [STDERR_REDIRECT] [Fatal Error] :1:1: Premature end of file.
2025-07-19 23:45:20,639 [ERROR] LogOutputStream:75 - [STDERR_REDIRECT] 
2025-07-19 23:45:21,628 [ERROR] LogOutputStream:75 - [STDERR_REDIRECT] [Fatal Error] :1:1: Premature end of file.
2025-07-19 23:45:21,628 [ERROR] LogOutputStream:75 - [STDERR_REDIRECT] 
2025-07-19 23:45:22,637 [ERROR] LogOutputStream:75 - [STDERR_REDIRECT] [Fatal Error] :1:1: Premature end of file.
2025-07-19 23:45:22,637 [ERROR] LogOutputStream:75 - [STDERR_REDIRECT] 
2025-07-19 23:45:23,640 [ERROR] LogOutputStream:75 - [STDERR_REDIRECT] [Fatal Error] :1:1: Premature end of file.
2025-07-19 23:45:23,640 [ERROR] LogOutputStream:75 - [STDERR_REDIRECT] 
2025-07-19 23:45:24,647 [ERROR] LogOutputStream:75 - [STDERR_REDIRECT] [Fatal Error] :1:1: Premature end of file.
2025-07-19 23:45:24,647 [ERROR] LogOutputStream:75 - [STDERR_REDIRECT] 
2025-07-19 23:45:25,643 [ERROR] LogOutputStream:75 - [STDERR_REDIRECT] [Fatal Error] :1:1: Premature end of file.
2025-07-19 23:45:25,643 [ERROR] LogOutputStream:75 - [STDERR_REDIRECT] 
2025-07-19 23:45:26,635 [ERROR] LogOutputStream:75 - [STDERR_REDIRECT] [Fatal Error] :1:1: Premature end of file.
2025-07-19 23:45:26,635 [ERROR] LogOutputStream:75 - [STDERR_REDIRECT] 
2025-07-19 23:45:27,646 [ERROR] LogOutputStream:75 - [STDERR_REDIRECT] [Fatal Error] :1:1: Premature end of file.
2025-07-19 23:45:27,646 [ERROR] LogOutputStream:75 - [STDERR_REDIRECT] 
2025-07-19 23:45:28,638 [ERROR] LogOutputStream:75 - [STDERR_REDIRECT] [Fatal Error] :1:1: Premature end of file.
2025-07-19 23:45:28,639 [ERROR] LogOutputStream:75 - [STDERR_REDIRECT] 
2025-07-19 23:45:29,633 [ERROR] LogOutputStream:75 - [STDERR_REDIRECT] [Fatal Error] :1:1: Premature end of file.
2025-07-19 23:45:29,633 [ERROR] LogOutputStream:75 - [STDERR_REDIRECT] 
2025-07-19 23:45:30,652 [ERROR] LogOutputStream:75 - [STDERR_REDIRECT] [Fatal Error] :1:1: Premature end of file.
2025-07-19 23:45:30,653 [ERROR] LogOutputStream:75 - [STDERR_REDIRECT] 
2025-07-19 23:45:31,654 [ERROR] LogOutputStream:75 - [STDERR_REDIRECT] [Fatal Error] :1:1: Premature end of file.
2025-07-19 23:45:31,654 [ERROR] LogOutputStream:75 - [STDERR_REDIRECT] 
2025-07-19 23:45:32,655 [ERROR] LogOutputStream:75 - [STDERR_REDIRECT] [Fatal Error] :1:1: Premature end of file.
2025-07-19 23:45:32,655 [ERROR] LogOutputStream:75 - [STDERR_REDIRECT] 
2025-07-19 23:45:33,665 [ERROR] LogOutputStream:75 - [STDERR_REDIRECT] [Fatal Error] :1:1: Premature end of file.
2025-07-19 23:45:33,665 [ERROR] LogOutputStream:75 - [STDERR_REDIRECT] 
2025-07-19 23:45:34,659 [ERROR] LogOutputStream:75 - [STDERR_REDIRECT] [Fatal Error] :1:1: Premature end of file.
2025-07-19 23:45:34,659 [ERROR] LogOutputStream:75 - [STDERR_REDIRECT] 
2025-07-19 23:45:35,637 [ERROR] LogOutputStream:75 - [STDERR_REDIRECT] [Fatal Error] :1:1: Premature end of file.
2025-07-19 23:45:35,637 [ERROR] LogOutputStream:75 - [STDERR_REDIRECT] 
2025-07-19 23:45:36,655 [ERROR] LogOutputStream:75 - [STDERR_REDIRECT] [Fatal Error] :1:1: Premature end of file.
2025-07-19 23:45:36,656 [ERROR] LogOutputStream:75 - [STDERR_REDIRECT] 
2025-07-19 23:45:37,654 [ERROR] LogOutputStream:75 - [STDERR_REDIRECT] [Fatal Error] :1:1: Premature end of file.
2025-07-19 23:45:37,654 [ERROR] LogOutputStream:75 - [STDERR_REDIRECT] 
2025-07-19 23:45:38,650 [ERROR] LogOutputStream:75 - [STDERR_REDIRECT] [Fatal Error] :1:1: Premature end of file.
2025-07-19 23:45:38,650 [ERROR] LogOutputStream:75 - [STDERR_REDIRECT] 
2025-07-19 23:45:39,641 [ERROR] LogOutputStream:75 - [STDERR_REDIRECT] [Fatal Error] :1:1: Premature end of file.
2025-07-19 23:45:39,641 [ERROR] LogOutputStream:75 - [STDERR_REDIRECT] 
2025-07-19 23:45:40,642 [ERROR] LogOutputStream:75 - [STDERR_REDIRECT] [Fatal Error] :1:1: Premature end of file.
2025-07-19 23:45:40,642 [ERROR] LogOutputStream:75 - [STDERR_REDIRECT] 
2025-07-19 23:45:41,642 [ERROR] LogOutputStream:75 - [STDERR_REDIRECT] [Fatal Error] :1:1: Premature end of file.
2025-07-19 23:45:41,643 [ERROR] LogOutputStream:75 - [STDERR_REDIRECT] 
2025-07-19 23:45:42,647 [ERROR] LogOutputStream:75 - [STDERR_REDIRECT] [Fatal Error] :1:1: Premature end of file.
2025-07-19 23:45:42,647 [ERROR] LogOutputStream:75 - [STDERR_REDIRECT] 
2025-07-19 23:45:43,652 [ERROR] LogOutputStream:75 - [STDERR_REDIRECT] [Fatal Error] :1:1: Premature end of file.
2025-07-19 23:45:43,652 [ERROR] LogOutputStream:75 - [STDERR_REDIRECT] 
2025-07-19 23:45:44,638 [ERROR] LogOutputStream:75 - [STDERR_REDIRECT] [Fatal Error] :1:1: Premature end of file.
2025-07-19 23:45:44,639 [ERROR] LogOutputStream:75 - [STDERR_REDIRECT] 
2025-07-19 23:45:45,630 [ERROR] LogOutputStream:75 - [STDERR_REDIRECT] [Fatal Error] :1:1: Premature end of file.
2025-07-19 23:45:45,630 [ERROR] LogOutputStream:75 - [STDERR_REDIRECT] 
2025-07-19 23:45:46,646 [ERROR] LogOutputStream:75 - [STDERR_REDIRECT] [Fatal Error] :1:1: Premature end of file.
2025-07-19 23:45:46,646 [ERROR] LogOutputStream:75 - [STDERR_REDIRECT] 
2025-07-19 23:45:47,642 [ERROR] LogOutputStream:75 - [STDERR_REDIRECT] [Fatal Error] :1:1: Premature end of file.
2025-07-19 23:45:47,643 [ERROR] LogOutputStream:75 - [STDERR_REDIRECT] 
2025-07-19 23:45:48,639 [ERROR] LogOutputStream:75 - [STDERR_REDIRECT] [Fatal Error] :1:1: Premature end of file.
2025-07-19 23:45:48,639 [ERROR] LogOutputStream:75 - [STDERR_REDIRECT] 
2025-07-19 23:45:49,636 [ERROR] LogOutputStream:75 - [STDERR_REDIRECT] [Fatal Error] :1:1: Premature end of file.
2025-07-19 23:45:49,636 [ERROR] LogOutputStream:75 - [STDERR_REDIRECT] 
2025-07-19 23:45:50,647 [ERROR] LogOutputStream:75 - [STDERR_REDIRECT] [Fatal Error] :1:1: Premature end of file.
2025-07-19 23:45:50,647 [ERROR] LogOutputStream:75 - [STDERR_REDIRECT] 
2025-07-19 23:45:51,631 [ERROR] LogOutputStream:75 - [STDERR_REDIRECT] [Fatal Error] :1:1: Premature end of file.
2025-07-19 23:45:51,631 [ERROR] LogOutputStream:75 - [STDERR_REDIRECT] 
2025-07-19 23:45:52,632 [ERROR] LogOutputStream:75 - [STDERR_REDIRECT] [Fatal Error] :1:1: Premature end of file.
2025-07-19 23:45:52,632 [ERROR] LogOutputStream:75 - [STDERR_REDIRECT] 
2025-07-19 23:45:53,631 [ERROR] LogOutputStream:75 - [STDERR_REDIRECT] [Fatal Error] :1:1: Premature end of file.
2025-07-19 23:45:53,632 [ERROR] LogOutputStream:75 - [STDERR_REDIRECT] 
2025-07-19 23:45:54,634 [ERROR] LogOutputStream:75 - [STDERR_REDIRECT] [Fatal Error] :1:1: Premature end of file.
2025-07-19 23:45:54,634 [ERROR] LogOutputStream:75 - [STDERR_REDIRECT] 
2025-07-19 23:45:55,643 [ERROR] LogOutputStream:75 - [STDERR_REDIRECT] [Fatal Error] :1:1: Premature end of file.
2025-07-19 23:45:55,643 [ERROR] LogOutputStream:75 - [STDERR_REDIRECT] 
2025-07-19 23:45:56,644 [ERROR] LogOutputStream:75 - [STDERR_REDIRECT] [Fatal Error] :1:1: Premature end of file.
2025-07-19 23:45:56,644 [ERROR] LogOutputStream:75 - [STDERR_REDIRECT] 
2025-07-19 23:45:57,651 [ERROR] LogOutputStream:75 - [STDERR_REDIRECT] [Fatal Error] :1:1: Premature end of file.
2025-07-19 23:45:57,651 [ERROR] LogOutputStream:75 - [STDERR_REDIRECT] 
2025-07-19 23:45:58,652 [ERROR] LogOutputStream:75 - [STDERR_REDIRECT] [Fatal Error] :1:1: Premature end of file.
2025-07-19 23:45:58,652 [ERROR] LogOutputStream:75 - [STDERR_REDIRECT] 
2025-07-19 23:45:59,625 [ERROR] LogOutputStream:75 - [STDERR_REDIRECT] [Fatal Error] :1:1: Premature end of file.
2025-07-19 23:45:59,625 [ERROR] LogOutputStream:75 - [STDERR_REDIRECT] 
2025-07-19 23:46:00,641 [ERROR] LogOutputStream:75 - [STDERR_REDIRECT] [Fatal Error] :1:1: Premature end of file.
2025-07-19 23:46:00,641 [ERROR] LogOutputStream:75 - [STDERR_REDIRECT] 
2025-07-19 23:46:01,636 [ERROR] LogOutputStream:75 - [STDERR_REDIRECT] [Fatal Error] :1:1: Premature end of file.
2025-07-19 23:46:01,636 [ERROR] LogOutputStream:75 - [STDERR_REDIRECT] 
2025-07-19 23:46:02,637 [ERROR] LogOutputStream:75 - [STDERR_REDIRECT] [Fatal Error] :1:1: Premature end of file.
2025-07-19 23:46:02,637 [ERROR] LogOutputStream:75 - [STDERR_REDIRECT] 
2025-07-19 23:46:03,648 [ERROR] LogOutputStream:75 - [STDERR_REDIRECT] [Fatal Error] :1:1: Premature end of file.
2025-07-19 23:46:03,648 [ERROR] LogOutputStream:75 - [STDERR_REDIRECT] 
2025-07-19 23:46:04,649 [ERROR] LogOutputStream:75 - [STDERR_REDIRECT] [Fatal Error] :1:1: Premature end of file.
2025-07-19 23:46:04,649 [ERROR] LogOutputStream:75 - [STDERR_REDIRECT] 
2025-07-19 23:46:05,638 [ERROR] LogOutputStream:75 - [STDERR_REDIRECT] [Fatal Error] :1:1: Premature end of file.
2025-07-19 23:46:05,638 [ERROR] LogOutputStream:75 - [STDERR_REDIRECT] 
2025-07-19 23:46:06,633 [ERROR] LogOutputStream:75 - [STDERR_REDIRECT] [Fatal Error] :1:1: Premature end of file.
2025-07-19 23:46:06,633 [ERROR] LogOutputStream:75 - [STDERR_REDIRECT] 
2025-07-19 23:46:07,644 [ERROR] LogOutputStream:75 - [STDERR_REDIRECT] [Fatal Error] :1:1: Premature end of file.
2025-07-19 23:46:07,644 [ERROR] LogOutputStream:75 - [STDERR_REDIRECT] 
2025-07-19 23:46:08,644 [ERROR] LogOutputStream:75 - [STDERR_REDIRECT] [Fatal Error] :1:1: Premature end of file.
2025-07-19 23:46:08,644 [ERROR] LogOutputStream:75 - [STDERR_REDIRECT] 
2025-07-19 23:46:09,637 [ERROR] LogOutputStream:75 - [STDERR_REDIRECT] [Fatal Error] :1:1: Premature end of file.
2025-07-19 23:46:09,637 [ERROR] LogOutputStream:75 - [STDERR_REDIRECT] 
2025-07-19 23:46:10,650 [ERROR] LogOutputStream:75 - [STDERR_REDIRECT] [Fatal Error] :1:1: Premature end of file.
2025-07-19 23:46:10,650 [ERROR] LogOutputStream:75 - [STDERR_REDIRECT] 
2025-07-19 23:46:11,635 [ERROR] LogOutputStream:75 - [STDERR_REDIRECT] [Fatal Error] :1:1: Premature end of file.
2025-07-19 23:46:11,641 [ERROR] LogOutputStream:75 - [STDERR_REDIRECT] 
2025-07-19 23:46:12,648 [ERROR] LogOutputStream:75 - [STDERR_REDIRECT] [Fatal Error] :1:1: Premature end of file.
2025-07-19 23:46:12,648 [ERROR] LogOutputStream:75 - [STDERR_REDIRECT] 
2025-07-19 23:46:13,635 [ERROR] LogOutputStream:75 - [STDERR_REDIRECT] [Fatal Error] :1:1: Premature end of file.
2025-07-19 23:46:13,635 [ERROR] LogOutputStream:75 - [STDERR_REDIRECT] 
2025-07-19 23:46:14,646 [ERROR] LogOutputStream:75 - [STDERR_REDIRECT] [Fatal Error] :1:1: Premature end of file.
2025-07-19 23:46:14,646 [ERROR] LogOutputStream:75 - [STDERR_REDIRECT] 
2025-07-19 23:46:15,643 [ERROR] LogOutputStream:75 - [STDERR_REDIRECT] [Fatal Error] :1:1: Premature end of file.
2025-07-19 23:46:15,643 [ERROR] LogOutputStream:75 - [STDERR_REDIRECT] 
2025-07-19 23:46:16,630 [ERROR] LogOutputStream:75 - [STDERR_REDIRECT] [Fatal Error] :1:1: Premature end of file.
2025-07-19 23:46:16,630 [ERROR] LogOutputStream:75 - [STDERR_REDIRECT] 
2025-07-19 23:46:17,644 [ERROR] LogOutputStream:75 - [STDERR_REDIRECT] [Fatal Error] :1:1: Premature end of file.
2025-07-19 23:46:17,644 [ERROR] LogOutputStream:75 - [STDERR_REDIRECT] 
2025-07-19 23:46:18,636 [ERROR] LogOutputStream:75 - [STDERR_REDIRECT] [Fatal Error] :1:1: Premature end of file.
2025-07-19 23:46:18,636 [ERROR] LogOutputStream:75 - [STDERR_REDIRECT] 
2025-07-19 23:46:19,643 [ERROR] LogOutputStream:75 - [STDERR_REDIRECT] [Fatal Error] :1:1: Premature end of file.
2025-07-19 23:46:19,643 [ERROR] LogOutputStream:75 - [STDERR_REDIRECT] 
2025-07-19 23:46:20,640 [ERROR] LogOutputStream:75 - [STDERR_REDIRECT] [Fatal Error] :1:1: Premature end of file.
2025-07-19 23:46:20,640 [ERROR] LogOutputStream:75 - [STDERR_REDIRECT] 
2025-07-19 23:46:21,636 [ERROR] LogOutputStream:75 - [STDERR_REDIRECT] [Fatal Error] :1:1: Premature end of file.
2025-07-19 23:46:21,636 [ERROR] LogOutputStream:75 - [STDERR_REDIRECT] 
2025-07-19 23:46:22,644 [ERROR] LogOutputStream:75 - [STDERR_REDIRECT] [Fatal Error] :1:1: Premature end of file.
2025-07-19 23:46:22,644 [ERROR] LogOutputStream:75 - [STDERR_REDIRECT] 
2025-07-19 23:46:23,634 [ERROR] LogOutputStream:75 - [STDERR_REDIRECT] [Fatal Error] :1:1: Premature end of file.
2025-07-19 23:46:23,634 [ERROR] LogOutputStream:75 - [STDERR_REDIRECT] 
2025-07-19 23:46:24,644 [ERROR] LogOutputStream:75 - [STDERR_REDIRECT] [Fatal Error] :1:1: Premature end of file.
2025-07-19 23:46:24,644 [ERROR] LogOutputStream:75 - [STDERR_REDIRECT] 
2025-07-19 23:46:25,648 [ERROR] LogOutputStream:75 - [STDERR_REDIRECT] [Fatal Error] :1:1: Premature end of file.
2025-07-19 23:46:25,648 [ERROR] LogOutputStream:75 - [STDERR_REDIRECT] 
2025-07-19 23:46:26,647 [ERROR] LogOutputStream:75 - [STDERR_REDIRECT] [Fatal Error] :1:1: Premature end of file.
2025-07-19 23:46:26,647 [ERROR] LogOutputStream:75 - [STDERR_REDIRECT] 
2025-07-19 23:46:27,629 [ERROR] LogOutputStream:75 - [STDERR_REDIRECT] [Fatal Error] :1:1: Premature end of file.
2025-07-19 23:46:27,630 [ERROR] LogOutputStream:75 - [STDERR_REDIRECT] 
2025-07-19 23:46:28,635 [ERROR] LogOutputStream:75 - [STDERR_REDIRECT] [Fatal Error] :1:1: Premature end of file.
2025-07-19 23:46:28,635 [ERROR] LogOutputStream:75 - [STDERR_REDIRECT] 
2025-07-19 23:46:29,638 [ERROR] LogOutputStream:75 - [STDERR_REDIRECT] [Fatal Error] :1:1: Premature end of file.
2025-07-19 23:46:29,638 [ERROR] LogOutputStream:75 - [STDERR_REDIRECT] 
2025-07-19 23:46:30,633 [ERROR] LogOutputStream:75 - [STDERR_REDIRECT] [Fatal Error] :1:1: Premature end of file.
2025-07-19 23:46:30,634 [ERROR] LogOutputStream:75 - [STDERR_REDIRECT] 
2025-07-19 23:46:31,644 [ERROR] LogOutputStream:75 - [STDERR_REDIRECT] [Fatal Error] :1:1: Premature end of file.
2025-07-19 23:46:31,645 [ERROR] LogOutputStream:75 - [STDERR_REDIRECT] 
2025-07-19 23:46:32,630 [ERROR] LogOutputStream:75 - [STDERR_REDIRECT] [Fatal Error] :1:1: Premature end of file.
2025-07-19 23:46:32,630 [ERROR] LogOutputStream:75 - [STDERR_REDIRECT] 
2025-07-19 23:46:33,638 [ERROR] LogOutputStream:75 - [STDERR_REDIRECT] [Fatal Error] :1:1: Premature end of file.
2025-07-19 23:46:33,638 [ERROR] LogOutputStream:75 - [STDERR_REDIRECT] 
2025-07-19 23:46:34,636 [ERROR] LogOutputStream:75 - [STDERR_REDIRECT] [Fatal Error] :1:1: Premature end of file.
2025-07-19 23:46:34,636 [ERROR] LogOutputStream:75 - [STDERR_REDIRECT] 
2025-07-19 23:46:35,647 [ERROR] LogOutputStream:75 - [STDERR_REDIRECT] [Fatal Error] :1:1: Premature end of file.
2025-07-19 23:46:35,647 [ERROR] LogOutputStream:75 - [STDERR_REDIRECT] 
2025-07-19 23:46:36,638 [ERROR] LogOutputStream:75 - [STDERR_REDIRECT] [Fatal Error] :1:1: Premature end of file.
2025-07-19 23:46:36,638 [ERROR] LogOutputStream:75 - [STDERR_REDIRECT] 
2025-07-19 23:46:37,634 [ERROR] LogOutputStream:75 - [STDERR_REDIRECT] [Fatal Error] :1:1: Premature end of file.
2025-07-19 23:46:37,634 [ERROR] LogOutputStream:75 - [STDERR_REDIRECT] 
2025-07-19 23:46:38,651 [ERROR] LogOutputStream:75 - [STDERR_REDIRECT] [Fatal Error] :1:1: Premature end of file.
2025-07-19 23:46:38,651 [ERROR] LogOutputStream:75 - [STDERR_REDIRECT] 
2025-07-19 23:46:39,643 [ERROR] LogOutputStream:75 - [STDERR_REDIRECT] [Fatal Error] :1:1: Premature end of file.
2025-07-19 23:46:39,644 [ERROR] LogOutputStream:75 - [STDERR_REDIRECT] 
2025-07-19 23:46:40,637 [ERROR] LogOutputStream:75 - [STDERR_REDIRECT] [Fatal Error] :1:1: Premature end of file.
2025-07-19 23:46:40,637 [ERROR] LogOutputStream:75 - [STDERR_REDIRECT] 
2025-07-19 23:46:41,656 [ERROR] LogOutputStream:75 - [STDERR_REDIRECT] [Fatal Error] :1:1: Premature end of file.
2025-07-19 23:46:41,656 [ERROR] LogOutputStream:75 - [STDERR_REDIRECT] 
2025-07-19 23:46:42,646 [ERROR] LogOutputStream:75 - [STDERR_REDIRECT] [Fatal Error] :1:1: Premature end of file.
2025-07-19 23:46:42,646 [ERROR] LogOutputStream:75 - [STDERR_REDIRECT] 
2025-07-19 23:46:43,634 [ERROR] LogOutputStream:75 - [STDERR_REDIRECT] [Fatal Error] :1:1: Premature end of file.
2025-07-19 23:46:43,634 [ERROR] LogOutputStream:75 - [STDERR_REDIRECT] 
2025-07-19 23:46:44,640 [ERROR] LogOutputStream:75 - [STDERR_REDIRECT] [Fatal Error] :1:1: Premature end of file.
2025-07-19 23:46:44,640 [ERROR] LogOutputStream:75 - [STDERR_REDIRECT] 
2025-07-19 23:46:45,648 [ERROR] LogOutputStream:75 - [STDERR_REDIRECT] [Fatal Error] :1:1: Premature end of file.
2025-07-19 23:46:45,648 [ERROR] LogOutputStream:75 - [STDERR_REDIRECT] 
2025-07-19 23:46:46,647 [ERROR] LogOutputStream:75 - [STDERR_REDIRECT] [Fatal Error] :1:1: Premature end of file.
2025-07-19 23:46:46,647 [ERROR] LogOutputStream:75 - [STDERR_REDIRECT] 
2025-07-19 23:46:47,636 [ERROR] LogOutputStream:75 - [STDERR_REDIRECT] [Fatal Error] :1:1: Premature end of file.
2025-07-19 23:46:47,636 [ERROR] LogOutputStream:75 - [STDERR_REDIRECT] 
2025-07-19 23:46:48,635 [ERROR] LogOutputStream:75 - [STDERR_REDIRECT] [Fatal Error] :1:1: Premature end of file.
2025-07-19 23:46:48,635 [ERROR] LogOutputStream:75 - [STDERR_REDIRECT] 
2025-07-19 23:46:49,631 [ERROR] LogOutputStream:75 - [STDERR_REDIRECT] [Fatal Error] :1:1: Premature end of file.
2025-07-19 23:46:49,631 [ERROR] LogOutputStream:75 - [STDERR_REDIRECT] 
2025-07-19 23:46:50,645 [ERROR] LogOutputStream:75 - [STDERR_REDIRECT] [Fatal Error] :1:1: Premature end of file.
2025-07-19 23:46:50,645 [ERROR] LogOutputStream:75 - [STDERR_REDIRECT] 
2025-07-19 23:46:51,639 [ERROR] LogOutputStream:75 - [STDERR_REDIRECT] [Fatal Error] :1:1: Premature end of file.
2025-07-19 23:46:51,639 [ERROR] LogOutputStream:75 - [STDERR_REDIRECT] 
2025-07-19 23:46:52,645 [ERROR] LogOutputStream:75 - [STDERR_REDIRECT] [Fatal Error] :1:1: Premature end of file.
2025-07-19 23:46:52,645 [ERROR] LogOutputStream:75 - [STDERR_REDIRECT] 
2025-07-19 23:46:53,647 [ERROR] LogOutputStream:75 - [STDERR_REDIRECT] [Fatal Error] :1:1: Premature end of file.
2025-07-19 23:46:53,647 [ERROR] LogOutputStream:75 - [STDERR_REDIRECT] 
2025-07-19 23:46:54,639 [ERROR] LogOutputStream:75 - [STDERR_REDIRECT] [Fatal Error] :1:1: Premature end of file.
2025-07-19 23:46:54,639 [ERROR] LogOutputStream:75 - [STDERR_REDIRECT] 
2025-07-19 23:46:55,644 [ERROR] LogOutputStream:75 - [STDERR_REDIRECT] [Fatal Error] :1:1: Premature end of file.
2025-07-19 23:46:55,644 [ERROR] LogOutputStream:75 - [STDERR_REDIRECT] 
2025-07-19 23:46:56,640 [ERROR] LogOutputStream:75 - [STDERR_REDIRECT] [Fatal Error] :1:1: Premature end of file.
2025-07-19 23:46:56,640 [ERROR] LogOutputStream:75 - [STDERR_REDIRECT] 
2025-07-19 23:46:57,637 [ERROR] LogOutputStream:75 - [STDERR_REDIRECT] [Fatal Error] :1:1: Premature end of file.
2025-07-19 23:46:57,637 [ERROR] LogOutputStream:75 - [STDERR_REDIRECT] 
2025-07-19 23:46:58,640 [ERROR] LogOutputStream:75 - [STDERR_REDIRECT] [Fatal Error] :1:1: Premature end of file.
2025-07-19 23:46:58,641 [ERROR] LogOutputStream:75 - [STDERR_REDIRECT] 
2025-07-19 23:46:59,646 [ERROR] LogOutputStream:75 - [STDERR_REDIRECT] [Fatal Error] :1:1: Premature end of file.
2025-07-19 23:46:59,647 [ERROR] LogOutputStream:75 - [STDERR_REDIRECT] 
2025-07-19 23:47:00,641 [ERROR] LogOutputStream:75 - [STDERR_REDIRECT] [Fatal Error] :1:1: Premature end of file.
2025-07-19 23:47:00,641 [ERROR] LogOutputStream:75 - [STDERR_REDIRECT] 
2025-07-19 23:47:01,634 [ERROR] LogOutputStream:75 - [STDERR_REDIRECT] [Fatal Error] :1:1: Premature end of file.
2025-07-19 23:47:01,634 [ERROR] LogOutputStream:75 - [STDERR_REDIRECT] 
2025-07-19 23:47:02,632 [ERROR] LogOutputStream:75 - [STDERR_REDIRECT] [Fatal Error] :1:1: Premature end of file.
2025-07-19 23:47:02,632 [ERROR] LogOutputStream:75 - [STDERR_REDIRECT] 
2025-07-19 23:47:03,649 [ERROR] LogOutputStream:75 - [STDERR_REDIRECT] [Fatal Error] :1:1: Premature end of file.
2025-07-19 23:47:03,649 [ERROR] LogOutputStream:75 - [STDERR_REDIRECT] 
2025-07-19 23:47:04,637 [ERROR] LogOutputStream:75 - [STDERR_REDIRECT] [Fatal Error] :1:1: Premature end of file.
2025-07-19 23:47:04,637 [ERROR] LogOutputStream:75 - [STDERR_REDIRECT] 
2025-07-19 23:47:05,647 [ERROR] LogOutputStream:75 - [STDERR_REDIRECT] [Fatal Error] :1:1: Premature end of file.
2025-07-19 23:47:05,647 [ERROR] LogOutputStream:75 - [STDERR_REDIRECT] 
2025-07-19 23:47:06,636 [ERROR] LogOutputStream:75 - [STDERR_REDIRECT] [Fatal Error] :1:1: Premature end of file.
2025-07-19 23:47:06,636 [ERROR] LogOutputStream:75 - [STDERR_REDIRECT] 
2025-07-19 23:47:07,643 [ERROR] LogOutputStream:75 - [STDERR_REDIRECT] [Fatal Error] :1:1: Premature end of file.
2025-07-19 23:47:07,643 [ERROR] LogOutputStream:75 - [STDERR_REDIRECT] 
2025-07-19 23:47:08,650 [ERROR] LogOutputStream:75 - [STDERR_REDIRECT] [Fatal Error] :1:1: Premature end of file.
2025-07-19 23:47:08,650 [ERROR] LogOutputStream:75 - [STDERR_REDIRECT] 
2025-07-19 23:47:09,643 [ERROR] LogOutputStream:75 - [STDERR_REDIRECT] [Fatal Error] :1:1: Premature end of file.
2025-07-19 23:47:09,643 [ERROR] LogOutputStream:75 - [STDERR_REDIRECT] 
2025-07-19 23:47:10,639 [ERROR] LogOutputStream:75 - [STDERR_REDIRECT] [Fatal Error] :1:1: Premature end of file.
2025-07-19 23:47:10,639 [ERROR] LogOutputStream:75 - [STDERR_REDIRECT] 
2025-07-19 23:47:11,647 [ERROR] LogOutputStream:75 - [STDERR_REDIRECT] [Fatal Error] :1:1: Premature end of file.
2025-07-19 23:47:11,648 [ERROR] LogOutputStream:75 - [STDERR_REDIRECT] 
2025-07-19 23:47:12,662 [ERROR] LogOutputStream:75 - [STDERR_REDIRECT] [Fatal Error] :1:1: Premature end of file.
2025-07-19 23:47:12,662 [ERROR] LogOutputStream:75 - [STDERR_REDIRECT] 
2025-07-19 23:47:13,625 [ERROR] LogOutputStream:75 - [STDERR_REDIRECT] [Fatal Error] :1:1: Premature end of file.
2025-07-19 23:47:13,625 [ERROR] LogOutputStream:75 - [STDERR_REDIRECT] 
2025-07-19 23:47:14,651 [ERROR] LogOutputStream:75 - [STDERR_REDIRECT] [Fatal Error] :1:1: Premature end of file.
2025-07-19 23:47:14,651 [ERROR] LogOutputStream:75 - [STDERR_REDIRECT] 
2025-07-19 23:47:15,625 [ERROR] LogOutputStream:75 - [STDERR_REDIRECT] [Fatal Error] :1:1: Premature end of file.
2025-07-19 23:47:15,625 [ERROR] LogOutputStream:75 - [STDERR_REDIRECT] 
2025-07-19 23:47:16,620 [ERROR] LogOutputStream:75 - [STDERR_REDIRECT] [Fatal Error] :1:1: Premature end of file.
2025-07-19 23:47:16,620 [ERROR] LogOutputStream:75 - [STDERR_REDIRECT] 
2025-07-19 23:47:17,622 [ERROR] LogOutputStream:75 - [STDERR_REDIRECT] [Fatal Error] :1:1: Premature end of file.
2025-07-19 23:47:17,622 [ERROR] LogOutputStream:75 - [STDERR_REDIRECT] 
2025-07-19 23:47:18,630 [ERROR] LogOutputStream:75 - [STDERR_REDIRECT] [Fatal Error] :1:1: Premature end of file.
2025-07-19 23:47:18,630 [ERROR] LogOutputStream:75 - [STDERR_REDIRECT] 
2025-07-19 23:47:19,624 [ERROR] LogOutputStream:75 - [STDERR_REDIRECT] [Fatal Error] :1:1: Premature end of file.
2025-07-19 23:47:19,624 [ERROR] LogOutputStream:75 - [STDERR_REDIRECT] 
2025-07-19 23:47:19,894 [ERROR] LogOutputStream:75 - [STDERR_REDIRECT] 
2025-07-19 23:47:19,897 [ERROR] LogOutputStream:75 - [STDERR_REDIRECT] 
