2025-08-26 06:54:55,802 [INFO] Activator:176 - 


2025-08-26 06:54:55,806 [INFO] Activator:177 - !SESSION log4j initialized
2025-08-26 06:54:59,502 [INFO] LogOutputStream:77 - [STDOUT_REDIRECT] 
2025-08-26 06:55:00,510 [INFO] ApplicationProperties:184 - Using Application install path: C:\ST\STM32CubeIDE_1.19.0\STM32CubeIDE\plugins\com.st.stm32cube.common.mx_6.15.0.202507011659
2025-08-26 06:55:00,524 [INFO] DbMcusXml:78 - Set database path to: C:\ST\STM32CubeIDE_1.19.0\STM32CubeIDE\plugins\com.st.stm32cube.common.mx_6.15.0.202507011659\\db\/mcu/
2025-08-26 06:55:00,524 [INFO] ApiDb:274 - Set plugin database path to: C:\ST\STM32CubeIDE_1.19.0\STM32CubeIDE\plugins\com.st.stm32cube.common.mx_6.15.0.202507011659\\db\/plugins/boardmanager/
2025-08-26 06:55:00,524 [WARN] ApiDb:259 - Overriding images path with different value:  => C:\ST\STM32CubeIDE_1.19.0\STM32CubeIDE\plugins\com.st.stm32cube.common.mx_6.15.0.202507011659\\db\/plugins/mcufinder/images/
2025-08-26 06:55:00,531 [INFO] ApiDb:250 - Set database path to: C:\Users\sumey\.stmcufinder\plugins\mcufinder//mcu/
2025-08-26 06:55:00,532 [INFO] DbMcusAds:125 - Set database path to: C:\Users\sumey\.stmcufinder\plugins\mcufinder//mcu/
2025-08-26 06:55:00,533 [INFO] CrossReferenceDbSqlite:203 - Set database path to: C:\Users\sumey\.stmcufinder\plugins\mcufinder//mcu/cs/
2025-08-26 06:55:00,610 [INFO] RulesReader:64 - Compatibility file has been processed (317 Rules)
2025-08-26 06:55:00,677 [INFO] DbMcusXml:78 - Set database path to: C:\ST\STM32CubeIDE_1.19.0\STM32CubeIDE\plugins\com.st.stm32cube.common.mx_6.15.0.202507011659\\db\/mcu/
2025-08-26 06:55:00,677 [INFO] ApiDb:274 - Set plugin database path to: C:\ST\STM32CubeIDE_1.19.0\STM32CubeIDE\plugins\com.st.stm32cube.common.mx_6.15.0.202507011659\\db\/plugins/boardmanager/
2025-08-26 06:55:00,677 [INFO] ApiDb:261 - Set plugin images path to: C:\ST\STM32CubeIDE_1.19.0\STM32CubeIDE\plugins\com.st.stm32cube.common.mx_6.15.0.202507011659\\db\/plugins/mcufinder/images/
2025-08-26 06:55:00,677 [WARN] DbFile:41 - Overriding database path with different value: C:\Users\sumey\.stmcufinder\plugins\mcufinder/ => C:\Users\sumey\.stmcufinder\plugins\mcufinder
2025-08-26 06:55:00,677 [INFO] ApiDb:250 - Set database path to: C:\Users\sumey\.stmcufinder\plugins\mcufinder//mcu/
2025-08-26 06:55:00,677 [WARN] DbFile:41 - Overriding database path with different value: C:\Users\sumey\.stmcufinder\plugins\mcufinder/ => C:\Users\sumey\.stmcufinder\plugins\mcufinder
2025-08-26 06:55:00,677 [INFO] DbMcusAds:125 - Set database path to: C:\Users\sumey\.stmcufinder\plugins\mcufinder//mcu/
2025-08-26 06:55:00,677 [WARN] DbFile:41 - Overriding database path with different value: C:\Users\sumey\.stmcufinder\plugins\mcufinder/ => C:\Users\sumey\.stmcufinder\plugins\mcufinder
2025-08-26 06:55:00,678 [WARN] DbFile:41 - Overriding database path with different value: C:\Users\sumey\.stmcufinder\plugins\mcufinder/ => C:\Users\sumey\.stmcufinder\plugins\mcufinder
2025-08-26 06:55:00,678 [INFO] CrossReferenceDbSqlite:203 - Set database path to: C:\Users\sumey\.stmcufinder\plugins\mcufinder//mcu/cs/
2025-08-26 06:55:00,729 [INFO] MainPanel:274 - HeapMemory: 268435456
2025-08-26 06:55:00,807 [INFO] DbMcusXml:78 - Set database path to: C:\ST\STM32CubeIDE_1.19.0\STM32CubeIDE\plugins\com.st.stm32cube.common.mx_6.15.0.202507011659\\db\/mcu/
2025-08-26 06:55:00,807 [INFO] ApiDb:274 - Set plugin database path to: C:\ST\STM32CubeIDE_1.19.0\STM32CubeIDE\plugins\com.st.stm32cube.common.mx_6.15.0.202507011659\\db\/plugins/boardmanager/
2025-08-26 06:55:00,807 [INFO] ApiDb:261 - Set plugin images path to: C:\ST\STM32CubeIDE_1.19.0\STM32CubeIDE\plugins\com.st.stm32cube.common.mx_6.15.0.202507011659\\db\/plugins/mcufinder/images/
2025-08-26 06:55:00,808 [WARN] DbFile:41 - Overriding database path with different value: C:\Users\sumey\.stmcufinder\plugins\mcufinder/ => C:\Users\sumey\.stmcufinder\plugins\mcufinder
2025-08-26 06:55:00,808 [INFO] ApiDb:250 - Set database path to: C:\Users\sumey\.stmcufinder\plugins\mcufinder//mcu/
2025-08-26 06:55:00,808 [WARN] DbFile:41 - Overriding database path with different value: C:\Users\sumey\.stmcufinder\plugins\mcufinder/ => C:\Users\sumey\.stmcufinder\plugins\mcufinder
2025-08-26 06:55:00,808 [INFO] DbMcusAds:125 - Set database path to: C:\Users\sumey\.stmcufinder\plugins\mcufinder//mcu/
2025-08-26 06:55:00,808 [WARN] DbFile:41 - Overriding database path with different value: C:\Users\sumey\.stmcufinder\plugins\mcufinder/ => C:\Users\sumey\.stmcufinder\plugins\mcufinder
2025-08-26 06:55:00,808 [WARN] DbFile:41 - Overriding database path with different value: C:\Users\sumey\.stmcufinder\plugins\mcufinder/ => C:\Users\sumey\.stmcufinder\plugins\mcufinder
2025-08-26 06:55:00,808 [INFO] CrossReferenceDbSqlite:203 - Set database path to: C:\Users\sumey\.stmcufinder\plugins\mcufinder//mcu/cs/
2025-08-26 06:55:00,820 [INFO] ApplicationProperties:184 - Using Application install path: C:\ST\STM32CubeIDE_1.19.0\STM32CubeIDE\plugins\com.st.stm32cube.common.mx_6.15.0.202507011659
2025-08-26 06:55:00,821 [INFO] PluginManage:196 - Search for loadable plugins [exclusion list=, ]
2025-08-26 06:55:00,822 [INFO] PluginManage:310 - Check plugin analytics
2025-08-26 06:55:00,938 [INFO] AnalyticsPlugin:253 - Accepted Software Licenses: 
2025-08-26 06:55:00,939 [INFO] AnalyticsPlugin:255 - Accepted CMSIS Pack Licenses: 
2025-08-26 06:55:00,939 [INFO] AnalyticsPlugin:257 - Accepted Firmware Licenses: FW.H7.1.12.0
2025-08-26 06:55:00,940 [INFO] PluginManage:359 - Loaded plugin analytics (category:tool,tabindex:-1)
2025-08-26 06:55:00,940 [INFO] PluginManage:310 - Check plugin cadmodel
2025-08-26 06:55:00,944 [INFO] CADModel:105 - Init CAD model plugin
2025-08-26 06:55:00,944 [INFO] PluginManage:359 - Loaded plugin cadmodel (category:power,tabindex:5)
2025-08-26 06:55:00,944 [INFO] PluginManage:310 - Check plugin clock
2025-08-26 06:55:00,950 [INFO] PluginManage:359 - Loaded plugin clock (category:base,tabindex:2)
2025-08-26 06:55:00,951 [INFO] PluginManage:310 - Check plugin ddr
2025-08-26 06:55:00,952 [INFO] PluginManage:359 - Loaded plugin ddr (category:tool,tabindex:6)
2025-08-26 06:55:00,953 [INFO] PluginManage:310 - Check plugin filemanager
2025-08-26 06:55:01,057 [INFO] PluginManage:359 - Loaded plugin filemanager (category:base,tabindex:10)
2025-08-26 06:55:01,057 [INFO] PluginManage:310 - Check plugin ipmanager
2025-08-26 06:55:01,061 [INFO] PluginManage:359 - Loaded plugin ipmanager (category:base,tabindex:5)
2025-08-26 06:55:01,061 [INFO] PluginManage:310 - Check plugin lpbam
2025-08-26 06:55:01,067 [INFO] PluginManage:359 - Loaded plugin lpbam (category:base,tabindex:0)
2025-08-26 06:55:01,067 [INFO] PluginManage:310 - Check plugin memorymap
2025-08-26 06:55:01,078 [INFO] PluginManage:359 - Loaded plugin memorymap (category:base,tabindex:4)
2025-08-26 06:55:01,078 [INFO] PluginManage:310 - Check plugin pinoutandconfiguration
2025-08-26 06:55:01,084 [INFO] PluginManage:359 - Loaded plugin pinoutandconfiguration (category:base,tabindex:1)
2025-08-26 06:55:01,085 [INFO] PluginManage:310 - Check plugin pinoutconfig
2025-08-26 06:55:01,152 [WARN] SupportedApi:132 - Cannot load RTOS API schema: s4s-elt-must-match.1: The content of 'definitions' must match (annotation?, (simpleType | complexType)?, (unique | key | keyref)*)). A problem was found starting at: attribute.
2025-08-26 06:55:01,254 [INFO] PluginManage:359 - Loaded plugin pinoutconfig (category:base,tabindex:0)
2025-08-26 06:55:01,254 [INFO] PluginManage:310 - Check plugin power
2025-08-26 06:55:01,261 [INFO] PluginManage:359 - Loaded plugin power (category:power,tabindex:4)
2025-08-26 06:55:01,261 [INFO] PluginManage:310 - Check plugin projectmanager
2025-08-26 06:55:01,272 [INFO] PluginManage:359 - Loaded plugin projectmanager (category:projectmanager,tabindex:4)
2025-08-26 06:55:01,272 [INFO] PluginManage:310 - Check plugin rif
2025-08-26 06:55:01,281 [INFO] PluginManage:359 - Loaded plugin rif (category:base,tabindex:3)
2025-08-26 06:55:01,281 [INFO] PluginManage:310 - Check plugin thirdparty
2025-08-26 06:55:01,402 [INFO] PluginManage:359 - Loaded plugin thirdparty (category:base,tabindex:-1)
2025-08-26 06:55:01,402 [WARN] IntegrityCheckThread:84 - waiting for thirdparty lock release [integrity check]
2025-08-26 06:55:01,403 [INFO] PluginManage:310 - Check plugin tools
2025-08-26 06:55:01,403 [INFO] IntegrityCheckThread:86 - entering critical section [integrity check]
2025-08-26 06:55:01,403 [INFO] ThirdPartyUpdaterWithRetryManager:70 - Updater plugin not ready yet. [1/15]
2025-08-26 06:55:01,405 [INFO] PluginManage:359 - Loaded plugin tools (category:base,tabindex:7)
2025-08-26 06:55:01,405 [INFO] PluginManage:310 - Check plugin tutovideos
2025-08-26 06:55:01,574 [INFO] PluginManage:359 - Loaded plugin tutovideos (category:base,tabindex:-1)
2025-08-26 06:55:01,575 [INFO] PluginManage:310 - Check plugin updater
2025-08-26 06:55:01,589 [INFO] PluginManage:359 - Loaded plugin updater (category:base,tabindex:12)
2025-08-26 06:55:01,589 [INFO] PluginManage:310 - Check plugin userauth
2025-08-26 06:55:01,592 [INFO] UserAuth:118 - Init User Auth plugin
2025-08-26 06:55:01,593 [INFO] PluginManage:359 - Loaded plugin userauth (category:base,tabindex:14)
2025-08-26 06:55:01,593 [INFO] PluginManage:283 - PluginManage : Loaded plugins [18]
2025-08-26 06:55:01,739 [INFO] PinOutPanel:1589 - setPackage(No Configuration,No Configuration)
2025-08-26 06:55:01,796 [INFO] CADModel:165 - CPN selected for project level
2025-08-26 06:55:01,796 [INFO] CADModel:114 - Register for checkConnection events
2025-08-26 06:55:01,809 [INFO] IPUIPlugin:80 - create IPUIPlugin
2025-08-26 06:55:01,809 [INFO] PluginManager:220 - loadIPPluginJar : add adc
2025-08-26 06:55:01,810 [INFO] IPUIPlugin:80 - create IPUIPlugin
2025-08-26 06:55:01,811 [INFO] PluginManager:220 - loadIPPluginJar : add aes
2025-08-26 06:55:01,812 [INFO] IPUIPlugin:80 - create IPUIPlugin
2025-08-26 06:55:01,812 [INFO] PluginManager:220 - loadIPPluginJar : add can
2025-08-26 06:55:01,813 [INFO] IPUIPlugin:80 - create IPUIPlugin
2025-08-26 06:55:01,813 [INFO] PluginManager:220 - loadIPPluginJar : add comp
2025-08-26 06:55:01,815 [INFO] IPUIPlugin:80 - create IPUIPlugin
2025-08-26 06:55:01,815 [INFO] PluginManager:220 - loadIPPluginJar : add cryp
2025-08-26 06:55:01,817 [INFO] IPUIPlugin:80 - create IPUIPlugin
2025-08-26 06:55:01,817 [INFO] PluginManager:220 - loadIPPluginJar : add ddr_ctrl_phy
2025-08-26 06:55:01,818 [INFO] IPUIPlugin:80 - create IPUIPlugin
2025-08-26 06:55:01,818 [INFO] PluginManager:220 - loadIPPluginJar : add dfsdm
2025-08-26 06:55:01,822 [INFO] IPUIPlugin:80 - create IPUIPlugin
2025-08-26 06:55:01,822 [INFO] PluginManager:220 - loadIPPluginJar : add dma
2025-08-26 06:55:01,824 [INFO] IPUIPlugin:80 - create IPUIPlugin
2025-08-26 06:55:01,824 [INFO] PluginManager:220 - loadIPPluginJar : add dma3
2025-08-26 06:55:01,826 [INFO] IPUIPlugin:80 - create IPUIPlugin
2025-08-26 06:55:01,826 [INFO] PluginManager:220 - loadIPPluginJar : add extmemmanager
2025-08-26 06:55:01,827 [INFO] IPUIPlugin:80 - create IPUIPlugin
2025-08-26 06:55:01,827 [INFO] PluginManager:220 - loadIPPluginJar : add fatfs
2025-08-26 06:55:01,830 [INFO] IPUIPlugin:80 - create IPUIPlugin
2025-08-26 06:55:01,830 [INFO] PluginManager:220 - loadIPPluginJar : add fmc
2025-08-26 06:55:01,834 [INFO] IPUIPlugin:80 - create IPUIPlugin
2025-08-26 06:55:01,834 [INFO] PluginManager:220 - loadIPPluginJar : add freertos
2025-08-26 06:55:01,835 [INFO] IPUIPlugin:80 - create IPUIPlugin
2025-08-26 06:55:01,835 [INFO] PluginManager:220 - loadIPPluginJar : add genericplugin
2025-08-26 06:55:01,837 [INFO] IPUIPlugin:80 - create IPUIPlugin
2025-08-26 06:55:01,837 [INFO] PluginManager:220 - loadIPPluginJar : add gfxmmu
2025-08-26 06:55:01,840 [INFO] IPUIPlugin:80 - create IPUIPlugin
2025-08-26 06:55:01,840 [INFO] PluginManager:220 - loadIPPluginJar : add gic
2025-08-26 06:55:01,842 [INFO] IPUIPlugin:80 - create IPUIPlugin
2025-08-26 06:55:01,842 [INFO] PluginManager:220 - loadIPPluginJar : add gpio
2025-08-26 06:55:01,844 [INFO] IPUIPlugin:80 - create IPUIPlugin
2025-08-26 06:55:01,844 [INFO] PluginManager:220 - loadIPPluginJar : add gtzc
2025-08-26 06:55:01,846 [INFO] IPUIPlugin:80 - create IPUIPlugin
2025-08-26 06:55:01,846 [INFO] PluginManager:220 - loadIPPluginJar : add hash
2025-08-26 06:55:01,847 [INFO] IPUIPlugin:80 - create IPUIPlugin
2025-08-26 06:55:01,847 [INFO] PluginManager:220 - loadIPPluginJar : add i2c
2025-08-26 06:55:01,849 [INFO] IPUIPlugin:80 - create IPUIPlugin
2025-08-26 06:55:01,849 [INFO] PluginManager:220 - loadIPPluginJar : add i2s
2025-08-26 06:55:01,851 [INFO] IPUIPlugin:80 - create IPUIPlugin
2025-08-26 06:55:01,851 [INFO] PluginManager:220 - loadIPPluginJar : add i3c
2025-08-26 06:55:01,853 [INFO] IPUIPlugin:80 - create IPUIPlugin
2025-08-26 06:55:01,853 [INFO] PluginManager:220 - loadIPPluginJar : add ipddr
2025-08-26 06:55:01,858 [INFO] IPUIPlugin:80 - create IPUIPlugin
2025-08-26 06:55:01,859 [INFO] PluginManager:220 - loadIPPluginJar : add linkedlist
2025-08-26 06:55:01,861 [INFO] IPUIPlugin:80 - create IPUIPlugin
2025-08-26 06:55:01,861 [INFO] PluginManager:220 - loadIPPluginJar : add lorawan
2025-08-26 06:55:01,862 [INFO] IPUIPlugin:80 - create IPUIPlugin
2025-08-26 06:55:01,862 [INFO] PluginManager:220 - loadIPPluginJar : add ltdc
2025-08-26 06:55:01,866 [INFO] IPUIPlugin:80 - create IPUIPlugin
2025-08-26 06:55:01,866 [INFO] PluginManager:220 - loadIPPluginJar : add mdma
2025-08-26 06:55:01,868 [INFO] IPUIPlugin:80 - create IPUIPlugin
2025-08-26 06:55:01,868 [INFO] PluginManager:220 - loadIPPluginJar : add nvic
2025-08-26 06:55:01,870 [INFO] IPUIPlugin:80 - create IPUIPlugin
2025-08-26 06:55:01,870 [INFO] PluginManager:220 - loadIPPluginJar : add opamp
2025-08-26 06:55:01,872 [INFO] IPUIPlugin:80 - create IPUIPlugin
2025-08-26 06:55:01,872 [INFO] PluginManager:220 - loadIPPluginJar : add openamp
2025-08-26 06:55:01,874 [INFO] IPUIPlugin:80 - create IPUIPlugin
2025-08-26 06:55:01,874 [INFO] PluginManager:220 - loadIPPluginJar : add pdm2pcm
2025-08-26 06:55:01,878 [INFO] IPUIPlugin:80 - create IPUIPlugin
2025-08-26 06:55:01,879 [INFO] PluginManager:220 - loadIPPluginJar : add plateformsettings
2025-08-26 06:55:01,880 [INFO] IPUIPlugin:80 - create IPUIPlugin
2025-08-26 06:55:01,880 [INFO] PluginManager:220 - loadIPPluginJar : add quadspi
2025-08-26 06:55:01,881 [INFO] IPUIPlugin:80 - create IPUIPlugin
2025-08-26 06:55:01,882 [INFO] PluginManager:220 - loadIPPluginJar : add radio
2025-08-26 06:55:01,884 [INFO] IPUIPlugin:80 - create IPUIPlugin
2025-08-26 06:55:01,884 [INFO] PluginManager:220 - loadIPPluginJar : add resmgrutility
2025-08-26 06:55:01,886 [INFO] IPUIPlugin:80 - create IPUIPlugin
2025-08-26 06:55:01,886 [INFO] PluginManager:220 - loadIPPluginJar : add sai
2025-08-26 06:55:01,888 [INFO] IPUIPlugin:80 - create IPUIPlugin
2025-08-26 06:55:01,888 [INFO] PluginManager:220 - loadIPPluginJar : add spi
2025-08-26 06:55:01,892 [INFO] IPUIPlugin:80 - create IPUIPlugin
2025-08-26 06:55:01,892 [INFO] PluginManager:220 - loadIPPluginJar : add stm32_wpan
2025-08-26 06:55:01,893 [INFO] IPUIPlugin:80 - create IPUIPlugin
2025-08-26 06:55:01,893 [INFO] PluginManager:220 - loadIPPluginJar : add tim
2025-08-26 06:55:01,896 [INFO] IPUIPlugin:80 - create IPUIPlugin
2025-08-26 06:55:01,896 [INFO] PluginManager:220 - loadIPPluginJar : add touchsensing
2025-08-26 06:55:01,897 [INFO] IPUIPlugin:80 - create IPUIPlugin
2025-08-26 06:55:01,897 [INFO] PluginManager:220 - loadIPPluginJar : add tracer_emb
2025-08-26 06:55:01,899 [INFO] IPUIPlugin:80 - create IPUIPlugin
2025-08-26 06:55:01,899 [INFO] PluginManager:220 - loadIPPluginJar : add ts
2025-08-26 06:55:01,900 [INFO] IPUIPlugin:80 - create IPUIPlugin
2025-08-26 06:55:01,900 [INFO] PluginManager:220 - loadIPPluginJar : add tsc
2025-08-26 06:55:01,901 [INFO] IPUIPlugin:80 - create IPUIPlugin
2025-08-26 06:55:01,901 [INFO] PluginManager:220 - loadIPPluginJar : add ucpd
2025-08-26 06:55:01,903 [INFO] IPUIPlugin:80 - create IPUIPlugin
2025-08-26 06:55:01,903 [INFO] PluginManager:220 - loadIPPluginJar : add usart
2025-08-26 06:55:01,905 [INFO] IPUIPlugin:80 - create IPUIPlugin
2025-08-26 06:55:01,905 [INFO] PluginManager:220 - loadIPPluginJar : add usbx
2025-08-26 06:55:02,011 [FATAL] Updater:351 - Updater called before beeing initialized
2025-08-26 06:55:02,043 [INFO] RulesReader:64 - Compatibility file has been processed (317 Rules)
2025-08-26 06:55:02,050 [INFO] RulesReader:64 - Compatibility file has been processed (317 Rules)
2025-08-26 06:55:02,060 [INFO] CADModel:165 - CPN selected for project level
2025-08-26 06:55:02,060 [INFO] CADModel:114 - Register for checkConnection events
2025-08-26 06:55:02,060 [FATAL] Updater:351 - Updater called before beeing initialized
2025-08-26 06:55:02,060 [ERROR] CADModel:125 - Updater not yet initialized, retry later 
2025-08-26 06:55:02,180 [FATAL] Updater:351 - Updater called before beeing initialized
2025-08-26 06:55:02,182 [INFO] CADModel:165 - CPN selected for project level
2025-08-26 06:55:02,182 [INFO] CADModel:114 - Register for checkConnection events
2025-08-26 06:55:02,182 [FATAL] Updater:351 - Updater called before beeing initialized
2025-08-26 06:55:02,182 [ERROR] CADModel:125 - Updater not yet initialized, retry later 
2025-08-26 06:55:02,185 [FATAL] Updater:351 - Updater called before beeing initialized
2025-08-26 06:55:02,307 [FATAL] Updater:351 - Updater called before beeing initialized
2025-08-26 06:55:02,310 [INFO] DbMcusAds:53 - JSON generation date=Tue Jul 08 11:14:23 TRT 2025 (1751962463582)
2025-08-26 06:55:02,311 [FATAL] Updater:351 - Updater called before beeing initialized
2025-08-26 06:55:02,337 [WARN] DetailPanel:346 - Failed to get advertising image, set to default
2025-08-26 06:55:02,389 [FATAL] Updater:351 - Updater called before beeing initialized
2025-08-26 06:55:02,391 [FATAL] Updater:351 - Updater called before beeing initialized
2025-08-26 06:55:02,391 [FATAL] Updater:351 - Updater called before beeing initialized
2025-08-26 06:55:02,391 [WARN] DetailPanel:346 - Failed to get advertising image, set to default
2025-08-26 06:55:02,392 [FATAL] Updater:351 - Updater called before beeing initialized
2025-08-26 06:55:02,420 [ERROR] Updater:1198 - MainUpdater not yet initialized. External WinMGr cannot be set.
2025-08-26 06:55:02,421 [INFO] Updater:1134 - Updater Version found : 6.15.0
2025-08-26 06:55:02,434 [INFO] ApplicationProperties:184 - Using Application install path: C:\ST\STM32CubeIDE_1.19.0\STM32CubeIDE\plugins\com.st.stm32cube.common.mx_6.15.0.202507011659
2025-08-26 06:55:04,005 [ERROR] LogOutputStream:75 - [STDERR_REDIRECT] Aug 26, 2025 6:55:04 AM java.util.prefs.WindowsPreferences <init>
2025-08-26 06:55:04,007 [ERROR] LogOutputStream:75 - [STDERR_REDIRECT] WARNING: Could not open/create prefs root node Software\JavaSoft\Prefs at root 0xffffffff80000002. Windows RegCreateKeyEx(...) returned error code 5.
2025-08-26 06:55:04,007 [ERROR] LogOutputStream:75 - [STDERR_REDIRECT] 
2025-08-26 06:55:04,404 [INFO] ThirdPartyUpdaterWithRetryManager:70 - Updater plugin not ready yet. [2/15]
2025-08-26 06:55:04,463 [INFO] MainUpdater:2872 - connection check result : 10
2025-08-26 06:55:04,464 [INFO] MainUpdater:289 - Updater Check For Update Now.
2025-08-26 06:55:04,464 [INFO] MicroXplorer:498 - Change Database Version : DB.6.0.150
2025-08-26 06:55:04,472 [INFO] McuFinderGlobals:63 - Set McuFinder mode to 2 (CubeIDE integrated)
2025-08-26 06:55:04,473 [INFO] UserAuth:487 - Internet connection configuration mode: 1
2025-08-26 06:55:04,519 [INFO] JxBrowserEngine:152 - Initiate JxBrowser Engine with user profile folder
2025-08-26 06:55:04,634 [INFO] CheckServerUpdateThread:120 - End of CheckServer Thread
2025-08-26 06:55:05,940 [INFO] WebApp:169 - Instantiating new browser for Auth
2025-08-26 06:55:06,433 [INFO] WebApp:463 - Apply proxy settings
2025-08-26 06:55:06,434 [INFO] WebApp:548 - Chromium requires no authentication
2025-08-26 06:55:06,441 [INFO] WebApp:491 - Direct internet connection detected
2025-08-26 06:55:06,461 [INFO] WebApp:900 - Register for checkConnection events
2025-08-26 06:55:06,461 [INFO] WebApp:463 - Apply proxy settings
2025-08-26 06:55:06,461 [INFO] WebApp:548 - Chromium requires no authentication
2025-08-26 06:55:06,461 [INFO] WebApp:491 - Direct internet connection detected
2025-08-26 06:55:06,591 [INFO] WebApp:225 - Starting web application
2025-08-26 06:55:06,591 [INFO] WebApp:593 - Web application path used C:\ST\STM32CubeIDE_1.19.0\STM32CubeIDE\plugins\com.st.stm32cube.common.mx_6.15.0.202507011659\db\plugins\mcufinder\reactClient1\index.html
2025-08-26 06:55:06,721 [INFO] WebApp:191 - Connection restablished
2025-08-26 06:55:06,889 [INFO] UserAuth:487 - Internet connection configuration mode: 1
2025-08-26 06:55:06,955 [ERROR] LogOutputStream:75 - [STDERR_REDIRECT] [Fatal Error] :1:1: Premature end of file.
2025-08-26 06:55:06,956 [ERROR] LogOutputStream:75 - [STDERR_REDIRECT] 
2025-08-26 06:55:07,549 [WARN] PackLoader:240 - Cannot read IP mode file for STMicroelectronics.FP-SNS-MOTENVWB1.1.4.0
2025-08-26 06:55:07,555 [WARN] PackLoader:240 - Cannot read IP mode file for STMicroelectronics.FP-ATR-ASTRA1.2.0.2
2025-08-26 06:55:07,558 [WARN] PackLoader:240 - Cannot read IP mode file for STMicroelectronics.X-CUBE-SMBUS.2.1.0
2025-08-26 06:55:07,561 [WARN] PackLoader:240 - Cannot read IP mode file for STMicroelectronics.X-CUBE-ST60.1.0.0
2025-08-26 06:55:07,579 [WARN] PackLoader:240 - Cannot read IP mode file for STMicroelectronics.X-CUBE-AZRTOS-F7.1.1.0
2025-08-26 06:55:07,589 [WARN] PackLoader:240 - Cannot read IP mode file for WES.I-CUBE-Cesium.1.4.0
2025-08-26 06:55:07,611 [WARN] PackLoader:240 - Cannot read IP mode file for Infineon.AIROC-Wi-Fi-Bluetooth-STM32.1.7.0
2025-08-26 06:55:07,624 [WARN] PackLoader:240 - Cannot read IP mode file for Infineon.AIROC-Wi-Fi-Bluetooth-STM32.1.7.1
2025-08-26 06:55:07,639 [WARN] PackLoader:240 - Cannot read IP mode file for STMicroelectronics.X-CUBE-AZRTOS-H7.3.4.0
2025-08-26 06:55:07,645 [WARN] PackLoader:240 - Cannot read IP mode file for STMicroelectronics.X-CUBE-DISPLAY.3.0.0
2025-08-26 06:55:07,655 [WARN] PackLoader:240 - Cannot read IP mode file for STMicroelectronics.X-CUBE-NFC10.1.0.0
2025-08-26 06:55:07,660 [WARN] PackLoader:240 - Cannot read IP mode file for STMicroelectronics.X-CUBE-BLEMGR.4.0.0
2025-08-26 06:55:07,665 [WARN] PackLoader:240 - Cannot read IP mode file for emotas.I-CUBE-CANOPEN.1.3.0
2025-08-26 06:55:07,668 [WARN] ConditionMgr:438 - getConditionDescription Invalid condition id : Cortex-A Device cause : null
2025-08-26 06:55:07,678 [WARN] ConditionMgr:1044 - genDependencies : Invalid condition id : Cortex-A Device cause : null
2025-08-26 06:55:07,678 [WARN] ConditionMgr:1044 - genDependencies : Invalid condition id : Cortex-A Device cause : null
2025-08-26 06:55:07,678 [WARN] ConditionMgr:1044 - genDependencies : Invalid condition id : Cortex-A Device cause : null
2025-08-26 06:55:07,682 [WARN] PackLoader:240 - Cannot read IP mode file for STMicroelectronics.FP-SNS-STBOX1.2.1.0
2025-08-26 06:55:07,686 [WARN] PackLoader:240 - Cannot read IP mode file for STMicroelectronics.FP-SNS-SMARTAG2.1.2.0
2025-08-26 06:55:07,689 [WARN] PackLoader:240 - Cannot read IP mode file for STMicroelectronics.FP-SNS-FLIGHT1.5.1.0
2025-08-26 06:55:07,694 [INFO] LogOutputStream:77 - [STDOUT_REDIRECT] 1 : Invalid condition id : UX_CORESTACK_Condition cause : null
2025-08-26 06:55:07,695 [INFO] LogOutputStream:77 - [STDOUT_REDIRECT] 1 : Invalid condition id : UX_CORESTACK_Condition cause : null
2025-08-26 06:55:07,696 [INFO] LogOutputStream:77 - [STDOUT_REDIRECT] 1 : Invalid condition id : UX_CORESTACK_Condition cause : null
2025-08-26 06:55:07,697 [INFO] LogOutputStream:77 - [STDOUT_REDIRECT] 1 : Invalid condition id : UX_CORESTACK_Condition cause : null
2025-08-26 06:55:07,698 [INFO] LogOutputStream:77 - [STDOUT_REDIRECT] 1 : Invalid condition id : UX_CORESTACK_Condition cause : null
2025-08-26 06:55:07,700 [WARN] PackLoader:240 - Cannot read IP mode file for STMicroelectronics.X-CUBE-AZRTOS-WL.2.0.0
2025-08-26 06:55:07,704 [WARN] PackLoader:240 - Cannot read IP mode file for STMicroelectronics.FP-SNS-MOTENV1.5.0.0
2025-08-26 06:55:07,707 [WARN] PackLoader:240 - Cannot read IP mode file for WES.I-CUBE-Cesium.1.3.0
2025-08-26 06:55:07,713 [WARN] PackLoader:240 - Cannot read IP mode file for STMicroelectronics.X-CUBE-BLE2.3.3.0
2025-08-26 06:55:07,719 [WARN] PackLoader:240 - Cannot read IP mode file for STMicroelectronics.X-CUBE-NFC9.1.0.0
2025-08-26 06:55:07,723 [WARN] PackLoader:240 - Cannot read IP mode file for wolfSSL.I-CUBE-wolfSSL.5.8.0
2025-08-26 06:55:07,725 [WARN] PackLoader:240 - Cannot read IP mode file for wolfSSL.I-CUBE-wolfSSL.5.8.2
2025-08-26 06:55:07,728 [WARN] PackLoader:240 - Cannot read IP mode file for STMicroelectronics.X-CUBE-BLE1.7.1.0
2025-08-26 06:55:07,730 [WARN] PackLoader:240 - Cannot read IP mode file for wolfSSL.I-CUBE-wolfMQTT.1.19.2
2025-08-26 06:55:07,734 [WARN] PackLoader:240 - Cannot read IP mode file for STMicroelectronics.X-CUBE-EEPRMA1.5.2.0
2025-08-26 06:55:07,737 [WARN] PackLoader:240 - Cannot read IP mode file for STMicroelectronics.X-CUBE-AI.10.1.0
2025-08-26 06:55:07,748 [WARN] PackLoader:240 - Cannot read IP mode file for STMicroelectronics.X-CUBE-AZRTOS-G0.1.1.0
2025-08-26 06:55:07,755 [WARN] PackLoader:240 - Cannot read IP mode file for STMicroelectronics.X-CUBE-SAFEA1.1.2.2
2025-08-26 06:55:07,759 [WARN] PackLoader:240 - Cannot read IP mode file for STMicroelectronics.X-CUBE-NFC4.3.0.0
2025-08-26 06:55:07,765 [WARN] PackLoader:240 - Cannot read IP mode file for EmbeddedOffice.I-CUBE-FS-RTOS.1.0.1
2025-08-26 06:55:07,771 [WARN] PackLoader:240 - Cannot read IP mode file for STMicroelectronics.X-CUBE-WB05N.2.0.0
2025-08-26 06:55:07,775 [WARN] PackLoader:240 - Cannot read IP mode file for wolfSSL.I-CUBE-wolfTPM.3.8.0
2025-08-26 06:55:07,798 [WARN] PackLoader:240 - Cannot read IP mode file for STMicroelectronics.X-CUBE-TCPP.4.2.0
2025-08-26 06:55:07,804 [WARN] PackLoader:240 - Cannot read IP mode file for RealThread.X-CUBE-RT-Thread_Nano.4.1.1
2025-08-26 06:55:07,807 [WARN] PackLoader:240 - Cannot read IP mode file for STMicroelectronics.FP-ATR-SIGFOX1.3.2.0
2025-08-26 06:55:07,813 [WARN] PackLoader:240 - Cannot read IP mode file for STMicroelectronics.X-CUBE-EEPRMA1.5.1.0
2025-08-26 06:55:07,819 [WARN] PackLoader:240 - Cannot read IP mode file for ITTIA_DB.I-CUBE-ITTIADB.8.9.0
2025-08-26 06:55:07,825 [WARN] PackLoader:240 - Cannot read IP mode file for STMicroelectronics.X-CUBE-ST67W61.1.0.0
2025-08-26 06:55:07,826 [WARN] PackLoader:240 - Cannot read IP mode file for STMicroelectronics.X-CUBE-AI.10.2.0
2025-08-26 06:55:07,840 [WARN] PackLoader:240 - Cannot read IP mode file for SEGGER.I-CUBE-embOS.1.3.1
2025-08-26 06:55:07,862 [WARN] PackLoader:240 - Cannot read IP mode file for STMicroelectronics.X-CUBE-ALGOBUILD.1.4.0
2025-08-26 06:55:07,889 [WARN] PackLoader:240 - Cannot read IP mode file for STMicroelectronics.X-CUBE-MEMS1.11.3.0
2025-08-26 06:55:07,971 [ERROR] LogOutputStream:75 - [STDERR_REDIRECT] [Fatal Error] :1:1: Premature end of file.
2025-08-26 06:55:07,971 [ERROR] LogOutputStream:75 - [STDERR_REDIRECT] 
2025-08-26 06:55:07,978 [WARN] PackLoader:240 - Cannot read IP mode file for STMicroelectronics.X-CUBE-PM33A1.1.0.0
2025-08-26 06:55:07,986 [WARN] PackLoader:240 - Cannot read IP mode file for STMicroelectronics.X-CUBE-AZRTOS-F4.1.1.0
2025-08-26 06:55:07,990 [WARN] PackLoader:240 - Cannot read IP mode file for STMicroelectronics.X-CUBE-ISPU.2.1.0
2025-08-26 06:55:07,993 [WARN] PackLoader:240 - Cannot read IP mode file for STMicroelectronics.X-CUBE-NFC12.1.0.0
2025-08-26 06:55:08,005 [WARN] PackLoader:240 - Cannot read IP mode file for STMicroelectronics.X-CUBE-AZRTOS-L5.2.0.0
2025-08-26 06:55:08,010 [WARN] PackLoader:240 - Cannot read IP mode file for STMicroelectronics.X-CUBE-NFC6.3.1.0
2025-08-26 06:55:08,014 [WARN] PackLoader:240 - Cannot read IP mode file for STMicroelectronics.X-CUBE-FREERTOS.1.3.1
2025-08-26 06:55:08,017 [WARN] PackLoader:240 - Cannot read IP mode file for STMicroelectronics.FP-SNS-STAIOTCFT.1.0.0
2025-08-26 06:55:08,020 [WARN] PackLoader:240 - Cannot read IP mode file for STMicroelectronics.X-CUBE-DPower.1.3.0
2025-08-26 06:55:08,027 [WARN] ConditionMgr:438 - getConditionDescription Invalid condition id : LAN8742 Phy interface Condition cause : null
2025-08-26 06:55:08,027 [WARN] PackLoader:240 - Cannot read IP mode file for STMicroelectronics.X-CUBE-AZRTOS-L4.2.0.0
2025-08-26 06:55:08,028 [WARN] ConditionMgr:1044 - genDependencies : Invalid condition id : LAN8742 Phy interface Condition cause : null
2025-08-26 06:55:08,028 [WARN] ConditionMgr:1044 - genDependencies : Invalid condition id : LAN8742 Phy interface Condition cause : null
2025-08-26 06:55:08,028 [WARN] ConditionMgr:1044 - genDependencies : Invalid condition id : LAN8742 Phy interface Condition cause : null
2025-08-26 06:55:08,032 [WARN] PackLoader:240 - Cannot read IP mode file for STMicroelectronics.X-CUBE-SFXS2LP1.4.0.0
2025-08-26 06:55:08,040 [WARN] PackLoader:240 - Cannot read IP mode file for STMicroelectronics.X-CUBE-AZRTOS-H7.3.3.0
2025-08-26 06:55:08,045 [WARN] PackLoader:240 - Cannot read IP mode file for STMicroelectronics.X-CUBE-BLEMGR.4.1.0
2025-08-26 06:55:08,052 [WARN] ConditionMgr:438 - getConditionDescription Invalid condition id : UX DEVICE CLASS RTOS Condition cause : null
2025-08-26 06:55:08,052 [WARN] ConditionMgr:438 - getConditionDescription Invalid condition id : UX DEVICE CLASS RTOS Condition cause : null
2025-08-26 06:55:08,053 [WARN] PackLoader:240 - Cannot read IP mode file for STMicroelectronics.X-CUBE-AZRTOS-WB.2.0.0
2025-08-26 06:55:08,054 [WARN] ConditionMgr:1044 - genDependencies : Invalid condition id : UX DEVICE CLASS RTOS Condition cause : null
2025-08-26 06:55:08,054 [WARN] ConditionMgr:1044 - genDependencies : Invalid condition id : UX DEVICE CLASS RTOS Condition cause : null
2025-08-26 06:55:08,054 [WARN] ConditionMgr:1044 - genDependencies : Invalid condition id : UX DEVICE CLASS RTOS Condition cause : null
2025-08-26 06:55:08,054 [WARN] ConditionMgr:1044 - genDependencies : Invalid condition id : UX DEVICE CLASS RTOS Condition cause : null
2025-08-26 06:55:08,054 [WARN] ConditionMgr:1044 - genDependencies : Invalid condition id : UX DEVICE CLASS RTOS Condition cause : null
2025-08-26 06:55:08,057 [WARN] PackLoader:240 - Cannot read IP mode file for STMicroelectronics.X-CUBE-GNSS1.7.0.1
2025-08-26 06:55:08,062 [WARN] PackLoader:240 - Cannot read IP mode file for STMicroelectronics.X-CUBE-TOUCHGFX.4.25.0
2025-08-26 06:55:08,065 [WARN] PackLoader:240 - Cannot read IP mode file for STMicroelectronics.FP-SNS-STBOX1.2.0.0
2025-08-26 06:55:08,069 [WARN] ConditionMgr:438 - getConditionDescription Invalid condition id : Cortex-A Device cause : null
2025-08-26 06:55:08,073 [WARN] ConditionMgr:1044 - genDependencies : Invalid condition id : Cortex-A Device cause : null
2025-08-26 06:55:08,074 [WARN] ConditionMgr:1044 - genDependencies : Invalid condition id : Cortex-A Device cause : null
2025-08-26 06:55:08,074 [WARN] ConditionMgr:1044 - genDependencies : Invalid condition id : Cortex-A Device cause : null
2025-08-26 06:55:08,078 [WARN] PackLoader:240 - Cannot read IP mode file for STMicroelectronics.X-CUBE-SUBG2.5.0.0
2025-08-26 06:55:08,088 [WARN] PackLoader:240 - Cannot read IP mode file for STMicroelectronics.X-CUBE-AZRTOS-H7RS.1.1.0
2025-08-26 06:55:08,092 [WARN] PackLoader:240 - Cannot read IP mode file for Cesanta.I-CUBE-Mongoose.7.13.0
2025-08-26 06:55:08,098 [WARN] PackLoader:240 - Cannot read IP mode file for STMicroelectronics.X-CUBE-AZRTOS-G4.2.0.0
2025-08-26 06:55:08,102 [WARN] PackLoader:240 - Cannot read IP mode file for wolfSSL.I-CUBE-wolfSSH.1.4.20
2025-08-26 06:55:08,105 [WARN] PackLoader:240 - Cannot read IP mode file for STMicroelectronics.X-CUBE-NFC7.2.0.0
2025-08-26 06:55:08,111 [WARN] PackLoader:240 - Cannot read IP mode file for STMicroelectronics.X-CUBE-IPS.3.1.0
2025-08-26 06:55:08,118 [WARN] PackLoader:240 - Cannot read IP mode file for STMicroelectronics.X-CUBE-ALS.1.0.2
2025-08-26 06:55:08,121 [WARN] PackLoader:240 - Cannot read IP mode file for portGmbH.I-Cube-SoM-uGOAL.1.1.0
2025-08-26 06:55:08,126 [WARN] PackLoader:240 - Cannot read IP mode file for STMicroelectronics.X-CUBE-TOF1.3.4.3
2025-08-26 06:55:08,132 [INFO] ThirdParty:978 - Integrity check success = true
2025-08-26 06:55:08,132 [INFO] IntegrityCheckThread:100 - exiting critical section [integrity check]
2025-08-26 06:55:08,132 [INFO] IntegrityCheckThread:103 - End integrity checks thread
2025-08-26 06:55:08,939 [ERROR] LogOutputStream:75 - [STDERR_REDIRECT] [Fatal Error] :1:1: Premature end of file.
2025-08-26 06:55:08,939 [ERROR] LogOutputStream:75 - [STDERR_REDIRECT] 
2025-08-26 06:55:09,936 [ERROR] LogOutputStream:75 - [STDERR_REDIRECT] [Fatal Error] :1:1: Premature end of file.
2025-08-26 06:55:09,937 [ERROR] LogOutputStream:75 - [STDERR_REDIRECT] 
2025-08-26 06:55:10,944 [ERROR] LogOutputStream:75 - [STDERR_REDIRECT] [Fatal Error] :1:1: Premature end of file.
2025-08-26 06:55:10,944 [ERROR] LogOutputStream:75 - [STDERR_REDIRECT] 
2025-08-26 06:55:11,947 [ERROR] LogOutputStream:75 - [STDERR_REDIRECT] [Fatal Error] :1:1: Premature end of file.
2025-08-26 06:55:11,947 [ERROR] LogOutputStream:75 - [STDERR_REDIRECT] 
2025-08-26 06:55:12,947 [ERROR] LogOutputStream:75 - [STDERR_REDIRECT] [Fatal Error] :1:1: Premature end of file.
2025-08-26 06:55:12,947 [ERROR] LogOutputStream:75 - [STDERR_REDIRECT] 
2025-08-26 06:55:13,950 [ERROR] LogOutputStream:75 - [STDERR_REDIRECT] [Fatal Error] :1:1: Premature end of file.
2025-08-26 06:55:13,950 [ERROR] LogOutputStream:75 - [STDERR_REDIRECT] 
2025-08-26 06:55:14,946 [ERROR] LogOutputStream:75 - [STDERR_REDIRECT] [Fatal Error] :1:1: Premature end of file.
2025-08-26 06:55:14,946 [ERROR] LogOutputStream:75 - [STDERR_REDIRECT] 
2025-08-26 06:55:15,946 [ERROR] LogOutputStream:75 - [STDERR_REDIRECT] [Fatal Error] :1:1: Premature end of file.
2025-08-26 06:55:15,946 [ERROR] LogOutputStream:75 - [STDERR_REDIRECT] 
2025-08-26 06:55:16,934 [ERROR] LogOutputStream:75 - [STDERR_REDIRECT] [Fatal Error] :1:1: Premature end of file.
2025-08-26 06:55:16,934 [ERROR] LogOutputStream:75 - [STDERR_REDIRECT] 
2025-08-26 06:55:17,943 [ERROR] LogOutputStream:75 - [STDERR_REDIRECT] [Fatal Error] :1:1: Premature end of file.
2025-08-26 06:55:17,943 [ERROR] LogOutputStream:75 - [STDERR_REDIRECT] 
2025-08-26 06:55:18,945 [ERROR] LogOutputStream:75 - [STDERR_REDIRECT] [Fatal Error] :1:1: Premature end of file.
2025-08-26 06:55:18,945 [ERROR] LogOutputStream:75 - [STDERR_REDIRECT] 
2025-08-26 06:55:19,951 [ERROR] LogOutputStream:75 - [STDERR_REDIRECT] [Fatal Error] :1:1: Premature end of file.
2025-08-26 06:55:19,951 [ERROR] LogOutputStream:75 - [STDERR_REDIRECT] 
2025-08-26 06:55:20,934 [ERROR] LogOutputStream:75 - [STDERR_REDIRECT] [Fatal Error] :1:1: Premature end of file.
2025-08-26 06:55:20,934 [ERROR] LogOutputStream:75 - [STDERR_REDIRECT] 
2025-08-26 06:55:21,942 [ERROR] LogOutputStream:75 - [STDERR_REDIRECT] [Fatal Error] :1:1: Premature end of file.
2025-08-26 06:55:21,943 [ERROR] LogOutputStream:75 - [STDERR_REDIRECT] 
2025-08-26 06:55:22,947 [ERROR] LogOutputStream:75 - [STDERR_REDIRECT] [Fatal Error] :1:1: Premature end of file.
2025-08-26 06:55:22,947 [ERROR] LogOutputStream:75 - [STDERR_REDIRECT] 
2025-08-26 06:55:23,942 [ERROR] LogOutputStream:75 - [STDERR_REDIRECT] [Fatal Error] :1:1: Premature end of file.
2025-08-26 06:55:23,942 [ERROR] LogOutputStream:75 - [STDERR_REDIRECT] 
2025-08-26 06:55:24,933 [ERROR] LogOutputStream:75 - [STDERR_REDIRECT] [Fatal Error] :1:1: Premature end of file.
2025-08-26 06:55:24,933 [ERROR] LogOutputStream:75 - [STDERR_REDIRECT] 
2025-08-26 06:55:25,937 [ERROR] LogOutputStream:75 - [STDERR_REDIRECT] [Fatal Error] :1:1: Premature end of file.
2025-08-26 06:55:25,937 [ERROR] LogOutputStream:75 - [STDERR_REDIRECT] 
2025-08-26 06:55:26,950 [ERROR] LogOutputStream:75 - [STDERR_REDIRECT] [Fatal Error] :1:1: Premature end of file.
2025-08-26 06:55:26,950 [ERROR] LogOutputStream:75 - [STDERR_REDIRECT] 
2025-08-26 06:55:27,944 [ERROR] LogOutputStream:75 - [STDERR_REDIRECT] [Fatal Error] :1:1: Premature end of file.
2025-08-26 06:55:27,944 [ERROR] LogOutputStream:75 - [STDERR_REDIRECT] 
2025-08-26 06:55:28,951 [ERROR] LogOutputStream:75 - [STDERR_REDIRECT] [Fatal Error] :1:1: Premature end of file.
2025-08-26 06:55:28,951 [ERROR] LogOutputStream:75 - [STDERR_REDIRECT] 
2025-08-26 06:55:29,935 [ERROR] LogOutputStream:75 - [STDERR_REDIRECT] [Fatal Error] :1:1: Premature end of file.
2025-08-26 06:55:29,935 [ERROR] LogOutputStream:75 - [STDERR_REDIRECT] 
2025-08-26 06:55:30,939 [ERROR] LogOutputStream:75 - [STDERR_REDIRECT] [Fatal Error] :1:1: Premature end of file.
2025-08-26 06:55:30,939 [ERROR] LogOutputStream:75 - [STDERR_REDIRECT] 
2025-08-26 06:55:31,934 [ERROR] LogOutputStream:75 - [STDERR_REDIRECT] [Fatal Error] :1:1: Premature end of file.
2025-08-26 06:55:31,934 [ERROR] LogOutputStream:75 - [STDERR_REDIRECT] 
2025-08-26 06:55:32,951 [ERROR] LogOutputStream:75 - [STDERR_REDIRECT] [Fatal Error] :1:1: Premature end of file.
2025-08-26 06:55:32,952 [ERROR] LogOutputStream:75 - [STDERR_REDIRECT] 
2025-08-26 06:55:33,945 [ERROR] LogOutputStream:75 - [STDERR_REDIRECT] [Fatal Error] :1:1: Premature end of file.
2025-08-26 06:55:33,945 [ERROR] LogOutputStream:75 - [STDERR_REDIRECT] 
2025-08-26 06:55:34,943 [ERROR] LogOutputStream:75 - [STDERR_REDIRECT] [Fatal Error] :1:1: Premature end of file.
2025-08-26 06:55:34,943 [ERROR] LogOutputStream:75 - [STDERR_REDIRECT] 
2025-08-26 06:55:35,935 [ERROR] LogOutputStream:75 - [STDERR_REDIRECT] [Fatal Error] :1:1: Premature end of file.
2025-08-26 06:55:35,935 [ERROR] LogOutputStream:75 - [STDERR_REDIRECT] 
2025-08-26 06:55:36,943 [ERROR] LogOutputStream:75 - [STDERR_REDIRECT] [Fatal Error] :1:1: Premature end of file.
2025-08-26 06:55:36,943 [ERROR] LogOutputStream:75 - [STDERR_REDIRECT] 
2025-08-26 06:55:37,932 [ERROR] LogOutputStream:75 - [STDERR_REDIRECT] [Fatal Error] :1:1: Premature end of file.
2025-08-26 06:55:37,932 [ERROR] LogOutputStream:75 - [STDERR_REDIRECT] 
2025-08-26 06:55:38,931 [ERROR] LogOutputStream:75 - [STDERR_REDIRECT] [Fatal Error] :1:1: Premature end of file.
2025-08-26 06:55:38,932 [ERROR] LogOutputStream:75 - [STDERR_REDIRECT] 
2025-08-26 06:55:39,934 [ERROR] LogOutputStream:75 - [STDERR_REDIRECT] [Fatal Error] :1:1: Premature end of file.
2025-08-26 06:55:39,934 [ERROR] LogOutputStream:75 - [STDERR_REDIRECT] 
2025-08-26 06:55:40,944 [ERROR] LogOutputStream:75 - [STDERR_REDIRECT] [Fatal Error] :1:1: Premature end of file.
2025-08-26 06:55:40,944 [ERROR] LogOutputStream:75 - [STDERR_REDIRECT] 
2025-08-26 06:55:41,934 [ERROR] LogOutputStream:75 - [STDERR_REDIRECT] [Fatal Error] :1:1: Premature end of file.
2025-08-26 06:55:41,935 [ERROR] LogOutputStream:75 - [STDERR_REDIRECT] 
2025-08-26 06:55:42,939 [ERROR] LogOutputStream:75 - [STDERR_REDIRECT] [Fatal Error] :1:1: Premature end of file.
2025-08-26 06:55:42,939 [ERROR] LogOutputStream:75 - [STDERR_REDIRECT] 
2025-08-26 06:55:43,940 [ERROR] LogOutputStream:75 - [STDERR_REDIRECT] [Fatal Error] :1:1: Premature end of file.
2025-08-26 06:55:43,940 [ERROR] LogOutputStream:75 - [STDERR_REDIRECT] 
2025-08-26 06:55:44,934 [ERROR] LogOutputStream:75 - [STDERR_REDIRECT] [Fatal Error] :1:1: Premature end of file.
2025-08-26 06:55:44,934 [ERROR] LogOutputStream:75 - [STDERR_REDIRECT] 
2025-08-26 06:55:45,948 [ERROR] LogOutputStream:75 - [STDERR_REDIRECT] [Fatal Error] :1:1: Premature end of file.
2025-08-26 06:55:45,948 [ERROR] LogOutputStream:75 - [STDERR_REDIRECT] 
2025-08-26 06:55:46,940 [ERROR] LogOutputStream:75 - [STDERR_REDIRECT] [Fatal Error] :1:1: Premature end of file.
2025-08-26 06:55:46,941 [ERROR] LogOutputStream:75 - [STDERR_REDIRECT] 
2025-08-26 06:55:47,942 [ERROR] LogOutputStream:75 - [STDERR_REDIRECT] [Fatal Error] :1:1: Premature end of file.
2025-08-26 06:55:47,942 [ERROR] LogOutputStream:75 - [STDERR_REDIRECT] 
2025-08-26 06:55:48,934 [ERROR] LogOutputStream:75 - [STDERR_REDIRECT] [Fatal Error] :1:1: Premature end of file.
2025-08-26 06:55:48,934 [ERROR] LogOutputStream:75 - [STDERR_REDIRECT] 
2025-08-26 06:55:49,937 [ERROR] LogOutputStream:75 - [STDERR_REDIRECT] [Fatal Error] :1:1: Premature end of file.
2025-08-26 06:55:49,938 [ERROR] LogOutputStream:75 - [STDERR_REDIRECT] 
2025-08-26 06:55:50,932 [ERROR] LogOutputStream:75 - [STDERR_REDIRECT] [Fatal Error] :1:1: Premature end of file.
2025-08-26 06:55:50,932 [ERROR] LogOutputStream:75 - [STDERR_REDIRECT] 
2025-08-26 06:55:51,930 [ERROR] LogOutputStream:75 - [STDERR_REDIRECT] [Fatal Error] :1:1: Premature end of file.
2025-08-26 06:55:51,930 [ERROR] LogOutputStream:75 - [STDERR_REDIRECT] 
2025-08-26 06:55:52,930 [ERROR] LogOutputStream:75 - [STDERR_REDIRECT] [Fatal Error] :1:1: Premature end of file.
2025-08-26 06:55:52,930 [ERROR] LogOutputStream:75 - [STDERR_REDIRECT] 
2025-08-26 06:55:53,944 [ERROR] LogOutputStream:75 - [STDERR_REDIRECT] [Fatal Error] :1:1: Premature end of file.
2025-08-26 06:55:53,944 [ERROR] LogOutputStream:75 - [STDERR_REDIRECT] 
2025-08-26 06:55:54,947 [ERROR] LogOutputStream:75 - [STDERR_REDIRECT] [Fatal Error] :1:1: Premature end of file.
2025-08-26 06:55:54,947 [ERROR] LogOutputStream:75 - [STDERR_REDIRECT] 
2025-08-26 06:55:55,945 [ERROR] LogOutputStream:75 - [STDERR_REDIRECT] [Fatal Error] :1:1: Premature end of file.
2025-08-26 06:55:55,946 [ERROR] LogOutputStream:75 - [STDERR_REDIRECT] 
2025-08-26 06:55:56,944 [ERROR] LogOutputStream:75 - [STDERR_REDIRECT] [Fatal Error] :1:1: Premature end of file.
2025-08-26 06:55:56,945 [ERROR] LogOutputStream:75 - [STDERR_REDIRECT] 
2025-08-26 06:55:57,945 [ERROR] LogOutputStream:75 - [STDERR_REDIRECT] [Fatal Error] :1:1: Premature end of file.
2025-08-26 06:55:57,945 [ERROR] LogOutputStream:75 - [STDERR_REDIRECT] 
2025-08-26 06:55:58,931 [ERROR] LogOutputStream:75 - [STDERR_REDIRECT] [Fatal Error] :1:1: Premature end of file.
2025-08-26 06:55:58,931 [ERROR] LogOutputStream:75 - [STDERR_REDIRECT] 
2025-08-26 06:55:59,943 [ERROR] LogOutputStream:75 - [STDERR_REDIRECT] [Fatal Error] :1:1: Premature end of file.
2025-08-26 06:55:59,943 [ERROR] LogOutputStream:75 - [STDERR_REDIRECT] 
2025-08-26 06:56:00,942 [ERROR] LogOutputStream:75 - [STDERR_REDIRECT] [Fatal Error] :1:1: Premature end of file.
2025-08-26 06:56:00,943 [ERROR] LogOutputStream:75 - [STDERR_REDIRECT] 
2025-08-26 06:56:01,930 [ERROR] LogOutputStream:75 - [STDERR_REDIRECT] [Fatal Error] :1:1: Premature end of file.
2025-08-26 06:56:01,930 [ERROR] LogOutputStream:75 - [STDERR_REDIRECT] 
2025-08-26 06:56:02,943 [ERROR] LogOutputStream:75 - [STDERR_REDIRECT] [Fatal Error] :1:1: Premature end of file.
2025-08-26 06:56:02,944 [ERROR] LogOutputStream:75 - [STDERR_REDIRECT] 
2025-08-26 06:56:03,941 [ERROR] LogOutputStream:75 - [STDERR_REDIRECT] [Fatal Error] :1:1: Premature end of file.
2025-08-26 06:56:03,943 [ERROR] LogOutputStream:75 - [STDERR_REDIRECT] 
2025-08-26 06:56:04,944 [ERROR] LogOutputStream:75 - [STDERR_REDIRECT] [Fatal Error] :1:1: Premature end of file.
2025-08-26 06:56:04,945 [ERROR] LogOutputStream:75 - [STDERR_REDIRECT] 
2025-08-26 06:56:05,943 [ERROR] LogOutputStream:75 - [STDERR_REDIRECT] [Fatal Error] :1:1: Premature end of file.
2025-08-26 06:56:05,944 [ERROR] LogOutputStream:75 - [STDERR_REDIRECT] 
2025-08-26 06:56:06,929 [ERROR] LogOutputStream:75 - [STDERR_REDIRECT] [Fatal Error] :1:1: Premature end of file.
2025-08-26 06:56:06,929 [ERROR] LogOutputStream:75 - [STDERR_REDIRECT] 
2025-08-26 06:56:07,945 [ERROR] LogOutputStream:75 - [STDERR_REDIRECT] [Fatal Error] :1:1: Premature end of file.
2025-08-26 06:56:07,945 [ERROR] LogOutputStream:75 - [STDERR_REDIRECT] 
2025-08-26 06:56:08,939 [ERROR] LogOutputStream:75 - [STDERR_REDIRECT] [Fatal Error] :1:1: Premature end of file.
2025-08-26 06:56:08,939 [ERROR] LogOutputStream:75 - [STDERR_REDIRECT] 
2025-08-26 06:56:09,932 [ERROR] LogOutputStream:75 - [STDERR_REDIRECT] [Fatal Error] :1:1: Premature end of file.
2025-08-26 06:56:09,932 [ERROR] LogOutputStream:75 - [STDERR_REDIRECT] 
2025-08-26 06:56:10,937 [ERROR] LogOutputStream:75 - [STDERR_REDIRECT] [Fatal Error] :1:1: Premature end of file.
2025-08-26 06:56:10,937 [ERROR] LogOutputStream:75 - [STDERR_REDIRECT] 
2025-08-26 06:56:11,943 [ERROR] LogOutputStream:75 - [STDERR_REDIRECT] [Fatal Error] :1:1: Premature end of file.
2025-08-26 06:56:11,943 [ERROR] LogOutputStream:75 - [STDERR_REDIRECT] 
2025-08-26 06:56:12,930 [ERROR] LogOutputStream:75 - [STDERR_REDIRECT] [Fatal Error] :1:1: Premature end of file.
2025-08-26 06:56:12,930 [ERROR] LogOutputStream:75 - [STDERR_REDIRECT] 
2025-08-26 06:56:13,933 [ERROR] LogOutputStream:75 - [STDERR_REDIRECT] [Fatal Error] :1:1: Premature end of file.
2025-08-26 06:56:13,933 [ERROR] LogOutputStream:75 - [STDERR_REDIRECT] 
2025-08-26 06:56:14,937 [ERROR] LogOutputStream:75 - [STDERR_REDIRECT] [Fatal Error] :1:1: Premature end of file.
2025-08-26 06:56:14,937 [ERROR] LogOutputStream:75 - [STDERR_REDIRECT] 
2025-08-26 06:56:15,936 [ERROR] LogOutputStream:75 - [STDERR_REDIRECT] [Fatal Error] :1:1: Premature end of file.
2025-08-26 06:56:15,936 [ERROR] LogOutputStream:75 - [STDERR_REDIRECT] 
2025-08-26 06:56:16,949 [ERROR] LogOutputStream:75 - [STDERR_REDIRECT] [Fatal Error] :1:1: Premature end of file.
2025-08-26 06:56:16,950 [ERROR] LogOutputStream:75 - [STDERR_REDIRECT] 
2025-08-26 06:56:17,944 [ERROR] LogOutputStream:75 - [STDERR_REDIRECT] [Fatal Error] :1:1: Premature end of file.
2025-08-26 06:56:17,944 [ERROR] LogOutputStream:75 - [STDERR_REDIRECT] 
2025-08-26 06:56:18,932 [ERROR] LogOutputStream:75 - [STDERR_REDIRECT] [Fatal Error] :1:1: Premature end of file.
2025-08-26 06:56:18,932 [ERROR] LogOutputStream:75 - [STDERR_REDIRECT] 
2025-08-26 06:56:19,934 [ERROR] LogOutputStream:75 - [STDERR_REDIRECT] [Fatal Error] :1:1: Premature end of file.
2025-08-26 06:56:19,934 [ERROR] LogOutputStream:75 - [STDERR_REDIRECT] 
2025-08-26 06:56:20,931 [ERROR] LogOutputStream:75 - [STDERR_REDIRECT] [Fatal Error] :1:1: Premature end of file.
2025-08-26 06:56:20,931 [ERROR] LogOutputStream:75 - [STDERR_REDIRECT] 
2025-08-26 06:56:21,932 [ERROR] LogOutputStream:75 - [STDERR_REDIRECT] [Fatal Error] :1:1: Premature end of file.
2025-08-26 06:56:21,932 [ERROR] LogOutputStream:75 - [STDERR_REDIRECT] 
2025-08-26 06:56:22,943 [ERROR] LogOutputStream:75 - [STDERR_REDIRECT] [Fatal Error] :1:1: Premature end of file.
2025-08-26 06:56:22,943 [ERROR] LogOutputStream:75 - [STDERR_REDIRECT] 
2025-08-26 06:56:23,943 [ERROR] LogOutputStream:75 - [STDERR_REDIRECT] [Fatal Error] :1:1: Premature end of file.
2025-08-26 06:56:23,943 [ERROR] LogOutputStream:75 - [STDERR_REDIRECT] 
2025-08-26 06:56:24,944 [ERROR] LogOutputStream:75 - [STDERR_REDIRECT] [Fatal Error] :1:1: Premature end of file.
2025-08-26 06:56:24,945 [ERROR] LogOutputStream:75 - [STDERR_REDIRECT] 
2025-08-26 06:56:25,933 [ERROR] LogOutputStream:75 - [STDERR_REDIRECT] [Fatal Error] :1:1: Premature end of file.
2025-08-26 06:56:25,933 [ERROR] LogOutputStream:75 - [STDERR_REDIRECT] 
2025-08-26 06:56:26,947 [ERROR] LogOutputStream:75 - [STDERR_REDIRECT] [Fatal Error] :1:1: Premature end of file.
2025-08-26 06:56:26,947 [ERROR] LogOutputStream:75 - [STDERR_REDIRECT] 
2025-08-26 06:56:27,934 [ERROR] LogOutputStream:75 - [STDERR_REDIRECT] [Fatal Error] :1:1: Premature end of file.
2025-08-26 06:56:27,935 [ERROR] LogOutputStream:75 - [STDERR_REDIRECT] 
2025-08-26 06:56:28,940 [ERROR] LogOutputStream:75 - [STDERR_REDIRECT] [Fatal Error] :1:1: Premature end of file.
2025-08-26 06:56:28,941 [ERROR] LogOutputStream:75 - [STDERR_REDIRECT] 
2025-08-26 06:56:29,930 [ERROR] LogOutputStream:75 - [STDERR_REDIRECT] [Fatal Error] :1:1: Premature end of file.
2025-08-26 06:56:29,930 [ERROR] LogOutputStream:75 - [STDERR_REDIRECT] 
2025-08-26 06:56:30,931 [ERROR] LogOutputStream:75 - [STDERR_REDIRECT] [Fatal Error] :1:1: Premature end of file.
2025-08-26 06:56:30,931 [ERROR] LogOutputStream:75 - [STDERR_REDIRECT] 
2025-08-26 06:56:31,945 [ERROR] LogOutputStream:75 - [STDERR_REDIRECT] [Fatal Error] :1:1: Premature end of file.
2025-08-26 06:56:31,945 [ERROR] LogOutputStream:75 - [STDERR_REDIRECT] 
2025-08-26 06:56:32,944 [ERROR] LogOutputStream:75 - [STDERR_REDIRECT] [Fatal Error] :1:1: Premature end of file.
2025-08-26 06:56:32,944 [ERROR] LogOutputStream:75 - [STDERR_REDIRECT] 
2025-08-26 06:56:33,938 [ERROR] LogOutputStream:75 - [STDERR_REDIRECT] [Fatal Error] :1:1: Premature end of file.
2025-08-26 06:56:33,938 [ERROR] LogOutputStream:75 - [STDERR_REDIRECT] 
2025-08-26 06:56:34,942 [ERROR] LogOutputStream:75 - [STDERR_REDIRECT] [Fatal Error] :1:1: Premature end of file.
2025-08-26 06:56:34,942 [ERROR] LogOutputStream:75 - [STDERR_REDIRECT] 
2025-08-26 06:56:35,935 [ERROR] LogOutputStream:75 - [STDERR_REDIRECT] [Fatal Error] :1:1: Premature end of file.
2025-08-26 06:56:35,935 [ERROR] LogOutputStream:75 - [STDERR_REDIRECT] 
2025-08-26 06:56:36,946 [ERROR] LogOutputStream:75 - [STDERR_REDIRECT] [Fatal Error] :1:1: Premature end of file.
2025-08-26 06:56:36,947 [ERROR] LogOutputStream:75 - [STDERR_REDIRECT] 
2025-08-26 06:56:37,947 [ERROR] LogOutputStream:75 - [STDERR_REDIRECT] [Fatal Error] :1:1: Premature end of file.
2025-08-26 06:56:37,947 [ERROR] LogOutputStream:75 - [STDERR_REDIRECT] 
2025-08-26 06:56:38,931 [ERROR] LogOutputStream:75 - [STDERR_REDIRECT] [Fatal Error] :1:1: Premature end of file.
2025-08-26 06:56:38,931 [ERROR] LogOutputStream:75 - [STDERR_REDIRECT] 
2025-08-26 06:56:39,933 [ERROR] LogOutputStream:75 - [STDERR_REDIRECT] [Fatal Error] :1:1: Premature end of file.
2025-08-26 06:56:39,934 [ERROR] LogOutputStream:75 - [STDERR_REDIRECT] 
2025-08-26 06:56:40,939 [ERROR] LogOutputStream:75 - [STDERR_REDIRECT] [Fatal Error] :1:1: Premature end of file.
2025-08-26 06:56:40,939 [ERROR] LogOutputStream:75 - [STDERR_REDIRECT] 
2025-08-26 06:56:41,946 [ERROR] LogOutputStream:75 - [STDERR_REDIRECT] [Fatal Error] :1:1: Premature end of file.
2025-08-26 06:56:41,946 [ERROR] LogOutputStream:75 - [STDERR_REDIRECT] 
2025-08-26 06:56:42,947 [ERROR] LogOutputStream:75 - [STDERR_REDIRECT] [Fatal Error] :1:1: Premature end of file.
2025-08-26 06:56:42,947 [ERROR] LogOutputStream:75 - [STDERR_REDIRECT] 
2025-08-26 06:56:43,952 [ERROR] LogOutputStream:75 - [STDERR_REDIRECT] [Fatal Error] :1:1: Premature end of file.
2025-08-26 06:56:43,953 [ERROR] LogOutputStream:75 - [STDERR_REDIRECT] 
2025-08-26 06:56:44,945 [ERROR] LogOutputStream:75 - [STDERR_REDIRECT] [Fatal Error] :1:1: Premature end of file.
2025-08-26 06:56:44,946 [ERROR] LogOutputStream:75 - [STDERR_REDIRECT] 
2025-08-26 06:56:45,942 [ERROR] LogOutputStream:75 - [STDERR_REDIRECT] [Fatal Error] :1:1: Premature end of file.
2025-08-26 06:56:45,942 [ERROR] LogOutputStream:75 - [STDERR_REDIRECT] 
2025-08-26 06:56:46,949 [ERROR] LogOutputStream:75 - [STDERR_REDIRECT] [Fatal Error] :1:1: Premature end of file.
2025-08-26 06:56:46,949 [ERROR] LogOutputStream:75 - [STDERR_REDIRECT] 
2025-08-26 06:56:47,941 [ERROR] LogOutputStream:75 - [STDERR_REDIRECT] [Fatal Error] :1:1: Premature end of file.
2025-08-26 06:56:47,941 [ERROR] LogOutputStream:75 - [STDERR_REDIRECT] 
2025-08-26 06:56:48,934 [ERROR] LogOutputStream:75 - [STDERR_REDIRECT] [Fatal Error] :1:1: Premature end of file.
2025-08-26 06:56:48,934 [ERROR] LogOutputStream:75 - [STDERR_REDIRECT] 
2025-08-26 06:56:49,944 [ERROR] LogOutputStream:75 - [STDERR_REDIRECT] [Fatal Error] :1:1: Premature end of file.
2025-08-26 06:56:49,944 [ERROR] LogOutputStream:75 - [STDERR_REDIRECT] 
2025-08-26 06:56:50,948 [ERROR] LogOutputStream:75 - [STDERR_REDIRECT] [Fatal Error] :1:1: Premature end of file.
2025-08-26 06:56:50,948 [ERROR] LogOutputStream:75 - [STDERR_REDIRECT] 
2025-08-26 06:56:51,954 [ERROR] LogOutputStream:75 - [STDERR_REDIRECT] [Fatal Error] :1:1: Premature end of file.
2025-08-26 06:56:51,954 [ERROR] LogOutputStream:75 - [STDERR_REDIRECT] 
2025-08-26 06:56:52,952 [ERROR] LogOutputStream:75 - [STDERR_REDIRECT] [Fatal Error] :1:1: Premature end of file.
2025-08-26 06:56:52,952 [ERROR] LogOutputStream:75 - [STDERR_REDIRECT] 
2025-08-26 06:56:53,951 [ERROR] LogOutputStream:75 - [STDERR_REDIRECT] [Fatal Error] :1:1: Premature end of file.
2025-08-26 06:56:53,951 [ERROR] LogOutputStream:75 - [STDERR_REDIRECT] 
2025-08-26 06:56:54,947 [ERROR] LogOutputStream:75 - [STDERR_REDIRECT] [Fatal Error] :1:1: Premature end of file.
2025-08-26 06:56:54,947 [ERROR] LogOutputStream:75 - [STDERR_REDIRECT] 
2025-08-26 06:56:55,944 [ERROR] LogOutputStream:75 - [STDERR_REDIRECT] [Fatal Error] :1:1: Premature end of file.
2025-08-26 06:56:55,944 [ERROR] LogOutputStream:75 - [STDERR_REDIRECT] 
2025-08-26 06:56:56,947 [ERROR] LogOutputStream:75 - [STDERR_REDIRECT] [Fatal Error] :1:1: Premature end of file.
2025-08-26 06:56:56,948 [ERROR] LogOutputStream:75 - [STDERR_REDIRECT] 
2025-08-26 06:56:57,945 [ERROR] LogOutputStream:75 - [STDERR_REDIRECT] [Fatal Error] :1:1: Premature end of file.
2025-08-26 06:56:57,946 [ERROR] LogOutputStream:75 - [STDERR_REDIRECT] 
2025-08-26 06:56:58,944 [ERROR] LogOutputStream:75 - [STDERR_REDIRECT] [Fatal Error] :1:1: Premature end of file.
2025-08-26 06:56:58,944 [ERROR] LogOutputStream:75 - [STDERR_REDIRECT] 
2025-08-26 06:56:59,931 [ERROR] LogOutputStream:75 - [STDERR_REDIRECT] [Fatal Error] :1:1: Premature end of file.
2025-08-26 06:56:59,931 [ERROR] LogOutputStream:75 - [STDERR_REDIRECT] 
2025-08-26 06:57:00,943 [ERROR] LogOutputStream:75 - [STDERR_REDIRECT] [Fatal Error] :1:1: Premature end of file.
2025-08-26 06:57:00,943 [ERROR] LogOutputStream:75 - [STDERR_REDIRECT] 
2025-08-26 06:57:01,948 [ERROR] LogOutputStream:75 - [STDERR_REDIRECT] [Fatal Error] :1:1: Premature end of file.
2025-08-26 06:57:01,948 [ERROR] LogOutputStream:75 - [STDERR_REDIRECT] 
2025-08-26 06:57:02,940 [ERROR] LogOutputStream:75 - [STDERR_REDIRECT] [Fatal Error] :1:1: Premature end of file.
2025-08-26 06:57:02,940 [ERROR] LogOutputStream:75 - [STDERR_REDIRECT] 
2025-08-26 06:57:03,953 [ERROR] LogOutputStream:75 - [STDERR_REDIRECT] [Fatal Error] :1:1: Premature end of file.
2025-08-26 06:57:03,953 [ERROR] LogOutputStream:75 - [STDERR_REDIRECT] 
2025-08-26 06:57:04,930 [ERROR] LogOutputStream:75 - [STDERR_REDIRECT] [Fatal Error] :1:1: Premature end of file.
2025-08-26 06:57:04,937 [ERROR] LogOutputStream:75 - [STDERR_REDIRECT] 
2025-08-26 06:57:05,935 [ERROR] LogOutputStream:75 - [STDERR_REDIRECT] [Fatal Error] :1:1: Premature end of file.
2025-08-26 06:57:05,936 [ERROR] LogOutputStream:75 - [STDERR_REDIRECT] 
2025-08-26 06:57:06,942 [ERROR] LogOutputStream:75 - [STDERR_REDIRECT] [Fatal Error] :1:1: Premature end of file.
2025-08-26 06:57:06,942 [ERROR] LogOutputStream:75 - [STDERR_REDIRECT] 
2025-08-26 06:57:07,941 [ERROR] LogOutputStream:75 - [STDERR_REDIRECT] [Fatal Error] :1:1: Premature end of file.
2025-08-26 06:57:07,941 [ERROR] LogOutputStream:75 - [STDERR_REDIRECT] 
2025-08-26 06:57:08,939 [ERROR] LogOutputStream:75 - [STDERR_REDIRECT] [Fatal Error] :1:1: Premature end of file.
2025-08-26 06:57:08,939 [ERROR] LogOutputStream:75 - [STDERR_REDIRECT] 
2025-08-26 06:57:09,950 [ERROR] LogOutputStream:75 - [STDERR_REDIRECT] [Fatal Error] :1:1: Premature end of file.
2025-08-26 06:57:09,950 [ERROR] LogOutputStream:75 - [STDERR_REDIRECT] 
2025-08-26 06:57:10,940 [ERROR] LogOutputStream:75 - [STDERR_REDIRECT] [Fatal Error] :1:1: Premature end of file.
2025-08-26 06:57:10,940 [ERROR] LogOutputStream:75 - [STDERR_REDIRECT] 
2025-08-26 06:57:11,931 [ERROR] LogOutputStream:75 - [STDERR_REDIRECT] [Fatal Error] :1:1: Premature end of file.
2025-08-26 06:57:11,931 [ERROR] LogOutputStream:75 - [STDERR_REDIRECT] 
2025-08-26 06:57:12,934 [ERROR] LogOutputStream:75 - [STDERR_REDIRECT] [Fatal Error] :1:1: Premature end of file.
2025-08-26 06:57:12,934 [ERROR] LogOutputStream:75 - [STDERR_REDIRECT] 
2025-08-26 06:57:13,935 [ERROR] LogOutputStream:75 - [STDERR_REDIRECT] [Fatal Error] :1:1: Premature end of file.
2025-08-26 06:57:13,935 [ERROR] LogOutputStream:75 - [STDERR_REDIRECT] 
2025-08-26 06:57:14,940 [ERROR] LogOutputStream:75 - [STDERR_REDIRECT] [Fatal Error] :1:1: Premature end of file.
2025-08-26 06:57:14,940 [ERROR] LogOutputStream:75 - [STDERR_REDIRECT] 
2025-08-26 06:57:15,930 [ERROR] LogOutputStream:75 - [STDERR_REDIRECT] [Fatal Error] :1:1: Premature end of file.
2025-08-26 06:57:15,931 [ERROR] LogOutputStream:75 - [STDERR_REDIRECT] 
2025-08-26 06:57:16,936 [ERROR] LogOutputStream:75 - [STDERR_REDIRECT] [Fatal Error] :1:1: Premature end of file.
2025-08-26 06:57:16,936 [ERROR] LogOutputStream:75 - [STDERR_REDIRECT] 
2025-08-26 06:57:17,933 [ERROR] LogOutputStream:75 - [STDERR_REDIRECT] [Fatal Error] :1:1: Premature end of file.
2025-08-26 06:57:17,933 [ERROR] LogOutputStream:75 - [STDERR_REDIRECT] 
2025-08-26 06:57:18,931 [ERROR] LogOutputStream:75 - [STDERR_REDIRECT] [Fatal Error] :1:1: Premature end of file.
2025-08-26 06:57:18,932 [ERROR] LogOutputStream:75 - [STDERR_REDIRECT] 
2025-08-26 06:57:19,939 [ERROR] LogOutputStream:75 - [STDERR_REDIRECT] [Fatal Error] :1:1: Premature end of file.
2025-08-26 06:57:19,939 [ERROR] LogOutputStream:75 - [STDERR_REDIRECT] 
2025-08-26 06:57:20,937 [ERROR] LogOutputStream:75 - [STDERR_REDIRECT] [Fatal Error] :1:1: Premature end of file.
2025-08-26 06:57:20,937 [ERROR] LogOutputStream:75 - [STDERR_REDIRECT] 
2025-08-26 06:57:21,945 [ERROR] LogOutputStream:75 - [STDERR_REDIRECT] [Fatal Error] :1:1: Premature end of file.
2025-08-26 06:57:21,945 [ERROR] LogOutputStream:75 - [STDERR_REDIRECT] 
2025-08-26 06:57:22,932 [ERROR] LogOutputStream:75 - [STDERR_REDIRECT] [Fatal Error] :1:1: Premature end of file.
2025-08-26 06:57:22,932 [ERROR] LogOutputStream:75 - [STDERR_REDIRECT] 
2025-08-26 06:57:23,946 [ERROR] LogOutputStream:75 - [STDERR_REDIRECT] [Fatal Error] :1:1: Premature end of file.
2025-08-26 06:57:23,947 [ERROR] LogOutputStream:75 - [STDERR_REDIRECT] 
2025-08-26 06:57:24,940 [ERROR] LogOutputStream:75 - [STDERR_REDIRECT] [Fatal Error] :1:1: Premature end of file.
2025-08-26 06:57:24,940 [ERROR] LogOutputStream:75 - [STDERR_REDIRECT] 
2025-08-26 06:57:25,936 [ERROR] LogOutputStream:75 - [STDERR_REDIRECT] [Fatal Error] :1:1: Premature end of file.
2025-08-26 06:57:25,936 [ERROR] LogOutputStream:75 - [STDERR_REDIRECT] 
2025-08-26 06:57:26,929 [ERROR] LogOutputStream:75 - [STDERR_REDIRECT] [Fatal Error] :1:1: Premature end of file.
2025-08-26 06:57:26,929 [ERROR] LogOutputStream:75 - [STDERR_REDIRECT] 
2025-08-26 06:57:27,936 [ERROR] LogOutputStream:75 - [STDERR_REDIRECT] [Fatal Error] :1:1: Premature end of file.
2025-08-26 06:57:27,936 [ERROR] LogOutputStream:75 - [STDERR_REDIRECT] 
2025-08-26 06:57:28,939 [ERROR] LogOutputStream:75 - [STDERR_REDIRECT] [Fatal Error] :1:1: Premature end of file.
2025-08-26 06:57:28,939 [ERROR] LogOutputStream:75 - [STDERR_REDIRECT] 
2025-08-26 06:57:29,942 [ERROR] LogOutputStream:75 - [STDERR_REDIRECT] [Fatal Error] :1:1: Premature end of file.
2025-08-26 06:57:29,942 [ERROR] LogOutputStream:75 - [STDERR_REDIRECT] 
2025-08-26 06:57:30,940 [ERROR] LogOutputStream:75 - [STDERR_REDIRECT] [Fatal Error] :1:1: Premature end of file.
2025-08-26 06:57:30,941 [ERROR] LogOutputStream:75 - [STDERR_REDIRECT] 
2025-08-26 06:57:31,938 [ERROR] LogOutputStream:75 - [STDERR_REDIRECT] [Fatal Error] :1:1: Premature end of file.
2025-08-26 06:57:31,938 [ERROR] LogOutputStream:75 - [STDERR_REDIRECT] 
2025-08-26 06:57:32,946 [ERROR] LogOutputStream:75 - [STDERR_REDIRECT] [Fatal Error] :1:1: Premature end of file.
2025-08-26 06:57:32,947 [ERROR] LogOutputStream:75 - [STDERR_REDIRECT] 
2025-08-26 06:57:33,944 [ERROR] LogOutputStream:75 - [STDERR_REDIRECT] [Fatal Error] :1:1: Premature end of file.
2025-08-26 06:57:33,944 [ERROR] LogOutputStream:75 - [STDERR_REDIRECT] 
2025-08-26 06:57:34,946 [ERROR] LogOutputStream:75 - [STDERR_REDIRECT] [Fatal Error] :1:1: Premature end of file.
2025-08-26 06:57:34,946 [ERROR] LogOutputStream:75 - [STDERR_REDIRECT] 
2025-08-26 06:57:35,939 [ERROR] LogOutputStream:75 - [STDERR_REDIRECT] [Fatal Error] :1:1: Premature end of file.
2025-08-26 06:57:35,939 [ERROR] LogOutputStream:75 - [STDERR_REDIRECT] 
2025-08-26 06:57:36,952 [ERROR] LogOutputStream:75 - [STDERR_REDIRECT] [Fatal Error] :1:1: Premature end of file.
2025-08-26 06:57:36,953 [ERROR] LogOutputStream:75 - [STDERR_REDIRECT] 
2025-08-26 06:57:37,937 [ERROR] LogOutputStream:75 - [STDERR_REDIRECT] [Fatal Error] :1:1: Premature end of file.
2025-08-26 06:57:37,937 [ERROR] LogOutputStream:75 - [STDERR_REDIRECT] 
2025-08-26 06:57:38,940 [ERROR] LogOutputStream:75 - [STDERR_REDIRECT] [Fatal Error] :1:1: Premature end of file.
2025-08-26 06:57:38,940 [ERROR] LogOutputStream:75 - [STDERR_REDIRECT] 
2025-08-26 06:57:39,935 [ERROR] LogOutputStream:75 - [STDERR_REDIRECT] [Fatal Error] :1:1: Premature end of file.
2025-08-26 06:57:39,935 [ERROR] LogOutputStream:75 - [STDERR_REDIRECT] 
2025-08-26 06:57:40,933 [ERROR] LogOutputStream:75 - [STDERR_REDIRECT] [Fatal Error] :1:1: Premature end of file.
2025-08-26 06:57:40,933 [ERROR] LogOutputStream:75 - [STDERR_REDIRECT] 
2025-08-26 06:57:41,938 [ERROR] LogOutputStream:75 - [STDERR_REDIRECT] [Fatal Error] :1:1: Premature end of file.
2025-08-26 06:57:41,939 [ERROR] LogOutputStream:75 - [STDERR_REDIRECT] 
2025-08-26 06:57:42,963 [ERROR] LogOutputStream:75 - [STDERR_REDIRECT] [Fatal Error] :1:1: Premature end of file.
2025-08-26 06:57:42,963 [ERROR] LogOutputStream:75 - [STDERR_REDIRECT] 
2025-08-26 06:57:43,939 [ERROR] LogOutputStream:75 - [STDERR_REDIRECT] [Fatal Error] :1:1: Premature end of file.
2025-08-26 06:57:43,940 [ERROR] LogOutputStream:75 - [STDERR_REDIRECT] 
2025-08-26 06:57:44,939 [ERROR] LogOutputStream:75 - [STDERR_REDIRECT] [Fatal Error] :1:1: Premature end of file.
2025-08-26 06:57:44,939 [ERROR] LogOutputStream:75 - [STDERR_REDIRECT] 
2025-08-26 06:57:45,948 [ERROR] LogOutputStream:75 - [STDERR_REDIRECT] [Fatal Error] :1:1: Premature end of file.
2025-08-26 06:57:45,949 [ERROR] LogOutputStream:75 - [STDERR_REDIRECT] 
2025-08-26 06:57:46,949 [ERROR] LogOutputStream:75 - [STDERR_REDIRECT] [Fatal Error] :1:1: Premature end of file.
2025-08-26 06:57:46,949 [ERROR] LogOutputStream:75 - [STDERR_REDIRECT] 
2025-08-26 06:57:47,943 [ERROR] LogOutputStream:75 - [STDERR_REDIRECT] [Fatal Error] :1:1: Premature end of file.
2025-08-26 06:57:47,943 [ERROR] LogOutputStream:75 - [STDERR_REDIRECT] 
2025-08-26 06:57:48,944 [ERROR] LogOutputStream:75 - [STDERR_REDIRECT] [Fatal Error] :1:1: Premature end of file.
2025-08-26 06:57:48,944 [ERROR] LogOutputStream:75 - [STDERR_REDIRECT] 
2025-08-26 06:57:49,957 [ERROR] LogOutputStream:75 - [STDERR_REDIRECT] [Fatal Error] :1:1: Premature end of file.
2025-08-26 06:57:49,957 [ERROR] LogOutputStream:75 - [STDERR_REDIRECT] 
2025-08-26 06:57:50,946 [ERROR] LogOutputStream:75 - [STDERR_REDIRECT] [Fatal Error] :1:1: Premature end of file.
2025-08-26 06:57:50,946 [ERROR] LogOutputStream:75 - [STDERR_REDIRECT] 
2025-08-26 06:57:51,948 [ERROR] LogOutputStream:75 - [STDERR_REDIRECT] [Fatal Error] :1:1: Premature end of file.
2025-08-26 06:57:51,948 [ERROR] LogOutputStream:75 - [STDERR_REDIRECT] 
2025-08-26 06:57:52,956 [ERROR] LogOutputStream:75 - [STDERR_REDIRECT] [Fatal Error] :1:1: Premature end of file.
2025-08-26 06:57:52,956 [ERROR] LogOutputStream:75 - [STDERR_REDIRECT] 
2025-08-26 06:57:53,948 [ERROR] LogOutputStream:75 - [STDERR_REDIRECT] [Fatal Error] :1:1: Premature end of file.
2025-08-26 06:57:53,948 [ERROR] LogOutputStream:75 - [STDERR_REDIRECT] 
2025-08-26 06:57:54,952 [ERROR] LogOutputStream:75 - [STDERR_REDIRECT] [Fatal Error] :1:1: Premature end of file.
2025-08-26 06:57:54,952 [ERROR] LogOutputStream:75 - [STDERR_REDIRECT] 
2025-08-26 06:57:55,973 [ERROR] LogOutputStream:75 - [STDERR_REDIRECT] [Fatal Error] :1:1: Premature end of file.
2025-08-26 06:57:55,974 [ERROR] LogOutputStream:75 - [STDERR_REDIRECT] 
2025-08-26 06:57:56,948 [ERROR] LogOutputStream:75 - [STDERR_REDIRECT] [Fatal Error] :1:1: Premature end of file.
2025-08-26 06:57:56,948 [ERROR] LogOutputStream:75 - [STDERR_REDIRECT] 
2025-08-26 06:57:57,959 [ERROR] LogOutputStream:75 - [STDERR_REDIRECT] [Fatal Error] :1:1: Premature end of file.
2025-08-26 06:57:57,959 [ERROR] LogOutputStream:75 - [STDERR_REDIRECT] 
2025-08-26 06:57:58,949 [ERROR] LogOutputStream:75 - [STDERR_REDIRECT] [Fatal Error] :1:1: Premature end of file.
2025-08-26 06:57:58,949 [ERROR] LogOutputStream:75 - [STDERR_REDIRECT] 
2025-08-26 06:57:59,959 [ERROR] LogOutputStream:75 - [STDERR_REDIRECT] [Fatal Error] :1:1: Premature end of file.
2025-08-26 06:57:59,959 [ERROR] LogOutputStream:75 - [STDERR_REDIRECT] 
2025-08-26 06:58:00,954 [ERROR] LogOutputStream:75 - [STDERR_REDIRECT] [Fatal Error] :1:1: Premature end of file.
2025-08-26 06:58:00,955 [ERROR] LogOutputStream:75 - [STDERR_REDIRECT] 
2025-08-26 06:58:01,950 [ERROR] LogOutputStream:75 - [STDERR_REDIRECT] [Fatal Error] :1:1: Premature end of file.
2025-08-26 06:58:01,951 [ERROR] LogOutputStream:75 - [STDERR_REDIRECT] 
2025-08-26 06:58:02,938 [ERROR] LogOutputStream:75 - [STDERR_REDIRECT] [Fatal Error] :1:1: Premature end of file.
2025-08-26 06:58:02,939 [ERROR] LogOutputStream:75 - [STDERR_REDIRECT] 
2025-08-26 06:58:03,945 [ERROR] LogOutputStream:75 - [STDERR_REDIRECT] [Fatal Error] :1:1: Premature end of file.
2025-08-26 06:58:03,945 [ERROR] LogOutputStream:75 - [STDERR_REDIRECT] 
2025-08-26 06:58:04,952 [ERROR] LogOutputStream:75 - [STDERR_REDIRECT] [Fatal Error] :1:1: Premature end of file.
2025-08-26 06:58:04,952 [ERROR] LogOutputStream:75 - [STDERR_REDIRECT] 
2025-08-26 06:58:05,950 [ERROR] LogOutputStream:75 - [STDERR_REDIRECT] [Fatal Error] :1:1: Premature end of file.
2025-08-26 06:58:05,951 [ERROR] LogOutputStream:75 - [STDERR_REDIRECT] 
2025-08-26 06:58:06,952 [ERROR] LogOutputStream:75 - [STDERR_REDIRECT] [Fatal Error] :1:1: Premature end of file.
2025-08-26 06:58:06,952 [ERROR] LogOutputStream:75 - [STDERR_REDIRECT] 
2025-08-26 06:58:07,937 [ERROR] LogOutputStream:75 - [STDERR_REDIRECT] [Fatal Error] :1:1: Premature end of file.
2025-08-26 06:58:07,937 [ERROR] LogOutputStream:75 - [STDERR_REDIRECT] 
2025-08-26 06:58:08,944 [ERROR] LogOutputStream:75 - [STDERR_REDIRECT] [Fatal Error] :1:1: Premature end of file.
2025-08-26 06:58:08,944 [ERROR] LogOutputStream:75 - [STDERR_REDIRECT] 
2025-08-26 06:58:09,945 [ERROR] LogOutputStream:75 - [STDERR_REDIRECT] [Fatal Error] :1:1: Premature end of file.
2025-08-26 06:58:09,945 [ERROR] LogOutputStream:75 - [STDERR_REDIRECT] 
2025-08-26 06:58:10,945 [ERROR] LogOutputStream:75 - [STDERR_REDIRECT] [Fatal Error] :1:1: Premature end of file.
2025-08-26 06:58:10,945 [ERROR] LogOutputStream:75 - [STDERR_REDIRECT] 
2025-08-26 06:58:11,959 [ERROR] LogOutputStream:75 - [STDERR_REDIRECT] [Fatal Error] :1:1: Premature end of file.
2025-08-26 06:58:11,960 [ERROR] LogOutputStream:75 - [STDERR_REDIRECT] 
2025-08-26 06:58:12,945 [ERROR] LogOutputStream:75 - [STDERR_REDIRECT] [Fatal Error] :1:1: Premature end of file.
2025-08-26 06:58:12,946 [ERROR] LogOutputStream:75 - [STDERR_REDIRECT] 
2025-08-26 06:58:13,949 [ERROR] LogOutputStream:75 - [STDERR_REDIRECT] [Fatal Error] :1:1: Premature end of file.
2025-08-26 06:58:13,949 [ERROR] LogOutputStream:75 - [STDERR_REDIRECT] 
2025-08-26 06:58:14,958 [ERROR] LogOutputStream:75 - [STDERR_REDIRECT] [Fatal Error] :1:1: Premature end of file.
2025-08-26 06:58:14,958 [ERROR] LogOutputStream:75 - [STDERR_REDIRECT] 
2025-08-26 06:58:15,957 [ERROR] LogOutputStream:75 - [STDERR_REDIRECT] [Fatal Error] :1:1: Premature end of file.
2025-08-26 06:58:15,957 [ERROR] LogOutputStream:75 - [STDERR_REDIRECT] 
2025-08-26 06:58:16,954 [ERROR] LogOutputStream:75 - [STDERR_REDIRECT] [Fatal Error] :1:1: Premature end of file.
2025-08-26 06:58:16,954 [ERROR] LogOutputStream:75 - [STDERR_REDIRECT] 
2025-08-26 06:58:17,940 [ERROR] LogOutputStream:75 - [STDERR_REDIRECT] [Fatal Error] :1:1: Premature end of file.
2025-08-26 06:58:17,940 [ERROR] LogOutputStream:75 - [STDERR_REDIRECT] 
2025-08-26 06:58:18,941 [ERROR] LogOutputStream:75 - [STDERR_REDIRECT] [Fatal Error] :1:1: Premature end of file.
2025-08-26 06:58:18,941 [ERROR] LogOutputStream:75 - [STDERR_REDIRECT] 
2025-08-26 06:58:19,950 [ERROR] LogOutputStream:75 - [STDERR_REDIRECT] [Fatal Error] :1:1: Premature end of file.
2025-08-26 06:58:19,950 [ERROR] LogOutputStream:75 - [STDERR_REDIRECT] 
2025-08-26 06:58:20,951 [ERROR] LogOutputStream:75 - [STDERR_REDIRECT] [Fatal Error] :1:1: Premature end of file.
2025-08-26 06:58:20,951 [ERROR] LogOutputStream:75 - [STDERR_REDIRECT] 
2025-08-26 06:58:21,956 [ERROR] LogOutputStream:75 - [STDERR_REDIRECT] [Fatal Error] :1:1: Premature end of file.
2025-08-26 06:58:21,956 [ERROR] LogOutputStream:75 - [STDERR_REDIRECT] 
2025-08-26 06:58:22,965 [ERROR] LogOutputStream:75 - [STDERR_REDIRECT] [Fatal Error] :1:1: Premature end of file.
2025-08-26 06:58:22,965 [ERROR] LogOutputStream:75 - [STDERR_REDIRECT] 
2025-08-26 06:58:23,956 [ERROR] LogOutputStream:75 - [STDERR_REDIRECT] [Fatal Error] :1:1: Premature end of file.
2025-08-26 06:58:23,956 [ERROR] LogOutputStream:75 - [STDERR_REDIRECT] 
2025-08-26 06:58:24,953 [ERROR] LogOutputStream:75 - [STDERR_REDIRECT] [Fatal Error] :1:1: Premature end of file.
2025-08-26 06:58:24,954 [ERROR] LogOutputStream:75 - [STDERR_REDIRECT] 
2025-08-26 06:58:25,956 [ERROR] LogOutputStream:75 - [STDERR_REDIRECT] [Fatal Error] :1:1: Premature end of file.
2025-08-26 06:58:25,957 [ERROR] LogOutputStream:75 - [STDERR_REDIRECT] 
2025-08-26 06:58:26,953 [ERROR] LogOutputStream:75 - [STDERR_REDIRECT] [Fatal Error] :1:1: Premature end of file.
2025-08-26 06:58:26,954 [ERROR] LogOutputStream:75 - [STDERR_REDIRECT] 
2025-08-26 06:58:27,954 [ERROR] LogOutputStream:75 - [STDERR_REDIRECT] [Fatal Error] :1:1: Premature end of file.
2025-08-26 06:58:27,955 [ERROR] LogOutputStream:75 - [STDERR_REDIRECT] 
2025-08-26 06:58:28,957 [ERROR] LogOutputStream:75 - [STDERR_REDIRECT] [Fatal Error] :1:1: Premature end of file.
2025-08-26 06:58:28,957 [ERROR] LogOutputStream:75 - [STDERR_REDIRECT] 
2025-08-26 06:58:29,956 [ERROR] LogOutputStream:75 - [STDERR_REDIRECT] [Fatal Error] :1:1: Premature end of file.
2025-08-26 06:58:29,956 [ERROR] LogOutputStream:75 - [STDERR_REDIRECT] 
2025-08-26 06:58:30,964 [ERROR] LogOutputStream:75 - [STDERR_REDIRECT] [Fatal Error] :1:1: Premature end of file.
2025-08-26 06:58:30,964 [ERROR] LogOutputStream:75 - [STDERR_REDIRECT] 
2025-08-26 06:58:31,953 [ERROR] LogOutputStream:75 - [STDERR_REDIRECT] [Fatal Error] :1:1: Premature end of file.
2025-08-26 06:58:31,953 [ERROR] LogOutputStream:75 - [STDERR_REDIRECT] 
2025-08-26 06:58:32,953 [ERROR] LogOutputStream:75 - [STDERR_REDIRECT] [Fatal Error] :1:1: Premature end of file.
2025-08-26 06:58:32,953 [ERROR] LogOutputStream:75 - [STDERR_REDIRECT] 
2025-08-26 06:58:33,946 [ERROR] LogOutputStream:75 - [STDERR_REDIRECT] [Fatal Error] :1:1: Premature end of file.
2025-08-26 06:58:33,946 [ERROR] LogOutputStream:75 - [STDERR_REDIRECT] 
2025-08-26 06:58:34,943 [ERROR] LogOutputStream:75 - [STDERR_REDIRECT] [Fatal Error] :1:1: Premature end of file.
2025-08-26 06:58:34,943 [ERROR] LogOutputStream:75 - [STDERR_REDIRECT] 
2025-08-26 06:58:35,969 [ERROR] LogOutputStream:75 - [STDERR_REDIRECT] [Fatal Error] :1:1: Premature end of file.
2025-08-26 06:58:35,969 [ERROR] LogOutputStream:75 - [STDERR_REDIRECT] 
2025-08-26 06:58:36,953 [ERROR] LogOutputStream:75 - [STDERR_REDIRECT] [Fatal Error] :1:1: Premature end of file.
2025-08-26 06:58:36,953 [ERROR] LogOutputStream:75 - [STDERR_REDIRECT] 
2025-08-26 06:58:37,959 [ERROR] LogOutputStream:75 - [STDERR_REDIRECT] [Fatal Error] :1:1: Premature end of file.
2025-08-26 06:58:37,959 [ERROR] LogOutputStream:75 - [STDERR_REDIRECT] 
2025-08-26 06:58:38,957 [ERROR] LogOutputStream:75 - [STDERR_REDIRECT] [Fatal Error] :1:1: Premature end of file.
2025-08-26 06:58:38,957 [ERROR] LogOutputStream:75 - [STDERR_REDIRECT] 
2025-08-26 06:58:39,938 [ERROR] LogOutputStream:75 - [STDERR_REDIRECT] [Fatal Error] :1:1: Premature end of file.
2025-08-26 06:58:39,938 [ERROR] LogOutputStream:75 - [STDERR_REDIRECT] 
2025-08-26 06:58:40,945 [ERROR] LogOutputStream:75 - [STDERR_REDIRECT] [Fatal Error] :1:1: Premature end of file.
2025-08-26 06:58:40,945 [ERROR] LogOutputStream:75 - [STDERR_REDIRECT] 
2025-08-26 06:58:41,943 [ERROR] LogOutputStream:75 - [STDERR_REDIRECT] [Fatal Error] :1:1: Premature end of file.
2025-08-26 06:58:41,943 [ERROR] LogOutputStream:75 - [STDERR_REDIRECT] 
2025-08-26 06:58:42,948 [ERROR] LogOutputStream:75 - [STDERR_REDIRECT] [Fatal Error] :1:1: Premature end of file.
2025-08-26 06:58:42,948 [ERROR] LogOutputStream:75 - [STDERR_REDIRECT] 
2025-08-26 06:58:43,955 [ERROR] LogOutputStream:75 - [STDERR_REDIRECT] [Fatal Error] :1:1: Premature end of file.
2025-08-26 06:58:43,955 [ERROR] LogOutputStream:75 - [STDERR_REDIRECT] 
2025-08-26 06:58:44,960 [ERROR] LogOutputStream:75 - [STDERR_REDIRECT] [Fatal Error] :1:1: Premature end of file.
2025-08-26 06:58:44,960 [ERROR] LogOutputStream:75 - [STDERR_REDIRECT] 
2025-08-26 06:58:45,949 [ERROR] LogOutputStream:75 - [STDERR_REDIRECT] [Fatal Error] :1:1: Premature end of file.
2025-08-26 06:58:45,949 [ERROR] LogOutputStream:75 - [STDERR_REDIRECT] 
2025-08-26 06:58:46,945 [ERROR] LogOutputStream:75 - [STDERR_REDIRECT] [Fatal Error] :1:1: Premature end of file.
2025-08-26 06:58:46,945 [ERROR] LogOutputStream:75 - [STDERR_REDIRECT] 
2025-08-26 06:58:47,953 [ERROR] LogOutputStream:75 - [STDERR_REDIRECT] [Fatal Error] :1:1: Premature end of file.
2025-08-26 06:58:47,953 [ERROR] LogOutputStream:75 - [STDERR_REDIRECT] 
2025-08-26 06:58:48,940 [ERROR] LogOutputStream:75 - [STDERR_REDIRECT] [Fatal Error] :1:1: Premature end of file.
2025-08-26 06:58:48,940 [ERROR] LogOutputStream:75 - [STDERR_REDIRECT] 
2025-08-26 06:58:49,954 [ERROR] LogOutputStream:75 - [STDERR_REDIRECT] [Fatal Error] :1:1: Premature end of file.
2025-08-26 06:58:49,954 [ERROR] LogOutputStream:75 - [STDERR_REDIRECT] 
2025-08-26 06:58:50,953 [ERROR] LogOutputStream:75 - [STDERR_REDIRECT] [Fatal Error] :1:1: Premature end of file.
2025-08-26 06:58:50,953 [ERROR] LogOutputStream:75 - [STDERR_REDIRECT] 
2025-08-26 06:58:51,952 [ERROR] LogOutputStream:75 - [STDERR_REDIRECT] [Fatal Error] :1:1: Premature end of file.
2025-08-26 06:58:51,952 [ERROR] LogOutputStream:75 - [STDERR_REDIRECT] 
2025-08-26 06:58:52,953 [ERROR] LogOutputStream:75 - [STDERR_REDIRECT] [Fatal Error] :1:1: Premature end of file.
2025-08-26 06:58:52,953 [ERROR] LogOutputStream:75 - [STDERR_REDIRECT] 
2025-08-26 06:58:54,001 [ERROR] LogOutputStream:75 - [STDERR_REDIRECT] [Fatal Error] :1:1: Premature end of file.
2025-08-26 06:58:54,002 [ERROR] LogOutputStream:75 - [STDERR_REDIRECT] 
2025-08-26 06:58:54,941 [ERROR] LogOutputStream:75 - [STDERR_REDIRECT] [Fatal Error] :1:1: Premature end of file.
2025-08-26 06:58:54,942 [ERROR] LogOutputStream:75 - [STDERR_REDIRECT] 
2025-08-26 06:58:55,954 [ERROR] LogOutputStream:75 - [STDERR_REDIRECT] [Fatal Error] :1:1: Premature end of file.
2025-08-26 06:58:55,955 [ERROR] LogOutputStream:75 - [STDERR_REDIRECT] 
2025-08-26 06:58:56,950 [ERROR] LogOutputStream:75 - [STDERR_REDIRECT] [Fatal Error] :1:1: Premature end of file.
2025-08-26 06:58:56,951 [ERROR] LogOutputStream:75 - [STDERR_REDIRECT] 
2025-08-26 06:58:57,950 [ERROR] LogOutputStream:75 - [STDERR_REDIRECT] [Fatal Error] :1:1: Premature end of file.
2025-08-26 06:58:57,951 [ERROR] LogOutputStream:75 - [STDERR_REDIRECT] 
2025-08-26 06:58:58,943 [ERROR] LogOutputStream:75 - [STDERR_REDIRECT] [Fatal Error] :1:1: Premature end of file.
2025-08-26 06:58:58,943 [ERROR] LogOutputStream:75 - [STDERR_REDIRECT] 
2025-08-26 06:58:59,955 [ERROR] LogOutputStream:75 - [STDERR_REDIRECT] [Fatal Error] :1:1: Premature end of file.
2025-08-26 06:58:59,955 [ERROR] LogOutputStream:75 - [STDERR_REDIRECT] 
2025-08-26 06:59:00,931 [ERROR] LogOutputStream:75 - [STDERR_REDIRECT] [Fatal Error] :1:1: Premature end of file.
2025-08-26 06:59:00,931 [ERROR] LogOutputStream:75 - [STDERR_REDIRECT] 
2025-08-26 06:59:01,942 [ERROR] LogOutputStream:75 - [STDERR_REDIRECT] [Fatal Error] :1:1: Premature end of file.
2025-08-26 06:59:01,942 [ERROR] LogOutputStream:75 - [STDERR_REDIRECT] 
2025-08-26 06:59:02,949 [ERROR] LogOutputStream:75 - [STDERR_REDIRECT] [Fatal Error] :1:1: Premature end of file.
2025-08-26 06:59:02,949 [ERROR] LogOutputStream:75 - [STDERR_REDIRECT] 
2025-08-26 06:59:03,944 [ERROR] LogOutputStream:75 - [STDERR_REDIRECT] [Fatal Error] :1:1: Premature end of file.
2025-08-26 06:59:03,945 [ERROR] LogOutputStream:75 - [STDERR_REDIRECT] 
2025-08-26 06:59:04,946 [ERROR] LogOutputStream:75 - [STDERR_REDIRECT] [Fatal Error] :1:1: Premature end of file.
2025-08-26 06:59:04,946 [ERROR] LogOutputStream:75 - [STDERR_REDIRECT] 
2025-08-26 06:59:05,945 [ERROR] LogOutputStream:75 - [STDERR_REDIRECT] [Fatal Error] :1:1: Premature end of file.
2025-08-26 06:59:05,945 [ERROR] LogOutputStream:75 - [STDERR_REDIRECT] 
2025-08-26 06:59:06,947 [ERROR] LogOutputStream:75 - [STDERR_REDIRECT] [Fatal Error] :1:1: Premature end of file.
2025-08-26 06:59:06,947 [ERROR] LogOutputStream:75 - [STDERR_REDIRECT] 
2025-08-26 06:59:07,940 [ERROR] LogOutputStream:75 - [STDERR_REDIRECT] [Fatal Error] :1:1: Premature end of file.
2025-08-26 06:59:07,940 [ERROR] LogOutputStream:75 - [STDERR_REDIRECT] 
2025-08-26 06:59:08,940 [ERROR] LogOutputStream:75 - [STDERR_REDIRECT] [Fatal Error] :1:1: Premature end of file.
2025-08-26 06:59:08,940 [ERROR] LogOutputStream:75 - [STDERR_REDIRECT] 
2025-08-26 06:59:09,947 [ERROR] LogOutputStream:75 - [STDERR_REDIRECT] [Fatal Error] :1:1: Premature end of file.
2025-08-26 06:59:09,947 [ERROR] LogOutputStream:75 - [STDERR_REDIRECT] 
2025-08-26 06:59:10,959 [ERROR] LogOutputStream:75 - [STDERR_REDIRECT] [Fatal Error] :1:1: Premature end of file.
2025-08-26 06:59:10,959 [ERROR] LogOutputStream:75 - [STDERR_REDIRECT] 
2025-08-26 06:59:11,945 [ERROR] LogOutputStream:75 - [STDERR_REDIRECT] [Fatal Error] :1:1: Premature end of file.
2025-08-26 06:59:11,945 [ERROR] LogOutputStream:75 - [STDERR_REDIRECT] 
2025-08-26 06:59:12,941 [ERROR] LogOutputStream:75 - [STDERR_REDIRECT] [Fatal Error] :1:1: Premature end of file.
2025-08-26 06:59:12,941 [ERROR] LogOutputStream:75 - [STDERR_REDIRECT] 
2025-08-26 06:59:13,949 [ERROR] LogOutputStream:75 - [STDERR_REDIRECT] [Fatal Error] :1:1: Premature end of file.
2025-08-26 06:59:13,949 [ERROR] LogOutputStream:75 - [STDERR_REDIRECT] 
2025-08-26 06:59:14,940 [ERROR] LogOutputStream:75 - [STDERR_REDIRECT] [Fatal Error] :1:1: Premature end of file.
2025-08-26 06:59:14,942 [ERROR] LogOutputStream:75 - [STDERR_REDIRECT] 
2025-08-26 06:59:15,941 [ERROR] LogOutputStream:75 - [STDERR_REDIRECT] [Fatal Error] :1:1: Premature end of file.
2025-08-26 06:59:15,941 [ERROR] LogOutputStream:75 - [STDERR_REDIRECT] 
2025-08-26 06:59:16,940 [ERROR] LogOutputStream:75 - [STDERR_REDIRECT] [Fatal Error] :1:1: Premature end of file.
2025-08-26 06:59:16,940 [ERROR] LogOutputStream:75 - [STDERR_REDIRECT] 
2025-08-26 06:59:17,947 [ERROR] LogOutputStream:75 - [STDERR_REDIRECT] [Fatal Error] :1:1: Premature end of file.
2025-08-26 06:59:17,947 [ERROR] LogOutputStream:75 - [STDERR_REDIRECT] 
2025-08-26 06:59:18,944 [ERROR] LogOutputStream:75 - [STDERR_REDIRECT] [Fatal Error] :1:1: Premature end of file.
2025-08-26 06:59:18,944 [ERROR] LogOutputStream:75 - [STDERR_REDIRECT] 
2025-08-26 06:59:19,940 [ERROR] LogOutputStream:75 - [STDERR_REDIRECT] [Fatal Error] :1:1: Premature end of file.
2025-08-26 06:59:19,941 [ERROR] LogOutputStream:75 - [STDERR_REDIRECT] 
2025-08-26 06:59:20,945 [ERROR] LogOutputStream:75 - [STDERR_REDIRECT] [Fatal Error] :1:1: Premature end of file.
2025-08-26 06:59:20,945 [ERROR] LogOutputStream:75 - [STDERR_REDIRECT] 
2025-08-26 06:59:21,931 [ERROR] LogOutputStream:75 - [STDERR_REDIRECT] [Fatal Error] :1:1: Premature end of file.
2025-08-26 06:59:21,931 [ERROR] LogOutputStream:75 - [STDERR_REDIRECT] 
2025-08-26 06:59:22,933 [ERROR] LogOutputStream:75 - [STDERR_REDIRECT] [Fatal Error] :1:1: Premature end of file.
2025-08-26 06:59:22,934 [ERROR] LogOutputStream:75 - [STDERR_REDIRECT] 
2025-08-26 06:59:23,943 [ERROR] LogOutputStream:75 - [STDERR_REDIRECT] [Fatal Error] :1:1: Premature end of file.
2025-08-26 06:59:23,943 [ERROR] LogOutputStream:75 - [STDERR_REDIRECT] 
2025-08-26 06:59:24,948 [ERROR] LogOutputStream:75 - [STDERR_REDIRECT] [Fatal Error] :1:1: Premature end of file.
2025-08-26 06:59:24,948 [ERROR] LogOutputStream:75 - [STDERR_REDIRECT] 
2025-08-26 06:59:25,940 [ERROR] LogOutputStream:75 - [STDERR_REDIRECT] [Fatal Error] :1:1: Premature end of file.
2025-08-26 06:59:25,940 [ERROR] LogOutputStream:75 - [STDERR_REDIRECT] 
2025-08-26 06:59:26,938 [ERROR] LogOutputStream:75 - [STDERR_REDIRECT] [Fatal Error] :1:1: Premature end of file.
2025-08-26 06:59:26,938 [ERROR] LogOutputStream:75 - [STDERR_REDIRECT] 
2025-08-26 06:59:27,940 [ERROR] LogOutputStream:75 - [STDERR_REDIRECT] [Fatal Error] :1:1: Premature end of file.
2025-08-26 06:59:27,940 [ERROR] LogOutputStream:75 - [STDERR_REDIRECT] 
2025-08-26 06:59:28,937 [ERROR] LogOutputStream:75 - [STDERR_REDIRECT] [Fatal Error] :1:1: Premature end of file.
2025-08-26 06:59:28,937 [ERROR] LogOutputStream:75 - [STDERR_REDIRECT] 
2025-08-26 06:59:29,935 [ERROR] LogOutputStream:75 - [STDERR_REDIRECT] [Fatal Error] :1:1: Premature end of file.
2025-08-26 06:59:29,935 [ERROR] LogOutputStream:75 - [STDERR_REDIRECT] 
2025-08-26 06:59:30,935 [ERROR] LogOutputStream:75 - [STDERR_REDIRECT] [Fatal Error] :1:1: Premature end of file.
2025-08-26 06:59:30,935 [ERROR] LogOutputStream:75 - [STDERR_REDIRECT] 
2025-08-26 06:59:31,943 [ERROR] LogOutputStream:75 - [STDERR_REDIRECT] [Fatal Error] :1:1: Premature end of file.
2025-08-26 06:59:31,943 [ERROR] LogOutputStream:75 - [STDERR_REDIRECT] 
2025-08-26 06:59:32,947 [ERROR] LogOutputStream:75 - [STDERR_REDIRECT] [Fatal Error] :1:1: Premature end of file.
2025-08-26 06:59:32,947 [ERROR] LogOutputStream:75 - [STDERR_REDIRECT] 
2025-08-26 06:59:33,947 [ERROR] LogOutputStream:75 - [STDERR_REDIRECT] [Fatal Error] :1:1: Premature end of file.
2025-08-26 06:59:33,948 [ERROR] LogOutputStream:75 - [STDERR_REDIRECT] 
2025-08-26 06:59:34,943 [ERROR] LogOutputStream:75 - [STDERR_REDIRECT] [Fatal Error] :1:1: Premature end of file.
2025-08-26 06:59:34,943 [ERROR] LogOutputStream:75 - [STDERR_REDIRECT] 
2025-08-26 06:59:35,935 [ERROR] LogOutputStream:75 - [STDERR_REDIRECT] [Fatal Error] :1:1: Premature end of file.
2025-08-26 06:59:35,935 [ERROR] LogOutputStream:75 - [STDERR_REDIRECT] 
2025-08-26 06:59:36,945 [ERROR] LogOutputStream:75 - [STDERR_REDIRECT] [Fatal Error] :1:1: Premature end of file.
2025-08-26 06:59:36,945 [ERROR] LogOutputStream:75 - [STDERR_REDIRECT] 
2025-08-26 06:59:37,932 [ERROR] LogOutputStream:75 - [STDERR_REDIRECT] [Fatal Error] :1:1: Premature end of file.
2025-08-26 06:59:37,932 [ERROR] LogOutputStream:75 - [STDERR_REDIRECT] 
2025-08-26 06:59:38,940 [ERROR] LogOutputStream:75 - [STDERR_REDIRECT] [Fatal Error] :1:1: Premature end of file.
2025-08-26 06:59:38,940 [ERROR] LogOutputStream:75 - [STDERR_REDIRECT] 
2025-08-26 06:59:39,938 [ERROR] LogOutputStream:75 - [STDERR_REDIRECT] [Fatal Error] :1:1: Premature end of file.
2025-08-26 06:59:39,938 [ERROR] LogOutputStream:75 - [STDERR_REDIRECT] 
2025-08-26 06:59:40,940 [ERROR] LogOutputStream:75 - [STDERR_REDIRECT] [Fatal Error] :1:1: Premature end of file.
2025-08-26 06:59:40,940 [ERROR] LogOutputStream:75 - [STDERR_REDIRECT] 
2025-08-26 06:59:41,946 [ERROR] LogOutputStream:75 - [STDERR_REDIRECT] [Fatal Error] :1:1: Premature end of file.
2025-08-26 06:59:41,946 [ERROR] LogOutputStream:75 - [STDERR_REDIRECT] 
2025-08-26 06:59:42,943 [ERROR] LogOutputStream:75 - [STDERR_REDIRECT] [Fatal Error] :1:1: Premature end of file.
2025-08-26 06:59:42,943 [ERROR] LogOutputStream:75 - [STDERR_REDIRECT] 
2025-08-26 06:59:43,942 [ERROR] LogOutputStream:75 - [STDERR_REDIRECT] [Fatal Error] :1:1: Premature end of file.
2025-08-26 06:59:43,942 [ERROR] LogOutputStream:75 - [STDERR_REDIRECT] 
2025-08-26 06:59:44,939 [ERROR] LogOutputStream:75 - [STDERR_REDIRECT] [Fatal Error] :1:1: Premature end of file.
2025-08-26 06:59:44,939 [ERROR] LogOutputStream:75 - [STDERR_REDIRECT] 
2025-08-26 06:59:45,946 [ERROR] LogOutputStream:75 - [STDERR_REDIRECT] [Fatal Error] :1:1: Premature end of file.
2025-08-26 06:59:45,946 [ERROR] LogOutputStream:75 - [STDERR_REDIRECT] 
2025-08-26 06:59:46,943 [ERROR] LogOutputStream:75 - [STDERR_REDIRECT] [Fatal Error] :1:1: Premature end of file.
2025-08-26 06:59:46,943 [ERROR] LogOutputStream:75 - [STDERR_REDIRECT] 
2025-08-26 06:59:47,938 [ERROR] LogOutputStream:75 - [STDERR_REDIRECT] [Fatal Error] :1:1: Premature end of file.
2025-08-26 06:59:47,938 [ERROR] LogOutputStream:75 - [STDERR_REDIRECT] 
2025-08-26 06:59:48,947 [ERROR] LogOutputStream:75 - [STDERR_REDIRECT] [Fatal Error] :1:1: Premature end of file.
2025-08-26 06:59:48,947 [ERROR] LogOutputStream:75 - [STDERR_REDIRECT] 
2025-08-26 06:59:49,942 [ERROR] LogOutputStream:75 - [STDERR_REDIRECT] [Fatal Error] :1:1: Premature end of file.
2025-08-26 06:59:49,942 [ERROR] LogOutputStream:75 - [STDERR_REDIRECT] 
2025-08-26 06:59:50,945 [ERROR] LogOutputStream:75 - [STDERR_REDIRECT] [Fatal Error] :1:1: Premature end of file.
2025-08-26 06:59:50,945 [ERROR] LogOutputStream:75 - [STDERR_REDIRECT] 
2025-08-26 06:59:51,943 [ERROR] LogOutputStream:75 - [STDERR_REDIRECT] [Fatal Error] :1:1: Premature end of file.
2025-08-26 06:59:51,943 [ERROR] LogOutputStream:75 - [STDERR_REDIRECT] 
2025-08-26 06:59:52,945 [ERROR] LogOutputStream:75 - [STDERR_REDIRECT] [Fatal Error] :1:1: Premature end of file.
2025-08-26 06:59:52,945 [ERROR] LogOutputStream:75 - [STDERR_REDIRECT] 
2025-08-26 06:59:53,943 [ERROR] LogOutputStream:75 - [STDERR_REDIRECT] [Fatal Error] :1:1: Premature end of file.
2025-08-26 06:59:53,943 [ERROR] LogOutputStream:75 - [STDERR_REDIRECT] 
2025-08-26 06:59:54,953 [ERROR] LogOutputStream:75 - [STDERR_REDIRECT] [Fatal Error] :1:1: Premature end of file.
2025-08-26 06:59:54,954 [ERROR] LogOutputStream:75 - [STDERR_REDIRECT] 
2025-08-26 06:59:55,940 [ERROR] LogOutputStream:75 - [STDERR_REDIRECT] [Fatal Error] :1:1: Premature end of file.
2025-08-26 06:59:55,940 [ERROR] LogOutputStream:75 - [STDERR_REDIRECT] 
2025-08-26 06:59:56,948 [ERROR] LogOutputStream:75 - [STDERR_REDIRECT] [Fatal Error] :1:1: Premature end of file.
2025-08-26 06:59:56,948 [ERROR] LogOutputStream:75 - [STDERR_REDIRECT] 
2025-08-26 06:59:57,933 [ERROR] LogOutputStream:75 - [STDERR_REDIRECT] [Fatal Error] :1:1: Premature end of file.
2025-08-26 06:59:57,933 [ERROR] LogOutputStream:75 - [STDERR_REDIRECT] 
2025-08-26 06:59:58,932 [ERROR] LogOutputStream:75 - [STDERR_REDIRECT] [Fatal Error] :1:1: Premature end of file.
2025-08-26 06:59:58,933 [ERROR] LogOutputStream:75 - [STDERR_REDIRECT] 
2025-08-26 06:59:59,931 [ERROR] LogOutputStream:75 - [STDERR_REDIRECT] [Fatal Error] :1:1: Premature end of file.
2025-08-26 06:59:59,931 [ERROR] LogOutputStream:75 - [STDERR_REDIRECT] 
2025-08-26 07:00:00,946 [ERROR] LogOutputStream:75 - [STDERR_REDIRECT] [Fatal Error] :1:1: Premature end of file.
2025-08-26 07:00:00,946 [ERROR] LogOutputStream:75 - [STDERR_REDIRECT] 
2025-08-26 07:00:01,946 [ERROR] LogOutputStream:75 - [STDERR_REDIRECT] [Fatal Error] :1:1: Premature end of file.
2025-08-26 07:00:01,947 [ERROR] LogOutputStream:75 - [STDERR_REDIRECT] 
2025-08-26 07:00:02,951 [ERROR] LogOutputStream:75 - [STDERR_REDIRECT] [Fatal Error] :1:1: Premature end of file.
2025-08-26 07:00:02,951 [ERROR] LogOutputStream:75 - [STDERR_REDIRECT] 
2025-08-26 07:00:03,937 [ERROR] LogOutputStream:75 - [STDERR_REDIRECT] [Fatal Error] :1:1: Premature end of file.
2025-08-26 07:00:03,937 [ERROR] LogOutputStream:75 - [STDERR_REDIRECT] 
2025-08-26 07:00:04,931 [ERROR] LogOutputStream:75 - [STDERR_REDIRECT] [Fatal Error] :1:1: Premature end of file.
2025-08-26 07:00:04,931 [ERROR] LogOutputStream:75 - [STDERR_REDIRECT] 
2025-08-26 07:00:05,942 [ERROR] LogOutputStream:75 - [STDERR_REDIRECT] [Fatal Error] :1:1: Premature end of file.
2025-08-26 07:00:05,943 [ERROR] LogOutputStream:75 - [STDERR_REDIRECT] 
2025-08-26 07:00:06,944 [ERROR] LogOutputStream:75 - [STDERR_REDIRECT] [Fatal Error] :1:1: Premature end of file.
2025-08-26 07:00:06,944 [ERROR] LogOutputStream:75 - [STDERR_REDIRECT] 
2025-08-26 07:00:07,937 [ERROR] LogOutputStream:75 - [STDERR_REDIRECT] [Fatal Error] :1:1: Premature end of file.
2025-08-26 07:00:07,937 [ERROR] LogOutputStream:75 - [STDERR_REDIRECT] 
2025-08-26 07:00:08,942 [ERROR] LogOutputStream:75 - [STDERR_REDIRECT] [Fatal Error] :1:1: Premature end of file.
2025-08-26 07:00:08,942 [ERROR] LogOutputStream:75 - [STDERR_REDIRECT] 
2025-08-26 07:00:09,949 [ERROR] LogOutputStream:75 - [STDERR_REDIRECT] [Fatal Error] :1:1: Premature end of file.
2025-08-26 07:00:09,949 [ERROR] LogOutputStream:75 - [STDERR_REDIRECT] 
2025-08-26 07:00:10,940 [ERROR] LogOutputStream:75 - [STDERR_REDIRECT] [Fatal Error] :1:1: Premature end of file.
2025-08-26 07:00:10,940 [ERROR] LogOutputStream:75 - [STDERR_REDIRECT] 
2025-08-26 07:00:11,947 [ERROR] LogOutputStream:75 - [STDERR_REDIRECT] [Fatal Error] :1:1: Premature end of file.
2025-08-26 07:00:11,947 [ERROR] LogOutputStream:75 - [STDERR_REDIRECT] 
2025-08-26 07:00:12,943 [ERROR] LogOutputStream:75 - [STDERR_REDIRECT] [Fatal Error] :1:1: Premature end of file.
2025-08-26 07:00:12,943 [ERROR] LogOutputStream:75 - [STDERR_REDIRECT] 
2025-08-26 07:00:13,945 [ERROR] LogOutputStream:75 - [STDERR_REDIRECT] [Fatal Error] :1:1: Premature end of file.
2025-08-26 07:00:13,945 [ERROR] LogOutputStream:75 - [STDERR_REDIRECT] 
2025-08-26 07:00:14,950 [ERROR] LogOutputStream:75 - [STDERR_REDIRECT] [Fatal Error] :1:1: Premature end of file.
2025-08-26 07:00:14,950 [ERROR] LogOutputStream:75 - [STDERR_REDIRECT] 
2025-08-26 07:00:15,943 [ERROR] LogOutputStream:75 - [STDERR_REDIRECT] [Fatal Error] :1:1: Premature end of file.
2025-08-26 07:00:15,943 [ERROR] LogOutputStream:75 - [STDERR_REDIRECT] 
2025-08-26 07:00:16,943 [ERROR] LogOutputStream:75 - [STDERR_REDIRECT] [Fatal Error] :1:1: Premature end of file.
2025-08-26 07:00:16,943 [ERROR] LogOutputStream:75 - [STDERR_REDIRECT] 
2025-08-26 07:00:17,945 [ERROR] LogOutputStream:75 - [STDERR_REDIRECT] [Fatal Error] :1:1: Premature end of file.
2025-08-26 07:00:17,945 [ERROR] LogOutputStream:75 - [STDERR_REDIRECT] 
2025-08-26 07:00:18,932 [ERROR] LogOutputStream:75 - [STDERR_REDIRECT] [Fatal Error] :1:1: Premature end of file.
2025-08-26 07:00:18,932 [ERROR] LogOutputStream:75 - [STDERR_REDIRECT] 
2025-08-26 07:00:19,937 [ERROR] LogOutputStream:75 - [STDERR_REDIRECT] [Fatal Error] :1:1: Premature end of file.
2025-08-26 07:00:19,937 [ERROR] LogOutputStream:75 - [STDERR_REDIRECT] 
2025-08-26 07:00:20,948 [ERROR] LogOutputStream:75 - [STDERR_REDIRECT] [Fatal Error] :1:1: Premature end of file.
2025-08-26 07:00:20,948 [ERROR] LogOutputStream:75 - [STDERR_REDIRECT] 
2025-08-26 07:00:21,941 [ERROR] LogOutputStream:75 - [STDERR_REDIRECT] [Fatal Error] :1:1: Premature end of file.
2025-08-26 07:00:21,941 [ERROR] LogOutputStream:75 - [STDERR_REDIRECT] 
2025-08-26 07:00:22,952 [ERROR] LogOutputStream:75 - [STDERR_REDIRECT] [Fatal Error] :1:1: Premature end of file.
2025-08-26 07:00:22,952 [ERROR] LogOutputStream:75 - [STDERR_REDIRECT] 
2025-08-26 07:00:23,941 [ERROR] LogOutputStream:75 - [STDERR_REDIRECT] [Fatal Error] :1:1: Premature end of file.
2025-08-26 07:00:23,941 [ERROR] LogOutputStream:75 - [STDERR_REDIRECT] 
2025-08-26 07:00:24,944 [ERROR] LogOutputStream:75 - [STDERR_REDIRECT] [Fatal Error] :1:1: Premature end of file.
2025-08-26 07:00:24,944 [ERROR] LogOutputStream:75 - [STDERR_REDIRECT] 
2025-08-26 07:00:25,944 [ERROR] LogOutputStream:75 - [STDERR_REDIRECT] [Fatal Error] :1:1: Premature end of file.
2025-08-26 07:00:25,944 [ERROR] LogOutputStream:75 - [STDERR_REDIRECT] 
2025-08-26 07:00:26,943 [ERROR] LogOutputStream:75 - [STDERR_REDIRECT] [Fatal Error] :1:1: Premature end of file.
2025-08-26 07:00:26,943 [ERROR] LogOutputStream:75 - [STDERR_REDIRECT] 
2025-08-26 07:00:27,939 [ERROR] LogOutputStream:75 - [STDERR_REDIRECT] [Fatal Error] :1:1: Premature end of file.
2025-08-26 07:00:27,939 [ERROR] LogOutputStream:75 - [STDERR_REDIRECT] 
2025-08-26 07:00:28,948 [ERROR] LogOutputStream:75 - [STDERR_REDIRECT] [Fatal Error] :1:1: Premature end of file.
2025-08-26 07:00:28,948 [ERROR] LogOutputStream:75 - [STDERR_REDIRECT] 
2025-08-26 07:00:29,942 [ERROR] LogOutputStream:75 - [STDERR_REDIRECT] [Fatal Error] :1:1: Premature end of file.
2025-08-26 07:00:29,942 [ERROR] LogOutputStream:75 - [STDERR_REDIRECT] 
2025-08-26 07:00:30,950 [ERROR] LogOutputStream:75 - [STDERR_REDIRECT] [Fatal Error] :1:1: Premature end of file.
2025-08-26 07:00:30,950 [ERROR] LogOutputStream:75 - [STDERR_REDIRECT] 
2025-08-26 07:00:31,947 [ERROR] LogOutputStream:75 - [STDERR_REDIRECT] [Fatal Error] :1:1: Premature end of file.
2025-08-26 07:00:31,947 [ERROR] LogOutputStream:75 - [STDERR_REDIRECT] 
2025-08-26 07:00:32,932 [ERROR] LogOutputStream:75 - [STDERR_REDIRECT] [Fatal Error] :1:1: Premature end of file.
2025-08-26 07:00:32,932 [ERROR] LogOutputStream:75 - [STDERR_REDIRECT] 
2025-08-26 07:00:33,943 [ERROR] LogOutputStream:75 - [STDERR_REDIRECT] [Fatal Error] :1:1: Premature end of file.
2025-08-26 07:00:33,943 [ERROR] LogOutputStream:75 - [STDERR_REDIRECT] 
2025-08-26 07:00:34,946 [ERROR] LogOutputStream:75 - [STDERR_REDIRECT] [Fatal Error] :1:1: Premature end of file.
2025-08-26 07:00:34,947 [ERROR] LogOutputStream:75 - [STDERR_REDIRECT] 
2025-08-26 07:00:35,951 [ERROR] LogOutputStream:75 - [STDERR_REDIRECT] [Fatal Error] :1:1: Premature end of file.
2025-08-26 07:00:35,951 [ERROR] LogOutputStream:75 - [STDERR_REDIRECT] 
2025-08-26 07:00:36,931 [ERROR] LogOutputStream:75 - [STDERR_REDIRECT] [Fatal Error] :1:1: Premature end of file.
2025-08-26 07:00:36,931 [ERROR] LogOutputStream:75 - [STDERR_REDIRECT] 
2025-08-26 07:00:37,940 [ERROR] LogOutputStream:75 - [STDERR_REDIRECT] [Fatal Error] :1:1: Premature end of file.
2025-08-26 07:00:37,940 [ERROR] LogOutputStream:75 - [STDERR_REDIRECT] 
2025-08-26 07:00:38,940 [ERROR] LogOutputStream:75 - [STDERR_REDIRECT] [Fatal Error] :1:1: Premature end of file.
2025-08-26 07:00:38,940 [ERROR] LogOutputStream:75 - [STDERR_REDIRECT] 
2025-08-26 07:00:39,946 [ERROR] LogOutputStream:75 - [STDERR_REDIRECT] [Fatal Error] :1:1: Premature end of file.
2025-08-26 07:00:39,946 [ERROR] LogOutputStream:75 - [STDERR_REDIRECT] 
2025-08-26 07:00:40,942 [ERROR] LogOutputStream:75 - [STDERR_REDIRECT] [Fatal Error] :1:1: Premature end of file.
2025-08-26 07:00:40,942 [ERROR] LogOutputStream:75 - [STDERR_REDIRECT] 
2025-08-26 07:00:41,942 [ERROR] LogOutputStream:75 - [STDERR_REDIRECT] [Fatal Error] :1:1: Premature end of file.
2025-08-26 07:00:41,942 [ERROR] LogOutputStream:75 - [STDERR_REDIRECT] 
2025-08-26 07:00:42,950 [ERROR] LogOutputStream:75 - [STDERR_REDIRECT] [Fatal Error] :1:1: Premature end of file.
2025-08-26 07:00:42,950 [ERROR] LogOutputStream:75 - [STDERR_REDIRECT] 
2025-08-26 07:00:43,950 [ERROR] LogOutputStream:75 - [STDERR_REDIRECT] [Fatal Error] :1:1: Premature end of file.
2025-08-26 07:00:43,950 [ERROR] LogOutputStream:75 - [STDERR_REDIRECT] 
2025-08-26 07:00:44,947 [ERROR] LogOutputStream:75 - [STDERR_REDIRECT] [Fatal Error] :1:1: Premature end of file.
2025-08-26 07:00:44,947 [ERROR] LogOutputStream:75 - [STDERR_REDIRECT] 
2025-08-26 07:00:45,943 [ERROR] LogOutputStream:75 - [STDERR_REDIRECT] [Fatal Error] :1:1: Premature end of file.
2025-08-26 07:00:45,943 [ERROR] LogOutputStream:75 - [STDERR_REDIRECT] 
2025-08-26 07:00:46,942 [ERROR] LogOutputStream:75 - [STDERR_REDIRECT] [Fatal Error] :1:1: Premature end of file.
2025-08-26 07:00:46,942 [ERROR] LogOutputStream:75 - [STDERR_REDIRECT] 
2025-08-26 07:00:47,943 [ERROR] LogOutputStream:75 - [STDERR_REDIRECT] [Fatal Error] :1:1: Premature end of file.
2025-08-26 07:00:47,943 [ERROR] LogOutputStream:75 - [STDERR_REDIRECT] 
2025-08-26 07:00:48,940 [ERROR] LogOutputStream:75 - [STDERR_REDIRECT] [Fatal Error] :1:1: Premature end of file.
2025-08-26 07:00:48,941 [ERROR] LogOutputStream:75 - [STDERR_REDIRECT] 
2025-08-26 07:00:49,946 [ERROR] LogOutputStream:75 - [STDERR_REDIRECT] [Fatal Error] :1:1: Premature end of file.
2025-08-26 07:00:49,946 [ERROR] LogOutputStream:75 - [STDERR_REDIRECT] 
2025-08-26 07:00:50,941 [ERROR] LogOutputStream:75 - [STDERR_REDIRECT] [Fatal Error] :1:1: Premature end of file.
2025-08-26 07:00:50,941 [ERROR] LogOutputStream:75 - [STDERR_REDIRECT] 
2025-08-26 07:00:51,940 [ERROR] LogOutputStream:75 - [STDERR_REDIRECT] [Fatal Error] :1:1: Premature end of file.
2025-08-26 07:00:51,940 [ERROR] LogOutputStream:75 - [STDERR_REDIRECT] 
2025-08-26 07:00:52,947 [ERROR] LogOutputStream:75 - [STDERR_REDIRECT] [Fatal Error] :1:1: Premature end of file.
2025-08-26 07:00:52,947 [ERROR] LogOutputStream:75 - [STDERR_REDIRECT] 
2025-08-26 07:00:53,950 [ERROR] LogOutputStream:75 - [STDERR_REDIRECT] [Fatal Error] :1:1: Premature end of file.
2025-08-26 07:00:53,950 [ERROR] LogOutputStream:75 - [STDERR_REDIRECT] 
2025-08-26 07:00:54,943 [ERROR] LogOutputStream:75 - [STDERR_REDIRECT] [Fatal Error] :1:1: Premature end of file.
2025-08-26 07:00:54,943 [ERROR] LogOutputStream:75 - [STDERR_REDIRECT] 
2025-08-26 07:00:55,945 [ERROR] LogOutputStream:75 - [STDERR_REDIRECT] [Fatal Error] :1:1: Premature end of file.
2025-08-26 07:00:55,945 [ERROR] LogOutputStream:75 - [STDERR_REDIRECT] 
2025-08-26 07:00:56,948 [ERROR] LogOutputStream:75 - [STDERR_REDIRECT] [Fatal Error] :1:1: Premature end of file.
2025-08-26 07:00:56,948 [ERROR] LogOutputStream:75 - [STDERR_REDIRECT] 
2025-08-26 07:00:57,948 [ERROR] LogOutputStream:75 - [STDERR_REDIRECT] [Fatal Error] :1:1: Premature end of file.
2025-08-26 07:00:57,948 [ERROR] LogOutputStream:75 - [STDERR_REDIRECT] 
2025-08-26 07:00:58,946 [ERROR] LogOutputStream:75 - [STDERR_REDIRECT] [Fatal Error] :1:1: Premature end of file.
2025-08-26 07:00:58,946 [ERROR] LogOutputStream:75 - [STDERR_REDIRECT] 
2025-08-26 07:00:59,945 [ERROR] LogOutputStream:75 - [STDERR_REDIRECT] [Fatal Error] :1:1: Premature end of file.
2025-08-26 07:00:59,945 [ERROR] LogOutputStream:75 - [STDERR_REDIRECT] 
2025-08-26 07:01:00,941 [ERROR] LogOutputStream:75 - [STDERR_REDIRECT] [Fatal Error] :1:1: Premature end of file.
2025-08-26 07:01:00,942 [ERROR] LogOutputStream:75 - [STDERR_REDIRECT] 
2025-08-26 07:01:01,946 [ERROR] LogOutputStream:75 - [STDERR_REDIRECT] [Fatal Error] :1:1: Premature end of file.
2025-08-26 07:01:01,946 [ERROR] LogOutputStream:75 - [STDERR_REDIRECT] 
2025-08-26 07:01:02,939 [ERROR] LogOutputStream:75 - [STDERR_REDIRECT] [Fatal Error] :1:1: Premature end of file.
2025-08-26 07:01:02,939 [ERROR] LogOutputStream:75 - [STDERR_REDIRECT] 
2025-08-26 07:01:03,946 [ERROR] LogOutputStream:75 - [STDERR_REDIRECT] [Fatal Error] :1:1: Premature end of file.
2025-08-26 07:01:03,946 [ERROR] LogOutputStream:75 - [STDERR_REDIRECT] 
2025-08-26 07:01:04,942 [ERROR] LogOutputStream:75 - [STDERR_REDIRECT] [Fatal Error] :1:1: Premature end of file.
2025-08-26 07:01:04,942 [ERROR] LogOutputStream:75 - [STDERR_REDIRECT] 
2025-08-26 07:01:05,945 [ERROR] LogOutputStream:75 - [STDERR_REDIRECT] [Fatal Error] :1:1: Premature end of file.
2025-08-26 07:01:05,945 [ERROR] LogOutputStream:75 - [STDERR_REDIRECT] 
2025-08-26 07:01:06,943 [ERROR] LogOutputStream:75 - [STDERR_REDIRECT] [Fatal Error] :1:1: Premature end of file.
2025-08-26 07:01:06,943 [ERROR] LogOutputStream:75 - [STDERR_REDIRECT] 
2025-08-26 07:01:07,946 [ERROR] LogOutputStream:75 - [STDERR_REDIRECT] [Fatal Error] :1:1: Premature end of file.
2025-08-26 07:01:07,946 [ERROR] LogOutputStream:75 - [STDERR_REDIRECT] 
2025-08-26 07:01:08,941 [ERROR] LogOutputStream:75 - [STDERR_REDIRECT] [Fatal Error] :1:1: Premature end of file.
2025-08-26 07:01:08,941 [ERROR] LogOutputStream:75 - [STDERR_REDIRECT] 
2025-08-26 07:01:09,940 [ERROR] LogOutputStream:75 - [STDERR_REDIRECT] [Fatal Error] :1:1: Premature end of file.
2025-08-26 07:01:09,940 [ERROR] LogOutputStream:75 - [STDERR_REDIRECT] 
2025-08-26 07:01:10,943 [ERROR] LogOutputStream:75 - [STDERR_REDIRECT] [Fatal Error] :1:1: Premature end of file.
2025-08-26 07:01:10,943 [ERROR] LogOutputStream:75 - [STDERR_REDIRECT] 
2025-08-26 07:01:11,946 [ERROR] LogOutputStream:75 - [STDERR_REDIRECT] [Fatal Error] :1:1: Premature end of file.
2025-08-26 07:01:11,946 [ERROR] LogOutputStream:75 - [STDERR_REDIRECT] 
2025-08-26 07:01:12,942 [ERROR] LogOutputStream:75 - [STDERR_REDIRECT] [Fatal Error] :1:1: Premature end of file.
2025-08-26 07:01:12,942 [ERROR] LogOutputStream:75 - [STDERR_REDIRECT] 
2025-08-26 07:01:13,947 [ERROR] LogOutputStream:75 - [STDERR_REDIRECT] [Fatal Error] :1:1: Premature end of file.
2025-08-26 07:01:13,947 [ERROR] LogOutputStream:75 - [STDERR_REDIRECT] 
2025-08-26 07:01:14,975 [ERROR] LogOutputStream:75 - [STDERR_REDIRECT] [Fatal Error] :1:1: Premature end of file.
2025-08-26 07:01:14,975 [ERROR] LogOutputStream:75 - [STDERR_REDIRECT] 
2025-08-26 07:01:15,939 [ERROR] LogOutputStream:75 - [STDERR_REDIRECT] [Fatal Error] :1:1: Premature end of file.
2025-08-26 07:01:15,940 [ERROR] LogOutputStream:75 - [STDERR_REDIRECT] 
2025-08-26 07:01:16,948 [ERROR] LogOutputStream:75 - [STDERR_REDIRECT] [Fatal Error] :1:1: Premature end of file.
2025-08-26 07:01:16,948 [ERROR] LogOutputStream:75 - [STDERR_REDIRECT] 
2025-08-26 07:01:17,946 [ERROR] LogOutputStream:75 - [STDERR_REDIRECT] [Fatal Error] :1:1: Premature end of file.
2025-08-26 07:01:17,946 [ERROR] LogOutputStream:75 - [STDERR_REDIRECT] 
2025-08-26 07:01:18,953 [ERROR] LogOutputStream:75 - [STDERR_REDIRECT] [Fatal Error] :1:1: Premature end of file.
2025-08-26 07:01:18,953 [ERROR] LogOutputStream:75 - [STDERR_REDIRECT] 
2025-08-26 07:01:19,942 [ERROR] LogOutputStream:75 - [STDERR_REDIRECT] [Fatal Error] :1:1: Premature end of file.
2025-08-26 07:01:19,942 [ERROR] LogOutputStream:75 - [STDERR_REDIRECT] 
2025-08-26 07:01:20,942 [ERROR] LogOutputStream:75 - [STDERR_REDIRECT] [Fatal Error] :1:1: Premature end of file.
2025-08-26 07:01:20,942 [ERROR] LogOutputStream:75 - [STDERR_REDIRECT] 
2025-08-26 07:01:21,935 [ERROR] LogOutputStream:75 - [STDERR_REDIRECT] [Fatal Error] :1:1: Premature end of file.
2025-08-26 07:01:21,935 [ERROR] LogOutputStream:75 - [STDERR_REDIRECT] 
2025-08-26 07:01:22,949 [ERROR] LogOutputStream:75 - [STDERR_REDIRECT] [Fatal Error] :1:1: Premature end of file.
2025-08-26 07:01:22,949 [ERROR] LogOutputStream:75 - [STDERR_REDIRECT] 
2025-08-26 07:01:23,943 [ERROR] LogOutputStream:75 - [STDERR_REDIRECT] [Fatal Error] :1:1: Premature end of file.
2025-08-26 07:01:23,943 [ERROR] LogOutputStream:75 - [STDERR_REDIRECT] 
2025-08-26 07:01:24,949 [ERROR] LogOutputStream:75 - [STDERR_REDIRECT] [Fatal Error] :1:1: Premature end of file.
2025-08-26 07:01:24,950 [ERROR] LogOutputStream:75 - [STDERR_REDIRECT] 
2025-08-26 07:01:25,942 [ERROR] LogOutputStream:75 - [STDERR_REDIRECT] [Fatal Error] :1:1: Premature end of file.
2025-08-26 07:01:25,942 [ERROR] LogOutputStream:75 - [STDERR_REDIRECT] 
2025-08-26 07:01:26,947 [ERROR] LogOutputStream:75 - [STDERR_REDIRECT] [Fatal Error] :1:1: Premature end of file.
2025-08-26 07:01:26,947 [ERROR] LogOutputStream:75 - [STDERR_REDIRECT] 
2025-08-26 07:01:27,947 [ERROR] LogOutputStream:75 - [STDERR_REDIRECT] [Fatal Error] :1:1: Premature end of file.
2025-08-26 07:01:27,947 [ERROR] LogOutputStream:75 - [STDERR_REDIRECT] 
2025-08-26 07:01:28,947 [ERROR] LogOutputStream:75 - [STDERR_REDIRECT] [Fatal Error] :1:1: Premature end of file.
2025-08-26 07:01:28,947 [ERROR] LogOutputStream:75 - [STDERR_REDIRECT] 
2025-08-26 07:01:29,930 [ERROR] LogOutputStream:75 - [STDERR_REDIRECT] [Fatal Error] :1:1: Premature end of file.
2025-08-26 07:01:29,930 [ERROR] LogOutputStream:75 - [STDERR_REDIRECT] 
2025-08-26 07:01:30,931 [ERROR] LogOutputStream:75 - [STDERR_REDIRECT] [Fatal Error] :1:1: Premature end of file.
2025-08-26 07:01:30,931 [ERROR] LogOutputStream:75 - [STDERR_REDIRECT] 
2025-08-26 07:01:31,941 [ERROR] LogOutputStream:75 - [STDERR_REDIRECT] [Fatal Error] :1:1: Premature end of file.
2025-08-26 07:01:31,941 [ERROR] LogOutputStream:75 - [STDERR_REDIRECT] 
2025-08-26 07:01:32,945 [ERROR] LogOutputStream:75 - [STDERR_REDIRECT] [Fatal Error] :1:1: Premature end of file.
2025-08-26 07:01:32,945 [ERROR] LogOutputStream:75 - [STDERR_REDIRECT] 
2025-08-26 07:01:33,943 [ERROR] LogOutputStream:75 - [STDERR_REDIRECT] [Fatal Error] :1:1: Premature end of file.
2025-08-26 07:01:33,943 [ERROR] LogOutputStream:75 - [STDERR_REDIRECT] 
2025-08-26 07:01:34,939 [ERROR] LogOutputStream:75 - [STDERR_REDIRECT] [Fatal Error] :1:1: Premature end of file.
2025-08-26 07:01:34,939 [ERROR] LogOutputStream:75 - [STDERR_REDIRECT] 
2025-08-26 07:01:35,946 [ERROR] LogOutputStream:75 - [STDERR_REDIRECT] [Fatal Error] :1:1: Premature end of file.
2025-08-26 07:01:35,946 [ERROR] LogOutputStream:75 - [STDERR_REDIRECT] 
2025-08-26 07:01:36,932 [ERROR] LogOutputStream:75 - [STDERR_REDIRECT] [Fatal Error] :1:1: Premature end of file.
2025-08-26 07:01:36,932 [ERROR] LogOutputStream:75 - [STDERR_REDIRECT] 
2025-08-26 07:01:37,939 [ERROR] LogOutputStream:75 - [STDERR_REDIRECT] [Fatal Error] :1:1: Premature end of file.
2025-08-26 07:01:37,939 [ERROR] LogOutputStream:75 - [STDERR_REDIRECT] 
2025-08-26 07:01:38,935 [ERROR] LogOutputStream:75 - [STDERR_REDIRECT] [Fatal Error] :1:1: Premature end of file.
2025-08-26 07:01:38,935 [ERROR] LogOutputStream:75 - [STDERR_REDIRECT] 
2025-08-26 07:01:39,940 [ERROR] LogOutputStream:75 - [STDERR_REDIRECT] [Fatal Error] :1:1: Premature end of file.
2025-08-26 07:01:39,940 [ERROR] LogOutputStream:75 - [STDERR_REDIRECT] 
2025-08-26 07:01:40,930 [ERROR] LogOutputStream:75 - [STDERR_REDIRECT] [Fatal Error] :1:1: Premature end of file.
2025-08-26 07:01:40,930 [ERROR] LogOutputStream:75 - [STDERR_REDIRECT] 
2025-08-26 07:01:41,951 [ERROR] LogOutputStream:75 - [STDERR_REDIRECT] [Fatal Error] :1:1: Premature end of file.
2025-08-26 07:01:41,951 [ERROR] LogOutputStream:75 - [STDERR_REDIRECT] 
2025-08-26 07:01:42,942 [ERROR] LogOutputStream:75 - [STDERR_REDIRECT] [Fatal Error] :1:1: Premature end of file.
2025-08-26 07:01:42,942 [ERROR] LogOutputStream:75 - [STDERR_REDIRECT] 
2025-08-26 07:01:43,950 [ERROR] LogOutputStream:75 - [STDERR_REDIRECT] [Fatal Error] :1:1: Premature end of file.
2025-08-26 07:01:43,950 [ERROR] LogOutputStream:75 - [STDERR_REDIRECT] 
2025-08-26 07:01:44,944 [ERROR] LogOutputStream:75 - [STDERR_REDIRECT] [Fatal Error] :1:1: Premature end of file.
2025-08-26 07:01:44,944 [ERROR] LogOutputStream:75 - [STDERR_REDIRECT] 
2025-08-26 07:01:45,945 [ERROR] LogOutputStream:75 - [STDERR_REDIRECT] [Fatal Error] :1:1: Premature end of file.
2025-08-26 07:01:45,945 [ERROR] LogOutputStream:75 - [STDERR_REDIRECT] 
2025-08-26 07:01:46,943 [ERROR] LogOutputStream:75 - [STDERR_REDIRECT] [Fatal Error] :1:1: Premature end of file.
2025-08-26 07:01:46,943 [ERROR] LogOutputStream:75 - [STDERR_REDIRECT] 
2025-08-26 07:01:47,947 [ERROR] LogOutputStream:75 - [STDERR_REDIRECT] [Fatal Error] :1:1: Premature end of file.
2025-08-26 07:01:47,947 [ERROR] LogOutputStream:75 - [STDERR_REDIRECT] 
2025-08-26 07:01:48,941 [ERROR] LogOutputStream:75 - [STDERR_REDIRECT] [Fatal Error] :1:1: Premature end of file.
2025-08-26 07:01:48,941 [ERROR] LogOutputStream:75 - [STDERR_REDIRECT] 
2025-08-26 07:01:49,946 [ERROR] LogOutputStream:75 - [STDERR_REDIRECT] [Fatal Error] :1:1: Premature end of file.
2025-08-26 07:01:49,947 [ERROR] LogOutputStream:75 - [STDERR_REDIRECT] 
2025-08-26 07:01:50,931 [ERROR] LogOutputStream:75 - [STDERR_REDIRECT] [Fatal Error] :1:1: Premature end of file.
2025-08-26 07:01:50,931 [ERROR] LogOutputStream:75 - [STDERR_REDIRECT] 
2025-08-26 07:01:51,941 [ERROR] LogOutputStream:75 - [STDERR_REDIRECT] [Fatal Error] :1:1: Premature end of file.
2025-08-26 07:01:51,941 [ERROR] LogOutputStream:75 - [STDERR_REDIRECT] 
2025-08-26 07:01:52,940 [ERROR] LogOutputStream:75 - [STDERR_REDIRECT] [Fatal Error] :1:1: Premature end of file.
2025-08-26 07:01:52,940 [ERROR] LogOutputStream:75 - [STDERR_REDIRECT] 
2025-08-26 07:01:53,948 [ERROR] LogOutputStream:75 - [STDERR_REDIRECT] [Fatal Error] :1:1: Premature end of file.
2025-08-26 07:01:53,948 [ERROR] LogOutputStream:75 - [STDERR_REDIRECT] 
2025-08-26 07:01:54,947 [ERROR] LogOutputStream:75 - [STDERR_REDIRECT] [Fatal Error] :1:1: Premature end of file.
2025-08-26 07:01:54,947 [ERROR] LogOutputStream:75 - [STDERR_REDIRECT] 
2025-08-26 07:01:55,936 [ERROR] LogOutputStream:75 - [STDERR_REDIRECT] [Fatal Error] :1:1: Premature end of file.
2025-08-26 07:01:55,936 [ERROR] LogOutputStream:75 - [STDERR_REDIRECT] 
2025-08-26 07:01:56,946 [ERROR] LogOutputStream:75 - [STDERR_REDIRECT] [Fatal Error] :1:1: Premature end of file.
2025-08-26 07:01:56,946 [ERROR] LogOutputStream:75 - [STDERR_REDIRECT] 
2025-08-26 07:01:57,933 [ERROR] LogOutputStream:75 - [STDERR_REDIRECT] [Fatal Error] :1:1: Premature end of file.
2025-08-26 07:01:57,933 [ERROR] LogOutputStream:75 - [STDERR_REDIRECT] 
2025-08-26 07:01:58,943 [ERROR] LogOutputStream:75 - [STDERR_REDIRECT] [Fatal Error] :1:1: Premature end of file.
2025-08-26 07:01:58,943 [ERROR] LogOutputStream:75 - [STDERR_REDIRECT] 
2025-08-26 07:01:59,946 [ERROR] LogOutputStream:75 - [STDERR_REDIRECT] [Fatal Error] :1:1: Premature end of file.
2025-08-26 07:01:59,946 [ERROR] LogOutputStream:75 - [STDERR_REDIRECT] 
2025-08-26 07:02:00,938 [ERROR] LogOutputStream:75 - [STDERR_REDIRECT] [Fatal Error] :1:1: Premature end of file.
2025-08-26 07:02:00,938 [ERROR] LogOutputStream:75 - [STDERR_REDIRECT] 
2025-08-26 07:02:01,937 [ERROR] LogOutputStream:75 - [STDERR_REDIRECT] [Fatal Error] :1:1: Premature end of file.
2025-08-26 07:02:01,937 [ERROR] LogOutputStream:75 - [STDERR_REDIRECT] 
2025-08-26 07:02:02,936 [ERROR] LogOutputStream:75 - [STDERR_REDIRECT] [Fatal Error] :1:1: Premature end of file.
2025-08-26 07:02:02,937 [ERROR] LogOutputStream:75 - [STDERR_REDIRECT] 
2025-08-26 07:02:03,952 [ERROR] LogOutputStream:75 - [STDERR_REDIRECT] [Fatal Error] :1:1: Premature end of file.
2025-08-26 07:02:03,953 [ERROR] LogOutputStream:75 - [STDERR_REDIRECT] 
2025-08-26 07:02:04,950 [ERROR] LogOutputStream:75 - [STDERR_REDIRECT] [Fatal Error] :1:1: Premature end of file.
2025-08-26 07:02:04,951 [ERROR] LogOutputStream:75 - [STDERR_REDIRECT] 
2025-08-26 07:02:05,955 [ERROR] LogOutputStream:75 - [STDERR_REDIRECT] [Fatal Error] :1:1: Premature end of file.
2025-08-26 07:02:05,955 [ERROR] LogOutputStream:75 - [STDERR_REDIRECT] 
2025-08-26 07:02:06,954 [ERROR] LogOutputStream:75 - [STDERR_REDIRECT] [Fatal Error] :1:1: Premature end of file.
2025-08-26 07:02:06,955 [ERROR] LogOutputStream:75 - [STDERR_REDIRECT] 
2025-08-26 07:02:07,948 [ERROR] LogOutputStream:75 - [STDERR_REDIRECT] [Fatal Error] :1:1: Premature end of file.
2025-08-26 07:02:07,948 [ERROR] LogOutputStream:75 - [STDERR_REDIRECT] 
2025-08-26 07:02:08,934 [ERROR] LogOutputStream:75 - [STDERR_REDIRECT] [Fatal Error] :1:1: Premature end of file.
2025-08-26 07:02:08,934 [ERROR] LogOutputStream:75 - [STDERR_REDIRECT] 
2025-08-26 07:02:09,946 [ERROR] LogOutputStream:75 - [STDERR_REDIRECT] [Fatal Error] :1:1: Premature end of file.
2025-08-26 07:02:09,947 [ERROR] LogOutputStream:75 - [STDERR_REDIRECT] 
2025-08-26 07:02:10,948 [ERROR] LogOutputStream:75 - [STDERR_REDIRECT] [Fatal Error] :1:1: Premature end of file.
2025-08-26 07:02:10,948 [ERROR] LogOutputStream:75 - [STDERR_REDIRECT] 
2025-08-26 07:02:11,962 [ERROR] LogOutputStream:75 - [STDERR_REDIRECT] [Fatal Error] :1:1: Premature end of file.
2025-08-26 07:02:11,962 [ERROR] LogOutputStream:75 - [STDERR_REDIRECT] 
2025-08-26 07:02:12,961 [ERROR] LogOutputStream:75 - [STDERR_REDIRECT] [Fatal Error] :1:1: Premature end of file.
2025-08-26 07:02:12,961 [ERROR] LogOutputStream:75 - [STDERR_REDIRECT] 
2025-08-26 07:02:13,945 [ERROR] LogOutputStream:75 - [STDERR_REDIRECT] [Fatal Error] :1:1: Premature end of file.
2025-08-26 07:02:13,946 [ERROR] LogOutputStream:75 - [STDERR_REDIRECT] 
2025-08-26 07:02:14,950 [ERROR] LogOutputStream:75 - [STDERR_REDIRECT] [Fatal Error] :1:1: Premature end of file.
2025-08-26 07:02:14,950 [ERROR] LogOutputStream:75 - [STDERR_REDIRECT] 
2025-08-26 07:02:15,955 [ERROR] LogOutputStream:75 - [STDERR_REDIRECT] [Fatal Error] :1:1: Premature end of file.
2025-08-26 07:02:15,955 [ERROR] LogOutputStream:75 - [STDERR_REDIRECT] 
2025-08-26 07:02:16,954 [ERROR] LogOutputStream:75 - [STDERR_REDIRECT] [Fatal Error] :1:1: Premature end of file.
2025-08-26 07:02:16,954 [ERROR] LogOutputStream:75 - [STDERR_REDIRECT] 
2025-08-26 07:02:17,949 [ERROR] LogOutputStream:75 - [STDERR_REDIRECT] [Fatal Error] :1:1: Premature end of file.
2025-08-26 07:02:17,949 [ERROR] LogOutputStream:75 - [STDERR_REDIRECT] 
2025-08-26 07:02:18,955 [ERROR] LogOutputStream:75 - [STDERR_REDIRECT] [Fatal Error] :1:1: Premature end of file.
2025-08-26 07:02:18,955 [ERROR] LogOutputStream:75 - [STDERR_REDIRECT] 
2025-08-26 07:02:19,941 [ERROR] LogOutputStream:75 - [STDERR_REDIRECT] [Fatal Error] :1:1: Premature end of file.
2025-08-26 07:02:19,941 [ERROR] LogOutputStream:75 - [STDERR_REDIRECT] 
2025-08-26 07:02:20,946 [ERROR] LogOutputStream:75 - [STDERR_REDIRECT] [Fatal Error] :1:1: Premature end of file.
2025-08-26 07:02:20,946 [ERROR] LogOutputStream:75 - [STDERR_REDIRECT] 
2025-08-26 07:02:21,944 [ERROR] LogOutputStream:75 - [STDERR_REDIRECT] [Fatal Error] :1:1: Premature end of file.
2025-08-26 07:02:21,944 [ERROR] LogOutputStream:75 - [STDERR_REDIRECT] 
2025-08-26 07:02:22,946 [ERROR] LogOutputStream:75 - [STDERR_REDIRECT] [Fatal Error] :1:1: Premature end of file.
2025-08-26 07:02:22,946 [ERROR] LogOutputStream:75 - [STDERR_REDIRECT] 
2025-08-26 07:02:23,932 [ERROR] LogOutputStream:75 - [STDERR_REDIRECT] [Fatal Error] :1:1: Premature end of file.
2025-08-26 07:02:23,932 [ERROR] LogOutputStream:75 - [STDERR_REDIRECT] 
2025-08-26 07:02:24,931 [ERROR] LogOutputStream:75 - [STDERR_REDIRECT] [Fatal Error] :1:1: Premature end of file.
2025-08-26 07:02:24,932 [ERROR] LogOutputStream:75 - [STDERR_REDIRECT] 
2025-08-26 07:02:25,952 [ERROR] LogOutputStream:75 - [STDERR_REDIRECT] [Fatal Error] :1:1: Premature end of file.
2025-08-26 07:02:25,952 [ERROR] LogOutputStream:75 - [STDERR_REDIRECT] 
2025-08-26 07:02:26,945 [ERROR] LogOutputStream:75 - [STDERR_REDIRECT] [Fatal Error] :1:1: Premature end of file.
2025-08-26 07:02:26,945 [ERROR] LogOutputStream:75 - [STDERR_REDIRECT] 
2025-08-26 07:02:27,955 [ERROR] LogOutputStream:75 - [STDERR_REDIRECT] [Fatal Error] :1:1: Premature end of file.
2025-08-26 07:02:27,955 [ERROR] LogOutputStream:75 - [STDERR_REDIRECT] 
2025-08-26 07:02:28,951 [ERROR] LogOutputStream:75 - [STDERR_REDIRECT] [Fatal Error] :1:1: Premature end of file.
2025-08-26 07:02:28,951 [ERROR] LogOutputStream:75 - [STDERR_REDIRECT] 
2025-08-26 07:02:29,930 [ERROR] LogOutputStream:75 - [STDERR_REDIRECT] [Fatal Error] :1:1: Premature end of file.
2025-08-26 07:02:29,930 [ERROR] LogOutputStream:75 - [STDERR_REDIRECT] 
2025-08-26 07:02:30,943 [ERROR] LogOutputStream:75 - [STDERR_REDIRECT] [Fatal Error] :1:1: Premature end of file.
2025-08-26 07:02:30,943 [ERROR] LogOutputStream:75 - [STDERR_REDIRECT] 
2025-08-26 07:02:31,943 [ERROR] LogOutputStream:75 - [STDERR_REDIRECT] [Fatal Error] :1:1: Premature end of file.
2025-08-26 07:02:31,943 [ERROR] LogOutputStream:75 - [STDERR_REDIRECT] 
2025-08-26 07:02:32,938 [ERROR] LogOutputStream:75 - [STDERR_REDIRECT] [Fatal Error] :1:1: Premature end of file.
2025-08-26 07:02:32,938 [ERROR] LogOutputStream:75 - [STDERR_REDIRECT] 
2025-08-26 07:02:33,949 [ERROR] LogOutputStream:75 - [STDERR_REDIRECT] [Fatal Error] :1:1: Premature end of file.
2025-08-26 07:02:33,950 [ERROR] LogOutputStream:75 - [STDERR_REDIRECT] 
2025-08-26 07:02:34,940 [ERROR] LogOutputStream:75 - [STDERR_REDIRECT] [Fatal Error] :1:1: Premature end of file.
2025-08-26 07:02:34,940 [ERROR] LogOutputStream:75 - [STDERR_REDIRECT] 
2025-08-26 07:02:35,937 [ERROR] LogOutputStream:75 - [STDERR_REDIRECT] [Fatal Error] :1:1: Premature end of file.
2025-08-26 07:02:35,937 [ERROR] LogOutputStream:75 - [STDERR_REDIRECT] 
2025-08-26 07:02:36,932 [ERROR] LogOutputStream:75 - [STDERR_REDIRECT] [Fatal Error] :1:1: Premature end of file.
2025-08-26 07:02:36,932 [ERROR] LogOutputStream:75 - [STDERR_REDIRECT] 
2025-08-26 07:02:37,944 [ERROR] LogOutputStream:75 - [STDERR_REDIRECT] [Fatal Error] :1:1: Premature end of file.
2025-08-26 07:02:37,944 [ERROR] LogOutputStream:75 - [STDERR_REDIRECT] 
2025-08-26 07:02:38,943 [ERROR] LogOutputStream:75 - [STDERR_REDIRECT] [Fatal Error] :1:1: Premature end of file.
2025-08-26 07:02:38,943 [ERROR] LogOutputStream:75 - [STDERR_REDIRECT] 
2025-08-26 07:02:39,950 [ERROR] LogOutputStream:75 - [STDERR_REDIRECT] [Fatal Error] :1:1: Premature end of file.
2025-08-26 07:02:39,950 [ERROR] LogOutputStream:75 - [STDERR_REDIRECT] 
2025-08-26 07:02:40,948 [ERROR] LogOutputStream:75 - [STDERR_REDIRECT] [Fatal Error] :1:1: Premature end of file.
2025-08-26 07:02:40,948 [ERROR] LogOutputStream:75 - [STDERR_REDIRECT] 
2025-08-26 07:02:41,942 [ERROR] LogOutputStream:75 - [STDERR_REDIRECT] [Fatal Error] :1:1: Premature end of file.
2025-08-26 07:02:41,942 [ERROR] LogOutputStream:75 - [STDERR_REDIRECT] 
2025-08-26 07:02:42,946 [ERROR] LogOutputStream:75 - [STDERR_REDIRECT] [Fatal Error] :1:1: Premature end of file.
2025-08-26 07:02:42,946 [ERROR] LogOutputStream:75 - [STDERR_REDIRECT] 
2025-08-26 07:02:43,946 [ERROR] LogOutputStream:75 - [STDERR_REDIRECT] [Fatal Error] :1:1: Premature end of file.
2025-08-26 07:02:43,946 [ERROR] LogOutputStream:75 - [STDERR_REDIRECT] 
2025-08-26 07:02:44,932 [ERROR] LogOutputStream:75 - [STDERR_REDIRECT] [Fatal Error] :1:1: Premature end of file.
2025-08-26 07:02:44,932 [ERROR] LogOutputStream:75 - [STDERR_REDIRECT] 
2025-08-26 07:02:45,943 [ERROR] LogOutputStream:75 - [STDERR_REDIRECT] [Fatal Error] :1:1: Premature end of file.
2025-08-26 07:02:45,943 [ERROR] LogOutputStream:75 - [STDERR_REDIRECT] 
2025-08-26 07:02:46,940 [ERROR] LogOutputStream:75 - [STDERR_REDIRECT] [Fatal Error] :1:1: Premature end of file.
2025-08-26 07:02:46,940 [ERROR] LogOutputStream:75 - [STDERR_REDIRECT] 
2025-08-26 07:02:47,947 [ERROR] LogOutputStream:75 - [STDERR_REDIRECT] [Fatal Error] :1:1: Premature end of file.
2025-08-26 07:02:47,947 [ERROR] LogOutputStream:75 - [STDERR_REDIRECT] 
2025-08-26 07:02:48,941 [ERROR] LogOutputStream:75 - [STDERR_REDIRECT] [Fatal Error] :1:1: Premature end of file.
2025-08-26 07:02:48,941 [ERROR] LogOutputStream:75 - [STDERR_REDIRECT] 
2025-08-26 07:02:49,935 [ERROR] LogOutputStream:75 - [STDERR_REDIRECT] [Fatal Error] :1:1: Premature end of file.
2025-08-26 07:02:49,936 [ERROR] LogOutputStream:75 - [STDERR_REDIRECT] 
2025-08-26 07:02:50,943 [ERROR] LogOutputStream:75 - [STDERR_REDIRECT] [Fatal Error] :1:1: Premature end of file.
2025-08-26 07:02:50,943 [ERROR] LogOutputStream:75 - [STDERR_REDIRECT] 
2025-08-26 07:02:51,947 [ERROR] LogOutputStream:75 - [STDERR_REDIRECT] [Fatal Error] :1:1: Premature end of file.
2025-08-26 07:02:51,947 [ERROR] LogOutputStream:75 - [STDERR_REDIRECT] 
2025-08-26 07:02:52,942 [ERROR] LogOutputStream:75 - [STDERR_REDIRECT] [Fatal Error] :1:1: Premature end of file.
2025-08-26 07:02:52,942 [ERROR] LogOutputStream:75 - [STDERR_REDIRECT] 
2025-08-26 07:02:53,950 [ERROR] LogOutputStream:75 - [STDERR_REDIRECT] [Fatal Error] :1:1: Premature end of file.
2025-08-26 07:02:53,950 [ERROR] LogOutputStream:75 - [STDERR_REDIRECT] 
2025-08-26 07:02:54,949 [ERROR] LogOutputStream:75 - [STDERR_REDIRECT] [Fatal Error] :1:1: Premature end of file.
2025-08-26 07:02:54,949 [ERROR] LogOutputStream:75 - [STDERR_REDIRECT] 
2025-08-26 07:02:55,940 [ERROR] LogOutputStream:75 - [STDERR_REDIRECT] [Fatal Error] :1:1: Premature end of file.
2025-08-26 07:02:55,940 [ERROR] LogOutputStream:75 - [STDERR_REDIRECT] 
2025-08-26 07:02:56,943 [ERROR] LogOutputStream:75 - [STDERR_REDIRECT] [Fatal Error] :1:1: Premature end of file.
2025-08-26 07:02:56,943 [ERROR] LogOutputStream:75 - [STDERR_REDIRECT] 
2025-08-26 07:02:57,942 [ERROR] LogOutputStream:75 - [STDERR_REDIRECT] [Fatal Error] :1:1: Premature end of file.
2025-08-26 07:02:57,942 [ERROR] LogOutputStream:75 - [STDERR_REDIRECT] 
2025-08-26 07:02:58,936 [ERROR] LogOutputStream:75 - [STDERR_REDIRECT] [Fatal Error] :1:1: Premature end of file.
2025-08-26 07:02:58,936 [ERROR] LogOutputStream:75 - [STDERR_REDIRECT] 
2025-08-26 07:02:59,931 [ERROR] LogOutputStream:75 - [STDERR_REDIRECT] [Fatal Error] :1:1: Premature end of file.
2025-08-26 07:02:59,931 [ERROR] LogOutputStream:75 - [STDERR_REDIRECT] 
2025-08-26 07:03:00,951 [ERROR] LogOutputStream:75 - [STDERR_REDIRECT] [Fatal Error] :1:1: Premature end of file.
2025-08-26 07:03:00,951 [ERROR] LogOutputStream:75 - [STDERR_REDIRECT] 
2025-08-26 07:03:01,948 [ERROR] LogOutputStream:75 - [STDERR_REDIRECT] [Fatal Error] :1:1: Premature end of file.
2025-08-26 07:03:01,948 [ERROR] LogOutputStream:75 - [STDERR_REDIRECT] 
2025-08-26 07:03:02,948 [ERROR] LogOutputStream:75 - [STDERR_REDIRECT] [Fatal Error] :1:1: Premature end of file.
2025-08-26 07:03:02,948 [ERROR] LogOutputStream:75 - [STDERR_REDIRECT] 
2025-08-26 07:03:03,946 [ERROR] LogOutputStream:75 - [STDERR_REDIRECT] [Fatal Error] :1:1: Premature end of file.
2025-08-26 07:03:03,947 [ERROR] LogOutputStream:75 - [STDERR_REDIRECT] 
2025-08-26 07:03:04,942 [ERROR] LogOutputStream:75 - [STDERR_REDIRECT] [Fatal Error] :1:1: Premature end of file.
2025-08-26 07:03:04,942 [ERROR] LogOutputStream:75 - [STDERR_REDIRECT] 
2025-08-26 07:03:05,949 [ERROR] LogOutputStream:75 - [STDERR_REDIRECT] [Fatal Error] :1:1: Premature end of file.
2025-08-26 07:03:05,949 [ERROR] LogOutputStream:75 - [STDERR_REDIRECT] 
2025-08-26 07:03:06,932 [ERROR] LogOutputStream:75 - [STDERR_REDIRECT] [Fatal Error] :1:1: Premature end of file.
2025-08-26 07:03:06,932 [ERROR] LogOutputStream:75 - [STDERR_REDIRECT] 
2025-08-26 07:03:07,944 [ERROR] LogOutputStream:75 - [STDERR_REDIRECT] [Fatal Error] :1:1: Premature end of file.
2025-08-26 07:03:07,944 [ERROR] LogOutputStream:75 - [STDERR_REDIRECT] 
2025-08-26 07:03:08,949 [ERROR] LogOutputStream:75 - [STDERR_REDIRECT] [Fatal Error] :1:1: Premature end of file.
2025-08-26 07:03:08,949 [ERROR] LogOutputStream:75 - [STDERR_REDIRECT] 
2025-08-26 07:03:09,947 [ERROR] LogOutputStream:75 - [STDERR_REDIRECT] [Fatal Error] :1:1: Premature end of file.
2025-08-26 07:03:09,947 [ERROR] LogOutputStream:75 - [STDERR_REDIRECT] 
2025-08-26 07:03:10,941 [ERROR] LogOutputStream:75 - [STDERR_REDIRECT] [Fatal Error] :1:1: Premature end of file.
2025-08-26 07:03:10,941 [ERROR] LogOutputStream:75 - [STDERR_REDIRECT] 
2025-08-26 07:03:11,941 [ERROR] LogOutputStream:75 - [STDERR_REDIRECT] [Fatal Error] :1:1: Premature end of file.
2025-08-26 07:03:11,941 [ERROR] LogOutputStream:75 - [STDERR_REDIRECT] 
2025-08-26 07:03:12,932 [ERROR] LogOutputStream:75 - [STDERR_REDIRECT] [Fatal Error] :1:1: Premature end of file.
2025-08-26 07:03:12,932 [ERROR] LogOutputStream:75 - [STDERR_REDIRECT] 
2025-08-26 07:03:13,945 [ERROR] LogOutputStream:75 - [STDERR_REDIRECT] [Fatal Error] :1:1: Premature end of file.
2025-08-26 07:03:13,945 [ERROR] LogOutputStream:75 - [STDERR_REDIRECT] 
2025-08-26 07:03:14,945 [ERROR] LogOutputStream:75 - [STDERR_REDIRECT] [Fatal Error] :1:1: Premature end of file.
2025-08-26 07:03:14,945 [ERROR] LogOutputStream:75 - [STDERR_REDIRECT] 
2025-08-26 07:03:15,941 [ERROR] LogOutputStream:75 - [STDERR_REDIRECT] [Fatal Error] :1:1: Premature end of file.
2025-08-26 07:03:15,941 [ERROR] LogOutputStream:75 - [STDERR_REDIRECT] 
2025-08-26 07:03:16,953 [ERROR] LogOutputStream:75 - [STDERR_REDIRECT] [Fatal Error] :1:1: Premature end of file.
2025-08-26 07:03:16,953 [ERROR] LogOutputStream:75 - [STDERR_REDIRECT] 
2025-08-26 07:03:17,941 [ERROR] LogOutputStream:75 - [STDERR_REDIRECT] [Fatal Error] :1:1: Premature end of file.
2025-08-26 07:03:17,941 [ERROR] LogOutputStream:75 - [STDERR_REDIRECT] 
2025-08-26 07:03:18,941 [ERROR] LogOutputStream:75 - [STDERR_REDIRECT] [Fatal Error] :1:1: Premature end of file.
2025-08-26 07:03:18,941 [ERROR] LogOutputStream:75 - [STDERR_REDIRECT] 
2025-08-26 07:03:19,951 [ERROR] LogOutputStream:75 - [STDERR_REDIRECT] [Fatal Error] :1:1: Premature end of file.
2025-08-26 07:03:19,951 [ERROR] LogOutputStream:75 - [STDERR_REDIRECT] 
2025-08-26 07:03:20,936 [ERROR] LogOutputStream:75 - [STDERR_REDIRECT] [Fatal Error] :1:1: Premature end of file.
2025-08-26 07:03:20,936 [ERROR] LogOutputStream:75 - [STDERR_REDIRECT] 
2025-08-26 07:03:21,939 [ERROR] LogOutputStream:75 - [STDERR_REDIRECT] [Fatal Error] :1:1: Premature end of file.
2025-08-26 07:03:21,940 [ERROR] LogOutputStream:75 - [STDERR_REDIRECT] 
2025-08-26 07:03:22,945 [ERROR] LogOutputStream:75 - [STDERR_REDIRECT] [Fatal Error] :1:1: Premature end of file.
2025-08-26 07:03:22,945 [ERROR] LogOutputStream:75 - [STDERR_REDIRECT] 
2025-08-26 07:03:23,962 [ERROR] LogOutputStream:75 - [STDERR_REDIRECT] [Fatal Error] :1:1: Premature end of file.
2025-08-26 07:03:23,963 [ERROR] LogOutputStream:75 - [STDERR_REDIRECT] 
2025-08-26 07:03:24,942 [ERROR] LogOutputStream:75 - [STDERR_REDIRECT] [Fatal Error] :1:1: Premature end of file.
2025-08-26 07:03:24,942 [ERROR] LogOutputStream:75 - [STDERR_REDIRECT] 
2025-08-26 07:03:25,943 [ERROR] LogOutputStream:75 - [STDERR_REDIRECT] [Fatal Error] :1:1: Premature end of file.
2025-08-26 07:03:25,943 [ERROR] LogOutputStream:75 - [STDERR_REDIRECT] 
2025-08-26 07:03:26,954 [ERROR] LogOutputStream:75 - [STDERR_REDIRECT] [Fatal Error] :1:1: Premature end of file.
2025-08-26 07:03:26,955 [ERROR] LogOutputStream:75 - [STDERR_REDIRECT] 
2025-08-26 07:03:27,957 [ERROR] LogOutputStream:75 - [STDERR_REDIRECT] [Fatal Error] :1:1: Premature end of file.
2025-08-26 07:03:27,957 [ERROR] LogOutputStream:75 - [STDERR_REDIRECT] 
2025-08-26 07:03:28,941 [ERROR] LogOutputStream:75 - [STDERR_REDIRECT] [Fatal Error] :1:1: Premature end of file.
2025-08-26 07:03:28,941 [ERROR] LogOutputStream:75 - [STDERR_REDIRECT] 
2025-08-26 07:03:29,943 [ERROR] LogOutputStream:75 - [STDERR_REDIRECT] [Fatal Error] :1:1: Premature end of file.
2025-08-26 07:03:29,943 [ERROR] LogOutputStream:75 - [STDERR_REDIRECT] 
2025-08-26 07:03:30,938 [ERROR] LogOutputStream:75 - [STDERR_REDIRECT] [Fatal Error] :1:1: Premature end of file.
2025-08-26 07:03:30,939 [ERROR] LogOutputStream:75 - [STDERR_REDIRECT] 
2025-08-26 07:03:31,942 [ERROR] LogOutputStream:75 - [STDERR_REDIRECT] [Fatal Error] :1:1: Premature end of file.
2025-08-26 07:03:31,942 [ERROR] LogOutputStream:75 - [STDERR_REDIRECT] 
2025-08-26 07:03:32,941 [ERROR] LogOutputStream:75 - [STDERR_REDIRECT] [Fatal Error] :1:1: Premature end of file.
2025-08-26 07:03:32,941 [ERROR] LogOutputStream:75 - [STDERR_REDIRECT] 
2025-08-26 07:03:33,940 [ERROR] LogOutputStream:75 - [STDERR_REDIRECT] [Fatal Error] :1:1: Premature end of file.
2025-08-26 07:03:33,940 [ERROR] LogOutputStream:75 - [STDERR_REDIRECT] 
2025-08-26 07:03:34,941 [ERROR] LogOutputStream:75 - [STDERR_REDIRECT] [Fatal Error] :1:1: Premature end of file.
2025-08-26 07:03:34,941 [ERROR] LogOutputStream:75 - [STDERR_REDIRECT] 
2025-08-26 07:03:35,952 [ERROR] LogOutputStream:75 - [STDERR_REDIRECT] [Fatal Error] :1:1: Premature end of file.
2025-08-26 07:03:35,952 [ERROR] LogOutputStream:75 - [STDERR_REDIRECT] 
2025-08-26 07:03:36,950 [ERROR] LogOutputStream:75 - [STDERR_REDIRECT] [Fatal Error] :1:1: Premature end of file.
2025-08-26 07:03:36,950 [ERROR] LogOutputStream:75 - [STDERR_REDIRECT] 
2025-08-26 07:03:37,947 [ERROR] LogOutputStream:75 - [STDERR_REDIRECT] [Fatal Error] :1:1: Premature end of file.
2025-08-26 07:03:37,947 [ERROR] LogOutputStream:75 - [STDERR_REDIRECT] 
2025-08-26 07:03:38,941 [ERROR] LogOutputStream:75 - [STDERR_REDIRECT] [Fatal Error] :1:1: Premature end of file.
2025-08-26 07:03:38,941 [ERROR] LogOutputStream:75 - [STDERR_REDIRECT] 
2025-08-26 07:03:39,941 [ERROR] LogOutputStream:75 - [STDERR_REDIRECT] [Fatal Error] :1:1: Premature end of file.
2025-08-26 07:03:39,941 [ERROR] LogOutputStream:75 - [STDERR_REDIRECT] 
2025-08-26 07:03:40,948 [ERROR] LogOutputStream:75 - [STDERR_REDIRECT] [Fatal Error] :1:1: Premature end of file.
2025-08-26 07:03:40,949 [ERROR] LogOutputStream:75 - [STDERR_REDIRECT] 
2025-08-26 07:03:41,948 [ERROR] LogOutputStream:75 - [STDERR_REDIRECT] [Fatal Error] :1:1: Premature end of file.
2025-08-26 07:03:41,948 [ERROR] LogOutputStream:75 - [STDERR_REDIRECT] 
2025-08-26 07:03:42,940 [ERROR] LogOutputStream:75 - [STDERR_REDIRECT] [Fatal Error] :1:1: Premature end of file.
2025-08-26 07:03:42,940 [ERROR] LogOutputStream:75 - [STDERR_REDIRECT] 
2025-08-26 07:03:43,946 [ERROR] LogOutputStream:75 - [STDERR_REDIRECT] [Fatal Error] :1:1: Premature end of file.
2025-08-26 07:03:43,946 [ERROR] LogOutputStream:75 - [STDERR_REDIRECT] 
2025-08-26 07:03:44,938 [ERROR] LogOutputStream:75 - [STDERR_REDIRECT] [Fatal Error] :1:1: Premature end of file.
2025-08-26 07:03:44,938 [ERROR] LogOutputStream:75 - [STDERR_REDIRECT] 
2025-08-26 07:03:45,944 [ERROR] LogOutputStream:75 - [STDERR_REDIRECT] [Fatal Error] :1:1: Premature end of file.
2025-08-26 07:03:45,944 [ERROR] LogOutputStream:75 - [STDERR_REDIRECT] 
2025-08-26 07:03:46,940 [ERROR] LogOutputStream:75 - [STDERR_REDIRECT] [Fatal Error] :1:1: Premature end of file.
2025-08-26 07:03:46,940 [ERROR] LogOutputStream:75 - [STDERR_REDIRECT] 
2025-08-26 07:03:47,946 [ERROR] LogOutputStream:75 - [STDERR_REDIRECT] [Fatal Error] :1:1: Premature end of file.
2025-08-26 07:03:47,946 [ERROR] LogOutputStream:75 - [STDERR_REDIRECT] 
2025-08-26 07:03:48,942 [ERROR] LogOutputStream:75 - [STDERR_REDIRECT] [Fatal Error] :1:1: Premature end of file.
2025-08-26 07:03:48,942 [ERROR] LogOutputStream:75 - [STDERR_REDIRECT] 
2025-08-26 07:03:49,949 [ERROR] LogOutputStream:75 - [STDERR_REDIRECT] [Fatal Error] :1:1: Premature end of file.
2025-08-26 07:03:49,949 [ERROR] LogOutputStream:75 - [STDERR_REDIRECT] 
2025-08-26 07:03:50,947 [ERROR] LogOutputStream:75 - [STDERR_REDIRECT] [Fatal Error] :1:1: Premature end of file.
2025-08-26 07:03:50,947 [ERROR] LogOutputStream:75 - [STDERR_REDIRECT] 
2025-08-26 07:03:51,946 [ERROR] LogOutputStream:75 - [STDERR_REDIRECT] [Fatal Error] :1:1: Premature end of file.
2025-08-26 07:03:51,946 [ERROR] LogOutputStream:75 - [STDERR_REDIRECT] 
2025-08-26 07:03:52,948 [ERROR] LogOutputStream:75 - [STDERR_REDIRECT] [Fatal Error] :1:1: Premature end of file.
2025-08-26 07:03:52,948 [ERROR] LogOutputStream:75 - [STDERR_REDIRECT] 
2025-08-26 07:03:53,949 [ERROR] LogOutputStream:75 - [STDERR_REDIRECT] [Fatal Error] :1:1: Premature end of file.
2025-08-26 07:03:53,949 [ERROR] LogOutputStream:75 - [STDERR_REDIRECT] 
2025-08-26 07:03:54,951 [ERROR] LogOutputStream:75 - [STDERR_REDIRECT] [Fatal Error] :1:1: Premature end of file.
2025-08-26 07:03:54,951 [ERROR] LogOutputStream:75 - [STDERR_REDIRECT] 
2025-08-26 07:03:55,955 [ERROR] LogOutputStream:75 - [STDERR_REDIRECT] [Fatal Error] :1:1: Premature end of file.
2025-08-26 07:03:55,955 [ERROR] LogOutputStream:75 - [STDERR_REDIRECT] 
2025-08-26 07:03:56,937 [ERROR] LogOutputStream:75 - [STDERR_REDIRECT] [Fatal Error] :1:1: Premature end of file.
2025-08-26 07:03:56,937 [ERROR] LogOutputStream:75 - [STDERR_REDIRECT] 
2025-08-26 07:03:57,947 [ERROR] LogOutputStream:75 - [STDERR_REDIRECT] [Fatal Error] :1:1: Premature end of file.
2025-08-26 07:03:57,947 [ERROR] LogOutputStream:75 - [STDERR_REDIRECT] 
2025-08-26 07:03:58,940 [ERROR] LogOutputStream:75 - [STDERR_REDIRECT] [Fatal Error] :1:1: Premature end of file.
2025-08-26 07:03:58,940 [ERROR] LogOutputStream:75 - [STDERR_REDIRECT] 
2025-08-26 07:03:59,947 [ERROR] LogOutputStream:75 - [STDERR_REDIRECT] [Fatal Error] :1:1: Premature end of file.
2025-08-26 07:03:59,948 [ERROR] LogOutputStream:75 - [STDERR_REDIRECT] 
2025-08-26 07:04:00,929 [ERROR] LogOutputStream:75 - [STDERR_REDIRECT] [Fatal Error] :1:1: Premature end of file.
2025-08-26 07:04:00,929 [ERROR] LogOutputStream:75 - [STDERR_REDIRECT] 
2025-08-26 07:04:01,933 [ERROR] LogOutputStream:75 - [STDERR_REDIRECT] [Fatal Error] :1:1: Premature end of file.
2025-08-26 07:04:01,933 [ERROR] LogOutputStream:75 - [STDERR_REDIRECT] 
2025-08-26 07:04:02,930 [ERROR] LogOutputStream:75 - [STDERR_REDIRECT] [Fatal Error] :1:1: Premature end of file.
2025-08-26 07:04:02,930 [ERROR] LogOutputStream:75 - [STDERR_REDIRECT] 
2025-08-26 07:04:03,938 [ERROR] LogOutputStream:75 - [STDERR_REDIRECT] [Fatal Error] :1:1: Premature end of file.
2025-08-26 07:04:03,939 [ERROR] LogOutputStream:75 - [STDERR_REDIRECT] 
2025-08-26 07:04:04,938 [ERROR] LogOutputStream:75 - [STDERR_REDIRECT] [Fatal Error] :1:1: Premature end of file.
2025-08-26 07:04:04,938 [ERROR] LogOutputStream:75 - [STDERR_REDIRECT] 
2025-08-26 07:04:05,945 [ERROR] LogOutputStream:75 - [STDERR_REDIRECT] [Fatal Error] :1:1: Premature end of file.
2025-08-26 07:04:05,945 [ERROR] LogOutputStream:75 - [STDERR_REDIRECT] 
2025-08-26 07:04:06,928 [ERROR] LogOutputStream:75 - [STDERR_REDIRECT] [Fatal Error] :1:1: Premature end of file.
2025-08-26 07:04:06,928 [ERROR] LogOutputStream:75 - [STDERR_REDIRECT] 
2025-08-26 07:04:07,941 [ERROR] LogOutputStream:75 - [STDERR_REDIRECT] [Fatal Error] :1:1: Premature end of file.
2025-08-26 07:04:07,941 [ERROR] LogOutputStream:75 - [STDERR_REDIRECT] 
2025-08-26 07:04:08,944 [ERROR] LogOutputStream:75 - [STDERR_REDIRECT] [Fatal Error] :1:1: Premature end of file.
2025-08-26 07:04:08,944 [ERROR] LogOutputStream:75 - [STDERR_REDIRECT] 
2025-08-26 07:04:09,947 [ERROR] LogOutputStream:75 - [STDERR_REDIRECT] [Fatal Error] :1:1: Premature end of file.
2025-08-26 07:04:09,947 [ERROR] LogOutputStream:75 - [STDERR_REDIRECT] 
2025-08-26 07:04:10,943 [ERROR] LogOutputStream:75 - [STDERR_REDIRECT] [Fatal Error] :1:1: Premature end of file.
2025-08-26 07:04:10,943 [ERROR] LogOutputStream:75 - [STDERR_REDIRECT] 
2025-08-26 07:04:11,940 [ERROR] LogOutputStream:75 - [STDERR_REDIRECT] [Fatal Error] :1:1: Premature end of file.
2025-08-26 07:04:11,940 [ERROR] LogOutputStream:75 - [STDERR_REDIRECT] 
2025-08-26 07:04:12,943 [ERROR] LogOutputStream:75 - [STDERR_REDIRECT] [Fatal Error] :1:1: Premature end of file.
2025-08-26 07:04:12,943 [ERROR] LogOutputStream:75 - [STDERR_REDIRECT] 
2025-08-26 07:04:13,952 [ERROR] LogOutputStream:75 - [STDERR_REDIRECT] [Fatal Error] :1:1: Premature end of file.
2025-08-26 07:04:13,952 [ERROR] LogOutputStream:75 - [STDERR_REDIRECT] 
2025-08-26 07:04:14,942 [ERROR] LogOutputStream:75 - [STDERR_REDIRECT] [Fatal Error] :1:1: Premature end of file.
2025-08-26 07:04:14,942 [ERROR] LogOutputStream:75 - [STDERR_REDIRECT] 
2025-08-26 07:04:15,948 [ERROR] LogOutputStream:75 - [STDERR_REDIRECT] [Fatal Error] :1:1: Premature end of file.
2025-08-26 07:04:15,948 [ERROR] LogOutputStream:75 - [STDERR_REDIRECT] 
2025-08-26 07:04:16,949 [ERROR] LogOutputStream:75 - [STDERR_REDIRECT] [Fatal Error] :1:1: Premature end of file.
2025-08-26 07:04:16,949 [ERROR] LogOutputStream:75 - [STDERR_REDIRECT] 
2025-08-26 07:04:17,939 [ERROR] LogOutputStream:75 - [STDERR_REDIRECT] [Fatal Error] :1:1: Premature end of file.
2025-08-26 07:04:17,939 [ERROR] LogOutputStream:75 - [STDERR_REDIRECT] 
2025-08-26 07:04:18,938 [ERROR] LogOutputStream:75 - [STDERR_REDIRECT] [Fatal Error] :1:1: Premature end of file.
2025-08-26 07:04:18,938 [ERROR] LogOutputStream:75 - [STDERR_REDIRECT] 
2025-08-26 07:04:19,941 [ERROR] LogOutputStream:75 - [STDERR_REDIRECT] [Fatal Error] :1:1: Premature end of file.
2025-08-26 07:04:19,941 [ERROR] LogOutputStream:75 - [STDERR_REDIRECT] 
2025-08-26 07:04:20,934 [ERROR] LogOutputStream:75 - [STDERR_REDIRECT] [Fatal Error] :1:1: Premature end of file.
2025-08-26 07:04:20,935 [ERROR] LogOutputStream:75 - [STDERR_REDIRECT] 
2025-08-26 07:04:21,946 [ERROR] LogOutputStream:75 - [STDERR_REDIRECT] [Fatal Error] :1:1: Premature end of file.
2025-08-26 07:04:21,946 [ERROR] LogOutputStream:75 - [STDERR_REDIRECT] 
2025-08-26 07:04:22,932 [ERROR] LogOutputStream:75 - [STDERR_REDIRECT] [Fatal Error] :1:1: Premature end of file.
2025-08-26 07:04:22,932 [ERROR] LogOutputStream:75 - [STDERR_REDIRECT] 
2025-08-26 07:04:23,944 [ERROR] LogOutputStream:75 - [STDERR_REDIRECT] [Fatal Error] :1:1: Premature end of file.
2025-08-26 07:04:23,944 [ERROR] LogOutputStream:75 - [STDERR_REDIRECT] 
2025-08-26 07:04:24,942 [ERROR] LogOutputStream:75 - [STDERR_REDIRECT] [Fatal Error] :1:1: Premature end of file.
2025-08-26 07:04:24,942 [ERROR] LogOutputStream:75 - [STDERR_REDIRECT] 
2025-08-26 07:04:25,939 [ERROR] LogOutputStream:75 - [STDERR_REDIRECT] [Fatal Error] :1:1: Premature end of file.
2025-08-26 07:04:25,939 [ERROR] LogOutputStream:75 - [STDERR_REDIRECT] 
2025-08-26 07:04:26,948 [ERROR] LogOutputStream:75 - [STDERR_REDIRECT] [Fatal Error] :1:1: Premature end of file.
2025-08-26 07:04:26,948 [ERROR] LogOutputStream:75 - [STDERR_REDIRECT] 
2025-08-26 07:04:27,939 [ERROR] LogOutputStream:75 - [STDERR_REDIRECT] [Fatal Error] :1:1: Premature end of file.
2025-08-26 07:04:27,940 [ERROR] LogOutputStream:75 - [STDERR_REDIRECT] 
2025-08-26 07:04:28,944 [ERROR] LogOutputStream:75 - [STDERR_REDIRECT] [Fatal Error] :1:1: Premature end of file.
2025-08-26 07:04:28,944 [ERROR] LogOutputStream:75 - [STDERR_REDIRECT] 
2025-08-26 07:04:29,944 [ERROR] LogOutputStream:75 - [STDERR_REDIRECT] [Fatal Error] :1:1: Premature end of file.
2025-08-26 07:04:29,944 [ERROR] LogOutputStream:75 - [STDERR_REDIRECT] 
2025-08-26 07:04:30,941 [ERROR] LogOutputStream:75 - [STDERR_REDIRECT] [Fatal Error] :1:1: Premature end of file.
2025-08-26 07:04:30,941 [ERROR] LogOutputStream:75 - [STDERR_REDIRECT] 
2025-08-26 07:04:31,946 [ERROR] LogOutputStream:75 - [STDERR_REDIRECT] [Fatal Error] :1:1: Premature end of file.
2025-08-26 07:04:31,947 [ERROR] LogOutputStream:75 - [STDERR_REDIRECT] 
2025-08-26 07:04:32,933 [ERROR] LogOutputStream:75 - [STDERR_REDIRECT] [Fatal Error] :1:1: Premature end of file.
2025-08-26 07:04:32,933 [ERROR] LogOutputStream:75 - [STDERR_REDIRECT] 
2025-08-26 07:04:33,946 [ERROR] LogOutputStream:75 - [STDERR_REDIRECT] [Fatal Error] :1:1: Premature end of file.
2025-08-26 07:04:33,946 [ERROR] LogOutputStream:75 - [STDERR_REDIRECT] 
2025-08-26 07:04:34,939 [ERROR] LogOutputStream:75 - [STDERR_REDIRECT] [Fatal Error] :1:1: Premature end of file.
2025-08-26 07:04:34,939 [ERROR] LogOutputStream:75 - [STDERR_REDIRECT] 
2025-08-26 07:04:35,932 [ERROR] LogOutputStream:75 - [STDERR_REDIRECT] [Fatal Error] :1:1: Premature end of file.
2025-08-26 07:04:35,932 [ERROR] LogOutputStream:75 - [STDERR_REDIRECT] 
2025-08-26 07:04:36,942 [ERROR] LogOutputStream:75 - [STDERR_REDIRECT] [Fatal Error] :1:1: Premature end of file.
2025-08-26 07:04:36,942 [ERROR] LogOutputStream:75 - [STDERR_REDIRECT] 
2025-08-26 07:04:37,945 [ERROR] LogOutputStream:75 - [STDERR_REDIRECT] [Fatal Error] :1:1: Premature end of file.
2025-08-26 07:04:37,945 [ERROR] LogOutputStream:75 - [STDERR_REDIRECT] 
2025-08-26 07:04:38,938 [ERROR] LogOutputStream:75 - [STDERR_REDIRECT] [Fatal Error] :1:1: Premature end of file.
2025-08-26 07:04:38,938 [ERROR] LogOutputStream:75 - [STDERR_REDIRECT] 
2025-08-26 07:04:39,943 [ERROR] LogOutputStream:75 - [STDERR_REDIRECT] [Fatal Error] :1:1: Premature end of file.
2025-08-26 07:04:39,943 [ERROR] LogOutputStream:75 - [STDERR_REDIRECT] 
2025-08-26 07:04:40,935 [ERROR] LogOutputStream:75 - [STDERR_REDIRECT] [Fatal Error] :1:1: Premature end of file.
2025-08-26 07:04:40,935 [ERROR] LogOutputStream:75 - [STDERR_REDIRECT] 
2025-08-26 07:04:41,937 [ERROR] LogOutputStream:75 - [STDERR_REDIRECT] [Fatal Error] :1:1: Premature end of file.
2025-08-26 07:04:41,937 [ERROR] LogOutputStream:75 - [STDERR_REDIRECT] 
2025-08-26 07:04:42,939 [ERROR] LogOutputStream:75 - [STDERR_REDIRECT] [Fatal Error] :1:1: Premature end of file.
2025-08-26 07:04:42,939 [ERROR] LogOutputStream:75 - [STDERR_REDIRECT] 
2025-08-26 07:04:43,932 [ERROR] LogOutputStream:75 - [STDERR_REDIRECT] [Fatal Error] :1:1: Premature end of file.
2025-08-26 07:04:43,932 [ERROR] LogOutputStream:75 - [STDERR_REDIRECT] 
2025-08-26 07:04:44,938 [ERROR] LogOutputStream:75 - [STDERR_REDIRECT] [Fatal Error] :1:1: Premature end of file.
2025-08-26 07:04:44,939 [ERROR] LogOutputStream:75 - [STDERR_REDIRECT] 
2025-08-26 07:04:45,933 [ERROR] LogOutputStream:75 - [STDERR_REDIRECT] [Fatal Error] :1:1: Premature end of file.
2025-08-26 07:04:45,933 [ERROR] LogOutputStream:75 - [STDERR_REDIRECT] 
2025-08-26 07:04:46,939 [ERROR] LogOutputStream:75 - [STDERR_REDIRECT] [Fatal Error] :1:1: Premature end of file.
2025-08-26 07:04:46,939 [ERROR] LogOutputStream:75 - [STDERR_REDIRECT] 
2025-08-26 07:04:47,942 [ERROR] LogOutputStream:75 - [STDERR_REDIRECT] [Fatal Error] :1:1: Premature end of file.
2025-08-26 07:04:47,942 [ERROR] LogOutputStream:75 - [STDERR_REDIRECT] 
2025-08-26 07:04:48,948 [ERROR] LogOutputStream:75 - [STDERR_REDIRECT] [Fatal Error] :1:1: Premature end of file.
2025-08-26 07:04:48,948 [ERROR] LogOutputStream:75 - [STDERR_REDIRECT] 
2025-08-26 07:04:49,932 [ERROR] LogOutputStream:75 - [STDERR_REDIRECT] [Fatal Error] :1:1: Premature end of file.
2025-08-26 07:04:49,932 [ERROR] LogOutputStream:75 - [STDERR_REDIRECT] 
2025-08-26 07:04:50,946 [ERROR] LogOutputStream:75 - [STDERR_REDIRECT] [Fatal Error] :1:1: Premature end of file.
2025-08-26 07:04:50,946 [ERROR] LogOutputStream:75 - [STDERR_REDIRECT] 
2025-08-26 07:04:51,956 [ERROR] LogOutputStream:75 - [STDERR_REDIRECT] [Fatal Error] :1:1: Premature end of file.
2025-08-26 07:04:51,956 [ERROR] LogOutputStream:75 - [STDERR_REDIRECT] 
2025-08-26 07:04:52,936 [ERROR] LogOutputStream:75 - [STDERR_REDIRECT] [Fatal Error] :1:1: Premature end of file.
2025-08-26 07:04:52,936 [ERROR] LogOutputStream:75 - [STDERR_REDIRECT] 
2025-08-26 07:04:53,932 [ERROR] LogOutputStream:75 - [STDERR_REDIRECT] [Fatal Error] :1:1: Premature end of file.
2025-08-26 07:04:53,932 [ERROR] LogOutputStream:75 - [STDERR_REDIRECT] 
2025-08-26 07:04:54,932 [ERROR] LogOutputStream:75 - [STDERR_REDIRECT] [Fatal Error] :1:1: Premature end of file.
2025-08-26 07:04:54,934 [ERROR] LogOutputStream:75 - [STDERR_REDIRECT] 
2025-08-26 07:04:55,971 [ERROR] LogOutputStream:75 - [STDERR_REDIRECT] [Fatal Error] :1:1: Premature end of file.
2025-08-26 07:04:55,971 [ERROR] LogOutputStream:75 - [STDERR_REDIRECT] 
2025-08-26 07:04:56,945 [ERROR] LogOutputStream:75 - [STDERR_REDIRECT] [Fatal Error] :1:1: Premature end of file.
2025-08-26 07:04:56,945 [ERROR] LogOutputStream:75 - [STDERR_REDIRECT] 
2025-08-26 07:04:57,943 [ERROR] LogOutputStream:75 - [STDERR_REDIRECT] [Fatal Error] :1:1: Premature end of file.
2025-08-26 07:04:57,943 [ERROR] LogOutputStream:75 - [STDERR_REDIRECT] 
2025-08-26 07:04:58,945 [ERROR] LogOutputStream:75 - [STDERR_REDIRECT] [Fatal Error] :1:1: Premature end of file.
2025-08-26 07:04:58,945 [ERROR] LogOutputStream:75 - [STDERR_REDIRECT] 
2025-08-26 07:04:59,947 [ERROR] LogOutputStream:75 - [STDERR_REDIRECT] [Fatal Error] :1:1: Premature end of file.
2025-08-26 07:04:59,947 [ERROR] LogOutputStream:75 - [STDERR_REDIRECT] 
2025-08-26 07:05:00,943 [ERROR] LogOutputStream:75 - [STDERR_REDIRECT] [Fatal Error] :1:1: Premature end of file.
2025-08-26 07:05:00,943 [ERROR] LogOutputStream:75 - [STDERR_REDIRECT] 
2025-08-26 07:05:01,933 [ERROR] LogOutputStream:75 - [STDERR_REDIRECT] [Fatal Error] :1:1: Premature end of file.
2025-08-26 07:05:01,933 [ERROR] LogOutputStream:75 - [STDERR_REDIRECT] 
2025-08-26 07:05:02,942 [ERROR] LogOutputStream:75 - [STDERR_REDIRECT] [Fatal Error] :1:1: Premature end of file.
2025-08-26 07:05:02,942 [ERROR] LogOutputStream:75 - [STDERR_REDIRECT] 
2025-08-26 07:05:03,951 [ERROR] LogOutputStream:75 - [STDERR_REDIRECT] [Fatal Error] :1:1: Premature end of file.
2025-08-26 07:05:03,951 [ERROR] LogOutputStream:75 - [STDERR_REDIRECT] 
2025-08-26 07:05:04,941 [ERROR] LogOutputStream:75 - [STDERR_REDIRECT] [Fatal Error] :1:1: Premature end of file.
2025-08-26 07:05:04,941 [ERROR] LogOutputStream:75 - [STDERR_REDIRECT] 
2025-08-26 07:05:05,945 [ERROR] LogOutputStream:75 - [STDERR_REDIRECT] [Fatal Error] :1:1: Premature end of file.
2025-08-26 07:05:05,945 [ERROR] LogOutputStream:75 - [STDERR_REDIRECT] 
2025-08-26 07:05:06,951 [ERROR] LogOutputStream:75 - [STDERR_REDIRECT] [Fatal Error] :1:1: Premature end of file.
2025-08-26 07:05:06,951 [ERROR] LogOutputStream:75 - [STDERR_REDIRECT] 
2025-08-26 07:05:07,940 [ERROR] LogOutputStream:75 - [STDERR_REDIRECT] [Fatal Error] :1:1: Premature end of file.
2025-08-26 07:05:07,941 [ERROR] LogOutputStream:75 - [STDERR_REDIRECT] 
2025-08-26 07:05:08,944 [ERROR] LogOutputStream:75 - [STDERR_REDIRECT] [Fatal Error] :1:1: Premature end of file.
2025-08-26 07:05:08,944 [ERROR] LogOutputStream:75 - [STDERR_REDIRECT] 
2025-08-26 07:05:09,943 [ERROR] LogOutputStream:75 - [STDERR_REDIRECT] [Fatal Error] :1:1: Premature end of file.
2025-08-26 07:05:09,943 [ERROR] LogOutputStream:75 - [STDERR_REDIRECT] 
2025-08-26 07:05:10,945 [ERROR] LogOutputStream:75 - [STDERR_REDIRECT] [Fatal Error] :1:1: Premature end of file.
2025-08-26 07:05:10,945 [ERROR] LogOutputStream:75 - [STDERR_REDIRECT] 
2025-08-26 07:05:11,947 [ERROR] LogOutputStream:75 - [STDERR_REDIRECT] [Fatal Error] :1:1: Premature end of file.
2025-08-26 07:05:11,947 [ERROR] LogOutputStream:75 - [STDERR_REDIRECT] 
2025-08-26 07:05:12,939 [ERROR] LogOutputStream:75 - [STDERR_REDIRECT] [Fatal Error] :1:1: Premature end of file.
2025-08-26 07:05:12,939 [ERROR] LogOutputStream:75 - [STDERR_REDIRECT] 
2025-08-26 07:05:13,946 [ERROR] LogOutputStream:75 - [STDERR_REDIRECT] [Fatal Error] :1:1: Premature end of file.
2025-08-26 07:05:13,946 [ERROR] LogOutputStream:75 - [STDERR_REDIRECT] 
2025-08-26 07:05:14,943 [ERROR] LogOutputStream:75 - [STDERR_REDIRECT] [Fatal Error] :1:1: Premature end of file.
2025-08-26 07:05:14,943 [ERROR] LogOutputStream:75 - [STDERR_REDIRECT] 
2025-08-26 07:05:15,943 [ERROR] LogOutputStream:75 - [STDERR_REDIRECT] [Fatal Error] :1:1: Premature end of file.
2025-08-26 07:05:15,943 [ERROR] LogOutputStream:75 - [STDERR_REDIRECT] 
2025-08-26 07:05:16,947 [ERROR] LogOutputStream:75 - [STDERR_REDIRECT] [Fatal Error] :1:1: Premature end of file.
2025-08-26 07:05:16,947 [ERROR] LogOutputStream:75 - [STDERR_REDIRECT] 
2025-08-26 07:05:17,948 [ERROR] LogOutputStream:75 - [STDERR_REDIRECT] [Fatal Error] :1:1: Premature end of file.
2025-08-26 07:05:17,948 [ERROR] LogOutputStream:75 - [STDERR_REDIRECT] 
2025-08-26 07:05:18,943 [ERROR] LogOutputStream:75 - [STDERR_REDIRECT] [Fatal Error] :1:1: Premature end of file.
2025-08-26 07:05:18,943 [ERROR] LogOutputStream:75 - [STDERR_REDIRECT] 
2025-08-26 07:05:19,944 [ERROR] LogOutputStream:75 - [STDERR_REDIRECT] [Fatal Error] :1:1: Premature end of file.
2025-08-26 07:05:19,944 [ERROR] LogOutputStream:75 - [STDERR_REDIRECT] 
2025-08-26 07:05:20,947 [ERROR] LogOutputStream:75 - [STDERR_REDIRECT] [Fatal Error] :1:1: Premature end of file.
2025-08-26 07:05:20,947 [ERROR] LogOutputStream:75 - [STDERR_REDIRECT] 
2025-08-26 07:05:21,937 [ERROR] LogOutputStream:75 - [STDERR_REDIRECT] [Fatal Error] :1:1: Premature end of file.
2025-08-26 07:05:21,937 [ERROR] LogOutputStream:75 - [STDERR_REDIRECT] 
2025-08-26 07:05:22,933 [ERROR] LogOutputStream:75 - [STDERR_REDIRECT] [Fatal Error] :1:1: Premature end of file.
2025-08-26 07:05:22,933 [ERROR] LogOutputStream:75 - [STDERR_REDIRECT] 
2025-08-26 07:05:23,943 [ERROR] LogOutputStream:75 - [STDERR_REDIRECT] [Fatal Error] :1:1: Premature end of file.
2025-08-26 07:05:23,943 [ERROR] LogOutputStream:75 - [STDERR_REDIRECT] 
2025-08-26 07:05:24,944 [ERROR] LogOutputStream:75 - [STDERR_REDIRECT] [Fatal Error] :1:1: Premature end of file.
2025-08-26 07:05:24,944 [ERROR] LogOutputStream:75 - [STDERR_REDIRECT] 
2025-08-26 07:05:25,949 [ERROR] LogOutputStream:75 - [STDERR_REDIRECT] [Fatal Error] :1:1: Premature end of file.
2025-08-26 07:05:25,949 [ERROR] LogOutputStream:75 - [STDERR_REDIRECT] 
2025-08-26 07:05:26,942 [ERROR] LogOutputStream:75 - [STDERR_REDIRECT] [Fatal Error] :1:1: Premature end of file.
2025-08-26 07:05:26,942 [ERROR] LogOutputStream:75 - [STDERR_REDIRECT] 
2025-08-26 07:05:27,945 [ERROR] LogOutputStream:75 - [STDERR_REDIRECT] [Fatal Error] :1:1: Premature end of file.
2025-08-26 07:05:27,945 [ERROR] LogOutputStream:75 - [STDERR_REDIRECT] 
2025-08-26 07:05:28,956 [ERROR] LogOutputStream:75 - [STDERR_REDIRECT] [Fatal Error] :1:1: Premature end of file.
2025-08-26 07:05:28,956 [ERROR] LogOutputStream:75 - [STDERR_REDIRECT] 
2025-08-26 07:05:29,933 [ERROR] LogOutputStream:75 - [STDERR_REDIRECT] [Fatal Error] :1:1: Premature end of file.
2025-08-26 07:05:29,933 [ERROR] LogOutputStream:75 - [STDERR_REDIRECT] 
2025-08-26 07:05:30,944 [ERROR] LogOutputStream:75 - [STDERR_REDIRECT] [Fatal Error] :1:1: Premature end of file.
2025-08-26 07:05:30,945 [ERROR] LogOutputStream:75 - [STDERR_REDIRECT] 
2025-08-26 07:05:31,932 [ERROR] LogOutputStream:75 - [STDERR_REDIRECT] [Fatal Error] :1:1: Premature end of file.
2025-08-26 07:05:31,932 [ERROR] LogOutputStream:75 - [STDERR_REDIRECT] 
2025-08-26 07:05:32,940 [ERROR] LogOutputStream:75 - [STDERR_REDIRECT] [Fatal Error] :1:1: Premature end of file.
2025-08-26 07:05:32,940 [ERROR] LogOutputStream:75 - [STDERR_REDIRECT] 
2025-08-26 07:05:33,944 [ERROR] LogOutputStream:75 - [STDERR_REDIRECT] [Fatal Error] :1:1: Premature end of file.
2025-08-26 07:05:33,944 [ERROR] LogOutputStream:75 - [STDERR_REDIRECT] 
2025-08-26 07:05:34,944 [ERROR] LogOutputStream:75 - [STDERR_REDIRECT] [Fatal Error] :1:1: Premature end of file.
2025-08-26 07:05:34,944 [ERROR] LogOutputStream:75 - [STDERR_REDIRECT] 
2025-08-26 07:05:35,940 [ERROR] LogOutputStream:75 - [STDERR_REDIRECT] [Fatal Error] :1:1: Premature end of file.
2025-08-26 07:05:35,940 [ERROR] LogOutputStream:75 - [STDERR_REDIRECT] 
2025-08-26 07:05:36,948 [ERROR] LogOutputStream:75 - [STDERR_REDIRECT] [Fatal Error] :1:1: Premature end of file.
2025-08-26 07:05:36,948 [ERROR] LogOutputStream:75 - [STDERR_REDIRECT] 
2025-08-26 07:05:37,944 [ERROR] LogOutputStream:75 - [STDERR_REDIRECT] [Fatal Error] :1:1: Premature end of file.
2025-08-26 07:05:37,944 [ERROR] LogOutputStream:75 - [STDERR_REDIRECT] 
2025-08-26 07:05:38,943 [ERROR] LogOutputStream:75 - [STDERR_REDIRECT] [Fatal Error] :1:1: Premature end of file.
2025-08-26 07:05:38,944 [ERROR] LogOutputStream:75 - [STDERR_REDIRECT] 
2025-08-26 07:05:39,941 [ERROR] LogOutputStream:75 - [STDERR_REDIRECT] [Fatal Error] :1:1: Premature end of file.
2025-08-26 07:05:39,941 [ERROR] LogOutputStream:75 - [STDERR_REDIRECT] 
2025-08-26 07:05:40,945 [ERROR] LogOutputStream:75 - [STDERR_REDIRECT] [Fatal Error] :1:1: Premature end of file.
2025-08-26 07:05:40,945 [ERROR] LogOutputStream:75 - [STDERR_REDIRECT] 
2025-08-26 07:05:41,941 [ERROR] LogOutputStream:75 - [STDERR_REDIRECT] [Fatal Error] :1:1: Premature end of file.
2025-08-26 07:05:41,941 [ERROR] LogOutputStream:75 - [STDERR_REDIRECT] 
2025-08-26 07:05:42,938 [ERROR] LogOutputStream:75 - [STDERR_REDIRECT] [Fatal Error] :1:1: Premature end of file.
2025-08-26 07:05:42,938 [ERROR] LogOutputStream:75 - [STDERR_REDIRECT] 
2025-08-26 07:05:43,947 [ERROR] LogOutputStream:75 - [STDERR_REDIRECT] [Fatal Error] :1:1: Premature end of file.
2025-08-26 07:05:43,947 [ERROR] LogOutputStream:75 - [STDERR_REDIRECT] 
2025-08-26 07:05:44,945 [ERROR] LogOutputStream:75 - [STDERR_REDIRECT] [Fatal Error] :1:1: Premature end of file.
2025-08-26 07:05:44,945 [ERROR] LogOutputStream:75 - [STDERR_REDIRECT] 
2025-08-26 07:05:45,944 [ERROR] LogOutputStream:75 - [STDERR_REDIRECT] [Fatal Error] :1:1: Premature end of file.
2025-08-26 07:05:45,944 [ERROR] LogOutputStream:75 - [STDERR_REDIRECT] 
2025-08-26 07:05:46,947 [ERROR] LogOutputStream:75 - [STDERR_REDIRECT] [Fatal Error] :1:1: Premature end of file.
2025-08-26 07:05:46,947 [ERROR] LogOutputStream:75 - [STDERR_REDIRECT] 
2025-08-26 07:05:47,943 [ERROR] LogOutputStream:75 - [STDERR_REDIRECT] [Fatal Error] :1:1: Premature end of file.
2025-08-26 07:05:47,943 [ERROR] LogOutputStream:75 - [STDERR_REDIRECT] 
2025-08-26 07:05:48,943 [ERROR] LogOutputStream:75 - [STDERR_REDIRECT] [Fatal Error] :1:1: Premature end of file.
2025-08-26 07:05:48,943 [ERROR] LogOutputStream:75 - [STDERR_REDIRECT] 
2025-08-26 07:05:49,944 [ERROR] LogOutputStream:75 - [STDERR_REDIRECT] [Fatal Error] :1:1: Premature end of file.
2025-08-26 07:05:49,944 [ERROR] LogOutputStream:75 - [STDERR_REDIRECT] 
2025-08-26 07:05:50,941 [ERROR] LogOutputStream:75 - [STDERR_REDIRECT] [Fatal Error] :1:1: Premature end of file.
2025-08-26 07:05:50,942 [ERROR] LogOutputStream:75 - [STDERR_REDIRECT] 
2025-08-26 07:05:51,946 [ERROR] LogOutputStream:75 - [STDERR_REDIRECT] [Fatal Error] :1:1: Premature end of file.
2025-08-26 07:05:51,946 [ERROR] LogOutputStream:75 - [STDERR_REDIRECT] 
2025-08-26 07:05:52,943 [ERROR] LogOutputStream:75 - [STDERR_REDIRECT] [Fatal Error] :1:1: Premature end of file.
2025-08-26 07:05:52,943 [ERROR] LogOutputStream:75 - [STDERR_REDIRECT] 
2025-08-26 07:05:53,979 [ERROR] LogOutputStream:75 - [STDERR_REDIRECT] [Fatal Error] :1:1: Premature end of file.
2025-08-26 07:05:53,979 [ERROR] LogOutputStream:75 - [STDERR_REDIRECT] 
2025-08-26 07:05:54,936 [ERROR] LogOutputStream:75 - [STDERR_REDIRECT] [Fatal Error] :1:1: Premature end of file.
2025-08-26 07:05:54,936 [ERROR] LogOutputStream:75 - [STDERR_REDIRECT] 
2025-08-26 07:05:55,942 [ERROR] LogOutputStream:75 - [STDERR_REDIRECT] [Fatal Error] :1:1: Premature end of file.
2025-08-26 07:05:55,942 [ERROR] LogOutputStream:75 - [STDERR_REDIRECT] 
2025-08-26 07:05:56,938 [ERROR] LogOutputStream:75 - [STDERR_REDIRECT] [Fatal Error] :1:1: Premature end of file.
2025-08-26 07:05:56,938 [ERROR] LogOutputStream:75 - [STDERR_REDIRECT] 
2025-08-26 07:05:57,950 [ERROR] LogOutputStream:75 - [STDERR_REDIRECT] [Fatal Error] :1:1: Premature end of file.
2025-08-26 07:05:57,950 [ERROR] LogOutputStream:75 - [STDERR_REDIRECT] 
2025-08-26 07:05:58,944 [ERROR] LogOutputStream:75 - [STDERR_REDIRECT] [Fatal Error] :1:1: Premature end of file.
2025-08-26 07:05:58,944 [ERROR] LogOutputStream:75 - [STDERR_REDIRECT] 
2025-08-26 07:05:59,943 [ERROR] LogOutputStream:75 - [STDERR_REDIRECT] [Fatal Error] :1:1: Premature end of file.
2025-08-26 07:05:59,943 [ERROR] LogOutputStream:75 - [STDERR_REDIRECT] 
2025-08-26 07:06:00,941 [ERROR] LogOutputStream:75 - [STDERR_REDIRECT] [Fatal Error] :1:1: Premature end of file.
2025-08-26 07:06:00,941 [ERROR] LogOutputStream:75 - [STDERR_REDIRECT] 
2025-08-26 07:06:01,943 [ERROR] LogOutputStream:75 - [STDERR_REDIRECT] [Fatal Error] :1:1: Premature end of file.
2025-08-26 07:06:01,943 [ERROR] LogOutputStream:75 - [STDERR_REDIRECT] 
2025-08-26 07:06:02,943 [ERROR] LogOutputStream:75 - [STDERR_REDIRECT] [Fatal Error] :1:1: Premature end of file.
2025-08-26 07:06:02,943 [ERROR] LogOutputStream:75 - [STDERR_REDIRECT] 
2025-08-26 07:06:03,941 [ERROR] LogOutputStream:75 - [STDERR_REDIRECT] [Fatal Error] :1:1: Premature end of file.
2025-08-26 07:06:03,942 [ERROR] LogOutputStream:75 - [STDERR_REDIRECT] 
2025-08-26 07:06:04,941 [ERROR] LogOutputStream:75 - [STDERR_REDIRECT] [Fatal Error] :1:1: Premature end of file.
2025-08-26 07:06:04,941 [ERROR] LogOutputStream:75 - [STDERR_REDIRECT] 
2025-08-26 07:06:05,936 [ERROR] LogOutputStream:75 - [STDERR_REDIRECT] [Fatal Error] :1:1: Premature end of file.
2025-08-26 07:06:05,936 [ERROR] LogOutputStream:75 - [STDERR_REDIRECT] 
2025-08-26 07:06:06,949 [ERROR] LogOutputStream:75 - [STDERR_REDIRECT] [Fatal Error] :1:1: Premature end of file.
2025-08-26 07:06:06,949 [ERROR] LogOutputStream:75 - [STDERR_REDIRECT] 
2025-08-26 07:06:07,933 [ERROR] LogOutputStream:75 - [STDERR_REDIRECT] [Fatal Error] :1:1: Premature end of file.
2025-08-26 07:06:07,933 [ERROR] LogOutputStream:75 - [STDERR_REDIRECT] 
2025-08-26 07:06:08,942 [ERROR] LogOutputStream:75 - [STDERR_REDIRECT] [Fatal Error] :1:1: Premature end of file.
2025-08-26 07:06:08,942 [ERROR] LogOutputStream:75 - [STDERR_REDIRECT] 
2025-08-26 07:06:09,949 [ERROR] LogOutputStream:75 - [STDERR_REDIRECT] [Fatal Error] :1:1: Premature end of file.
2025-08-26 07:06:09,950 [ERROR] LogOutputStream:75 - [STDERR_REDIRECT] 
2025-08-26 07:06:10,947 [ERROR] LogOutputStream:75 - [STDERR_REDIRECT] [Fatal Error] :1:1: Premature end of file.
2025-08-26 07:06:10,947 [ERROR] LogOutputStream:75 - [STDERR_REDIRECT] 
2025-08-26 07:06:11,945 [ERROR] LogOutputStream:75 - [STDERR_REDIRECT] [Fatal Error] :1:1: Premature end of file.
2025-08-26 07:06:11,945 [ERROR] LogOutputStream:75 - [STDERR_REDIRECT] 
2025-08-26 07:06:12,946 [ERROR] LogOutputStream:75 - [STDERR_REDIRECT] [Fatal Error] :1:1: Premature end of file.
2025-08-26 07:06:12,946 [ERROR] LogOutputStream:75 - [STDERR_REDIRECT] 
2025-08-26 07:06:13,942 [ERROR] LogOutputStream:75 - [STDERR_REDIRECT] [Fatal Error] :1:1: Premature end of file.
2025-08-26 07:06:13,942 [ERROR] LogOutputStream:75 - [STDERR_REDIRECT] 
2025-08-26 07:06:14,942 [ERROR] LogOutputStream:75 - [STDERR_REDIRECT] [Fatal Error] :1:1: Premature end of file.
2025-08-26 07:06:14,942 [ERROR] LogOutputStream:75 - [STDERR_REDIRECT] 
2025-08-26 07:06:15,947 [ERROR] LogOutputStream:75 - [STDERR_REDIRECT] [Fatal Error] :1:1: Premature end of file.
2025-08-26 07:06:15,947 [ERROR] LogOutputStream:75 - [STDERR_REDIRECT] 
2025-08-26 07:06:16,947 [ERROR] LogOutputStream:75 - [STDERR_REDIRECT] [Fatal Error] :1:1: Premature end of file.
2025-08-26 07:06:16,947 [ERROR] LogOutputStream:75 - [STDERR_REDIRECT] 
2025-08-26 07:06:17,946 [ERROR] LogOutputStream:75 - [STDERR_REDIRECT] [Fatal Error] :1:1: Premature end of file.
2025-08-26 07:06:17,946 [ERROR] LogOutputStream:75 - [STDERR_REDIRECT] 
2025-08-26 07:06:18,941 [ERROR] LogOutputStream:75 - [STDERR_REDIRECT] [Fatal Error] :1:1: Premature end of file.
2025-08-26 07:06:18,941 [ERROR] LogOutputStream:75 - [STDERR_REDIRECT] 
2025-08-26 07:06:19,940 [ERROR] LogOutputStream:75 - [STDERR_REDIRECT] [Fatal Error] :1:1: Premature end of file.
2025-08-26 07:06:19,940 [ERROR] LogOutputStream:75 - [STDERR_REDIRECT] 
2025-08-26 07:06:20,939 [ERROR] LogOutputStream:75 - [STDERR_REDIRECT] [Fatal Error] :1:1: Premature end of file.
2025-08-26 07:06:20,939 [ERROR] LogOutputStream:75 - [STDERR_REDIRECT] 
2025-08-26 07:06:21,943 [ERROR] LogOutputStream:75 - [STDERR_REDIRECT] [Fatal Error] :1:1: Premature end of file.
2025-08-26 07:06:21,943 [ERROR] LogOutputStream:75 - [STDERR_REDIRECT] 
2025-08-26 07:06:22,940 [ERROR] LogOutputStream:75 - [STDERR_REDIRECT] [Fatal Error] :1:1: Premature end of file.
2025-08-26 07:06:22,940 [ERROR] LogOutputStream:75 - [STDERR_REDIRECT] 
2025-08-26 07:06:23,943 [ERROR] LogOutputStream:75 - [STDERR_REDIRECT] [Fatal Error] :1:1: Premature end of file.
2025-08-26 07:06:23,943 [ERROR] LogOutputStream:75 - [STDERR_REDIRECT] 
2025-08-26 07:06:24,975 [ERROR] LogOutputStream:75 - [STDERR_REDIRECT] [Fatal Error] :1:1: Premature end of file.
2025-08-26 07:06:24,975 [ERROR] LogOutputStream:75 - [STDERR_REDIRECT] 
2025-08-26 07:06:25,943 [ERROR] LogOutputStream:75 - [STDERR_REDIRECT] [Fatal Error] :1:1: Premature end of file.
2025-08-26 07:06:25,943 [ERROR] LogOutputStream:75 - [STDERR_REDIRECT] 
2025-08-26 07:06:26,946 [ERROR] LogOutputStream:75 - [STDERR_REDIRECT] [Fatal Error] :1:1: Premature end of file.
2025-08-26 07:06:26,946 [ERROR] LogOutputStream:75 - [STDERR_REDIRECT] 
2025-08-26 07:06:27,949 [ERROR] LogOutputStream:75 - [STDERR_REDIRECT] [Fatal Error] :1:1: Premature end of file.
2025-08-26 07:06:27,949 [ERROR] LogOutputStream:75 - [STDERR_REDIRECT] 
2025-08-26 07:06:28,943 [ERROR] LogOutputStream:75 - [STDERR_REDIRECT] [Fatal Error] :1:1: Premature end of file.
2025-08-26 07:06:28,943 [ERROR] LogOutputStream:75 - [STDERR_REDIRECT] 
2025-08-26 07:06:29,941 [ERROR] LogOutputStream:75 - [STDERR_REDIRECT] [Fatal Error] :1:1: Premature end of file.
2025-08-26 07:06:29,941 [ERROR] LogOutputStream:75 - [STDERR_REDIRECT] 
2025-08-26 07:06:30,943 [ERROR] LogOutputStream:75 - [STDERR_REDIRECT] [Fatal Error] :1:1: Premature end of file.
2025-08-26 07:06:30,943 [ERROR] LogOutputStream:75 - [STDERR_REDIRECT] 
2025-08-26 07:06:31,946 [ERROR] LogOutputStream:75 - [STDERR_REDIRECT] [Fatal Error] :1:1: Premature end of file.
2025-08-26 07:06:31,946 [ERROR] LogOutputStream:75 - [STDERR_REDIRECT] 
2025-08-26 07:06:32,944 [ERROR] LogOutputStream:75 - [STDERR_REDIRECT] [Fatal Error] :1:1: Premature end of file.
2025-08-26 07:06:32,944 [ERROR] LogOutputStream:75 - [STDERR_REDIRECT] 
2025-08-26 07:06:33,948 [ERROR] LogOutputStream:75 - [STDERR_REDIRECT] [Fatal Error] :1:1: Premature end of file.
2025-08-26 07:06:33,948 [ERROR] LogOutputStream:75 - [STDERR_REDIRECT] 
2025-08-26 07:06:34,939 [ERROR] LogOutputStream:75 - [STDERR_REDIRECT] [Fatal Error] :1:1: Premature end of file.
2025-08-26 07:06:34,940 [ERROR] LogOutputStream:75 - [STDERR_REDIRECT] 
2025-08-26 07:06:35,942 [ERROR] LogOutputStream:75 - [STDERR_REDIRECT] [Fatal Error] :1:1: Premature end of file.
2025-08-26 07:06:35,942 [ERROR] LogOutputStream:75 - [STDERR_REDIRECT] 
2025-08-26 07:06:36,944 [ERROR] LogOutputStream:75 - [STDERR_REDIRECT] [Fatal Error] :1:1: Premature end of file.
2025-08-26 07:06:36,944 [ERROR] LogOutputStream:75 - [STDERR_REDIRECT] 
2025-08-26 07:06:37,946 [ERROR] LogOutputStream:75 - [STDERR_REDIRECT] [Fatal Error] :1:1: Premature end of file.
2025-08-26 07:06:37,946 [ERROR] LogOutputStream:75 - [STDERR_REDIRECT] 
2025-08-26 07:06:38,949 [ERROR] LogOutputStream:75 - [STDERR_REDIRECT] [Fatal Error] :1:1: Premature end of file.
2025-08-26 07:06:38,949 [ERROR] LogOutputStream:75 - [STDERR_REDIRECT] 
2025-08-26 07:06:39,945 [ERROR] LogOutputStream:75 - [STDERR_REDIRECT] [Fatal Error] :1:1: Premature end of file.
2025-08-26 07:06:39,945 [ERROR] LogOutputStream:75 - [STDERR_REDIRECT] 
2025-08-26 07:06:40,950 [ERROR] LogOutputStream:75 - [STDERR_REDIRECT] [Fatal Error] :1:1: Premature end of file.
2025-08-26 07:06:40,950 [ERROR] LogOutputStream:75 - [STDERR_REDIRECT] 
2025-08-26 07:06:41,942 [ERROR] LogOutputStream:75 - [STDERR_REDIRECT] [Fatal Error] :1:1: Premature end of file.
2025-08-26 07:06:41,942 [ERROR] LogOutputStream:75 - [STDERR_REDIRECT] 
2025-08-26 07:06:42,936 [ERROR] LogOutputStream:75 - [STDERR_REDIRECT] [Fatal Error] :1:1: Premature end of file.
2025-08-26 07:06:42,936 [ERROR] LogOutputStream:75 - [STDERR_REDIRECT] 
2025-08-26 07:06:43,933 [ERROR] LogOutputStream:75 - [STDERR_REDIRECT] [Fatal Error] :1:1: Premature end of file.
2025-08-26 07:06:43,933 [ERROR] LogOutputStream:75 - [STDERR_REDIRECT] 
2025-08-26 07:06:44,940 [ERROR] LogOutputStream:75 - [STDERR_REDIRECT] [Fatal Error] :1:1: Premature end of file.
2025-08-26 07:06:44,940 [ERROR] LogOutputStream:75 - [STDERR_REDIRECT] 
2025-08-26 07:06:45,942 [ERROR] LogOutputStream:75 - [STDERR_REDIRECT] [Fatal Error] :1:1: Premature end of file.
2025-08-26 07:06:45,942 [ERROR] LogOutputStream:75 - [STDERR_REDIRECT] 
2025-08-26 07:06:46,948 [ERROR] LogOutputStream:75 - [STDERR_REDIRECT] [Fatal Error] :1:1: Premature end of file.
2025-08-26 07:06:46,948 [ERROR] LogOutputStream:75 - [STDERR_REDIRECT] 
2025-08-26 07:06:47,943 [ERROR] LogOutputStream:75 - [STDERR_REDIRECT] [Fatal Error] :1:1: Premature end of file.
2025-08-26 07:06:47,943 [ERROR] LogOutputStream:75 - [STDERR_REDIRECT] 
2025-08-26 07:06:48,947 [ERROR] LogOutputStream:75 - [STDERR_REDIRECT] [Fatal Error] :1:1: Premature end of file.
2025-08-26 07:06:48,947 [ERROR] LogOutputStream:75 - [STDERR_REDIRECT] 
2025-08-26 07:06:49,944 [ERROR] LogOutputStream:75 - [STDERR_REDIRECT] [Fatal Error] :1:1: Premature end of file.
2025-08-26 07:06:49,944 [ERROR] LogOutputStream:75 - [STDERR_REDIRECT] 
2025-08-26 07:06:50,945 [ERROR] LogOutputStream:75 - [STDERR_REDIRECT] [Fatal Error] :1:1: Premature end of file.
2025-08-26 07:06:50,945 [ERROR] LogOutputStream:75 - [STDERR_REDIRECT] 
2025-08-26 07:06:51,939 [ERROR] LogOutputStream:75 - [STDERR_REDIRECT] [Fatal Error] :1:1: Premature end of file.
2025-08-26 07:06:51,939 [ERROR] LogOutputStream:75 - [STDERR_REDIRECT] 
2025-08-26 07:06:52,944 [ERROR] LogOutputStream:75 - [STDERR_REDIRECT] [Fatal Error] :1:1: Premature end of file.
2025-08-26 07:06:52,944 [ERROR] LogOutputStream:75 - [STDERR_REDIRECT] 
2025-08-26 07:06:53,929 [ERROR] LogOutputStream:75 - [STDERR_REDIRECT] [Fatal Error] :1:1: Premature end of file.
2025-08-26 07:06:53,929 [ERROR] LogOutputStream:75 - [STDERR_REDIRECT] 
2025-08-26 07:06:54,942 [ERROR] LogOutputStream:75 - [STDERR_REDIRECT] [Fatal Error] :1:1: Premature end of file.
2025-08-26 07:06:54,942 [ERROR] LogOutputStream:75 - [STDERR_REDIRECT] 
2025-08-26 07:06:55,942 [ERROR] LogOutputStream:75 - [STDERR_REDIRECT] [Fatal Error] :1:1: Premature end of file.
2025-08-26 07:06:55,942 [ERROR] LogOutputStream:75 - [STDERR_REDIRECT] 
2025-08-26 07:06:56,942 [ERROR] LogOutputStream:75 - [STDERR_REDIRECT] [Fatal Error] :1:1: Premature end of file.
2025-08-26 07:06:56,942 [ERROR] LogOutputStream:75 - [STDERR_REDIRECT] 
2025-08-26 07:06:57,946 [ERROR] LogOutputStream:75 - [STDERR_REDIRECT] [Fatal Error] :1:1: Premature end of file.
2025-08-26 07:06:57,946 [ERROR] LogOutputStream:75 - [STDERR_REDIRECT] 
2025-08-26 07:06:58,944 [ERROR] LogOutputStream:75 - [STDERR_REDIRECT] [Fatal Error] :1:1: Premature end of file.
2025-08-26 07:06:58,944 [ERROR] LogOutputStream:75 - [STDERR_REDIRECT] 
2025-08-26 07:06:59,942 [ERROR] LogOutputStream:75 - [STDERR_REDIRECT] [Fatal Error] :1:1: Premature end of file.
2025-08-26 07:06:59,942 [ERROR] LogOutputStream:75 - [STDERR_REDIRECT] 
2025-08-26 07:07:00,946 [ERROR] LogOutputStream:75 - [STDERR_REDIRECT] [Fatal Error] :1:1: Premature end of file.
2025-08-26 07:07:00,946 [ERROR] LogOutputStream:75 - [STDERR_REDIRECT] 
2025-08-26 07:07:01,947 [ERROR] LogOutputStream:75 - [STDERR_REDIRECT] [Fatal Error] :1:1: Premature end of file.
2025-08-26 07:07:01,947 [ERROR] LogOutputStream:75 - [STDERR_REDIRECT] 
2025-08-26 07:07:02,945 [ERROR] LogOutputStream:75 - [STDERR_REDIRECT] [Fatal Error] :1:1: Premature end of file.
2025-08-26 07:07:02,945 [ERROR] LogOutputStream:75 - [STDERR_REDIRECT] 
2025-08-26 07:07:03,943 [ERROR] LogOutputStream:75 - [STDERR_REDIRECT] [Fatal Error] :1:1: Premature end of file.
2025-08-26 07:07:03,943 [ERROR] LogOutputStream:75 - [STDERR_REDIRECT] 
2025-08-26 07:07:04,943 [ERROR] LogOutputStream:75 - [STDERR_REDIRECT] [Fatal Error] :1:1: Premature end of file.
2025-08-26 07:07:04,943 [ERROR] LogOutputStream:75 - [STDERR_REDIRECT] 
2025-08-26 07:07:05,939 [ERROR] LogOutputStream:75 - [STDERR_REDIRECT] [Fatal Error] :1:1: Premature end of file.
2025-08-26 07:07:05,939 [ERROR] LogOutputStream:75 - [STDERR_REDIRECT] 
2025-08-26 07:07:06,944 [ERROR] LogOutputStream:75 - [STDERR_REDIRECT] [Fatal Error] :1:1: Premature end of file.
2025-08-26 07:07:06,944 [ERROR] LogOutputStream:75 - [STDERR_REDIRECT] 
2025-08-26 07:07:07,950 [ERROR] LogOutputStream:75 - [STDERR_REDIRECT] [Fatal Error] :1:1: Premature end of file.
2025-08-26 07:07:07,950 [ERROR] LogOutputStream:75 - [STDERR_REDIRECT] 
2025-08-26 07:07:08,944 [ERROR] LogOutputStream:75 - [STDERR_REDIRECT] [Fatal Error] :1:1: Premature end of file.
2025-08-26 07:07:08,944 [ERROR] LogOutputStream:75 - [STDERR_REDIRECT] 
2025-08-26 07:07:09,936 [ERROR] LogOutputStream:75 - [STDERR_REDIRECT] [Fatal Error] :1:1: Premature end of file.
2025-08-26 07:07:09,937 [ERROR] LogOutputStream:75 - [STDERR_REDIRECT] 
2025-08-26 07:07:10,932 [ERROR] LogOutputStream:75 - [STDERR_REDIRECT] [Fatal Error] :1:1: Premature end of file.
2025-08-26 07:07:10,932 [ERROR] LogOutputStream:75 - [STDERR_REDIRECT] 
2025-08-26 07:07:11,943 [ERROR] LogOutputStream:75 - [STDERR_REDIRECT] [Fatal Error] :1:1: Premature end of file.
2025-08-26 07:07:11,943 [ERROR] LogOutputStream:75 - [STDERR_REDIRECT] 
2025-08-26 07:07:12,941 [ERROR] LogOutputStream:75 - [STDERR_REDIRECT] [Fatal Error] :1:1: Premature end of file.
2025-08-26 07:07:12,941 [ERROR] LogOutputStream:75 - [STDERR_REDIRECT] 
2025-08-26 07:07:13,933 [ERROR] LogOutputStream:75 - [STDERR_REDIRECT] [Fatal Error] :1:1: Premature end of file.
2025-08-26 07:07:13,933 [ERROR] LogOutputStream:75 - [STDERR_REDIRECT] 
2025-08-26 07:07:14,950 [ERROR] LogOutputStream:75 - [STDERR_REDIRECT] [Fatal Error] :1:1: Premature end of file.
2025-08-26 07:07:14,950 [ERROR] LogOutputStream:75 - [STDERR_REDIRECT] 
2025-08-26 07:07:15,942 [ERROR] LogOutputStream:75 - [STDERR_REDIRECT] [Fatal Error] :1:1: Premature end of file.
2025-08-26 07:07:15,943 [ERROR] LogOutputStream:75 - [STDERR_REDIRECT] 
2025-08-26 07:07:16,944 [ERROR] LogOutputStream:75 - [STDERR_REDIRECT] [Fatal Error] :1:1: Premature end of file.
2025-08-26 07:07:16,944 [ERROR] LogOutputStream:75 - [STDERR_REDIRECT] 
2025-08-26 07:07:17,930 [ERROR] LogOutputStream:75 - [STDERR_REDIRECT] [Fatal Error] :1:1: Premature end of file.
2025-08-26 07:07:17,930 [ERROR] LogOutputStream:75 - [STDERR_REDIRECT] 
2025-08-26 07:07:18,947 [ERROR] LogOutputStream:75 - [STDERR_REDIRECT] [Fatal Error] :1:1: Premature end of file.
2025-08-26 07:07:18,947 [ERROR] LogOutputStream:75 - [STDERR_REDIRECT] 
2025-08-26 07:07:19,949 [ERROR] LogOutputStream:75 - [STDERR_REDIRECT] [Fatal Error] :1:1: Premature end of file.
2025-08-26 07:07:19,949 [ERROR] LogOutputStream:75 - [STDERR_REDIRECT] 
2025-08-26 07:07:20,944 [ERROR] LogOutputStream:75 - [STDERR_REDIRECT] [Fatal Error] :1:1: Premature end of file.
2025-08-26 07:07:20,944 [ERROR] LogOutputStream:75 - [STDERR_REDIRECT] 
2025-08-26 07:07:21,941 [ERROR] LogOutputStream:75 - [STDERR_REDIRECT] [Fatal Error] :1:1: Premature end of file.
2025-08-26 07:07:21,941 [ERROR] LogOutputStream:75 - [STDERR_REDIRECT] 
2025-08-26 07:07:22,945 [ERROR] LogOutputStream:75 - [STDERR_REDIRECT] [Fatal Error] :1:1: Premature end of file.
2025-08-26 07:07:22,946 [ERROR] LogOutputStream:75 - [STDERR_REDIRECT] 
2025-08-26 07:07:23,933 [ERROR] LogOutputStream:75 - [STDERR_REDIRECT] [Fatal Error] :1:1: Premature end of file.
2025-08-26 07:07:23,933 [ERROR] LogOutputStream:75 - [STDERR_REDIRECT] 
2025-08-26 07:07:24,943 [ERROR] LogOutputStream:75 - [STDERR_REDIRECT] [Fatal Error] :1:1: Premature end of file.
2025-08-26 07:07:24,943 [ERROR] LogOutputStream:75 - [STDERR_REDIRECT] 
2025-08-26 07:07:25,941 [ERROR] LogOutputStream:75 - [STDERR_REDIRECT] [Fatal Error] :1:1: Premature end of file.
2025-08-26 07:07:25,941 [ERROR] LogOutputStream:75 - [STDERR_REDIRECT] 
2025-08-26 07:07:26,942 [ERROR] LogOutputStream:75 - [STDERR_REDIRECT] [Fatal Error] :1:1: Premature end of file.
2025-08-26 07:07:26,942 [ERROR] LogOutputStream:75 - [STDERR_REDIRECT] 
2025-08-26 07:07:27,933 [ERROR] LogOutputStream:75 - [STDERR_REDIRECT] [Fatal Error] :1:1: Premature end of file.
2025-08-26 07:07:27,933 [ERROR] LogOutputStream:75 - [STDERR_REDIRECT] 
2025-08-26 07:07:28,946 [ERROR] LogOutputStream:75 - [STDERR_REDIRECT] [Fatal Error] :1:1: Premature end of file.
2025-08-26 07:07:28,946 [ERROR] LogOutputStream:75 - [STDERR_REDIRECT] 
2025-08-26 07:07:29,942 [ERROR] LogOutputStream:75 - [STDERR_REDIRECT] [Fatal Error] :1:1: Premature end of file.
2025-08-26 07:07:29,942 [ERROR] LogOutputStream:75 - [STDERR_REDIRECT] 
2025-08-26 07:07:30,944 [ERROR] LogOutputStream:75 - [STDERR_REDIRECT] [Fatal Error] :1:1: Premature end of file.
2025-08-26 07:07:30,944 [ERROR] LogOutputStream:75 - [STDERR_REDIRECT] 
2025-08-26 07:07:31,946 [ERROR] LogOutputStream:75 - [STDERR_REDIRECT] [Fatal Error] :1:1: Premature end of file.
2025-08-26 07:07:31,946 [ERROR] LogOutputStream:75 - [STDERR_REDIRECT] 
2025-08-26 07:07:32,944 [ERROR] LogOutputStream:75 - [STDERR_REDIRECT] [Fatal Error] :1:1: Premature end of file.
2025-08-26 07:07:32,944 [ERROR] LogOutputStream:75 - [STDERR_REDIRECT] 
2025-08-26 07:07:33,946 [ERROR] LogOutputStream:75 - [STDERR_REDIRECT] [Fatal Error] :1:1: Premature end of file.
2025-08-26 07:07:33,946 [ERROR] LogOutputStream:75 - [STDERR_REDIRECT] 
2025-08-26 07:07:34,943 [ERROR] LogOutputStream:75 - [STDERR_REDIRECT] [Fatal Error] :1:1: Premature end of file.
2025-08-26 07:07:34,943 [ERROR] LogOutputStream:75 - [STDERR_REDIRECT] 
2025-08-26 07:07:35,946 [ERROR] LogOutputStream:75 - [STDERR_REDIRECT] [Fatal Error] :1:1: Premature end of file.
2025-08-26 07:07:35,946 [ERROR] LogOutputStream:75 - [STDERR_REDIRECT] 
2025-08-26 07:07:36,947 [ERROR] LogOutputStream:75 - [STDERR_REDIRECT] [Fatal Error] :1:1: Premature end of file.
2025-08-26 07:07:36,947 [ERROR] LogOutputStream:75 - [STDERR_REDIRECT] 
2025-08-26 07:07:37,942 [ERROR] LogOutputStream:75 - [STDERR_REDIRECT] [Fatal Error] :1:1: Premature end of file.
2025-08-26 07:07:37,942 [ERROR] LogOutputStream:75 - [STDERR_REDIRECT] 
2025-08-26 07:07:38,944 [ERROR] LogOutputStream:75 - [STDERR_REDIRECT] [Fatal Error] :1:1: Premature end of file.
2025-08-26 07:07:38,944 [ERROR] LogOutputStream:75 - [STDERR_REDIRECT] 
2025-08-26 07:07:39,948 [ERROR] LogOutputStream:75 - [STDERR_REDIRECT] [Fatal Error] :1:1: Premature end of file.
2025-08-26 07:07:39,948 [ERROR] LogOutputStream:75 - [STDERR_REDIRECT] 
2025-08-26 07:07:40,946 [ERROR] LogOutputStream:75 - [STDERR_REDIRECT] [Fatal Error] :1:1: Premature end of file.
2025-08-26 07:07:40,947 [ERROR] LogOutputStream:75 - [STDERR_REDIRECT] 
2025-08-26 07:07:41,945 [ERROR] LogOutputStream:75 - [STDERR_REDIRECT] [Fatal Error] :1:1: Premature end of file.
2025-08-26 07:07:41,945 [ERROR] LogOutputStream:75 - [STDERR_REDIRECT] 
2025-08-26 07:07:42,947 [ERROR] LogOutputStream:75 - [STDERR_REDIRECT] [Fatal Error] :1:1: Premature end of file.
2025-08-26 07:07:42,947 [ERROR] LogOutputStream:75 - [STDERR_REDIRECT] 
2025-08-26 07:07:43,940 [ERROR] LogOutputStream:75 - [STDERR_REDIRECT] [Fatal Error] :1:1: Premature end of file.
2025-08-26 07:07:43,940 [ERROR] LogOutputStream:75 - [STDERR_REDIRECT] 
2025-08-26 07:07:44,944 [ERROR] LogOutputStream:75 - [STDERR_REDIRECT] [Fatal Error] :1:1: Premature end of file.
2025-08-26 07:07:44,944 [ERROR] LogOutputStream:75 - [STDERR_REDIRECT] 
2025-08-26 07:07:45,949 [ERROR] LogOutputStream:75 - [STDERR_REDIRECT] [Fatal Error] :1:1: Premature end of file.
2025-08-26 07:07:45,949 [ERROR] LogOutputStream:75 - [STDERR_REDIRECT] 
2025-08-26 07:07:46,937 [ERROR] LogOutputStream:75 - [STDERR_REDIRECT] [Fatal Error] :1:1: Premature end of file.
2025-08-26 07:07:46,937 [ERROR] LogOutputStream:75 - [STDERR_REDIRECT] 
2025-08-26 07:07:47,944 [ERROR] LogOutputStream:75 - [STDERR_REDIRECT] [Fatal Error] :1:1: Premature end of file.
2025-08-26 07:07:47,944 [ERROR] LogOutputStream:75 - [STDERR_REDIRECT] 
2025-08-26 07:07:48,946 [ERROR] LogOutputStream:75 - [STDERR_REDIRECT] [Fatal Error] :1:1: Premature end of file.
2025-08-26 07:07:48,946 [ERROR] LogOutputStream:75 - [STDERR_REDIRECT] 
2025-08-26 07:07:49,943 [ERROR] LogOutputStream:75 - [STDERR_REDIRECT] [Fatal Error] :1:1: Premature end of file.
2025-08-26 07:07:49,943 [ERROR] LogOutputStream:75 - [STDERR_REDIRECT] 
2025-08-26 07:07:50,945 [ERROR] LogOutputStream:75 - [STDERR_REDIRECT] [Fatal Error] :1:1: Premature end of file.
2025-08-26 07:07:50,946 [ERROR] LogOutputStream:75 - [STDERR_REDIRECT] 
2025-08-26 07:07:51,945 [ERROR] LogOutputStream:75 - [STDERR_REDIRECT] [Fatal Error] :1:1: Premature end of file.
2025-08-26 07:07:51,945 [ERROR] LogOutputStream:75 - [STDERR_REDIRECT] 
2025-08-26 07:07:52,946 [ERROR] LogOutputStream:75 - [STDERR_REDIRECT] [Fatal Error] :1:1: Premature end of file.
2025-08-26 07:07:52,946 [ERROR] LogOutputStream:75 - [STDERR_REDIRECT] 
2025-08-26 07:07:53,931 [ERROR] LogOutputStream:75 - [STDERR_REDIRECT] [Fatal Error] :1:1: Premature end of file.
2025-08-26 07:07:53,931 [ERROR] LogOutputStream:75 - [STDERR_REDIRECT] 
2025-08-26 07:07:54,935 [ERROR] LogOutputStream:75 - [STDERR_REDIRECT] [Fatal Error] :1:1: Premature end of file.
2025-08-26 07:07:54,935 [ERROR] LogOutputStream:75 - [STDERR_REDIRECT] 
2025-08-26 07:07:55,933 [ERROR] LogOutputStream:75 - [STDERR_REDIRECT] [Fatal Error] :1:1: Premature end of file.
2025-08-26 07:07:55,933 [ERROR] LogOutputStream:75 - [STDERR_REDIRECT] 
2025-08-26 07:07:56,942 [ERROR] LogOutputStream:75 - [STDERR_REDIRECT] [Fatal Error] :1:1: Premature end of file.
2025-08-26 07:07:56,942 [ERROR] LogOutputStream:75 - [STDERR_REDIRECT] 
2025-08-26 07:07:57,930 [ERROR] LogOutputStream:75 - [STDERR_REDIRECT] [Fatal Error] :1:1: Premature end of file.
2025-08-26 07:07:57,931 [ERROR] LogOutputStream:75 - [STDERR_REDIRECT] 
2025-08-26 07:07:58,942 [ERROR] LogOutputStream:75 - [STDERR_REDIRECT] [Fatal Error] :1:1: Premature end of file.
2025-08-26 07:07:58,942 [ERROR] LogOutputStream:75 - [STDERR_REDIRECT] 
2025-08-26 07:07:59,943 [ERROR] LogOutputStream:75 - [STDERR_REDIRECT] [Fatal Error] :1:1: Premature end of file.
2025-08-26 07:07:59,943 [ERROR] LogOutputStream:75 - [STDERR_REDIRECT] 
2025-08-26 07:08:00,936 [ERROR] LogOutputStream:75 - [STDERR_REDIRECT] [Fatal Error] :1:1: Premature end of file.
2025-08-26 07:08:00,936 [ERROR] LogOutputStream:75 - [STDERR_REDIRECT] 
2025-08-26 07:08:01,932 [ERROR] LogOutputStream:75 - [STDERR_REDIRECT] [Fatal Error] :1:1: Premature end of file.
2025-08-26 07:08:01,932 [ERROR] LogOutputStream:75 - [STDERR_REDIRECT] 
2025-08-26 07:08:02,933 [ERROR] LogOutputStream:75 - [STDERR_REDIRECT] [Fatal Error] :1:1: Premature end of file.
2025-08-26 07:08:02,933 [ERROR] LogOutputStream:75 - [STDERR_REDIRECT] 
2025-08-26 07:08:03,944 [ERROR] LogOutputStream:75 - [STDERR_REDIRECT] [Fatal Error] :1:1: Premature end of file.
2025-08-26 07:08:03,944 [ERROR] LogOutputStream:75 - [STDERR_REDIRECT] 
2025-08-26 07:08:04,946 [ERROR] LogOutputStream:75 - [STDERR_REDIRECT] [Fatal Error] :1:1: Premature end of file.
2025-08-26 07:08:04,946 [ERROR] LogOutputStream:75 - [STDERR_REDIRECT] 
2025-08-26 07:08:05,933 [ERROR] LogOutputStream:75 - [STDERR_REDIRECT] [Fatal Error] :1:1: Premature end of file.
2025-08-26 07:08:05,933 [ERROR] LogOutputStream:75 - [STDERR_REDIRECT] 
2025-08-26 07:08:06,945 [ERROR] LogOutputStream:75 - [STDERR_REDIRECT] [Fatal Error] :1:1: Premature end of file.
2025-08-26 07:08:06,945 [ERROR] LogOutputStream:75 - [STDERR_REDIRECT] 
2025-08-26 07:08:07,942 [ERROR] LogOutputStream:75 - [STDERR_REDIRECT] [Fatal Error] :1:1: Premature end of file.
2025-08-26 07:08:07,942 [ERROR] LogOutputStream:75 - [STDERR_REDIRECT] 
2025-08-26 07:08:08,929 [ERROR] LogOutputStream:75 - [STDERR_REDIRECT] [Fatal Error] :1:1: Premature end of file.
2025-08-26 07:08:08,929 [ERROR] LogOutputStream:75 - [STDERR_REDIRECT] 
2025-08-26 07:08:09,941 [ERROR] LogOutputStream:75 - [STDERR_REDIRECT] [Fatal Error] :1:1: Premature end of file.
2025-08-26 07:08:09,941 [ERROR] LogOutputStream:75 - [STDERR_REDIRECT] 
2025-08-26 07:08:10,932 [ERROR] LogOutputStream:75 - [STDERR_REDIRECT] [Fatal Error] :1:1: Premature end of file.
2025-08-26 07:08:10,932 [ERROR] LogOutputStream:75 - [STDERR_REDIRECT] 
2025-08-26 07:08:11,946 [ERROR] LogOutputStream:75 - [STDERR_REDIRECT] [Fatal Error] :1:1: Premature end of file.
2025-08-26 07:08:11,946 [ERROR] LogOutputStream:75 - [STDERR_REDIRECT] 
2025-08-26 07:08:12,942 [ERROR] LogOutputStream:75 - [STDERR_REDIRECT] [Fatal Error] :1:1: Premature end of file.
2025-08-26 07:08:12,942 [ERROR] LogOutputStream:75 - [STDERR_REDIRECT] 
2025-08-26 07:08:13,941 [ERROR] LogOutputStream:75 - [STDERR_REDIRECT] [Fatal Error] :1:1: Premature end of file.
2025-08-26 07:08:13,942 [ERROR] LogOutputStream:75 - [STDERR_REDIRECT] 
2025-08-26 07:08:14,945 [ERROR] LogOutputStream:75 - [STDERR_REDIRECT] [Fatal Error] :1:1: Premature end of file.
2025-08-26 07:08:14,945 [ERROR] LogOutputStream:75 - [STDERR_REDIRECT] 
2025-08-26 07:08:15,940 [ERROR] LogOutputStream:75 - [STDERR_REDIRECT] [Fatal Error] :1:1: Premature end of file.
2025-08-26 07:08:15,940 [ERROR] LogOutputStream:75 - [STDERR_REDIRECT] 
2025-08-26 07:08:16,945 [ERROR] LogOutputStream:75 - [STDERR_REDIRECT] [Fatal Error] :1:1: Premature end of file.
2025-08-26 07:08:16,945 [ERROR] LogOutputStream:75 - [STDERR_REDIRECT] 
2025-08-26 07:08:17,946 [ERROR] LogOutputStream:75 - [STDERR_REDIRECT] [Fatal Error] :1:1: Premature end of file.
2025-08-26 07:08:17,946 [ERROR] LogOutputStream:75 - [STDERR_REDIRECT] 
2025-08-26 07:08:18,943 [ERROR] LogOutputStream:75 - [STDERR_REDIRECT] [Fatal Error] :1:1: Premature end of file.
2025-08-26 07:08:18,943 [ERROR] LogOutputStream:75 - [STDERR_REDIRECT] 
2025-08-26 07:08:19,943 [ERROR] LogOutputStream:75 - [STDERR_REDIRECT] [Fatal Error] :1:1: Premature end of file.
2025-08-26 07:08:19,943 [ERROR] LogOutputStream:75 - [STDERR_REDIRECT] 
2025-08-26 07:08:20,951 [ERROR] LogOutputStream:75 - [STDERR_REDIRECT] [Fatal Error] :1:1: Premature end of file.
2025-08-26 07:08:20,951 [ERROR] LogOutputStream:75 - [STDERR_REDIRECT] 
2025-08-26 07:08:21,940 [ERROR] LogOutputStream:75 - [STDERR_REDIRECT] [Fatal Error] :1:1: Premature end of file.
2025-08-26 07:08:21,940 [ERROR] LogOutputStream:75 - [STDERR_REDIRECT] 
2025-08-26 07:08:22,944 [ERROR] LogOutputStream:75 - [STDERR_REDIRECT] [Fatal Error] :1:1: Premature end of file.
2025-08-26 07:08:22,944 [ERROR] LogOutputStream:75 - [STDERR_REDIRECT] 
2025-08-26 07:08:23,938 [ERROR] LogOutputStream:75 - [STDERR_REDIRECT] [Fatal Error] :1:1: Premature end of file.
2025-08-26 07:08:23,938 [ERROR] LogOutputStream:75 - [STDERR_REDIRECT] 
2025-08-26 07:08:24,945 [ERROR] LogOutputStream:75 - [STDERR_REDIRECT] [Fatal Error] :1:1: Premature end of file.
2025-08-26 07:08:24,945 [ERROR] LogOutputStream:75 - [STDERR_REDIRECT] 
2025-08-26 07:08:25,942 [ERROR] LogOutputStream:75 - [STDERR_REDIRECT] [Fatal Error] :1:1: Premature end of file.
2025-08-26 07:08:25,942 [ERROR] LogOutputStream:75 - [STDERR_REDIRECT] 
2025-08-26 07:08:26,943 [ERROR] LogOutputStream:75 - [STDERR_REDIRECT] [Fatal Error] :1:1: Premature end of file.
2025-08-26 07:08:26,943 [ERROR] LogOutputStream:75 - [STDERR_REDIRECT] 
2025-08-26 07:08:27,940 [ERROR] LogOutputStream:75 - [STDERR_REDIRECT] [Fatal Error] :1:1: Premature end of file.
2025-08-26 07:08:27,940 [ERROR] LogOutputStream:75 - [STDERR_REDIRECT] 
2025-08-26 07:08:28,945 [ERROR] LogOutputStream:75 - [STDERR_REDIRECT] [Fatal Error] :1:1: Premature end of file.
2025-08-26 07:08:28,945 [ERROR] LogOutputStream:75 - [STDERR_REDIRECT] 
2025-08-26 07:08:29,944 [ERROR] LogOutputStream:75 - [STDERR_REDIRECT] [Fatal Error] :1:1: Premature end of file.
2025-08-26 07:08:29,944 [ERROR] LogOutputStream:75 - [STDERR_REDIRECT] 
2025-08-26 07:08:30,943 [ERROR] LogOutputStream:75 - [STDERR_REDIRECT] [Fatal Error] :1:1: Premature end of file.
2025-08-26 07:08:30,944 [ERROR] LogOutputStream:75 - [STDERR_REDIRECT] 
2025-08-26 07:08:31,940 [ERROR] LogOutputStream:75 - [STDERR_REDIRECT] [Fatal Error] :1:1: Premature end of file.
2025-08-26 07:08:31,940 [ERROR] LogOutputStream:75 - [STDERR_REDIRECT] 
2025-08-26 07:08:32,944 [ERROR] LogOutputStream:75 - [STDERR_REDIRECT] [Fatal Error] :1:1: Premature end of file.
2025-08-26 07:08:32,944 [ERROR] LogOutputStream:75 - [STDERR_REDIRECT] 
2025-08-26 07:08:33,946 [ERROR] LogOutputStream:75 - [STDERR_REDIRECT] [Fatal Error] :1:1: Premature end of file.
2025-08-26 07:08:33,946 [ERROR] LogOutputStream:75 - [STDERR_REDIRECT] 
2025-08-26 07:08:34,942 [ERROR] LogOutputStream:75 - [STDERR_REDIRECT] [Fatal Error] :1:1: Premature end of file.
2025-08-26 07:08:34,942 [ERROR] LogOutputStream:75 - [STDERR_REDIRECT] 
2025-08-26 07:08:35,950 [ERROR] LogOutputStream:75 - [STDERR_REDIRECT] [Fatal Error] :1:1: Premature end of file.
2025-08-26 07:08:35,950 [ERROR] LogOutputStream:75 - [STDERR_REDIRECT] 
2025-08-26 07:08:36,944 [ERROR] LogOutputStream:75 - [STDERR_REDIRECT] [Fatal Error] :1:1: Premature end of file.
2025-08-26 07:08:36,944 [ERROR] LogOutputStream:75 - [STDERR_REDIRECT] 
2025-08-26 07:08:37,940 [ERROR] LogOutputStream:75 - [STDERR_REDIRECT] [Fatal Error] :1:1: Premature end of file.
2025-08-26 07:08:37,963 [ERROR] LogOutputStream:75 - [STDERR_REDIRECT] 
2025-08-26 07:08:38,949 [ERROR] LogOutputStream:75 - [STDERR_REDIRECT] [Fatal Error] :1:1: Premature end of file.
2025-08-26 07:08:38,950 [ERROR] LogOutputStream:75 - [STDERR_REDIRECT] 
2025-08-26 07:08:39,946 [ERROR] LogOutputStream:75 - [STDERR_REDIRECT] [Fatal Error] :1:1: Premature end of file.
2025-08-26 07:08:39,946 [ERROR] LogOutputStream:75 - [STDERR_REDIRECT] 
2025-08-26 07:08:40,943 [ERROR] LogOutputStream:75 - [STDERR_REDIRECT] [Fatal Error] :1:1: Premature end of file.
2025-08-26 07:08:40,943 [ERROR] LogOutputStream:75 - [STDERR_REDIRECT] 
2025-08-26 07:08:41,943 [ERROR] LogOutputStream:75 - [STDERR_REDIRECT] [Fatal Error] :1:1: Premature end of file.
2025-08-26 07:08:41,943 [ERROR] LogOutputStream:75 - [STDERR_REDIRECT] 
2025-08-26 07:08:42,944 [ERROR] LogOutputStream:75 - [STDERR_REDIRECT] [Fatal Error] :1:1: Premature end of file.
2025-08-26 07:08:42,944 [ERROR] LogOutputStream:75 - [STDERR_REDIRECT] 
2025-08-26 07:08:43,945 [ERROR] LogOutputStream:75 - [STDERR_REDIRECT] [Fatal Error] :1:1: Premature end of file.
2025-08-26 07:08:43,946 [ERROR] LogOutputStream:75 - [STDERR_REDIRECT] 
2025-08-26 07:08:44,940 [ERROR] LogOutputStream:75 - [STDERR_REDIRECT] [Fatal Error] :1:1: Premature end of file.
2025-08-26 07:08:44,940 [ERROR] LogOutputStream:75 - [STDERR_REDIRECT] 
2025-08-26 07:08:45,942 [ERROR] LogOutputStream:75 - [STDERR_REDIRECT] [Fatal Error] :1:1: Premature end of file.
2025-08-26 07:08:45,942 [ERROR] LogOutputStream:75 - [STDERR_REDIRECT] 
2025-08-26 07:08:46,940 [ERROR] LogOutputStream:75 - [STDERR_REDIRECT] [Fatal Error] :1:1: Premature end of file.
2025-08-26 07:08:46,940 [ERROR] LogOutputStream:75 - [STDERR_REDIRECT] 
2025-08-26 07:08:47,943 [ERROR] LogOutputStream:75 - [STDERR_REDIRECT] [Fatal Error] :1:1: Premature end of file.
2025-08-26 07:08:47,943 [ERROR] LogOutputStream:75 - [STDERR_REDIRECT] 
2025-08-26 07:08:48,951 [ERROR] LogOutputStream:75 - [STDERR_REDIRECT] [Fatal Error] :1:1: Premature end of file.
2025-08-26 07:08:48,951 [ERROR] LogOutputStream:75 - [STDERR_REDIRECT] 
2025-08-26 07:08:49,941 [ERROR] LogOutputStream:75 - [STDERR_REDIRECT] [Fatal Error] :1:1: Premature end of file.
2025-08-26 07:08:49,941 [ERROR] LogOutputStream:75 - [STDERR_REDIRECT] 
2025-08-26 07:08:50,942 [ERROR] LogOutputStream:75 - [STDERR_REDIRECT] [Fatal Error] :1:1: Premature end of file.
2025-08-26 07:08:50,943 [ERROR] LogOutputStream:75 - [STDERR_REDIRECT] 
2025-08-26 07:08:51,944 [ERROR] LogOutputStream:75 - [STDERR_REDIRECT] [Fatal Error] :1:1: Premature end of file.
2025-08-26 07:08:51,944 [ERROR] LogOutputStream:75 - [STDERR_REDIRECT] 
2025-08-26 07:08:52,941 [ERROR] LogOutputStream:75 - [STDERR_REDIRECT] [Fatal Error] :1:1: Premature end of file.
2025-08-26 07:08:52,943 [ERROR] LogOutputStream:75 - [STDERR_REDIRECT] 
2025-08-26 07:08:53,942 [ERROR] LogOutputStream:75 - [STDERR_REDIRECT] [Fatal Error] :1:1: Premature end of file.
2025-08-26 07:08:53,942 [ERROR] LogOutputStream:75 - [STDERR_REDIRECT] 
2025-08-26 07:08:54,942 [ERROR] LogOutputStream:75 - [STDERR_REDIRECT] [Fatal Error] :1:1: Premature end of file.
2025-08-26 07:08:54,942 [ERROR] LogOutputStream:75 - [STDERR_REDIRECT] 
2025-08-26 07:08:55,934 [ERROR] LogOutputStream:75 - [STDERR_REDIRECT] [Fatal Error] :1:1: Premature end of file.
2025-08-26 07:08:55,934 [ERROR] LogOutputStream:75 - [STDERR_REDIRECT] 
2025-08-26 07:08:56,946 [ERROR] LogOutputStream:75 - [STDERR_REDIRECT] [Fatal Error] :1:1: Premature end of file.
2025-08-26 07:08:56,946 [ERROR] LogOutputStream:75 - [STDERR_REDIRECT] 
2025-08-26 07:08:57,931 [ERROR] LogOutputStream:75 - [STDERR_REDIRECT] [Fatal Error] :1:1: Premature end of file.
2025-08-26 07:08:57,931 [ERROR] LogOutputStream:75 - [STDERR_REDIRECT] 
2025-08-26 07:08:58,936 [ERROR] LogOutputStream:75 - [STDERR_REDIRECT] [Fatal Error] :1:1: Premature end of file.
2025-08-26 07:08:58,936 [ERROR] LogOutputStream:75 - [STDERR_REDIRECT] 
2025-08-26 07:08:59,929 [ERROR] LogOutputStream:75 - [STDERR_REDIRECT] [Fatal Error] :1:1: Premature end of file.
2025-08-26 07:08:59,929 [ERROR] LogOutputStream:75 - [STDERR_REDIRECT] 
2025-08-26 07:09:00,948 [ERROR] LogOutputStream:75 - [STDERR_REDIRECT] [Fatal Error] :1:1: Premature end of file.
2025-08-26 07:09:00,948 [ERROR] LogOutputStream:75 - [STDERR_REDIRECT] 
2025-08-26 07:09:01,946 [ERROR] LogOutputStream:75 - [STDERR_REDIRECT] [Fatal Error] :1:1: Premature end of file.
2025-08-26 07:09:01,946 [ERROR] LogOutputStream:75 - [STDERR_REDIRECT] 
2025-08-26 07:09:02,939 [ERROR] LogOutputStream:75 - [STDERR_REDIRECT] [Fatal Error] :1:1: Premature end of file.
2025-08-26 07:09:02,939 [ERROR] LogOutputStream:75 - [STDERR_REDIRECT] 
2025-08-26 07:09:03,955 [ERROR] LogOutputStream:75 - [STDERR_REDIRECT] [Fatal Error] :1:1: Premature end of file.
2025-08-26 07:09:03,955 [ERROR] LogOutputStream:75 - [STDERR_REDIRECT] 
2025-08-26 07:09:04,944 [ERROR] LogOutputStream:75 - [STDERR_REDIRECT] [Fatal Error] :1:1: Premature end of file.
2025-08-26 07:09:04,944 [ERROR] LogOutputStream:75 - [STDERR_REDIRECT] 
2025-08-26 07:09:05,941 [ERROR] LogOutputStream:75 - [STDERR_REDIRECT] [Fatal Error] :1:1: Premature end of file.
2025-08-26 07:09:05,941 [ERROR] LogOutputStream:75 - [STDERR_REDIRECT] 
2025-08-26 07:09:06,948 [ERROR] LogOutputStream:75 - [STDERR_REDIRECT] [Fatal Error] :1:1: Premature end of file.
2025-08-26 07:09:06,948 [ERROR] LogOutputStream:75 - [STDERR_REDIRECT] 
2025-08-26 07:09:07,943 [ERROR] LogOutputStream:75 - [STDERR_REDIRECT] [Fatal Error] :1:1: Premature end of file.
2025-08-26 07:09:07,943 [ERROR] LogOutputStream:75 - [STDERR_REDIRECT] 
2025-08-26 07:09:08,951 [ERROR] LogOutputStream:75 - [STDERR_REDIRECT] [Fatal Error] :1:1: Premature end of file.
2025-08-26 07:09:08,951 [ERROR] LogOutputStream:75 - [STDERR_REDIRECT] 
2025-08-26 07:09:09,940 [ERROR] LogOutputStream:75 - [STDERR_REDIRECT] [Fatal Error] :1:1: Premature end of file.
2025-08-26 07:09:09,940 [ERROR] LogOutputStream:75 - [STDERR_REDIRECT] 
2025-08-26 07:09:10,943 [ERROR] LogOutputStream:75 - [STDERR_REDIRECT] [Fatal Error] :1:1: Premature end of file.
2025-08-26 07:09:10,943 [ERROR] LogOutputStream:75 - [STDERR_REDIRECT] 
2025-08-26 07:09:11,950 [ERROR] LogOutputStream:75 - [STDERR_REDIRECT] [Fatal Error] :1:1: Premature end of file.
2025-08-26 07:09:11,950 [ERROR] LogOutputStream:75 - [STDERR_REDIRECT] 
2025-08-26 07:09:12,956 [ERROR] LogOutputStream:75 - [STDERR_REDIRECT] [Fatal Error] :1:1: Premature end of file.
2025-08-26 07:09:12,957 [ERROR] LogOutputStream:75 - [STDERR_REDIRECT] 
2025-08-26 07:09:13,948 [ERROR] LogOutputStream:75 - [STDERR_REDIRECT] [Fatal Error] :1:1: Premature end of file.
2025-08-26 07:09:13,948 [ERROR] LogOutputStream:75 - [STDERR_REDIRECT] 
2025-08-26 07:09:14,937 [ERROR] LogOutputStream:75 - [STDERR_REDIRECT] [Fatal Error] :1:1: Premature end of file.
2025-08-26 07:09:14,937 [ERROR] LogOutputStream:75 - [STDERR_REDIRECT] 
2025-08-26 07:09:15,938 [ERROR] LogOutputStream:75 - [STDERR_REDIRECT] [Fatal Error] :1:1: Premature end of file.
2025-08-26 07:09:15,938 [ERROR] LogOutputStream:75 - [STDERR_REDIRECT] 
2025-08-26 07:09:16,952 [ERROR] LogOutputStream:75 - [STDERR_REDIRECT] [Fatal Error] :1:1: Premature end of file.
2025-08-26 07:09:16,953 [ERROR] LogOutputStream:75 - [STDERR_REDIRECT] 
2025-08-26 07:09:17,931 [ERROR] LogOutputStream:75 - [STDERR_REDIRECT] [Fatal Error] :1:1: Premature end of file.
2025-08-26 07:09:17,931 [ERROR] LogOutputStream:75 - [STDERR_REDIRECT] 
2025-08-26 07:09:18,933 [ERROR] LogOutputStream:75 - [STDERR_REDIRECT] [Fatal Error] :1:1: Premature end of file.
2025-08-26 07:09:18,933 [ERROR] LogOutputStream:75 - [STDERR_REDIRECT] 
2025-08-26 07:09:19,946 [ERROR] LogOutputStream:75 - [STDERR_REDIRECT] [Fatal Error] :1:1: Premature end of file.
2025-08-26 07:09:19,946 [ERROR] LogOutputStream:75 - [STDERR_REDIRECT] 
2025-08-26 07:09:20,949 [ERROR] LogOutputStream:75 - [STDERR_REDIRECT] [Fatal Error] :1:1: Premature end of file.
2025-08-26 07:09:20,949 [ERROR] LogOutputStream:75 - [STDERR_REDIRECT] 
2025-08-26 07:09:21,953 [ERROR] LogOutputStream:75 - [STDERR_REDIRECT] [Fatal Error] :1:1: Premature end of file.
2025-08-26 07:09:21,955 [ERROR] LogOutputStream:75 - [STDERR_REDIRECT] 
2025-08-26 07:09:22,957 [ERROR] LogOutputStream:75 - [STDERR_REDIRECT] [Fatal Error] :1:1: Premature end of file.
2025-08-26 07:09:22,957 [ERROR] LogOutputStream:75 - [STDERR_REDIRECT] 
2025-08-26 07:09:23,941 [ERROR] LogOutputStream:75 - [STDERR_REDIRECT] [Fatal Error] :1:1: Premature end of file.
2025-08-26 07:09:23,941 [ERROR] LogOutputStream:75 - [STDERR_REDIRECT] 
2025-08-26 07:09:24,943 [ERROR] LogOutputStream:75 - [STDERR_REDIRECT] [Fatal Error] :1:1: Premature end of file.
2025-08-26 07:09:24,943 [ERROR] LogOutputStream:75 - [STDERR_REDIRECT] 
2025-08-26 07:09:25,934 [ERROR] LogOutputStream:75 - [STDERR_REDIRECT] [Fatal Error] :1:1: Premature end of file.
2025-08-26 07:09:25,934 [ERROR] LogOutputStream:75 - [STDERR_REDIRECT] 
2025-08-26 07:09:26,944 [ERROR] LogOutputStream:75 - [STDERR_REDIRECT] [Fatal Error] :1:1: Premature end of file.
2025-08-26 07:09:26,944 [ERROR] LogOutputStream:75 - [STDERR_REDIRECT] 
2025-08-26 07:09:27,950 [ERROR] LogOutputStream:75 - [STDERR_REDIRECT] [Fatal Error] :1:1: Premature end of file.
2025-08-26 07:09:27,950 [ERROR] LogOutputStream:75 - [STDERR_REDIRECT] 
2025-08-26 07:09:28,941 [ERROR] LogOutputStream:75 - [STDERR_REDIRECT] [Fatal Error] :1:1: Premature end of file.
2025-08-26 07:09:28,941 [ERROR] LogOutputStream:75 - [STDERR_REDIRECT] 
2025-08-26 07:09:29,941 [ERROR] LogOutputStream:75 - [STDERR_REDIRECT] [Fatal Error] :1:1: Premature end of file.
2025-08-26 07:09:29,941 [ERROR] LogOutputStream:75 - [STDERR_REDIRECT] 
2025-08-26 07:09:30,940 [ERROR] LogOutputStream:75 - [STDERR_REDIRECT] [Fatal Error] :1:1: Premature end of file.
2025-08-26 07:09:30,940 [ERROR] LogOutputStream:75 - [STDERR_REDIRECT] 
2025-08-26 07:09:31,955 [ERROR] LogOutputStream:75 - [STDERR_REDIRECT] [Fatal Error] :1:1: Premature end of file.
2025-08-26 07:09:31,955 [ERROR] LogOutputStream:75 - [STDERR_REDIRECT] 
2025-08-26 07:09:32,941 [ERROR] LogOutputStream:75 - [STDERR_REDIRECT] [Fatal Error] :1:1: Premature end of file.
2025-08-26 07:09:32,941 [ERROR] LogOutputStream:75 - [STDERR_REDIRECT] 
2025-08-26 07:09:33,936 [ERROR] LogOutputStream:75 - [STDERR_REDIRECT] [Fatal Error] :1:1: Premature end of file.
2025-08-26 07:09:33,936 [ERROR] LogOutputStream:75 - [STDERR_REDIRECT] 
2025-08-26 07:09:34,939 [ERROR] LogOutputStream:75 - [STDERR_REDIRECT] [Fatal Error] :1:1: Premature end of file.
2025-08-26 07:09:34,939 [ERROR] LogOutputStream:75 - [STDERR_REDIRECT] 
2025-08-26 07:09:35,937 [ERROR] LogOutputStream:75 - [STDERR_REDIRECT] [Fatal Error] :1:1: Premature end of file.
2025-08-26 07:09:35,937 [ERROR] LogOutputStream:75 - [STDERR_REDIRECT] 
2025-08-26 07:09:36,934 [ERROR] LogOutputStream:75 - [STDERR_REDIRECT] [Fatal Error] :1:1: Premature end of file.
2025-08-26 07:09:36,934 [ERROR] LogOutputStream:75 - [STDERR_REDIRECT] 
2025-08-26 07:09:37,938 [ERROR] LogOutputStream:75 - [STDERR_REDIRECT] [Fatal Error] :1:1: Premature end of file.
2025-08-26 07:09:37,938 [ERROR] LogOutputStream:75 - [STDERR_REDIRECT] 
2025-08-26 07:09:38,943 [ERROR] LogOutputStream:75 - [STDERR_REDIRECT] [Fatal Error] :1:1: Premature end of file.
2025-08-26 07:09:38,943 [ERROR] LogOutputStream:75 - [STDERR_REDIRECT] 
2025-08-26 07:09:39,952 [ERROR] LogOutputStream:75 - [STDERR_REDIRECT] [Fatal Error] :1:1: Premature end of file.
2025-08-26 07:09:39,952 [ERROR] LogOutputStream:75 - [STDERR_REDIRECT] 
2025-08-26 07:09:40,953 [ERROR] LogOutputStream:75 - [STDERR_REDIRECT] [Fatal Error] :1:1: Premature end of file.
2025-08-26 07:09:40,953 [ERROR] LogOutputStream:75 - [STDERR_REDIRECT] 
2025-08-26 07:09:41,948 [ERROR] LogOutputStream:75 - [STDERR_REDIRECT] [Fatal Error] :1:1: Premature end of file.
2025-08-26 07:09:41,949 [ERROR] LogOutputStream:75 - [STDERR_REDIRECT] 
2025-08-26 07:09:42,953 [ERROR] LogOutputStream:75 - [STDERR_REDIRECT] [Fatal Error] :1:1: Premature end of file.
2025-08-26 07:09:42,954 [ERROR] LogOutputStream:75 - [STDERR_REDIRECT] 
2025-08-26 07:09:43,946 [ERROR] LogOutputStream:75 - [STDERR_REDIRECT] [Fatal Error] :1:1: Premature end of file.
2025-08-26 07:09:43,946 [ERROR] LogOutputStream:75 - [STDERR_REDIRECT] 
2025-08-26 07:09:44,951 [ERROR] LogOutputStream:75 - [STDERR_REDIRECT] [Fatal Error] :1:1: Premature end of file.
2025-08-26 07:09:44,951 [ERROR] LogOutputStream:75 - [STDERR_REDIRECT] 
2025-08-26 07:09:45,958 [ERROR] LogOutputStream:75 - [STDERR_REDIRECT] [Fatal Error] :1:1: Premature end of file.
2025-08-26 07:09:45,958 [ERROR] LogOutputStream:75 - [STDERR_REDIRECT] 
2025-08-26 07:09:46,943 [ERROR] LogOutputStream:75 - [STDERR_REDIRECT] [Fatal Error] :1:1: Premature end of file.
2025-08-26 07:09:46,943 [ERROR] LogOutputStream:75 - [STDERR_REDIRECT] 
2025-08-26 07:09:47,945 [ERROR] LogOutputStream:75 - [STDERR_REDIRECT] [Fatal Error] :1:1: Premature end of file.
2025-08-26 07:09:47,945 [ERROR] LogOutputStream:75 - [STDERR_REDIRECT] 
2025-08-26 07:09:48,964 [ERROR] LogOutputStream:75 - [STDERR_REDIRECT] [Fatal Error] :1:1: Premature end of file.
2025-08-26 07:09:48,964 [ERROR] LogOutputStream:75 - [STDERR_REDIRECT] 
2025-08-26 07:09:49,954 [ERROR] LogOutputStream:75 - [STDERR_REDIRECT] [Fatal Error] :1:1: Premature end of file.
2025-08-26 07:09:49,955 [ERROR] LogOutputStream:75 - [STDERR_REDIRECT] 
2025-08-26 07:09:50,943 [ERROR] LogOutputStream:75 - [STDERR_REDIRECT] [Fatal Error] :1:1: Premature end of file.
2025-08-26 07:09:50,944 [ERROR] LogOutputStream:75 - [STDERR_REDIRECT] 
2025-08-26 07:09:51,948 [ERROR] LogOutputStream:75 - [STDERR_REDIRECT] [Fatal Error] :1:1: Premature end of file.
2025-08-26 07:09:51,948 [ERROR] LogOutputStream:75 - [STDERR_REDIRECT] 
2025-08-26 07:09:52,940 [ERROR] LogOutputStream:75 - [STDERR_REDIRECT] [Fatal Error] :1:1: Premature end of file.
2025-08-26 07:09:52,940 [ERROR] LogOutputStream:75 - [STDERR_REDIRECT] 
2025-08-26 07:09:53,932 [ERROR] LogOutputStream:75 - [STDERR_REDIRECT] [Fatal Error] :1:1: Premature end of file.
2025-08-26 07:09:53,932 [ERROR] LogOutputStream:75 - [STDERR_REDIRECT] 
2025-08-26 07:09:54,974 [ERROR] LogOutputStream:75 - [STDERR_REDIRECT] [Fatal Error] :1:1: Premature end of file.
2025-08-26 07:09:54,976 [ERROR] LogOutputStream:75 - [STDERR_REDIRECT] 
2025-08-26 07:09:55,943 [ERROR] LogOutputStream:75 - [STDERR_REDIRECT] [Fatal Error] :1:1: Premature end of file.
2025-08-26 07:09:55,943 [ERROR] LogOutputStream:75 - [STDERR_REDIRECT] 
2025-08-26 07:09:56,932 [ERROR] LogOutputStream:75 - [STDERR_REDIRECT] [Fatal Error] :1:1: Premature end of file.
2025-08-26 07:09:56,932 [ERROR] LogOutputStream:75 - [STDERR_REDIRECT] 
2025-08-26 07:09:57,946 [ERROR] LogOutputStream:75 - [STDERR_REDIRECT] [Fatal Error] :1:1: Premature end of file.
2025-08-26 07:09:57,946 [ERROR] LogOutputStream:75 - [STDERR_REDIRECT] 
2025-08-26 07:09:58,938 [ERROR] LogOutputStream:75 - [STDERR_REDIRECT] [Fatal Error] :1:1: Premature end of file.
2025-08-26 07:09:58,938 [ERROR] LogOutputStream:75 - [STDERR_REDIRECT] 
2025-08-26 07:09:59,944 [ERROR] LogOutputStream:75 - [STDERR_REDIRECT] [Fatal Error] :1:1: Premature end of file.
2025-08-26 07:09:59,944 [ERROR] LogOutputStream:75 - [STDERR_REDIRECT] 
2025-08-26 07:10:00,939 [ERROR] LogOutputStream:75 - [STDERR_REDIRECT] [Fatal Error] :1:1: Premature end of file.
2025-08-26 07:10:00,939 [ERROR] LogOutputStream:75 - [STDERR_REDIRECT] 
2025-08-26 07:10:01,946 [ERROR] LogOutputStream:75 - [STDERR_REDIRECT] [Fatal Error] :1:1: Premature end of file.
2025-08-26 07:10:01,946 [ERROR] LogOutputStream:75 - [STDERR_REDIRECT] 
2025-08-26 07:10:02,939 [ERROR] LogOutputStream:75 - [STDERR_REDIRECT] [Fatal Error] :1:1: Premature end of file.
2025-08-26 07:10:02,939 [ERROR] LogOutputStream:75 - [STDERR_REDIRECT] 
2025-08-26 07:10:03,948 [ERROR] LogOutputStream:75 - [STDERR_REDIRECT] [Fatal Error] :1:1: Premature end of file.
2025-08-26 07:10:03,948 [ERROR] LogOutputStream:75 - [STDERR_REDIRECT] 
2025-08-26 07:10:04,948 [ERROR] LogOutputStream:75 - [STDERR_REDIRECT] [Fatal Error] :1:1: Premature end of file.
2025-08-26 07:10:04,949 [ERROR] LogOutputStream:75 - [STDERR_REDIRECT] 
2025-08-26 07:10:05,955 [ERROR] LogOutputStream:75 - [STDERR_REDIRECT] [Fatal Error] :1:1: Premature end of file.
2025-08-26 07:10:05,955 [ERROR] LogOutputStream:75 - [STDERR_REDIRECT] 
2025-08-26 07:10:06,953 [ERROR] LogOutputStream:75 - [STDERR_REDIRECT] [Fatal Error] :1:1: Premature end of file.
2025-08-26 07:10:06,953 [ERROR] LogOutputStream:75 - [STDERR_REDIRECT] 
2025-08-26 07:10:07,939 [ERROR] LogOutputStream:75 - [STDERR_REDIRECT] [Fatal Error] :1:1: Premature end of file.
2025-08-26 07:10:07,939 [ERROR] LogOutputStream:75 - [STDERR_REDIRECT] 
2025-08-26 07:10:08,945 [ERROR] LogOutputStream:75 - [STDERR_REDIRECT] [Fatal Error] :1:1: Premature end of file.
2025-08-26 07:10:08,945 [ERROR] LogOutputStream:75 - [STDERR_REDIRECT] 
2025-08-26 07:10:09,937 [ERROR] LogOutputStream:75 - [STDERR_REDIRECT] [Fatal Error] :1:1: Premature end of file.
2025-08-26 07:10:09,937 [ERROR] LogOutputStream:75 - [STDERR_REDIRECT] 
2025-08-26 07:10:10,939 [ERROR] LogOutputStream:75 - [STDERR_REDIRECT] [Fatal Error] :1:1: Premature end of file.
2025-08-26 07:10:10,940 [ERROR] LogOutputStream:75 - [STDERR_REDIRECT] 
2025-08-26 07:10:11,947 [ERROR] LogOutputStream:75 - [STDERR_REDIRECT] [Fatal Error] :1:1: Premature end of file.
2025-08-26 07:10:11,947 [ERROR] LogOutputStream:75 - [STDERR_REDIRECT] 
2025-08-26 07:10:12,949 [ERROR] LogOutputStream:75 - [STDERR_REDIRECT] [Fatal Error] :1:1: Premature end of file.
2025-08-26 07:10:12,949 [ERROR] LogOutputStream:75 - [STDERR_REDIRECT] 
2025-08-26 07:10:13,950 [ERROR] LogOutputStream:75 - [STDERR_REDIRECT] [Fatal Error] :1:1: Premature end of file.
2025-08-26 07:10:13,950 [ERROR] LogOutputStream:75 - [STDERR_REDIRECT] 
2025-08-26 07:10:14,934 [ERROR] LogOutputStream:75 - [STDERR_REDIRECT] [Fatal Error] :1:1: Premature end of file.
2025-08-26 07:10:14,935 [ERROR] LogOutputStream:75 - [STDERR_REDIRECT] 
2025-08-26 07:10:15,938 [ERROR] LogOutputStream:75 - [STDERR_REDIRECT] [Fatal Error] :1:1: Premature end of file.
2025-08-26 07:10:15,938 [ERROR] LogOutputStream:75 - [STDERR_REDIRECT] 
2025-08-26 07:10:16,940 [ERROR] LogOutputStream:75 - [STDERR_REDIRECT] [Fatal Error] :1:1: Premature end of file.
2025-08-26 07:10:16,940 [ERROR] LogOutputStream:75 - [STDERR_REDIRECT] 
2025-08-26 07:10:17,938 [ERROR] LogOutputStream:75 - [STDERR_REDIRECT] [Fatal Error] :1:1: Premature end of file.
2025-08-26 07:10:17,938 [ERROR] LogOutputStream:75 - [STDERR_REDIRECT] 
2025-08-26 07:10:18,948 [ERROR] LogOutputStream:75 - [STDERR_REDIRECT] [Fatal Error] :1:1: Premature end of file.
2025-08-26 07:10:18,948 [ERROR] LogOutputStream:75 - [STDERR_REDIRECT] 
2025-08-26 07:10:19,939 [ERROR] LogOutputStream:75 - [STDERR_REDIRECT] [Fatal Error] :1:1: Premature end of file.
2025-08-26 07:10:19,939 [ERROR] LogOutputStream:75 - [STDERR_REDIRECT] 
2025-08-26 07:10:20,978 [ERROR] LogOutputStream:75 - [STDERR_REDIRECT] [Fatal Error] :1:1: Premature end of file.
2025-08-26 07:10:20,978 [ERROR] LogOutputStream:75 - [STDERR_REDIRECT] 
2025-08-26 07:10:21,948 [ERROR] LogOutputStream:75 - [STDERR_REDIRECT] [Fatal Error] :1:1: Premature end of file.
2025-08-26 07:10:21,948 [ERROR] LogOutputStream:75 - [STDERR_REDIRECT] 
2025-08-26 07:10:22,940 [ERROR] LogOutputStream:75 - [STDERR_REDIRECT] [Fatal Error] :1:1: Premature end of file.
2025-08-26 07:10:22,940 [ERROR] LogOutputStream:75 - [STDERR_REDIRECT] 
2025-08-26 07:10:23,941 [ERROR] LogOutputStream:75 - [STDERR_REDIRECT] [Fatal Error] :1:1: Premature end of file.
2025-08-26 07:10:23,941 [ERROR] LogOutputStream:75 - [STDERR_REDIRECT] 
2025-08-26 07:10:24,948 [ERROR] LogOutputStream:75 - [STDERR_REDIRECT] [Fatal Error] :1:1: Premature end of file.
2025-08-26 07:10:24,948 [ERROR] LogOutputStream:75 - [STDERR_REDIRECT] 
2025-08-26 07:10:25,943 [ERROR] LogOutputStream:75 - [STDERR_REDIRECT] [Fatal Error] :1:1: Premature end of file.
2025-08-26 07:10:25,943 [ERROR] LogOutputStream:75 - [STDERR_REDIRECT] 
2025-08-26 07:10:26,945 [ERROR] LogOutputStream:75 - [STDERR_REDIRECT] [Fatal Error] :1:1: Premature end of file.
2025-08-26 07:10:26,945 [ERROR] LogOutputStream:75 - [STDERR_REDIRECT] 
2025-08-26 07:10:27,939 [ERROR] LogOutputStream:75 - [STDERR_REDIRECT] [Fatal Error] :1:1: Premature end of file.
2025-08-26 07:10:27,939 [ERROR] LogOutputStream:75 - [STDERR_REDIRECT] 
2025-08-26 07:10:28,953 [ERROR] LogOutputStream:75 - [STDERR_REDIRECT] [Fatal Error] :1:1: Premature end of file.
2025-08-26 07:10:28,953 [ERROR] LogOutputStream:75 - [STDERR_REDIRECT] 
2025-08-26 07:10:29,953 [ERROR] LogOutputStream:75 - [STDERR_REDIRECT] [Fatal Error] :1:1: Premature end of file.
2025-08-26 07:10:29,953 [ERROR] LogOutputStream:75 - [STDERR_REDIRECT] 
2025-08-26 07:10:30,955 [ERROR] LogOutputStream:75 - [STDERR_REDIRECT] [Fatal Error] :1:1: Premature end of file.
2025-08-26 07:10:30,955 [ERROR] LogOutputStream:75 - [STDERR_REDIRECT] 
2025-08-26 07:10:31,956 [ERROR] LogOutputStream:75 - [STDERR_REDIRECT] [Fatal Error] :1:1: Premature end of file.
2025-08-26 07:10:31,957 [ERROR] LogOutputStream:75 - [STDERR_REDIRECT] 
2025-08-26 07:10:32,961 [ERROR] LogOutputStream:75 - [STDERR_REDIRECT] [Fatal Error] :1:1: Premature end of file.
2025-08-26 07:10:32,962 [ERROR] LogOutputStream:75 - [STDERR_REDIRECT] 
2025-08-26 07:10:33,947 [ERROR] LogOutputStream:75 - [STDERR_REDIRECT] [Fatal Error] :1:1: Premature end of file.
2025-08-26 07:10:33,947 [ERROR] LogOutputStream:75 - [STDERR_REDIRECT] 
2025-08-26 07:10:34,953 [ERROR] LogOutputStream:75 - [STDERR_REDIRECT] [Fatal Error] :1:1: Premature end of file.
2025-08-26 07:10:34,953 [ERROR] LogOutputStream:75 - [STDERR_REDIRECT] 
2025-08-26 07:10:35,954 [ERROR] LogOutputStream:75 - [STDERR_REDIRECT] [Fatal Error] :1:1: Premature end of file.
2025-08-26 07:10:35,954 [ERROR] LogOutputStream:75 - [STDERR_REDIRECT] 
2025-08-26 07:10:36,955 [ERROR] LogOutputStream:75 - [STDERR_REDIRECT] [Fatal Error] :1:1: Premature end of file.
2025-08-26 07:10:36,955 [ERROR] LogOutputStream:75 - [STDERR_REDIRECT] 
2025-08-26 07:10:37,952 [ERROR] LogOutputStream:75 - [STDERR_REDIRECT] [Fatal Error] :1:1: Premature end of file.
2025-08-26 07:10:37,952 [ERROR] LogOutputStream:75 - [STDERR_REDIRECT] 
2025-08-26 07:10:38,950 [ERROR] LogOutputStream:75 - [STDERR_REDIRECT] [Fatal Error] :1:1: Premature end of file.
2025-08-26 07:10:38,950 [ERROR] LogOutputStream:75 - [STDERR_REDIRECT] 
2025-08-26 07:10:39,950 [ERROR] LogOutputStream:75 - [STDERR_REDIRECT] [Fatal Error] :1:1: Premature end of file.
2025-08-26 07:10:39,950 [ERROR] LogOutputStream:75 - [STDERR_REDIRECT] 
2025-08-26 07:10:40,955 [ERROR] LogOutputStream:75 - [STDERR_REDIRECT] [Fatal Error] :1:1: Premature end of file.
2025-08-26 07:10:40,956 [ERROR] LogOutputStream:75 - [STDERR_REDIRECT] 
2025-08-26 07:10:41,951 [ERROR] LogOutputStream:75 - [STDERR_REDIRECT] [Fatal Error] :1:1: Premature end of file.
2025-08-26 07:10:41,952 [ERROR] LogOutputStream:75 - [STDERR_REDIRECT] 
2025-08-26 07:10:42,960 [ERROR] LogOutputStream:75 - [STDERR_REDIRECT] [Fatal Error] :1:1: Premature end of file.
2025-08-26 07:10:42,960 [ERROR] LogOutputStream:75 - [STDERR_REDIRECT] 
2025-08-26 07:10:43,954 [ERROR] LogOutputStream:75 - [STDERR_REDIRECT] [Fatal Error] :1:1: Premature end of file.
2025-08-26 07:10:43,954 [ERROR] LogOutputStream:75 - [STDERR_REDIRECT] 
2025-08-26 07:10:44,940 [ERROR] LogOutputStream:75 - [STDERR_REDIRECT] [Fatal Error] :1:1: Premature end of file.
2025-08-26 07:10:44,940 [ERROR] LogOutputStream:75 - [STDERR_REDIRECT] 
2025-08-26 07:10:45,955 [ERROR] LogOutputStream:75 - [STDERR_REDIRECT] [Fatal Error] :1:1: Premature end of file.
2025-08-26 07:10:45,955 [ERROR] LogOutputStream:75 - [STDERR_REDIRECT] 
2025-08-26 07:10:46,952 [ERROR] LogOutputStream:75 - [STDERR_REDIRECT] [Fatal Error] :1:1: Premature end of file.
2025-08-26 07:10:46,952 [ERROR] LogOutputStream:75 - [STDERR_REDIRECT] 
2025-08-26 07:10:47,950 [ERROR] LogOutputStream:75 - [STDERR_REDIRECT] [Fatal Error] :1:1: Premature end of file.
2025-08-26 07:10:47,950 [ERROR] LogOutputStream:75 - [STDERR_REDIRECT] 
2025-08-26 07:10:48,965 [ERROR] LogOutputStream:75 - [STDERR_REDIRECT] [Fatal Error] :1:1: Premature end of file.
2025-08-26 07:10:48,965 [ERROR] LogOutputStream:75 - [STDERR_REDIRECT] 
2025-08-26 07:10:49,951 [ERROR] LogOutputStream:75 - [STDERR_REDIRECT] [Fatal Error] :1:1: Premature end of file.
2025-08-26 07:10:49,951 [ERROR] LogOutputStream:75 - [STDERR_REDIRECT] 
2025-08-26 07:10:50,955 [ERROR] LogOutputStream:75 - [STDERR_REDIRECT] [Fatal Error] :1:1: Premature end of file.
2025-08-26 07:10:50,955 [ERROR] LogOutputStream:75 - [STDERR_REDIRECT] 
2025-08-26 07:10:51,942 [ERROR] LogOutputStream:75 - [STDERR_REDIRECT] [Fatal Error] :1:1: Premature end of file.
2025-08-26 07:10:51,942 [ERROR] LogOutputStream:75 - [STDERR_REDIRECT] 
2025-08-26 07:10:52,949 [ERROR] LogOutputStream:75 - [STDERR_REDIRECT] [Fatal Error] :1:1: Premature end of file.
2025-08-26 07:10:52,949 [ERROR] LogOutputStream:75 - [STDERR_REDIRECT] 
2025-08-26 07:10:53,935 [ERROR] LogOutputStream:75 - [STDERR_REDIRECT] [Fatal Error] :1:1: Premature end of file.
2025-08-26 07:10:53,935 [ERROR] LogOutputStream:75 - [STDERR_REDIRECT] 
2025-08-26 07:10:54,949 [ERROR] LogOutputStream:75 - [STDERR_REDIRECT] [Fatal Error] :1:1: Premature end of file.
2025-08-26 07:10:54,949 [ERROR] LogOutputStream:75 - [STDERR_REDIRECT] 
2025-08-26 07:10:55,963 [ERROR] LogOutputStream:75 - [STDERR_REDIRECT] [Fatal Error] :1:1: Premature end of file.
2025-08-26 07:10:55,963 [ERROR] LogOutputStream:75 - [STDERR_REDIRECT] 
2025-08-26 07:10:56,957 [ERROR] LogOutputStream:75 - [STDERR_REDIRECT] [Fatal Error] :1:1: Premature end of file.
2025-08-26 07:10:56,957 [ERROR] LogOutputStream:75 - [STDERR_REDIRECT] 
2025-08-26 07:10:57,955 [ERROR] LogOutputStream:75 - [STDERR_REDIRECT] [Fatal Error] :1:1: Premature end of file.
2025-08-26 07:10:57,955 [ERROR] LogOutputStream:75 - [STDERR_REDIRECT] 
2025-08-26 07:10:58,957 [ERROR] LogOutputStream:75 - [STDERR_REDIRECT] [Fatal Error] :1:1: Premature end of file.
2025-08-26 07:10:58,957 [ERROR] LogOutputStream:75 - [STDERR_REDIRECT] 
2025-08-26 07:10:59,951 [ERROR] LogOutputStream:75 - [STDERR_REDIRECT] [Fatal Error] :1:1: Premature end of file.
2025-08-26 07:10:59,951 [ERROR] LogOutputStream:75 - [STDERR_REDIRECT] 
2025-08-26 07:11:00,949 [ERROR] LogOutputStream:75 - [STDERR_REDIRECT] [Fatal Error] :1:1: Premature end of file.
2025-08-26 07:11:00,949 [ERROR] LogOutputStream:75 - [STDERR_REDIRECT] 
2025-08-26 07:11:01,959 [ERROR] LogOutputStream:75 - [STDERR_REDIRECT] [Fatal Error] :1:1: Premature end of file.
2025-08-26 07:11:01,959 [ERROR] LogOutputStream:75 - [STDERR_REDIRECT] 
2025-08-26 07:11:02,962 [ERROR] LogOutputStream:75 - [STDERR_REDIRECT] [Fatal Error] :1:1: Premature end of file.
2025-08-26 07:11:02,962 [ERROR] LogOutputStream:75 - [STDERR_REDIRECT] 
2025-08-26 07:11:03,951 [ERROR] LogOutputStream:75 - [STDERR_REDIRECT] [Fatal Error] :1:1: Premature end of file.
2025-08-26 07:11:03,951 [ERROR] LogOutputStream:75 - [STDERR_REDIRECT] 
2025-08-26 07:11:04,951 [ERROR] LogOutputStream:75 - [STDERR_REDIRECT] [Fatal Error] :1:1: Premature end of file.
2025-08-26 07:11:04,951 [ERROR] LogOutputStream:75 - [STDERR_REDIRECT] 
2025-08-26 07:11:05,957 [ERROR] LogOutputStream:75 - [STDERR_REDIRECT] [Fatal Error] :1:1: Premature end of file.
2025-08-26 07:11:05,957 [ERROR] LogOutputStream:75 - [STDERR_REDIRECT] 
2025-08-26 07:11:06,955 [ERROR] LogOutputStream:75 - [STDERR_REDIRECT] [Fatal Error] :1:1: Premature end of file.
2025-08-26 07:11:06,955 [ERROR] LogOutputStream:75 - [STDERR_REDIRECT] 
2025-08-26 07:11:07,954 [ERROR] LogOutputStream:75 - [STDERR_REDIRECT] [Fatal Error] :1:1: Premature end of file.
2025-08-26 07:11:07,954 [ERROR] LogOutputStream:75 - [STDERR_REDIRECT] 
2025-08-26 07:11:08,955 [ERROR] LogOutputStream:75 - [STDERR_REDIRECT] [Fatal Error] :1:1: Premature end of file.
2025-08-26 07:11:08,956 [ERROR] LogOutputStream:75 - [STDERR_REDIRECT] 
2025-08-26 07:11:09,947 [ERROR] LogOutputStream:75 - [STDERR_REDIRECT] [Fatal Error] :1:1: Premature end of file.
2025-08-26 07:11:09,947 [ERROR] LogOutputStream:75 - [STDERR_REDIRECT] 
2025-08-26 07:11:10,953 [ERROR] LogOutputStream:75 - [STDERR_REDIRECT] [Fatal Error] :1:1: Premature end of file.
2025-08-26 07:11:10,953 [ERROR] LogOutputStream:75 - [STDERR_REDIRECT] 
2025-08-26 07:11:11,955 [ERROR] LogOutputStream:75 - [STDERR_REDIRECT] [Fatal Error] :1:1: Premature end of file.
2025-08-26 07:11:11,955 [ERROR] LogOutputStream:75 - [STDERR_REDIRECT] 
2025-08-26 07:11:12,950 [ERROR] LogOutputStream:75 - [STDERR_REDIRECT] [Fatal Error] :1:1: Premature end of file.
2025-08-26 07:11:12,950 [ERROR] LogOutputStream:75 - [STDERR_REDIRECT] 
2025-08-26 07:11:13,941 [ERROR] LogOutputStream:75 - [STDERR_REDIRECT] [Fatal Error] :1:1: Premature end of file.
2025-08-26 07:11:13,941 [ERROR] LogOutputStream:75 - [STDERR_REDIRECT] 
2025-08-26 07:11:14,957 [ERROR] LogOutputStream:75 - [STDERR_REDIRECT] [Fatal Error] :1:1: Premature end of file.
2025-08-26 07:11:14,958 [ERROR] LogOutputStream:75 - [STDERR_REDIRECT] 
2025-08-26 07:11:15,950 [ERROR] LogOutputStream:75 - [STDERR_REDIRECT] [Fatal Error] :1:1: Premature end of file.
2025-08-26 07:11:15,950 [ERROR] LogOutputStream:75 - [STDERR_REDIRECT] 
2025-08-26 07:11:16,950 [ERROR] LogOutputStream:75 - [STDERR_REDIRECT] [Fatal Error] :1:1: Premature end of file.
2025-08-26 07:11:16,950 [ERROR] LogOutputStream:75 - [STDERR_REDIRECT] 
2025-08-26 07:11:17,947 [ERROR] LogOutputStream:75 - [STDERR_REDIRECT] [Fatal Error] :1:1: Premature end of file.
2025-08-26 07:11:17,947 [ERROR] LogOutputStream:75 - [STDERR_REDIRECT] 
2025-08-26 07:11:18,944 [ERROR] LogOutputStream:75 - [STDERR_REDIRECT] [Fatal Error] :1:1: Premature end of file.
2025-08-26 07:11:18,944 [ERROR] LogOutputStream:75 - [STDERR_REDIRECT] 
2025-08-26 07:11:19,948 [ERROR] LogOutputStream:75 - [STDERR_REDIRECT] [Fatal Error] :1:1: Premature end of file.
2025-08-26 07:11:19,949 [ERROR] LogOutputStream:75 - [STDERR_REDIRECT] 
2025-08-26 07:11:20,947 [ERROR] LogOutputStream:75 - [STDERR_REDIRECT] [Fatal Error] :1:1: Premature end of file.
2025-08-26 07:11:20,947 [ERROR] LogOutputStream:75 - [STDERR_REDIRECT] 
2025-08-26 07:11:21,940 [ERROR] LogOutputStream:75 - [STDERR_REDIRECT] [Fatal Error] :1:1: Premature end of file.
2025-08-26 07:11:21,940 [ERROR] LogOutputStream:75 - [STDERR_REDIRECT] 
2025-08-26 07:11:22,948 [ERROR] LogOutputStream:75 - [STDERR_REDIRECT] [Fatal Error] :1:1: Premature end of file.
2025-08-26 07:11:22,949 [ERROR] LogOutputStream:75 - [STDERR_REDIRECT] 
2025-08-26 07:11:23,942 [ERROR] LogOutputStream:75 - [STDERR_REDIRECT] [Fatal Error] :1:1: Premature end of file.
2025-08-26 07:11:23,942 [ERROR] LogOutputStream:75 - [STDERR_REDIRECT] 
2025-08-26 07:11:24,948 [ERROR] LogOutputStream:75 - [STDERR_REDIRECT] [Fatal Error] :1:1: Premature end of file.
2025-08-26 07:11:24,948 [ERROR] LogOutputStream:75 - [STDERR_REDIRECT] 
2025-08-26 07:11:25,946 [ERROR] LogOutputStream:75 - [STDERR_REDIRECT] [Fatal Error] :1:1: Premature end of file.
2025-08-26 07:11:25,946 [ERROR] LogOutputStream:75 - [STDERR_REDIRECT] 
2025-08-26 07:11:26,944 [ERROR] LogOutputStream:75 - [STDERR_REDIRECT] [Fatal Error] :1:1: Premature end of file.
2025-08-26 07:11:26,944 [ERROR] LogOutputStream:75 - [STDERR_REDIRECT] 
2025-08-26 07:11:27,952 [ERROR] LogOutputStream:75 - [STDERR_REDIRECT] [Fatal Error] :1:1: Premature end of file.
2025-08-26 07:11:27,952 [ERROR] LogOutputStream:75 - [STDERR_REDIRECT] 
2025-08-26 07:11:28,944 [ERROR] LogOutputStream:75 - [STDERR_REDIRECT] [Fatal Error] :1:1: Premature end of file.
2025-08-26 07:11:28,944 [ERROR] LogOutputStream:75 - [STDERR_REDIRECT] 
2025-08-26 07:11:29,945 [ERROR] LogOutputStream:75 - [STDERR_REDIRECT] [Fatal Error] :1:1: Premature end of file.
2025-08-26 07:11:29,945 [ERROR] LogOutputStream:75 - [STDERR_REDIRECT] 
2025-08-26 07:11:30,954 [ERROR] LogOutputStream:75 - [STDERR_REDIRECT] [Fatal Error] :1:1: Premature end of file.
2025-08-26 07:11:30,954 [ERROR] LogOutputStream:75 - [STDERR_REDIRECT] 
2025-08-26 07:11:31,952 [ERROR] LogOutputStream:75 - [STDERR_REDIRECT] [Fatal Error] :1:1: Premature end of file.
2025-08-26 07:11:31,952 [ERROR] LogOutputStream:75 - [STDERR_REDIRECT] 
2025-08-26 07:11:32,951 [ERROR] LogOutputStream:75 - [STDERR_REDIRECT] [Fatal Error] :1:1: Premature end of file.
2025-08-26 07:11:32,951 [ERROR] LogOutputStream:75 - [STDERR_REDIRECT] 
2025-08-26 07:11:33,944 [ERROR] LogOutputStream:75 - [STDERR_REDIRECT] [Fatal Error] :1:1: Premature end of file.
2025-08-26 07:11:33,944 [ERROR] LogOutputStream:75 - [STDERR_REDIRECT] 
2025-08-26 07:11:34,952 [ERROR] LogOutputStream:75 - [STDERR_REDIRECT] [Fatal Error] :1:1: Premature end of file.
2025-08-26 07:11:34,953 [ERROR] LogOutputStream:75 - [STDERR_REDIRECT] 
2025-08-26 07:11:35,953 [ERROR] LogOutputStream:75 - [STDERR_REDIRECT] [Fatal Error] :1:1: Premature end of file.
2025-08-26 07:11:35,954 [ERROR] LogOutputStream:75 - [STDERR_REDIRECT] 
2025-08-26 07:11:36,955 [ERROR] LogOutputStream:75 - [STDERR_REDIRECT] [Fatal Error] :1:1: Premature end of file.
2025-08-26 07:11:36,955 [ERROR] LogOutputStream:75 - [STDERR_REDIRECT] 
2025-08-26 07:11:37,964 [ERROR] LogOutputStream:75 - [STDERR_REDIRECT] [Fatal Error] :1:1: Premature end of file.
2025-08-26 07:11:37,964 [ERROR] LogOutputStream:75 - [STDERR_REDIRECT] 
2025-08-26 07:11:38,950 [ERROR] LogOutputStream:75 - [STDERR_REDIRECT] [Fatal Error] :1:1: Premature end of file.
2025-08-26 07:11:38,950 [ERROR] LogOutputStream:75 - [STDERR_REDIRECT] 
2025-08-26 07:11:39,951 [ERROR] LogOutputStream:75 - [STDERR_REDIRECT] [Fatal Error] :1:1: Premature end of file.
2025-08-26 07:11:39,951 [ERROR] LogOutputStream:75 - [STDERR_REDIRECT] 
2025-08-26 07:11:40,946 [ERROR] LogOutputStream:75 - [STDERR_REDIRECT] [Fatal Error] :1:1: Premature end of file.
2025-08-26 07:11:40,946 [ERROR] LogOutputStream:75 - [STDERR_REDIRECT] 
2025-08-26 07:11:41,955 [ERROR] LogOutputStream:75 - [STDERR_REDIRECT] [Fatal Error] :1:1: Premature end of file.
2025-08-26 07:11:41,955 [ERROR] LogOutputStream:75 - [STDERR_REDIRECT] 
2025-08-26 07:11:42,937 [ERROR] LogOutputStream:75 - [STDERR_REDIRECT] [Fatal Error] :1:1: Premature end of file.
2025-08-26 07:11:42,937 [ERROR] LogOutputStream:75 - [STDERR_REDIRECT] 
2025-08-26 07:11:43,954 [ERROR] LogOutputStream:75 - [STDERR_REDIRECT] [Fatal Error] :1:1: Premature end of file.
2025-08-26 07:11:43,954 [ERROR] LogOutputStream:75 - [STDERR_REDIRECT] 
2025-08-26 07:11:44,944 [ERROR] LogOutputStream:75 - [STDERR_REDIRECT] [Fatal Error] :1:1: Premature end of file.
2025-08-26 07:11:44,944 [ERROR] LogOutputStream:75 - [STDERR_REDIRECT] 
2025-08-26 07:11:45,943 [ERROR] LogOutputStream:75 - [STDERR_REDIRECT] [Fatal Error] :1:1: Premature end of file.
2025-08-26 07:11:45,943 [ERROR] LogOutputStream:75 - [STDERR_REDIRECT] 
2025-08-26 07:11:46,955 [ERROR] LogOutputStream:75 - [STDERR_REDIRECT] [Fatal Error] :1:1: Premature end of file.
2025-08-26 07:11:46,955 [ERROR] LogOutputStream:75 - [STDERR_REDIRECT] 
2025-08-26 07:11:47,949 [ERROR] LogOutputStream:75 - [STDERR_REDIRECT] [Fatal Error] :1:1: Premature end of file.
2025-08-26 07:11:47,955 [ERROR] LogOutputStream:75 - [STDERR_REDIRECT] 
2025-08-26 07:11:48,940 [ERROR] LogOutputStream:75 - [STDERR_REDIRECT] [Fatal Error] :1:1: Premature end of file.
2025-08-26 07:11:48,940 [ERROR] LogOutputStream:75 - [STDERR_REDIRECT] 
2025-08-26 07:11:49,952 [ERROR] LogOutputStream:75 - [STDERR_REDIRECT] [Fatal Error] :1:1: Premature end of file.
2025-08-26 07:11:49,952 [ERROR] LogOutputStream:75 - [STDERR_REDIRECT] 
2025-08-26 07:11:50,943 [ERROR] LogOutputStream:75 - [STDERR_REDIRECT] [Fatal Error] :1:1: Premature end of file.
2025-08-26 07:11:50,943 [ERROR] LogOutputStream:75 - [STDERR_REDIRECT] 
2025-08-26 07:11:51,959 [ERROR] LogOutputStream:75 - [STDERR_REDIRECT] [Fatal Error] :1:1: Premature end of file.
2025-08-26 07:11:51,959 [ERROR] LogOutputStream:75 - [STDERR_REDIRECT] 
2025-08-26 07:11:52,957 [ERROR] LogOutputStream:75 - [STDERR_REDIRECT] [Fatal Error] :1:1: Premature end of file.
2025-08-26 07:11:52,957 [ERROR] LogOutputStream:75 - [STDERR_REDIRECT] 
2025-08-26 07:11:53,943 [ERROR] LogOutputStream:75 - [STDERR_REDIRECT] [Fatal Error] :1:1: Premature end of file.
2025-08-26 07:11:53,943 [ERROR] LogOutputStream:75 - [STDERR_REDIRECT] 
2025-08-26 07:11:54,959 [ERROR] LogOutputStream:75 - [STDERR_REDIRECT] [Fatal Error] :1:1: Premature end of file.
2025-08-26 07:11:54,959 [ERROR] LogOutputStream:75 - [STDERR_REDIRECT] 
2025-08-26 07:11:55,959 [ERROR] LogOutputStream:75 - [STDERR_REDIRECT] [Fatal Error] :1:1: Premature end of file.
2025-08-26 07:11:55,959 [ERROR] LogOutputStream:75 - [STDERR_REDIRECT] 
2025-08-26 07:11:56,955 [ERROR] LogOutputStream:75 - [STDERR_REDIRECT] [Fatal Error] :1:1: Premature end of file.
2025-08-26 07:11:56,955 [ERROR] LogOutputStream:75 - [STDERR_REDIRECT] 
2025-08-26 07:11:57,943 [ERROR] LogOutputStream:75 - [STDERR_REDIRECT] [Fatal Error] :1:1: Premature end of file.
2025-08-26 07:11:57,943 [ERROR] LogOutputStream:75 - [STDERR_REDIRECT] 
2025-08-26 07:11:58,967 [ERROR] LogOutputStream:75 - [STDERR_REDIRECT] [Fatal Error] :1:1: Premature end of file.
2025-08-26 07:11:58,967 [ERROR] LogOutputStream:75 - [STDERR_REDIRECT] 
2025-08-26 07:11:59,950 [ERROR] LogOutputStream:75 - [STDERR_REDIRECT] [Fatal Error] :1:1: Premature end of file.
2025-08-26 07:11:59,950 [ERROR] LogOutputStream:75 - [STDERR_REDIRECT] 
2025-08-26 07:12:00,961 [ERROR] LogOutputStream:75 - [STDERR_REDIRECT] [Fatal Error] :1:1: Premature end of file.
2025-08-26 07:12:00,961 [ERROR] LogOutputStream:75 - [STDERR_REDIRECT] 
2025-08-26 07:12:01,956 [ERROR] LogOutputStream:75 - [STDERR_REDIRECT] [Fatal Error] :1:1: Premature end of file.
2025-08-26 07:12:01,956 [ERROR] LogOutputStream:75 - [STDERR_REDIRECT] 
2025-08-26 07:12:02,949 [ERROR] LogOutputStream:75 - [STDERR_REDIRECT] [Fatal Error] :1:1: Premature end of file.
2025-08-26 07:12:02,949 [ERROR] LogOutputStream:75 - [STDERR_REDIRECT] 
2025-08-26 07:12:03,946 [ERROR] LogOutputStream:75 - [STDERR_REDIRECT] [Fatal Error] :1:1: Premature end of file.
2025-08-26 07:12:03,946 [ERROR] LogOutputStream:75 - [STDERR_REDIRECT] 
2025-08-26 07:12:04,962 [ERROR] LogOutputStream:75 - [STDERR_REDIRECT] [Fatal Error] :1:1: Premature end of file.
2025-08-26 07:12:04,962 [ERROR] LogOutputStream:75 - [STDERR_REDIRECT] 
2025-08-26 07:12:05,957 [ERROR] LogOutputStream:75 - [STDERR_REDIRECT] [Fatal Error] :1:1: Premature end of file.
2025-08-26 07:12:05,957 [ERROR] LogOutputStream:75 - [STDERR_REDIRECT] 
2025-08-26 07:12:06,960 [ERROR] LogOutputStream:75 - [STDERR_REDIRECT] [Fatal Error] :1:1: Premature end of file.
2025-08-26 07:12:06,960 [ERROR] LogOutputStream:75 - [STDERR_REDIRECT] 
2025-08-26 07:12:07,954 [ERROR] LogOutputStream:75 - [STDERR_REDIRECT] [Fatal Error] :1:1: Premature end of file.
2025-08-26 07:12:07,954 [ERROR] LogOutputStream:75 - [STDERR_REDIRECT] 
2025-08-26 07:12:08,943 [ERROR] LogOutputStream:75 - [STDERR_REDIRECT] [Fatal Error] :1:1: Premature end of file.
2025-08-26 07:12:08,943 [ERROR] LogOutputStream:75 - [STDERR_REDIRECT] 
2025-08-26 07:12:09,962 [ERROR] LogOutputStream:75 - [STDERR_REDIRECT] [Fatal Error] :1:1: Premature end of file.
2025-08-26 07:12:09,962 [ERROR] LogOutputStream:75 - [STDERR_REDIRECT] 
2025-08-26 07:12:10,947 [ERROR] LogOutputStream:75 - [STDERR_REDIRECT] [Fatal Error] :1:1: Premature end of file.
2025-08-26 07:12:10,947 [ERROR] LogOutputStream:75 - [STDERR_REDIRECT] 
2025-08-26 07:12:11,945 [ERROR] LogOutputStream:75 - [STDERR_REDIRECT] [Fatal Error] :1:1: Premature end of file.
2025-08-26 07:12:11,945 [ERROR] LogOutputStream:75 - [STDERR_REDIRECT] 
2025-08-26 07:12:12,953 [ERROR] LogOutputStream:75 - [STDERR_REDIRECT] [Fatal Error] :1:1: Premature end of file.
2025-08-26 07:12:12,953 [ERROR] LogOutputStream:75 - [STDERR_REDIRECT] 
2025-08-26 07:12:13,948 [ERROR] LogOutputStream:75 - [STDERR_REDIRECT] [Fatal Error] :1:1: Premature end of file.
2025-08-26 07:12:13,948 [ERROR] LogOutputStream:75 - [STDERR_REDIRECT] 
2025-08-26 07:12:14,939 [ERROR] LogOutputStream:75 - [STDERR_REDIRECT] [Fatal Error] :1:1: Premature end of file.
2025-08-26 07:12:14,939 [ERROR] LogOutputStream:75 - [STDERR_REDIRECT] 
2025-08-26 07:12:15,958 [ERROR] LogOutputStream:75 - [STDERR_REDIRECT] [Fatal Error] :1:1: Premature end of file.
2025-08-26 07:12:15,958 [ERROR] LogOutputStream:75 - [STDERR_REDIRECT] 
2025-08-26 07:12:16,954 [ERROR] LogOutputStream:75 - [STDERR_REDIRECT] [Fatal Error] :1:1: Premature end of file.
2025-08-26 07:12:16,954 [ERROR] LogOutputStream:75 - [STDERR_REDIRECT] 
2025-08-26 07:12:17,946 [ERROR] LogOutputStream:75 - [STDERR_REDIRECT] [Fatal Error] :1:1: Premature end of file.
2025-08-26 07:12:17,946 [ERROR] LogOutputStream:75 - [STDERR_REDIRECT] 
2025-08-26 07:12:18,957 [ERROR] LogOutputStream:75 - [STDERR_REDIRECT] [Fatal Error] :1:1: Premature end of file.
2025-08-26 07:12:18,957 [ERROR] LogOutputStream:75 - [STDERR_REDIRECT] 
2025-08-26 07:12:19,951 [ERROR] LogOutputStream:75 - [STDERR_REDIRECT] [Fatal Error] :1:1: Premature end of file.
2025-08-26 07:12:19,951 [ERROR] LogOutputStream:75 - [STDERR_REDIRECT] 
2025-08-26 07:12:20,943 [ERROR] LogOutputStream:75 - [STDERR_REDIRECT] [Fatal Error] :1:1: Premature end of file.
2025-08-26 07:12:20,943 [ERROR] LogOutputStream:75 - [STDERR_REDIRECT] 
2025-08-26 07:12:21,961 [ERROR] LogOutputStream:75 - [STDERR_REDIRECT] [Fatal Error] :1:1: Premature end of file.
2025-08-26 07:12:21,961 [ERROR] LogOutputStream:75 - [STDERR_REDIRECT] 
2025-08-26 07:12:22,947 [ERROR] LogOutputStream:75 - [STDERR_REDIRECT] [Fatal Error] :1:1: Premature end of file.
2025-08-26 07:12:22,947 [ERROR] LogOutputStream:75 - [STDERR_REDIRECT] 
2025-08-26 07:12:23,945 [ERROR] LogOutputStream:75 - [STDERR_REDIRECT] [Fatal Error] :1:1: Premature end of file.
2025-08-26 07:12:23,945 [ERROR] LogOutputStream:75 - [STDERR_REDIRECT] 
2025-08-26 07:12:24,933 [ERROR] LogOutputStream:75 - [STDERR_REDIRECT] [Fatal Error] :1:1: Premature end of file.
2025-08-26 07:12:24,933 [ERROR] LogOutputStream:75 - [STDERR_REDIRECT] 
2025-08-26 07:12:25,956 [ERROR] LogOutputStream:75 - [STDERR_REDIRECT] [Fatal Error] :1:1: Premature end of file.
2025-08-26 07:12:25,956 [ERROR] LogOutputStream:75 - [STDERR_REDIRECT] 
2025-08-26 07:12:26,945 [ERROR] LogOutputStream:75 - [STDERR_REDIRECT] [Fatal Error] :1:1: Premature end of file.
2025-08-26 07:12:26,945 [ERROR] LogOutputStream:75 - [STDERR_REDIRECT] 
2025-08-26 07:12:27,961 [ERROR] LogOutputStream:75 - [STDERR_REDIRECT] [Fatal Error] :1:1: Premature end of file.
2025-08-26 07:12:27,961 [ERROR] LogOutputStream:75 - [STDERR_REDIRECT] 
2025-08-26 07:12:28,944 [ERROR] LogOutputStream:75 - [STDERR_REDIRECT] [Fatal Error] :1:1: Premature end of file.
2025-08-26 07:12:28,944 [ERROR] LogOutputStream:75 - [STDERR_REDIRECT] 
2025-08-26 07:12:29,957 [ERROR] LogOutputStream:75 - [STDERR_REDIRECT] [Fatal Error] :1:1: Premature end of file.
2025-08-26 07:12:29,958 [ERROR] LogOutputStream:75 - [STDERR_REDIRECT] 
2025-08-26 07:12:30,948 [ERROR] LogOutputStream:75 - [STDERR_REDIRECT] [Fatal Error] :1:1: Premature end of file.
2025-08-26 07:12:30,948 [ERROR] LogOutputStream:75 - [STDERR_REDIRECT] 
2025-08-26 07:12:31,957 [ERROR] LogOutputStream:75 - [STDERR_REDIRECT] [Fatal Error] :1:1: Premature end of file.
2025-08-26 07:12:31,958 [ERROR] LogOutputStream:75 - [STDERR_REDIRECT] 
2025-08-26 07:12:32,952 [ERROR] LogOutputStream:75 - [STDERR_REDIRECT] [Fatal Error] :1:1: Premature end of file.
2025-08-26 07:12:32,952 [ERROR] LogOutputStream:75 - [STDERR_REDIRECT] 
2025-08-26 07:12:33,945 [ERROR] LogOutputStream:75 - [STDERR_REDIRECT] [Fatal Error] :1:1: Premature end of file.
2025-08-26 07:12:33,945 [ERROR] LogOutputStream:75 - [STDERR_REDIRECT] 
2025-08-26 07:12:34,949 [ERROR] LogOutputStream:75 - [STDERR_REDIRECT] [Fatal Error] :1:1: Premature end of file.
2025-08-26 07:12:34,949 [ERROR] LogOutputStream:75 - [STDERR_REDIRECT] 
2025-08-26 07:12:35,952 [ERROR] LogOutputStream:75 - [STDERR_REDIRECT] [Fatal Error] :1:1: Premature end of file.
2025-08-26 07:12:35,952 [ERROR] LogOutputStream:75 - [STDERR_REDIRECT] 
2025-08-26 07:12:36,931 [ERROR] LogOutputStream:75 - [STDERR_REDIRECT] [Fatal Error] :1:1: Premature end of file.
2025-08-26 07:12:36,931 [ERROR] LogOutputStream:75 - [STDERR_REDIRECT] 
2025-08-26 07:12:37,957 [ERROR] LogOutputStream:75 - [STDERR_REDIRECT] [Fatal Error] :1:1: Premature end of file.
2025-08-26 07:12:37,957 [ERROR] LogOutputStream:75 - [STDERR_REDIRECT] 
2025-08-26 07:12:38,957 [ERROR] LogOutputStream:75 - [STDERR_REDIRECT] [Fatal Error] :1:1: Premature end of file.
2025-08-26 07:12:38,957 [ERROR] LogOutputStream:75 - [STDERR_REDIRECT] 
2025-08-26 07:12:39,944 [ERROR] LogOutputStream:75 - [STDERR_REDIRECT] [Fatal Error] :1:1: Premature end of file.
2025-08-26 07:12:39,944 [ERROR] LogOutputStream:75 - [STDERR_REDIRECT] 
2025-08-26 07:12:40,956 [ERROR] LogOutputStream:75 - [STDERR_REDIRECT] [Fatal Error] :1:1: Premature end of file.
2025-08-26 07:12:40,956 [ERROR] LogOutputStream:75 - [STDERR_REDIRECT] 
2025-08-26 07:12:41,943 [ERROR] LogOutputStream:75 - [STDERR_REDIRECT] [Fatal Error] :1:1: Premature end of file.
2025-08-26 07:12:41,943 [ERROR] LogOutputStream:75 - [STDERR_REDIRECT] 
2025-08-26 07:12:42,948 [ERROR] LogOutputStream:75 - [STDERR_REDIRECT] [Fatal Error] :1:1: Premature end of file.
2025-08-26 07:12:42,948 [ERROR] LogOutputStream:75 - [STDERR_REDIRECT] 
2025-08-26 07:12:43,955 [ERROR] LogOutputStream:75 - [STDERR_REDIRECT] [Fatal Error] :1:1: Premature end of file.
2025-08-26 07:12:43,956 [ERROR] LogOutputStream:75 - [STDERR_REDIRECT] 
2025-08-26 07:12:44,959 [ERROR] LogOutputStream:75 - [STDERR_REDIRECT] [Fatal Error] :1:1: Premature end of file.
2025-08-26 07:12:44,959 [ERROR] LogOutputStream:75 - [STDERR_REDIRECT] 
2025-08-26 07:12:45,935 [ERROR] LogOutputStream:75 - [STDERR_REDIRECT] [Fatal Error] :1:1: Premature end of file.
2025-08-26 07:12:45,935 [ERROR] LogOutputStream:75 - [STDERR_REDIRECT] 
2025-08-26 07:12:46,951 [ERROR] LogOutputStream:75 - [STDERR_REDIRECT] [Fatal Error] :1:1: Premature end of file.
2025-08-26 07:12:46,951 [ERROR] LogOutputStream:75 - [STDERR_REDIRECT] 
2025-08-26 07:12:47,948 [ERROR] LogOutputStream:75 - [STDERR_REDIRECT] [Fatal Error] :1:1: Premature end of file.
2025-08-26 07:12:47,948 [ERROR] LogOutputStream:75 - [STDERR_REDIRECT] 
2025-08-26 07:12:48,943 [ERROR] LogOutputStream:75 - [STDERR_REDIRECT] [Fatal Error] :1:1: Premature end of file.
2025-08-26 07:12:48,943 [ERROR] LogOutputStream:75 - [STDERR_REDIRECT] 
2025-08-26 07:12:49,945 [ERROR] LogOutputStream:75 - [STDERR_REDIRECT] [Fatal Error] :1:1: Premature end of file.
2025-08-26 07:12:49,945 [ERROR] LogOutputStream:75 - [STDERR_REDIRECT] 
2025-08-26 07:12:50,957 [ERROR] LogOutputStream:75 - [STDERR_REDIRECT] [Fatal Error] :1:1: Premature end of file.
2025-08-26 07:12:50,957 [ERROR] LogOutputStream:75 - [STDERR_REDIRECT] 
2025-08-26 07:12:51,950 [ERROR] LogOutputStream:75 - [STDERR_REDIRECT] [Fatal Error] :1:1: Premature end of file.
2025-08-26 07:12:51,950 [ERROR] LogOutputStream:75 - [STDERR_REDIRECT] 
2025-08-26 07:12:52,954 [ERROR] LogOutputStream:75 - [STDERR_REDIRECT] [Fatal Error] :1:1: Premature end of file.
2025-08-26 07:12:52,954 [ERROR] LogOutputStream:75 - [STDERR_REDIRECT] 
2025-08-26 07:12:53,951 [ERROR] LogOutputStream:75 - [STDERR_REDIRECT] [Fatal Error] :1:1: Premature end of file.
2025-08-26 07:12:53,951 [ERROR] LogOutputStream:75 - [STDERR_REDIRECT] 
2025-08-26 07:12:54,950 [ERROR] LogOutputStream:75 - [STDERR_REDIRECT] [Fatal Error] :1:1: Premature end of file.
2025-08-26 07:12:54,950 [ERROR] LogOutputStream:75 - [STDERR_REDIRECT] 
2025-08-26 07:12:55,953 [ERROR] LogOutputStream:75 - [STDERR_REDIRECT] [Fatal Error] :1:1: Premature end of file.
2025-08-26 07:12:55,953 [ERROR] LogOutputStream:75 - [STDERR_REDIRECT] 
2025-08-26 07:12:56,953 [ERROR] LogOutputStream:75 - [STDERR_REDIRECT] [Fatal Error] :1:1: Premature end of file.
2025-08-26 07:12:56,953 [ERROR] LogOutputStream:75 - [STDERR_REDIRECT] 
2025-08-26 07:12:57,941 [ERROR] LogOutputStream:75 - [STDERR_REDIRECT] [Fatal Error] :1:1: Premature end of file.
2025-08-26 07:12:57,941 [ERROR] LogOutputStream:75 - [STDERR_REDIRECT] 
2025-08-26 07:12:58,955 [ERROR] LogOutputStream:75 - [STDERR_REDIRECT] [Fatal Error] :1:1: Premature end of file.
2025-08-26 07:12:58,955 [ERROR] LogOutputStream:75 - [STDERR_REDIRECT] 
2025-08-26 07:12:59,958 [ERROR] LogOutputStream:75 - [STDERR_REDIRECT] [Fatal Error] :1:1: Premature end of file.
2025-08-26 07:12:59,958 [ERROR] LogOutputStream:75 - [STDERR_REDIRECT] 
2025-08-26 07:13:00,950 [ERROR] LogOutputStream:75 - [STDERR_REDIRECT] [Fatal Error] :1:1: Premature end of file.
2025-08-26 07:13:00,950 [ERROR] LogOutputStream:75 - [STDERR_REDIRECT] 
2025-08-26 07:13:01,954 [ERROR] LogOutputStream:75 - [STDERR_REDIRECT] [Fatal Error] :1:1: Premature end of file.
2025-08-26 07:13:01,954 [ERROR] LogOutputStream:75 - [STDERR_REDIRECT] 
2025-08-26 07:13:02,951 [ERROR] LogOutputStream:75 - [STDERR_REDIRECT] [Fatal Error] :1:1: Premature end of file.
2025-08-26 07:13:02,951 [ERROR] LogOutputStream:75 - [STDERR_REDIRECT] 
2025-08-26 07:13:03,956 [ERROR] LogOutputStream:75 - [STDERR_REDIRECT] [Fatal Error] :1:1: Premature end of file.
2025-08-26 07:13:03,956 [ERROR] LogOutputStream:75 - [STDERR_REDIRECT] 
2025-08-26 07:13:04,948 [ERROR] LogOutputStream:75 - [STDERR_REDIRECT] [Fatal Error] :1:1: Premature end of file.
2025-08-26 07:13:04,948 [ERROR] LogOutputStream:75 - [STDERR_REDIRECT] 
2025-08-26 07:13:05,964 [ERROR] LogOutputStream:75 - [STDERR_REDIRECT] [Fatal Error] :1:1: Premature end of file.
2025-08-26 07:13:05,964 [ERROR] LogOutputStream:75 - [STDERR_REDIRECT] 
2025-08-26 07:13:06,934 [ERROR] LogOutputStream:75 - [STDERR_REDIRECT] [Fatal Error] :1:1: Premature end of file.
2025-08-26 07:13:06,934 [ERROR] LogOutputStream:75 - [STDERR_REDIRECT] 
2025-08-26 07:13:07,945 [ERROR] LogOutputStream:75 - [STDERR_REDIRECT] [Fatal Error] :1:1: Premature end of file.
2025-08-26 07:13:07,945 [ERROR] LogOutputStream:75 - [STDERR_REDIRECT] 
2025-08-26 07:13:08,959 [ERROR] LogOutputStream:75 - [STDERR_REDIRECT] [Fatal Error] :1:1: Premature end of file.
2025-08-26 07:13:08,959 [ERROR] LogOutputStream:75 - [STDERR_REDIRECT] 
2025-08-26 07:13:09,943 [ERROR] LogOutputStream:75 - [STDERR_REDIRECT] [Fatal Error] :1:1: Premature end of file.
2025-08-26 07:13:09,943 [ERROR] LogOutputStream:75 - [STDERR_REDIRECT] 
2025-08-26 07:13:10,957 [ERROR] LogOutputStream:75 - [STDERR_REDIRECT] [Fatal Error] :1:1: Premature end of file.
2025-08-26 07:13:10,957 [ERROR] LogOutputStream:75 - [STDERR_REDIRECT] 
2025-08-26 07:13:11,934 [ERROR] LogOutputStream:75 - [STDERR_REDIRECT] [Fatal Error] :1:1: Premature end of file.
2025-08-26 07:13:11,934 [ERROR] LogOutputStream:75 - [STDERR_REDIRECT] 
2025-08-26 07:13:12,956 [ERROR] LogOutputStream:75 - [STDERR_REDIRECT] [Fatal Error] :1:1: Premature end of file.
2025-08-26 07:13:12,956 [ERROR] LogOutputStream:75 - [STDERR_REDIRECT] 
2025-08-26 07:13:13,956 [ERROR] LogOutputStream:75 - [STDERR_REDIRECT] [Fatal Error] :1:1: Premature end of file.
2025-08-26 07:13:13,956 [ERROR] LogOutputStream:75 - [STDERR_REDIRECT] 
2025-08-26 07:13:14,957 [ERROR] LogOutputStream:75 - [STDERR_REDIRECT] [Fatal Error] :1:1: Premature end of file.
2025-08-26 07:13:14,957 [ERROR] LogOutputStream:75 - [STDERR_REDIRECT] 
2025-08-26 07:13:15,949 [ERROR] LogOutputStream:75 - [STDERR_REDIRECT] [Fatal Error] :1:1: Premature end of file.
2025-08-26 07:13:15,949 [ERROR] LogOutputStream:75 - [STDERR_REDIRECT] 
2025-08-26 07:13:16,950 [ERROR] LogOutputStream:75 - [STDERR_REDIRECT] [Fatal Error] :1:1: Premature end of file.
2025-08-26 07:13:16,950 [ERROR] LogOutputStream:75 - [STDERR_REDIRECT] 
2025-08-26 07:13:17,963 [ERROR] LogOutputStream:75 - [STDERR_REDIRECT] [Fatal Error] :1:1: Premature end of file.
2025-08-26 07:13:17,963 [ERROR] LogOutputStream:75 - [STDERR_REDIRECT] 
2025-08-26 07:13:18,960 [ERROR] LogOutputStream:75 - [STDERR_REDIRECT] [Fatal Error] :1:1: Premature end of file.
2025-08-26 07:13:18,960 [ERROR] LogOutputStream:75 - [STDERR_REDIRECT] 
2025-08-26 07:13:19,950 [ERROR] LogOutputStream:75 - [STDERR_REDIRECT] [Fatal Error] :1:1: Premature end of file.
2025-08-26 07:13:19,950 [ERROR] LogOutputStream:75 - [STDERR_REDIRECT] 
2025-08-26 07:13:20,951 [ERROR] LogOutputStream:75 - [STDERR_REDIRECT] [Fatal Error] :1:1: Premature end of file.
2025-08-26 07:13:20,951 [ERROR] LogOutputStream:75 - [STDERR_REDIRECT] 
2025-08-26 07:13:21,953 [ERROR] LogOutputStream:75 - [STDERR_REDIRECT] [Fatal Error] :1:1: Premature end of file.
2025-08-26 07:13:21,953 [ERROR] LogOutputStream:75 - [STDERR_REDIRECT] 
2025-08-26 07:13:22,950 [ERROR] LogOutputStream:75 - [STDERR_REDIRECT] [Fatal Error] :1:1: Premature end of file.
2025-08-26 07:13:22,951 [ERROR] LogOutputStream:75 - [STDERR_REDIRECT] 
2025-08-26 07:13:23,955 [ERROR] LogOutputStream:75 - [STDERR_REDIRECT] [Fatal Error] :1:1: Premature end of file.
2025-08-26 07:13:23,955 [ERROR] LogOutputStream:75 - [STDERR_REDIRECT] 
2025-08-26 07:13:24,950 [ERROR] LogOutputStream:75 - [STDERR_REDIRECT] [Fatal Error] :1:1: Premature end of file.
2025-08-26 07:13:24,950 [ERROR] LogOutputStream:75 - [STDERR_REDIRECT] 
2025-08-26 07:13:25,960 [ERROR] LogOutputStream:75 - [STDERR_REDIRECT] [Fatal Error] :1:1: Premature end of file.
2025-08-26 07:13:25,960 [ERROR] LogOutputStream:75 - [STDERR_REDIRECT] 
2025-08-26 07:13:26,954 [ERROR] LogOutputStream:75 - [STDERR_REDIRECT] [Fatal Error] :1:1: Premature end of file.
2025-08-26 07:13:26,954 [ERROR] LogOutputStream:75 - [STDERR_REDIRECT] 
2025-08-26 07:13:27,946 [ERROR] LogOutputStream:75 - [STDERR_REDIRECT] [Fatal Error] :1:1: Premature end of file.
2025-08-26 07:13:27,946 [ERROR] LogOutputStream:75 - [STDERR_REDIRECT] 
2025-08-26 07:13:28,955 [ERROR] LogOutputStream:75 - [STDERR_REDIRECT] [Fatal Error] :1:1: Premature end of file.
2025-08-26 07:13:28,956 [ERROR] LogOutputStream:75 - [STDERR_REDIRECT] 
2025-08-26 07:13:29,946 [ERROR] LogOutputStream:75 - [STDERR_REDIRECT] [Fatal Error] :1:1: Premature end of file.
2025-08-26 07:13:29,947 [ERROR] LogOutputStream:75 - [STDERR_REDIRECT] 
2025-08-26 07:13:30,952 [ERROR] LogOutputStream:75 - [STDERR_REDIRECT] [Fatal Error] :1:1: Premature end of file.
2025-08-26 07:13:30,952 [ERROR] LogOutputStream:75 - [STDERR_REDIRECT] 
2025-08-26 07:13:31,946 [ERROR] LogOutputStream:75 - [STDERR_REDIRECT] [Fatal Error] :1:1: Premature end of file.
2025-08-26 07:13:31,946 [ERROR] LogOutputStream:75 - [STDERR_REDIRECT] 
2025-08-26 07:13:32,943 [ERROR] LogOutputStream:75 - [STDERR_REDIRECT] [Fatal Error] :1:1: Premature end of file.
2025-08-26 07:13:32,943 [ERROR] LogOutputStream:75 - [STDERR_REDIRECT] 
2025-08-26 07:13:33,938 [ERROR] LogOutputStream:75 - [STDERR_REDIRECT] [Fatal Error] :1:1: Premature end of file.
2025-08-26 07:13:33,938 [ERROR] LogOutputStream:75 - [STDERR_REDIRECT] 
2025-08-26 07:13:34,941 [ERROR] LogOutputStream:75 - [STDERR_REDIRECT] [Fatal Error] :1:1: Premature end of file.
2025-08-26 07:13:34,941 [ERROR] LogOutputStream:75 - [STDERR_REDIRECT] 
2025-08-26 07:13:35,953 [ERROR] LogOutputStream:75 - [STDERR_REDIRECT] [Fatal Error] :1:1: Premature end of file.
2025-08-26 07:13:35,953 [ERROR] LogOutputStream:75 - [STDERR_REDIRECT] 
2025-08-26 07:13:36,949 [ERROR] LogOutputStream:75 - [STDERR_REDIRECT] [Fatal Error] :1:1: Premature end of file.
2025-08-26 07:13:36,949 [ERROR] LogOutputStream:75 - [STDERR_REDIRECT] 
2025-08-26 07:13:37,959 [ERROR] LogOutputStream:75 - [STDERR_REDIRECT] [Fatal Error] :1:1: Premature end of file.
2025-08-26 07:13:37,959 [ERROR] LogOutputStream:75 - [STDERR_REDIRECT] 
2025-08-26 07:13:38,953 [ERROR] LogOutputStream:75 - [STDERR_REDIRECT] [Fatal Error] :1:1: Premature end of file.
2025-08-26 07:13:38,953 [ERROR] LogOutputStream:75 - [STDERR_REDIRECT] 
2025-08-26 07:13:39,950 [ERROR] LogOutputStream:75 - [STDERR_REDIRECT] [Fatal Error] :1:1: Premature end of file.
2025-08-26 07:13:39,950 [ERROR] LogOutputStream:75 - [STDERR_REDIRECT] 
2025-08-26 07:13:40,961 [ERROR] LogOutputStream:75 - [STDERR_REDIRECT] [Fatal Error] :1:1: Premature end of file.
2025-08-26 07:13:40,962 [ERROR] LogOutputStream:75 - [STDERR_REDIRECT] 
2025-08-26 07:13:41,956 [ERROR] LogOutputStream:75 - [STDERR_REDIRECT] [Fatal Error] :1:1: Premature end of file.
2025-08-26 07:13:41,956 [ERROR] LogOutputStream:75 - [STDERR_REDIRECT] 
2025-08-26 07:13:42,948 [ERROR] LogOutputStream:75 - [STDERR_REDIRECT] [Fatal Error] :1:1: Premature end of file.
2025-08-26 07:13:42,948 [ERROR] LogOutputStream:75 - [STDERR_REDIRECT] 
2025-08-26 07:13:43,952 [ERROR] LogOutputStream:75 - [STDERR_REDIRECT] [Fatal Error] :1:1: Premature end of file.
2025-08-26 07:13:43,952 [ERROR] LogOutputStream:75 - [STDERR_REDIRECT] 
2025-08-26 07:13:44,955 [ERROR] LogOutputStream:75 - [STDERR_REDIRECT] [Fatal Error] :1:1: Premature end of file.
2025-08-26 07:13:44,956 [ERROR] LogOutputStream:75 - [STDERR_REDIRECT] 
2025-08-26 07:13:45,952 [ERROR] LogOutputStream:75 - [STDERR_REDIRECT] [Fatal Error] :1:1: Premature end of file.
2025-08-26 07:13:45,952 [ERROR] LogOutputStream:75 - [STDERR_REDIRECT] 
2025-08-26 07:13:46,965 [ERROR] LogOutputStream:75 - [STDERR_REDIRECT] [Fatal Error] :1:1: Premature end of file.
2025-08-26 07:13:46,966 [ERROR] LogOutputStream:75 - [STDERR_REDIRECT] 
2025-08-26 07:13:47,961 [ERROR] LogOutputStream:75 - [STDERR_REDIRECT] [Fatal Error] :1:1: Premature end of file.
2025-08-26 07:13:47,961 [ERROR] LogOutputStream:75 - [STDERR_REDIRECT] 
2025-08-26 07:13:48,951 [ERROR] LogOutputStream:75 - [STDERR_REDIRECT] [Fatal Error] :1:1: Premature end of file.
2025-08-26 07:13:48,951 [ERROR] LogOutputStream:75 - [STDERR_REDIRECT] 
2025-08-26 07:13:49,952 [ERROR] LogOutputStream:75 - [STDERR_REDIRECT] [Fatal Error] :1:1: Premature end of file.
2025-08-26 07:13:49,952 [ERROR] LogOutputStream:75 - [STDERR_REDIRECT] 
2025-08-26 07:13:50,961 [ERROR] LogOutputStream:75 - [STDERR_REDIRECT] [Fatal Error] :1:1: Premature end of file.
2025-08-26 07:13:50,962 [ERROR] LogOutputStream:75 - [STDERR_REDIRECT] 
2025-08-26 07:13:51,944 [ERROR] LogOutputStream:75 - [STDERR_REDIRECT] [Fatal Error] :1:1: Premature end of file.
2025-08-26 07:13:51,944 [ERROR] LogOutputStream:75 - [STDERR_REDIRECT] 
2025-08-26 07:13:52,952 [ERROR] LogOutputStream:75 - [STDERR_REDIRECT] [Fatal Error] :1:1: Premature end of file.
2025-08-26 07:13:52,952 [ERROR] LogOutputStream:75 - [STDERR_REDIRECT] 
2025-08-26 07:13:53,950 [ERROR] LogOutputStream:75 - [STDERR_REDIRECT] [Fatal Error] :1:1: Premature end of file.
2025-08-26 07:13:53,950 [ERROR] LogOutputStream:75 - [STDERR_REDIRECT] 
2025-08-26 07:13:54,957 [ERROR] LogOutputStream:75 - [STDERR_REDIRECT] [Fatal Error] :1:1: Premature end of file.
2025-08-26 07:13:54,958 [ERROR] LogOutputStream:75 - [STDERR_REDIRECT] 
2025-08-26 07:13:55,963 [ERROR] LogOutputStream:75 - [STDERR_REDIRECT] [Fatal Error] :1:1: Premature end of file.
2025-08-26 07:13:55,963 [ERROR] LogOutputStream:75 - [STDERR_REDIRECT] 
2025-08-26 07:13:56,957 [ERROR] LogOutputStream:75 - [STDERR_REDIRECT] [Fatal Error] :1:1: Premature end of file.
2025-08-26 07:13:56,957 [ERROR] LogOutputStream:75 - [STDERR_REDIRECT] 
2025-08-26 07:13:57,943 [ERROR] LogOutputStream:75 - [STDERR_REDIRECT] [Fatal Error] :1:1: Premature end of file.
2025-08-26 07:13:57,943 [ERROR] LogOutputStream:75 - [STDERR_REDIRECT] 
2025-08-26 07:13:58,956 [ERROR] LogOutputStream:75 - [STDERR_REDIRECT] [Fatal Error] :1:1: Premature end of file.
2025-08-26 07:13:58,956 [ERROR] LogOutputStream:75 - [STDERR_REDIRECT] 
2025-08-26 07:13:59,936 [ERROR] LogOutputStream:75 - [STDERR_REDIRECT] [Fatal Error] :1:1: Premature end of file.
2025-08-26 07:13:59,937 [ERROR] LogOutputStream:75 - [STDERR_REDIRECT] 
2025-08-26 07:14:00,965 [ERROR] LogOutputStream:75 - [STDERR_REDIRECT] [Fatal Error] :1:1: Premature end of file.
2025-08-26 07:14:00,965 [ERROR] LogOutputStream:75 - [STDERR_REDIRECT] 
2025-08-26 07:14:01,954 [ERROR] LogOutputStream:75 - [STDERR_REDIRECT] [Fatal Error] :1:1: Premature end of file.
2025-08-26 07:14:01,955 [ERROR] LogOutputStream:75 - [STDERR_REDIRECT] 
2025-08-26 07:14:02,939 [ERROR] LogOutputStream:75 - [STDERR_REDIRECT] [Fatal Error] :1:1: Premature end of file.
2025-08-26 07:14:02,940 [ERROR] LogOutputStream:75 - [STDERR_REDIRECT] 
2025-08-26 07:14:03,944 [ERROR] LogOutputStream:75 - [STDERR_REDIRECT] [Fatal Error] :1:1: Premature end of file.
2025-08-26 07:14:03,944 [ERROR] LogOutputStream:75 - [STDERR_REDIRECT] 
2025-08-26 07:14:04,940 [ERROR] LogOutputStream:75 - [STDERR_REDIRECT] [Fatal Error] :1:1: Premature end of file.
2025-08-26 07:14:04,940 [ERROR] LogOutputStream:75 - [STDERR_REDIRECT] 
2025-08-26 07:14:05,938 [ERROR] LogOutputStream:75 - [STDERR_REDIRECT] [Fatal Error] :1:1: Premature end of file.
2025-08-26 07:14:05,938 [ERROR] LogOutputStream:75 - [STDERR_REDIRECT] 
2025-08-26 07:14:06,945 [ERROR] LogOutputStream:75 - [STDERR_REDIRECT] [Fatal Error] :1:1: Premature end of file.
2025-08-26 07:14:06,945 [ERROR] LogOutputStream:75 - [STDERR_REDIRECT] 
2025-08-26 07:14:07,948 [ERROR] LogOutputStream:75 - [STDERR_REDIRECT] [Fatal Error] :1:1: Premature end of file.
2025-08-26 07:14:07,948 [ERROR] LogOutputStream:75 - [STDERR_REDIRECT] 
2025-08-26 07:14:08,970 [ERROR] LogOutputStream:75 - [STDERR_REDIRECT] [Fatal Error] :1:1: Premature end of file.
2025-08-26 07:14:08,970 [ERROR] LogOutputStream:75 - [STDERR_REDIRECT] 
2025-08-26 07:14:09,955 [ERROR] LogOutputStream:75 - [STDERR_REDIRECT] [Fatal Error] :1:1: Premature end of file.
2025-08-26 07:14:09,956 [ERROR] LogOutputStream:75 - [STDERR_REDIRECT] 
2025-08-26 07:14:10,940 [ERROR] LogOutputStream:75 - [STDERR_REDIRECT] [Fatal Error] :1:1: Premature end of file.
2025-08-26 07:14:10,940 [ERROR] LogOutputStream:75 - [STDERR_REDIRECT] 
2025-08-26 07:14:11,962 [ERROR] LogOutputStream:75 - [STDERR_REDIRECT] [Fatal Error] :1:1: Premature end of file.
2025-08-26 07:14:11,962 [ERROR] LogOutputStream:75 - [STDERR_REDIRECT] 
2025-08-26 07:14:12,955 [ERROR] LogOutputStream:75 - [STDERR_REDIRECT] [Fatal Error] :1:1: Premature end of file.
2025-08-26 07:14:12,955 [ERROR] LogOutputStream:75 - [STDERR_REDIRECT] 
2025-08-26 07:14:13,947 [ERROR] LogOutputStream:75 - [STDERR_REDIRECT] [Fatal Error] :1:1: Premature end of file.
2025-08-26 07:14:13,947 [ERROR] LogOutputStream:75 - [STDERR_REDIRECT] 
2025-08-26 07:14:14,960 [ERROR] LogOutputStream:75 - [STDERR_REDIRECT] [Fatal Error] :1:1: Premature end of file.
2025-08-26 07:14:14,960 [ERROR] LogOutputStream:75 - [STDERR_REDIRECT] 
2025-08-26 07:14:15,946 [ERROR] LogOutputStream:75 - [STDERR_REDIRECT] [Fatal Error] :1:1: Premature end of file.
2025-08-26 07:14:15,947 [ERROR] LogOutputStream:75 - [STDERR_REDIRECT] 
2025-08-26 07:14:16,958 [ERROR] LogOutputStream:75 - [STDERR_REDIRECT] [Fatal Error] :1:1: Premature end of file.
2025-08-26 07:14:16,958 [ERROR] LogOutputStream:75 - [STDERR_REDIRECT] 
2025-08-26 07:14:17,947 [ERROR] LogOutputStream:75 - [STDERR_REDIRECT] [Fatal Error] :1:1: Premature end of file.
2025-08-26 07:14:17,947 [ERROR] LogOutputStream:75 - [STDERR_REDIRECT] 
2025-08-26 07:14:18,947 [ERROR] LogOutputStream:75 - [STDERR_REDIRECT] [Fatal Error] :1:1: Premature end of file.
2025-08-26 07:14:18,947 [ERROR] LogOutputStream:75 - [STDERR_REDIRECT] 
2025-08-26 07:14:19,939 [ERROR] LogOutputStream:75 - [STDERR_REDIRECT] [Fatal Error] :1:1: Premature end of file.
2025-08-26 07:14:19,939 [ERROR] LogOutputStream:75 - [STDERR_REDIRECT] 
2025-08-26 07:14:20,960 [ERROR] LogOutputStream:75 - [STDERR_REDIRECT] [Fatal Error] :1:1: Premature end of file.
2025-08-26 07:14:20,960 [ERROR] LogOutputStream:75 - [STDERR_REDIRECT] 
2025-08-26 07:14:21,941 [ERROR] LogOutputStream:75 - [STDERR_REDIRECT] [Fatal Error] :1:1: Premature end of file.
2025-08-26 07:14:21,941 [ERROR] LogOutputStream:75 - [STDERR_REDIRECT] 
2025-08-26 07:14:22,948 [ERROR] LogOutputStream:75 - [STDERR_REDIRECT] [Fatal Error] :1:1: Premature end of file.
2025-08-26 07:14:22,949 [ERROR] LogOutputStream:75 - [STDERR_REDIRECT] 
2025-08-26 07:14:23,946 [ERROR] LogOutputStream:75 - [STDERR_REDIRECT] [Fatal Error] :1:1: Premature end of file.
2025-08-26 07:14:23,946 [ERROR] LogOutputStream:75 - [STDERR_REDIRECT] 
2025-08-26 07:14:24,940 [ERROR] LogOutputStream:75 - [STDERR_REDIRECT] [Fatal Error] :1:1: Premature end of file.
2025-08-26 07:14:24,940 [ERROR] LogOutputStream:75 - [STDERR_REDIRECT] 
2025-08-26 07:14:25,955 [ERROR] LogOutputStream:75 - [STDERR_REDIRECT] [Fatal Error] :1:1: Premature end of file.
2025-08-26 07:14:25,955 [ERROR] LogOutputStream:75 - [STDERR_REDIRECT] 
2025-08-26 07:14:26,951 [ERROR] LogOutputStream:75 - [STDERR_REDIRECT] [Fatal Error] :1:1: Premature end of file.
2025-08-26 07:14:26,951 [ERROR] LogOutputStream:75 - [STDERR_REDIRECT] 
2025-08-26 07:14:27,964 [ERROR] LogOutputStream:75 - [STDERR_REDIRECT] [Fatal Error] :1:1: Premature end of file.
2025-08-26 07:14:27,965 [ERROR] LogOutputStream:75 - [STDERR_REDIRECT] 
2025-08-26 07:14:28,953 [ERROR] LogOutputStream:75 - [STDERR_REDIRECT] [Fatal Error] :1:1: Premature end of file.
2025-08-26 07:14:28,953 [ERROR] LogOutputStream:75 - [STDERR_REDIRECT] 
2025-08-26 07:14:29,951 [ERROR] LogOutputStream:75 - [STDERR_REDIRECT] [Fatal Error] :1:1: Premature end of file.
2025-08-26 07:14:29,951 [ERROR] LogOutputStream:75 - [STDERR_REDIRECT] 
2025-08-26 07:14:30,944 [ERROR] LogOutputStream:75 - [STDERR_REDIRECT] [Fatal Error] :1:1: Premature end of file.
2025-08-26 07:14:30,944 [ERROR] LogOutputStream:75 - [STDERR_REDIRECT] 
2025-08-26 07:14:31,960 [ERROR] LogOutputStream:75 - [STDERR_REDIRECT] [Fatal Error] :1:1: Premature end of file.
2025-08-26 07:14:31,960 [ERROR] LogOutputStream:75 - [STDERR_REDIRECT] 
2025-08-26 07:14:32,954 [ERROR] LogOutputStream:75 - [STDERR_REDIRECT] [Fatal Error] :1:1: Premature end of file.
2025-08-26 07:14:32,954 [ERROR] LogOutputStream:75 - [STDERR_REDIRECT] 
2025-08-26 07:14:33,946 [ERROR] LogOutputStream:75 - [STDERR_REDIRECT] [Fatal Error] :1:1: Premature end of file.
2025-08-26 07:14:33,946 [ERROR] LogOutputStream:75 - [STDERR_REDIRECT] 
2025-08-26 07:14:34,952 [ERROR] LogOutputStream:75 - [STDERR_REDIRECT] [Fatal Error] :1:1: Premature end of file.
2025-08-26 07:14:34,952 [ERROR] LogOutputStream:75 - [STDERR_REDIRECT] 
2025-08-26 07:14:35,947 [ERROR] LogOutputStream:75 - [STDERR_REDIRECT] [Fatal Error] :1:1: Premature end of file.
2025-08-26 07:14:35,948 [ERROR] LogOutputStream:75 - [STDERR_REDIRECT] 
2025-08-26 07:14:36,956 [ERROR] LogOutputStream:75 - [STDERR_REDIRECT] [Fatal Error] :1:1: Premature end of file.
2025-08-26 07:14:36,962 [ERROR] LogOutputStream:75 - [STDERR_REDIRECT] 
2025-08-26 07:14:37,958 [ERROR] LogOutputStream:75 - [STDERR_REDIRECT] [Fatal Error] :1:1: Premature end of file.
2025-08-26 07:14:37,958 [ERROR] LogOutputStream:75 - [STDERR_REDIRECT] 
2025-08-26 07:14:38,943 [ERROR] LogOutputStream:75 - [STDERR_REDIRECT] [Fatal Error] :1:1: Premature end of file.
2025-08-26 07:14:38,943 [ERROR] LogOutputStream:75 - [STDERR_REDIRECT] 
2025-08-26 07:14:39,962 [ERROR] LogOutputStream:75 - [STDERR_REDIRECT] [Fatal Error] :1:1: Premature end of file.
2025-08-26 07:14:39,962 [ERROR] LogOutputStream:75 - [STDERR_REDIRECT] 
2025-08-26 07:14:40,962 [ERROR] LogOutputStream:75 - [STDERR_REDIRECT] [Fatal Error] :1:1: Premature end of file.
2025-08-26 07:14:40,962 [ERROR] LogOutputStream:75 - [STDERR_REDIRECT] 
2025-08-26 07:14:41,949 [ERROR] LogOutputStream:75 - [STDERR_REDIRECT] [Fatal Error] :1:1: Premature end of file.
2025-08-26 07:14:41,949 [ERROR] LogOutputStream:75 - [STDERR_REDIRECT] 
2025-08-26 07:14:42,956 [ERROR] LogOutputStream:75 - [STDERR_REDIRECT] [Fatal Error] :1:1: Premature end of file.
2025-08-26 07:14:42,956 [ERROR] LogOutputStream:75 - [STDERR_REDIRECT] 
2025-08-26 07:14:43,955 [ERROR] LogOutputStream:75 - [STDERR_REDIRECT] [Fatal Error] :1:1: Premature end of file.
2025-08-26 07:14:43,955 [ERROR] LogOutputStream:75 - [STDERR_REDIRECT] 
2025-08-26 07:14:44,941 [ERROR] LogOutputStream:75 - [STDERR_REDIRECT] [Fatal Error] :1:1: Premature end of file.
2025-08-26 07:14:44,941 [ERROR] LogOutputStream:75 - [STDERR_REDIRECT] 
2025-08-26 07:14:45,961 [ERROR] LogOutputStream:75 - [STDERR_REDIRECT] [Fatal Error] :1:1: Premature end of file.
2025-08-26 07:14:45,961 [ERROR] LogOutputStream:75 - [STDERR_REDIRECT] 
2025-08-26 07:14:46,956 [ERROR] LogOutputStream:75 - [STDERR_REDIRECT] [Fatal Error] :1:1: Premature end of file.
2025-08-26 07:14:46,956 [ERROR] LogOutputStream:75 - [STDERR_REDIRECT] 
2025-08-26 07:14:47,948 [ERROR] LogOutputStream:75 - [STDERR_REDIRECT] [Fatal Error] :1:1: Premature end of file.
2025-08-26 07:14:47,948 [ERROR] LogOutputStream:75 - [STDERR_REDIRECT] 
2025-08-26 07:14:48,959 [ERROR] LogOutputStream:75 - [STDERR_REDIRECT] [Fatal Error] :1:1: Premature end of file.
2025-08-26 07:14:48,960 [ERROR] LogOutputStream:75 - [STDERR_REDIRECT] 
2025-08-26 07:14:49,966 [ERROR] LogOutputStream:75 - [STDERR_REDIRECT] [Fatal Error] :1:1: Premature end of file.
2025-08-26 07:14:49,966 [ERROR] LogOutputStream:75 - [STDERR_REDIRECT] 
2025-08-26 07:14:50,941 [ERROR] LogOutputStream:75 - [STDERR_REDIRECT] [Fatal Error] :1:1: Premature end of file.
2025-08-26 07:14:50,941 [ERROR] LogOutputStream:75 - [STDERR_REDIRECT] 
2025-08-26 07:14:51,934 [ERROR] LogOutputStream:75 - [STDERR_REDIRECT] [Fatal Error] :1:1: Premature end of file.
2025-08-26 07:14:51,935 [ERROR] LogOutputStream:75 - [STDERR_REDIRECT] 
2025-08-26 07:14:52,942 [ERROR] LogOutputStream:75 - [STDERR_REDIRECT] [Fatal Error] :1:1: Premature end of file.
2025-08-26 07:14:52,943 [ERROR] LogOutputStream:75 - [STDERR_REDIRECT] 
2025-08-26 07:14:53,952 [ERROR] LogOutputStream:75 - [STDERR_REDIRECT] [Fatal Error] :1:1: Premature end of file.
2025-08-26 07:14:53,952 [ERROR] LogOutputStream:75 - [STDERR_REDIRECT] 
2025-08-26 07:14:54,954 [ERROR] LogOutputStream:75 - [STDERR_REDIRECT] [Fatal Error] :1:1: Premature end of file.
2025-08-26 07:14:54,954 [ERROR] LogOutputStream:75 - [STDERR_REDIRECT] 
2025-08-26 07:14:55,961 [ERROR] LogOutputStream:75 - [STDERR_REDIRECT] [Fatal Error] :1:1: Premature end of file.
2025-08-26 07:14:55,962 [ERROR] LogOutputStream:75 - [STDERR_REDIRECT] 
2025-08-26 07:14:56,942 [ERROR] LogOutputStream:75 - [STDERR_REDIRECT] [Fatal Error] :1:1: Premature end of file.
2025-08-26 07:14:56,942 [ERROR] LogOutputStream:75 - [STDERR_REDIRECT] 
2025-08-26 07:14:57,938 [ERROR] LogOutputStream:75 - [STDERR_REDIRECT] [Fatal Error] :1:1: Premature end of file.
2025-08-26 07:14:57,939 [ERROR] LogOutputStream:75 - [STDERR_REDIRECT] 
2025-08-26 07:14:58,944 [ERROR] LogOutputStream:75 - [STDERR_REDIRECT] [Fatal Error] :1:1: Premature end of file.
2025-08-26 07:14:58,944 [ERROR] LogOutputStream:75 - [STDERR_REDIRECT] 
2025-08-26 07:14:59,962 [ERROR] LogOutputStream:75 - [STDERR_REDIRECT] [Fatal Error] :1:1: Premature end of file.
2025-08-26 07:14:59,962 [ERROR] LogOutputStream:75 - [STDERR_REDIRECT] 
2025-08-26 07:15:00,964 [ERROR] LogOutputStream:75 - [STDERR_REDIRECT] [Fatal Error] :1:1: Premature end of file.
2025-08-26 07:15:00,964 [ERROR] LogOutputStream:75 - [STDERR_REDIRECT] 
2025-08-26 07:15:01,948 [ERROR] LogOutputStream:75 - [STDERR_REDIRECT] [Fatal Error] :1:1: Premature end of file.
2025-08-26 07:15:01,948 [ERROR] LogOutputStream:75 - [STDERR_REDIRECT] 
2025-08-26 07:15:02,941 [ERROR] LogOutputStream:75 - [STDERR_REDIRECT] [Fatal Error] :1:1: Premature end of file.
2025-08-26 07:15:02,941 [ERROR] LogOutputStream:75 - [STDERR_REDIRECT] 
2025-08-26 07:15:03,942 [ERROR] LogOutputStream:75 - [STDERR_REDIRECT] [Fatal Error] :1:1: Premature end of file.
2025-08-26 07:15:03,942 [ERROR] LogOutputStream:75 - [STDERR_REDIRECT] 
2025-08-26 07:15:04,949 [ERROR] LogOutputStream:75 - [STDERR_REDIRECT] [Fatal Error] :1:1: Premature end of file.
2025-08-26 07:15:04,949 [ERROR] LogOutputStream:75 - [STDERR_REDIRECT] 
2025-08-26 07:15:05,940 [ERROR] LogOutputStream:75 - [STDERR_REDIRECT] [Fatal Error] :1:1: Premature end of file.
2025-08-26 07:15:05,940 [ERROR] LogOutputStream:75 - [STDERR_REDIRECT] 
2025-08-26 07:15:06,954 [ERROR] LogOutputStream:75 - [STDERR_REDIRECT] [Fatal Error] :1:1: Premature end of file.
2025-08-26 07:15:06,954 [ERROR] LogOutputStream:75 - [STDERR_REDIRECT] 
2025-08-26 07:15:07,957 [ERROR] LogOutputStream:75 - [STDERR_REDIRECT] [Fatal Error] :1:1: Premature end of file.
2025-08-26 07:15:07,957 [ERROR] LogOutputStream:75 - [STDERR_REDIRECT] 
2025-08-26 07:15:08,937 [ERROR] LogOutputStream:75 - [STDERR_REDIRECT] [Fatal Error] :1:1: Premature end of file.
2025-08-26 07:15:08,937 [ERROR] LogOutputStream:75 - [STDERR_REDIRECT] 
2025-08-26 07:15:09,958 [ERROR] LogOutputStream:75 - [STDERR_REDIRECT] [Fatal Error] :1:1: Premature end of file.
2025-08-26 07:15:09,958 [ERROR] LogOutputStream:75 - [STDERR_REDIRECT] 
2025-08-26 07:15:10,950 [ERROR] LogOutputStream:75 - [STDERR_REDIRECT] [Fatal Error] :1:1: Premature end of file.
2025-08-26 07:15:10,950 [ERROR] LogOutputStream:75 - [STDERR_REDIRECT] 
2025-08-26 07:15:11,952 [ERROR] LogOutputStream:75 - [STDERR_REDIRECT] [Fatal Error] :1:1: Premature end of file.
2025-08-26 07:15:11,952 [ERROR] LogOutputStream:75 - [STDERR_REDIRECT] 
2025-08-26 07:15:12,952 [ERROR] LogOutputStream:75 - [STDERR_REDIRECT] [Fatal Error] :1:1: Premature end of file.
2025-08-26 07:15:12,952 [ERROR] LogOutputStream:75 - [STDERR_REDIRECT] 
2025-08-26 07:15:13,957 [ERROR] LogOutputStream:75 - [STDERR_REDIRECT] [Fatal Error] :1:1: Premature end of file.
2025-08-26 07:15:13,957 [ERROR] LogOutputStream:75 - [STDERR_REDIRECT] 
2025-08-26 07:15:14,952 [ERROR] LogOutputStream:75 - [STDERR_REDIRECT] [Fatal Error] :1:1: Premature end of file.
2025-08-26 07:15:14,952 [ERROR] LogOutputStream:75 - [STDERR_REDIRECT] 
2025-08-26 07:15:15,947 [ERROR] LogOutputStream:75 - [STDERR_REDIRECT] [Fatal Error] :1:1: Premature end of file.
2025-08-26 07:15:15,948 [ERROR] LogOutputStream:75 - [STDERR_REDIRECT] 
2025-08-26 07:15:16,955 [ERROR] LogOutputStream:75 - [STDERR_REDIRECT] [Fatal Error] :1:1: Premature end of file.
2025-08-26 07:15:16,955 [ERROR] LogOutputStream:75 - [STDERR_REDIRECT] 
2025-08-26 07:15:17,956 [ERROR] LogOutputStream:75 - [STDERR_REDIRECT] [Fatal Error] :1:1: Premature end of file.
2025-08-26 07:15:17,956 [ERROR] LogOutputStream:75 - [STDERR_REDIRECT] 
2025-08-26 07:15:18,951 [ERROR] LogOutputStream:75 - [STDERR_REDIRECT] [Fatal Error] :1:1: Premature end of file.
2025-08-26 07:15:18,951 [ERROR] LogOutputStream:75 - [STDERR_REDIRECT] 
2025-08-26 07:15:19,954 [ERROR] LogOutputStream:75 - [STDERR_REDIRECT] [Fatal Error] :1:1: Premature end of file.
2025-08-26 07:15:19,954 [ERROR] LogOutputStream:75 - [STDERR_REDIRECT] 
2025-08-26 07:15:20,947 [ERROR] LogOutputStream:75 - [STDERR_REDIRECT] [Fatal Error] :1:1: Premature end of file.
2025-08-26 07:15:20,947 [ERROR] LogOutputStream:75 - [STDERR_REDIRECT] 
2025-08-26 07:15:21,956 [ERROR] LogOutputStream:75 - [STDERR_REDIRECT] [Fatal Error] :1:1: Premature end of file.
2025-08-26 07:15:21,956 [ERROR] LogOutputStream:75 - [STDERR_REDIRECT] 
2025-08-26 07:15:22,955 [ERROR] LogOutputStream:75 - [STDERR_REDIRECT] [Fatal Error] :1:1: Premature end of file.
2025-08-26 07:15:22,955 [ERROR] LogOutputStream:75 - [STDERR_REDIRECT] 
2025-08-26 07:15:23,946 [ERROR] LogOutputStream:75 - [STDERR_REDIRECT] [Fatal Error] :1:1: Premature end of file.
2025-08-26 07:15:23,946 [ERROR] LogOutputStream:75 - [STDERR_REDIRECT] 
2025-08-26 07:15:24,957 [ERROR] LogOutputStream:75 - [STDERR_REDIRECT] [Fatal Error] :1:1: Premature end of file.
2025-08-26 07:15:24,958 [ERROR] LogOutputStream:75 - [STDERR_REDIRECT] 
2025-08-26 07:15:25,948 [ERROR] LogOutputStream:75 - [STDERR_REDIRECT] [Fatal Error] :1:1: Premature end of file.
2025-08-26 07:15:25,948 [ERROR] LogOutputStream:75 - [STDERR_REDIRECT] 
2025-08-26 07:15:26,951 [ERROR] LogOutputStream:75 - [STDERR_REDIRECT] [Fatal Error] :1:1: Premature end of file.
2025-08-26 07:15:26,951 [ERROR] LogOutputStream:75 - [STDERR_REDIRECT] 
2025-08-26 07:15:27,954 [ERROR] LogOutputStream:75 - [STDERR_REDIRECT] [Fatal Error] :1:1: Premature end of file.
2025-08-26 07:15:27,954 [ERROR] LogOutputStream:75 - [STDERR_REDIRECT] 
2025-08-26 07:15:28,953 [ERROR] LogOutputStream:75 - [STDERR_REDIRECT] [Fatal Error] :1:1: Premature end of file.
2025-08-26 07:15:28,953 [ERROR] LogOutputStream:75 - [STDERR_REDIRECT] 
2025-08-26 07:15:29,945 [ERROR] LogOutputStream:75 - [STDERR_REDIRECT] [Fatal Error] :1:1: Premature end of file.
2025-08-26 07:15:29,945 [ERROR] LogOutputStream:75 - [STDERR_REDIRECT] 
2025-08-26 07:15:30,942 [ERROR] LogOutputStream:75 - [STDERR_REDIRECT] [Fatal Error] :1:1: Premature end of file.
2025-08-26 07:15:30,942 [ERROR] LogOutputStream:75 - [STDERR_REDIRECT] 
2025-08-26 07:15:31,939 [ERROR] LogOutputStream:75 - [STDERR_REDIRECT] [Fatal Error] :1:1: Premature end of file.
2025-08-26 07:15:31,939 [ERROR] LogOutputStream:75 - [STDERR_REDIRECT] 
2025-08-26 07:15:32,954 [ERROR] LogOutputStream:75 - [STDERR_REDIRECT] [Fatal Error] :1:1: Premature end of file.
2025-08-26 07:15:32,955 [ERROR] LogOutputStream:75 - [STDERR_REDIRECT] 
2025-08-26 07:15:33,949 [ERROR] LogOutputStream:75 - [STDERR_REDIRECT] [Fatal Error] :1:1: Premature end of file.
2025-08-26 07:15:33,949 [ERROR] LogOutputStream:75 - [STDERR_REDIRECT] 
2025-08-26 07:15:34,954 [ERROR] LogOutputStream:75 - [STDERR_REDIRECT] [Fatal Error] :1:1: Premature end of file.
2025-08-26 07:15:34,954 [ERROR] LogOutputStream:75 - [STDERR_REDIRECT] 
2025-08-26 07:15:35,955 [ERROR] LogOutputStream:75 - [STDERR_REDIRECT] [Fatal Error] :1:1: Premature end of file.
2025-08-26 07:15:35,955 [ERROR] LogOutputStream:75 - [STDERR_REDIRECT] 
2025-08-26 07:15:36,956 [ERROR] LogOutputStream:75 - [STDERR_REDIRECT] [Fatal Error] :1:1: Premature end of file.
2025-08-26 07:15:36,957 [ERROR] LogOutputStream:75 - [STDERR_REDIRECT] 
2025-08-26 07:15:37,953 [ERROR] LogOutputStream:75 - [STDERR_REDIRECT] [Fatal Error] :1:1: Premature end of file.
2025-08-26 07:15:37,953 [ERROR] LogOutputStream:75 - [STDERR_REDIRECT] 
2025-08-26 07:15:38,961 [ERROR] LogOutputStream:75 - [STDERR_REDIRECT] [Fatal Error] :1:1: Premature end of file.
2025-08-26 07:15:38,961 [ERROR] LogOutputStream:75 - [STDERR_REDIRECT] 
2025-08-26 07:15:39,941 [ERROR] LogOutputStream:75 - [STDERR_REDIRECT] [Fatal Error] :1:1: Premature end of file.
2025-08-26 07:15:39,941 [ERROR] LogOutputStream:75 - [STDERR_REDIRECT] 
2025-08-26 07:15:40,938 [ERROR] LogOutputStream:75 - [STDERR_REDIRECT] [Fatal Error] :1:1: Premature end of file.
2025-08-26 07:15:40,938 [ERROR] LogOutputStream:75 - [STDERR_REDIRECT] 
2025-08-26 07:15:41,948 [ERROR] LogOutputStream:75 - [STDERR_REDIRECT] [Fatal Error] :1:1: Premature end of file.
2025-08-26 07:15:41,949 [ERROR] LogOutputStream:75 - [STDERR_REDIRECT] 
2025-08-26 07:15:42,955 [ERROR] LogOutputStream:75 - [STDERR_REDIRECT] [Fatal Error] :1:1: Premature end of file.
2025-08-26 07:15:42,956 [ERROR] LogOutputStream:75 - [STDERR_REDIRECT] 
2025-08-26 07:15:43,964 [ERROR] LogOutputStream:75 - [STDERR_REDIRECT] [Fatal Error] :1:1: Premature end of file.
2025-08-26 07:15:43,964 [ERROR] LogOutputStream:75 - [STDERR_REDIRECT] 
2025-08-26 07:15:44,949 [ERROR] LogOutputStream:75 - [STDERR_REDIRECT] [Fatal Error] :1:1: Premature end of file.
2025-08-26 07:15:44,950 [ERROR] LogOutputStream:75 - [STDERR_REDIRECT] 
2025-08-26 07:15:45,956 [ERROR] LogOutputStream:75 - [STDERR_REDIRECT] [Fatal Error] :1:1: Premature end of file.
2025-08-26 07:15:45,956 [ERROR] LogOutputStream:75 - [STDERR_REDIRECT] 
2025-08-26 07:15:46,964 [ERROR] LogOutputStream:75 - [STDERR_REDIRECT] [Fatal Error] :1:1: Premature end of file.
2025-08-26 07:15:46,964 [ERROR] LogOutputStream:75 - [STDERR_REDIRECT] 
2025-08-26 07:15:47,953 [ERROR] LogOutputStream:75 - [STDERR_REDIRECT] [Fatal Error] :1:1: Premature end of file.
2025-08-26 07:15:47,954 [ERROR] LogOutputStream:75 - [STDERR_REDIRECT] 
2025-08-26 07:15:48,949 [ERROR] LogOutputStream:75 - [STDERR_REDIRECT] [Fatal Error] :1:1: Premature end of file.
2025-08-26 07:15:48,949 [ERROR] LogOutputStream:75 - [STDERR_REDIRECT] 
2025-08-26 07:15:49,951 [ERROR] LogOutputStream:75 - [STDERR_REDIRECT] [Fatal Error] :1:1: Premature end of file.
2025-08-26 07:15:49,951 [ERROR] LogOutputStream:75 - [STDERR_REDIRECT] 
2025-08-26 07:15:50,933 [ERROR] LogOutputStream:75 - [STDERR_REDIRECT] [Fatal Error] :1:1: Premature end of file.
2025-08-26 07:15:50,933 [ERROR] LogOutputStream:75 - [STDERR_REDIRECT] 
2025-08-26 07:15:51,960 [ERROR] LogOutputStream:75 - [STDERR_REDIRECT] [Fatal Error] :1:1: Premature end of file.
2025-08-26 07:15:51,960 [ERROR] LogOutputStream:75 - [STDERR_REDIRECT] 
2025-08-26 07:15:52,951 [ERROR] LogOutputStream:75 - [STDERR_REDIRECT] [Fatal Error] :1:1: Premature end of file.
2025-08-26 07:15:52,952 [ERROR] LogOutputStream:75 - [STDERR_REDIRECT] 
2025-08-26 07:15:53,947 [ERROR] LogOutputStream:75 - [STDERR_REDIRECT] [Fatal Error] :1:1: Premature end of file.
2025-08-26 07:15:53,947 [ERROR] LogOutputStream:75 - [STDERR_REDIRECT] 
2025-08-26 07:15:54,950 [ERROR] LogOutputStream:75 - [STDERR_REDIRECT] [Fatal Error] :1:1: Premature end of file.
2025-08-26 07:15:54,950 [ERROR] LogOutputStream:75 - [STDERR_REDIRECT] 
2025-08-26 07:15:55,948 [ERROR] LogOutputStream:75 - [STDERR_REDIRECT] [Fatal Error] :1:1: Premature end of file.
2025-08-26 07:15:55,948 [ERROR] LogOutputStream:75 - [STDERR_REDIRECT] 
2025-08-26 07:15:56,966 [ERROR] LogOutputStream:75 - [STDERR_REDIRECT] [Fatal Error] :1:1: Premature end of file.
2025-08-26 07:15:56,967 [ERROR] LogOutputStream:75 - [STDERR_REDIRECT] 
2025-08-26 07:15:57,954 [ERROR] LogOutputStream:75 - [STDERR_REDIRECT] [Fatal Error] :1:1: Premature end of file.
2025-08-26 07:15:57,954 [ERROR] LogOutputStream:75 - [STDERR_REDIRECT] 
2025-08-26 07:15:58,951 [ERROR] LogOutputStream:75 - [STDERR_REDIRECT] [Fatal Error] :1:1: Premature end of file.
2025-08-26 07:15:58,951 [ERROR] LogOutputStream:75 - [STDERR_REDIRECT] 
2025-08-26 07:15:59,954 [ERROR] LogOutputStream:75 - [STDERR_REDIRECT] [Fatal Error] :1:1: Premature end of file.
2025-08-26 07:15:59,954 [ERROR] LogOutputStream:75 - [STDERR_REDIRECT] 
2025-08-26 07:16:00,947 [ERROR] LogOutputStream:75 - [STDERR_REDIRECT] [Fatal Error] :1:1: Premature end of file.
2025-08-26 07:16:00,947 [ERROR] LogOutputStream:75 - [STDERR_REDIRECT] 
2025-08-26 07:16:01,961 [ERROR] LogOutputStream:75 - [STDERR_REDIRECT] [Fatal Error] :1:1: Premature end of file.
2025-08-26 07:16:01,961 [ERROR] LogOutputStream:75 - [STDERR_REDIRECT] 
2025-08-26 07:16:02,951 [ERROR] LogOutputStream:75 - [STDERR_REDIRECT] [Fatal Error] :1:1: Premature end of file.
2025-08-26 07:16:02,951 [ERROR] LogOutputStream:75 - [STDERR_REDIRECT] 
2025-08-26 07:16:03,953 [ERROR] LogOutputStream:75 - [STDERR_REDIRECT] [Fatal Error] :1:1: Premature end of file.
2025-08-26 07:16:03,953 [ERROR] LogOutputStream:75 - [STDERR_REDIRECT] 
2025-08-26 07:16:04,943 [ERROR] LogOutputStream:75 - [STDERR_REDIRECT] [Fatal Error] :1:1: Premature end of file.
2025-08-26 07:16:04,943 [ERROR] LogOutputStream:75 - [STDERR_REDIRECT] 
2025-08-26 07:16:05,942 [ERROR] LogOutputStream:75 - [STDERR_REDIRECT] [Fatal Error] :1:1: Premature end of file.
2025-08-26 07:16:05,942 [ERROR] LogOutputStream:75 - [STDERR_REDIRECT] 
2025-08-26 07:16:06,948 [ERROR] LogOutputStream:75 - [STDERR_REDIRECT] [Fatal Error] :1:1: Premature end of file.
2025-08-26 07:16:06,948 [ERROR] LogOutputStream:75 - [STDERR_REDIRECT] 
2025-08-26 07:16:07,950 [ERROR] LogOutputStream:75 - [STDERR_REDIRECT] [Fatal Error] :1:1: Premature end of file.
2025-08-26 07:16:07,950 [ERROR] LogOutputStream:75 - [STDERR_REDIRECT] 
2025-08-26 07:16:08,955 [ERROR] LogOutputStream:75 - [STDERR_REDIRECT] [Fatal Error] :1:1: Premature end of file.
2025-08-26 07:16:08,955 [ERROR] LogOutputStream:75 - [STDERR_REDIRECT] 
2025-08-26 07:16:09,954 [ERROR] LogOutputStream:75 - [STDERR_REDIRECT] [Fatal Error] :1:1: Premature end of file.
2025-08-26 07:16:09,954 [ERROR] LogOutputStream:75 - [STDERR_REDIRECT] 
2025-08-26 07:16:10,958 [ERROR] LogOutputStream:75 - [STDERR_REDIRECT] [Fatal Error] :1:1: Premature end of file.
2025-08-26 07:16:10,958 [ERROR] LogOutputStream:75 - [STDERR_REDIRECT] 
2025-08-26 07:16:11,952 [ERROR] LogOutputStream:75 - [STDERR_REDIRECT] [Fatal Error] :1:1: Premature end of file.
2025-08-26 07:16:11,952 [ERROR] LogOutputStream:75 - [STDERR_REDIRECT] 
2025-08-26 07:16:12,952 [ERROR] LogOutputStream:75 - [STDERR_REDIRECT] [Fatal Error] :1:1: Premature end of file.
2025-08-26 07:16:12,952 [ERROR] LogOutputStream:75 - [STDERR_REDIRECT] 
2025-08-26 07:16:13,945 [ERROR] LogOutputStream:75 - [STDERR_REDIRECT] [Fatal Error] :1:1: Premature end of file.
2025-08-26 07:16:13,945 [ERROR] LogOutputStream:75 - [STDERR_REDIRECT] 
2025-08-26 07:16:14,943 [ERROR] LogOutputStream:75 - [STDERR_REDIRECT] [Fatal Error] :1:1: Premature end of file.
2025-08-26 07:16:14,943 [ERROR] LogOutputStream:75 - [STDERR_REDIRECT] 
2025-08-26 07:16:15,961 [ERROR] LogOutputStream:75 - [STDERR_REDIRECT] [Fatal Error] :1:1: Premature end of file.
2025-08-26 07:16:15,961 [ERROR] LogOutputStream:75 - [STDERR_REDIRECT] 
2025-08-26 07:16:16,934 [ERROR] LogOutputStream:75 - [STDERR_REDIRECT] [Fatal Error] :1:1: Premature end of file.
2025-08-26 07:16:16,934 [ERROR] LogOutputStream:75 - [STDERR_REDIRECT] 
2025-08-26 07:16:17,941 [ERROR] LogOutputStream:75 - [STDERR_REDIRECT] [Fatal Error] :1:1: Premature end of file.
2025-08-26 07:16:17,942 [ERROR] LogOutputStream:75 - [STDERR_REDIRECT] 
2025-08-26 07:16:18,944 [ERROR] LogOutputStream:75 - [STDERR_REDIRECT] [Fatal Error] :1:1: Premature end of file.
2025-08-26 07:16:18,944 [ERROR] LogOutputStream:75 - [STDERR_REDIRECT] 
2025-08-26 07:16:19,966 [ERROR] LogOutputStream:75 - [STDERR_REDIRECT] [Fatal Error] :1:1: Premature end of file.
2025-08-26 07:16:19,967 [ERROR] LogOutputStream:75 - [STDERR_REDIRECT] 
2025-08-26 07:16:20,956 [ERROR] LogOutputStream:75 - [STDERR_REDIRECT] [Fatal Error] :1:1: Premature end of file.
2025-08-26 07:16:20,957 [ERROR] LogOutputStream:75 - [STDERR_REDIRECT] 
2025-08-26 07:16:21,963 [ERROR] LogOutputStream:75 - [STDERR_REDIRECT] [Fatal Error] :1:1: Premature end of file.
2025-08-26 07:16:21,963 [ERROR] LogOutputStream:75 - [STDERR_REDIRECT] 
2025-08-26 07:16:22,945 [ERROR] LogOutputStream:75 - [STDERR_REDIRECT] [Fatal Error] :1:1: Premature end of file.
2025-08-26 07:16:22,945 [ERROR] LogOutputStream:75 - [STDERR_REDIRECT] 
2025-08-26 07:16:23,962 [ERROR] LogOutputStream:75 - [STDERR_REDIRECT] [Fatal Error] :1:1: Premature end of file.
2025-08-26 07:16:23,962 [ERROR] LogOutputStream:75 - [STDERR_REDIRECT] 
2025-08-26 07:16:24,942 [ERROR] LogOutputStream:75 - [STDERR_REDIRECT] [Fatal Error] :1:1: Premature end of file.
2025-08-26 07:16:24,942 [ERROR] LogOutputStream:75 - [STDERR_REDIRECT] 
2025-08-26 07:16:25,961 [ERROR] LogOutputStream:75 - [STDERR_REDIRECT] [Fatal Error] :1:1: Premature end of file.
2025-08-26 07:16:25,961 [ERROR] LogOutputStream:75 - [STDERR_REDIRECT] 
2025-08-26 07:16:26,955 [ERROR] LogOutputStream:75 - [STDERR_REDIRECT] [Fatal Error] :1:1: Premature end of file.
2025-08-26 07:16:26,956 [ERROR] LogOutputStream:75 - [STDERR_REDIRECT] 
2025-08-26 07:16:27,968 [ERROR] LogOutputStream:75 - [STDERR_REDIRECT] [Fatal Error] :1:1: Premature end of file.
2025-08-26 07:16:27,968 [ERROR] LogOutputStream:75 - [STDERR_REDIRECT] 
2025-08-26 07:16:28,956 [ERROR] LogOutputStream:75 - [STDERR_REDIRECT] [Fatal Error] :1:1: Premature end of file.
2025-08-26 07:16:28,956 [ERROR] LogOutputStream:75 - [STDERR_REDIRECT] 
2025-08-26 07:16:29,950 [ERROR] LogOutputStream:75 - [STDERR_REDIRECT] [Fatal Error] :1:1: Premature end of file.
2025-08-26 07:16:29,950 [ERROR] LogOutputStream:75 - [STDERR_REDIRECT] 
2025-08-26 07:16:30,941 [ERROR] LogOutputStream:75 - [STDERR_REDIRECT] [Fatal Error] :1:1: Premature end of file.
2025-08-26 07:16:30,941 [ERROR] LogOutputStream:75 - [STDERR_REDIRECT] 
2025-08-26 07:16:31,966 [ERROR] LogOutputStream:75 - [STDERR_REDIRECT] [Fatal Error] :1:1: Premature end of file.
2025-08-26 07:16:31,966 [ERROR] LogOutputStream:75 - [STDERR_REDIRECT] 
2025-08-26 07:16:32,952 [ERROR] LogOutputStream:75 - [STDERR_REDIRECT] [Fatal Error] :1:1: Premature end of file.
2025-08-26 07:16:32,952 [ERROR] LogOutputStream:75 - [STDERR_REDIRECT] 
2025-08-26 07:16:33,964 [ERROR] LogOutputStream:75 - [STDERR_REDIRECT] [Fatal Error] :1:1: Premature end of file.
2025-08-26 07:16:33,967 [ERROR] LogOutputStream:75 - [STDERR_REDIRECT] 
2025-08-26 07:16:34,952 [ERROR] LogOutputStream:75 - [STDERR_REDIRECT] [Fatal Error] :1:1: Premature end of file.
2025-08-26 07:16:34,952 [ERROR] LogOutputStream:75 - [STDERR_REDIRECT] 
2025-08-26 07:16:35,954 [ERROR] LogOutputStream:75 - [STDERR_REDIRECT] [Fatal Error] :1:1: Premature end of file.
2025-08-26 07:16:35,954 [ERROR] LogOutputStream:75 - [STDERR_REDIRECT] 
2025-08-26 07:16:36,949 [ERROR] LogOutputStream:75 - [STDERR_REDIRECT] [Fatal Error] :1:1: Premature end of file.
2025-08-26 07:16:36,949 [ERROR] LogOutputStream:75 - [STDERR_REDIRECT] 
2025-08-26 07:16:37,960 [ERROR] LogOutputStream:75 - [STDERR_REDIRECT] [Fatal Error] :1:1: Premature end of file.
2025-08-26 07:16:37,960 [ERROR] LogOutputStream:75 - [STDERR_REDIRECT] 
2025-08-26 07:16:38,962 [ERROR] LogOutputStream:75 - [STDERR_REDIRECT] [Fatal Error] :1:1: Premature end of file.
2025-08-26 07:16:38,963 [ERROR] LogOutputStream:75 - [STDERR_REDIRECT] 
2025-08-26 07:16:39,951 [ERROR] LogOutputStream:75 - [STDERR_REDIRECT] [Fatal Error] :1:1: Premature end of file.
2025-08-26 07:16:39,951 [ERROR] LogOutputStream:75 - [STDERR_REDIRECT] 
2025-08-26 07:16:40,952 [ERROR] LogOutputStream:75 - [STDERR_REDIRECT] [Fatal Error] :1:1: Premature end of file.
2025-08-26 07:16:40,952 [ERROR] LogOutputStream:75 - [STDERR_REDIRECT] 
2025-08-26 07:16:41,956 [ERROR] LogOutputStream:75 - [STDERR_REDIRECT] [Fatal Error] :1:1: Premature end of file.
2025-08-26 07:16:41,956 [ERROR] LogOutputStream:75 - [STDERR_REDIRECT] 
2025-08-26 07:16:42,954 [ERROR] LogOutputStream:75 - [STDERR_REDIRECT] [Fatal Error] :1:1: Premature end of file.
2025-08-26 07:16:42,954 [ERROR] LogOutputStream:75 - [STDERR_REDIRECT] 
2025-08-26 07:16:43,947 [ERROR] LogOutputStream:75 - [STDERR_REDIRECT] [Fatal Error] :1:1: Premature end of file.
2025-08-26 07:16:43,947 [ERROR] LogOutputStream:75 - [STDERR_REDIRECT] 
2025-08-26 07:16:44,962 [ERROR] LogOutputStream:75 - [STDERR_REDIRECT] [Fatal Error] :1:1: Premature end of file.
2025-08-26 07:16:44,962 [ERROR] LogOutputStream:75 - [STDERR_REDIRECT] 
2025-08-26 07:16:45,944 [ERROR] LogOutputStream:75 - [STDERR_REDIRECT] [Fatal Error] :1:1: Premature end of file.
2025-08-26 07:16:45,944 [ERROR] LogOutputStream:75 - [STDERR_REDIRECT] 
2025-08-26 07:16:46,949 [ERROR] LogOutputStream:75 - [STDERR_REDIRECT] [Fatal Error] :1:1: Premature end of file.
2025-08-26 07:16:46,949 [ERROR] LogOutputStream:75 - [STDERR_REDIRECT] 
2025-08-26 07:16:47,957 [ERROR] LogOutputStream:75 - [STDERR_REDIRECT] [Fatal Error] :1:1: Premature end of file.
2025-08-26 07:16:47,957 [ERROR] LogOutputStream:75 - [STDERR_REDIRECT] 
2025-08-26 07:16:48,946 [ERROR] LogOutputStream:75 - [STDERR_REDIRECT] [Fatal Error] :1:1: Premature end of file.
2025-08-26 07:16:48,946 [ERROR] LogOutputStream:75 - [STDERR_REDIRECT] 
2025-08-26 07:16:49,952 [ERROR] LogOutputStream:75 - [STDERR_REDIRECT] [Fatal Error] :1:1: Premature end of file.
2025-08-26 07:16:49,952 [ERROR] LogOutputStream:75 - [STDERR_REDIRECT] 
2025-08-26 07:16:50,955 [ERROR] LogOutputStream:75 - [STDERR_REDIRECT] [Fatal Error] :1:1: Premature end of file.
2025-08-26 07:16:50,956 [ERROR] LogOutputStream:75 - [STDERR_REDIRECT] 
2025-08-26 07:16:51,936 [ERROR] LogOutputStream:75 - [STDERR_REDIRECT] [Fatal Error] :1:1: Premature end of file.
2025-08-26 07:16:51,936 [ERROR] LogOutputStream:75 - [STDERR_REDIRECT] 
2025-08-26 07:16:52,960 [ERROR] LogOutputStream:75 - [STDERR_REDIRECT] [Fatal Error] :1:1: Premature end of file.
2025-08-26 07:16:52,960 [ERROR] LogOutputStream:75 - [STDERR_REDIRECT] 
2025-08-26 07:16:53,945 [ERROR] LogOutputStream:75 - [STDERR_REDIRECT] [Fatal Error] :1:1: Premature end of file.
2025-08-26 07:16:53,945 [ERROR] LogOutputStream:75 - [STDERR_REDIRECT] 
2025-08-26 07:16:54,957 [ERROR] LogOutputStream:75 - [STDERR_REDIRECT] [Fatal Error] :1:1: Premature end of file.
2025-08-26 07:16:54,957 [ERROR] LogOutputStream:75 - [STDERR_REDIRECT] 
2025-08-26 07:16:55,955 [ERROR] LogOutputStream:75 - [STDERR_REDIRECT] [Fatal Error] :1:1: Premature end of file.
2025-08-26 07:16:55,955 [ERROR] LogOutputStream:75 - [STDERR_REDIRECT] 
2025-08-26 07:16:56,948 [ERROR] LogOutputStream:75 - [STDERR_REDIRECT] [Fatal Error] :1:1: Premature end of file.
2025-08-26 07:16:56,948 [ERROR] LogOutputStream:75 - [STDERR_REDIRECT] 
2025-08-26 07:16:57,960 [ERROR] LogOutputStream:75 - [STDERR_REDIRECT] [Fatal Error] :1:1: Premature end of file.
2025-08-26 07:16:57,960 [ERROR] LogOutputStream:75 - [STDERR_REDIRECT] 
2025-08-26 07:16:58,946 [ERROR] LogOutputStream:75 - [STDERR_REDIRECT] [Fatal Error] :1:1: Premature end of file.
2025-08-26 07:16:58,946 [ERROR] LogOutputStream:75 - [STDERR_REDIRECT] 
2025-08-26 07:16:59,959 [ERROR] LogOutputStream:75 - [STDERR_REDIRECT] [Fatal Error] :1:1: Premature end of file.
2025-08-26 07:16:59,960 [ERROR] LogOutputStream:75 - [STDERR_REDIRECT] 
2025-08-26 07:17:00,960 [ERROR] LogOutputStream:75 - [STDERR_REDIRECT] [Fatal Error] :1:1: Premature end of file.
2025-08-26 07:17:00,960 [ERROR] LogOutputStream:75 - [STDERR_REDIRECT] 
2025-08-26 07:17:01,956 [ERROR] LogOutputStream:75 - [STDERR_REDIRECT] [Fatal Error] :1:1: Premature end of file.
2025-08-26 07:17:01,956 [ERROR] LogOutputStream:75 - [STDERR_REDIRECT] 
2025-08-26 07:17:02,944 [ERROR] LogOutputStream:75 - [STDERR_REDIRECT] [Fatal Error] :1:1: Premature end of file.
2025-08-26 07:17:02,944 [ERROR] LogOutputStream:75 - [STDERR_REDIRECT] 
2025-08-26 07:17:03,941 [ERROR] LogOutputStream:75 - [STDERR_REDIRECT] [Fatal Error] :1:1: Premature end of file.
2025-08-26 07:17:03,941 [ERROR] LogOutputStream:75 - [STDERR_REDIRECT] 
2025-08-26 07:17:04,953 [ERROR] LogOutputStream:75 - [STDERR_REDIRECT] [Fatal Error] :1:1: Premature end of file.
2025-08-26 07:17:04,953 [ERROR] LogOutputStream:75 - [STDERR_REDIRECT] 
2025-08-26 07:17:05,945 [ERROR] LogOutputStream:75 - [STDERR_REDIRECT] [Fatal Error] :1:1: Premature end of file.
2025-08-26 07:17:05,945 [ERROR] LogOutputStream:75 - [STDERR_REDIRECT] 
2025-08-26 07:17:06,958 [ERROR] LogOutputStream:75 - [STDERR_REDIRECT] [Fatal Error] :1:1: Premature end of file.
2025-08-26 07:17:06,958 [ERROR] LogOutputStream:75 - [STDERR_REDIRECT] 
2025-08-26 07:17:07,955 [ERROR] LogOutputStream:75 - [STDERR_REDIRECT] [Fatal Error] :1:1: Premature end of file.
2025-08-26 07:17:07,955 [ERROR] LogOutputStream:75 - [STDERR_REDIRECT] 
2025-08-26 07:17:08,960 [ERROR] LogOutputStream:75 - [STDERR_REDIRECT] [Fatal Error] :1:1: Premature end of file.
2025-08-26 07:17:08,960 [ERROR] LogOutputStream:75 - [STDERR_REDIRECT] 
2025-08-26 07:17:09,959 [ERROR] LogOutputStream:75 - [STDERR_REDIRECT] [Fatal Error] :1:1: Premature end of file.
2025-08-26 07:17:09,959 [ERROR] LogOutputStream:75 - [STDERR_REDIRECT] 
2025-08-26 07:17:10,949 [ERROR] LogOutputStream:75 - [STDERR_REDIRECT] [Fatal Error] :1:1: Premature end of file.
2025-08-26 07:17:10,949 [ERROR] LogOutputStream:75 - [STDERR_REDIRECT] 
2025-08-26 07:17:11,961 [ERROR] LogOutputStream:75 - [STDERR_REDIRECT] [Fatal Error] :1:1: Premature end of file.
2025-08-26 07:17:11,961 [ERROR] LogOutputStream:75 - [STDERR_REDIRECT] 
2025-08-26 07:17:12,958 [ERROR] LogOutputStream:75 - [STDERR_REDIRECT] [Fatal Error] :1:1: Premature end of file.
2025-08-26 07:17:12,958 [ERROR] LogOutputStream:75 - [STDERR_REDIRECT] 
2025-08-26 07:17:13,945 [ERROR] LogOutputStream:75 - [STDERR_REDIRECT] [Fatal Error] :1:1: Premature end of file.
2025-08-26 07:17:13,945 [ERROR] LogOutputStream:75 - [STDERR_REDIRECT] 
2025-08-26 07:17:14,959 [ERROR] LogOutputStream:75 - [STDERR_REDIRECT] [Fatal Error] :1:1: Premature end of file.
2025-08-26 07:17:14,959 [ERROR] LogOutputStream:75 - [STDERR_REDIRECT] 
2025-08-26 07:17:15,957 [ERROR] LogOutputStream:75 - [STDERR_REDIRECT] [Fatal Error] :1:1: Premature end of file.
2025-08-26 07:17:15,957 [ERROR] LogOutputStream:75 - [STDERR_REDIRECT] 
2025-08-26 07:17:16,946 [ERROR] LogOutputStream:75 - [STDERR_REDIRECT] [Fatal Error] :1:1: Premature end of file.
2025-08-26 07:17:16,946 [ERROR] LogOutputStream:75 - [STDERR_REDIRECT] 
2025-08-26 07:17:17,960 [ERROR] LogOutputStream:75 - [STDERR_REDIRECT] [Fatal Error] :1:1: Premature end of file.
2025-08-26 07:17:17,960 [ERROR] LogOutputStream:75 - [STDERR_REDIRECT] 
2025-08-26 07:17:18,951 [ERROR] LogOutputStream:75 - [STDERR_REDIRECT] [Fatal Error] :1:1: Premature end of file.
2025-08-26 07:17:18,951 [ERROR] LogOutputStream:75 - [STDERR_REDIRECT] 
2025-08-26 07:17:19,943 [ERROR] LogOutputStream:75 - [STDERR_REDIRECT] [Fatal Error] :1:1: Premature end of file.
2025-08-26 07:17:19,943 [ERROR] LogOutputStream:75 - [STDERR_REDIRECT] 
2025-08-26 07:17:20,947 [ERROR] LogOutputStream:75 - [STDERR_REDIRECT] [Fatal Error] :1:1: Premature end of file.
2025-08-26 07:17:20,948 [ERROR] LogOutputStream:75 - [STDERR_REDIRECT] 
2025-08-26 07:17:21,948 [ERROR] LogOutputStream:75 - [STDERR_REDIRECT] [Fatal Error] :1:1: Premature end of file.
2025-08-26 07:17:21,948 [ERROR] LogOutputStream:75 - [STDERR_REDIRECT] 
2025-08-26 07:17:22,938 [ERROR] LogOutputStream:75 - [STDERR_REDIRECT] [Fatal Error] :1:1: Premature end of file.
2025-08-26 07:17:22,938 [ERROR] LogOutputStream:75 - [STDERR_REDIRECT] 
2025-08-26 07:17:23,952 [ERROR] LogOutputStream:75 - [STDERR_REDIRECT] [Fatal Error] :1:1: Premature end of file.
2025-08-26 07:17:23,952 [ERROR] LogOutputStream:75 - [STDERR_REDIRECT] 
2025-08-26 07:17:24,950 [ERROR] LogOutputStream:75 - [STDERR_REDIRECT] [Fatal Error] :1:1: Premature end of file.
2025-08-26 07:17:24,950 [ERROR] LogOutputStream:75 - [STDERR_REDIRECT] 
2025-08-26 07:17:25,934 [ERROR] LogOutputStream:75 - [STDERR_REDIRECT] [Fatal Error] :1:1: Premature end of file.
2025-08-26 07:17:25,934 [ERROR] LogOutputStream:75 - [STDERR_REDIRECT] 
2025-08-26 07:17:26,943 [ERROR] LogOutputStream:75 - [STDERR_REDIRECT] [Fatal Error] :1:1: Premature end of file.
2025-08-26 07:17:26,943 [ERROR] LogOutputStream:75 - [STDERR_REDIRECT] 
2025-08-26 07:17:27,942 [ERROR] LogOutputStream:75 - [STDERR_REDIRECT] [Fatal Error] :1:1: Premature end of file.
2025-08-26 07:17:27,942 [ERROR] LogOutputStream:75 - [STDERR_REDIRECT] 
2025-08-26 07:17:28,932 [ERROR] LogOutputStream:75 - [STDERR_REDIRECT] [Fatal Error] :1:1: Premature end of file.
2025-08-26 07:17:28,932 [ERROR] LogOutputStream:75 - [STDERR_REDIRECT] 
2025-08-26 07:17:29,935 [ERROR] LogOutputStream:75 - [STDERR_REDIRECT] [Fatal Error] :1:1: Premature end of file.
2025-08-26 07:17:29,935 [ERROR] LogOutputStream:75 - [STDERR_REDIRECT] 
2025-08-26 07:17:30,934 [ERROR] LogOutputStream:75 - [STDERR_REDIRECT] [Fatal Error] :1:1: Premature end of file.
2025-08-26 07:17:30,934 [ERROR] LogOutputStream:75 - [STDERR_REDIRECT] 
2025-08-26 07:17:31,942 [ERROR] LogOutputStream:75 - [STDERR_REDIRECT] [Fatal Error] :1:1: Premature end of file.
2025-08-26 07:17:31,943 [ERROR] LogOutputStream:75 - [STDERR_REDIRECT] 
2025-08-26 07:17:32,935 [ERROR] LogOutputStream:75 - [STDERR_REDIRECT] [Fatal Error] :1:1: Premature end of file.
2025-08-26 07:17:32,935 [ERROR] LogOutputStream:75 - [STDERR_REDIRECT] 
2025-08-26 07:17:33,945 [ERROR] LogOutputStream:75 - [STDERR_REDIRECT] [Fatal Error] :1:1: Premature end of file.
2025-08-26 07:17:33,945 [ERROR] LogOutputStream:75 - [STDERR_REDIRECT] 
2025-08-26 07:17:34,944 [ERROR] LogOutputStream:75 - [STDERR_REDIRECT] [Fatal Error] :1:1: Premature end of file.
2025-08-26 07:17:34,944 [ERROR] LogOutputStream:75 - [STDERR_REDIRECT] 
2025-08-26 07:17:35,951 [ERROR] LogOutputStream:75 - [STDERR_REDIRECT] [Fatal Error] :1:1: Premature end of file.
2025-08-26 07:17:35,951 [ERROR] LogOutputStream:75 - [STDERR_REDIRECT] 
2025-08-26 07:17:36,936 [ERROR] LogOutputStream:75 - [STDERR_REDIRECT] [Fatal Error] :1:1: Premature end of file.
2025-08-26 07:17:36,936 [ERROR] LogOutputStream:75 - [STDERR_REDIRECT] 
2025-08-26 07:17:37,936 [ERROR] LogOutputStream:75 - [STDERR_REDIRECT] [Fatal Error] :1:1: Premature end of file.
2025-08-26 07:17:37,936 [ERROR] LogOutputStream:75 - [STDERR_REDIRECT] 
2025-08-26 07:17:38,947 [ERROR] LogOutputStream:75 - [STDERR_REDIRECT] [Fatal Error] :1:1: Premature end of file.
2025-08-26 07:17:38,947 [ERROR] LogOutputStream:75 - [STDERR_REDIRECT] 
2025-08-26 07:17:39,946 [ERROR] LogOutputStream:75 - [STDERR_REDIRECT] [Fatal Error] :1:1: Premature end of file.
2025-08-26 07:17:39,946 [ERROR] LogOutputStream:75 - [STDERR_REDIRECT] 
2025-08-26 07:17:40,943 [ERROR] LogOutputStream:75 - [STDERR_REDIRECT] [Fatal Error] :1:1: Premature end of file.
2025-08-26 07:17:40,943 [ERROR] LogOutputStream:75 - [STDERR_REDIRECT] 
2025-08-26 07:17:41,944 [ERROR] LogOutputStream:75 - [STDERR_REDIRECT] [Fatal Error] :1:1: Premature end of file.
2025-08-26 07:17:41,944 [ERROR] LogOutputStream:75 - [STDERR_REDIRECT] 
2025-08-26 07:17:42,934 [ERROR] LogOutputStream:75 - [STDERR_REDIRECT] [Fatal Error] :1:1: Premature end of file.
2025-08-26 07:17:42,934 [ERROR] LogOutputStream:75 - [STDERR_REDIRECT] 
2025-08-26 07:17:43,941 [ERROR] LogOutputStream:75 - [STDERR_REDIRECT] [Fatal Error] :1:1: Premature end of file.
2025-08-26 07:17:43,941 [ERROR] LogOutputStream:75 - [STDERR_REDIRECT] 
2025-08-26 07:17:44,943 [ERROR] LogOutputStream:75 - [STDERR_REDIRECT] [Fatal Error] :1:1: Premature end of file.
2025-08-26 07:17:44,943 [ERROR] LogOutputStream:75 - [STDERR_REDIRECT] 
2025-08-26 07:17:45,939 [ERROR] LogOutputStream:75 - [STDERR_REDIRECT] [Fatal Error] :1:1: Premature end of file.
2025-08-26 07:17:45,939 [ERROR] LogOutputStream:75 - [STDERR_REDIRECT] 
2025-08-26 07:17:46,941 [ERROR] LogOutputStream:75 - [STDERR_REDIRECT] [Fatal Error] :1:1: Premature end of file.
2025-08-26 07:17:46,941 [ERROR] LogOutputStream:75 - [STDERR_REDIRECT] 
2025-08-26 07:17:47,938 [ERROR] LogOutputStream:75 - [STDERR_REDIRECT] [Fatal Error] :1:1: Premature end of file.
2025-08-26 07:17:47,938 [ERROR] LogOutputStream:75 - [STDERR_REDIRECT] 
2025-08-26 07:17:48,943 [ERROR] LogOutputStream:75 - [STDERR_REDIRECT] [Fatal Error] :1:1: Premature end of file.
2025-08-26 07:17:48,943 [ERROR] LogOutputStream:75 - [STDERR_REDIRECT] 
2025-08-26 07:17:49,947 [ERROR] LogOutputStream:75 - [STDERR_REDIRECT] [Fatal Error] :1:1: Premature end of file.
2025-08-26 07:17:49,947 [ERROR] LogOutputStream:75 - [STDERR_REDIRECT] 
2025-08-26 07:17:50,942 [ERROR] LogOutputStream:75 - [STDERR_REDIRECT] [Fatal Error] :1:1: Premature end of file.
2025-08-26 07:17:50,942 [ERROR] LogOutputStream:75 - [STDERR_REDIRECT] 
2025-08-26 07:17:51,939 [ERROR] LogOutputStream:75 - [STDERR_REDIRECT] [Fatal Error] :1:1: Premature end of file.
2025-08-26 07:17:51,939 [ERROR] LogOutputStream:75 - [STDERR_REDIRECT] 
2025-08-26 07:17:52,941 [ERROR] LogOutputStream:75 - [STDERR_REDIRECT] [Fatal Error] :1:1: Premature end of file.
2025-08-26 07:17:52,941 [ERROR] LogOutputStream:75 - [STDERR_REDIRECT] 
2025-08-26 07:17:53,946 [ERROR] LogOutputStream:75 - [STDERR_REDIRECT] [Fatal Error] :1:1: Premature end of file.
2025-08-26 07:17:53,946 [ERROR] LogOutputStream:75 - [STDERR_REDIRECT] 
2025-08-26 07:17:54,942 [ERROR] LogOutputStream:75 - [STDERR_REDIRECT] [Fatal Error] :1:1: Premature end of file.
2025-08-26 07:17:54,942 [ERROR] LogOutputStream:75 - [STDERR_REDIRECT] 
2025-08-26 07:17:55,948 [ERROR] LogOutputStream:75 - [STDERR_REDIRECT] [Fatal Error] :1:1: Premature end of file.
2025-08-26 07:17:55,957 [ERROR] LogOutputStream:75 - [STDERR_REDIRECT] 
2025-08-26 07:17:56,946 [ERROR] LogOutputStream:75 - [STDERR_REDIRECT] [Fatal Error] :1:1: Premature end of file.
2025-08-26 07:17:56,946 [ERROR] LogOutputStream:75 - [STDERR_REDIRECT] 
2025-08-26 07:17:57,947 [ERROR] LogOutputStream:75 - [STDERR_REDIRECT] [Fatal Error] :1:1: Premature end of file.
2025-08-26 07:17:57,947 [ERROR] LogOutputStream:75 - [STDERR_REDIRECT] 
2025-08-26 07:17:58,947 [ERROR] LogOutputStream:75 - [STDERR_REDIRECT] [Fatal Error] :1:1: Premature end of file.
2025-08-26 07:17:58,947 [ERROR] LogOutputStream:75 - [STDERR_REDIRECT] 
2025-08-26 07:17:59,956 [ERROR] LogOutputStream:75 - [STDERR_REDIRECT] [Fatal Error] :1:1: Premature end of file.
2025-08-26 07:17:59,956 [ERROR] LogOutputStream:75 - [STDERR_REDIRECT] 
2025-08-26 07:18:00,943 [ERROR] LogOutputStream:75 - [STDERR_REDIRECT] [Fatal Error] :1:1: Premature end of file.
2025-08-26 07:18:00,943 [ERROR] LogOutputStream:75 - [STDERR_REDIRECT] 
2025-08-26 07:18:01,942 [ERROR] LogOutputStream:75 - [STDERR_REDIRECT] [Fatal Error] :1:1: Premature end of file.
2025-08-26 07:18:01,942 [ERROR] LogOutputStream:75 - [STDERR_REDIRECT] 
2025-08-26 07:18:02,939 [ERROR] LogOutputStream:75 - [STDERR_REDIRECT] [Fatal Error] :1:1: Premature end of file.
2025-08-26 07:18:02,939 [ERROR] LogOutputStream:75 - [STDERR_REDIRECT] 
2025-08-26 07:18:03,942 [ERROR] LogOutputStream:75 - [STDERR_REDIRECT] [Fatal Error] :1:1: Premature end of file.
2025-08-26 07:18:03,942 [ERROR] LogOutputStream:75 - [STDERR_REDIRECT] 
2025-08-26 07:18:04,942 [ERROR] LogOutputStream:75 - [STDERR_REDIRECT] [Fatal Error] :1:1: Premature end of file.
2025-08-26 07:18:04,942 [ERROR] LogOutputStream:75 - [STDERR_REDIRECT] 
2025-08-26 07:18:05,955 [ERROR] LogOutputStream:75 - [STDERR_REDIRECT] [Fatal Error] :1:1: Premature end of file.
2025-08-26 07:18:05,955 [ERROR] LogOutputStream:75 - [STDERR_REDIRECT] 
2025-08-26 07:18:06,945 [ERROR] LogOutputStream:75 - [STDERR_REDIRECT] [Fatal Error] :1:1: Premature end of file.
2025-08-26 07:18:06,945 [ERROR] LogOutputStream:75 - [STDERR_REDIRECT] 
2025-08-26 07:18:07,934 [ERROR] LogOutputStream:75 - [STDERR_REDIRECT] [Fatal Error] :1:1: Premature end of file.
2025-08-26 07:18:07,934 [ERROR] LogOutputStream:75 - [STDERR_REDIRECT] 
2025-08-26 07:18:08,947 [ERROR] LogOutputStream:75 - [STDERR_REDIRECT] [Fatal Error] :1:1: Premature end of file.
2025-08-26 07:18:08,947 [ERROR] LogOutputStream:75 - [STDERR_REDIRECT] 
2025-08-26 07:18:09,937 [ERROR] LogOutputStream:75 - [STDERR_REDIRECT] [Fatal Error] :1:1: Premature end of file.
2025-08-26 07:18:09,937 [ERROR] LogOutputStream:75 - [STDERR_REDIRECT] 
2025-08-26 07:18:10,942 [ERROR] LogOutputStream:75 - [STDERR_REDIRECT] [Fatal Error] :1:1: Premature end of file.
2025-08-26 07:18:10,950 [ERROR] LogOutputStream:75 - [STDERR_REDIRECT] 
2025-08-26 07:18:11,944 [ERROR] LogOutputStream:75 - [STDERR_REDIRECT] [Fatal Error] :1:1: Premature end of file.
2025-08-26 07:18:11,944 [ERROR] LogOutputStream:75 - [STDERR_REDIRECT] 
2025-08-26 07:18:12,947 [ERROR] LogOutputStream:75 - [STDERR_REDIRECT] [Fatal Error] :1:1: Premature end of file.
2025-08-26 07:18:12,947 [ERROR] LogOutputStream:75 - [STDERR_REDIRECT] 
2025-08-26 07:18:13,946 [ERROR] LogOutputStream:75 - [STDERR_REDIRECT] [Fatal Error] :1:1: Premature end of file.
2025-08-26 07:18:13,946 [ERROR] LogOutputStream:75 - [STDERR_REDIRECT] 
2025-08-26 07:18:14,945 [ERROR] LogOutputStream:75 - [STDERR_REDIRECT] [Fatal Error] :1:1: Premature end of file.
2025-08-26 07:18:14,945 [ERROR] LogOutputStream:75 - [STDERR_REDIRECT] 
2025-08-26 07:18:15,938 [ERROR] LogOutputStream:75 - [STDERR_REDIRECT] [Fatal Error] :1:1: Premature end of file.
2025-08-26 07:18:15,938 [ERROR] LogOutputStream:75 - [STDERR_REDIRECT] 
2025-08-26 07:18:16,942 [ERROR] LogOutputStream:75 - [STDERR_REDIRECT] [Fatal Error] :1:1: Premature end of file.
2025-08-26 07:18:16,942 [ERROR] LogOutputStream:75 - [STDERR_REDIRECT] 
2025-08-26 07:18:17,946 [ERROR] LogOutputStream:75 - [STDERR_REDIRECT] [Fatal Error] :1:1: Premature end of file.
2025-08-26 07:18:17,946 [ERROR] LogOutputStream:75 - [STDERR_REDIRECT] 
2025-08-26 07:18:18,944 [ERROR] LogOutputStream:75 - [STDERR_REDIRECT] [Fatal Error] :1:1: Premature end of file.
2025-08-26 07:18:18,944 [ERROR] LogOutputStream:75 - [STDERR_REDIRECT] 
2025-08-26 07:18:19,939 [ERROR] LogOutputStream:75 - [STDERR_REDIRECT] [Fatal Error] :1:1: Premature end of file.
2025-08-26 07:18:19,939 [ERROR] LogOutputStream:75 - [STDERR_REDIRECT] 
2025-08-26 07:18:20,944 [ERROR] LogOutputStream:75 - [STDERR_REDIRECT] [Fatal Error] :1:1: Premature end of file.
2025-08-26 07:18:20,944 [ERROR] LogOutputStream:75 - [STDERR_REDIRECT] 
2025-08-26 07:18:21,941 [ERROR] LogOutputStream:75 - [STDERR_REDIRECT] [Fatal Error] :1:1: Premature end of file.
2025-08-26 07:18:21,941 [ERROR] LogOutputStream:75 - [STDERR_REDIRECT] 
2025-08-26 07:18:22,942 [ERROR] LogOutputStream:75 - [STDERR_REDIRECT] [Fatal Error] :1:1: Premature end of file.
2025-08-26 07:18:22,942 [ERROR] LogOutputStream:75 - [STDERR_REDIRECT] 
2025-08-26 07:18:23,946 [ERROR] LogOutputStream:75 - [STDERR_REDIRECT] [Fatal Error] :1:1: Premature end of file.
2025-08-26 07:18:23,946 [ERROR] LogOutputStream:75 - [STDERR_REDIRECT] 
2025-08-26 07:18:24,947 [ERROR] LogOutputStream:75 - [STDERR_REDIRECT] [Fatal Error] :1:1: Premature end of file.
2025-08-26 07:18:24,948 [ERROR] LogOutputStream:75 - [STDERR_REDIRECT] 
2025-08-26 07:18:25,940 [ERROR] LogOutputStream:75 - [STDERR_REDIRECT] [Fatal Error] :1:1: Premature end of file.
2025-08-26 07:18:25,941 [ERROR] LogOutputStream:75 - [STDERR_REDIRECT] 
2025-08-26 07:18:26,946 [ERROR] LogOutputStream:75 - [STDERR_REDIRECT] [Fatal Error] :1:1: Premature end of file.
2025-08-26 07:18:26,946 [ERROR] LogOutputStream:75 - [STDERR_REDIRECT] 
2025-08-26 07:18:27,935 [ERROR] LogOutputStream:75 - [STDERR_REDIRECT] [Fatal Error] :1:1: Premature end of file.
2025-08-26 07:18:27,936 [ERROR] LogOutputStream:75 - [STDERR_REDIRECT] 
2025-08-26 07:18:28,941 [ERROR] LogOutputStream:75 - [STDERR_REDIRECT] [Fatal Error] :1:1: Premature end of file.
2025-08-26 07:18:28,941 [ERROR] LogOutputStream:75 - [STDERR_REDIRECT] 
2025-08-26 07:18:29,942 [ERROR] LogOutputStream:75 - [STDERR_REDIRECT] [Fatal Error] :1:1: Premature end of file.
2025-08-26 07:18:29,942 [ERROR] LogOutputStream:75 - [STDERR_REDIRECT] 
2025-08-26 07:18:30,942 [ERROR] LogOutputStream:75 - [STDERR_REDIRECT] [Fatal Error] :1:1: Premature end of file.
2025-08-26 07:18:30,942 [ERROR] LogOutputStream:75 - [STDERR_REDIRECT] 
2025-08-26 07:18:31,948 [ERROR] LogOutputStream:75 - [STDERR_REDIRECT] [Fatal Error] :1:1: Premature end of file.
2025-08-26 07:18:31,948 [ERROR] LogOutputStream:75 - [STDERR_REDIRECT] 
2025-08-26 07:18:32,942 [ERROR] LogOutputStream:75 - [STDERR_REDIRECT] [Fatal Error] :1:1: Premature end of file.
2025-08-26 07:18:32,942 [ERROR] LogOutputStream:75 - [STDERR_REDIRECT] 
2025-08-26 07:18:33,944 [ERROR] LogOutputStream:75 - [STDERR_REDIRECT] [Fatal Error] :1:1: Premature end of file.
2025-08-26 07:18:33,944 [ERROR] LogOutputStream:75 - [STDERR_REDIRECT] 
2025-08-26 07:18:34,945 [ERROR] LogOutputStream:75 - [STDERR_REDIRECT] [Fatal Error] :1:1: Premature end of file.
2025-08-26 07:18:34,945 [ERROR] LogOutputStream:75 - [STDERR_REDIRECT] 
2025-08-26 07:18:35,946 [ERROR] LogOutputStream:75 - [STDERR_REDIRECT] [Fatal Error] :1:1: Premature end of file.
2025-08-26 07:18:35,946 [ERROR] LogOutputStream:75 - [STDERR_REDIRECT] 
2025-08-26 07:18:36,940 [ERROR] LogOutputStream:75 - [STDERR_REDIRECT] [Fatal Error] :1:1: Premature end of file.
2025-08-26 07:18:36,940 [ERROR] LogOutputStream:75 - [STDERR_REDIRECT] 
2025-08-26 07:18:37,947 [ERROR] LogOutputStream:75 - [STDERR_REDIRECT] [Fatal Error] :1:1: Premature end of file.
2025-08-26 07:18:37,947 [ERROR] LogOutputStream:75 - [STDERR_REDIRECT] 
2025-08-26 07:18:38,940 [ERROR] LogOutputStream:75 - [STDERR_REDIRECT] [Fatal Error] :1:1: Premature end of file.
2025-08-26 07:18:38,940 [ERROR] LogOutputStream:75 - [STDERR_REDIRECT] 
2025-08-26 07:18:39,942 [ERROR] LogOutputStream:75 - [STDERR_REDIRECT] [Fatal Error] :1:1: Premature end of file.
2025-08-26 07:18:39,942 [ERROR] LogOutputStream:75 - [STDERR_REDIRECT] 
2025-08-26 07:18:40,941 [ERROR] LogOutputStream:75 - [STDERR_REDIRECT] [Fatal Error] :1:1: Premature end of file.
2025-08-26 07:18:40,946 [ERROR] LogOutputStream:75 - [STDERR_REDIRECT] 
2025-08-26 07:18:41,942 [ERROR] LogOutputStream:75 - [STDERR_REDIRECT] [Fatal Error] :1:1: Premature end of file.
2025-08-26 07:18:41,942 [ERROR] LogOutputStream:75 - [STDERR_REDIRECT] 
2025-08-26 07:18:42,944 [ERROR] LogOutputStream:75 - [STDERR_REDIRECT] [Fatal Error] :1:1: Premature end of file.
2025-08-26 07:18:42,944 [ERROR] LogOutputStream:75 - [STDERR_REDIRECT] 
2025-08-26 07:18:43,945 [ERROR] LogOutputStream:75 - [STDERR_REDIRECT] [Fatal Error] :1:1: Premature end of file.
2025-08-26 07:18:43,945 [ERROR] LogOutputStream:75 - [STDERR_REDIRECT] 
2025-08-26 07:18:44,942 [ERROR] LogOutputStream:75 - [STDERR_REDIRECT] [Fatal Error] :1:1: Premature end of file.
2025-08-26 07:18:44,942 [ERROR] LogOutputStream:75 - [STDERR_REDIRECT] 
2025-08-26 07:18:45,943 [ERROR] LogOutputStream:75 - [STDERR_REDIRECT] [Fatal Error] :1:1: Premature end of file.
2025-08-26 07:18:45,943 [ERROR] LogOutputStream:75 - [STDERR_REDIRECT] 
2025-08-26 07:18:46,945 [ERROR] LogOutputStream:75 - [STDERR_REDIRECT] [Fatal Error] :1:1: Premature end of file.
2025-08-26 07:18:46,946 [ERROR] LogOutputStream:75 - [STDERR_REDIRECT] 
2025-08-26 07:18:47,936 [ERROR] LogOutputStream:75 - [STDERR_REDIRECT] [Fatal Error] :1:1: Premature end of file.
2025-08-26 07:18:47,936 [ERROR] LogOutputStream:75 - [STDERR_REDIRECT] 
2025-08-26 07:18:48,941 [ERROR] LogOutputStream:75 - [STDERR_REDIRECT] [Fatal Error] :1:1: Premature end of file.
2025-08-26 07:18:48,941 [ERROR] LogOutputStream:75 - [STDERR_REDIRECT] 
2025-08-26 07:18:49,937 [ERROR] LogOutputStream:75 - [STDERR_REDIRECT] [Fatal Error] :1:1: Premature end of file.
2025-08-26 07:18:49,937 [ERROR] LogOutputStream:75 - [STDERR_REDIRECT] 
2025-08-26 07:18:50,950 [ERROR] LogOutputStream:75 - [STDERR_REDIRECT] [Fatal Error] :1:1: Premature end of file.
2025-08-26 07:18:50,950 [ERROR] LogOutputStream:75 - [STDERR_REDIRECT] 
2025-08-26 07:18:51,939 [ERROR] LogOutputStream:75 - [STDERR_REDIRECT] [Fatal Error] :1:1: Premature end of file.
2025-08-26 07:18:51,939 [ERROR] LogOutputStream:75 - [STDERR_REDIRECT] 
2025-08-26 07:18:52,941 [ERROR] LogOutputStream:75 - [STDERR_REDIRECT] [Fatal Error] :1:1: Premature end of file.
2025-08-26 07:18:52,941 [ERROR] LogOutputStream:75 - [STDERR_REDIRECT] 
2025-08-26 07:18:53,947 [ERROR] LogOutputStream:75 - [STDERR_REDIRECT] [Fatal Error] :1:1: Premature end of file.
2025-08-26 07:18:53,947 [ERROR] LogOutputStream:75 - [STDERR_REDIRECT] 
2025-08-26 07:18:54,944 [ERROR] LogOutputStream:75 - [STDERR_REDIRECT] [Fatal Error] :1:1: Premature end of file.
2025-08-26 07:18:54,944 [ERROR] LogOutputStream:75 - [STDERR_REDIRECT] 
2025-08-26 07:18:55,935 [ERROR] LogOutputStream:75 - [STDERR_REDIRECT] [Fatal Error] :1:1: Premature end of file.
2025-08-26 07:18:55,935 [ERROR] LogOutputStream:75 - [STDERR_REDIRECT] 
2025-08-26 07:18:56,943 [ERROR] LogOutputStream:75 - [STDERR_REDIRECT] [Fatal Error] :1:1: Premature end of file.
2025-08-26 07:18:56,944 [ERROR] LogOutputStream:75 - [STDERR_REDIRECT] 
2025-08-26 07:18:57,941 [ERROR] LogOutputStream:75 - [STDERR_REDIRECT] [Fatal Error] :1:1: Premature end of file.
2025-08-26 07:18:57,941 [ERROR] LogOutputStream:75 - [STDERR_REDIRECT] 
2025-08-26 07:18:58,942 [ERROR] LogOutputStream:75 - [STDERR_REDIRECT] [Fatal Error] :1:1: Premature end of file.
2025-08-26 07:18:58,942 [ERROR] LogOutputStream:75 - [STDERR_REDIRECT] 
2025-08-26 07:18:59,943 [ERROR] LogOutputStream:75 - [STDERR_REDIRECT] [Fatal Error] :1:1: Premature end of file.
2025-08-26 07:18:59,943 [ERROR] LogOutputStream:75 - [STDERR_REDIRECT] 
2025-08-26 07:19:00,939 [ERROR] LogOutputStream:75 - [STDERR_REDIRECT] [Fatal Error] :1:1: Premature end of file.
2025-08-26 07:19:00,939 [ERROR] LogOutputStream:75 - [STDERR_REDIRECT] 
2025-08-26 07:19:01,943 [ERROR] LogOutputStream:75 - [STDERR_REDIRECT] [Fatal Error] :1:1: Premature end of file.
2025-08-26 07:19:01,943 [ERROR] LogOutputStream:75 - [STDERR_REDIRECT] 
2025-08-26 07:19:02,942 [ERROR] LogOutputStream:75 - [STDERR_REDIRECT] [Fatal Error] :1:1: Premature end of file.
2025-08-26 07:19:02,942 [ERROR] LogOutputStream:75 - [STDERR_REDIRECT] 
2025-08-26 07:19:03,942 [ERROR] LogOutputStream:75 - [STDERR_REDIRECT] [Fatal Error] :1:1: Premature end of file.
2025-08-26 07:19:03,942 [ERROR] LogOutputStream:75 - [STDERR_REDIRECT] 
2025-08-26 07:19:04,943 [ERROR] LogOutputStream:75 - [STDERR_REDIRECT] [Fatal Error] :1:1: Premature end of file.
2025-08-26 07:19:04,943 [ERROR] LogOutputStream:75 - [STDERR_REDIRECT] 
2025-08-26 07:19:05,953 [ERROR] LogOutputStream:75 - [STDERR_REDIRECT] [Fatal Error] :1:1: Premature end of file.
2025-08-26 07:19:05,953 [ERROR] LogOutputStream:75 - [STDERR_REDIRECT] 
2025-08-26 07:19:06,939 [ERROR] LogOutputStream:75 - [STDERR_REDIRECT] [Fatal Error] :1:1: Premature end of file.
2025-08-26 07:19:06,939 [ERROR] LogOutputStream:75 - [STDERR_REDIRECT] 
2025-08-26 07:19:07,944 [ERROR] LogOutputStream:75 - [STDERR_REDIRECT] [Fatal Error] :1:1: Premature end of file.
2025-08-26 07:19:07,944 [ERROR] LogOutputStream:75 - [STDERR_REDIRECT] 
2025-08-26 07:19:08,942 [ERROR] LogOutputStream:75 - [STDERR_REDIRECT] [Fatal Error] :1:1: Premature end of file.
2025-08-26 07:19:08,942 [ERROR] LogOutputStream:75 - [STDERR_REDIRECT] 
2025-08-26 07:19:09,943 [ERROR] LogOutputStream:75 - [STDERR_REDIRECT] [Fatal Error] :1:1: Premature end of file.
2025-08-26 07:19:09,943 [ERROR] LogOutputStream:75 - [STDERR_REDIRECT] 
2025-08-26 07:19:10,942 [ERROR] LogOutputStream:75 - [STDERR_REDIRECT] [Fatal Error] :1:1: Premature end of file.
2025-08-26 07:19:10,942 [ERROR] LogOutputStream:75 - [STDERR_REDIRECT] 
2025-08-26 07:19:11,941 [ERROR] LogOutputStream:75 - [STDERR_REDIRECT] [Fatal Error] :1:1: Premature end of file.
2025-08-26 07:19:11,941 [ERROR] LogOutputStream:75 - [STDERR_REDIRECT] 
2025-08-26 07:19:12,942 [ERROR] LogOutputStream:75 - [STDERR_REDIRECT] [Fatal Error] :1:1: Premature end of file.
2025-08-26 07:19:12,942 [ERROR] LogOutputStream:75 - [STDERR_REDIRECT] 
2025-08-26 07:19:13,942 [ERROR] LogOutputStream:75 - [STDERR_REDIRECT] [Fatal Error] :1:1: Premature end of file.
2025-08-26 07:19:13,942 [ERROR] LogOutputStream:75 - [STDERR_REDIRECT] 
2025-08-26 07:19:14,943 [ERROR] LogOutputStream:75 - [STDERR_REDIRECT] [Fatal Error] :1:1: Premature end of file.
2025-08-26 07:19:14,943 [ERROR] LogOutputStream:75 - [STDERR_REDIRECT] 
2025-08-26 07:19:15,946 [ERROR] LogOutputStream:75 - [STDERR_REDIRECT] [Fatal Error] :1:1: Premature end of file.
2025-08-26 07:19:15,946 [ERROR] LogOutputStream:75 - [STDERR_REDIRECT] 
2025-08-26 07:19:16,944 [ERROR] LogOutputStream:75 - [STDERR_REDIRECT] [Fatal Error] :1:1: Premature end of file.
2025-08-26 07:19:16,944 [ERROR] LogOutputStream:75 - [STDERR_REDIRECT] 
2025-08-26 07:19:17,941 [ERROR] LogOutputStream:75 - [STDERR_REDIRECT] [Fatal Error] :1:1: Premature end of file.
2025-08-26 07:19:17,941 [ERROR] LogOutputStream:75 - [STDERR_REDIRECT] 
2025-08-26 07:19:18,938 [ERROR] LogOutputStream:75 - [STDERR_REDIRECT] [Fatal Error] :1:1: Premature end of file.
2025-08-26 07:19:18,938 [ERROR] LogOutputStream:75 - [STDERR_REDIRECT] 
2025-08-26 07:19:19,941 [ERROR] LogOutputStream:75 - [STDERR_REDIRECT] [Fatal Error] :1:1: Premature end of file.
2025-08-26 07:19:19,941 [ERROR] LogOutputStream:75 - [STDERR_REDIRECT] 
2025-08-26 07:19:20,943 [ERROR] LogOutputStream:75 - [STDERR_REDIRECT] [Fatal Error] :1:1: Premature end of file.
2025-08-26 07:19:20,943 [ERROR] LogOutputStream:75 - [STDERR_REDIRECT] 
2025-08-26 07:19:21,946 [ERROR] LogOutputStream:75 - [STDERR_REDIRECT] [Fatal Error] :1:1: Premature end of file.
2025-08-26 07:19:21,946 [ERROR] LogOutputStream:75 - [STDERR_REDIRECT] 
2025-08-26 07:19:22,939 [ERROR] LogOutputStream:75 - [STDERR_REDIRECT] [Fatal Error] :1:1: Premature end of file.
2025-08-26 07:19:22,939 [ERROR] LogOutputStream:75 - [STDERR_REDIRECT] 
2025-08-26 07:19:23,945 [ERROR] LogOutputStream:75 - [STDERR_REDIRECT] [Fatal Error] :1:1: Premature end of file.
2025-08-26 07:19:23,945 [ERROR] LogOutputStream:75 - [STDERR_REDIRECT] 
2025-08-26 07:19:24,935 [ERROR] LogOutputStream:75 - [STDERR_REDIRECT] [Fatal Error] :1:1: Premature end of file.
2025-08-26 07:19:24,935 [ERROR] LogOutputStream:75 - [STDERR_REDIRECT] 
2025-08-26 07:19:25,946 [ERROR] LogOutputStream:75 - [STDERR_REDIRECT] [Fatal Error] :1:1: Premature end of file.
2025-08-26 07:19:25,946 [ERROR] LogOutputStream:75 - [STDERR_REDIRECT] 
2025-08-26 07:19:26,936 [ERROR] LogOutputStream:75 - [STDERR_REDIRECT] [Fatal Error] :1:1: Premature end of file.
2025-08-26 07:19:26,936 [ERROR] LogOutputStream:75 - [STDERR_REDIRECT] 
2025-08-26 07:19:27,934 [ERROR] LogOutputStream:75 - [STDERR_REDIRECT] [Fatal Error] :1:1: Premature end of file.
2025-08-26 07:19:27,935 [ERROR] LogOutputStream:75 - [STDERR_REDIRECT] 
2025-08-26 07:19:28,933 [ERROR] LogOutputStream:75 - [STDERR_REDIRECT] [Fatal Error] :1:1: Premature end of file.
2025-08-26 07:19:28,933 [ERROR] LogOutputStream:75 - [STDERR_REDIRECT] 
2025-08-26 07:19:29,932 [ERROR] LogOutputStream:75 - [STDERR_REDIRECT] [Fatal Error] :1:1: Premature end of file.
2025-08-26 07:19:29,933 [ERROR] LogOutputStream:75 - [STDERR_REDIRECT] 
2025-08-26 07:19:30,939 [ERROR] LogOutputStream:75 - [STDERR_REDIRECT] [Fatal Error] :1:1: Premature end of file.
2025-08-26 07:19:30,939 [ERROR] LogOutputStream:75 - [STDERR_REDIRECT] 
2025-08-26 07:19:31,942 [ERROR] LogOutputStream:75 - [STDERR_REDIRECT] [Fatal Error] :1:1: Premature end of file.
2025-08-26 07:19:31,942 [ERROR] LogOutputStream:75 - [STDERR_REDIRECT] 
2025-08-26 07:19:32,943 [ERROR] LogOutputStream:75 - [STDERR_REDIRECT] [Fatal Error] :1:1: Premature end of file.
2025-08-26 07:19:32,943 [ERROR] LogOutputStream:75 - [STDERR_REDIRECT] 
2025-08-26 07:19:33,933 [ERROR] LogOutputStream:75 - [STDERR_REDIRECT] [Fatal Error] :1:1: Premature end of file.
2025-08-26 07:19:33,933 [ERROR] LogOutputStream:75 - [STDERR_REDIRECT] 
2025-08-26 07:19:34,932 [ERROR] LogOutputStream:75 - [STDERR_REDIRECT] [Fatal Error] :1:1: Premature end of file.
2025-08-26 07:19:34,932 [ERROR] LogOutputStream:75 - [STDERR_REDIRECT] 
2025-08-26 07:19:35,721 [ERROR] LogOutputStream:75 - [STDERR_REDIRECT] 
