2025-07-22 20:38:45,742 [INFO] Activator:176 - 


2025-07-22 20:38:45,746 [INFO] Activator:177 - !SESSION log4j initialized
2025-07-22 20:38:50,578 [INFO] LogOutputStream:77 - [STDOUT_REDIRECT] 
2025-07-22 20:38:51,724 [INFO] ApplicationProperties:184 - Using Application install path: C:\ST\STM32CubeIDE_1.19.0\STM32CubeIDE\plugins\com.st.stm32cube.common.mx_6.15.0.202507011659
2025-07-22 20:38:51,743 [INFO] DbMcusXml:78 - Set database path to: C:\ST\STM32CubeIDE_1.19.0\STM32CubeIDE\plugins\com.st.stm32cube.common.mx_6.15.0.202507011659\\db\/mcu/
2025-07-22 20:38:51,743 [INFO] ApiDb:274 - Set plugin database path to: C:\ST\STM32CubeIDE_1.19.0\STM32CubeIDE\plugins\com.st.stm32cube.common.mx_6.15.0.202507011659\\db\/plugins/boardmanager/
2025-07-22 20:38:51,743 [WARN] ApiDb:259 - Overriding images path with different value:  => C:\ST\STM32CubeIDE_1.19.0\STM32CubeIDE\plugins\com.st.stm32cube.common.mx_6.15.0.202507011659\\db\/plugins/mcufinder/images/
2025-07-22 20:38:51,753 [INFO] ApiDb:250 - Set database path to: C:\Users\sumey\.stmcufinder\plugins\mcufinder//mcu/
2025-07-22 20:38:51,755 [INFO] DbMcusAds:125 - Set database path to: C:\Users\sumey\.stmcufinder\plugins\mcufinder//mcu/
2025-07-22 20:38:51,757 [INFO] CrossReferenceDbSqlite:203 - Set database path to: C:\Users\sumey\.stmcufinder\plugins\mcufinder//mcu/cs/
2025-07-22 20:38:51,905 [INFO] RulesReader:64 - Compatibility file has been processed (317 Rules)
2025-07-22 20:38:51,991 [INFO] DbMcusXml:78 - Set database path to: C:\ST\STM32CubeIDE_1.19.0\STM32CubeIDE\plugins\com.st.stm32cube.common.mx_6.15.0.202507011659\\db\/mcu/
2025-07-22 20:38:51,991 [INFO] ApiDb:274 - Set plugin database path to: C:\ST\STM32CubeIDE_1.19.0\STM32CubeIDE\plugins\com.st.stm32cube.common.mx_6.15.0.202507011659\\db\/plugins/boardmanager/
2025-07-22 20:38:51,991 [INFO] ApiDb:261 - Set plugin images path to: C:\ST\STM32CubeIDE_1.19.0\STM32CubeIDE\plugins\com.st.stm32cube.common.mx_6.15.0.202507011659\\db\/plugins/mcufinder/images/
2025-07-22 20:38:51,992 [WARN] DbFile:41 - Overriding database path with different value: C:\Users\sumey\.stmcufinder\plugins\mcufinder/ => C:\Users\sumey\.stmcufinder\plugins\mcufinder
2025-07-22 20:38:51,992 [INFO] ApiDb:250 - Set database path to: C:\Users\sumey\.stmcufinder\plugins\mcufinder//mcu/
2025-07-22 20:38:51,992 [WARN] DbFile:41 - Overriding database path with different value: C:\Users\sumey\.stmcufinder\plugins\mcufinder/ => C:\Users\sumey\.stmcufinder\plugins\mcufinder
2025-07-22 20:38:51,992 [INFO] DbMcusAds:125 - Set database path to: C:\Users\sumey\.stmcufinder\plugins\mcufinder//mcu/
2025-07-22 20:38:51,992 [WARN] DbFile:41 - Overriding database path with different value: C:\Users\sumey\.stmcufinder\plugins\mcufinder/ => C:\Users\sumey\.stmcufinder\plugins\mcufinder
2025-07-22 20:38:51,992 [WARN] DbFile:41 - Overriding database path with different value: C:\Users\sumey\.stmcufinder\plugins\mcufinder/ => C:\Users\sumey\.stmcufinder\plugins\mcufinder
2025-07-22 20:38:51,992 [INFO] CrossReferenceDbSqlite:203 - Set database path to: C:\Users\sumey\.stmcufinder\plugins\mcufinder//mcu/cs/
2025-07-22 20:38:52,070 [INFO] MainPanel:274 - HeapMemory: 268435456
2025-07-22 20:38:52,196 [INFO] DbMcusXml:78 - Set database path to: C:\ST\STM32CubeIDE_1.19.0\STM32CubeIDE\plugins\com.st.stm32cube.common.mx_6.15.0.202507011659\\db\/mcu/
2025-07-22 20:38:52,197 [INFO] ApiDb:274 - Set plugin database path to: C:\ST\STM32CubeIDE_1.19.0\STM32CubeIDE\plugins\com.st.stm32cube.common.mx_6.15.0.202507011659\\db\/plugins/boardmanager/
2025-07-22 20:38:52,197 [INFO] ApiDb:261 - Set plugin images path to: C:\ST\STM32CubeIDE_1.19.0\STM32CubeIDE\plugins\com.st.stm32cube.common.mx_6.15.0.202507011659\\db\/plugins/mcufinder/images/
2025-07-22 20:38:52,197 [WARN] DbFile:41 - Overriding database path with different value: C:\Users\sumey\.stmcufinder\plugins\mcufinder/ => C:\Users\sumey\.stmcufinder\plugins\mcufinder
2025-07-22 20:38:52,197 [INFO] ApiDb:250 - Set database path to: C:\Users\sumey\.stmcufinder\plugins\mcufinder//mcu/
2025-07-22 20:38:52,197 [WARN] DbFile:41 - Overriding database path with different value: C:\Users\sumey\.stmcufinder\plugins\mcufinder/ => C:\Users\sumey\.stmcufinder\plugins\mcufinder
2025-07-22 20:38:52,197 [INFO] DbMcusAds:125 - Set database path to: C:\Users\sumey\.stmcufinder\plugins\mcufinder//mcu/
2025-07-22 20:38:52,198 [WARN] DbFile:41 - Overriding database path with different value: C:\Users\sumey\.stmcufinder\plugins\mcufinder/ => C:\Users\sumey\.stmcufinder\plugins\mcufinder
2025-07-22 20:38:52,198 [WARN] DbFile:41 - Overriding database path with different value: C:\Users\sumey\.stmcufinder\plugins\mcufinder/ => C:\Users\sumey\.stmcufinder\plugins\mcufinder
2025-07-22 20:38:52,198 [INFO] CrossReferenceDbSqlite:203 - Set database path to: C:\Users\sumey\.stmcufinder\plugins\mcufinder//mcu/cs/
2025-07-22 20:38:52,218 [INFO] ApplicationProperties:184 - Using Application install path: C:\ST\STM32CubeIDE_1.19.0\STM32CubeIDE\plugins\com.st.stm32cube.common.mx_6.15.0.202507011659
2025-07-22 20:38:52,219 [INFO] PluginManage:196 - Search for loadable plugins [exclusion list=, ]
2025-07-22 20:38:52,222 [INFO] PluginManage:310 - Check plugin analytics
2025-07-22 20:38:52,410 [INFO] AnalyticsPlugin:253 - Accepted Software Licenses: 
2025-07-22 20:38:52,411 [INFO] AnalyticsPlugin:255 - Accepted CMSIS Pack Licenses: 
2025-07-22 20:38:52,411 [INFO] AnalyticsPlugin:257 - Accepted Firmware Licenses: 
2025-07-22 20:38:52,414 [INFO] PluginManage:359 - Loaded plugin analytics (category:tool,tabindex:-1)
2025-07-22 20:38:52,414 [INFO] PluginManage:310 - Check plugin cadmodel
2025-07-22 20:38:52,419 [INFO] CADModel:105 - Init CAD model plugin
2025-07-22 20:38:52,419 [INFO] PluginManage:359 - Loaded plugin cadmodel (category:power,tabindex:5)
2025-07-22 20:38:52,419 [INFO] PluginManage:310 - Check plugin clock
2025-07-22 20:38:52,429 [INFO] PluginManage:359 - Loaded plugin clock (category:base,tabindex:2)
2025-07-22 20:38:52,429 [INFO] PluginManage:310 - Check plugin ddr
2025-07-22 20:38:52,432 [INFO] PluginManage:359 - Loaded plugin ddr (category:tool,tabindex:6)
2025-07-22 20:38:52,432 [INFO] PluginManage:310 - Check plugin filemanager
2025-07-22 20:38:52,590 [INFO] PluginManage:359 - Loaded plugin filemanager (category:base,tabindex:10)
2025-07-22 20:38:52,590 [INFO] PluginManage:310 - Check plugin ipmanager
2025-07-22 20:38:52,598 [INFO] PluginManage:359 - Loaded plugin ipmanager (category:base,tabindex:5)
2025-07-22 20:38:52,598 [INFO] PluginManage:310 - Check plugin lpbam
2025-07-22 20:38:52,606 [INFO] PluginManage:359 - Loaded plugin lpbam (category:base,tabindex:0)
2025-07-22 20:38:52,606 [INFO] PluginManage:310 - Check plugin memorymap
2025-07-22 20:38:52,622 [INFO] PluginManage:359 - Loaded plugin memorymap (category:base,tabindex:4)
2025-07-22 20:38:52,622 [INFO] PluginManage:310 - Check plugin pinoutandconfiguration
2025-07-22 20:38:52,632 [INFO] PluginManage:359 - Loaded plugin pinoutandconfiguration (category:base,tabindex:1)
2025-07-22 20:38:52,632 [INFO] PluginManage:310 - Check plugin pinoutconfig
2025-07-22 20:38:52,724 [WARN] SupportedApi:132 - Cannot load RTOS API schema: s4s-elt-must-match.1: The content of 'definitions' must match (annotation?, (simpleType | complexType)?, (unique | key | keyref)*)). A problem was found starting at: attribute.
2025-07-22 20:38:52,886 [INFO] PluginManage:359 - Loaded plugin pinoutconfig (category:base,tabindex:0)
2025-07-22 20:38:52,886 [INFO] PluginManage:310 - Check plugin power
2025-07-22 20:38:52,898 [INFO] PluginManage:359 - Loaded plugin power (category:power,tabindex:4)
2025-07-22 20:38:52,898 [INFO] PluginManage:310 - Check plugin projectmanager
2025-07-22 20:38:52,916 [INFO] PluginManage:359 - Loaded plugin projectmanager (category:projectmanager,tabindex:4)
2025-07-22 20:38:52,916 [INFO] PluginManage:310 - Check plugin rif
2025-07-22 20:38:52,926 [INFO] PluginManage:359 - Loaded plugin rif (category:base,tabindex:3)
2025-07-22 20:38:52,927 [INFO] PluginManage:310 - Check plugin thirdparty
2025-07-22 20:38:53,106 [INFO] PluginManage:359 - Loaded plugin thirdparty (category:base,tabindex:-1)
2025-07-22 20:38:53,106 [WARN] IntegrityCheckThread:84 - waiting for thirdparty lock release [integrity check]
2025-07-22 20:38:53,107 [INFO] PluginManage:310 - Check plugin tools
2025-07-22 20:38:53,107 [INFO] IntegrityCheckThread:86 - entering critical section [integrity check]
2025-07-22 20:38:53,107 [INFO] ThirdPartyUpdaterWithRetryManager:70 - Updater plugin not ready yet. [1/15]
2025-07-22 20:38:53,109 [INFO] PluginManage:359 - Loaded plugin tools (category:base,tabindex:7)
2025-07-22 20:38:53,109 [INFO] PluginManage:310 - Check plugin tutovideos
2025-07-22 20:38:53,363 [INFO] PluginManage:359 - Loaded plugin tutovideos (category:base,tabindex:-1)
2025-07-22 20:38:53,363 [INFO] PluginManage:310 - Check plugin updater
2025-07-22 20:38:53,393 [INFO] PluginManage:359 - Loaded plugin updater (category:base,tabindex:12)
2025-07-22 20:38:53,393 [INFO] PluginManage:310 - Check plugin userauth
2025-07-22 20:38:53,399 [INFO] UserAuth:118 - Init User Auth plugin
2025-07-22 20:38:53,399 [INFO] PluginManage:359 - Loaded plugin userauth (category:base,tabindex:14)
2025-07-22 20:38:53,400 [INFO] PluginManage:283 - PluginManage : Loaded plugins [18]
2025-07-22 20:38:53,652 [INFO] PinOutPanel:1589 - setPackage(No Configuration,No Configuration)
2025-07-22 20:38:53,776 [INFO] CADModel:165 - CPN selected for project level
2025-07-22 20:38:53,776 [INFO] CADModel:114 - Register for checkConnection events
2025-07-22 20:38:53,798 [INFO] IPUIPlugin:80 - create IPUIPlugin
2025-07-22 20:38:53,798 [INFO] PluginManager:220 - loadIPPluginJar : add adc
2025-07-22 20:38:53,801 [INFO] IPUIPlugin:80 - create IPUIPlugin
2025-07-22 20:38:53,802 [INFO] PluginManager:220 - loadIPPluginJar : add aes
2025-07-22 20:38:53,805 [INFO] IPUIPlugin:80 - create IPUIPlugin
2025-07-22 20:38:53,806 [INFO] PluginManager:220 - loadIPPluginJar : add can
2025-07-22 20:38:53,807 [INFO] IPUIPlugin:80 - create IPUIPlugin
2025-07-22 20:38:53,807 [INFO] PluginManager:220 - loadIPPluginJar : add comp
2025-07-22 20:38:53,811 [INFO] IPUIPlugin:80 - create IPUIPlugin
2025-07-22 20:38:53,811 [INFO] PluginManager:220 - loadIPPluginJar : add cryp
2025-07-22 20:38:53,814 [INFO] IPUIPlugin:80 - create IPUIPlugin
2025-07-22 20:38:53,814 [INFO] PluginManager:220 - loadIPPluginJar : add ddr_ctrl_phy
2025-07-22 20:38:53,817 [INFO] IPUIPlugin:80 - create IPUIPlugin
2025-07-22 20:38:53,818 [INFO] PluginManager:220 - loadIPPluginJar : add dfsdm
2025-07-22 20:38:53,823 [INFO] IPUIPlugin:80 - create IPUIPlugin
2025-07-22 20:38:53,823 [INFO] PluginManager:220 - loadIPPluginJar : add dma
2025-07-22 20:38:53,825 [INFO] IPUIPlugin:80 - create IPUIPlugin
2025-07-22 20:38:53,825 [INFO] PluginManager:220 - loadIPPluginJar : add dma3
2025-07-22 20:38:53,828 [INFO] IPUIPlugin:80 - create IPUIPlugin
2025-07-22 20:38:53,828 [INFO] PluginManager:220 - loadIPPluginJar : add extmemmanager
2025-07-22 20:38:53,830 [INFO] IPUIPlugin:80 - create IPUIPlugin
2025-07-22 20:38:53,830 [INFO] PluginManager:220 - loadIPPluginJar : add fatfs
2025-07-22 20:38:53,837 [INFO] IPUIPlugin:80 - create IPUIPlugin
2025-07-22 20:38:53,837 [INFO] PluginManager:220 - loadIPPluginJar : add fmc
2025-07-22 20:38:53,844 [INFO] IPUIPlugin:80 - create IPUIPlugin
2025-07-22 20:38:53,844 [INFO] PluginManager:220 - loadIPPluginJar : add freertos
2025-07-22 20:38:53,846 [INFO] IPUIPlugin:80 - create IPUIPlugin
2025-07-22 20:38:53,846 [INFO] PluginManager:220 - loadIPPluginJar : add genericplugin
2025-07-22 20:38:53,849 [INFO] IPUIPlugin:80 - create IPUIPlugin
2025-07-22 20:38:53,849 [INFO] PluginManager:220 - loadIPPluginJar : add gfxmmu
2025-07-22 20:38:53,854 [INFO] IPUIPlugin:80 - create IPUIPlugin
2025-07-22 20:38:53,855 [INFO] PluginManager:220 - loadIPPluginJar : add gic
2025-07-22 20:38:53,859 [INFO] IPUIPlugin:80 - create IPUIPlugin
2025-07-22 20:38:53,859 [INFO] PluginManager:220 - loadIPPluginJar : add gpio
2025-07-22 20:38:53,862 [INFO] IPUIPlugin:80 - create IPUIPlugin
2025-07-22 20:38:53,862 [INFO] PluginManager:220 - loadIPPluginJar : add gtzc
2025-07-22 20:38:53,863 [INFO] IPUIPlugin:80 - create IPUIPlugin
2025-07-22 20:38:53,863 [INFO] PluginManager:220 - loadIPPluginJar : add hash
2025-07-22 20:38:53,867 [INFO] IPUIPlugin:80 - create IPUIPlugin
2025-07-22 20:38:53,867 [INFO] PluginManager:220 - loadIPPluginJar : add i2c
2025-07-22 20:38:53,870 [INFO] IPUIPlugin:80 - create IPUIPlugin
2025-07-22 20:38:53,870 [INFO] PluginManager:220 - loadIPPluginJar : add i2s
2025-07-22 20:38:53,873 [INFO] IPUIPlugin:80 - create IPUIPlugin
2025-07-22 20:38:53,873 [INFO] PluginManager:220 - loadIPPluginJar : add i3c
2025-07-22 20:38:53,877 [INFO] IPUIPlugin:80 - create IPUIPlugin
2025-07-22 20:38:53,878 [INFO] PluginManager:220 - loadIPPluginJar : add ipddr
2025-07-22 20:38:53,886 [INFO] IPUIPlugin:80 - create IPUIPlugin
2025-07-22 20:38:53,886 [INFO] PluginManager:220 - loadIPPluginJar : add linkedlist
2025-07-22 20:38:53,890 [INFO] IPUIPlugin:80 - create IPUIPlugin
2025-07-22 20:38:53,890 [INFO] PluginManager:220 - loadIPPluginJar : add lorawan
2025-07-22 20:38:53,892 [INFO] IPUIPlugin:80 - create IPUIPlugin
2025-07-22 20:38:53,892 [INFO] PluginManager:220 - loadIPPluginJar : add ltdc
2025-07-22 20:38:53,898 [INFO] IPUIPlugin:80 - create IPUIPlugin
2025-07-22 20:38:53,898 [INFO] PluginManager:220 - loadIPPluginJar : add mdma
2025-07-22 20:38:53,903 [INFO] IPUIPlugin:80 - create IPUIPlugin
2025-07-22 20:38:53,903 [INFO] PluginManager:220 - loadIPPluginJar : add nvic
2025-07-22 20:38:53,906 [INFO] IPUIPlugin:80 - create IPUIPlugin
2025-07-22 20:38:53,906 [INFO] PluginManager:220 - loadIPPluginJar : add opamp
2025-07-22 20:38:53,910 [INFO] IPUIPlugin:80 - create IPUIPlugin
2025-07-22 20:38:53,910 [INFO] PluginManager:220 - loadIPPluginJar : add openamp
2025-07-22 20:38:53,916 [INFO] IPUIPlugin:80 - create IPUIPlugin
2025-07-22 20:38:53,916 [INFO] PluginManager:220 - loadIPPluginJar : add pdm2pcm
2025-07-22 20:38:53,923 [INFO] IPUIPlugin:80 - create IPUIPlugin
2025-07-22 20:38:53,925 [INFO] PluginManager:220 - loadIPPluginJar : add plateformsettings
2025-07-22 20:38:53,927 [INFO] IPUIPlugin:80 - create IPUIPlugin
2025-07-22 20:38:53,928 [INFO] PluginManager:220 - loadIPPluginJar : add quadspi
2025-07-22 20:38:53,929 [INFO] IPUIPlugin:80 - create IPUIPlugin
2025-07-22 20:38:53,930 [INFO] PluginManager:220 - loadIPPluginJar : add radio
2025-07-22 20:38:53,933 [INFO] IPUIPlugin:80 - create IPUIPlugin
2025-07-22 20:38:53,933 [INFO] PluginManager:220 - loadIPPluginJar : add resmgrutility
2025-07-22 20:38:53,937 [INFO] IPUIPlugin:80 - create IPUIPlugin
2025-07-22 20:38:53,937 [INFO] PluginManager:220 - loadIPPluginJar : add sai
2025-07-22 20:38:53,940 [INFO] IPUIPlugin:80 - create IPUIPlugin
2025-07-22 20:38:53,940 [INFO] PluginManager:220 - loadIPPluginJar : add spi
2025-07-22 20:38:53,946 [INFO] IPUIPlugin:80 - create IPUIPlugin
2025-07-22 20:38:53,947 [INFO] PluginManager:220 - loadIPPluginJar : add stm32_wpan
2025-07-22 20:38:53,948 [INFO] IPUIPlugin:80 - create IPUIPlugin
2025-07-22 20:38:53,948 [INFO] PluginManager:220 - loadIPPluginJar : add tim
2025-07-22 20:38:53,952 [INFO] IPUIPlugin:80 - create IPUIPlugin
2025-07-22 20:38:53,952 [INFO] PluginManager:220 - loadIPPluginJar : add touchsensing
2025-07-22 20:38:53,954 [INFO] IPUIPlugin:80 - create IPUIPlugin
2025-07-22 20:38:53,954 [INFO] PluginManager:220 - loadIPPluginJar : add tracer_emb
2025-07-22 20:38:53,957 [INFO] IPUIPlugin:80 - create IPUIPlugin
2025-07-22 20:38:53,957 [INFO] PluginManager:220 - loadIPPluginJar : add ts
2025-07-22 20:38:53,958 [INFO] IPUIPlugin:80 - create IPUIPlugin
2025-07-22 20:38:53,958 [INFO] PluginManager:220 - loadIPPluginJar : add tsc
2025-07-22 20:38:53,960 [INFO] IPUIPlugin:80 - create IPUIPlugin
2025-07-22 20:38:53,960 [INFO] PluginManager:220 - loadIPPluginJar : add ucpd
2025-07-22 20:38:53,961 [INFO] IPUIPlugin:80 - create IPUIPlugin
2025-07-22 20:38:53,963 [INFO] PluginManager:220 - loadIPPluginJar : add usart
2025-07-22 20:38:53,965 [INFO] IPUIPlugin:80 - create IPUIPlugin
2025-07-22 20:38:53,965 [INFO] PluginManager:220 - loadIPPluginJar : add usbx
2025-07-22 20:38:54,085 [FATAL] Updater:351 - Updater called before beeing initialized
2025-07-22 20:38:54,143 [INFO] RulesReader:64 - Compatibility file has been processed (317 Rules)
2025-07-22 20:38:54,164 [INFO] RulesReader:64 - Compatibility file has been processed (317 Rules)
2025-07-22 20:38:54,186 [INFO] CADModel:165 - CPN selected for project level
2025-07-22 20:38:54,186 [INFO] CADModel:114 - Register for checkConnection events
2025-07-22 20:38:54,186 [FATAL] Updater:351 - Updater called before beeing initialized
2025-07-22 20:38:54,186 [ERROR] CADModel:125 - Updater not yet initialized, retry later 
2025-07-22 20:38:54,362 [FATAL] Updater:351 - Updater called before beeing initialized
2025-07-22 20:38:54,364 [INFO] CADModel:165 - CPN selected for project level
2025-07-22 20:38:54,365 [INFO] CADModel:114 - Register for checkConnection events
2025-07-22 20:38:54,365 [FATAL] Updater:351 - Updater called before beeing initialized
2025-07-22 20:38:54,365 [ERROR] CADModel:125 - Updater not yet initialized, retry later 
2025-07-22 20:38:54,369 [FATAL] Updater:351 - Updater called before beeing initialized
2025-07-22 20:38:54,535 [FATAL] Updater:351 - Updater called before beeing initialized
2025-07-22 20:38:54,539 [INFO] DbMcusAds:53 - JSON generation date=Tue Jul 08 11:14:23 TRT 2025 (1751962463524)
2025-07-22 20:38:54,539 [FATAL] Updater:351 - Updater called before beeing initialized
2025-07-22 20:38:54,574 [WARN] DetailPanel:346 - Failed to get advertising image, set to default
2025-07-22 20:38:54,651 [FATAL] Updater:351 - Updater called before beeing initialized
2025-07-22 20:38:54,654 [FATAL] Updater:351 - Updater called before beeing initialized
2025-07-22 20:38:54,654 [FATAL] Updater:351 - Updater called before beeing initialized
2025-07-22 20:38:54,654 [WARN] DetailPanel:346 - Failed to get advertising image, set to default
2025-07-22 20:38:54,656 [FATAL] Updater:351 - Updater called before beeing initialized
2025-07-22 20:38:54,713 [ERROR] Updater:1198 - MainUpdater not yet initialized. External WinMGr cannot be set.
2025-07-22 20:38:54,716 [INFO] Updater:1134 - Updater Version found : 6.15.0
2025-07-22 20:38:54,737 [INFO] ApplicationProperties:184 - Using Application install path: C:\ST\STM32CubeIDE_1.19.0\STM32CubeIDE\plugins\com.st.stm32cube.common.mx_6.15.0.202507011659
2025-07-22 20:38:56,108 [INFO] ThirdPartyUpdaterWithRetryManager:70 - Updater plugin not ready yet. [2/15]
2025-07-22 20:38:56,329 [ERROR] LogOutputStream:75 - [STDERR_REDIRECT] Jul 22, 2025 8:38:56 PM java.util.prefs.WindowsPreferences <init>
2025-07-22 20:38:56,332 [ERROR] LogOutputStream:75 - [STDERR_REDIRECT] WARNING: Could not open/create prefs root node Software\JavaSoft\Prefs at root 0xffffffff80000002. Windows RegCreateKeyEx(...) returned error code 5.
2025-07-22 20:38:56,332 [ERROR] LogOutputStream:75 - [STDERR_REDIRECT] 
2025-07-22 20:38:57,051 [INFO] MainUpdater:2872 - connection check result : 10
2025-07-22 20:38:57,052 [INFO] MainUpdater:289 - Updater Check For Update Now.
2025-07-22 20:38:57,052 [INFO] MicroXplorer:498 - Change Database Version : DB.6.0.150
2025-07-22 20:38:57,062 [INFO] McuFinderGlobals:63 - Set McuFinder mode to 2 (CubeIDE integrated)
2025-07-22 20:38:57,062 [INFO] UserAuth:171 - activating auth plugin
2025-07-22 20:38:57,077 [INFO] UserAuth:487 - Internet connection configuration mode: 1
2025-07-22 20:38:57,141 [INFO] JxBrowserEngine:152 - Initiate JxBrowser Engine with user profile folder
2025-07-22 20:38:57,270 [INFO] CheckServerUpdateThread:120 - End of CheckServer Thread
2025-07-22 20:38:58,522 [INFO] WebApp:169 - Instantiating new browser for Auth
2025-07-22 20:38:59,439 [WARN] PackLoader:240 - Cannot read IP mode file for STMicroelectronics.FP-SNS-MOTENVWB1.1.4.0
2025-07-22 20:38:59,448 [WARN] PackLoader:240 - Cannot read IP mode file for STMicroelectronics.FP-ATR-ASTRA1.2.0.2
2025-07-22 20:38:59,456 [WARN] PackLoader:240 - Cannot read IP mode file for STMicroelectronics.X-CUBE-SMBUS.2.1.0
2025-07-22 20:38:59,463 [WARN] PackLoader:240 - Cannot read IP mode file for STMicroelectronics.X-CUBE-ST60.1.0.0
2025-07-22 20:38:59,495 [WARN] PackLoader:240 - Cannot read IP mode file for STMicroelectronics.X-CUBE-AZRTOS-F7.1.1.0
2025-07-22 20:38:59,531 [WARN] PackLoader:240 - Cannot read IP mode file for Infineon.AIROC-Wi-Fi-Bluetooth-STM32.1.7.0
2025-07-22 20:38:59,562 [INFO] WebApp:463 - Apply proxy settings
2025-07-22 20:38:59,562 [INFO] WebApp:548 - Chromium requires no authentication
2025-07-22 20:38:59,563 [WARN] PackLoader:240 - Cannot read IP mode file for STMicroelectronics.X-CUBE-AZRTOS-H7.3.4.0
2025-07-22 20:38:59,577 [WARN] PackLoader:240 - Cannot read IP mode file for STMicroelectronics.X-CUBE-DISPLAY.3.0.0
2025-07-22 20:38:59,596 [WARN] PackLoader:240 - Cannot read IP mode file for STMicroelectronics.X-CUBE-NFC10.1.0.0
2025-07-22 20:38:59,610 [WARN] PackLoader:240 - Cannot read IP mode file for STMicroelectronics.X-CUBE-BLEMGR.4.0.0
2025-07-22 20:38:59,620 [WARN] PackLoader:240 - Cannot read IP mode file for emotas.I-CUBE-CANOPEN.1.3.0
2025-07-22 20:38:59,623 [INFO] WebApp:491 - Direct internet connection detected
2025-07-22 20:38:59,626 [WARN] ConditionMgr:438 - getConditionDescription Invalid condition id : Cortex-A Device cause : null
2025-07-22 20:38:59,645 [WARN] ConditionMgr:1044 - genDependencies : Invalid condition id : Cortex-A Device cause : null
2025-07-22 20:38:59,646 [WARN] ConditionMgr:1044 - genDependencies : Invalid condition id : Cortex-A Device cause : null
2025-07-22 20:38:59,646 [WARN] ConditionMgr:1044 - genDependencies : Invalid condition id : Cortex-A Device cause : null
2025-07-22 20:38:59,660 [WARN] PackLoader:240 - Cannot read IP mode file for STMicroelectronics.FP-SNS-SMARTAG2.1.2.0
2025-07-22 20:38:59,666 [WARN] PackLoader:240 - Cannot read IP mode file for STMicroelectronics.FP-SNS-FLIGHT1.5.1.0
2025-07-22 20:38:59,678 [INFO] LogOutputStream:77 - [STDOUT_REDIRECT] 1 : Invalid condition id : UX_CORESTACK_Condition cause : null
2025-07-22 20:38:59,679 [INFO] LogOutputStream:77 - [STDOUT_REDIRECT] 1 : Invalid condition id : UX_CORESTACK_Condition cause : null
2025-07-22 20:38:59,682 [INFO] LogOutputStream:77 - [STDOUT_REDIRECT] 1 : Invalid condition id : UX_CORESTACK_Condition cause : null
2025-07-22 20:38:59,683 [INFO] LogOutputStream:77 - [STDOUT_REDIRECT] 1 : Invalid condition id : UX_CORESTACK_Condition cause : null
2025-07-22 20:38:59,684 [INFO] LogOutputStream:77 - [STDOUT_REDIRECT] 1 : Invalid condition id : UX_CORESTACK_Condition cause : null
2025-07-22 20:38:59,688 [WARN] PackLoader:240 - Cannot read IP mode file for STMicroelectronics.X-CUBE-AZRTOS-WL.2.0.0
2025-07-22 20:38:59,694 [WARN] PackLoader:240 - Cannot read IP mode file for STMicroelectronics.FP-SNS-MOTENV1.5.0.0
2025-07-22 20:38:59,705 [WARN] PackLoader:240 - Cannot read IP mode file for WES.I-CUBE-Cesium.1.3.0
2025-07-22 20:38:59,711 [WARN] PackLoader:240 - Cannot read IP mode file for STMicroelectronics.X-CUBE-BLE2.3.3.0
2025-07-22 20:38:59,717 [WARN] PackLoader:240 - Cannot read IP mode file for STMicroelectronics.X-CUBE-NFC9.1.0.0
2025-07-22 20:38:59,725 [WARN] PackLoader:240 - Cannot read IP mode file for wolfSSL.I-CUBE-wolfSSL.5.8.0
2025-07-22 20:38:59,729 [WARN] PackLoader:240 - Cannot read IP mode file for STMicroelectronics.X-CUBE-BLE1.7.1.0
2025-07-22 20:38:59,733 [WARN] PackLoader:240 - Cannot read IP mode file for wolfSSL.I-CUBE-wolfMQTT.1.19.2
2025-07-22 20:38:59,738 [WARN] PackLoader:240 - Cannot read IP mode file for STMicroelectronics.X-CUBE-EEPRMA1.5.2.0
2025-07-22 20:38:59,744 [WARN] PackLoader:240 - Cannot read IP mode file for STMicroelectronics.X-CUBE-AI.10.1.0
2025-07-22 20:38:59,756 [WARN] PackLoader:240 - Cannot read IP mode file for STMicroelectronics.X-CUBE-AZRTOS-G0.1.1.0
2025-07-22 20:38:59,764 [WARN] PackLoader:240 - Cannot read IP mode file for STMicroelectronics.X-CUBE-SAFEA1.1.2.2
2025-07-22 20:38:59,772 [WARN] PackLoader:240 - Cannot read IP mode file for STMicroelectronics.X-CUBE-NFC4.3.0.0
2025-07-22 20:38:59,781 [WARN] PackLoader:240 - Cannot read IP mode file for EmbeddedOffice.I-CUBE-FS-RTOS.1.0.1
2025-07-22 20:38:59,782 [INFO] WebApp:900 - Register for checkConnection events
2025-07-22 20:38:59,783 [INFO] WebApp:463 - Apply proxy settings
2025-07-22 20:38:59,783 [INFO] WebApp:548 - Chromium requires no authentication
2025-07-22 20:38:59,784 [INFO] WebApp:491 - Direct internet connection detected
2025-07-22 20:38:59,786 [WARN] PackLoader:240 - Cannot read IP mode file for STMicroelectronics.X-CUBE-WB05N.2.0.0
2025-07-22 20:38:59,791 [WARN] PackLoader:240 - Cannot read IP mode file for wolfSSL.I-CUBE-wolfTPM.3.8.0
2025-07-22 20:38:59,796 [WARN] PackLoader:240 - Cannot read IP mode file for STMicroelectronics.X-CUBE-TCPP.4.2.0
2025-07-22 20:38:59,802 [WARN] PackLoader:240 - Cannot read IP mode file for RealThread.X-CUBE-RT-Thread_Nano.4.1.1
2025-07-22 20:38:59,806 [WARN] PackLoader:240 - Cannot read IP mode file for STMicroelectronics.FP-ATR-SIGFOX1.3.2.0
2025-07-22 20:38:59,809 [WARN] PackLoader:240 - Cannot read IP mode file for STMicroelectronics.X-CUBE-EEPRMA1.5.1.0
2025-07-22 20:38:59,815 [WARN] PackLoader:240 - Cannot read IP mode file for ITTIA_DB.I-CUBE-ITTIADB.8.9.0
2025-07-22 20:38:59,824 [WARN] PackLoader:240 - Cannot read IP mode file for STMicroelectronics.X-CUBE-ST67W61.1.0.0
2025-07-22 20:38:59,844 [WARN] PackLoader:240 - Cannot read IP mode file for SEGGER.I-CUBE-embOS.1.3.1
2025-07-22 20:38:59,911 [WARN] PackLoader:240 - Cannot read IP mode file for STMicroelectronics.X-CUBE-ALGOBUILD.1.4.0
2025-07-22 20:39:00,025 [WARN] PackLoader:240 - Cannot read IP mode file for STMicroelectronics.X-CUBE-MEMS1.11.3.0
2025-07-22 20:39:00,138 [WARN] PackLoader:240 - Cannot read IP mode file for STMicroelectronics.X-CUBE-PM33A1.1.0.0
2025-07-22 20:39:00,152 [WARN] PackLoader:240 - Cannot read IP mode file for STMicroelectronics.X-CUBE-AZRTOS-F4.1.1.0
2025-07-22 20:39:00,159 [WARN] PackLoader:240 - Cannot read IP mode file for STMicroelectronics.X-CUBE-ISPU.2.1.0
2025-07-22 20:39:00,166 [WARN] PackLoader:240 - Cannot read IP mode file for STMicroelectronics.X-CUBE-NFC12.1.0.0
2025-07-22 20:39:00,182 [WARN] PackLoader:240 - Cannot read IP mode file for STMicroelectronics.X-CUBE-AZRTOS-L5.2.0.0
2025-07-22 20:39:00,191 [WARN] PackLoader:240 - Cannot read IP mode file for STMicroelectronics.X-CUBE-NFC6.3.1.0
2025-07-22 20:39:00,200 [WARN] PackLoader:240 - Cannot read IP mode file for STMicroelectronics.X-CUBE-FREERTOS.1.3.1
2025-07-22 20:39:00,208 [WARN] PackLoader:240 - Cannot read IP mode file for STMicroelectronics.FP-SNS-STAIOTCFT.1.0.0
2025-07-22 20:39:00,215 [WARN] PackLoader:240 - Cannot read IP mode file for STMicroelectronics.X-CUBE-DPower.1.3.0
2025-07-22 20:39:00,231 [WARN] ConditionMgr:438 - getConditionDescription Invalid condition id : LAN8742 Phy interface Condition cause : null
2025-07-22 20:39:00,231 [INFO] WebApp:191 - Connection restablished
2025-07-22 20:39:00,232 [WARN] PackLoader:240 - Cannot read IP mode file for STMicroelectronics.X-CUBE-AZRTOS-L4.2.0.0
2025-07-22 20:39:00,233 [WARN] ConditionMgr:1044 - genDependencies : Invalid condition id : LAN8742 Phy interface Condition cause : null
2025-07-22 20:39:00,233 [WARN] ConditionMgr:1044 - genDependencies : Invalid condition id : LAN8742 Phy interface Condition cause : null
2025-07-22 20:39:00,233 [WARN] ConditionMgr:1044 - genDependencies : Invalid condition id : LAN8742 Phy interface Condition cause : null
2025-07-22 20:39:00,241 [WARN] PackLoader:240 - Cannot read IP mode file for STMicroelectronics.X-CUBE-SFXS2LP1.4.0.0
2025-07-22 20:39:00,270 [WARN] PackLoader:240 - Cannot read IP mode file for STMicroelectronics.X-CUBE-AZRTOS-H7.3.3.0
2025-07-22 20:39:00,283 [WARN] PackLoader:240 - Cannot read IP mode file for STMicroelectronics.X-CUBE-BLEMGR.4.1.0
2025-07-22 20:39:00,296 [WARN] ConditionMgr:438 - getConditionDescription Invalid condition id : UX DEVICE CLASS RTOS Condition cause : null
2025-07-22 20:39:00,297 [WARN] ConditionMgr:438 - getConditionDescription Invalid condition id : UX DEVICE CLASS RTOS Condition cause : null
2025-07-22 20:39:00,299 [WARN] PackLoader:240 - Cannot read IP mode file for STMicroelectronics.X-CUBE-AZRTOS-WB.2.0.0
2025-07-22 20:39:00,300 [WARN] ConditionMgr:1044 - genDependencies : Invalid condition id : UX DEVICE CLASS RTOS Condition cause : null
2025-07-22 20:39:00,300 [WARN] ConditionMgr:1044 - genDependencies : Invalid condition id : UX DEVICE CLASS RTOS Condition cause : null
2025-07-22 20:39:00,300 [WARN] ConditionMgr:1044 - genDependencies : Invalid condition id : UX DEVICE CLASS RTOS Condition cause : null
2025-07-22 20:39:00,301 [WARN] ConditionMgr:1044 - genDependencies : Invalid condition id : UX DEVICE CLASS RTOS Condition cause : null
2025-07-22 20:39:00,301 [WARN] ConditionMgr:1044 - genDependencies : Invalid condition id : UX DEVICE CLASS RTOS Condition cause : null
2025-07-22 20:39:00,308 [WARN] PackLoader:240 - Cannot read IP mode file for STMicroelectronics.X-CUBE-GNSS1.7.0.1
2025-07-22 20:39:00,316 [WARN] PackLoader:240 - Cannot read IP mode file for STMicroelectronics.X-CUBE-TOUCHGFX.4.25.0
2025-07-22 20:39:00,323 [WARN] PackLoader:240 - Cannot read IP mode file for STMicroelectronics.FP-SNS-STBOX1.2.0.0
2025-07-22 20:39:00,334 [WARN] PackLoader:240 - Cannot read IP mode file for STMicroelectronics.X-CUBE-SUBG2.5.0.0
2025-07-22 20:39:00,351 [WARN] PackLoader:240 - Cannot read IP mode file for STMicroelectronics.X-CUBE-AZRTOS-H7RS.1.1.0
2025-07-22 20:39:00,357 [WARN] PackLoader:240 - Cannot read IP mode file for Cesanta.I-CUBE-Mongoose.7.13.0
2025-07-22 20:39:00,373 [WARN] PackLoader:240 - Cannot read IP mode file for STMicroelectronics.X-CUBE-AZRTOS-G4.2.0.0
2025-07-22 20:39:00,381 [WARN] PackLoader:240 - Cannot read IP mode file for wolfSSL.I-CUBE-wolfSSH.1.4.20
2025-07-22 20:39:00,387 [WARN] PackLoader:240 - Cannot read IP mode file for STMicroelectronics.X-CUBE-NFC7.2.0.0
2025-07-22 20:39:00,398 [WARN] PackLoader:240 - Cannot read IP mode file for STMicroelectronics.X-CUBE-IPS.3.1.0
2025-07-22 20:39:00,409 [WARN] PackLoader:240 - Cannot read IP mode file for STMicroelectronics.X-CUBE-ALS.1.0.2
2025-07-22 20:39:00,417 [WARN] PackLoader:240 - Cannot read IP mode file for portGmbH.I-Cube-SoM-uGOAL.1.1.0
2025-07-22 20:39:00,428 [WARN] PackLoader:240 - Cannot read IP mode file for STMicroelectronics.X-CUBE-TOF1.3.4.3
2025-07-22 20:39:00,437 [INFO] ThirdParty:978 - Integrity check success = true
2025-07-22 20:39:00,437 [INFO] IntegrityCheckThread:100 - exiting critical section [integrity check]
2025-07-22 20:39:00,438 [INFO] IntegrityCheckThread:103 - End integrity checks thread
2025-07-22 20:39:00,830 [INFO] WebApp:225 - Starting web application
2025-07-22 20:39:00,830 [INFO] WebApp:593 - Web application path used C:\ST\STM32CubeIDE_1.19.0\STM32CubeIDE\plugins\com.st.stm32cube.common.mx_6.15.0.202507011659\db\plugins\mcufinder\reactClient1\index.html
2025-07-22 20:39:01,179 [ERROR] LogOutputStream:75 - [STDERR_REDIRECT] [Fatal Error] :1:1: Premature end of file.
2025-07-22 20:39:01,179 [ERROR] LogOutputStream:75 - [STDERR_REDIRECT] 
2025-07-22 20:39:02,135 [INFO] McuFinderGlobals:63 - Set McuFinder mode to 2 (CubeIDE integrated)
2025-07-22 20:39:02,138 [ERROR] LogOutputStream:75 - [STDERR_REDIRECT] [Fatal Error] :1:1: Premature end of file.
2025-07-22 20:39:02,138 [ERROR] LogOutputStream:75 - [STDERR_REDIRECT] 
2025-07-22 20:39:02,139 [INFO] MainUpdater:2872 - connection check result : 10
2025-07-22 20:39:02,575 [INFO] ApiDb:581 - Connected to CubeFinder SQLite database (C:\Users\sumey\.stmcufinder\plugins\mcufinder\mcu\cube-finder-db.db)
2025-07-22 20:39:02,675 [INFO] ApiDb:668 - CubeFinder database Data Model version=2.1
2025-07-22 20:39:02,675 [INFO] ApiDb:669 - CubeFinder database Configuration version=3.0.39
2025-07-22 20:39:02,675 [INFO] ApiDb:670 - CubeFinder database generation date=2025-06-24 (1750757100)
2025-07-22 20:39:02,675 [INFO] ApiDb:671 - CubeFinder database FW Pack versions=[FP-ATR-ASTRA1_V2.0.0, FP-SNS-FLIGHT1_V5.1.0, FP-SNS-MOTENV1_V5.0.0, FP-SNS-MOTENVWB1_V1.4.0, FP-SNS-SMARTAG2_V1.2.0, FP-SNS-STBOX1_V2.0.0, STM32Cube_FW_C0_V1.4.0, STM32Cube_FW_F4_V1.28.2, STM32Cube_FW_F7_V1.17.3, STM32Cube_FW_G0_V1.6.2, STM32Cube_FW_G4_V1.6.1, STM32Cube_FW_H5_V1.5.0, STM32Cube_FW_H7RS_V1.2.0, STM32Cube_FW_H7_V1.12.1, STM32Cube_FW_L0_V1.12.2, STM32Cube_FW_L4_V1.18.1, STM32Cube_FW_L5_V1.5.1, STM32Cube_FW_N6_V1.2.0, STM32Cube_FW_U0_V1.3.0, STM32Cube_FW_U3_V1.2.0, STM32Cube_FW_U5_V1.8.0, STM32Cube_FW_WB0_V1.3.0, STM32Cube_FW_WBA_V1.7.0, STM32Cube_FW_WB_V1.23.0, STM32Cube_FW_WL3_V1.2.0, STM32Cube_FW_WL_V1.3.1, X-CUBE-ALGOBUILD_V1.4.0, X-CUBE-ALS_V1.0.2, X-CUBE-AZRTOS-F4_V1.1.0, X-CUBE-AZRTOS-F7_V1.1.0, X-CUBE-AZRTOS-G0_V1.1.0, X-CUBE-AZRTOS-G4_V2.0.0, X-CUBE-AZRTOS-H7RS_V1.1.0, X-CUBE-AZRTOS-H7_V3.3.0, X-CUBE-AZRTOS-L4_V2.0.0, X-CUBE-AZRTOS-L5_V2.0.0, X-CUBE-AZRTOS-WB_V2.0.0, X-CUBE-AZRTOS-WL_V2.0.0, X-CUBE-BLE1_V7.1.0, X-CUBE-BLE2_V3.3.0, X-CUBE-BLEMGR_V4.0.0, X-CUBE-EEPRMA1_V5.1.0, X-CUBE-FREERTOS_V1.3.1, X-CUBE-GNSS1_V6.0.0, X-CUBE-MEMS1_V11.3.0, X-CUBE-NFC4_V3.0.0, X-CUBE-NFC7_V2.0.0, X-CUBE-SFXS2LP1_V4.0.0, X-CUBE-SUBG2_V5.0.0, X-CUBE-TOF1_V3.4.3]
2025-07-22 20:39:03,132 [ERROR] LogOutputStream:75 - [STDERR_REDIRECT] [Fatal Error] :1:1: Premature end of file.
2025-07-22 20:39:03,132 [ERROR] LogOutputStream:75 - [STDERR_REDIRECT] 
2025-07-22 20:39:04,133 [ERROR] LogOutputStream:75 - [STDERR_REDIRECT] [Fatal Error] :1:1: Premature end of file.
2025-07-22 20:39:04,134 [ERROR] LogOutputStream:75 - [STDERR_REDIRECT] 
2025-07-22 20:39:05,136 [ERROR] LogOutputStream:75 - [STDERR_REDIRECT] [Fatal Error] :1:1: Premature end of file.
2025-07-22 20:39:05,136 [ERROR] LogOutputStream:75 - [STDERR_REDIRECT] 
2025-07-22 20:39:05,384 [INFO] ApiDb:240 - Found 880 in-development CPN: [B-G473E-ZEST1S, B-WB1M-WPAN1, B-WBA5M-WPAN, B-WL5M-SUBG1, NUCLEO-C031C6, NUCLEO-C051C8, NUCLEO-C071RB, NUCLEO-C092RC, NUCLEO-H503RB, NUCLEO-H533RE, NUCLEO-H563ZI, NUCLEO-H7S3L8, NUCLEO-N657X0-Q, NUCLEO-U031R8, NUCLEO-U083RC, NUCLEO-U385RG-Q, NUCLEO-U545RE-Q, NUCLEO-U5A5ZJ-Q, NUCLEO-WB05KZ, NUCLEO-WB07CC, NUCLEO-WB09KE, NUCLEO-WBA52CG, NUCLEO-WBA55CG, NUCLEO-WL33CC1, NUCLEO-WL33CC2, STEVAL-PROTEUS1, STEVAL-SMARTAG2, STEVAL-STWINBX1, STM320518-EVAL, STM32C0116-DK, STM32C011D6Y3TR, STM32C011D6Y6TR, STM32C011F4P3, STM32C011F4P6, STM32C011F4U3, STM32C011F4U6TR, STM32C011F6P3, STM32C011F6P6, STM32C011F6U3, STM32C011F6U6TR, STM32C011J4M3, STM32C011J4M6, STM32C011J6M3, STM32C011J6M6, STM32C0316-DK, STM32C031C4T3, STM32C031C4T6, STM32C031C4U3, STM32C031C4U6, STM32C031C6T3, STM32C031C6T6, STM32C031C6U3, STM32C031C6U6, STM32C031F4P3, STM32C031F4P6, STM32C031F6P3, STM32C031F6P6, STM32C031G4U3, STM32C031G4U6, STM32C031G6U3, STM32C031G6U6, STM32C031K4T3, STM32C031K4T6, STM32C031K4U3, STM32C031K4U6, STM32C031K6T3, STM32C031K6T6, STM32C031K6U3, STM32C031K6U6, STM32C051C6T6, STM32C051C6U6, STM32C051C8T6, STM32C051C8U6, STM32C051D8Y6TR, STM32C051F6P6, STM32C051F8P6, STM32C051G6U6, STM32C051G8U6, STM32C051K6T6, STM32C051K6U6, STM32C051K8T6, STM32C071C8T6, STM32C071C8T6N, STM32C071C8U6, STM32C071C8U6N, STM32C071CBT6, STM32C071CBT6N, STM32C071CBU6, STM32C071CBU6N, STM32C071F8P6, STM32C071F8P6N, STM32C071FBP6, STM32C071FBP6N, STM32C071FBY6TR, STM32C071G8U6, STM32C071G8U6N, STM32C071GBU6, STM32C071GBU6N, STM32C071K8T6, STM32C071K8T6N, STM32C071K8U6, STM32C071K8U6N, STM32C071KBT6, STM32C071KBT6N, STM32C071KBU6, STM32C071KBU6N, STM32C071R8T6, STM32C071R8T6N, STM32C071RBI6N, STM32C071RBT6, STM32C071RBT6N, STM32C091CBT6, STM32C091CBU6, STM32C091CCT6, STM32C091CCU6, STM32C091ECY6TR, STM32C091FBP6, STM32C091FCP6, STM32C091GBU6, STM32C091GCU6, STM32C091KBT6, STM32C091KBU6, STM32C091KCT6, STM32C091KCU6, STM32C091RBT6, STM32C091RCI6, STM32C091RCT6, STM32C092CBT6, STM32C092CBU6, STM32C092CCT6, STM32C092CCU6, STM32C092ECY6TR, STM32C092FBP6, STM32C092FCP6, STM32C092GBU6, STM32C092GCU6, STM32C092KBT6, STM32C092KBU6, STM32C092KCT6, STM32C092KCU6, STM32C092RBT6, STM32C092RCI6, STM32C092RCT6, STM32G071K8TXN, STM32G071K8UXN, STM32G081GBU6N, STM32G081KBT6N, STM32G081KBUXN, STM32G0B1CCT6N, STM32G0B1KCT6, STM32G0B1NEY6TR, STM32G0B1RCT6N, STM32G0C1CCT6, STM32G0C1CCT6N, STM32G0C1CCU6N, STM32G0C1CET6N, STM32G0C1CEU6N, STM32G0C1KCT6, STM32G0C1NEY6TR, STM32G0C1RCI6N, STM32G0C1RCT6N, STM32G0C1REI6N, STM32G0C1RET6N, STM32G0C1VCI6, STM32G0C1VEI6, STM32G411C6T3, STM32G411C6T6, STM32G411C6U3, STM32G411C6U6, STM32G411C8T3, STM32G411C8T6, STM32G411C8U3, STM32G411C8U6, STM32G411CBT3, STM32G411CBT6, STM32G411CBU3, STM32G411CBU6, STM32G411K6T3, STM32G411K6T6, STM32G411K6U3, STM32G411K6U6, STM32G411K8T3, STM32G411K8T6, STM32G411K8U3, STM32G411K8U6, STM32G411KBT3, STM32G411KBT6, STM32G411KBU3, STM32G411KBU6, STM32G411M6T3, STM32G411M6T6, STM32G411M8T3, STM32G411M8T6, STM32G411MBT3, STM32G411MBT6, STM32G411R6T3, STM32G411R6T6, STM32G411R8T3, STM32G411R8T6, STM32G411RBT3, STM32G411RBT6, STM32G414CBT3, STM32G414CBT6, STM32G414CBU3, STM32G414CBU6, STM32G414CCT3, STM32G414CCT6, STM32G414CCU3, STM32G414CCU6, STM32G414MBT3, STM32G414MBT6, STM32G414MCT3, STM32G414MCT6, STM32G414RBT3, STM32G414RBT6, STM32G414RCT3, STM32G414RCT6, STM32G414VBT3, STM32G414VBT6, STM32G414VCT3, STM32G414VCT6, STM32G431CBT3Z, STM32G431RBT3Z, STM32G471CCT6, STM32G471CCU6, STM32G471CET3, STM32G471CET6, STM32G471CEU3, STM32G471CEU6, STM32G471MCT6, STM32G471MET3, STM32G471MET6, STM32G471MEY6TR, STM32G471QCT6, STM32G471QET3, STM32G471RCT6, STM32G471RET3, STM32G471RET6, STM32G471VCH6, STM32G471VCI6, STM32G471VCT6, STM32G471VEH3, STM32G471VEH6, STM32G471VEI3, STM32G471VEI6, STM32G471VET3, STM32G471VET6, STM32G473QET3Z, STM32G473RET3Z, STM32G474CCT6, STM32G491RET3Z, STM32H503CBT6, STM32H503CBU6, STM32H503EBY6TR, STM32H503KBU6, STM32H503RBT6, STM32H523CCT6, STM32H523CCU6, STM32H523CET6, STM32H523CEU6, STM32H523HEY6TR, STM32H523RCT6, STM32H523RET6, STM32H523VCI6, STM32H523VCT6, STM32H523VEI6, STM32H523VET6, STM32H523ZCJ6, STM32H523ZCT6, STM32H523ZEJ6, STM32H523ZET6, STM32H533CET6, STM32H533CEU6, STM32H533HEY6TR, STM32H533RET6, STM32H533VEI6, STM32H533VET6, STM32H533ZEJ6, STM32H533ZET6, STM32H562AGI6, STM32H562AII6, STM32H562IGK6, STM32H562IGT6, STM32H562IIK6, STM32H562IIT6, STM32H562RGT6, STM32H562RGV6, STM32H562RIT6, STM32H562RIV6, STM32H562VGT6, STM32H562VIT6, STM32H562ZGT6, STM32H562ZIT6, STM32H563AGI6, STM32H563AII3Q, STM32H563AII6, STM32H563IGK6, STM32H563IGT6, STM32H563IIK3Q, STM32H563IIK6, STM32H563IIT3Q, STM32H563IIT6, STM32H563MIY3QTR, STM32H563RGT6, STM32H563RGV6, STM32H563RIT6, STM32H563RIV6, STM32H563VGT6, STM32H563VIT3Q, STM32H563VIT6, STM32H563ZGT6, STM32H563ZIT3Q, STM32H563ZIT6, STM32H573AII3Q, STM32H573AII6, STM32H573I-DK, STM32H573IIK3Q, STM32H573IIK6, STM32H573IIT3Q, STM32H573IIT6, STM32H573MIY3QTR, STM32H573RIT6, STM32H573RIV6, STM32H573VIT3Q, STM32H573VIT6, STM32H573ZIT3Q, STM32H573ZIT6, STM32H7R3A8I6, STM32H7R3I8K6, STM32H7R3I8T6, STM32H7R3L8H6, STM32H7R3L8H6H, STM32H7R3R8V6, STM32H7R3V8H6, STM32H7R3V8T6, STM32H7R3V8Y6TR, STM32H7R3Z8J6, STM32H7R3Z8T6, STM32H7R7A8I6, STM32H7R7I8K6, STM32H7R7I8T6, STM32H7R7L8H6, STM32H7R7L8H6H, STM32H7R7Z8J6, STM32H7S3A8I6, STM32H7S3I8K6, STM32H7S3I8T6, STM32H7S3L8H6, STM32H7S3L8H6H, STM32H7S3R8V6, STM32H7S3V8H6, STM32H7S3V8T6, STM32H7S3V8Y6TR, STM32H7S3Z8J6, STM32H7S3Z8T6, STM32H7S78-DK, STM32H7S7A8I6, STM32H7S7I8K6, STM32H7S7I8T6, STM32H7S7L8H6, STM32H7S7L8H6H, STM32H7S7Z8J6, STM32L4R5QGI6STR, STM32MP131AAE3, STM32MP131AAF3, STM32MP131AAG3, STM32MP131CAE3, STM32MP131CAF3, STM32MP131CAG3, STM32MP131DAE7, STM32MP131DAF7, STM32MP131DAG7, STM32MP131FAE7, STM32MP131FAF7, STM32MP131FAG7, STM32MP133AAE3, STM32MP133AAF3, STM32MP133AAG3, STM32MP133CAE3, STM32MP133CAF3, STM32MP133CAG3, STM32MP133DAE7, STM32MP133DAF7, STM32MP133DAG7, STM32MP133FAE7, STM32MP133FAF7, STM32MP133FAG7, STM32MP135AAE3, STM32MP135AAF3, STM32MP135AAG3, STM32MP135CAE3, STM32MP135CAF3, STM32MP135CAG3, STM32MP135DAE7, STM32MP135DAF7, STM32MP135DAG7, STM32MP135F-DK, STM32MP135FAE7, STM32MP135FAF7, STM32MP135FAF7T, STM32MP135FAF7U, STM32MP135FAG7, STM32MP211AAL3, STM32MP211AAM3, STM32MP211AAN3, STM32MP211AAO3, STM32MP211CAL3, STM32MP211CAM3, STM32MP211CAN3, STM32MP211CAO3, STM32MP211DAL3, STM32MP211DAM3, STM32MP211DAN3, STM32MP211DAO3, STM32MP211FAL3, STM32MP211FAM3, STM32MP211FAN3, STM32MP211FAO3, STM32MP213AAL3, STM32MP213AAM3, STM32MP213AAN3, STM32MP213AAO3, STM32MP213CAL3, STM32MP213CAM3, STM32MP213CAN3, STM32MP213CAO3, STM32MP213DAL3, STM32MP213DAM3, STM32MP213DAN3, STM32MP213DAO3, STM32MP213FAL3, STM32MP213FAM3, STM32MP213FAN3, STM32MP213FAO3, STM32MP215AAL3, STM32MP215AAM3, STM32MP215AAN3, STM32MP215AAO3, STM32MP215CAL3, STM32MP215CAM3, STM32MP215CAN3, STM32MP215CAO3, STM32MP215DAL3, STM32MP215DAM3, STM32MP215DAN3, STM32MP215DAO3, STM32MP215F-DK, STM32MP215FAL3, STM32MP215FAM3, STM32MP215FAN3, STM32MP215FAO3, STM32MP231AAJ3, STM32MP231AAK3, STM32MP231AAL3, STM32MP231CAJ3, STM32MP231CAK3, STM32MP231CAL3, STM32MP231DAJ3, STM32MP231DAK3, STM32MP231DAL3, STM32MP231FAJ3, STM32MP231FAK3, STM32MP231FAL3, STM32MP233AAJ3, STM32MP233AAK3, STM32MP233AAL3, STM32MP233CAJ3, STM32MP233CAK3, STM32MP233CAL3, STM32MP233DAJ3, STM32MP233DAK3, STM32MP233DAL3, STM32MP233FAJ3, STM32MP233FAK3, STM32MP233FAL3, STM32MP235AAJ3, STM32MP235AAK3, STM32MP235AAL3, STM32MP235CAJ3, STM32MP235CAK3, STM32MP235CAL3, STM32MP235DAJ3, STM32MP235DAK3, STM32MP235DAL3, STM32MP235FAJ3, STM32MP235FAK3, STM32MP235FAL3, STM32MP251AAI3, STM32MP251AAK3, STM32MP251AAL3, STM32MP251CAI3, STM32MP251CAK3, STM32MP251CAL3, STM32MP251DAI3, STM32MP251DAK3, STM32MP251DAL3, STM32MP251FAI3, STM32MP251FAK3, STM32MP251FAL3, STM32MP253AAI3, STM32MP253AAK3, STM32MP253AAL3, STM32MP253CAI3, STM32MP253CAK3, STM32MP253CAL3, STM32MP253DAI3, STM32MP253DAK3, STM32MP253DAL3, STM32MP253FAI3, STM32MP253FAK3, STM32MP253FAL3, STM32MP255AAI3, STM32MP255AAK3, STM32MP255AAL3, STM32MP255CAI3, STM32MP255CAK3, STM32MP255CAL3, STM32MP255DAI3, STM32MP255DAK3, STM32MP255DAL3, STM32MP255FAI3, STM32MP255FAK3, STM32MP255FAL3, STM32MP257AAI3, STM32MP257AAK3, STM32MP257AAL3, STM32MP257CAI3, STM32MP257CAK3, STM32MP257CAL3, STM32MP257DAI3, STM32MP257DAK3, STM32MP257DAL3, STM32MP257F-DK, STM32MP257F-EV1, STM32MP257FAI3, STM32MP257FAK3, STM32MP257FAL3, STM32N645A0H3Q, STM32N645B0H3Q, STM32N645I0H3Q, STM32N645L0H3Q, STM32N645X0H3Q, STM32N645Z0H3Q, STM32N647A0H3Q, STM32N647B0H3Q, STM32N647I0H3Q, STM32N647L0H3Q, STM32N647X0H3Q, STM32N647Z0H3Q, STM32N655A0H3Q, STM32N655B0H3Q, STM32N655I0H3Q, STM32N655L0H3Q, STM32N655X0H3Q, STM32N655Z0H3Q, STM32N6570-DK, STM32N657A0H3Q, STM32N657B0H3Q, STM32N657I0H3Q, STM32N657L0H3Q, STM32N657X0H3Q, STM32N657Z0H3Q, STM32U031C6T6, STM32U031C6U6, STM32U031C8T6, STM32U031C8U6, STM32U031F4P6, STM32U031F6P6, STM32U031F8P6, STM32U031G6Y6TR, STM32U031G8Y6TR, STM32U031K4U6, STM32U031K6U6, STM32U031K8U6, STM32U031R6I6, STM32U031R6T6, STM32U031R8I6, STM32U031R8T6, STM32U073C8T6, STM32U073C8U6, STM32U073CBT6, STM32U073CBU6, STM32U073CCT6, STM32U073CCU6, STM32U073H8Y6TR, STM32U073HBY6TR, STM32U073HCY6TR, STM32U073K8U6, STM32U073KBU6, STM32U073KCU6, STM32U073M8I6, STM32U073M8T6, STM32U073MBI6, STM32U073MBT6, STM32U073MCI6, STM32U073MCT6, STM32U073R8I6, STM32U073R8T6, STM32U073RBI6, STM32U073RBT6, STM32U073RCI6, STM32U073RCT6, STM32U083C-DK, STM32U083CCT6, STM32U083CCU6, STM32U083HCY6TR, STM32U083KCU6, STM32U083MCI6, STM32U083MCT6, STM32U083RCI6, STM32U083RCT6, STM32U375CET6, STM32U375CET6Q, STM32U375CEU6, STM32U375CEU6Q, STM32U375CEY6QTR, STM32U375CGT6, STM32U375CGT6Q, STM32U375CGU6, STM32U375CGU6Q, STM32U375CGY6QTR, STM32U375KEU6, STM32U375KGU6, STM32U375REI6, STM32U375REI6Q, STM32U375RET6, STM32U375RET6Q, STM32U375REY6GTR, STM32U375REY6QTR, STM32U375RGI6, STM32U375RGI6Q, STM32U375RGT6, STM32U375RGT6Q, STM32U375RGY6GTR, STM32U375RGY6QTR, STM32U375VEI6, STM32U375VEI6Q, STM32U375VET6, STM32U375VET6Q, STM32U375VGI6, STM32U375VGI6Q, STM32U375VGT6, STM32U375VGT6Q, STM32U385CGT6, STM32U385CGT6Q, STM32U385CGU6, STM32U385CGU6Q, STM32U385CGY6QTR, STM32U385KGU6, STM32U385RGI6, STM32U385RGI6Q, STM32U385RGT6, STM32U385RGT6Q, STM32U385RGY6GTR, STM32U385RGY6QTR, STM32U385VGI6, STM32U385VGI6Q, STM32U385VGT6, STM32U385VGT6Q, STM32U535CBT6, STM32U535CBT6Q, STM32U535CBU6, STM32U535CBU6Q, STM32U535CCT6, STM32U535CCT6Q, STM32U535CCU6, STM32U535CCU6Q, STM32U535CET6, STM32U535CET6Q, STM32U535CEU6, STM32U535CEU6Q, STM32U535JEY6QTR, STM32U535NCY6QTR, STM32U535NEY6QTR, STM32U535RBI6, STM32U535RBI6Q, STM32U535RBT6, STM32U535RBT6Q, STM32U535RCI6, STM32U535RCI6Q, STM32U535RCT6, STM32U535RCT6Q, STM32U535REI6, STM32U535REI6Q, STM32U535RET6, STM32U535RET6Q, STM32U535VCI6, STM32U535VCI6Q, STM32U535VCT6, STM32U535VCT6Q, STM32U535VEI6, STM32U535VEI6Q, STM32U535VET6, STM32U535VET6Q, STM32U545CET6, STM32U545CET6Q, STM32U545CEU6, STM32U545CEU6Q, STM32U545JEY6QTR, STM32U545NEY6QTR, STM32U545REI6, STM32U545REI6Q, STM32U545RET6, STM32U545RET6Q, STM32U545VEI6, STM32U545VEI6Q, STM32U545VET6, STM32U545VET6Q, STM32U595AIH6, STM32U595AIH6Q, STM32U595AJH6, STM32U595AJH6Q, STM32U595QII6, STM32U595QII6Q, STM32U595QJI6, STM32U595QJI6Q, STM32U595RIT6, STM32U595RIT6Q, STM32U595RJT6, STM32U595RJT6Q, STM32U595VIT6, STM32U595VIT6Q, STM32U595VJT6, STM32U595VJT6Q, STM32U595ZIT6, STM32U595ZIT6Q, STM32U595ZIY6QTR, STM32U595ZJT6, STM32U595ZJT6Q, STM32U595ZJY6QTR, STM32U599BJY6QTR, STM32U599NIH6Q, STM32U599NJH6Q, STM32U599VIT6Q, STM32U599VJT6, STM32U599VJT6Q, STM32U599ZIT6Q, STM32U599ZIY6QTR, STM32U599ZJT6Q, STM32U599ZJY6QTR, STM32U5A5AJH6, STM32U5A5AJH6Q, STM32U5A5QII3Q , STM32U5A5QJI6, STM32U5A5QJI6Q, STM32U5A5RJT6, STM32U5A5RJT6Q, STM32U5A5VJT6, STM32U5A5VJT6Q, STM32U5A5ZJT6, STM32U5A5ZJT6Q, STM32U5A5ZJY6QTR, STM32U5A9BJY6QTR, STM32U5A9J-DK, STM32U5A9NJH6Q, STM32U5A9VJT6Q, STM32U5A9ZJT6Q, STM32U5A9ZJY6QTR, STM32U5F7VIT6, STM32U5F7VIT6Q, STM32U5F7VJT6, STM32U5F7VJT6Q, STM32U5F9BJY6QTR, STM32U5F9NJH6Q, STM32U5F9VIT6Q, STM32U5F9VJT6Q, STM32U5F9ZIJ6QTR, STM32U5F9ZIT6Q, STM32U5F9ZJJ6QTR, STM32U5F9ZJT6Q, STM32U5G7VJT6, STM32U5G7VJT6Q, STM32U5G9BJY6QTR, STM32U5G9J-DK1, STM32U5G9J-DK2, STM32U5G9NJH6Q, STM32U5G9VJT6Q, STM32U5G9ZJJ6QTR, STM32U5G9ZJT6Q, STM32WB05KZV6TR, STM32WB05KZV7TR, STM32WB05TZF6TR, STM32WB05TZF7TR, STM32WB06CCF6TR, STM32WB06CCF7TR, STM32WB06CCV6TR, STM32WB06CCV7TR, STM32WB06KCV6TR, STM32WB06KCV7TR, STM32WB07CCF6TR, STM32WB07CCF7TR, STM32WB07CCV6TR, STM32WB07CCV7TR, STM32WB07KCV6TR, STM32WB07KCV7TR, STM32WB09KEV6TR, STM32WB09KEV7TR, STM32WB09TEF6TR, STM32WB09TEF7TR, STM32WB1MMCH6, STM32WBA50KGU6, STM32WBA50KGU6TR, STM32WBA52CEU6, STM32WBA52CEU6TR, STM32WBA52CEU7, STM32WBA52CEU7TR, STM32WBA52CGU6, STM32WBA52CGU6TR, STM32WBA52CGU6U, STM32WBA52CGU7, STM32WBA52CGU7TR, STM32WBA52KEU6, STM32WBA52KEU6TR, STM32WBA52KGU6, STM32WBA52KGU6TR, STM32WBA54CEU6, STM32WBA54CEU6TR, STM32WBA54CEU7, STM32WBA54CEU7TR, STM32WBA54CGU6, STM32WBA54CGU6TR, STM32WBA54CGU7, STM32WBA54CGU7TR, STM32WBA54KEU6, STM32WBA54KEU6TR, STM32WBA54KEU7, STM32WBA54KEU7TR, STM32WBA54KGU6, STM32WBA54KGU6TR, STM32WBA54KGU7, STM32WBA54KGU7TR, STM32WBA55CEU6, STM32WBA55CEU6TR, STM32WBA55CEU7, STM32WBA55CEU7TR, STM32WBA55CGU6, STM32WBA55CGU6TR, STM32WBA55CGU6U, STM32WBA55CGU7, STM32WBA55CGU7TR, STM32WBA55G-DK1, STM32WBA55HEF6, STM32WBA55HEF7, STM32WBA55HGF6, STM32WBA55HGF7, STM32WBA55UEI6, STM32WBA55UEI6TR, STM32WBA55UEI7, STM32WBA55UEI7TR, STM32WBA55UGI6, STM32WBA55UGI6TR, STM32WBA55UGI7, STM32WBA55UGI7TR, STM32WBA5MMGH6TR, STM32WBA62MGF6, STM32WBA62MIF6, STM32WBA65MGF7, STM32WBA65MIF6, STM32WBA65MIF7, STM32WL30K8V6, STM32WL30KBV6, STM32WL31C8V6, STM32WL31CBV6, STM32WL31K8V6, STM32WL31KBV6, STM32WL33C8V6, STM32WL33C8V6X, STM32WL33CBV6, STM32WL33CBV6X, STM32WL33CCV6, STM32WL33CCV6A, STM32WL33CCV6X, STM32WL33K8V7, STM32WL33K8V7X, STM32WL33KBV7 , STM32WL33KBV7X, STM32WL33KCV7, STM32WL33KCV7X, STM32WL5MOCH6, STM32WL5MOCH6TR]
2025-07-22 20:39:05,391 [INFO] DbMcus:218 - Found 4801 MCUs, 4801 are supported
2025-07-22 20:39:05,391 [INFO] ApiDb:423 - Load user favorites file C:\Users\sumey/.stm32cubeide/favorites.mcus.txt: 1 item(s)
2025-07-22 20:39:05,392 [INFO] ApiDb:427 - User favorites MCUs=[STM32F103C6T6A]
2025-07-22 20:39:05,392 [INFO] DbMcus:224 - Set 1 / 1 favorites MCUs
2025-07-22 20:39:05,843 [INFO] ApiDb:668 - CubeFinder database Data Model version=2.1
2025-07-22 20:39:05,843 [INFO] ApiDb:669 - CubeFinder database Configuration version=3.0.39
2025-07-22 20:39:05,843 [INFO] ApiDb:670 - CubeFinder database generation date=2025-06-24 (1750757100)
2025-07-22 20:39:05,843 [INFO] ApiDb:671 - CubeFinder database FW Pack versions=[FP-ATR-ASTRA1_V2.0.0, FP-SNS-FLIGHT1_V5.1.0, FP-SNS-MOTENV1_V5.0.0, FP-SNS-MOTENVWB1_V1.4.0, FP-SNS-SMARTAG2_V1.2.0, FP-SNS-STBOX1_V2.0.0, STM32Cube_FW_C0_V1.4.0, STM32Cube_FW_F4_V1.28.2, STM32Cube_FW_F7_V1.17.3, STM32Cube_FW_G0_V1.6.2, STM32Cube_FW_G4_V1.6.1, STM32Cube_FW_H5_V1.5.0, STM32Cube_FW_H7RS_V1.2.0, STM32Cube_FW_H7_V1.12.1, STM32Cube_FW_L0_V1.12.2, STM32Cube_FW_L4_V1.18.1, STM32Cube_FW_L5_V1.5.1, STM32Cube_FW_N6_V1.2.0, STM32Cube_FW_U0_V1.3.0, STM32Cube_FW_U3_V1.2.0, STM32Cube_FW_U5_V1.8.0, STM32Cube_FW_WB0_V1.3.0, STM32Cube_FW_WBA_V1.7.0, STM32Cube_FW_WB_V1.23.0, STM32Cube_FW_WL3_V1.2.0, STM32Cube_FW_WL_V1.3.1, X-CUBE-ALGOBUILD_V1.4.0, X-CUBE-ALS_V1.0.2, X-CUBE-AZRTOS-F4_V1.1.0, X-CUBE-AZRTOS-F7_V1.1.0, X-CUBE-AZRTOS-G0_V1.1.0, X-CUBE-AZRTOS-G4_V2.0.0, X-CUBE-AZRTOS-H7RS_V1.1.0, X-CUBE-AZRTOS-H7_V3.3.0, X-CUBE-AZRTOS-L4_V2.0.0, X-CUBE-AZRTOS-L5_V2.0.0, X-CUBE-AZRTOS-WB_V2.0.0, X-CUBE-AZRTOS-WL_V2.0.0, X-CUBE-BLE1_V7.1.0, X-CUBE-BLE2_V3.3.0, X-CUBE-BLEMGR_V4.0.0, X-CUBE-EEPRMA1_V5.1.0, X-CUBE-FREERTOS_V1.3.1, X-CUBE-GNSS1_V6.0.0, X-CUBE-MEMS1_V11.3.0, X-CUBE-NFC4_V3.0.0, X-CUBE-NFC7_V2.0.0, X-CUBE-SFXS2LP1_V4.0.0, X-CUBE-SUBG2_V5.0.0, X-CUBE-TOF1_V3.4.3]
2025-07-22 20:39:05,912 [INFO] DbBoardsSqlite:226 - include board P-NUCLEO-WB55-NUCLEO as a kit item of type 'Nucleo-64'
2025-07-22 20:39:05,913 [INFO] DbBoardsSqlite:226 - include board P-NUCLEO-WB55-USBDONGLE as a kit item of type 'Nucleo USB Dongle'
2025-07-22 20:39:05,913 [INFO] DbBoardsSqlite:226 - include board STEVAL-IDP005V1 as a kit item of type 'Evaluation Board'
2025-07-22 20:39:05,913 [INFO] DbBoardsSqlite:226 - include board STEVAL-IDP005V2 as a kit item of type 'Evaluation Board'
2025-07-22 20:39:05,985 [INFO] ApiDb:240 - Found 880 in-development CPN: [B-G473E-ZEST1S, B-WB1M-WPAN1, B-WBA5M-WPAN, B-WL5M-SUBG1, NUCLEO-C031C6, NUCLEO-C051C8, NUCLEO-C071RB, NUCLEO-C092RC, NUCLEO-H503RB, NUCLEO-H533RE, NUCLEO-H563ZI, NUCLEO-H7S3L8, NUCLEO-N657X0-Q, NUCLEO-U031R8, NUCLEO-U083RC, NUCLEO-U385RG-Q, NUCLEO-U545RE-Q, NUCLEO-U5A5ZJ-Q, NUCLEO-WB05KZ, NUCLEO-WB07CC, NUCLEO-WB09KE, NUCLEO-WBA52CG, NUCLEO-WBA55CG, NUCLEO-WL33CC1, NUCLEO-WL33CC2, STEVAL-PROTEUS1, STEVAL-SMARTAG2, STEVAL-STWINBX1, STM320518-EVAL, STM32C0116-DK, STM32C011D6Y3TR, STM32C011D6Y6TR, STM32C011F4P3, STM32C011F4P6, STM32C011F4U3, STM32C011F4U6TR, STM32C011F6P3, STM32C011F6P6, STM32C011F6U3, STM32C011F6U6TR, STM32C011J4M3, STM32C011J4M6, STM32C011J6M3, STM32C011J6M6, STM32C0316-DK, STM32C031C4T3, STM32C031C4T6, STM32C031C4U3, STM32C031C4U6, STM32C031C6T3, STM32C031C6T6, STM32C031C6U3, STM32C031C6U6, STM32C031F4P3, STM32C031F4P6, STM32C031F6P3, STM32C031F6P6, STM32C031G4U3, STM32C031G4U6, STM32C031G6U3, STM32C031G6U6, STM32C031K4T3, STM32C031K4T6, STM32C031K4U3, STM32C031K4U6, STM32C031K6T3, STM32C031K6T6, STM32C031K6U3, STM32C031K6U6, STM32C051C6T6, STM32C051C6U6, STM32C051C8T6, STM32C051C8U6, STM32C051D8Y6TR, STM32C051F6P6, STM32C051F8P6, STM32C051G6U6, STM32C051G8U6, STM32C051K6T6, STM32C051K6U6, STM32C051K8T6, STM32C071C8T6, STM32C071C8T6N, STM32C071C8U6, STM32C071C8U6N, STM32C071CBT6, STM32C071CBT6N, STM32C071CBU6, STM32C071CBU6N, STM32C071F8P6, STM32C071F8P6N, STM32C071FBP6, STM32C071FBP6N, STM32C071FBY6TR, STM32C071G8U6, STM32C071G8U6N, STM32C071GBU6, STM32C071GBU6N, STM32C071K8T6, STM32C071K8T6N, STM32C071K8U6, STM32C071K8U6N, STM32C071KBT6, STM32C071KBT6N, STM32C071KBU6, STM32C071KBU6N, STM32C071R8T6, STM32C071R8T6N, STM32C071RBI6N, STM32C071RBT6, STM32C071RBT6N, STM32C091CBT6, STM32C091CBU6, STM32C091CCT6, STM32C091CCU6, STM32C091ECY6TR, STM32C091FBP6, STM32C091FCP6, STM32C091GBU6, STM32C091GCU6, STM32C091KBT6, STM32C091KBU6, STM32C091KCT6, STM32C091KCU6, STM32C091RBT6, STM32C091RCI6, STM32C091RCT6, STM32C092CBT6, STM32C092CBU6, STM32C092CCT6, STM32C092CCU6, STM32C092ECY6TR, STM32C092FBP6, STM32C092FCP6, STM32C092GBU6, STM32C092GCU6, STM32C092KBT6, STM32C092KBU6, STM32C092KCT6, STM32C092KCU6, STM32C092RBT6, STM32C092RCI6, STM32C092RCT6, STM32G071K8TXN, STM32G071K8UXN, STM32G081GBU6N, STM32G081KBT6N, STM32G081KBUXN, STM32G0B1CCT6N, STM32G0B1KCT6, STM32G0B1NEY6TR, STM32G0B1RCT6N, STM32G0C1CCT6, STM32G0C1CCT6N, STM32G0C1CCU6N, STM32G0C1CET6N, STM32G0C1CEU6N, STM32G0C1KCT6, STM32G0C1NEY6TR, STM32G0C1RCI6N, STM32G0C1RCT6N, STM32G0C1REI6N, STM32G0C1RET6N, STM32G0C1VCI6, STM32G0C1VEI6, STM32G411C6T3, STM32G411C6T6, STM32G411C6U3, STM32G411C6U6, STM32G411C8T3, STM32G411C8T6, STM32G411C8U3, STM32G411C8U6, STM32G411CBT3, STM32G411CBT6, STM32G411CBU3, STM32G411CBU6, STM32G411K6T3, STM32G411K6T6, STM32G411K6U3, STM32G411K6U6, STM32G411K8T3, STM32G411K8T6, STM32G411K8U3, STM32G411K8U6, STM32G411KBT3, STM32G411KBT6, STM32G411KBU3, STM32G411KBU6, STM32G411M6T3, STM32G411M6T6, STM32G411M8T3, STM32G411M8T6, STM32G411MBT3, STM32G411MBT6, STM32G411R6T3, STM32G411R6T6, STM32G411R8T3, STM32G411R8T6, STM32G411RBT3, STM32G411RBT6, STM32G414CBT3, STM32G414CBT6, STM32G414CBU3, STM32G414CBU6, STM32G414CCT3, STM32G414CCT6, STM32G414CCU3, STM32G414CCU6, STM32G414MBT3, STM32G414MBT6, STM32G414MCT3, STM32G414MCT6, STM32G414RBT3, STM32G414RBT6, STM32G414RCT3, STM32G414RCT6, STM32G414VBT3, STM32G414VBT6, STM32G414VCT3, STM32G414VCT6, STM32G431CBT3Z, STM32G431RBT3Z, STM32G471CCT6, STM32G471CCU6, STM32G471CET3, STM32G471CET6, STM32G471CEU3, STM32G471CEU6, STM32G471MCT6, STM32G471MET3, STM32G471MET6, STM32G471MEY6TR, STM32G471QCT6, STM32G471QET3, STM32G471RCT6, STM32G471RET3, STM32G471RET6, STM32G471VCH6, STM32G471VCI6, STM32G471VCT6, STM32G471VEH3, STM32G471VEH6, STM32G471VEI3, STM32G471VEI6, STM32G471VET3, STM32G471VET6, STM32G473QET3Z, STM32G473RET3Z, STM32G474CCT6, STM32G491RET3Z, STM32H503CBT6, STM32H503CBU6, STM32H503EBY6TR, STM32H503KBU6, STM32H503RBT6, STM32H523CCT6, STM32H523CCU6, STM32H523CET6, STM32H523CEU6, STM32H523HEY6TR, STM32H523RCT6, STM32H523RET6, STM32H523VCI6, STM32H523VCT6, STM32H523VEI6, STM32H523VET6, STM32H523ZCJ6, STM32H523ZCT6, STM32H523ZEJ6, STM32H523ZET6, STM32H533CET6, STM32H533CEU6, STM32H533HEY6TR, STM32H533RET6, STM32H533VEI6, STM32H533VET6, STM32H533ZEJ6, STM32H533ZET6, STM32H562AGI6, STM32H562AII6, STM32H562IGK6, STM32H562IGT6, STM32H562IIK6, STM32H562IIT6, STM32H562RGT6, STM32H562RGV6, STM32H562RIT6, STM32H562RIV6, STM32H562VGT6, STM32H562VIT6, STM32H562ZGT6, STM32H562ZIT6, STM32H563AGI6, STM32H563AII3Q, STM32H563AII6, STM32H563IGK6, STM32H563IGT6, STM32H563IIK3Q, STM32H563IIK6, STM32H563IIT3Q, STM32H563IIT6, STM32H563MIY3QTR, STM32H563RGT6, STM32H563RGV6, STM32H563RIT6, STM32H563RIV6, STM32H563VGT6, STM32H563VIT3Q, STM32H563VIT6, STM32H563ZGT6, STM32H563ZIT3Q, STM32H563ZIT6, STM32H573AII3Q, STM32H573AII6, STM32H573I-DK, STM32H573IIK3Q, STM32H573IIK6, STM32H573IIT3Q, STM32H573IIT6, STM32H573MIY3QTR, STM32H573RIT6, STM32H573RIV6, STM32H573VIT3Q, STM32H573VIT6, STM32H573ZIT3Q, STM32H573ZIT6, STM32H7R3A8I6, STM32H7R3I8K6, STM32H7R3I8T6, STM32H7R3L8H6, STM32H7R3L8H6H, STM32H7R3R8V6, STM32H7R3V8H6, STM32H7R3V8T6, STM32H7R3V8Y6TR, STM32H7R3Z8J6, STM32H7R3Z8T6, STM32H7R7A8I6, STM32H7R7I8K6, STM32H7R7I8T6, STM32H7R7L8H6, STM32H7R7L8H6H, STM32H7R7Z8J6, STM32H7S3A8I6, STM32H7S3I8K6, STM32H7S3I8T6, STM32H7S3L8H6, STM32H7S3L8H6H, STM32H7S3R8V6, STM32H7S3V8H6, STM32H7S3V8T6, STM32H7S3V8Y6TR, STM32H7S3Z8J6, STM32H7S3Z8T6, STM32H7S78-DK, STM32H7S7A8I6, STM32H7S7I8K6, STM32H7S7I8T6, STM32H7S7L8H6, STM32H7S7L8H6H, STM32H7S7Z8J6, STM32L4R5QGI6STR, STM32MP131AAE3, STM32MP131AAF3, STM32MP131AAG3, STM32MP131CAE3, STM32MP131CAF3, STM32MP131CAG3, STM32MP131DAE7, STM32MP131DAF7, STM32MP131DAG7, STM32MP131FAE7, STM32MP131FAF7, STM32MP131FAG7, STM32MP133AAE3, STM32MP133AAF3, STM32MP133AAG3, STM32MP133CAE3, STM32MP133CAF3, STM32MP133CAG3, STM32MP133DAE7, STM32MP133DAF7, STM32MP133DAG7, STM32MP133FAE7, STM32MP133FAF7, STM32MP133FAG7, STM32MP135AAE3, STM32MP135AAF3, STM32MP135AAG3, STM32MP135CAE3, STM32MP135CAF3, STM32MP135CAG3, STM32MP135DAE7, STM32MP135DAF7, STM32MP135DAG7, STM32MP135F-DK, STM32MP135FAE7, STM32MP135FAF7, STM32MP135FAF7T, STM32MP135FAF7U, STM32MP135FAG7, STM32MP211AAL3, STM32MP211AAM3, STM32MP211AAN3, STM32MP211AAO3, STM32MP211CAL3, STM32MP211CAM3, STM32MP211CAN3, STM32MP211CAO3, STM32MP211DAL3, STM32MP211DAM3, STM32MP211DAN3, STM32MP211DAO3, STM32MP211FAL3, STM32MP211FAM3, STM32MP211FAN3, STM32MP211FAO3, STM32MP213AAL3, STM32MP213AAM3, STM32MP213AAN3, STM32MP213AAO3, STM32MP213CAL3, STM32MP213CAM3, STM32MP213CAN3, STM32MP213CAO3, STM32MP213DAL3, STM32MP213DAM3, STM32MP213DAN3, STM32MP213DAO3, STM32MP213FAL3, STM32MP213FAM3, STM32MP213FAN3, STM32MP213FAO3, STM32MP215AAL3, STM32MP215AAM3, STM32MP215AAN3, STM32MP215AAO3, STM32MP215CAL3, STM32MP215CAM3, STM32MP215CAN3, STM32MP215CAO3, STM32MP215DAL3, STM32MP215DAM3, STM32MP215DAN3, STM32MP215DAO3, STM32MP215F-DK, STM32MP215FAL3, STM32MP215FAM3, STM32MP215FAN3, STM32MP215FAO3, STM32MP231AAJ3, STM32MP231AAK3, STM32MP231AAL3, STM32MP231CAJ3, STM32MP231CAK3, STM32MP231CAL3, STM32MP231DAJ3, STM32MP231DAK3, STM32MP231DAL3, STM32MP231FAJ3, STM32MP231FAK3, STM32MP231FAL3, STM32MP233AAJ3, STM32MP233AAK3, STM32MP233AAL3, STM32MP233CAJ3, STM32MP233CAK3, STM32MP233CAL3, STM32MP233DAJ3, STM32MP233DAK3, STM32MP233DAL3, STM32MP233FAJ3, STM32MP233FAK3, STM32MP233FAL3, STM32MP235AAJ3, STM32MP235AAK3, STM32MP235AAL3, STM32MP235CAJ3, STM32MP235CAK3, STM32MP235CAL3, STM32MP235DAJ3, STM32MP235DAK3, STM32MP235DAL3, STM32MP235FAJ3, STM32MP235FAK3, STM32MP235FAL3, STM32MP251AAI3, STM32MP251AAK3, STM32MP251AAL3, STM32MP251CAI3, STM32MP251CAK3, STM32MP251CAL3, STM32MP251DAI3, STM32MP251DAK3, STM32MP251DAL3, STM32MP251FAI3, STM32MP251FAK3, STM32MP251FAL3, STM32MP253AAI3, STM32MP253AAK3, STM32MP253AAL3, STM32MP253CAI3, STM32MP253CAK3, STM32MP253CAL3, STM32MP253DAI3, STM32MP253DAK3, STM32MP253DAL3, STM32MP253FAI3, STM32MP253FAK3, STM32MP253FAL3, STM32MP255AAI3, STM32MP255AAK3, STM32MP255AAL3, STM32MP255CAI3, STM32MP255CAK3, STM32MP255CAL3, STM32MP255DAI3, STM32MP255DAK3, STM32MP255DAL3, STM32MP255FAI3, STM32MP255FAK3, STM32MP255FAL3, STM32MP257AAI3, STM32MP257AAK3, STM32MP257AAL3, STM32MP257CAI3, STM32MP257CAK3, STM32MP257CAL3, STM32MP257DAI3, STM32MP257DAK3, STM32MP257DAL3, STM32MP257F-DK, STM32MP257F-EV1, STM32MP257FAI3, STM32MP257FAK3, STM32MP257FAL3, STM32N645A0H3Q, STM32N645B0H3Q, STM32N645I0H3Q, STM32N645L0H3Q, STM32N645X0H3Q, STM32N645Z0H3Q, STM32N647A0H3Q, STM32N647B0H3Q, STM32N647I0H3Q, STM32N647L0H3Q, STM32N647X0H3Q, STM32N647Z0H3Q, STM32N655A0H3Q, STM32N655B0H3Q, STM32N655I0H3Q, STM32N655L0H3Q, STM32N655X0H3Q, STM32N655Z0H3Q, STM32N6570-DK, STM32N657A0H3Q, STM32N657B0H3Q, STM32N657I0H3Q, STM32N657L0H3Q, STM32N657X0H3Q, STM32N657Z0H3Q, STM32U031C6T6, STM32U031C6U6, STM32U031C8T6, STM32U031C8U6, STM32U031F4P6, STM32U031F6P6, STM32U031F8P6, STM32U031G6Y6TR, STM32U031G8Y6TR, STM32U031K4U6, STM32U031K6U6, STM32U031K8U6, STM32U031R6I6, STM32U031R6T6, STM32U031R8I6, STM32U031R8T6, STM32U073C8T6, STM32U073C8U6, STM32U073CBT6, STM32U073CBU6, STM32U073CCT6, STM32U073CCU6, STM32U073H8Y6TR, STM32U073HBY6TR, STM32U073HCY6TR, STM32U073K8U6, STM32U073KBU6, STM32U073KCU6, STM32U073M8I6, STM32U073M8T6, STM32U073MBI6, STM32U073MBT6, STM32U073MCI6, STM32U073MCT6, STM32U073R8I6, STM32U073R8T6, STM32U073RBI6, STM32U073RBT6, STM32U073RCI6, STM32U073RCT6, STM32U083C-DK, STM32U083CCT6, STM32U083CCU6, STM32U083HCY6TR, STM32U083KCU6, STM32U083MCI6, STM32U083MCT6, STM32U083RCI6, STM32U083RCT6, STM32U375CET6, STM32U375CET6Q, STM32U375CEU6, STM32U375CEU6Q, STM32U375CEY6QTR, STM32U375CGT6, STM32U375CGT6Q, STM32U375CGU6, STM32U375CGU6Q, STM32U375CGY6QTR, STM32U375KEU6, STM32U375KGU6, STM32U375REI6, STM32U375REI6Q, STM32U375RET6, STM32U375RET6Q, STM32U375REY6GTR, STM32U375REY6QTR, STM32U375RGI6, STM32U375RGI6Q, STM32U375RGT6, STM32U375RGT6Q, STM32U375RGY6GTR, STM32U375RGY6QTR, STM32U375VEI6, STM32U375VEI6Q, STM32U375VET6, STM32U375VET6Q, STM32U375VGI6, STM32U375VGI6Q, STM32U375VGT6, STM32U375VGT6Q, STM32U385CGT6, STM32U385CGT6Q, STM32U385CGU6, STM32U385CGU6Q, STM32U385CGY6QTR, STM32U385KGU6, STM32U385RGI6, STM32U385RGI6Q, STM32U385RGT6, STM32U385RGT6Q, STM32U385RGY6GTR, STM32U385RGY6QTR, STM32U385VGI6, STM32U385VGI6Q, STM32U385VGT6, STM32U385VGT6Q, STM32U535CBT6, STM32U535CBT6Q, STM32U535CBU6, STM32U535CBU6Q, STM32U535CCT6, STM32U535CCT6Q, STM32U535CCU6, STM32U535CCU6Q, STM32U535CET6, STM32U535CET6Q, STM32U535CEU6, STM32U535CEU6Q, STM32U535JEY6QTR, STM32U535NCY6QTR, STM32U535NEY6QTR, STM32U535RBI6, STM32U535RBI6Q, STM32U535RBT6, STM32U535RBT6Q, STM32U535RCI6, STM32U535RCI6Q, STM32U535RCT6, STM32U535RCT6Q, STM32U535REI6, STM32U535REI6Q, STM32U535RET6, STM32U535RET6Q, STM32U535VCI6, STM32U535VCI6Q, STM32U535VCT6, STM32U535VCT6Q, STM32U535VEI6, STM32U535VEI6Q, STM32U535VET6, STM32U535VET6Q, STM32U545CET6, STM32U545CET6Q, STM32U545CEU6, STM32U545CEU6Q, STM32U545JEY6QTR, STM32U545NEY6QTR, STM32U545REI6, STM32U545REI6Q, STM32U545RET6, STM32U545RET6Q, STM32U545VEI6, STM32U545VEI6Q, STM32U545VET6, STM32U545VET6Q, STM32U595AIH6, STM32U595AIH6Q, STM32U595AJH6, STM32U595AJH6Q, STM32U595QII6, STM32U595QII6Q, STM32U595QJI6, STM32U595QJI6Q, STM32U595RIT6, STM32U595RIT6Q, STM32U595RJT6, STM32U595RJT6Q, STM32U595VIT6, STM32U595VIT6Q, STM32U595VJT6, STM32U595VJT6Q, STM32U595ZIT6, STM32U595ZIT6Q, STM32U595ZIY6QTR, STM32U595ZJT6, STM32U595ZJT6Q, STM32U595ZJY6QTR, STM32U599BJY6QTR, STM32U599NIH6Q, STM32U599NJH6Q, STM32U599VIT6Q, STM32U599VJT6, STM32U599VJT6Q, STM32U599ZIT6Q, STM32U599ZIY6QTR, STM32U599ZJT6Q, STM32U599ZJY6QTR, STM32U5A5AJH6, STM32U5A5AJH6Q, STM32U5A5QII3Q , STM32U5A5QJI6, STM32U5A5QJI6Q, STM32U5A5RJT6, STM32U5A5RJT6Q, STM32U5A5VJT6, STM32U5A5VJT6Q, STM32U5A5ZJT6, STM32U5A5ZJT6Q, STM32U5A5ZJY6QTR, STM32U5A9BJY6QTR, STM32U5A9J-DK, STM32U5A9NJH6Q, STM32U5A9VJT6Q, STM32U5A9ZJT6Q, STM32U5A9ZJY6QTR, STM32U5F7VIT6, STM32U5F7VIT6Q, STM32U5F7VJT6, STM32U5F7VJT6Q, STM32U5F9BJY6QTR, STM32U5F9NJH6Q, STM32U5F9VIT6Q, STM32U5F9VJT6Q, STM32U5F9ZIJ6QTR, STM32U5F9ZIT6Q, STM32U5F9ZJJ6QTR, STM32U5F9ZJT6Q, STM32U5G7VJT6, STM32U5G7VJT6Q, STM32U5G9BJY6QTR, STM32U5G9J-DK1, STM32U5G9J-DK2, STM32U5G9NJH6Q, STM32U5G9VJT6Q, STM32U5G9ZJJ6QTR, STM32U5G9ZJT6Q, STM32WB05KZV6TR, STM32WB05KZV7TR, STM32WB05TZF6TR, STM32WB05TZF7TR, STM32WB06CCF6TR, STM32WB06CCF7TR, STM32WB06CCV6TR, STM32WB06CCV7TR, STM32WB06KCV6TR, STM32WB06KCV7TR, STM32WB07CCF6TR, STM32WB07CCF7TR, STM32WB07CCV6TR, STM32WB07CCV7TR, STM32WB07KCV6TR, STM32WB07KCV7TR, STM32WB09KEV6TR, STM32WB09KEV7TR, STM32WB09TEF6TR, STM32WB09TEF7TR, STM32WB1MMCH6, STM32WBA50KGU6, STM32WBA50KGU6TR, STM32WBA52CEU6, STM32WBA52CEU6TR, STM32WBA52CEU7, STM32WBA52CEU7TR, STM32WBA52CGU6, STM32WBA52CGU6TR, STM32WBA52CGU6U, STM32WBA52CGU7, STM32WBA52CGU7TR, STM32WBA52KEU6, STM32WBA52KEU6TR, STM32WBA52KGU6, STM32WBA52KGU6TR, STM32WBA54CEU6, STM32WBA54CEU6TR, STM32WBA54CEU7, STM32WBA54CEU7TR, STM32WBA54CGU6, STM32WBA54CGU6TR, STM32WBA54CGU7, STM32WBA54CGU7TR, STM32WBA54KEU6, STM32WBA54KEU6TR, STM32WBA54KEU7, STM32WBA54KEU7TR, STM32WBA54KGU6, STM32WBA54KGU6TR, STM32WBA54KGU7, STM32WBA54KGU7TR, STM32WBA55CEU6, STM32WBA55CEU6TR, STM32WBA55CEU7, STM32WBA55CEU7TR, STM32WBA55CGU6, STM32WBA55CGU6TR, STM32WBA55CGU6U, STM32WBA55CGU7, STM32WBA55CGU7TR, STM32WBA55G-DK1, STM32WBA55HEF6, STM32WBA55HEF7, STM32WBA55HGF6, STM32WBA55HGF7, STM32WBA55UEI6, STM32WBA55UEI6TR, STM32WBA55UEI7, STM32WBA55UEI7TR, STM32WBA55UGI6, STM32WBA55UGI6TR, STM32WBA55UGI7, STM32WBA55UGI7TR, STM32WBA5MMGH6TR, STM32WBA62MGF6, STM32WBA62MIF6, STM32WBA65MGF7, STM32WBA65MIF6, STM32WBA65MIF7, STM32WL30K8V6, STM32WL30KBV6, STM32WL31C8V6, STM32WL31CBV6, STM32WL31K8V6, STM32WL31KBV6, STM32WL33C8V6, STM32WL33C8V6X, STM32WL33CBV6, STM32WL33CBV6X, STM32WL33CCV6, STM32WL33CCV6A, STM32WL33CCV6X, STM32WL33K8V7, STM32WL33K8V7X, STM32WL33KBV7 , STM32WL33KBV7X, STM32WL33KCV7, STM32WL33KCV7X, STM32WL5MOCH6, STM32WL5MOCH6TR]
2025-07-22 20:39:06,130 [ERROR] LogOutputStream:75 - [STDERR_REDIRECT] [Fatal Error] :1:1: Premature end of file.
2025-07-22 20:39:06,130 [ERROR] LogOutputStream:75 - [STDERR_REDIRECT] 
2025-07-22 20:39:06,261 [INFO] BoardInfo:889 - No configuration file found for board P-NUCLEO-WB55
2025-07-22 20:39:06,263 [INFO] DbBoards:161 - Kit is not supported: P-NUCLEO-WB55
2025-07-22 20:39:06,270 [INFO] BoardInfo:889 - No configuration file found for board STEVAL-BFA001V1B
2025-07-22 20:39:06,271 [INFO] DbBoards:161 - Kit is not supported: STEVAL-BFA001V1B
2025-07-22 20:39:06,273 [INFO] BoardInfo:889 - No configuration file found for board STEVAL-BFA001V2B
2025-07-22 20:39:06,274 [INFO] DbBoards:161 - Kit is not supported: STEVAL-BFA001V2B
2025-07-22 20:39:06,566 [INFO] DbBoards:168 - Found 212 boards, 209 are supported
2025-07-22 20:39:06,567 [INFO] DbBoards:169 - Found 212 boards, 43 of them is supported for  Bsp
2025-07-22 20:39:06,570 [INFO] ApiDb:423 - Load user favorites file C:\Users\sumey/.stm32cubeide/favorites.boards.txt: 0 item(s)
2025-07-22 20:39:06,570 [INFO] ApiDb:427 - User favorites Boards=[]
2025-07-22 20:39:06,570 [INFO] DbBoards:198 - Set 0 / 0 favorites Boards
2025-07-22 20:39:06,570 [INFO] McuFinderGlobals:76 - Set McuFinderConnectedMode to true
2025-07-22 20:39:06,585 [INFO] MultiScanPanel:200 - Auto-refresh data requested => check proxy status ongoing
2025-07-22 20:39:06,588 [INFO] FinderPluginLoader:96 - Searching for filters in installed packs
2025-07-22 20:39:07,156 [ERROR] LogOutputStream:75 - [STDERR_REDIRECT] [Fatal Error] :1:1: Premature end of file.
2025-07-22 20:39:07,157 [ERROR] LogOutputStream:75 - [STDERR_REDIRECT] 
2025-07-22 20:39:07,980 [INFO] LoadUrlFilesThread:185 - End of LoadServerUrlFiles without Thread
2025-07-22 20:39:08,132 [INFO] DetailPanel:341 - Set advertising image to C:/Users/sumey/STM32Cube/Repository/\en.2400x1350px.jpeg
2025-07-22 20:39:08,160 [ERROR] LogOutputStream:75 - [STDERR_REDIRECT] [Fatal Error] :1:1: Premature end of file.
2025-07-22 20:39:08,162 [ERROR] LogOutputStream:75 - [STDERR_REDIRECT] 
2025-07-22 20:39:09,161 [ERROR] LogOutputStream:75 - [STDERR_REDIRECT] [Fatal Error] :1:1: Premature end of file.
2025-07-22 20:39:09,162 [ERROR] LogOutputStream:75 - [STDERR_REDIRECT] 
2025-07-22 20:39:10,138 [ERROR] LogOutputStream:75 - [STDERR_REDIRECT] [Fatal Error] :1:1: Premature end of file.
2025-07-22 20:39:10,139 [ERROR] LogOutputStream:75 - [STDERR_REDIRECT] 
2025-07-22 20:39:11,134 [ERROR] LogOutputStream:75 - [STDERR_REDIRECT] [Fatal Error] :1:1: Premature end of file.
2025-07-22 20:39:11,134 [ERROR] LogOutputStream:75 - [STDERR_REDIRECT] 
2025-07-22 20:39:12,135 [ERROR] LogOutputStream:75 - [STDERR_REDIRECT] [Fatal Error] :1:1: Premature end of file.
2025-07-22 20:39:12,135 [ERROR] LogOutputStream:75 - [STDERR_REDIRECT] 
2025-07-22 20:39:13,242 [ERROR] LogOutputStream:75 - [STDERR_REDIRECT] [Fatal Error] :1:1: Premature end of file.
2025-07-22 20:39:13,242 [ERROR] LogOutputStream:75 - [STDERR_REDIRECT] 
2025-07-22 20:39:14,133 [ERROR] LogOutputStream:75 - [STDERR_REDIRECT] [Fatal Error] :1:1: Premature end of file.
2025-07-22 20:39:14,133 [ERROR] LogOutputStream:75 - [STDERR_REDIRECT] 
2025-07-22 20:39:15,131 [ERROR] LogOutputStream:75 - [STDERR_REDIRECT] [Fatal Error] :1:1: Premature end of file.
2025-07-22 20:39:15,131 [ERROR] LogOutputStream:75 - [STDERR_REDIRECT] 
2025-07-22 20:39:16,056 [INFO] WebApp:194 - Connection lost
2025-07-22 20:39:16,139 [ERROR] LogOutputStream:75 - [STDERR_REDIRECT] [Fatal Error] :1:1: Premature end of file.
2025-07-22 20:39:16,139 [ERROR] LogOutputStream:75 - [STDERR_REDIRECT] 
2025-07-22 20:39:16,315 [INFO] WebApp:191 - Connection restablished
2025-07-22 20:39:17,135 [ERROR] LogOutputStream:75 - [STDERR_REDIRECT] [Fatal Error] :1:1: Premature end of file.
2025-07-22 20:39:17,135 [ERROR] LogOutputStream:75 - [STDERR_REDIRECT] 
2025-07-22 20:39:18,133 [ERROR] LogOutputStream:75 - [STDERR_REDIRECT] [Fatal Error] :1:1: Premature end of file.
2025-07-22 20:39:18,133 [ERROR] LogOutputStream:75 - [STDERR_REDIRECT] 
2025-07-22 20:39:19,141 [ERROR] LogOutputStream:75 - [STDERR_REDIRECT] [Fatal Error] :1:1: Premature end of file.
2025-07-22 20:39:19,141 [ERROR] LogOutputStream:75 - [STDERR_REDIRECT] 
2025-07-22 20:39:20,148 [ERROR] LogOutputStream:75 - [STDERR_REDIRECT] [Fatal Error] :1:1: Premature end of file.
2025-07-22 20:39:20,149 [ERROR] LogOutputStream:75 - [STDERR_REDIRECT] 
2025-07-22 20:39:21,137 [ERROR] LogOutputStream:75 - [STDERR_REDIRECT] [Fatal Error] :1:1: Premature end of file.
2025-07-22 20:39:21,137 [ERROR] LogOutputStream:75 - [STDERR_REDIRECT] 
2025-07-22 20:39:22,136 [ERROR] LogOutputStream:75 - [STDERR_REDIRECT] [Fatal Error] :1:1: Premature end of file.
2025-07-22 20:39:22,136 [ERROR] LogOutputStream:75 - [STDERR_REDIRECT] 
2025-07-22 20:39:23,144 [ERROR] LogOutputStream:75 - [STDERR_REDIRECT] [Fatal Error] :1:1: Premature end of file.
2025-07-22 20:39:23,145 [ERROR] LogOutputStream:75 - [STDERR_REDIRECT] 
2025-07-22 20:39:24,131 [ERROR] LogOutputStream:75 - [STDERR_REDIRECT] [Fatal Error] :1:1: Premature end of file.
2025-07-22 20:39:24,131 [ERROR] LogOutputStream:75 - [STDERR_REDIRECT] 
2025-07-22 20:39:25,131 [ERROR] LogOutputStream:75 - [STDERR_REDIRECT] [Fatal Error] :1:1: Premature end of file.
2025-07-22 20:39:25,132 [ERROR] LogOutputStream:75 - [STDERR_REDIRECT] 
2025-07-22 20:39:26,146 [ERROR] LogOutputStream:75 - [STDERR_REDIRECT] [Fatal Error] :1:1: Premature end of file.
2025-07-22 20:39:26,146 [ERROR] LogOutputStream:75 - [STDERR_REDIRECT] 
2025-07-22 20:39:27,144 [ERROR] LogOutputStream:75 - [STDERR_REDIRECT] [Fatal Error] :1:1: Premature end of file.
2025-07-22 20:39:27,144 [ERROR] LogOutputStream:75 - [STDERR_REDIRECT] 
2025-07-22 20:39:28,135 [ERROR] LogOutputStream:75 - [STDERR_REDIRECT] [Fatal Error] :1:1: Premature end of file.
2025-07-22 20:39:28,135 [ERROR] LogOutputStream:75 - [STDERR_REDIRECT] 
2025-07-22 20:39:29,143 [ERROR] LogOutputStream:75 - [STDERR_REDIRECT] [Fatal Error] :1:1: Premature end of file.
2025-07-22 20:39:29,143 [ERROR] LogOutputStream:75 - [STDERR_REDIRECT] 
2025-07-22 20:39:30,132 [ERROR] LogOutputStream:75 - [STDERR_REDIRECT] [Fatal Error] :1:1: Premature end of file.
2025-07-22 20:39:30,132 [ERROR] LogOutputStream:75 - [STDERR_REDIRECT] 
2025-07-22 20:39:31,149 [ERROR] LogOutputStream:75 - [STDERR_REDIRECT] [Fatal Error] :1:1: Premature end of file.
2025-07-22 20:39:31,150 [ERROR] LogOutputStream:75 - [STDERR_REDIRECT] 
2025-07-22 20:39:31,911 [INFO] MainUpdater:2872 - connection check result : 10
2025-07-22 20:39:31,911 [INFO] MainUpdater:2872 - connection check result : 10
2025-07-22 20:39:31,931 [INFO] MicroXplorer:468 - Change Database Path : 
2025-07-22 20:39:31,931 [INFO] MicroXplorer:498 - Change Database Version : DB.6.0.150
2025-07-22 20:39:31,955 [WARN] ThirdParty:871 - waiting for thirdparty lock release [close project]
2025-07-22 20:39:31,956 [INFO] ThirdParty:873 - entering critical section [close project]
2025-07-22 20:39:31,957 [INFO] ThirdParty:883 - exiting critical section [close project]
2025-07-22 20:39:31,960 [INFO] PinOutPanel:1589 - setPackage(No Configuration,No Configuration)
2025-07-22 20:39:31,962 [INFO] UtilMem:75 - Begin LoadConfig() Used Memory: 226029744 Bytes (472907776)
2025-07-22 20:39:31,963 [INFO] MicroXplorer:468 - Change Database Path : 
2025-07-22 20:39:31,963 [INFO] MicroXplorer:498 - Change Database Version : DB.6.0.150
2025-07-22 20:39:31,963 [INFO] OpenFileManager:355 - Change cursor
2025-07-22 20:39:32,143 [ERROR] LogOutputStream:75 - [STDERR_REDIRECT] [Fatal Error] :1:1: Premature end of file.
2025-07-22 20:39:32,144 [ERROR] LogOutputStream:75 - [STDERR_REDIRECT] 
2025-07-22 20:39:32,145 [INFO] Mcu:2029 - Initializing MCU STM32F103C6Tx STM32F103C6Tx STM32F103C6T6A
2025-07-22 20:39:32,886 [INFO] Context:786 - Trying to add GPIOservice into a context  which must be forbidden
2025-07-22 20:39:33,117 [INFO] ImportTextPane:234 - (OptionalMessage_ERROR) Unable to find key (Mcu.ThirdPartyNb) in loaded IOC file
2025-07-22 20:39:33,117 [INFO] ImportTextPane:234 - (OptionalMessage_ERROR) Unable to find key (Mcu.PinsNb) in loaded IOC file
2025-07-22 20:39:33,117 [INFO] ImportTextPane:234 - (OptionalMessage_ERROR) Pin0 (VP_RIF_VS_RIF1) cannot be retrieved for this MCU
2025-07-22 20:39:33,118 [INFO] ImportTextPane:234 - (OptionalMessage_ERROR) Unable to find key (Mcu.IPNb) in loaded IOC file
2025-07-22 20:39:33,151 [ERROR] LogOutputStream:75 - [STDERR_REDIRECT] [Fatal Error] :1:1: Premature end of file.
2025-07-22 20:39:33,151 [ERROR] LogOutputStream:75 - [STDERR_REDIRECT] 
2025-07-22 20:39:33,195 [INFO] RtosManager:558 - Registered RTOS mode: class=CMSIS, group=RTOS, mode=CMSIS_V1, owner=FREERTOS
2025-07-22 20:39:33,195 [INFO] RtosManager:558 - Registered RTOS mode: class=CMSIS, group=RTOS2, mode=CMSIS_V2, owner=FREERTOS
2025-07-22 20:39:33,195 [INFO] RtosManager:558 - Registered RTOS mode: class=RTOS, group=Core, mode=CMSIS_V1, owner=FREERTOS
2025-07-22 20:39:33,195 [INFO] RtosManager:558 - Registered RTOS mode: class=RTOS, group=Core, mode=CMSIS_V2, owner=FREERTOS
2025-07-22 20:39:33,195 [WARN] ModelIntegratedComponent:184 - Missing modes for component STMicroelectronics:FreeRTOS:0.0.1:STMicroelectronics:RTOS:FreeRTOS:Core:::10.2.0:
2025-07-22 20:39:33,220 [WARN] ModelIntegratedComponent:63 - No mode defined for component null
2025-07-22 20:39:33,220 [WARN] ModelIntegratedComponent:63 - No mode defined for component null
2025-07-22 20:39:33,220 [WARN] ModelIntegratedComponent:63 - No mode defined for component null
2025-07-22 20:39:33,220 [WARN] ModelIntegratedComponent:63 - No mode defined for component null
2025-07-22 20:39:33,220 [WARN] ModelIntegratedComponent:63 - No mode defined for component null
2025-07-22 20:39:33,221 [WARN] ModelIntegratedComponent:63 - No mode defined for component null
2025-07-22 20:39:33,221 [WARN] ModelIntegratedComponent:63 - No mode defined for component null
2025-07-22 20:39:33,221 [WARN] ModelIntegratedComponent:63 - No mode defined for component null
2025-07-22 20:39:33,221 [WARN] ModelIntegratedComponent:63 - No mode defined for component null
2025-07-22 20:39:33,221 [WARN] ModelIntegratedComponent:63 - No mode defined for component null
2025-07-22 20:39:33,221 [WARN] ModelIntegratedComponent:63 - No mode defined for component null
2025-07-22 20:39:33,221 [WARN] ModelIntegratedComponent:63 - No mode defined for component null
2025-07-22 20:39:33,221 [WARN] ModelIntegratedComponent:63 - No mode defined for component null
2025-07-22 20:39:33,221 [WARN] ModelIntegratedComponent:63 - No mode defined for component null
2025-07-22 20:39:33,221 [WARN] ModelIntegratedComponent:63 - No mode defined for component null
2025-07-22 20:39:33,221 [WARN] ModelIntegratedComponent:63 - No mode defined for component null
2025-07-22 20:39:33,221 [WARN] ModelIntegratedComponent:63 - No mode defined for component null
2025-07-22 20:39:33,221 [WARN] ModelIntegratedComponent:63 - No mode defined for component null
2025-07-22 20:39:33,221 [WARN] ModelIntegratedComponent:63 - No mode defined for component null
2025-07-22 20:39:33,221 [WARN] ModelIntegratedComponent:63 - No mode defined for component null
2025-07-22 20:39:33,221 [WARN] ModelIntegratedComponent:63 - No mode defined for component null
2025-07-22 20:39:33,221 [WARN] ModelIntegratedComponent:63 - No mode defined for component null
2025-07-22 20:39:33,221 [WARN] ModelIntegratedComponent:63 - No mode defined for component null
2025-07-22 20:39:33,221 [WARN] ModelIntegratedComponent:63 - No mode defined for component null
2025-07-22 20:39:33,221 [WARN] ModelIntegratedComponent:63 - No mode defined for component null
2025-07-22 20:39:33,221 [WARN] ModelIntegratedComponent:63 - No mode defined for component null
2025-07-22 20:39:33,222 [WARN] ModelIntegratedComponent:63 - No mode defined for component null
2025-07-22 20:39:33,222 [WARN] ModelIntegratedComponent:63 - No mode defined for component null
2025-07-22 20:39:33,222 [WARN] ModelIntegratedComponent:63 - No mode defined for component null
2025-07-22 20:39:33,222 [WARN] ModelIntegratedComponent:63 - No mode defined for component null
2025-07-22 20:39:33,222 [WARN] ModelIntegratedComponent:63 - No mode defined for component null
2025-07-22 20:39:33,222 [WARN] ModelIntegratedComponent:63 - No mode defined for component null
2025-07-22 20:39:33,222 [WARN] ModelIntegratedComponent:63 - No mode defined for component null
2025-07-22 20:39:33,222 [WARN] ModelIntegratedComponent:63 - No mode defined for component null
2025-07-22 20:39:33,222 [WARN] ModelIntegratedComponent:63 - No mode defined for component null
2025-07-22 20:39:33,222 [WARN] ModelPack:524 - Component already loaded: STMicroelectronics:HAL Drivers:0.0.0:STMicroelectronics:Device:STMicro_Driver:XSPI:HAL::0.0.1:HAL_XSPI
2025-07-22 20:39:33,359 [INFO] ThirdPartyModel:298 - Start build external matchings
2025-07-22 20:39:33,892 [INFO] ThirdPartyModel:316 - End build external matchings
2025-07-22 20:39:34,117 [INFO] UtilMem:75 - End LoadConfig() Used Memory: 224958560 Bytes (483393536)
2025-07-22 20:39:34,154 [WARN] ThirdParty:833 - waiting for thirdparty lock release [change project]
2025-07-22 20:39:34,154 [INFO] ThirdParty:835 - entering critical section [change project]
2025-07-22 20:39:34,155 [INFO] ThirdParty:1030 - CMSIS Pack Vendor :STMicroelectronics X-CUBE-PM33A1 1.0.0
2025-07-22 20:39:34,156 [INFO] ThirdParty:1030 - CMSIS Pack Vendor :STMicroelectronics USBPD 4.1
2025-07-22 20:39:34,157 [INFO] ThirdParty:1030 - CMSIS Pack Vendor :STMicroelectronics X-CUBE-AZRTOS-H7 3.3.0
2025-07-22 20:39:34,157 [INFO] ThirdParty:1030 - CMSIS Pack Vendor :STMicroelectronics X-CUBE-NFC9 1.0.0
2025-07-22 20:39:34,157 [INFO] ThirdParty:1030 - CMSIS Pack Vendor :wolfSSL I-CUBE-wolfSSL 5.8.0
2025-07-22 20:39:34,157 [INFO] ThirdParty:1030 - CMSIS Pack Vendor :STMicroelectronics USB_HOST 2.0.0
2025-07-22 20:39:34,157 [INFO] ThirdParty:1030 - CMSIS Pack Vendor :STMicroelectronics FP-SNS-MOTENVWB1 1.4.0
2025-07-22 20:39:34,157 [INFO] ThirdParty:1030 - CMSIS Pack Vendor :STMicroelectronics X-CUBE-AZRTOS-F4 1.1.0
2025-07-22 20:39:34,157 [INFO] ThirdParty:1030 - CMSIS Pack Vendor :STMicroelectronics LIBJPEG 8.0.0
2025-07-22 20:39:34,157 [INFO] ThirdParty:1030 - CMSIS Pack Vendor :STMicroelectronics FP-ATR-ASTRA1 2.0.2
2025-07-22 20:39:34,157 [INFO] ThirdParty:1030 - CMSIS Pack Vendor :STMicroelectronics X-CUBE-BLE1 7.1.0
2025-07-22 20:39:34,157 [INFO] ThirdParty:1030 - CMSIS Pack Vendor :STMicroelectronics X-CUBE-SMBUS 2.1.0
2025-07-22 20:39:34,157 [INFO] ThirdParty:1030 - CMSIS Pack Vendor :wolfSSL I-CUBE-wolfMQTT 1.19.2
2025-07-22 20:39:34,157 [INFO] ThirdParty:1030 - CMSIS Pack Vendor :STMicroelectronics USB_DEVICE 3.0.0
2025-07-22 20:39:34,157 [INFO] ThirdParty:1030 - CMSIS Pack Vendor :STMicroelectronics X-CUBE-ISPU 2.1.0
2025-07-22 20:39:34,157 [INFO] ThirdParty:1030 - CMSIS Pack Vendor :STMicroelectronics X-CUBE-EEPRMA1 5.2.0
2025-07-22 20:39:34,157 [INFO] ThirdParty:1030 - CMSIS Pack Vendor :STMicroelectronics X-CUBE-BLEMGR 4.1.0
2025-07-22 20:39:34,158 [INFO] ThirdParty:1030 - CMSIS Pack Vendor :STMicroelectronics X-CUBE-AZRTOS-WB 2.0.0
2025-07-22 20:39:34,158 [INFO] ThirdParty:1030 - CMSIS Pack Vendor :STMicroelectronics X-CUBE-ST60 1.0.0
2025-07-22 20:39:34,158 [INFO] ThirdParty:1030 - CMSIS Pack Vendor :STMicroelectronics X-CUBE-GNSS1 7.0.1
2025-07-22 20:39:34,158 [INFO] ThirdParty:1030 - CMSIS Pack Vendor :STMicroelectronics X-CUBE-NFC12 1.0.0
2025-07-22 20:39:34,158 [INFO] ThirdParty:1030 - CMSIS Pack Vendor :STMicroelectronics X-CUBE-AZRTOS-F7 1.1.0
2025-07-22 20:39:34,158 [INFO] ThirdParty:1030 - CMSIS Pack Vendor :STMicroelectronics X-CUBE-AZRTOS-L5 2.0.0
2025-07-22 20:39:34,158 [INFO] ThirdParty:1030 - CMSIS Pack Vendor :STMicroelectronics X-CUBE-TOUCHGFX 4.25.0
2025-07-22 20:39:34,158 [INFO] ThirdParty:1030 - CMSIS Pack Vendor :STMicroelectronics USB_DEVICE 2.0.0
2025-07-22 20:39:34,158 [INFO] ThirdParty:1030 - CMSIS Pack Vendor :STMicroelectronics X-CUBE-NFC6 3.1.0
2025-07-22 20:39:34,158 [INFO] ThirdParty:1030 - CMSIS Pack Vendor :STMicroelectronics X-CUBE-AI 10.1.0
2025-07-22 20:39:34,158 [INFO] ThirdParty:1030 - CMSIS Pack Vendor :STMicroelectronics FP-SNS-STBOX1 2.0.0
2025-07-22 20:39:34,158 [INFO] ThirdParty:1030 - CMSIS Pack Vendor :STMicroelectronics FreeRTOS 0.0.1
2025-07-22 20:39:34,158 [INFO] ThirdParty:1030 - CMSIS Pack Vendor :STMicroelectronics X-CUBE-AZRTOS-G0 1.1.0
2025-07-22 20:39:34,158 [INFO] ThirdParty:1030 - CMSIS Pack Vendor :STMicroelectronics X-CUBE-SAFEA1 1.2.2
2025-07-22 20:39:34,158 [INFO] ThirdParty:1030 - CMSIS Pack Vendor :STMicroelectronics X-CUBE-NFC4 3.0.0
2025-07-22 20:39:34,158 [INFO] ThirdParty:1030 - CMSIS Pack Vendor :STMicroelectronics X-CUBE-SUBG2 5.0.0
2025-07-22 20:39:34,158 [INFO] ThirdParty:1030 - CMSIS Pack Vendor :STMicroelectronics X-CUBE-AZRTOS-H7RS 1.1.0
2025-07-22 20:39:34,158 [INFO] ThirdParty:1030 - CMSIS Pack Vendor :STMicroelectronics STM32_WPAN 1.0.0
2025-07-22 20:39:34,158 [INFO] ThirdParty:1030 - CMSIS Pack Vendor :EmbeddedOffice I-CUBE-FS-RTOS 1.0.1
2025-07-22 20:39:34,158 [INFO] ThirdParty:1030 - CMSIS Pack Vendor :STMicroelectronics lwIP 2.0.3
2025-07-22 20:39:34,159 [INFO] ThirdParty:1030 - CMSIS Pack Vendor :Cesanta I-CUBE-Mongoose 7.13.0
2025-07-22 20:39:34,159 [INFO] ThirdParty:1030 - CMSIS Pack Vendor :STMicroelectronics USB_HOST 1.0.0
2025-07-22 20:39:34,159 [INFO] ThirdParty:1030 - CMSIS Pack Vendor :Infineon AIROC-Wi-Fi-Bluetooth-STM32 1.7.0
2025-07-22 20:39:34,159 [INFO] ThirdParty:1030 - CMSIS Pack Vendor :STMicroelectronics X-CUBE-AZRTOS-G4 2.0.0
2025-07-22 20:39:34,159 [INFO] ThirdParty:1030 - CMSIS Pack Vendor :STMicroelectronics X-CUBE-WB05N 2.0.0
2025-07-22 20:39:34,159 [INFO] ThirdParty:1030 - CMSIS Pack Vendor :STMicroelectronics PDM2PCM 3.1.0
2025-07-22 20:39:34,159 [INFO] ThirdParty:1030 - CMSIS Pack Vendor :STMicroelectronics PDM2PCM 3.3.0
2025-07-22 20:39:34,159 [INFO] ThirdParty:1030 - CMSIS Pack Vendor :wolfSSL I-CUBE-wolfTPM 3.8.0
2025-07-22 20:39:34,159 [INFO] ThirdParty:1030 - CMSIS Pack Vendor :STMicroelectronics X-CUBE-AZRTOS-H7 3.4.0
2025-07-22 20:39:34,159 [INFO] ThirdParty:1030 - CMSIS Pack Vendor :STMicroelectronics X-CUBE-DISPLAY 3.0.0
2025-07-22 20:39:34,159 [INFO] ThirdParty:1030 - CMSIS Pack Vendor :wolfSSL I-CUBE-wolfSSH 1.4.20
2025-07-22 20:39:34,159 [INFO] ThirdParty:1030 - CMSIS Pack Vendor :STMicroelectronics X-CUBE-NFC7 2.0.0
2025-07-22 20:39:34,159 [INFO] ThirdParty:1030 - CMSIS Pack Vendor :STMicroelectronics X-CUBE-TCPP 4.2.0
2025-07-22 20:39:34,159 [INFO] ThirdParty:1030 - CMSIS Pack Vendor :RealThread X-CUBE-RT-Thread_Nano 4.1.1
2025-07-22 20:39:34,159 [INFO] ThirdParty:1030 - CMSIS Pack Vendor :STMicroelectronics FP-ATR-SIGFOX1 3.2.0
2025-07-22 20:39:34,159 [INFO] ThirdParty:1030 - CMSIS Pack Vendor :STMicroelectronics X-CUBE-NFC10 1.0.0
2025-07-22 20:39:34,159 [INFO] ThirdParty:1030 - CMSIS Pack Vendor :STMicroelectronics X-CUBE-BLEMGR 4.0.0
2025-07-22 20:39:34,159 [INFO] ThirdParty:1030 - CMSIS Pack Vendor :STMicroelectronics X-CUBE-EEPRMA1 5.1.0
2025-07-22 20:39:34,160 [INFO] ThirdParty:1030 - CMSIS Pack Vendor :STMicroelectronics X-CUBE-FREERTOS 1.3.1
2025-07-22 20:39:34,160 [INFO] ThirdParty:1030 - CMSIS Pack Vendor :STMicroelectronics HAL Drivers 0.0.0
2025-07-22 20:39:34,160 [INFO] ThirdParty:1030 - CMSIS Pack Vendor :STMicroelectronics MBEDTLS 2.16.2
2025-07-22 20:39:34,160 [INFO] ThirdParty:1030 - CMSIS Pack Vendor :STMicroelectronics X-CUBE-IPS 3.1.0
2025-07-22 20:39:34,160 [INFO] ThirdParty:1030 - CMSIS Pack Vendor :STMicroelectronics X-CUBE-ALS 1.0.2
2025-07-22 20:39:34,160 [INFO] ThirdParty:1030 - CMSIS Pack Vendor :emotas I-CUBE-CANOPEN 1.3.0
2025-07-22 20:39:34,160 [INFO] ThirdParty:1030 - CMSIS Pack Vendor :STMicroelectronics MBEDTLS 2.14.1
2025-07-22 20:39:34,160 [INFO] ThirdParty:1030 - CMSIS Pack Vendor :ITTIA_DB I-CUBE-ITTIADB 8.9.0
2025-07-22 20:39:34,160 [INFO] ThirdParty:1030 - CMSIS Pack Vendor :portGmbH I-Cube-SoM-uGOAL 1.1.0
2025-07-22 20:39:34,160 [INFO] ThirdParty:1030 - CMSIS Pack Vendor :quantropi X-CUBE-qispace-sdk-base 2.0.0
2025-07-22 20:39:34,160 [INFO] ThirdParty:1030 - CMSIS Pack Vendor :STMicroelectronics X-CUBE-ST67W61 1.0.0
2025-07-22 20:39:34,160 [INFO] ThirdParty:1030 - CMSIS Pack Vendor :STMicroelectronics FP-SNS-STAIOTCFT 1.0.0
2025-07-22 20:39:34,160 [INFO] ThirdParty:1030 - CMSIS Pack Vendor :STMicroelectronics ThreadX 1.0.0
2025-07-22 20:39:34,160 [INFO] ThirdParty:1030 - CMSIS Pack Vendor :STMicroelectronics FP-SNS-SMARTAG2 1.2.0
2025-07-22 20:39:34,160 [INFO] ThirdParty:1030 - CMSIS Pack Vendor :STMicroelectronics FP-SNS-FLIGHT1 5.1.0
2025-07-22 20:39:34,160 [INFO] ThirdParty:1030 - CMSIS Pack Vendor :STMicroelectronics X-CUBE-AZRTOS-WL 2.0.0
2025-07-22 20:39:34,160 [INFO] ThirdParty:1030 - CMSIS Pack Vendor :SEGGER I-CUBE-embOS 1.3.1
2025-07-22 20:39:34,160 [INFO] ThirdParty:1030 - CMSIS Pack Vendor :STMicroelectronics X-CUBE-ALGOBUILD 1.4.0
2025-07-22 20:39:34,160 [INFO] ThirdParty:1030 - CMSIS Pack Vendor :STMicroelectronics X-CUBE-DPower 1.3.0
2025-07-22 20:39:34,160 [INFO] ThirdParty:1030 - CMSIS Pack Vendor :STMicroelectronics X-CUBE-MEMS1 11.3.0
2025-07-22 20:39:34,160 [INFO] ThirdParty:1030 - CMSIS Pack Vendor :STMicroelectronics FP-SNS-MOTENV1 5.0.0
2025-07-22 20:39:34,160 [INFO] ThirdParty:1030 - CMSIS Pack Vendor :STMicroelectronics USB_DEVICE 1.0.0
2025-07-22 20:39:34,160 [INFO] ThirdParty:1030 - CMSIS Pack Vendor :STMicroelectronics X-CUBE-AZRTOS-L4 2.0.0
2025-07-22 20:39:34,160 [INFO] ThirdParty:1030 - CMSIS Pack Vendor :STMicroelectronics ThreadX 0.0.2
2025-07-22 20:39:34,160 [INFO] ThirdParty:1030 - CMSIS Pack Vendor :WES I-CUBE-Cesium 1.3.0
2025-07-22 20:39:34,161 [INFO] ThirdParty:1030 - CMSIS Pack Vendor :STMicroelectronics lwIP 2.1.2
2025-07-22 20:39:34,161 [INFO] ThirdParty:1030 - CMSIS Pack Vendor :STMicroelectronics X-CUBE-SFXS2LP1 4.0.0
2025-07-22 20:39:34,161 [INFO] ThirdParty:1030 - CMSIS Pack Vendor :STMicroelectronics X-CUBE-BLE2 3.3.0
2025-07-22 20:39:34,161 [INFO] ThirdParty:1030 - CMSIS Pack Vendor :STMicroelectronics X-CUBE-TOF1 3.4.3
2025-07-22 20:39:34,161 [INFO] ThirdParty:1030 - CMSIS Pack Vendor :STMicroelectronics PDM2PCM 3.2.0
2025-07-22 20:39:34,161 [INFO] ThirdParty:841 - exiting critical section [change project]
2025-07-22 20:39:34,193 [ERROR] LogOutputStream:75 - [STDERR_REDIRECT] [Fatal Error] :1:1: Premature end of file.
2025-07-22 20:39:34,193 [ERROR] LogOutputStream:75 - [STDERR_REDIRECT] 
2025-07-22 20:39:34,416 [INFO] PinOutPanel:1589 - setPackage(No Configuration,No Configuration)
2025-07-22 20:39:34,418 [INFO] PinOutPanel:1589 - setPackage(STM32F103C6Tx,LQFP48)
2025-07-22 20:39:34,942 [INFO] UtilMem:75 - Before build in PCC Used Memory: 391017208 Bytes (483393536)
2025-07-22 20:39:35,134 [ERROR] LogOutputStream:75 - [STDERR_REDIRECT] [Fatal Error] :1:1: Premature end of file.
2025-07-22 20:39:35,138 [ERROR] LogOutputStream:75 - [STDERR_REDIRECT] 
2025-07-22 20:39:35,871 [INFO] UtilMem:75 - After build in PCC Used Memory: 280388336 Bytes (514850816)
2025-07-22 20:39:35,918 [INFO] IPUIPlugin:80 - create IPUIPlugin
2025-07-22 20:39:35,919 [INFO] IPUIPlugin:80 - create IPUIPlugin
2025-07-22 20:39:35,919 [INFO] IPUIPlugin:80 - create IPUIPlugin
2025-07-22 20:39:35,919 [INFO] IPUIPlugin:80 - create IPUIPlugin
2025-07-22 20:39:35,919 [INFO] IPUIPlugin:80 - create IPUIPlugin
2025-07-22 20:39:35,920 [INFO] IPUIPlugin:80 - create IPUIPlugin
2025-07-22 20:39:35,920 [INFO] IPUIPlugin:80 - create IPUIPlugin
2025-07-22 20:39:35,920 [INFO] IPUIPlugin:80 - create IPUIPlugin
2025-07-22 20:39:35,920 [INFO] IPUIPlugin:80 - create IPUIPlugin
2025-07-22 20:39:35,920 [INFO] IPUIPlugin:80 - create IPUIPlugin
2025-07-22 20:39:35,920 [INFO] IPUIPlugin:80 - create IPUIPlugin
2025-07-22 20:39:35,920 [INFO] IPUIPlugin:80 - create IPUIPlugin
2025-07-22 20:39:35,921 [INFO] IPUIPlugin:80 - create IPUIPlugin
2025-07-22 20:39:35,921 [INFO] IPUIPlugin:80 - create IPUIPlugin
2025-07-22 20:39:35,922 [INFO] IPUIPlugin:80 - create IPUIPlugin
2025-07-22 20:39:35,922 [INFO] IPUIPlugin:80 - create IPUIPlugin
2025-07-22 20:39:35,922 [INFO] IPUIPlugin:80 - create IPUIPlugin
2025-07-22 20:39:35,922 [INFO] IPUIPlugin:80 - create IPUIPlugin
2025-07-22 20:39:35,923 [INFO] IPUIPlugin:80 - create IPUIPlugin
2025-07-22 20:39:35,923 [INFO] IPUIPlugin:80 - create IPUIPlugin
2025-07-22 20:39:35,924 [INFO] IPUIPlugin:80 - create IPUIPlugin
2025-07-22 20:39:35,924 [INFO] IPUIPlugin:80 - create IPUIPlugin
2025-07-22 20:39:35,925 [INFO] IPUIPlugin:80 - create IPUIPlugin
2025-07-22 20:39:36,142 [ERROR] LogOutputStream:75 - [STDERR_REDIRECT] [Fatal Error] :1:1: Premature end of file.
2025-07-22 20:39:36,142 [ERROR] LogOutputStream:75 - [STDERR_REDIRECT] 
2025-07-22 20:39:36,162 [INFO] CADModel:165 - CPN selected for project levelSTM32F103C6T6A
2025-07-22 20:39:36,162 [INFO] CADModel:114 - Register for checkConnection events
2025-07-22 20:39:36,222 [INFO] OpenFileManager:386 - Restore cursor
2025-07-22 20:39:36,905 [INFO] UtilMem:75 - End SaveConfig() Used Memory: 402247456 Bytes (514850816)
2025-07-22 20:39:36,967 [INFO] UtilMem:75 - End SaveConfig() Used Memory: 421644064 Bytes (514850816)
2025-07-22 20:39:37,144 [ERROR] LogOutputStream:75 - [STDERR_REDIRECT] [Fatal Error] :1:1: Premature end of file.
2025-07-22 20:39:37,145 [ERROR] LogOutputStream:75 - [STDERR_REDIRECT] 
2025-07-22 20:39:37,546 [INFO] BlockDiagram:2775 - set Specific Code input for plugin: NVIC
2025-07-22 20:39:37,547 [INFO] BlockDiagram:2775 - set Specific Code input for plugin: RCC
2025-07-22 20:39:37,548 [INFO] CodeGenerator:892 - code generatio: config db path: C:\ST\STM32CubeIDE_1.19.0\STM32CubeIDE\plugins\com.st.stm32cube.common.mx_6.15.0.202507011659\\db\
2025-07-22 20:39:37,680 [INFO] CodeEngine:265 - oldGeneratedFile, C:\Users\sumey\STM32CubeIDE\workspace_1.19.0\3_RegisterButtonLed\MXTmpFiles\license.tmp_save
2025-07-22 20:39:38,111 [INFO] CodeEngine:289 - Generated code: C:\Users\sumey\STM32CubeIDE\workspace_1.19.0\3_RegisterButtonLed\MXTmpFiles\license.tmp
2025-07-22 20:39:38,145 [ERROR] LogOutputStream:75 - [STDERR_REDIRECT] [Fatal Error] :1:1: Premature end of file.
2025-07-22 20:39:38,146 [ERROR] LogOutputStream:75 - [STDERR_REDIRECT] 
2025-07-22 20:39:38,153 [INFO] CodeEngine:265 - oldGeneratedFile, C:\Users\sumey\STM32CubeIDE\workspace_1.19.0\3_RegisterButtonLed\Core\Src\stm32f1xx_it.c_save
2025-07-22 20:39:38,406 [INFO] CodeEngine:289 - Generated code: C:\Users\sumey\STM32CubeIDE\workspace_1.19.0\3_RegisterButtonLed\Core\Src\stm32f1xx_it.c
2025-07-22 20:39:38,412 [INFO] CodeEngine:265 - oldGeneratedFile, C:\Users\sumey\STM32CubeIDE\workspace_1.19.0\3_RegisterButtonLed\Core\Inc\stm32f1xx_it.h_save
2025-07-22 20:39:38,578 [INFO] CodeEngine:289 - Generated code: C:\Users\sumey\STM32CubeIDE\workspace_1.19.0\3_RegisterButtonLed\Core\Inc\stm32f1xx_it.h
2025-07-22 20:39:38,860 [INFO] CodeEngine:265 - oldGeneratedFile, C:\Users\sumey\STM32CubeIDE\workspace_1.19.0\3_RegisterButtonLed\Core\Src\stm32f1xx_hal_msp.c_save
2025-07-22 20:39:39,009 [INFO] CodeEngine:289 - Generated code: C:\Users\sumey\STM32CubeIDE\workspace_1.19.0\3_RegisterButtonLed\Core\Src\stm32f1xx_hal_msp.c
2025-07-22 20:39:39,015 [INFO] CodeEngine:265 - oldGeneratedFile, C:\Users\sumey\STM32CubeIDE\workspace_1.19.0\3_RegisterButtonLed\MXTmpFiles\system.tmp_save
2025-07-22 20:39:39,086 [INFO] CodeEngine:289 - Generated code: C:\Users\sumey\STM32CubeIDE\workspace_1.19.0\3_RegisterButtonLed\MXTmpFiles\system.tmp
2025-07-22 20:39:39,099 [INFO] CodeEngine:321 - oldGeneratedFile, C:\Users\sumey\STM32CubeIDE\workspace_1.19.0\3_RegisterButtonLed\Core\Inc\stm32f1xx_hal_conf.h_save
2025-07-22 20:39:39,143 [ERROR] LogOutputStream:75 - [STDERR_REDIRECT] [Fatal Error] :1:1: Premature end of file.
2025-07-22 20:39:39,143 [ERROR] LogOutputStream:75 - [STDERR_REDIRECT] 
2025-07-22 20:39:39,185 [INFO] CodeEngine:345 - Generated code: C:\Users\sumey\STM32CubeIDE\workspace_1.19.0\3_RegisterButtonLed\Core\Inc\stm32f1xx_hal_conf.h
2025-07-22 20:39:39,218 [INFO] ApiDbMcu:532 - Load IP Config File for RCC
2025-07-22 20:39:39,228 [INFO] CodeEngine:265 - oldGeneratedFile, C:\Users\sumey\STM32CubeIDE\workspace_1.19.0\3_RegisterButtonLed\Core\Inc\main.h_save
2025-07-22 20:39:39,343 [INFO] CodeEngine:289 - Generated code: C:\Users\sumey\STM32CubeIDE\workspace_1.19.0\3_RegisterButtonLed\Core\Inc\main.h
2025-07-22 20:39:39,349 [INFO] CodeEngine:265 - oldGeneratedFile, C:\Users\sumey\STM32CubeIDE\workspace_1.19.0\3_RegisterButtonLed\Core\Src\main.c_save
2025-07-22 20:39:39,551 [INFO] CodeEngine:289 - Generated code: C:\Users\sumey\STM32CubeIDE\workspace_1.19.0\3_RegisterButtonLed\Core\Src\main.c
2025-07-22 20:39:39,919 [INFO] ProjectBuilder:3606 - Time for Copy HAL[1] : 125mS.
2025-07-22 20:39:39,926 [INFO] ProjectBuilder:5216 - Project Generator version: 4.7.0-B52
2025-07-22 20:39:39,989 [INFO] ConfigFileManager:1595 - The Die is : DIE412
2025-07-22 20:39:40,001 [INFO] ApiDbMcu:532 - Load IP Config File for FATFS
2025-07-22 20:39:40,008 [INFO] ApiDbMcu:532 - Load IP Config File for FREERTOS
2025-07-22 20:39:40,016 [INFO] ApiDbMcu:532 - Load IP Config File for USB_DEVICE
2025-07-22 20:39:40,136 [ERROR] LogOutputStream:75 - [STDERR_REDIRECT] [Fatal Error] :1:1: Premature end of file.
2025-07-22 20:39:40,137 [ERROR] LogOutputStream:75 - [STDERR_REDIRECT] 
2025-07-22 20:39:40,411 [INFO] LogOutputStream:77 - [STDOUT_REDIRECT] 
2025-07-22 20:39:41,137 [ERROR] LogOutputStream:75 - [STDERR_REDIRECT] [Fatal Error] :1:1: Premature end of file.
2025-07-22 20:39:41,138 [ERROR] LogOutputStream:75 - [STDERR_REDIRECT] 
2025-07-22 20:39:42,156 [ERROR] LogOutputStream:75 - [STDERR_REDIRECT] [Fatal Error] :1:1: Premature end of file.
2025-07-22 20:39:42,157 [ERROR] LogOutputStream:75 - [STDERR_REDIRECT] 
2025-07-22 20:39:42,879 [INFO] ProjectBuilder:5496 - Time for Generating toolchain IDE Files: 2952mS.
2025-07-22 20:39:42,879 [INFO] ProjectBuilder:3463 - Time for Copy CMSIS : 0mS.
2025-07-22 20:39:42,881 [INFO] ProjectBuilder:3463 - Time for Copy CMSIS : 0mS.
2025-07-22 20:39:43,164 [ERROR] LogOutputStream:75 - [STDERR_REDIRECT] [Fatal Error] :1:1: Premature end of file.
2025-07-22 20:39:43,166 [ERROR] LogOutputStream:75 - [STDERR_REDIRECT] 
2025-07-22 20:39:44,134 [ERROR] LogOutputStream:75 - [STDERR_REDIRECT] [Fatal Error] :1:1: Premature end of file.
2025-07-22 20:39:44,135 [ERROR] LogOutputStream:75 - [STDERR_REDIRECT] 
2025-07-22 20:39:44,336 [INFO] McuFinderGlobals:76 - Set McuFinderConnectedMode to true
2025-07-22 20:39:44,339 [INFO] ApiDb:448 - Save user favorites file C:\Users\sumey/.stm32cubeide/favorites.mcus.txt: 1 item(s)
2025-07-22 20:39:44,340 [INFO] ApiDb:452 - User favorites MCUs=[STM32F103C6T6A]
2025-07-22 20:39:45,146 [ERROR] LogOutputStream:75 - [STDERR_REDIRECT] [Fatal Error] :1:1: Premature end of file.
2025-07-22 20:39:45,146 [ERROR] LogOutputStream:75 - [STDERR_REDIRECT] 
2025-07-22 20:39:46,143 [ERROR] LogOutputStream:75 - [STDERR_REDIRECT] [Fatal Error] :1:1: Premature end of file.
2025-07-22 20:39:46,145 [ERROR] LogOutputStream:75 - [STDERR_REDIRECT] 
2025-07-22 20:39:47,153 [ERROR] LogOutputStream:75 - [STDERR_REDIRECT] [Fatal Error] :1:1: Premature end of file.
2025-07-22 20:39:47,154 [ERROR] LogOutputStream:75 - [STDERR_REDIRECT] 
2025-07-22 20:39:48,145 [ERROR] LogOutputStream:75 - [STDERR_REDIRECT] [Fatal Error] :1:1: Premature end of file.
2025-07-22 20:39:48,146 [ERROR] LogOutputStream:75 - [STDERR_REDIRECT] 
2025-07-22 20:39:49,131 [ERROR] LogOutputStream:75 - [STDERR_REDIRECT] [Fatal Error] :1:1: Premature end of file.
2025-07-22 20:39:49,131 [ERROR] LogOutputStream:75 - [STDERR_REDIRECT] 
2025-07-22 20:39:50,141 [ERROR] LogOutputStream:75 - [STDERR_REDIRECT] [Fatal Error] :1:1: Premature end of file.
2025-07-22 20:39:50,141 [ERROR] LogOutputStream:75 - [STDERR_REDIRECT] 
2025-07-22 20:39:51,140 [ERROR] LogOutputStream:75 - [STDERR_REDIRECT] [Fatal Error] :1:1: Premature end of file.
2025-07-22 20:39:51,140 [ERROR] LogOutputStream:75 - [STDERR_REDIRECT] 
2025-07-22 20:39:52,135 [ERROR] LogOutputStream:75 - [STDERR_REDIRECT] [Fatal Error] :1:1: Premature end of file.
2025-07-22 20:39:52,136 [ERROR] LogOutputStream:75 - [STDERR_REDIRECT] 
2025-07-22 20:39:53,135 [ERROR] LogOutputStream:75 - [STDERR_REDIRECT] [Fatal Error] :1:1: Premature end of file.
2025-07-22 20:39:53,135 [ERROR] LogOutputStream:75 - [STDERR_REDIRECT] 
2025-07-22 20:39:54,132 [ERROR] LogOutputStream:75 - [STDERR_REDIRECT] [Fatal Error] :1:1: Premature end of file.
2025-07-22 20:39:54,132 [ERROR] LogOutputStream:75 - [STDERR_REDIRECT] 
2025-07-22 20:39:55,131 [ERROR] LogOutputStream:75 - [STDERR_REDIRECT] [Fatal Error] :1:1: Premature end of file.
2025-07-22 20:39:55,131 [ERROR] LogOutputStream:75 - [STDERR_REDIRECT] 
2025-07-22 20:39:56,136 [ERROR] LogOutputStream:75 - [STDERR_REDIRECT] [Fatal Error] :1:1: Premature end of file.
2025-07-22 20:39:56,137 [ERROR] LogOutputStream:75 - [STDERR_REDIRECT] 
2025-07-22 20:39:57,138 [ERROR] LogOutputStream:75 - [STDERR_REDIRECT] [Fatal Error] :1:1: Premature end of file.
2025-07-22 20:39:57,138 [ERROR] LogOutputStream:75 - [STDERR_REDIRECT] 
2025-07-22 20:39:58,131 [ERROR] LogOutputStream:75 - [STDERR_REDIRECT] [Fatal Error] :1:1: Premature end of file.
2025-07-22 20:39:58,131 [ERROR] LogOutputStream:75 - [STDERR_REDIRECT] 
2025-07-22 20:39:59,143 [ERROR] LogOutputStream:75 - [STDERR_REDIRECT] [Fatal Error] :1:1: Premature end of file.
2025-07-22 20:39:59,143 [ERROR] LogOutputStream:75 - [STDERR_REDIRECT] 
2025-07-22 20:40:00,135 [ERROR] LogOutputStream:75 - [STDERR_REDIRECT] [Fatal Error] :1:1: Premature end of file.
2025-07-22 20:40:00,136 [ERROR] LogOutputStream:75 - [STDERR_REDIRECT] 
2025-07-22 20:40:01,131 [ERROR] LogOutputStream:75 - [STDERR_REDIRECT] [Fatal Error] :1:1: Premature end of file.
2025-07-22 20:40:01,131 [ERROR] LogOutputStream:75 - [STDERR_REDIRECT] 
2025-07-22 20:40:02,136 [ERROR] LogOutputStream:75 - [STDERR_REDIRECT] [Fatal Error] :1:1: Premature end of file.
2025-07-22 20:40:02,136 [ERROR] LogOutputStream:75 - [STDERR_REDIRECT] 
2025-07-22 20:40:03,158 [ERROR] LogOutputStream:75 - [STDERR_REDIRECT] [Fatal Error] :1:1: Premature end of file.
2025-07-22 20:40:03,159 [ERROR] LogOutputStream:75 - [STDERR_REDIRECT] 
2025-07-22 20:40:04,141 [ERROR] LogOutputStream:75 - [STDERR_REDIRECT] [Fatal Error] :1:1: Premature end of file.
2025-07-22 20:40:04,142 [ERROR] LogOutputStream:75 - [STDERR_REDIRECT] 
2025-07-22 20:40:05,132 [ERROR] LogOutputStream:75 - [STDERR_REDIRECT] [Fatal Error] :1:1: Premature end of file.
2025-07-22 20:40:05,132 [ERROR] LogOutputStream:75 - [STDERR_REDIRECT] 
2025-07-22 20:40:06,145 [ERROR] LogOutputStream:75 - [STDERR_REDIRECT] [Fatal Error] :1:1: Premature end of file.
2025-07-22 20:40:06,145 [ERROR] LogOutputStream:75 - [STDERR_REDIRECT] 
2025-07-22 20:40:07,138 [ERROR] LogOutputStream:75 - [STDERR_REDIRECT] [Fatal Error] :1:1: Premature end of file.
2025-07-22 20:40:07,138 [ERROR] LogOutputStream:75 - [STDERR_REDIRECT] 
2025-07-22 20:40:08,131 [ERROR] LogOutputStream:75 - [STDERR_REDIRECT] [Fatal Error] :1:1: Premature end of file.
2025-07-22 20:40:08,131 [ERROR] LogOutputStream:75 - [STDERR_REDIRECT] 
2025-07-22 20:40:09,143 [ERROR] LogOutputStream:75 - [STDERR_REDIRECT] [Fatal Error] :1:1: Premature end of file.
2025-07-22 20:40:09,143 [ERROR] LogOutputStream:75 - [STDERR_REDIRECT] 
2025-07-22 20:40:10,147 [ERROR] LogOutputStream:75 - [STDERR_REDIRECT] [Fatal Error] :1:1: Premature end of file.
2025-07-22 20:40:10,147 [ERROR] LogOutputStream:75 - [STDERR_REDIRECT] 
2025-07-22 20:40:11,191 [ERROR] LogOutputStream:75 - [STDERR_REDIRECT] [Fatal Error] :1:1: Premature end of file.
2025-07-22 20:40:11,192 [ERROR] LogOutputStream:75 - [STDERR_REDIRECT] 
2025-07-22 20:40:12,146 [ERROR] LogOutputStream:75 - [STDERR_REDIRECT] [Fatal Error] :1:1: Premature end of file.
2025-07-22 20:40:12,147 [ERROR] LogOutputStream:75 - [STDERR_REDIRECT] 
2025-07-22 20:40:13,142 [ERROR] LogOutputStream:75 - [STDERR_REDIRECT] [Fatal Error] :1:1: Premature end of file.
2025-07-22 20:40:13,142 [ERROR] LogOutputStream:75 - [STDERR_REDIRECT] 
2025-07-22 20:40:14,152 [ERROR] LogOutputStream:75 - [STDERR_REDIRECT] [Fatal Error] :1:1: Premature end of file.
2025-07-22 20:40:14,153 [ERROR] LogOutputStream:75 - [STDERR_REDIRECT] 
2025-07-22 20:40:15,133 [ERROR] LogOutputStream:75 - [STDERR_REDIRECT] [Fatal Error] :1:1: Premature end of file.
2025-07-22 20:40:15,134 [ERROR] LogOutputStream:75 - [STDERR_REDIRECT] 
2025-07-22 20:40:16,148 [ERROR] LogOutputStream:75 - [STDERR_REDIRECT] [Fatal Error] :1:1: Premature end of file.
2025-07-22 20:40:16,149 [ERROR] LogOutputStream:75 - [STDERR_REDIRECT] 
2025-07-22 20:40:17,139 [ERROR] LogOutputStream:75 - [STDERR_REDIRECT] [Fatal Error] :1:1: Premature end of file.
2025-07-22 20:40:17,140 [ERROR] LogOutputStream:75 - [STDERR_REDIRECT] 
2025-07-22 20:40:18,134 [ERROR] LogOutputStream:75 - [STDERR_REDIRECT] [Fatal Error] :1:1: Premature end of file.
2025-07-22 20:40:18,135 [ERROR] LogOutputStream:75 - [STDERR_REDIRECT] 
2025-07-22 20:40:19,129 [ERROR] LogOutputStream:75 - [STDERR_REDIRECT] [Fatal Error] :1:1: Premature end of file.
2025-07-22 20:40:19,129 [ERROR] LogOutputStream:75 - [STDERR_REDIRECT] 
2025-07-22 20:40:20,141 [ERROR] LogOutputStream:75 - [STDERR_REDIRECT] [Fatal Error] :1:1: Premature end of file.
2025-07-22 20:40:20,142 [ERROR] LogOutputStream:75 - [STDERR_REDIRECT] 
2025-07-22 20:40:21,143 [ERROR] LogOutputStream:75 - [STDERR_REDIRECT] [Fatal Error] :1:1: Premature end of file.
2025-07-22 20:40:21,143 [ERROR] LogOutputStream:75 - [STDERR_REDIRECT] 
2025-07-22 20:40:22,140 [ERROR] LogOutputStream:75 - [STDERR_REDIRECT] [Fatal Error] :1:1: Premature end of file.
2025-07-22 20:40:22,140 [ERROR] LogOutputStream:75 - [STDERR_REDIRECT] 
2025-07-22 20:40:23,155 [ERROR] LogOutputStream:75 - [STDERR_REDIRECT] [Fatal Error] :1:1: Premature end of file.
2025-07-22 20:40:23,155 [ERROR] LogOutputStream:75 - [STDERR_REDIRECT] 
2025-07-22 20:40:24,148 [ERROR] LogOutputStream:75 - [STDERR_REDIRECT] [Fatal Error] :1:1: Premature end of file.
2025-07-22 20:40:24,148 [ERROR] LogOutputStream:75 - [STDERR_REDIRECT] 
2025-07-22 20:40:25,138 [ERROR] LogOutputStream:75 - [STDERR_REDIRECT] [Fatal Error] :1:1: Premature end of file.
2025-07-22 20:40:25,139 [ERROR] LogOutputStream:75 - [STDERR_REDIRECT] 
2025-07-22 20:40:26,154 [ERROR] LogOutputStream:75 - [STDERR_REDIRECT] [Fatal Error] :1:1: Premature end of file.
2025-07-22 20:40:26,154 [ERROR] LogOutputStream:75 - [STDERR_REDIRECT] 
2025-07-22 20:40:27,145 [ERROR] LogOutputStream:75 - [STDERR_REDIRECT] [Fatal Error] :1:1: Premature end of file.
2025-07-22 20:40:27,146 [ERROR] LogOutputStream:75 - [STDERR_REDIRECT] 
2025-07-22 20:40:28,145 [ERROR] LogOutputStream:75 - [STDERR_REDIRECT] [Fatal Error] :1:1: Premature end of file.
2025-07-22 20:40:28,145 [ERROR] LogOutputStream:75 - [STDERR_REDIRECT] 
2025-07-22 20:40:29,144 [ERROR] LogOutputStream:75 - [STDERR_REDIRECT] [Fatal Error] :1:1: Premature end of file.
2025-07-22 20:40:29,144 [ERROR] LogOutputStream:75 - [STDERR_REDIRECT] 
2025-07-22 20:40:30,149 [ERROR] LogOutputStream:75 - [STDERR_REDIRECT] [Fatal Error] :1:1: Premature end of file.
2025-07-22 20:40:30,149 [ERROR] LogOutputStream:75 - [STDERR_REDIRECT] 
2025-07-22 20:40:31,142 [ERROR] LogOutputStream:75 - [STDERR_REDIRECT] [Fatal Error] :1:1: Premature end of file.
2025-07-22 20:40:31,142 [ERROR] LogOutputStream:75 - [STDERR_REDIRECT] 
2025-07-22 20:40:32,131 [ERROR] LogOutputStream:75 - [STDERR_REDIRECT] [Fatal Error] :1:1: Premature end of file.
2025-07-22 20:40:32,132 [ERROR] LogOutputStream:75 - [STDERR_REDIRECT] 
2025-07-22 20:40:33,130 [ERROR] LogOutputStream:75 - [STDERR_REDIRECT] [Fatal Error] :1:1: Premature end of file.
2025-07-22 20:40:33,130 [ERROR] LogOutputStream:75 - [STDERR_REDIRECT] 
2025-07-22 20:40:34,164 [ERROR] LogOutputStream:75 - [STDERR_REDIRECT] [Fatal Error] :1:1: Premature end of file.
2025-07-22 20:40:34,165 [ERROR] LogOutputStream:75 - [STDERR_REDIRECT] 
2025-07-22 20:40:35,140 [ERROR] LogOutputStream:75 - [STDERR_REDIRECT] [Fatal Error] :1:1: Premature end of file.
2025-07-22 20:40:35,140 [ERROR] LogOutputStream:75 - [STDERR_REDIRECT] 
2025-07-22 20:40:36,141 [ERROR] LogOutputStream:75 - [STDERR_REDIRECT] [Fatal Error] :1:1: Premature end of file.
2025-07-22 20:40:36,141 [ERROR] LogOutputStream:75 - [STDERR_REDIRECT] 
2025-07-22 20:40:37,145 [ERROR] LogOutputStream:75 - [STDERR_REDIRECT] [Fatal Error] :1:1: Premature end of file.
2025-07-22 20:40:37,146 [ERROR] LogOutputStream:75 - [STDERR_REDIRECT] 
2025-07-22 20:40:38,135 [ERROR] LogOutputStream:75 - [STDERR_REDIRECT] [Fatal Error] :1:1: Premature end of file.
2025-07-22 20:40:38,135 [ERROR] LogOutputStream:75 - [STDERR_REDIRECT] 
2025-07-22 20:40:39,140 [ERROR] LogOutputStream:75 - [STDERR_REDIRECT] [Fatal Error] :1:1: Premature end of file.
2025-07-22 20:40:39,140 [ERROR] LogOutputStream:75 - [STDERR_REDIRECT] 
2025-07-22 20:40:40,135 [ERROR] LogOutputStream:75 - [STDERR_REDIRECT] [Fatal Error] :1:1: Premature end of file.
2025-07-22 20:40:40,136 [ERROR] LogOutputStream:75 - [STDERR_REDIRECT] 
2025-07-22 20:40:41,134 [ERROR] LogOutputStream:75 - [STDERR_REDIRECT] [Fatal Error] :1:1: Premature end of file.
2025-07-22 20:40:41,135 [ERROR] LogOutputStream:75 - [STDERR_REDIRECT] 
2025-07-22 20:40:42,144 [ERROR] LogOutputStream:75 - [STDERR_REDIRECT] [Fatal Error] :1:1: Premature end of file.
2025-07-22 20:40:42,144 [ERROR] LogOutputStream:75 - [STDERR_REDIRECT] 
2025-07-22 20:40:43,140 [ERROR] LogOutputStream:75 - [STDERR_REDIRECT] [Fatal Error] :1:1: Premature end of file.
2025-07-22 20:40:43,140 [ERROR] LogOutputStream:75 - [STDERR_REDIRECT] 
2025-07-22 20:40:44,145 [ERROR] LogOutputStream:75 - [STDERR_REDIRECT] [Fatal Error] :1:1: Premature end of file.
2025-07-22 20:40:44,146 [ERROR] LogOutputStream:75 - [STDERR_REDIRECT] 
2025-07-22 20:40:45,147 [ERROR] LogOutputStream:75 - [STDERR_REDIRECT] [Fatal Error] :1:1: Premature end of file.
2025-07-22 20:40:45,147 [ERROR] LogOutputStream:75 - [STDERR_REDIRECT] 
2025-07-22 20:40:46,151 [ERROR] LogOutputStream:75 - [STDERR_REDIRECT] [Fatal Error] :1:1: Premature end of file.
2025-07-22 20:40:46,151 [ERROR] LogOutputStream:75 - [STDERR_REDIRECT] 
2025-07-22 20:40:47,135 [ERROR] LogOutputStream:75 - [STDERR_REDIRECT] [Fatal Error] :1:1: Premature end of file.
2025-07-22 20:40:47,135 [ERROR] LogOutputStream:75 - [STDERR_REDIRECT] 
2025-07-22 20:40:48,147 [ERROR] LogOutputStream:75 - [STDERR_REDIRECT] [Fatal Error] :1:1: Premature end of file.
2025-07-22 20:40:48,148 [ERROR] LogOutputStream:75 - [STDERR_REDIRECT] 
2025-07-22 20:40:49,147 [ERROR] LogOutputStream:75 - [STDERR_REDIRECT] [Fatal Error] :1:1: Premature end of file.
2025-07-22 20:40:49,147 [ERROR] LogOutputStream:75 - [STDERR_REDIRECT] 
2025-07-22 20:40:50,145 [ERROR] LogOutputStream:75 - [STDERR_REDIRECT] [Fatal Error] :1:1: Premature end of file.
2025-07-22 20:40:50,146 [ERROR] LogOutputStream:75 - [STDERR_REDIRECT] 
2025-07-22 20:40:51,145 [ERROR] LogOutputStream:75 - [STDERR_REDIRECT] [Fatal Error] :1:1: Premature end of file.
2025-07-22 20:40:51,145 [ERROR] LogOutputStream:75 - [STDERR_REDIRECT] 
2025-07-22 20:40:52,146 [ERROR] LogOutputStream:75 - [STDERR_REDIRECT] [Fatal Error] :1:1: Premature end of file.
2025-07-22 20:40:52,147 [ERROR] LogOutputStream:75 - [STDERR_REDIRECT] 
2025-07-22 20:40:53,146 [ERROR] LogOutputStream:75 - [STDERR_REDIRECT] [Fatal Error] :1:1: Premature end of file.
2025-07-22 20:40:53,146 [ERROR] LogOutputStream:75 - [STDERR_REDIRECT] 
2025-07-22 20:40:54,146 [ERROR] LogOutputStream:75 - [STDERR_REDIRECT] [Fatal Error] :1:1: Premature end of file.
2025-07-22 20:40:54,146 [ERROR] LogOutputStream:75 - [STDERR_REDIRECT] 
2025-07-22 20:40:55,144 [ERROR] LogOutputStream:75 - [STDERR_REDIRECT] [Fatal Error] :1:1: Premature end of file.
2025-07-22 20:40:55,145 [ERROR] LogOutputStream:75 - [STDERR_REDIRECT] 
2025-07-22 20:40:56,145 [ERROR] LogOutputStream:75 - [STDERR_REDIRECT] [Fatal Error] :1:1: Premature end of file.
2025-07-22 20:40:56,145 [ERROR] LogOutputStream:75 - [STDERR_REDIRECT] 
2025-07-22 20:40:57,148 [ERROR] LogOutputStream:75 - [STDERR_REDIRECT] [Fatal Error] :1:1: Premature end of file.
2025-07-22 20:40:57,148 [ERROR] LogOutputStream:75 - [STDERR_REDIRECT] 
2025-07-22 20:40:58,145 [ERROR] LogOutputStream:75 - [STDERR_REDIRECT] [Fatal Error] :1:1: Premature end of file.
2025-07-22 20:40:58,147 [ERROR] LogOutputStream:75 - [STDERR_REDIRECT] 
2025-07-22 20:40:59,134 [ERROR] LogOutputStream:75 - [STDERR_REDIRECT] [Fatal Error] :1:1: Premature end of file.
2025-07-22 20:40:59,134 [ERROR] LogOutputStream:75 - [STDERR_REDIRECT] 
2025-07-22 20:41:00,144 [ERROR] LogOutputStream:75 - [STDERR_REDIRECT] [Fatal Error] :1:1: Premature end of file.
2025-07-22 20:41:00,145 [ERROR] LogOutputStream:75 - [STDERR_REDIRECT] 
2025-07-22 20:41:01,147 [ERROR] LogOutputStream:75 - [STDERR_REDIRECT] [Fatal Error] :1:1: Premature end of file.
2025-07-22 20:41:01,148 [ERROR] LogOutputStream:75 - [STDERR_REDIRECT] 
2025-07-22 20:41:02,146 [ERROR] LogOutputStream:75 - [STDERR_REDIRECT] [Fatal Error] :1:1: Premature end of file.
2025-07-22 20:41:02,147 [ERROR] LogOutputStream:75 - [STDERR_REDIRECT] 
2025-07-22 20:41:03,142 [ERROR] LogOutputStream:75 - [STDERR_REDIRECT] [Fatal Error] :1:1: Premature end of file.
2025-07-22 20:41:03,142 [ERROR] LogOutputStream:75 - [STDERR_REDIRECT] 
2025-07-22 20:41:04,147 [ERROR] LogOutputStream:75 - [STDERR_REDIRECT] [Fatal Error] :1:1: Premature end of file.
2025-07-22 20:41:04,147 [ERROR] LogOutputStream:75 - [STDERR_REDIRECT] 
2025-07-22 20:41:05,142 [ERROR] LogOutputStream:75 - [STDERR_REDIRECT] [Fatal Error] :1:1: Premature end of file.
2025-07-22 20:41:05,142 [ERROR] LogOutputStream:75 - [STDERR_REDIRECT] 
2025-07-22 20:41:06,145 [ERROR] LogOutputStream:75 - [STDERR_REDIRECT] [Fatal Error] :1:1: Premature end of file.
2025-07-22 20:41:06,146 [ERROR] LogOutputStream:75 - [STDERR_REDIRECT] 
2025-07-22 20:41:07,144 [ERROR] LogOutputStream:75 - [STDERR_REDIRECT] [Fatal Error] :1:1: Premature end of file.
2025-07-22 20:41:07,144 [ERROR] LogOutputStream:75 - [STDERR_REDIRECT] 
2025-07-22 20:41:08,148 [ERROR] LogOutputStream:75 - [STDERR_REDIRECT] [Fatal Error] :1:1: Premature end of file.
2025-07-22 20:41:08,148 [ERROR] LogOutputStream:75 - [STDERR_REDIRECT] 
2025-07-22 20:41:09,145 [ERROR] LogOutputStream:75 - [STDERR_REDIRECT] [Fatal Error] :1:1: Premature end of file.
2025-07-22 20:41:09,145 [ERROR] LogOutputStream:75 - [STDERR_REDIRECT] 
2025-07-22 20:41:10,145 [ERROR] LogOutputStream:75 - [STDERR_REDIRECT] [Fatal Error] :1:1: Premature end of file.
2025-07-22 20:41:10,146 [ERROR] LogOutputStream:75 - [STDERR_REDIRECT] 
2025-07-22 20:41:11,136 [ERROR] LogOutputStream:75 - [STDERR_REDIRECT] [Fatal Error] :1:1: Premature end of file.
2025-07-22 20:41:11,137 [ERROR] LogOutputStream:75 - [STDERR_REDIRECT] 
2025-07-22 20:41:12,148 [ERROR] LogOutputStream:75 - [STDERR_REDIRECT] [Fatal Error] :1:1: Premature end of file.
2025-07-22 20:41:12,148 [ERROR] LogOutputStream:75 - [STDERR_REDIRECT] 
2025-07-22 20:41:13,147 [ERROR] LogOutputStream:75 - [STDERR_REDIRECT] [Fatal Error] :1:1: Premature end of file.
2025-07-22 20:41:13,147 [ERROR] LogOutputStream:75 - [STDERR_REDIRECT] 
2025-07-22 20:41:14,145 [ERROR] LogOutputStream:75 - [STDERR_REDIRECT] [Fatal Error] :1:1: Premature end of file.
2025-07-22 20:41:14,146 [ERROR] LogOutputStream:75 - [STDERR_REDIRECT] 
2025-07-22 20:41:15,146 [ERROR] LogOutputStream:75 - [STDERR_REDIRECT] [Fatal Error] :1:1: Premature end of file.
2025-07-22 20:41:15,147 [ERROR] LogOutputStream:75 - [STDERR_REDIRECT] 
2025-07-22 20:41:16,144 [ERROR] LogOutputStream:75 - [STDERR_REDIRECT] [Fatal Error] :1:1: Premature end of file.
2025-07-22 20:41:16,144 [ERROR] LogOutputStream:75 - [STDERR_REDIRECT] 
2025-07-22 20:41:17,146 [ERROR] LogOutputStream:75 - [STDERR_REDIRECT] [Fatal Error] :1:1: Premature end of file.
2025-07-22 20:41:17,147 [ERROR] LogOutputStream:75 - [STDERR_REDIRECT] 
2025-07-22 20:41:18,145 [ERROR] LogOutputStream:75 - [STDERR_REDIRECT] [Fatal Error] :1:1: Premature end of file.
2025-07-22 20:41:18,145 [ERROR] LogOutputStream:75 - [STDERR_REDIRECT] 
2025-07-22 20:41:19,145 [ERROR] LogOutputStream:75 - [STDERR_REDIRECT] [Fatal Error] :1:1: Premature end of file.
2025-07-22 20:41:19,145 [ERROR] LogOutputStream:75 - [STDERR_REDIRECT] 
2025-07-22 20:41:20,141 [ERROR] LogOutputStream:75 - [STDERR_REDIRECT] [Fatal Error] :1:1: Premature end of file.
2025-07-22 20:41:20,142 [ERROR] LogOutputStream:75 - [STDERR_REDIRECT] 
2025-07-22 20:41:21,147 [ERROR] LogOutputStream:75 - [STDERR_REDIRECT] [Fatal Error] :1:1: Premature end of file.
2025-07-22 20:41:21,147 [ERROR] LogOutputStream:75 - [STDERR_REDIRECT] 
2025-07-22 20:41:22,147 [ERROR] LogOutputStream:75 - [STDERR_REDIRECT] [Fatal Error] :1:1: Premature end of file.
2025-07-22 20:41:22,147 [ERROR] LogOutputStream:75 - [STDERR_REDIRECT] 
2025-07-22 20:41:23,139 [ERROR] LogOutputStream:75 - [STDERR_REDIRECT] [Fatal Error] :1:1: Premature end of file.
2025-07-22 20:41:23,140 [ERROR] LogOutputStream:75 - [STDERR_REDIRECT] 
2025-07-22 20:41:24,147 [ERROR] LogOutputStream:75 - [STDERR_REDIRECT] [Fatal Error] :1:1: Premature end of file.
2025-07-22 20:41:24,148 [ERROR] LogOutputStream:75 - [STDERR_REDIRECT] 
2025-07-22 20:41:25,141 [ERROR] LogOutputStream:75 - [STDERR_REDIRECT] [Fatal Error] :1:1: Premature end of file.
2025-07-22 20:41:25,141 [ERROR] LogOutputStream:75 - [STDERR_REDIRECT] 
2025-07-22 20:41:26,145 [ERROR] LogOutputStream:75 - [STDERR_REDIRECT] [Fatal Error] :1:1: Premature end of file.
2025-07-22 20:41:26,145 [ERROR] LogOutputStream:75 - [STDERR_REDIRECT] 
2025-07-22 20:41:27,146 [ERROR] LogOutputStream:75 - [STDERR_REDIRECT] [Fatal Error] :1:1: Premature end of file.
2025-07-22 20:41:27,146 [ERROR] LogOutputStream:75 - [STDERR_REDIRECT] 
2025-07-22 20:41:28,146 [ERROR] LogOutputStream:75 - [STDERR_REDIRECT] [Fatal Error] :1:1: Premature end of file.
2025-07-22 20:41:28,146 [ERROR] LogOutputStream:75 - [STDERR_REDIRECT] 
2025-07-22 20:41:29,143 [ERROR] LogOutputStream:75 - [STDERR_REDIRECT] [Fatal Error] :1:1: Premature end of file.
2025-07-22 20:41:29,143 [ERROR] LogOutputStream:75 - [STDERR_REDIRECT] 
2025-07-22 20:41:30,144 [ERROR] LogOutputStream:75 - [STDERR_REDIRECT] [Fatal Error] :1:1: Premature end of file.
2025-07-22 20:41:30,144 [ERROR] LogOutputStream:75 - [STDERR_REDIRECT] 
2025-07-22 20:41:31,144 [ERROR] LogOutputStream:75 - [STDERR_REDIRECT] [Fatal Error] :1:1: Premature end of file.
2025-07-22 20:41:31,144 [ERROR] LogOutputStream:75 - [STDERR_REDIRECT] 
2025-07-22 20:41:32,131 [ERROR] LogOutputStream:75 - [STDERR_REDIRECT] [Fatal Error] :1:1: Premature end of file.
2025-07-22 20:41:32,132 [ERROR] LogOutputStream:75 - [STDERR_REDIRECT] 
2025-07-22 20:41:33,131 [ERROR] LogOutputStream:75 - [STDERR_REDIRECT] [Fatal Error] :1:1: Premature end of file.
2025-07-22 20:41:33,131 [ERROR] LogOutputStream:75 - [STDERR_REDIRECT] 
2025-07-22 20:41:34,129 [ERROR] LogOutputStream:75 - [STDERR_REDIRECT] [Fatal Error] :1:1: Premature end of file.
2025-07-22 20:41:34,129 [ERROR] LogOutputStream:75 - [STDERR_REDIRECT] 
2025-07-22 20:41:35,147 [ERROR] LogOutputStream:75 - [STDERR_REDIRECT] [Fatal Error] :1:1: Premature end of file.
2025-07-22 20:41:35,147 [ERROR] LogOutputStream:75 - [STDERR_REDIRECT] 
2025-07-22 20:41:36,132 [ERROR] LogOutputStream:75 - [STDERR_REDIRECT] [Fatal Error] :1:1: Premature end of file.
2025-07-22 20:41:36,133 [ERROR] LogOutputStream:75 - [STDERR_REDIRECT] 
2025-07-22 20:41:37,146 [ERROR] LogOutputStream:75 - [STDERR_REDIRECT] [Fatal Error] :1:1: Premature end of file.
2025-07-22 20:41:37,147 [ERROR] LogOutputStream:75 - [STDERR_REDIRECT] 
2025-07-22 20:41:38,147 [ERROR] LogOutputStream:75 - [STDERR_REDIRECT] [Fatal Error] :1:1: Premature end of file.
2025-07-22 20:41:38,147 [ERROR] LogOutputStream:75 - [STDERR_REDIRECT] 
2025-07-22 20:41:39,148 [ERROR] LogOutputStream:75 - [STDERR_REDIRECT] [Fatal Error] :1:1: Premature end of file.
2025-07-22 20:41:39,148 [ERROR] LogOutputStream:75 - [STDERR_REDIRECT] 
2025-07-22 20:41:40,148 [ERROR] LogOutputStream:75 - [STDERR_REDIRECT] [Fatal Error] :1:1: Premature end of file.
2025-07-22 20:41:40,148 [ERROR] LogOutputStream:75 - [STDERR_REDIRECT] 
2025-07-22 20:41:41,148 [ERROR] LogOutputStream:75 - [STDERR_REDIRECT] [Fatal Error] :1:1: Premature end of file.
2025-07-22 20:41:41,148 [ERROR] LogOutputStream:75 - [STDERR_REDIRECT] 
2025-07-22 20:41:42,147 [ERROR] LogOutputStream:75 - [STDERR_REDIRECT] [Fatal Error] :1:1: Premature end of file.
2025-07-22 20:41:42,147 [ERROR] LogOutputStream:75 - [STDERR_REDIRECT] 
2025-07-22 20:41:43,146 [ERROR] LogOutputStream:75 - [STDERR_REDIRECT] [Fatal Error] :1:1: Premature end of file.
2025-07-22 20:41:43,147 [ERROR] LogOutputStream:75 - [STDERR_REDIRECT] 
2025-07-22 20:41:44,142 [ERROR] LogOutputStream:75 - [STDERR_REDIRECT] [Fatal Error] :1:1: Premature end of file.
2025-07-22 20:41:44,143 [ERROR] LogOutputStream:75 - [STDERR_REDIRECT] 
2025-07-22 20:41:45,133 [ERROR] LogOutputStream:75 - [STDERR_REDIRECT] [Fatal Error] :1:1: Premature end of file.
2025-07-22 20:41:45,133 [ERROR] LogOutputStream:75 - [STDERR_REDIRECT] 
2025-07-22 20:41:46,131 [ERROR] LogOutputStream:75 - [STDERR_REDIRECT] [Fatal Error] :1:1: Premature end of file.
2025-07-22 20:41:46,131 [ERROR] LogOutputStream:75 - [STDERR_REDIRECT] 
2025-07-22 20:41:47,140 [ERROR] LogOutputStream:75 - [STDERR_REDIRECT] [Fatal Error] :1:1: Premature end of file.
2025-07-22 20:41:47,140 [ERROR] LogOutputStream:75 - [STDERR_REDIRECT] 
2025-07-22 20:41:48,142 [ERROR] LogOutputStream:75 - [STDERR_REDIRECT] [Fatal Error] :1:1: Premature end of file.
2025-07-22 20:41:48,142 [ERROR] LogOutputStream:75 - [STDERR_REDIRECT] 
2025-07-22 20:41:49,146 [ERROR] LogOutputStream:75 - [STDERR_REDIRECT] [Fatal Error] :1:1: Premature end of file.
2025-07-22 20:41:49,146 [ERROR] LogOutputStream:75 - [STDERR_REDIRECT] 
2025-07-22 20:41:50,143 [ERROR] LogOutputStream:75 - [STDERR_REDIRECT] [Fatal Error] :1:1: Premature end of file.
2025-07-22 20:41:50,143 [ERROR] LogOutputStream:75 - [STDERR_REDIRECT] 
2025-07-22 20:41:51,146 [ERROR] LogOutputStream:75 - [STDERR_REDIRECT] [Fatal Error] :1:1: Premature end of file.
2025-07-22 20:41:51,146 [ERROR] LogOutputStream:75 - [STDERR_REDIRECT] 
2025-07-22 20:41:52,149 [ERROR] LogOutputStream:75 - [STDERR_REDIRECT] [Fatal Error] :1:1: Premature end of file.
2025-07-22 20:41:52,149 [ERROR] LogOutputStream:75 - [STDERR_REDIRECT] 
2025-07-22 20:41:53,148 [ERROR] LogOutputStream:75 - [STDERR_REDIRECT] [Fatal Error] :1:1: Premature end of file.
2025-07-22 20:41:53,148 [ERROR] LogOutputStream:75 - [STDERR_REDIRECT] 
2025-07-22 20:41:54,147 [ERROR] LogOutputStream:75 - [STDERR_REDIRECT] [Fatal Error] :1:1: Premature end of file.
2025-07-22 20:41:54,147 [ERROR] LogOutputStream:75 - [STDERR_REDIRECT] 
2025-07-22 20:41:55,136 [ERROR] LogOutputStream:75 - [STDERR_REDIRECT] [Fatal Error] :1:1: Premature end of file.
2025-07-22 20:41:55,136 [ERROR] LogOutputStream:75 - [STDERR_REDIRECT] 
2025-07-22 20:41:56,135 [ERROR] LogOutputStream:75 - [STDERR_REDIRECT] [Fatal Error] :1:1: Premature end of file.
2025-07-22 20:41:56,135 [ERROR] LogOutputStream:75 - [STDERR_REDIRECT] 
2025-07-22 20:41:57,140 [ERROR] LogOutputStream:75 - [STDERR_REDIRECT] [Fatal Error] :1:1: Premature end of file.
2025-07-22 20:41:57,140 [ERROR] LogOutputStream:75 - [STDERR_REDIRECT] 
2025-07-22 20:41:58,134 [ERROR] LogOutputStream:75 - [STDERR_REDIRECT] [Fatal Error] :1:1: Premature end of file.
2025-07-22 20:41:58,134 [ERROR] LogOutputStream:75 - [STDERR_REDIRECT] 
2025-07-22 20:41:59,132 [ERROR] LogOutputStream:75 - [STDERR_REDIRECT] [Fatal Error] :1:1: Premature end of file.
2025-07-22 20:41:59,133 [ERROR] LogOutputStream:75 - [STDERR_REDIRECT] 
2025-07-22 20:42:00,144 [ERROR] LogOutputStream:75 - [STDERR_REDIRECT] [Fatal Error] :1:1: Premature end of file.
2025-07-22 20:42:00,144 [ERROR] LogOutputStream:75 - [STDERR_REDIRECT] 
2025-07-22 20:42:01,147 [ERROR] LogOutputStream:75 - [STDERR_REDIRECT] [Fatal Error] :1:1: Premature end of file.
2025-07-22 20:42:01,147 [ERROR] LogOutputStream:75 - [STDERR_REDIRECT] 
2025-07-22 20:42:02,148 [ERROR] LogOutputStream:75 - [STDERR_REDIRECT] [Fatal Error] :1:1: Premature end of file.
2025-07-22 20:42:02,149 [ERROR] LogOutputStream:75 - [STDERR_REDIRECT] 
2025-07-22 20:42:03,140 [ERROR] LogOutputStream:75 - [STDERR_REDIRECT] [Fatal Error] :1:1: Premature end of file.
2025-07-22 20:42:03,141 [ERROR] LogOutputStream:75 - [STDERR_REDIRECT] 
2025-07-22 20:42:04,145 [ERROR] LogOutputStream:75 - [STDERR_REDIRECT] [Fatal Error] :1:1: Premature end of file.
2025-07-22 20:42:04,145 [ERROR] LogOutputStream:75 - [STDERR_REDIRECT] 
2025-07-22 20:42:05,149 [ERROR] LogOutputStream:75 - [STDERR_REDIRECT] [Fatal Error] :1:1: Premature end of file.
2025-07-22 20:42:05,149 [ERROR] LogOutputStream:75 - [STDERR_REDIRECT] 
2025-07-22 20:42:06,147 [ERROR] LogOutputStream:75 - [STDERR_REDIRECT] [Fatal Error] :1:1: Premature end of file.
2025-07-22 20:42:06,147 [ERROR] LogOutputStream:75 - [STDERR_REDIRECT] 
2025-07-22 20:42:07,143 [ERROR] LogOutputStream:75 - [STDERR_REDIRECT] [Fatal Error] :1:1: Premature end of file.
2025-07-22 20:42:07,144 [ERROR] LogOutputStream:75 - [STDERR_REDIRECT] 
2025-07-22 20:42:08,147 [ERROR] LogOutputStream:75 - [STDERR_REDIRECT] [Fatal Error] :1:1: Premature end of file.
2025-07-22 20:42:08,147 [ERROR] LogOutputStream:75 - [STDERR_REDIRECT] 
2025-07-22 20:42:09,138 [ERROR] LogOutputStream:75 - [STDERR_REDIRECT] [Fatal Error] :1:1: Premature end of file.
2025-07-22 20:42:09,138 [ERROR] LogOutputStream:75 - [STDERR_REDIRECT] 
2025-07-22 20:42:10,145 [ERROR] LogOutputStream:75 - [STDERR_REDIRECT] [Fatal Error] :1:1: Premature end of file.
2025-07-22 20:42:10,146 [ERROR] LogOutputStream:75 - [STDERR_REDIRECT] 
2025-07-22 20:42:11,138 [ERROR] LogOutputStream:75 - [STDERR_REDIRECT] [Fatal Error] :1:1: Premature end of file.
2025-07-22 20:42:11,139 [ERROR] LogOutputStream:75 - [STDERR_REDIRECT] 
2025-07-22 20:42:12,157 [ERROR] LogOutputStream:75 - [STDERR_REDIRECT] [Fatal Error] :1:1: Premature end of file.
2025-07-22 20:42:12,158 [ERROR] LogOutputStream:75 - [STDERR_REDIRECT] 
2025-07-22 20:42:13,146 [ERROR] LogOutputStream:75 - [STDERR_REDIRECT] [Fatal Error] :1:1: Premature end of file.
2025-07-22 20:42:13,146 [ERROR] LogOutputStream:75 - [STDERR_REDIRECT] 
2025-07-22 20:42:14,143 [ERROR] LogOutputStream:75 - [STDERR_REDIRECT] [Fatal Error] :1:1: Premature end of file.
2025-07-22 20:42:14,143 [ERROR] LogOutputStream:75 - [STDERR_REDIRECT] 
2025-07-22 20:42:15,137 [ERROR] LogOutputStream:75 - [STDERR_REDIRECT] [Fatal Error] :1:1: Premature end of file.
2025-07-22 20:42:15,138 [ERROR] LogOutputStream:75 - [STDERR_REDIRECT] 
2025-07-22 20:42:16,146 [ERROR] LogOutputStream:75 - [STDERR_REDIRECT] [Fatal Error] :1:1: Premature end of file.
2025-07-22 20:42:16,146 [ERROR] LogOutputStream:75 - [STDERR_REDIRECT] 
2025-07-22 20:42:17,150 [ERROR] LogOutputStream:75 - [STDERR_REDIRECT] [Fatal Error] :1:1: Premature end of file.
2025-07-22 20:42:17,151 [ERROR] LogOutputStream:75 - [STDERR_REDIRECT] 
2025-07-22 20:42:18,137 [ERROR] LogOutputStream:75 - [STDERR_REDIRECT] [Fatal Error] :1:1: Premature end of file.
2025-07-22 20:42:18,137 [ERROR] LogOutputStream:75 - [STDERR_REDIRECT] 
2025-07-22 20:42:19,134 [ERROR] LogOutputStream:75 - [STDERR_REDIRECT] [Fatal Error] :1:1: Premature end of file.
2025-07-22 20:42:19,134 [ERROR] LogOutputStream:75 - [STDERR_REDIRECT] 
2025-07-22 20:42:20,139 [ERROR] LogOutputStream:75 - [STDERR_REDIRECT] [Fatal Error] :1:1: Premature end of file.
2025-07-22 20:42:20,139 [ERROR] LogOutputStream:75 - [STDERR_REDIRECT] 
2025-07-22 20:42:21,143 [ERROR] LogOutputStream:75 - [STDERR_REDIRECT] [Fatal Error] :1:1: Premature end of file.
2025-07-22 20:42:21,143 [ERROR] LogOutputStream:75 - [STDERR_REDIRECT] 
2025-07-22 20:42:22,142 [ERROR] LogOutputStream:75 - [STDERR_REDIRECT] [Fatal Error] :1:1: Premature end of file.
2025-07-22 20:42:22,142 [ERROR] LogOutputStream:75 - [STDERR_REDIRECT] 
2025-07-22 20:42:23,141 [ERROR] LogOutputStream:75 - [STDERR_REDIRECT] [Fatal Error] :1:1: Premature end of file.
2025-07-22 20:42:23,142 [ERROR] LogOutputStream:75 - [STDERR_REDIRECT] 
2025-07-22 20:42:24,141 [ERROR] LogOutputStream:75 - [STDERR_REDIRECT] [Fatal Error] :1:1: Premature end of file.
2025-07-22 20:42:24,142 [ERROR] LogOutputStream:75 - [STDERR_REDIRECT] 
2025-07-22 20:42:25,130 [ERROR] LogOutputStream:75 - [STDERR_REDIRECT] [Fatal Error] :1:1: Premature end of file.
2025-07-22 20:42:25,131 [ERROR] LogOutputStream:75 - [STDERR_REDIRECT] 
2025-07-22 20:42:26,144 [ERROR] LogOutputStream:75 - [STDERR_REDIRECT] [Fatal Error] :1:1: Premature end of file.
2025-07-22 20:42:26,144 [ERROR] LogOutputStream:75 - [STDERR_REDIRECT] 
2025-07-22 20:42:27,143 [ERROR] LogOutputStream:75 - [STDERR_REDIRECT] [Fatal Error] :1:1: Premature end of file.
2025-07-22 20:42:27,143 [ERROR] LogOutputStream:75 - [STDERR_REDIRECT] 
2025-07-22 20:42:28,144 [ERROR] LogOutputStream:75 - [STDERR_REDIRECT] [Fatal Error] :1:1: Premature end of file.
2025-07-22 20:42:28,144 [ERROR] LogOutputStream:75 - [STDERR_REDIRECT] 
2025-07-22 20:42:29,143 [ERROR] LogOutputStream:75 - [STDERR_REDIRECT] [Fatal Error] :1:1: Premature end of file.
2025-07-22 20:42:29,143 [ERROR] LogOutputStream:75 - [STDERR_REDIRECT] 
2025-07-22 20:42:30,145 [ERROR] LogOutputStream:75 - [STDERR_REDIRECT] [Fatal Error] :1:1: Premature end of file.
2025-07-22 20:42:30,145 [ERROR] LogOutputStream:75 - [STDERR_REDIRECT] 
2025-07-22 20:42:31,144 [ERROR] LogOutputStream:75 - [STDERR_REDIRECT] [Fatal Error] :1:1: Premature end of file.
2025-07-22 20:42:31,144 [ERROR] LogOutputStream:75 - [STDERR_REDIRECT] 
2025-07-22 20:42:32,149 [ERROR] LogOutputStream:75 - [STDERR_REDIRECT] [Fatal Error] :1:1: Premature end of file.
2025-07-22 20:42:32,149 [ERROR] LogOutputStream:75 - [STDERR_REDIRECT] 
2025-07-22 20:42:33,138 [ERROR] LogOutputStream:75 - [STDERR_REDIRECT] [Fatal Error] :1:1: Premature end of file.
2025-07-22 20:42:33,138 [ERROR] LogOutputStream:75 - [STDERR_REDIRECT] 
2025-07-22 20:42:34,141 [ERROR] LogOutputStream:75 - [STDERR_REDIRECT] [Fatal Error] :1:1: Premature end of file.
2025-07-22 20:42:34,141 [ERROR] LogOutputStream:75 - [STDERR_REDIRECT] 
2025-07-22 20:42:35,148 [ERROR] LogOutputStream:75 - [STDERR_REDIRECT] [Fatal Error] :1:1: Premature end of file.
2025-07-22 20:42:35,148 [ERROR] LogOutputStream:75 - [STDERR_REDIRECT] 
2025-07-22 20:42:36,148 [ERROR] LogOutputStream:75 - [STDERR_REDIRECT] [Fatal Error] :1:1: Premature end of file.
2025-07-22 20:42:36,148 [ERROR] LogOutputStream:75 - [STDERR_REDIRECT] 
2025-07-22 20:42:37,145 [ERROR] LogOutputStream:75 - [STDERR_REDIRECT] [Fatal Error] :1:1: Premature end of file.
2025-07-22 20:42:37,145 [ERROR] LogOutputStream:75 - [STDERR_REDIRECT] 
2025-07-22 20:42:38,139 [ERROR] LogOutputStream:75 - [STDERR_REDIRECT] [Fatal Error] :1:1: Premature end of file.
2025-07-22 20:42:38,139 [ERROR] LogOutputStream:75 - [STDERR_REDIRECT] 
2025-07-22 20:42:39,135 [ERROR] LogOutputStream:75 - [STDERR_REDIRECT] [Fatal Error] :1:1: Premature end of file.
2025-07-22 20:42:39,135 [ERROR] LogOutputStream:75 - [STDERR_REDIRECT] 
2025-07-22 20:42:40,148 [ERROR] LogOutputStream:75 - [STDERR_REDIRECT] [Fatal Error] :1:1: Premature end of file.
2025-07-22 20:42:40,148 [ERROR] LogOutputStream:75 - [STDERR_REDIRECT] 
2025-07-22 20:42:41,148 [ERROR] LogOutputStream:75 - [STDERR_REDIRECT] [Fatal Error] :1:1: Premature end of file.
2025-07-22 20:42:41,148 [ERROR] LogOutputStream:75 - [STDERR_REDIRECT] 
2025-07-22 20:42:42,133 [ERROR] LogOutputStream:75 - [STDERR_REDIRECT] [Fatal Error] :1:1: Premature end of file.
2025-07-22 20:42:42,133 [ERROR] LogOutputStream:75 - [STDERR_REDIRECT] 
2025-07-22 20:42:43,145 [ERROR] LogOutputStream:75 - [STDERR_REDIRECT] [Fatal Error] :1:1: Premature end of file.
2025-07-22 20:42:43,145 [ERROR] LogOutputStream:75 - [STDERR_REDIRECT] 
2025-07-22 20:42:44,142 [ERROR] LogOutputStream:75 - [STDERR_REDIRECT] [Fatal Error] :1:1: Premature end of file.
2025-07-22 20:42:44,142 [ERROR] LogOutputStream:75 - [STDERR_REDIRECT] 
2025-07-22 20:42:45,145 [ERROR] LogOutputStream:75 - [STDERR_REDIRECT] [Fatal Error] :1:1: Premature end of file.
2025-07-22 20:42:45,145 [ERROR] LogOutputStream:75 - [STDERR_REDIRECT] 
2025-07-22 20:42:46,140 [ERROR] LogOutputStream:75 - [STDERR_REDIRECT] [Fatal Error] :1:1: Premature end of file.
2025-07-22 20:42:46,140 [ERROR] LogOutputStream:75 - [STDERR_REDIRECT] 
2025-07-22 20:42:47,145 [ERROR] LogOutputStream:75 - [STDERR_REDIRECT] [Fatal Error] :1:1: Premature end of file.
2025-07-22 20:42:47,145 [ERROR] LogOutputStream:75 - [STDERR_REDIRECT] 
2025-07-22 20:42:48,166 [ERROR] LogOutputStream:75 - [STDERR_REDIRECT] [Fatal Error] :1:1: Premature end of file.
2025-07-22 20:42:48,167 [ERROR] LogOutputStream:75 - [STDERR_REDIRECT] 
2025-07-22 20:42:49,137 [ERROR] LogOutputStream:75 - [STDERR_REDIRECT] [Fatal Error] :1:1: Premature end of file.
2025-07-22 20:42:49,137 [ERROR] LogOutputStream:75 - [STDERR_REDIRECT] 
2025-07-22 20:42:50,132 [ERROR] LogOutputStream:75 - [STDERR_REDIRECT] [Fatal Error] :1:1: Premature end of file.
2025-07-22 20:42:50,132 [ERROR] LogOutputStream:75 - [STDERR_REDIRECT] 
2025-07-22 20:42:51,145 [ERROR] LogOutputStream:75 - [STDERR_REDIRECT] [Fatal Error] :1:1: Premature end of file.
2025-07-22 20:42:51,145 [ERROR] LogOutputStream:75 - [STDERR_REDIRECT] 
2025-07-22 20:42:52,134 [ERROR] LogOutputStream:75 - [STDERR_REDIRECT] [Fatal Error] :1:1: Premature end of file.
2025-07-22 20:42:52,135 [ERROR] LogOutputStream:75 - [STDERR_REDIRECT] 
2025-07-22 20:42:53,130 [ERROR] LogOutputStream:75 - [STDERR_REDIRECT] [Fatal Error] :1:1: Premature end of file.
2025-07-22 20:42:53,131 [ERROR] LogOutputStream:75 - [STDERR_REDIRECT] 
2025-07-22 20:42:54,137 [ERROR] LogOutputStream:75 - [STDERR_REDIRECT] [Fatal Error] :1:1: Premature end of file.
2025-07-22 20:42:54,137 [ERROR] LogOutputStream:75 - [STDERR_REDIRECT] 
2025-07-22 20:42:55,138 [ERROR] LogOutputStream:75 - [STDERR_REDIRECT] [Fatal Error] :1:1: Premature end of file.
2025-07-22 20:42:55,139 [ERROR] LogOutputStream:75 - [STDERR_REDIRECT] 
2025-07-22 20:42:56,145 [ERROR] LogOutputStream:75 - [STDERR_REDIRECT] [Fatal Error] :1:1: Premature end of file.
2025-07-22 20:42:56,145 [ERROR] LogOutputStream:75 - [STDERR_REDIRECT] 
2025-07-22 20:42:57,139 [ERROR] LogOutputStream:75 - [STDERR_REDIRECT] [Fatal Error] :1:1: Premature end of file.
2025-07-22 20:42:57,139 [ERROR] LogOutputStream:75 - [STDERR_REDIRECT] 
2025-07-22 20:42:58,141 [ERROR] LogOutputStream:75 - [STDERR_REDIRECT] [Fatal Error] :1:1: Premature end of file.
2025-07-22 20:42:58,141 [ERROR] LogOutputStream:75 - [STDERR_REDIRECT] 
2025-07-22 20:42:59,143 [ERROR] LogOutputStream:75 - [STDERR_REDIRECT] [Fatal Error] :1:1: Premature end of file.
2025-07-22 20:42:59,144 [ERROR] LogOutputStream:75 - [STDERR_REDIRECT] 
2025-07-22 20:43:00,145 [ERROR] LogOutputStream:75 - [STDERR_REDIRECT] [Fatal Error] :1:1: Premature end of file.
2025-07-22 20:43:00,146 [ERROR] LogOutputStream:75 - [STDERR_REDIRECT] 
2025-07-22 20:43:01,143 [ERROR] LogOutputStream:75 - [STDERR_REDIRECT] [Fatal Error] :1:1: Premature end of file.
2025-07-22 20:43:01,143 [ERROR] LogOutputStream:75 - [STDERR_REDIRECT] 
2025-07-22 20:43:02,142 [ERROR] LogOutputStream:75 - [STDERR_REDIRECT] [Fatal Error] :1:1: Premature end of file.
2025-07-22 20:43:02,142 [ERROR] LogOutputStream:75 - [STDERR_REDIRECT] 
2025-07-22 20:43:03,145 [ERROR] LogOutputStream:75 - [STDERR_REDIRECT] [Fatal Error] :1:1: Premature end of file.
2025-07-22 20:43:03,145 [ERROR] LogOutputStream:75 - [STDERR_REDIRECT] 
2025-07-22 20:43:04,145 [ERROR] LogOutputStream:75 - [STDERR_REDIRECT] [Fatal Error] :1:1: Premature end of file.
2025-07-22 20:43:04,145 [ERROR] LogOutputStream:75 - [STDERR_REDIRECT] 
2025-07-22 20:43:05,137 [ERROR] LogOutputStream:75 - [STDERR_REDIRECT] [Fatal Error] :1:1: Premature end of file.
2025-07-22 20:43:05,137 [ERROR] LogOutputStream:75 - [STDERR_REDIRECT] 
2025-07-22 20:43:06,142 [ERROR] LogOutputStream:75 - [STDERR_REDIRECT] [Fatal Error] :1:1: Premature end of file.
2025-07-22 20:43:06,142 [ERROR] LogOutputStream:75 - [STDERR_REDIRECT] 
2025-07-22 20:43:07,147 [ERROR] LogOutputStream:75 - [STDERR_REDIRECT] [Fatal Error] :1:1: Premature end of file.
2025-07-22 20:43:07,147 [ERROR] LogOutputStream:75 - [STDERR_REDIRECT] 
2025-07-22 20:43:08,138 [ERROR] LogOutputStream:75 - [STDERR_REDIRECT] [Fatal Error] :1:1: Premature end of file.
2025-07-22 20:43:08,138 [ERROR] LogOutputStream:75 - [STDERR_REDIRECT] 
2025-07-22 20:43:09,145 [ERROR] LogOutputStream:75 - [STDERR_REDIRECT] [Fatal Error] :1:1: Premature end of file.
2025-07-22 20:43:09,146 [ERROR] LogOutputStream:75 - [STDERR_REDIRECT] 
2025-07-22 20:43:10,145 [ERROR] LogOutputStream:75 - [STDERR_REDIRECT] [Fatal Error] :1:1: Premature end of file.
2025-07-22 20:43:10,145 [ERROR] LogOutputStream:75 - [STDERR_REDIRECT] 
2025-07-22 20:43:11,155 [ERROR] LogOutputStream:75 - [STDERR_REDIRECT] [Fatal Error] :1:1: Premature end of file.
2025-07-22 20:43:11,155 [ERROR] LogOutputStream:75 - [STDERR_REDIRECT] 
2025-07-22 20:43:12,139 [ERROR] LogOutputStream:75 - [STDERR_REDIRECT] [Fatal Error] :1:1: Premature end of file.
2025-07-22 20:43:12,139 [ERROR] LogOutputStream:75 - [STDERR_REDIRECT] 
2025-07-22 20:43:13,147 [ERROR] LogOutputStream:75 - [STDERR_REDIRECT] [Fatal Error] :1:1: Premature end of file.
2025-07-22 20:43:13,147 [ERROR] LogOutputStream:75 - [STDERR_REDIRECT] 
2025-07-22 20:43:14,145 [ERROR] LogOutputStream:75 - [STDERR_REDIRECT] [Fatal Error] :1:1: Premature end of file.
2025-07-22 20:43:14,145 [ERROR] LogOutputStream:75 - [STDERR_REDIRECT] 
2025-07-22 20:43:15,149 [ERROR] LogOutputStream:75 - [STDERR_REDIRECT] [Fatal Error] :1:1: Premature end of file.
2025-07-22 20:43:15,149 [ERROR] LogOutputStream:75 - [STDERR_REDIRECT] 
2025-07-22 20:43:16,140 [ERROR] LogOutputStream:75 - [STDERR_REDIRECT] [Fatal Error] :1:1: Premature end of file.
2025-07-22 20:43:16,140 [ERROR] LogOutputStream:75 - [STDERR_REDIRECT] 
2025-07-22 20:43:17,140 [ERROR] LogOutputStream:75 - [STDERR_REDIRECT] [Fatal Error] :1:1: Premature end of file.
2025-07-22 20:43:17,140 [ERROR] LogOutputStream:75 - [STDERR_REDIRECT] 
2025-07-22 20:43:18,141 [ERROR] LogOutputStream:75 - [STDERR_REDIRECT] [Fatal Error] :1:1: Premature end of file.
2025-07-22 20:43:18,142 [ERROR] LogOutputStream:75 - [STDERR_REDIRECT] 
2025-07-22 20:43:19,143 [ERROR] LogOutputStream:75 - [STDERR_REDIRECT] [Fatal Error] :1:1: Premature end of file.
2025-07-22 20:43:19,143 [ERROR] LogOutputStream:75 - [STDERR_REDIRECT] 
2025-07-22 20:43:20,140 [ERROR] LogOutputStream:75 - [STDERR_REDIRECT] [Fatal Error] :1:1: Premature end of file.
2025-07-22 20:43:20,140 [ERROR] LogOutputStream:75 - [STDERR_REDIRECT] 
2025-07-22 20:43:21,137 [ERROR] LogOutputStream:75 - [STDERR_REDIRECT] [Fatal Error] :1:1: Premature end of file.
2025-07-22 20:43:21,137 [ERROR] LogOutputStream:75 - [STDERR_REDIRECT] 
2025-07-22 20:43:22,135 [ERROR] LogOutputStream:75 - [STDERR_REDIRECT] [Fatal Error] :1:1: Premature end of file.
2025-07-22 20:43:22,135 [ERROR] LogOutputStream:75 - [STDERR_REDIRECT] 
2025-07-22 20:43:23,134 [ERROR] LogOutputStream:75 - [STDERR_REDIRECT] [Fatal Error] :1:1: Premature end of file.
2025-07-22 20:43:23,134 [ERROR] LogOutputStream:75 - [STDERR_REDIRECT] 
2025-07-22 20:43:24,140 [ERROR] LogOutputStream:75 - [STDERR_REDIRECT] [Fatal Error] :1:1: Premature end of file.
2025-07-22 20:43:24,140 [ERROR] LogOutputStream:75 - [STDERR_REDIRECT] 
2025-07-22 20:43:25,144 [ERROR] LogOutputStream:75 - [STDERR_REDIRECT] [Fatal Error] :1:1: Premature end of file.
2025-07-22 20:43:25,144 [ERROR] LogOutputStream:75 - [STDERR_REDIRECT] 
2025-07-22 20:43:26,142 [ERROR] LogOutputStream:75 - [STDERR_REDIRECT] [Fatal Error] :1:1: Premature end of file.
2025-07-22 20:43:26,143 [ERROR] LogOutputStream:75 - [STDERR_REDIRECT] 
2025-07-22 20:43:27,143 [ERROR] LogOutputStream:75 - [STDERR_REDIRECT] [Fatal Error] :1:1: Premature end of file.
2025-07-22 20:43:27,143 [ERROR] LogOutputStream:75 - [STDERR_REDIRECT] 
2025-07-22 20:43:28,142 [ERROR] LogOutputStream:75 - [STDERR_REDIRECT] [Fatal Error] :1:1: Premature end of file.
2025-07-22 20:43:28,142 [ERROR] LogOutputStream:75 - [STDERR_REDIRECT] 
2025-07-22 20:43:29,146 [ERROR] LogOutputStream:75 - [STDERR_REDIRECT] [Fatal Error] :1:1: Premature end of file.
2025-07-22 20:43:29,147 [ERROR] LogOutputStream:75 - [STDERR_REDIRECT] 
2025-07-22 20:43:30,144 [ERROR] LogOutputStream:75 - [STDERR_REDIRECT] [Fatal Error] :1:1: Premature end of file.
2025-07-22 20:43:30,145 [ERROR] LogOutputStream:75 - [STDERR_REDIRECT] 
2025-07-22 20:43:31,148 [ERROR] LogOutputStream:75 - [STDERR_REDIRECT] [Fatal Error] :1:1: Premature end of file.
2025-07-22 20:43:31,149 [ERROR] LogOutputStream:75 - [STDERR_REDIRECT] 
2025-07-22 20:43:32,133 [ERROR] LogOutputStream:75 - [STDERR_REDIRECT] [Fatal Error] :1:1: Premature end of file.
2025-07-22 20:43:32,133 [ERROR] LogOutputStream:75 - [STDERR_REDIRECT] 
2025-07-22 20:43:33,136 [ERROR] LogOutputStream:75 - [STDERR_REDIRECT] [Fatal Error] :1:1: Premature end of file.
2025-07-22 20:43:33,137 [ERROR] LogOutputStream:75 - [STDERR_REDIRECT] 
2025-07-22 20:43:34,145 [ERROR] LogOutputStream:75 - [STDERR_REDIRECT] [Fatal Error] :1:1: Premature end of file.
2025-07-22 20:43:34,145 [ERROR] LogOutputStream:75 - [STDERR_REDIRECT] 
2025-07-22 20:43:35,148 [ERROR] LogOutputStream:75 - [STDERR_REDIRECT] [Fatal Error] :1:1: Premature end of file.
2025-07-22 20:43:35,148 [ERROR] LogOutputStream:75 - [STDERR_REDIRECT] 
2025-07-22 20:43:36,143 [ERROR] LogOutputStream:75 - [STDERR_REDIRECT] [Fatal Error] :1:1: Premature end of file.
2025-07-22 20:43:36,143 [ERROR] LogOutputStream:75 - [STDERR_REDIRECT] 
2025-07-22 20:43:37,154 [ERROR] LogOutputStream:75 - [STDERR_REDIRECT] [Fatal Error] :1:1: Premature end of file.
2025-07-22 20:43:37,154 [ERROR] LogOutputStream:75 - [STDERR_REDIRECT] 
2025-07-22 20:43:38,130 [ERROR] LogOutputStream:75 - [STDERR_REDIRECT] [Fatal Error] :1:1: Premature end of file.
2025-07-22 20:43:38,130 [ERROR] LogOutputStream:75 - [STDERR_REDIRECT] 
2025-07-22 20:43:39,149 [ERROR] LogOutputStream:75 - [STDERR_REDIRECT] [Fatal Error] :1:1: Premature end of file.
2025-07-22 20:43:39,149 [ERROR] LogOutputStream:75 - [STDERR_REDIRECT] 
2025-07-22 20:43:40,144 [ERROR] LogOutputStream:75 - [STDERR_REDIRECT] [Fatal Error] :1:1: Premature end of file.
2025-07-22 20:43:40,144 [ERROR] LogOutputStream:75 - [STDERR_REDIRECT] 
2025-07-22 20:43:41,139 [ERROR] LogOutputStream:75 - [STDERR_REDIRECT] [Fatal Error] :1:1: Premature end of file.
2025-07-22 20:43:41,139 [ERROR] LogOutputStream:75 - [STDERR_REDIRECT] 
2025-07-22 20:43:42,143 [ERROR] LogOutputStream:75 - [STDERR_REDIRECT] [Fatal Error] :1:1: Premature end of file.
2025-07-22 20:43:42,144 [ERROR] LogOutputStream:75 - [STDERR_REDIRECT] 
2025-07-22 20:43:43,144 [ERROR] LogOutputStream:75 - [STDERR_REDIRECT] [Fatal Error] :1:1: Premature end of file.
2025-07-22 20:43:43,144 [ERROR] LogOutputStream:75 - [STDERR_REDIRECT] 
2025-07-22 20:43:44,198 [ERROR] LogOutputStream:75 - [STDERR_REDIRECT] [Fatal Error] :1:1: Premature end of file.
2025-07-22 20:43:44,199 [ERROR] LogOutputStream:75 - [STDERR_REDIRECT] 
2025-07-22 20:43:45,136 [ERROR] LogOutputStream:75 - [STDERR_REDIRECT] [Fatal Error] :1:1: Premature end of file.
2025-07-22 20:43:45,136 [ERROR] LogOutputStream:75 - [STDERR_REDIRECT] 
2025-07-22 20:43:46,138 [ERROR] LogOutputStream:75 - [STDERR_REDIRECT] [Fatal Error] :1:1: Premature end of file.
2025-07-22 20:43:46,138 [ERROR] LogOutputStream:75 - [STDERR_REDIRECT] 
2025-07-22 20:43:47,140 [ERROR] LogOutputStream:75 - [STDERR_REDIRECT] [Fatal Error] :1:1: Premature end of file.
2025-07-22 20:43:47,140 [ERROR] LogOutputStream:75 - [STDERR_REDIRECT] 
2025-07-22 20:43:48,143 [ERROR] LogOutputStream:75 - [STDERR_REDIRECT] [Fatal Error] :1:1: Premature end of file.
2025-07-22 20:43:48,143 [ERROR] LogOutputStream:75 - [STDERR_REDIRECT] 
2025-07-22 20:43:49,148 [ERROR] LogOutputStream:75 - [STDERR_REDIRECT] [Fatal Error] :1:1: Premature end of file.
2025-07-22 20:43:49,149 [ERROR] LogOutputStream:75 - [STDERR_REDIRECT] 
2025-07-22 20:43:50,144 [ERROR] LogOutputStream:75 - [STDERR_REDIRECT] [Fatal Error] :1:1: Premature end of file.
2025-07-22 20:43:50,144 [ERROR] LogOutputStream:75 - [STDERR_REDIRECT] 
2025-07-22 20:43:51,146 [ERROR] LogOutputStream:75 - [STDERR_REDIRECT] [Fatal Error] :1:1: Premature end of file.
2025-07-22 20:43:51,147 [ERROR] LogOutputStream:75 - [STDERR_REDIRECT] 
2025-07-22 20:43:52,145 [ERROR] LogOutputStream:75 - [STDERR_REDIRECT] [Fatal Error] :1:1: Premature end of file.
2025-07-22 20:43:52,145 [ERROR] LogOutputStream:75 - [STDERR_REDIRECT] 
2025-07-22 20:43:53,148 [ERROR] LogOutputStream:75 - [STDERR_REDIRECT] [Fatal Error] :1:1: Premature end of file.
2025-07-22 20:43:53,148 [ERROR] LogOutputStream:75 - [STDERR_REDIRECT] 
2025-07-22 20:43:54,144 [ERROR] LogOutputStream:75 - [STDERR_REDIRECT] [Fatal Error] :1:1: Premature end of file.
2025-07-22 20:43:54,145 [ERROR] LogOutputStream:75 - [STDERR_REDIRECT] 
2025-07-22 20:43:55,136 [ERROR] LogOutputStream:75 - [STDERR_REDIRECT] [Fatal Error] :1:1: Premature end of file.
2025-07-22 20:43:55,136 [ERROR] LogOutputStream:75 - [STDERR_REDIRECT] 
2025-07-22 20:43:56,134 [ERROR] LogOutputStream:75 - [STDERR_REDIRECT] [Fatal Error] :1:1: Premature end of file.
2025-07-22 20:43:56,134 [ERROR] LogOutputStream:75 - [STDERR_REDIRECT] 
2025-07-22 20:43:57,129 [ERROR] LogOutputStream:75 - [STDERR_REDIRECT] [Fatal Error] :1:1: Premature end of file.
2025-07-22 20:43:57,129 [ERROR] LogOutputStream:75 - [STDERR_REDIRECT] 
2025-07-22 20:43:58,130 [ERROR] LogOutputStream:75 - [STDERR_REDIRECT] [Fatal Error] :1:1: Premature end of file.
2025-07-22 20:43:58,130 [ERROR] LogOutputStream:75 - [STDERR_REDIRECT] 
2025-07-22 20:43:59,153 [ERROR] LogOutputStream:75 - [STDERR_REDIRECT] [Fatal Error] :1:1: Premature end of file.
2025-07-22 20:43:59,153 [ERROR] LogOutputStream:75 - [STDERR_REDIRECT] 
2025-07-22 20:44:00,144 [ERROR] LogOutputStream:75 - [STDERR_REDIRECT] [Fatal Error] :1:1: Premature end of file.
2025-07-22 20:44:00,144 [ERROR] LogOutputStream:75 - [STDERR_REDIRECT] 
2025-07-22 20:44:01,147 [ERROR] LogOutputStream:75 - [STDERR_REDIRECT] [Fatal Error] :1:1: Premature end of file.
2025-07-22 20:44:01,147 [ERROR] LogOutputStream:75 - [STDERR_REDIRECT] 
2025-07-22 20:44:02,146 [ERROR] LogOutputStream:75 - [STDERR_REDIRECT] [Fatal Error] :1:1: Premature end of file.
2025-07-22 20:44:02,147 [ERROR] LogOutputStream:75 - [STDERR_REDIRECT] 
2025-07-22 20:44:03,146 [ERROR] LogOutputStream:75 - [STDERR_REDIRECT] [Fatal Error] :1:1: Premature end of file.
2025-07-22 20:44:03,151 [ERROR] LogOutputStream:75 - [STDERR_REDIRECT] 
2025-07-22 20:44:04,142 [ERROR] LogOutputStream:75 - [STDERR_REDIRECT] [Fatal Error] :1:1: Premature end of file.
2025-07-22 20:44:04,143 [ERROR] LogOutputStream:75 - [STDERR_REDIRECT] 
2025-07-22 20:44:05,145 [ERROR] LogOutputStream:75 - [STDERR_REDIRECT] [Fatal Error] :1:1: Premature end of file.
2025-07-22 20:44:05,145 [ERROR] LogOutputStream:75 - [STDERR_REDIRECT] 
2025-07-22 20:44:06,150 [ERROR] LogOutputStream:75 - [STDERR_REDIRECT] [Fatal Error] :1:1: Premature end of file.
2025-07-22 20:44:06,150 [ERROR] LogOutputStream:75 - [STDERR_REDIRECT] 
2025-07-22 20:44:07,147 [ERROR] LogOutputStream:75 - [STDERR_REDIRECT] [Fatal Error] :1:1: Premature end of file.
2025-07-22 20:44:07,147 [ERROR] LogOutputStream:75 - [STDERR_REDIRECT] 
2025-07-22 20:44:08,142 [ERROR] LogOutputStream:75 - [STDERR_REDIRECT] [Fatal Error] :1:1: Premature end of file.
2025-07-22 20:44:08,142 [ERROR] LogOutputStream:75 - [STDERR_REDIRECT] 
2025-07-22 20:44:09,144 [ERROR] LogOutputStream:75 - [STDERR_REDIRECT] [Fatal Error] :1:1: Premature end of file.
2025-07-22 20:44:09,144 [ERROR] LogOutputStream:75 - [STDERR_REDIRECT] 
2025-07-22 20:44:10,195 [ERROR] LogOutputStream:75 - [STDERR_REDIRECT] [Fatal Error] :1:1: Premature end of file.
2025-07-22 20:44:10,195 [ERROR] LogOutputStream:75 - [STDERR_REDIRECT] 
2025-07-22 20:44:11,148 [ERROR] LogOutputStream:75 - [STDERR_REDIRECT] [Fatal Error] :1:1: Premature end of file.
2025-07-22 20:44:11,150 [ERROR] LogOutputStream:75 - [STDERR_REDIRECT] 
2025-07-22 20:44:12,143 [ERROR] LogOutputStream:75 - [STDERR_REDIRECT] [Fatal Error] :1:1: Premature end of file.
2025-07-22 20:44:12,144 [ERROR] LogOutputStream:75 - [STDERR_REDIRECT] 
2025-07-22 20:44:13,147 [ERROR] LogOutputStream:75 - [STDERR_REDIRECT] [Fatal Error] :1:1: Premature end of file.
2025-07-22 20:44:13,147 [ERROR] LogOutputStream:75 - [STDERR_REDIRECT] 
2025-07-22 20:44:14,147 [ERROR] LogOutputStream:75 - [STDERR_REDIRECT] [Fatal Error] :1:1: Premature end of file.
2025-07-22 20:44:14,148 [ERROR] LogOutputStream:75 - [STDERR_REDIRECT] 
2025-07-22 20:44:15,143 [ERROR] LogOutputStream:75 - [STDERR_REDIRECT] [Fatal Error] :1:1: Premature end of file.
2025-07-22 20:44:15,144 [ERROR] LogOutputStream:75 - [STDERR_REDIRECT] 
2025-07-22 20:44:16,144 [ERROR] LogOutputStream:75 - [STDERR_REDIRECT] [Fatal Error] :1:1: Premature end of file.
2025-07-22 20:44:16,144 [ERROR] LogOutputStream:75 - [STDERR_REDIRECT] 
2025-07-22 20:44:17,144 [ERROR] LogOutputStream:75 - [STDERR_REDIRECT] [Fatal Error] :1:1: Premature end of file.
2025-07-22 20:44:17,144 [ERROR] LogOutputStream:75 - [STDERR_REDIRECT] 
2025-07-22 20:44:18,144 [ERROR] LogOutputStream:75 - [STDERR_REDIRECT] [Fatal Error] :1:1: Premature end of file.
2025-07-22 20:44:18,144 [ERROR] LogOutputStream:75 - [STDERR_REDIRECT] 
2025-07-22 20:44:19,143 [ERROR] LogOutputStream:75 - [STDERR_REDIRECT] [Fatal Error] :1:1: Premature end of file.
2025-07-22 20:44:19,143 [ERROR] LogOutputStream:75 - [STDERR_REDIRECT] 
2025-07-22 20:44:20,143 [ERROR] LogOutputStream:75 - [STDERR_REDIRECT] [Fatal Error] :1:1: Premature end of file.
2025-07-22 20:44:20,143 [ERROR] LogOutputStream:75 - [STDERR_REDIRECT] 
2025-07-22 20:44:21,148 [ERROR] LogOutputStream:75 - [STDERR_REDIRECT] [Fatal Error] :1:1: Premature end of file.
2025-07-22 20:44:21,148 [ERROR] LogOutputStream:75 - [STDERR_REDIRECT] 
2025-07-22 20:44:22,143 [ERROR] LogOutputStream:75 - [STDERR_REDIRECT] [Fatal Error] :1:1: Premature end of file.
2025-07-22 20:44:22,143 [ERROR] LogOutputStream:75 - [STDERR_REDIRECT] 
2025-07-22 20:44:23,149 [ERROR] LogOutputStream:75 - [STDERR_REDIRECT] [Fatal Error] :1:1: Premature end of file.
2025-07-22 20:44:23,149 [ERROR] LogOutputStream:75 - [STDERR_REDIRECT] 
2025-07-22 20:44:24,145 [ERROR] LogOutputStream:75 - [STDERR_REDIRECT] [Fatal Error] :1:1: Premature end of file.
2025-07-22 20:44:24,145 [ERROR] LogOutputStream:75 - [STDERR_REDIRECT] 
2025-07-22 20:44:25,145 [ERROR] LogOutputStream:75 - [STDERR_REDIRECT] [Fatal Error] :1:1: Premature end of file.
2025-07-22 20:44:25,145 [ERROR] LogOutputStream:75 - [STDERR_REDIRECT] 
2025-07-22 20:44:26,146 [ERROR] LogOutputStream:75 - [STDERR_REDIRECT] [Fatal Error] :1:1: Premature end of file.
2025-07-22 20:44:26,146 [ERROR] LogOutputStream:75 - [STDERR_REDIRECT] 
2025-07-22 20:44:27,144 [ERROR] LogOutputStream:75 - [STDERR_REDIRECT] [Fatal Error] :1:1: Premature end of file.
2025-07-22 20:44:27,144 [ERROR] LogOutputStream:75 - [STDERR_REDIRECT] 
2025-07-22 20:44:28,145 [ERROR] LogOutputStream:75 - [STDERR_REDIRECT] [Fatal Error] :1:1: Premature end of file.
2025-07-22 20:44:28,145 [ERROR] LogOutputStream:75 - [STDERR_REDIRECT] 
2025-07-22 20:44:29,158 [ERROR] LogOutputStream:75 - [STDERR_REDIRECT] [Fatal Error] :1:1: Premature end of file.
2025-07-22 20:44:29,158 [ERROR] LogOutputStream:75 - [STDERR_REDIRECT] 
2025-07-22 20:44:30,147 [ERROR] LogOutputStream:75 - [STDERR_REDIRECT] [Fatal Error] :1:1: Premature end of file.
2025-07-22 20:44:30,147 [ERROR] LogOutputStream:75 - [STDERR_REDIRECT] 
2025-07-22 20:44:31,144 [ERROR] LogOutputStream:75 - [STDERR_REDIRECT] [Fatal Error] :1:1: Premature end of file.
2025-07-22 20:44:31,144 [ERROR] LogOutputStream:75 - [STDERR_REDIRECT] 
2025-07-22 20:44:32,140 [ERROR] LogOutputStream:75 - [STDERR_REDIRECT] [Fatal Error] :1:1: Premature end of file.
2025-07-22 20:44:32,140 [ERROR] LogOutputStream:75 - [STDERR_REDIRECT] 
2025-07-22 20:44:33,144 [ERROR] LogOutputStream:75 - [STDERR_REDIRECT] [Fatal Error] :1:1: Premature end of file.
2025-07-22 20:44:33,144 [ERROR] LogOutputStream:75 - [STDERR_REDIRECT] 
2025-07-22 20:44:34,146 [ERROR] LogOutputStream:75 - [STDERR_REDIRECT] [Fatal Error] :1:1: Premature end of file.
2025-07-22 20:44:34,146 [ERROR] LogOutputStream:75 - [STDERR_REDIRECT] 
2025-07-22 20:44:35,138 [ERROR] LogOutputStream:75 - [STDERR_REDIRECT] [Fatal Error] :1:1: Premature end of file.
2025-07-22 20:44:35,138 [ERROR] LogOutputStream:75 - [STDERR_REDIRECT] 
2025-07-22 20:44:36,149 [ERROR] LogOutputStream:75 - [STDERR_REDIRECT] [Fatal Error] :1:1: Premature end of file.
2025-07-22 20:44:36,149 [ERROR] LogOutputStream:75 - [STDERR_REDIRECT] 
2025-07-22 20:44:37,148 [ERROR] LogOutputStream:75 - [STDERR_REDIRECT] [Fatal Error] :1:1: Premature end of file.
2025-07-22 20:44:37,148 [ERROR] LogOutputStream:75 - [STDERR_REDIRECT] 
2025-07-22 20:44:38,146 [ERROR] LogOutputStream:75 - [STDERR_REDIRECT] [Fatal Error] :1:1: Premature end of file.
2025-07-22 20:44:38,146 [ERROR] LogOutputStream:75 - [STDERR_REDIRECT] 
2025-07-22 20:44:39,152 [ERROR] LogOutputStream:75 - [STDERR_REDIRECT] [Fatal Error] :1:1: Premature end of file.
2025-07-22 20:44:39,152 [ERROR] LogOutputStream:75 - [STDERR_REDIRECT] 
2025-07-22 20:44:40,132 [ERROR] LogOutputStream:75 - [STDERR_REDIRECT] [Fatal Error] :1:1: Premature end of file.
2025-07-22 20:44:40,132 [ERROR] LogOutputStream:75 - [STDERR_REDIRECT] 
2025-07-22 20:44:41,140 [ERROR] LogOutputStream:75 - [STDERR_REDIRECT] [Fatal Error] :1:1: Premature end of file.
2025-07-22 20:44:41,140 [ERROR] LogOutputStream:75 - [STDERR_REDIRECT] 
2025-07-22 20:44:42,139 [ERROR] LogOutputStream:75 - [STDERR_REDIRECT] [Fatal Error] :1:1: Premature end of file.
2025-07-22 20:44:42,139 [ERROR] LogOutputStream:75 - [STDERR_REDIRECT] 
2025-07-22 20:44:43,136 [ERROR] LogOutputStream:75 - [STDERR_REDIRECT] [Fatal Error] :1:1: Premature end of file.
2025-07-22 20:44:43,137 [ERROR] LogOutputStream:75 - [STDERR_REDIRECT] 
2025-07-22 20:44:44,140 [ERROR] LogOutputStream:75 - [STDERR_REDIRECT] [Fatal Error] :1:1: Premature end of file.
2025-07-22 20:44:44,141 [ERROR] LogOutputStream:75 - [STDERR_REDIRECT] 
2025-07-22 20:44:45,142 [ERROR] LogOutputStream:75 - [STDERR_REDIRECT] [Fatal Error] :1:1: Premature end of file.
2025-07-22 20:44:45,142 [ERROR] LogOutputStream:75 - [STDERR_REDIRECT] 
2025-07-22 20:44:46,140 [ERROR] LogOutputStream:75 - [STDERR_REDIRECT] [Fatal Error] :1:1: Premature end of file.
2025-07-22 20:44:46,140 [ERROR] LogOutputStream:75 - [STDERR_REDIRECT] 
2025-07-22 20:44:47,133 [ERROR] LogOutputStream:75 - [STDERR_REDIRECT] [Fatal Error] :1:1: Premature end of file.
2025-07-22 20:44:47,133 [ERROR] LogOutputStream:75 - [STDERR_REDIRECT] 
2025-07-22 20:44:48,148 [ERROR] LogOutputStream:75 - [STDERR_REDIRECT] [Fatal Error] :1:1: Premature end of file.
2025-07-22 20:44:48,148 [ERROR] LogOutputStream:75 - [STDERR_REDIRECT] 
2025-07-22 20:44:49,147 [ERROR] LogOutputStream:75 - [STDERR_REDIRECT] [Fatal Error] :1:1: Premature end of file.
2025-07-22 20:44:49,147 [ERROR] LogOutputStream:75 - [STDERR_REDIRECT] 
2025-07-22 20:44:50,131 [ERROR] LogOutputStream:75 - [STDERR_REDIRECT] [Fatal Error] :1:1: Premature end of file.
2025-07-22 20:44:50,131 [ERROR] LogOutputStream:75 - [STDERR_REDIRECT] 
2025-07-22 20:44:51,137 [ERROR] LogOutputStream:75 - [STDERR_REDIRECT] [Fatal Error] :1:1: Premature end of file.
2025-07-22 20:44:51,138 [ERROR] LogOutputStream:75 - [STDERR_REDIRECT] 
2025-07-22 20:44:52,137 [ERROR] LogOutputStream:75 - [STDERR_REDIRECT] [Fatal Error] :1:1: Premature end of file.
2025-07-22 20:44:52,138 [ERROR] LogOutputStream:75 - [STDERR_REDIRECT] 
2025-07-22 20:44:53,141 [ERROR] LogOutputStream:75 - [STDERR_REDIRECT] [Fatal Error] :1:1: Premature end of file.
2025-07-22 20:44:53,141 [ERROR] LogOutputStream:75 - [STDERR_REDIRECT] 
2025-07-22 20:44:54,139 [ERROR] LogOutputStream:75 - [STDERR_REDIRECT] [Fatal Error] :1:1: Premature end of file.
2025-07-22 20:44:54,139 [ERROR] LogOutputStream:75 - [STDERR_REDIRECT] 
2025-07-22 20:44:55,146 [ERROR] LogOutputStream:75 - [STDERR_REDIRECT] [Fatal Error] :1:1: Premature end of file.
2025-07-22 20:44:55,146 [ERROR] LogOutputStream:75 - [STDERR_REDIRECT] 
2025-07-22 20:44:56,147 [ERROR] LogOutputStream:75 - [STDERR_REDIRECT] [Fatal Error] :1:1: Premature end of file.
2025-07-22 20:44:56,147 [ERROR] LogOutputStream:75 - [STDERR_REDIRECT] 
2025-07-22 20:44:57,146 [ERROR] LogOutputStream:75 - [STDERR_REDIRECT] [Fatal Error] :1:1: Premature end of file.
2025-07-22 20:44:57,146 [ERROR] LogOutputStream:75 - [STDERR_REDIRECT] 
2025-07-22 20:44:58,138 [ERROR] LogOutputStream:75 - [STDERR_REDIRECT] [Fatal Error] :1:1: Premature end of file.
2025-07-22 20:44:58,138 [ERROR] LogOutputStream:75 - [STDERR_REDIRECT] 
2025-07-22 20:44:59,138 [ERROR] LogOutputStream:75 - [STDERR_REDIRECT] [Fatal Error] :1:1: Premature end of file.
2025-07-22 20:44:59,138 [ERROR] LogOutputStream:75 - [STDERR_REDIRECT] 
2025-07-22 20:45:00,144 [ERROR] LogOutputStream:75 - [STDERR_REDIRECT] [Fatal Error] :1:1: Premature end of file.
2025-07-22 20:45:00,144 [ERROR] LogOutputStream:75 - [STDERR_REDIRECT] 
2025-07-22 20:45:01,131 [ERROR] LogOutputStream:75 - [STDERR_REDIRECT] [Fatal Error] :1:1: Premature end of file.
2025-07-22 20:45:01,131 [ERROR] LogOutputStream:75 - [STDERR_REDIRECT] 
2025-07-22 20:45:02,138 [ERROR] LogOutputStream:75 - [STDERR_REDIRECT] [Fatal Error] :1:1: Premature end of file.
2025-07-22 20:45:02,138 [ERROR] LogOutputStream:75 - [STDERR_REDIRECT] 
2025-07-22 20:45:03,137 [ERROR] LogOutputStream:75 - [STDERR_REDIRECT] [Fatal Error] :1:1: Premature end of file.
2025-07-22 20:45:03,137 [ERROR] LogOutputStream:75 - [STDERR_REDIRECT] 
2025-07-22 20:45:04,139 [ERROR] LogOutputStream:75 - [STDERR_REDIRECT] [Fatal Error] :1:1: Premature end of file.
2025-07-22 20:45:04,140 [ERROR] LogOutputStream:75 - [STDERR_REDIRECT] 
2025-07-22 20:45:05,146 [ERROR] LogOutputStream:75 - [STDERR_REDIRECT] [Fatal Error] :1:1: Premature end of file.
2025-07-22 20:45:05,146 [ERROR] LogOutputStream:75 - [STDERR_REDIRECT] 
2025-07-22 20:45:06,142 [ERROR] LogOutputStream:75 - [STDERR_REDIRECT] [Fatal Error] :1:1: Premature end of file.
2025-07-22 20:45:06,142 [ERROR] LogOutputStream:75 - [STDERR_REDIRECT] 
2025-07-22 20:45:07,148 [ERROR] LogOutputStream:75 - [STDERR_REDIRECT] [Fatal Error] :1:1: Premature end of file.
2025-07-22 20:45:07,148 [ERROR] LogOutputStream:75 - [STDERR_REDIRECT] 
2025-07-22 20:45:08,142 [ERROR] LogOutputStream:75 - [STDERR_REDIRECT] [Fatal Error] :1:1: Premature end of file.
2025-07-22 20:45:08,143 [ERROR] LogOutputStream:75 - [STDERR_REDIRECT] 
2025-07-22 20:45:09,142 [ERROR] LogOutputStream:75 - [STDERR_REDIRECT] [Fatal Error] :1:1: Premature end of file.
2025-07-22 20:45:09,143 [ERROR] LogOutputStream:75 - [STDERR_REDIRECT] 
2025-07-22 20:45:10,144 [ERROR] LogOutputStream:75 - [STDERR_REDIRECT] [Fatal Error] :1:1: Premature end of file.
2025-07-22 20:45:10,144 [ERROR] LogOutputStream:75 - [STDERR_REDIRECT] 
2025-07-22 20:45:11,137 [ERROR] LogOutputStream:75 - [STDERR_REDIRECT] [Fatal Error] :1:1: Premature end of file.
2025-07-22 20:45:11,138 [ERROR] LogOutputStream:75 - [STDERR_REDIRECT] 
2025-07-22 20:45:12,135 [ERROR] LogOutputStream:75 - [STDERR_REDIRECT] [Fatal Error] :1:1: Premature end of file.
2025-07-22 20:45:12,135 [ERROR] LogOutputStream:75 - [STDERR_REDIRECT] 
2025-07-22 20:45:13,141 [ERROR] LogOutputStream:75 - [STDERR_REDIRECT] [Fatal Error] :1:1: Premature end of file.
2025-07-22 20:45:13,141 [ERROR] LogOutputStream:75 - [STDERR_REDIRECT] 
2025-07-22 20:45:14,135 [ERROR] LogOutputStream:75 - [STDERR_REDIRECT] [Fatal Error] :1:1: Premature end of file.
2025-07-22 20:45:14,135 [ERROR] LogOutputStream:75 - [STDERR_REDIRECT] 
2025-07-22 20:45:15,141 [ERROR] LogOutputStream:75 - [STDERR_REDIRECT] [Fatal Error] :1:1: Premature end of file.
2025-07-22 20:45:15,141 [ERROR] LogOutputStream:75 - [STDERR_REDIRECT] 
2025-07-22 20:45:16,140 [ERROR] LogOutputStream:75 - [STDERR_REDIRECT] [Fatal Error] :1:1: Premature end of file.
2025-07-22 20:45:16,140 [ERROR] LogOutputStream:75 - [STDERR_REDIRECT] 
2025-07-22 20:45:17,139 [ERROR] LogOutputStream:75 - [STDERR_REDIRECT] [Fatal Error] :1:1: Premature end of file.
2025-07-22 20:45:17,139 [ERROR] LogOutputStream:75 - [STDERR_REDIRECT] 
2025-07-22 20:45:18,144 [ERROR] LogOutputStream:75 - [STDERR_REDIRECT] [Fatal Error] :1:1: Premature end of file.
2025-07-22 20:45:18,144 [ERROR] LogOutputStream:75 - [STDERR_REDIRECT] 
2025-07-22 20:45:19,140 [ERROR] LogOutputStream:75 - [STDERR_REDIRECT] [Fatal Error] :1:1: Premature end of file.
2025-07-22 20:45:19,141 [ERROR] LogOutputStream:75 - [STDERR_REDIRECT] 
2025-07-22 20:45:20,144 [ERROR] LogOutputStream:75 - [STDERR_REDIRECT] [Fatal Error] :1:1: Premature end of file.
2025-07-22 20:45:20,144 [ERROR] LogOutputStream:75 - [STDERR_REDIRECT] 
2025-07-22 20:45:21,144 [ERROR] LogOutputStream:75 - [STDERR_REDIRECT] [Fatal Error] :1:1: Premature end of file.
2025-07-22 20:45:21,144 [ERROR] LogOutputStream:75 - [STDERR_REDIRECT] 
2025-07-22 20:45:22,148 [ERROR] LogOutputStream:75 - [STDERR_REDIRECT] [Fatal Error] :1:1: Premature end of file.
2025-07-22 20:45:22,148 [ERROR] LogOutputStream:75 - [STDERR_REDIRECT] 
2025-07-22 20:45:23,139 [ERROR] LogOutputStream:75 - [STDERR_REDIRECT] [Fatal Error] :1:1: Premature end of file.
2025-07-22 20:45:23,139 [ERROR] LogOutputStream:75 - [STDERR_REDIRECT] 
2025-07-22 20:45:24,146 [ERROR] LogOutputStream:75 - [STDERR_REDIRECT] [Fatal Error] :1:1: Premature end of file.
2025-07-22 20:45:24,146 [ERROR] LogOutputStream:75 - [STDERR_REDIRECT] 
2025-07-22 20:45:25,140 [ERROR] LogOutputStream:75 - [STDERR_REDIRECT] [Fatal Error] :1:1: Premature end of file.
2025-07-22 20:45:25,140 [ERROR] LogOutputStream:75 - [STDERR_REDIRECT] 
2025-07-22 20:45:26,143 [ERROR] LogOutputStream:75 - [STDERR_REDIRECT] [Fatal Error] :1:1: Premature end of file.
2025-07-22 20:45:26,144 [ERROR] LogOutputStream:75 - [STDERR_REDIRECT] 
2025-07-22 20:45:27,142 [ERROR] LogOutputStream:75 - [STDERR_REDIRECT] [Fatal Error] :1:1: Premature end of file.
2025-07-22 20:45:27,142 [ERROR] LogOutputStream:75 - [STDERR_REDIRECT] 
2025-07-22 20:45:28,144 [ERROR] LogOutputStream:75 - [STDERR_REDIRECT] [Fatal Error] :1:1: Premature end of file.
2025-07-22 20:45:28,144 [ERROR] LogOutputStream:75 - [STDERR_REDIRECT] 
2025-07-22 20:45:29,142 [ERROR] LogOutputStream:75 - [STDERR_REDIRECT] [Fatal Error] :1:1: Premature end of file.
2025-07-22 20:45:29,142 [ERROR] LogOutputStream:75 - [STDERR_REDIRECT] 
2025-07-22 20:45:30,145 [ERROR] LogOutputStream:75 - [STDERR_REDIRECT] [Fatal Error] :1:1: Premature end of file.
2025-07-22 20:45:30,146 [ERROR] LogOutputStream:75 - [STDERR_REDIRECT] 
2025-07-22 20:45:31,142 [ERROR] LogOutputStream:75 - [STDERR_REDIRECT] [Fatal Error] :1:1: Premature end of file.
2025-07-22 20:45:31,142 [ERROR] LogOutputStream:75 - [STDERR_REDIRECT] 
2025-07-22 20:45:32,143 [ERROR] LogOutputStream:75 - [STDERR_REDIRECT] [Fatal Error] :1:1: Premature end of file.
2025-07-22 20:45:32,143 [ERROR] LogOutputStream:75 - [STDERR_REDIRECT] 
2025-07-22 20:45:33,140 [ERROR] LogOutputStream:75 - [STDERR_REDIRECT] [Fatal Error] :1:1: Premature end of file.
2025-07-22 20:45:33,140 [ERROR] LogOutputStream:75 - [STDERR_REDIRECT] 
2025-07-22 20:45:34,145 [ERROR] LogOutputStream:75 - [STDERR_REDIRECT] [Fatal Error] :1:1: Premature end of file.
2025-07-22 20:45:34,145 [ERROR] LogOutputStream:75 - [STDERR_REDIRECT] 
2025-07-22 20:45:35,184 [ERROR] LogOutputStream:75 - [STDERR_REDIRECT] [Fatal Error] :1:1: Premature end of file.
2025-07-22 20:45:35,185 [ERROR] LogOutputStream:75 - [STDERR_REDIRECT] 
2025-07-22 20:45:36,147 [ERROR] LogOutputStream:75 - [STDERR_REDIRECT] [Fatal Error] :1:1: Premature end of file.
2025-07-22 20:45:36,147 [ERROR] LogOutputStream:75 - [STDERR_REDIRECT] 
2025-07-22 20:45:37,144 [ERROR] LogOutputStream:75 - [STDERR_REDIRECT] [Fatal Error] :1:1: Premature end of file.
2025-07-22 20:45:37,144 [ERROR] LogOutputStream:75 - [STDERR_REDIRECT] 
2025-07-22 20:45:38,146 [ERROR] LogOutputStream:75 - [STDERR_REDIRECT] [Fatal Error] :1:1: Premature end of file.
2025-07-22 20:45:38,148 [ERROR] LogOutputStream:75 - [STDERR_REDIRECT] 
2025-07-22 20:45:39,145 [ERROR] LogOutputStream:75 - [STDERR_REDIRECT] [Fatal Error] :1:1: Premature end of file.
2025-07-22 20:45:39,145 [ERROR] LogOutputStream:75 - [STDERR_REDIRECT] 
2025-07-22 20:45:40,141 [ERROR] LogOutputStream:75 - [STDERR_REDIRECT] [Fatal Error] :1:1: Premature end of file.
2025-07-22 20:45:40,141 [ERROR] LogOutputStream:75 - [STDERR_REDIRECT] 
2025-07-22 20:45:41,143 [ERROR] LogOutputStream:75 - [STDERR_REDIRECT] [Fatal Error] :1:1: Premature end of file.
2025-07-22 20:45:41,143 [ERROR] LogOutputStream:75 - [STDERR_REDIRECT] 
2025-07-22 20:45:42,146 [ERROR] LogOutputStream:75 - [STDERR_REDIRECT] [Fatal Error] :1:1: Premature end of file.
2025-07-22 20:45:42,146 [ERROR] LogOutputStream:75 - [STDERR_REDIRECT] 
2025-07-22 20:45:43,141 [ERROR] LogOutputStream:75 - [STDERR_REDIRECT] [Fatal Error] :1:1: Premature end of file.
2025-07-22 20:45:43,141 [ERROR] LogOutputStream:75 - [STDERR_REDIRECT] 
2025-07-22 20:45:44,139 [ERROR] LogOutputStream:75 - [STDERR_REDIRECT] [Fatal Error] :1:1: Premature end of file.
2025-07-22 20:45:44,139 [ERROR] LogOutputStream:75 - [STDERR_REDIRECT] 
2025-07-22 20:45:45,144 [ERROR] LogOutputStream:75 - [STDERR_REDIRECT] [Fatal Error] :1:1: Premature end of file.
2025-07-22 20:45:45,144 [ERROR] LogOutputStream:75 - [STDERR_REDIRECT] 
2025-07-22 20:45:46,135 [ERROR] LogOutputStream:75 - [STDERR_REDIRECT] [Fatal Error] :1:1: Premature end of file.
2025-07-22 20:45:46,136 [ERROR] LogOutputStream:75 - [STDERR_REDIRECT] 
2025-07-22 20:45:47,134 [ERROR] LogOutputStream:75 - [STDERR_REDIRECT] [Fatal Error] :1:1: Premature end of file.
2025-07-22 20:45:47,134 [ERROR] LogOutputStream:75 - [STDERR_REDIRECT] 
2025-07-22 20:45:48,144 [ERROR] LogOutputStream:75 - [STDERR_REDIRECT] [Fatal Error] :1:1: Premature end of file.
2025-07-22 20:45:48,144 [ERROR] LogOutputStream:75 - [STDERR_REDIRECT] 
2025-07-22 20:45:49,140 [ERROR] LogOutputStream:75 - [STDERR_REDIRECT] [Fatal Error] :1:1: Premature end of file.
2025-07-22 20:45:49,142 [ERROR] LogOutputStream:75 - [STDERR_REDIRECT] 
2025-07-22 20:45:50,136 [ERROR] LogOutputStream:75 - [STDERR_REDIRECT] [Fatal Error] :1:1: Premature end of file.
2025-07-22 20:45:50,137 [ERROR] LogOutputStream:75 - [STDERR_REDIRECT] 
2025-07-22 20:45:51,142 [ERROR] LogOutputStream:75 - [STDERR_REDIRECT] [Fatal Error] :1:1: Premature end of file.
2025-07-22 20:45:51,142 [ERROR] LogOutputStream:75 - [STDERR_REDIRECT] 
2025-07-22 20:45:52,139 [ERROR] LogOutputStream:75 - [STDERR_REDIRECT] [Fatal Error] :1:1: Premature end of file.
2025-07-22 20:45:52,139 [ERROR] LogOutputStream:75 - [STDERR_REDIRECT] 
2025-07-22 20:45:53,143 [ERROR] LogOutputStream:75 - [STDERR_REDIRECT] [Fatal Error] :1:1: Premature end of file.
2025-07-22 20:45:53,143 [ERROR] LogOutputStream:75 - [STDERR_REDIRECT] 
2025-07-22 20:45:54,151 [ERROR] LogOutputStream:75 - [STDERR_REDIRECT] [Fatal Error] :1:1: Premature end of file.
2025-07-22 20:45:54,151 [ERROR] LogOutputStream:75 - [STDERR_REDIRECT] 
2025-07-22 20:45:55,143 [ERROR] LogOutputStream:75 - [STDERR_REDIRECT] [Fatal Error] :1:1: Premature end of file.
2025-07-22 20:45:55,143 [ERROR] LogOutputStream:75 - [STDERR_REDIRECT] 
2025-07-22 20:45:56,139 [ERROR] LogOutputStream:75 - [STDERR_REDIRECT] [Fatal Error] :1:1: Premature end of file.
2025-07-22 20:45:56,140 [ERROR] LogOutputStream:75 - [STDERR_REDIRECT] 
2025-07-22 20:45:57,144 [ERROR] LogOutputStream:75 - [STDERR_REDIRECT] [Fatal Error] :1:1: Premature end of file.
2025-07-22 20:45:57,144 [ERROR] LogOutputStream:75 - [STDERR_REDIRECT] 
2025-07-22 20:45:58,142 [ERROR] LogOutputStream:75 - [STDERR_REDIRECT] [Fatal Error] :1:1: Premature end of file.
2025-07-22 20:45:58,142 [ERROR] LogOutputStream:75 - [STDERR_REDIRECT] 
2025-07-22 20:45:59,136 [ERROR] LogOutputStream:75 - [STDERR_REDIRECT] [Fatal Error] :1:1: Premature end of file.
2025-07-22 20:45:59,136 [ERROR] LogOutputStream:75 - [STDERR_REDIRECT] 
2025-07-22 20:46:00,142 [ERROR] LogOutputStream:75 - [STDERR_REDIRECT] [Fatal Error] :1:1: Premature end of file.
2025-07-22 20:46:00,142 [ERROR] LogOutputStream:75 - [STDERR_REDIRECT] 
2025-07-22 20:46:01,136 [ERROR] LogOutputStream:75 - [STDERR_REDIRECT] [Fatal Error] :1:1: Premature end of file.
2025-07-22 20:46:01,136 [ERROR] LogOutputStream:75 - [STDERR_REDIRECT] 
2025-07-22 20:46:02,143 [ERROR] LogOutputStream:75 - [STDERR_REDIRECT] [Fatal Error] :1:1: Premature end of file.
2025-07-22 20:46:02,143 [ERROR] LogOutputStream:75 - [STDERR_REDIRECT] 
2025-07-22 20:46:03,143 [ERROR] LogOutputStream:75 - [STDERR_REDIRECT] [Fatal Error] :1:1: Premature end of file.
2025-07-22 20:46:03,143 [ERROR] LogOutputStream:75 - [STDERR_REDIRECT] 
2025-07-22 20:46:04,141 [ERROR] LogOutputStream:75 - [STDERR_REDIRECT] [Fatal Error] :1:1: Premature end of file.
2025-07-22 20:46:04,141 [ERROR] LogOutputStream:75 - [STDERR_REDIRECT] 
2025-07-22 20:46:05,147 [ERROR] LogOutputStream:75 - [STDERR_REDIRECT] [Fatal Error] :1:1: Premature end of file.
2025-07-22 20:46:05,147 [ERROR] LogOutputStream:75 - [STDERR_REDIRECT] 
2025-07-22 20:46:06,143 [ERROR] LogOutputStream:75 - [STDERR_REDIRECT] [Fatal Error] :1:1: Premature end of file.
2025-07-22 20:46:06,143 [ERROR] LogOutputStream:75 - [STDERR_REDIRECT] 
2025-07-22 20:46:07,133 [ERROR] LogOutputStream:75 - [STDERR_REDIRECT] [Fatal Error] :1:1: Premature end of file.
2025-07-22 20:46:07,134 [ERROR] LogOutputStream:75 - [STDERR_REDIRECT] 
2025-07-22 20:46:08,140 [ERROR] LogOutputStream:75 - [STDERR_REDIRECT] [Fatal Error] :1:1: Premature end of file.
2025-07-22 20:46:08,141 [ERROR] LogOutputStream:75 - [STDERR_REDIRECT] 
2025-07-22 20:46:09,134 [ERROR] LogOutputStream:75 - [STDERR_REDIRECT] [Fatal Error] :1:1: Premature end of file.
2025-07-22 20:46:09,134 [ERROR] LogOutputStream:75 - [STDERR_REDIRECT] 
2025-07-22 20:46:10,132 [ERROR] LogOutputStream:75 - [STDERR_REDIRECT] [Fatal Error] :1:1: Premature end of file.
2025-07-22 20:46:10,132 [ERROR] LogOutputStream:75 - [STDERR_REDIRECT] 
2025-07-22 20:46:11,135 [ERROR] LogOutputStream:75 - [STDERR_REDIRECT] [Fatal Error] :1:1: Premature end of file.
2025-07-22 20:46:11,135 [ERROR] LogOutputStream:75 - [STDERR_REDIRECT] 
2025-07-22 20:46:12,129 [ERROR] LogOutputStream:75 - [STDERR_REDIRECT] [Fatal Error] :1:1: Premature end of file.
2025-07-22 20:46:12,129 [ERROR] LogOutputStream:75 - [STDERR_REDIRECT] 
2025-07-22 20:46:13,144 [ERROR] LogOutputStream:75 - [STDERR_REDIRECT] [Fatal Error] :1:1: Premature end of file.
2025-07-22 20:46:13,144 [ERROR] LogOutputStream:75 - [STDERR_REDIRECT] 
2025-07-22 20:46:14,144 [ERROR] LogOutputStream:75 - [STDERR_REDIRECT] [Fatal Error] :1:1: Premature end of file.
2025-07-22 20:46:14,144 [ERROR] LogOutputStream:75 - [STDERR_REDIRECT] 
2025-07-22 20:46:15,144 [ERROR] LogOutputStream:75 - [STDERR_REDIRECT] [Fatal Error] :1:1: Premature end of file.
2025-07-22 20:46:15,145 [ERROR] LogOutputStream:75 - [STDERR_REDIRECT] 
2025-07-22 20:46:16,143 [ERROR] LogOutputStream:75 - [STDERR_REDIRECT] [Fatal Error] :1:1: Premature end of file.
2025-07-22 20:46:16,143 [ERROR] LogOutputStream:75 - [STDERR_REDIRECT] 
2025-07-22 20:46:17,141 [ERROR] LogOutputStream:75 - [STDERR_REDIRECT] [Fatal Error] :1:1: Premature end of file.
2025-07-22 20:46:17,141 [ERROR] LogOutputStream:75 - [STDERR_REDIRECT] 
2025-07-22 20:46:18,138 [ERROR] LogOutputStream:75 - [STDERR_REDIRECT] [Fatal Error] :1:1: Premature end of file.
2025-07-22 20:46:18,139 [ERROR] LogOutputStream:75 - [STDERR_REDIRECT] 
2025-07-22 20:46:19,144 [ERROR] LogOutputStream:75 - [STDERR_REDIRECT] [Fatal Error] :1:1: Premature end of file.
2025-07-22 20:46:19,144 [ERROR] LogOutputStream:75 - [STDERR_REDIRECT] 
2025-07-22 20:46:20,147 [ERROR] LogOutputStream:75 - [STDERR_REDIRECT] [Fatal Error] :1:1: Premature end of file.
2025-07-22 20:46:20,147 [ERROR] LogOutputStream:75 - [STDERR_REDIRECT] 
2025-07-22 20:46:21,144 [ERROR] LogOutputStream:75 - [STDERR_REDIRECT] [Fatal Error] :1:1: Premature end of file.
2025-07-22 20:46:21,144 [ERROR] LogOutputStream:75 - [STDERR_REDIRECT] 
2025-07-22 20:46:22,144 [ERROR] LogOutputStream:75 - [STDERR_REDIRECT] [Fatal Error] :1:1: Premature end of file.
2025-07-22 20:46:22,144 [ERROR] LogOutputStream:75 - [STDERR_REDIRECT] 
2025-07-22 20:46:23,138 [ERROR] LogOutputStream:75 - [STDERR_REDIRECT] [Fatal Error] :1:1: Premature end of file.
2025-07-22 20:46:23,138 [ERROR] LogOutputStream:75 - [STDERR_REDIRECT] 
2025-07-22 20:46:24,145 [ERROR] LogOutputStream:75 - [STDERR_REDIRECT] [Fatal Error] :1:1: Premature end of file.
2025-07-22 20:46:24,146 [ERROR] LogOutputStream:75 - [STDERR_REDIRECT] 
2025-07-22 20:46:25,146 [ERROR] LogOutputStream:75 - [STDERR_REDIRECT] [Fatal Error] :1:1: Premature end of file.
2025-07-22 20:46:25,146 [ERROR] LogOutputStream:75 - [STDERR_REDIRECT] 
2025-07-22 20:46:26,143 [ERROR] LogOutputStream:75 - [STDERR_REDIRECT] [Fatal Error] :1:1: Premature end of file.
2025-07-22 20:46:26,143 [ERROR] LogOutputStream:75 - [STDERR_REDIRECT] 
2025-07-22 20:46:27,146 [ERROR] LogOutputStream:75 - [STDERR_REDIRECT] [Fatal Error] :1:1: Premature end of file.
2025-07-22 20:46:27,146 [ERROR] LogOutputStream:75 - [STDERR_REDIRECT] 
2025-07-22 20:46:28,145 [ERROR] LogOutputStream:75 - [STDERR_REDIRECT] [Fatal Error] :1:1: Premature end of file.
2025-07-22 20:46:28,145 [ERROR] LogOutputStream:75 - [STDERR_REDIRECT] 
2025-07-22 20:46:29,146 [ERROR] LogOutputStream:75 - [STDERR_REDIRECT] [Fatal Error] :1:1: Premature end of file.
2025-07-22 20:46:29,146 [ERROR] LogOutputStream:75 - [STDERR_REDIRECT] 
2025-07-22 20:46:30,141 [ERROR] LogOutputStream:75 - [STDERR_REDIRECT] [Fatal Error] :1:1: Premature end of file.
2025-07-22 20:46:30,141 [ERROR] LogOutputStream:75 - [STDERR_REDIRECT] 
2025-07-22 20:46:31,146 [ERROR] LogOutputStream:75 - [STDERR_REDIRECT] [Fatal Error] :1:1: Premature end of file.
2025-07-22 20:46:31,147 [ERROR] LogOutputStream:75 - [STDERR_REDIRECT] 
2025-07-22 20:46:32,139 [ERROR] LogOutputStream:75 - [STDERR_REDIRECT] [Fatal Error] :1:1: Premature end of file.
2025-07-22 20:46:32,139 [ERROR] LogOutputStream:75 - [STDERR_REDIRECT] 
2025-07-22 20:46:33,142 [ERROR] LogOutputStream:75 - [STDERR_REDIRECT] [Fatal Error] :1:1: Premature end of file.
2025-07-22 20:46:33,142 [ERROR] LogOutputStream:75 - [STDERR_REDIRECT] 
2025-07-22 20:46:34,143 [ERROR] LogOutputStream:75 - [STDERR_REDIRECT] [Fatal Error] :1:1: Premature end of file.
2025-07-22 20:46:34,144 [ERROR] LogOutputStream:75 - [STDERR_REDIRECT] 
2025-07-22 20:46:35,144 [ERROR] LogOutputStream:75 - [STDERR_REDIRECT] [Fatal Error] :1:1: Premature end of file.
2025-07-22 20:46:35,144 [ERROR] LogOutputStream:75 - [STDERR_REDIRECT] 
2025-07-22 20:46:36,160 [ERROR] LogOutputStream:75 - [STDERR_REDIRECT] [Fatal Error] :1:1: Premature end of file.
2025-07-22 20:46:36,161 [ERROR] LogOutputStream:75 - [STDERR_REDIRECT] 
2025-07-22 20:46:37,145 [ERROR] LogOutputStream:75 - [STDERR_REDIRECT] [Fatal Error] :1:1: Premature end of file.
2025-07-22 20:46:37,145 [ERROR] LogOutputStream:75 - [STDERR_REDIRECT] 
2025-07-22 20:46:38,147 [ERROR] LogOutputStream:75 - [STDERR_REDIRECT] [Fatal Error] :1:1: Premature end of file.
2025-07-22 20:46:38,148 [ERROR] LogOutputStream:75 - [STDERR_REDIRECT] 
2025-07-22 20:46:39,154 [ERROR] LogOutputStream:75 - [STDERR_REDIRECT] [Fatal Error] :1:1: Premature end of file.
2025-07-22 20:46:39,154 [ERROR] LogOutputStream:75 - [STDERR_REDIRECT] 
2025-07-22 20:46:40,145 [ERROR] LogOutputStream:75 - [STDERR_REDIRECT] [Fatal Error] :1:1: Premature end of file.
2025-07-22 20:46:40,145 [ERROR] LogOutputStream:75 - [STDERR_REDIRECT] 
2025-07-22 20:46:41,149 [ERROR] LogOutputStream:75 - [STDERR_REDIRECT] [Fatal Error] :1:1: Premature end of file.
2025-07-22 20:46:41,149 [ERROR] LogOutputStream:75 - [STDERR_REDIRECT] 
2025-07-22 20:46:42,146 [ERROR] LogOutputStream:75 - [STDERR_REDIRECT] [Fatal Error] :1:1: Premature end of file.
2025-07-22 20:46:42,146 [ERROR] LogOutputStream:75 - [STDERR_REDIRECT] 
2025-07-22 20:46:43,145 [ERROR] LogOutputStream:75 - [STDERR_REDIRECT] [Fatal Error] :1:1: Premature end of file.
2025-07-22 20:46:43,145 [ERROR] LogOutputStream:75 - [STDERR_REDIRECT] 
2025-07-22 20:46:44,142 [ERROR] LogOutputStream:75 - [STDERR_REDIRECT] [Fatal Error] :1:1: Premature end of file.
2025-07-22 20:46:44,142 [ERROR] LogOutputStream:75 - [STDERR_REDIRECT] 
2025-07-22 20:46:45,138 [ERROR] LogOutputStream:75 - [STDERR_REDIRECT] [Fatal Error] :1:1: Premature end of file.
2025-07-22 20:46:45,138 [ERROR] LogOutputStream:75 - [STDERR_REDIRECT] 
2025-07-22 20:46:46,145 [ERROR] LogOutputStream:75 - [STDERR_REDIRECT] [Fatal Error] :1:1: Premature end of file.
2025-07-22 20:46:46,145 [ERROR] LogOutputStream:75 - [STDERR_REDIRECT] 
2025-07-22 20:46:47,146 [ERROR] LogOutputStream:75 - [STDERR_REDIRECT] [Fatal Error] :1:1: Premature end of file.
2025-07-22 20:46:47,146 [ERROR] LogOutputStream:75 - [STDERR_REDIRECT] 
2025-07-22 20:46:48,156 [ERROR] LogOutputStream:75 - [STDERR_REDIRECT] [Fatal Error] :1:1: Premature end of file.
2025-07-22 20:46:48,156 [ERROR] LogOutputStream:75 - [STDERR_REDIRECT] 
2025-07-22 20:46:49,139 [ERROR] LogOutputStream:75 - [STDERR_REDIRECT] [Fatal Error] :1:1: Premature end of file.
2025-07-22 20:46:49,139 [ERROR] LogOutputStream:75 - [STDERR_REDIRECT] 
2025-07-22 20:46:50,140 [ERROR] LogOutputStream:75 - [STDERR_REDIRECT] [Fatal Error] :1:1: Premature end of file.
2025-07-22 20:46:50,140 [ERROR] LogOutputStream:75 - [STDERR_REDIRECT] 
2025-07-22 20:46:51,147 [ERROR] LogOutputStream:75 - [STDERR_REDIRECT] [Fatal Error] :1:1: Premature end of file.
2025-07-22 20:46:51,148 [ERROR] LogOutputStream:75 - [STDERR_REDIRECT] 
2025-07-22 20:46:52,140 [ERROR] LogOutputStream:75 - [STDERR_REDIRECT] [Fatal Error] :1:1: Premature end of file.
2025-07-22 20:46:52,140 [ERROR] LogOutputStream:75 - [STDERR_REDIRECT] 
2025-07-22 20:46:53,145 [ERROR] LogOutputStream:75 - [STDERR_REDIRECT] [Fatal Error] :1:1: Premature end of file.
2025-07-22 20:46:53,145 [ERROR] LogOutputStream:75 - [STDERR_REDIRECT] 
2025-07-22 20:46:54,142 [ERROR] LogOutputStream:75 - [STDERR_REDIRECT] [Fatal Error] :1:1: Premature end of file.
2025-07-22 20:46:54,142 [ERROR] LogOutputStream:75 - [STDERR_REDIRECT] 
2025-07-22 20:46:55,131 [ERROR] LogOutputStream:75 - [STDERR_REDIRECT] [Fatal Error] :1:1: Premature end of file.
2025-07-22 20:46:55,131 [ERROR] LogOutputStream:75 - [STDERR_REDIRECT] 
2025-07-22 20:46:56,131 [ERROR] LogOutputStream:75 - [STDERR_REDIRECT] [Fatal Error] :1:1: Premature end of file.
2025-07-22 20:46:56,131 [ERROR] LogOutputStream:75 - [STDERR_REDIRECT] 
2025-07-22 20:46:57,130 [ERROR] LogOutputStream:75 - [STDERR_REDIRECT] [Fatal Error] :1:1: Premature end of file.
2025-07-22 20:46:57,130 [ERROR] LogOutputStream:75 - [STDERR_REDIRECT] 
2025-07-22 20:46:58,134 [ERROR] LogOutputStream:75 - [STDERR_REDIRECT] [Fatal Error] :1:1: Premature end of file.
2025-07-22 20:46:58,134 [ERROR] LogOutputStream:75 - [STDERR_REDIRECT] 
2025-07-22 20:46:59,130 [ERROR] LogOutputStream:75 - [STDERR_REDIRECT] [Fatal Error] :1:1: Premature end of file.
2025-07-22 20:46:59,130 [ERROR] LogOutputStream:75 - [STDERR_REDIRECT] 
2025-07-22 20:47:00,142 [ERROR] LogOutputStream:75 - [STDERR_REDIRECT] [Fatal Error] :1:1: Premature end of file.
2025-07-22 20:47:00,142 [ERROR] LogOutputStream:75 - [STDERR_REDIRECT] 
2025-07-22 20:47:01,144 [ERROR] LogOutputStream:75 - [STDERR_REDIRECT] [Fatal Error] :1:1: Premature end of file.
2025-07-22 20:47:01,144 [ERROR] LogOutputStream:75 - [STDERR_REDIRECT] 
2025-07-22 20:47:02,140 [ERROR] LogOutputStream:75 - [STDERR_REDIRECT] [Fatal Error] :1:1: Premature end of file.
2025-07-22 20:47:02,141 [ERROR] LogOutputStream:75 - [STDERR_REDIRECT] 
2025-07-22 20:47:03,143 [ERROR] LogOutputStream:75 - [STDERR_REDIRECT] [Fatal Error] :1:1: Premature end of file.
2025-07-22 20:47:03,143 [ERROR] LogOutputStream:75 - [STDERR_REDIRECT] 
2025-07-22 20:47:04,142 [ERROR] LogOutputStream:75 - [STDERR_REDIRECT] [Fatal Error] :1:1: Premature end of file.
2025-07-22 20:47:04,142 [ERROR] LogOutputStream:75 - [STDERR_REDIRECT] 
2025-07-22 20:47:05,141 [ERROR] LogOutputStream:75 - [STDERR_REDIRECT] [Fatal Error] :1:1: Premature end of file.
2025-07-22 20:47:05,141 [ERROR] LogOutputStream:75 - [STDERR_REDIRECT] 
2025-07-22 20:47:06,145 [ERROR] LogOutputStream:75 - [STDERR_REDIRECT] [Fatal Error] :1:1: Premature end of file.
2025-07-22 20:47:06,146 [ERROR] LogOutputStream:75 - [STDERR_REDIRECT] 
2025-07-22 20:47:07,148 [ERROR] LogOutputStream:75 - [STDERR_REDIRECT] [Fatal Error] :1:1: Premature end of file.
2025-07-22 20:47:07,148 [ERROR] LogOutputStream:75 - [STDERR_REDIRECT] 
2025-07-22 20:47:08,148 [ERROR] LogOutputStream:75 - [STDERR_REDIRECT] [Fatal Error] :1:1: Premature end of file.
2025-07-22 20:47:08,148 [ERROR] LogOutputStream:75 - [STDERR_REDIRECT] 
2025-07-22 20:47:09,148 [ERROR] LogOutputStream:75 - [STDERR_REDIRECT] [Fatal Error] :1:1: Premature end of file.
2025-07-22 20:47:09,148 [ERROR] LogOutputStream:75 - [STDERR_REDIRECT] 
2025-07-22 20:47:10,146 [ERROR] LogOutputStream:75 - [STDERR_REDIRECT] [Fatal Error] :1:1: Premature end of file.
2025-07-22 20:47:10,146 [ERROR] LogOutputStream:75 - [STDERR_REDIRECT] 
2025-07-22 20:47:11,141 [ERROR] LogOutputStream:75 - [STDERR_REDIRECT] [Fatal Error] :1:1: Premature end of file.
2025-07-22 20:47:11,141 [ERROR] LogOutputStream:75 - [STDERR_REDIRECT] 
2025-07-22 20:47:12,152 [ERROR] LogOutputStream:75 - [STDERR_REDIRECT] [Fatal Error] :1:1: Premature end of file.
2025-07-22 20:47:12,153 [ERROR] LogOutputStream:75 - [STDERR_REDIRECT] 
2025-07-22 20:47:13,139 [ERROR] LogOutputStream:75 - [STDERR_REDIRECT] [Fatal Error] :1:1: Premature end of file.
2025-07-22 20:47:13,139 [ERROR] LogOutputStream:75 - [STDERR_REDIRECT] 
2025-07-22 20:47:14,147 [ERROR] LogOutputStream:75 - [STDERR_REDIRECT] [Fatal Error] :1:1: Premature end of file.
2025-07-22 20:47:14,147 [ERROR] LogOutputStream:75 - [STDERR_REDIRECT] 
2025-07-22 20:47:15,132 [ERROR] LogOutputStream:75 - [STDERR_REDIRECT] [Fatal Error] :1:1: Premature end of file.
2025-07-22 20:47:15,132 [ERROR] LogOutputStream:75 - [STDERR_REDIRECT] 
2025-07-22 20:47:16,142 [ERROR] LogOutputStream:75 - [STDERR_REDIRECT] [Fatal Error] :1:1: Premature end of file.
2025-07-22 20:47:16,142 [ERROR] LogOutputStream:75 - [STDERR_REDIRECT] 
2025-07-22 20:47:17,130 [ERROR] LogOutputStream:75 - [STDERR_REDIRECT] [Fatal Error] :1:1: Premature end of file.
2025-07-22 20:47:17,130 [ERROR] LogOutputStream:75 - [STDERR_REDIRECT] 
2025-07-22 20:47:18,143 [ERROR] LogOutputStream:75 - [STDERR_REDIRECT] [Fatal Error] :1:1: Premature end of file.
2025-07-22 20:47:18,144 [ERROR] LogOutputStream:75 - [STDERR_REDIRECT] 
2025-07-22 20:47:19,145 [ERROR] LogOutputStream:75 - [STDERR_REDIRECT] [Fatal Error] :1:1: Premature end of file.
2025-07-22 20:47:19,145 [ERROR] LogOutputStream:75 - [STDERR_REDIRECT] 
2025-07-22 20:47:20,144 [ERROR] LogOutputStream:75 - [STDERR_REDIRECT] [Fatal Error] :1:1: Premature end of file.
2025-07-22 20:47:20,144 [ERROR] LogOutputStream:75 - [STDERR_REDIRECT] 
2025-07-22 20:47:21,149 [ERROR] LogOutputStream:75 - [STDERR_REDIRECT] [Fatal Error] :1:1: Premature end of file.
2025-07-22 20:47:21,149 [ERROR] LogOutputStream:75 - [STDERR_REDIRECT] 
2025-07-22 20:47:22,132 [ERROR] LogOutputStream:75 - [STDERR_REDIRECT] [Fatal Error] :1:1: Premature end of file.
2025-07-22 20:47:22,133 [ERROR] LogOutputStream:75 - [STDERR_REDIRECT] 
2025-07-22 20:47:23,131 [ERROR] LogOutputStream:75 - [STDERR_REDIRECT] [Fatal Error] :1:1: Premature end of file.
2025-07-22 20:47:23,132 [ERROR] LogOutputStream:75 - [STDERR_REDIRECT] 
2025-07-22 20:47:24,140 [ERROR] LogOutputStream:75 - [STDERR_REDIRECT] [Fatal Error] :1:1: Premature end of file.
2025-07-22 20:47:24,140 [ERROR] LogOutputStream:75 - [STDERR_REDIRECT] 
2025-07-22 20:47:25,143 [ERROR] LogOutputStream:75 - [STDERR_REDIRECT] [Fatal Error] :1:1: Premature end of file.
2025-07-22 20:47:25,143 [ERROR] LogOutputStream:75 - [STDERR_REDIRECT] 
2025-07-22 20:47:26,140 [ERROR] LogOutputStream:75 - [STDERR_REDIRECT] [Fatal Error] :1:1: Premature end of file.
2025-07-22 20:47:26,140 [ERROR] LogOutputStream:75 - [STDERR_REDIRECT] 
2025-07-22 20:47:27,144 [ERROR] LogOutputStream:75 - [STDERR_REDIRECT] [Fatal Error] :1:1: Premature end of file.
2025-07-22 20:47:27,144 [ERROR] LogOutputStream:75 - [STDERR_REDIRECT] 
2025-07-22 20:47:28,146 [ERROR] LogOutputStream:75 - [STDERR_REDIRECT] [Fatal Error] :1:1: Premature end of file.
2025-07-22 20:47:28,146 [ERROR] LogOutputStream:75 - [STDERR_REDIRECT] 
2025-07-22 20:47:29,144 [ERROR] LogOutputStream:75 - [STDERR_REDIRECT] [Fatal Error] :1:1: Premature end of file.
2025-07-22 20:47:29,144 [ERROR] LogOutputStream:75 - [STDERR_REDIRECT] 
2025-07-22 20:47:30,145 [ERROR] LogOutputStream:75 - [STDERR_REDIRECT] [Fatal Error] :1:1: Premature end of file.
2025-07-22 20:47:30,145 [ERROR] LogOutputStream:75 - [STDERR_REDIRECT] 
2025-07-22 20:47:31,144 [ERROR] LogOutputStream:75 - [STDERR_REDIRECT] [Fatal Error] :1:1: Premature end of file.
2025-07-22 20:47:31,144 [ERROR] LogOutputStream:75 - [STDERR_REDIRECT] 
2025-07-22 20:47:32,145 [ERROR] LogOutputStream:75 - [STDERR_REDIRECT] [Fatal Error] :1:1: Premature end of file.
2025-07-22 20:47:32,145 [ERROR] LogOutputStream:75 - [STDERR_REDIRECT] 
2025-07-22 20:47:33,143 [ERROR] LogOutputStream:75 - [STDERR_REDIRECT] [Fatal Error] :1:1: Premature end of file.
2025-07-22 20:47:33,143 [ERROR] LogOutputStream:75 - [STDERR_REDIRECT] 
2025-07-22 20:47:34,149 [ERROR] LogOutputStream:75 - [STDERR_REDIRECT] [Fatal Error] :1:1: Premature end of file.
2025-07-22 20:47:34,150 [ERROR] LogOutputStream:75 - [STDERR_REDIRECT] 
2025-07-22 20:47:35,140 [ERROR] LogOutputStream:75 - [STDERR_REDIRECT] [Fatal Error] :1:1: Premature end of file.
2025-07-22 20:47:35,140 [ERROR] LogOutputStream:75 - [STDERR_REDIRECT] 
2025-07-22 20:47:36,144 [ERROR] LogOutputStream:75 - [STDERR_REDIRECT] [Fatal Error] :1:1: Premature end of file.
2025-07-22 20:47:36,144 [ERROR] LogOutputStream:75 - [STDERR_REDIRECT] 
2025-07-22 20:47:37,144 [ERROR] LogOutputStream:75 - [STDERR_REDIRECT] [Fatal Error] :1:1: Premature end of file.
2025-07-22 20:47:37,144 [ERROR] LogOutputStream:75 - [STDERR_REDIRECT] 
2025-07-22 20:47:38,144 [ERROR] LogOutputStream:75 - [STDERR_REDIRECT] [Fatal Error] :1:1: Premature end of file.
2025-07-22 20:47:38,144 [ERROR] LogOutputStream:75 - [STDERR_REDIRECT] 
2025-07-22 20:47:39,241 [ERROR] LogOutputStream:75 - [STDERR_REDIRECT] [Fatal Error] :1:1: Premature end of file.
2025-07-22 20:47:39,242 [ERROR] LogOutputStream:75 - [STDERR_REDIRECT] 
2025-07-22 20:47:40,130 [ERROR] LogOutputStream:75 - [STDERR_REDIRECT] [Fatal Error] :1:1: Premature end of file.
2025-07-22 20:47:40,130 [ERROR] LogOutputStream:75 - [STDERR_REDIRECT] 
2025-07-22 20:47:41,141 [ERROR] LogOutputStream:75 - [STDERR_REDIRECT] [Fatal Error] :1:1: Premature end of file.
2025-07-22 20:47:41,141 [ERROR] LogOutputStream:75 - [STDERR_REDIRECT] 
2025-07-22 20:47:42,142 [ERROR] LogOutputStream:75 - [STDERR_REDIRECT] [Fatal Error] :1:1: Premature end of file.
2025-07-22 20:47:42,142 [ERROR] LogOutputStream:75 - [STDERR_REDIRECT] 
2025-07-22 20:47:43,147 [ERROR] LogOutputStream:75 - [STDERR_REDIRECT] [Fatal Error] :1:1: Premature end of file.
2025-07-22 20:47:43,148 [ERROR] LogOutputStream:75 - [STDERR_REDIRECT] 
2025-07-22 20:47:44,149 [ERROR] LogOutputStream:75 - [STDERR_REDIRECT] [Fatal Error] :1:1: Premature end of file.
2025-07-22 20:47:44,149 [ERROR] LogOutputStream:75 - [STDERR_REDIRECT] 
2025-07-22 20:47:45,147 [ERROR] LogOutputStream:75 - [STDERR_REDIRECT] [Fatal Error] :1:1: Premature end of file.
2025-07-22 20:47:45,147 [ERROR] LogOutputStream:75 - [STDERR_REDIRECT] 
2025-07-22 20:47:46,148 [ERROR] LogOutputStream:75 - [STDERR_REDIRECT] [Fatal Error] :1:1: Premature end of file.
2025-07-22 20:47:46,148 [ERROR] LogOutputStream:75 - [STDERR_REDIRECT] 
2025-07-22 20:47:47,143 [ERROR] LogOutputStream:75 - [STDERR_REDIRECT] [Fatal Error] :1:1: Premature end of file.
2025-07-22 20:47:47,143 [ERROR] LogOutputStream:75 - [STDERR_REDIRECT] 
2025-07-22 20:47:48,147 [ERROR] LogOutputStream:75 - [STDERR_REDIRECT] [Fatal Error] :1:1: Premature end of file.
2025-07-22 20:47:48,147 [ERROR] LogOutputStream:75 - [STDERR_REDIRECT] 
2025-07-22 20:47:49,145 [ERROR] LogOutputStream:75 - [STDERR_REDIRECT] [Fatal Error] :1:1: Premature end of file.
2025-07-22 20:47:49,146 [ERROR] LogOutputStream:75 - [STDERR_REDIRECT] 
2025-07-22 20:47:50,147 [ERROR] LogOutputStream:75 - [STDERR_REDIRECT] [Fatal Error] :1:1: Premature end of file.
2025-07-22 20:47:50,147 [ERROR] LogOutputStream:75 - [STDERR_REDIRECT] 
2025-07-22 20:47:51,149 [ERROR] LogOutputStream:75 - [STDERR_REDIRECT] [Fatal Error] :1:1: Premature end of file.
2025-07-22 20:47:51,149 [ERROR] LogOutputStream:75 - [STDERR_REDIRECT] 
2025-07-22 20:47:52,145 [ERROR] LogOutputStream:75 - [STDERR_REDIRECT] [Fatal Error] :1:1: Premature end of file.
2025-07-22 20:47:52,147 [ERROR] LogOutputStream:75 - [STDERR_REDIRECT] 
2025-07-22 20:47:53,141 [ERROR] LogOutputStream:75 - [STDERR_REDIRECT] [Fatal Error] :1:1: Premature end of file.
2025-07-22 20:47:53,141 [ERROR] LogOutputStream:75 - [STDERR_REDIRECT] 
2025-07-22 20:47:54,148 [ERROR] LogOutputStream:75 - [STDERR_REDIRECT] [Fatal Error] :1:1: Premature end of file.
2025-07-22 20:47:54,148 [ERROR] LogOutputStream:75 - [STDERR_REDIRECT] 
2025-07-22 20:47:55,145 [ERROR] LogOutputStream:75 - [STDERR_REDIRECT] [Fatal Error] :1:1: Premature end of file.
2025-07-22 20:47:55,145 [ERROR] LogOutputStream:75 - [STDERR_REDIRECT] 
2025-07-22 20:47:56,143 [ERROR] LogOutputStream:75 - [STDERR_REDIRECT] [Fatal Error] :1:1: Premature end of file.
2025-07-22 20:47:56,143 [ERROR] LogOutputStream:75 - [STDERR_REDIRECT] 
2025-07-22 20:47:57,142 [ERROR] LogOutputStream:75 - [STDERR_REDIRECT] [Fatal Error] :1:1: Premature end of file.
2025-07-22 20:47:57,142 [ERROR] LogOutputStream:75 - [STDERR_REDIRECT] 
2025-07-22 20:47:58,145 [ERROR] LogOutputStream:75 - [STDERR_REDIRECT] [Fatal Error] :1:1: Premature end of file.
2025-07-22 20:47:58,145 [ERROR] LogOutputStream:75 - [STDERR_REDIRECT] 
2025-07-22 20:47:59,145 [ERROR] LogOutputStream:75 - [STDERR_REDIRECT] [Fatal Error] :1:1: Premature end of file.
2025-07-22 20:47:59,146 [ERROR] LogOutputStream:75 - [STDERR_REDIRECT] 
2025-07-22 20:48:00,150 [ERROR] LogOutputStream:75 - [STDERR_REDIRECT] [Fatal Error] :1:1: Premature end of file.
2025-07-22 20:48:00,150 [ERROR] LogOutputStream:75 - [STDERR_REDIRECT] 
2025-07-22 20:48:01,144 [ERROR] LogOutputStream:75 - [STDERR_REDIRECT] [Fatal Error] :1:1: Premature end of file.
2025-07-22 20:48:01,145 [ERROR] LogOutputStream:75 - [STDERR_REDIRECT] 
2025-07-22 20:48:02,139 [ERROR] LogOutputStream:75 - [STDERR_REDIRECT] [Fatal Error] :1:1: Premature end of file.
2025-07-22 20:48:02,139 [ERROR] LogOutputStream:75 - [STDERR_REDIRECT] 
2025-07-22 20:48:03,133 [ERROR] LogOutputStream:75 - [STDERR_REDIRECT] [Fatal Error] :1:1: Premature end of file.
2025-07-22 20:48:03,133 [ERROR] LogOutputStream:75 - [STDERR_REDIRECT] 
2025-07-22 20:48:04,159 [ERROR] LogOutputStream:75 - [STDERR_REDIRECT] [Fatal Error] :1:1: Premature end of file.
2025-07-22 20:48:04,159 [ERROR] LogOutputStream:75 - [STDERR_REDIRECT] 
2025-07-22 20:48:05,147 [ERROR] LogOutputStream:75 - [STDERR_REDIRECT] [Fatal Error] :1:1: Premature end of file.
2025-07-22 20:48:05,147 [ERROR] LogOutputStream:75 - [STDERR_REDIRECT] 
2025-07-22 20:48:06,140 [ERROR] LogOutputStream:75 - [STDERR_REDIRECT] [Fatal Error] :1:1: Premature end of file.
2025-07-22 20:48:06,140 [ERROR] LogOutputStream:75 - [STDERR_REDIRECT] 
2025-07-22 20:48:07,148 [ERROR] LogOutputStream:75 - [STDERR_REDIRECT] [Fatal Error] :1:1: Premature end of file.
2025-07-22 20:48:07,150 [ERROR] LogOutputStream:75 - [STDERR_REDIRECT] 
2025-07-22 20:48:08,135 [ERROR] LogOutputStream:75 - [STDERR_REDIRECT] [Fatal Error] :1:1: Premature end of file.
2025-07-22 20:48:08,135 [ERROR] LogOutputStream:75 - [STDERR_REDIRECT] 
2025-07-22 20:48:09,143 [ERROR] LogOutputStream:75 - [STDERR_REDIRECT] [Fatal Error] :1:1: Premature end of file.
2025-07-22 20:48:09,143 [ERROR] LogOutputStream:75 - [STDERR_REDIRECT] 
2025-07-22 20:48:10,141 [ERROR] LogOutputStream:75 - [STDERR_REDIRECT] [Fatal Error] :1:1: Premature end of file.
2025-07-22 20:48:10,141 [ERROR] LogOutputStream:75 - [STDERR_REDIRECT] 
2025-07-22 20:48:11,142 [ERROR] LogOutputStream:75 - [STDERR_REDIRECT] [Fatal Error] :1:1: Premature end of file.
2025-07-22 20:48:11,143 [ERROR] LogOutputStream:75 - [STDERR_REDIRECT] 
2025-07-22 20:48:12,147 [ERROR] LogOutputStream:75 - [STDERR_REDIRECT] [Fatal Error] :1:1: Premature end of file.
2025-07-22 20:48:12,147 [ERROR] LogOutputStream:75 - [STDERR_REDIRECT] 
2025-07-22 20:48:13,138 [ERROR] LogOutputStream:75 - [STDERR_REDIRECT] [Fatal Error] :1:1: Premature end of file.
2025-07-22 20:48:13,138 [ERROR] LogOutputStream:75 - [STDERR_REDIRECT] 
2025-07-22 20:48:14,131 [ERROR] LogOutputStream:75 - [STDERR_REDIRECT] [Fatal Error] :1:1: Premature end of file.
2025-07-22 20:48:14,133 [ERROR] LogOutputStream:75 - [STDERR_REDIRECT] 
2025-07-22 20:48:15,133 [ERROR] LogOutputStream:75 - [STDERR_REDIRECT] [Fatal Error] :1:1: Premature end of file.
2025-07-22 20:48:15,133 [ERROR] LogOutputStream:75 - [STDERR_REDIRECT] 
2025-07-22 20:48:16,147 [ERROR] LogOutputStream:75 - [STDERR_REDIRECT] [Fatal Error] :1:1: Premature end of file.
2025-07-22 20:48:16,147 [ERROR] LogOutputStream:75 - [STDERR_REDIRECT] 
2025-07-22 20:48:17,145 [ERROR] LogOutputStream:75 - [STDERR_REDIRECT] [Fatal Error] :1:1: Premature end of file.
2025-07-22 20:48:17,146 [ERROR] LogOutputStream:75 - [STDERR_REDIRECT] 
2025-07-22 20:48:18,137 [ERROR] LogOutputStream:75 - [STDERR_REDIRECT] [Fatal Error] :1:1: Premature end of file.
2025-07-22 20:48:18,137 [ERROR] LogOutputStream:75 - [STDERR_REDIRECT] 
2025-07-22 20:48:19,136 [ERROR] LogOutputStream:75 - [STDERR_REDIRECT] [Fatal Error] :1:1: Premature end of file.
2025-07-22 20:48:19,136 [ERROR] LogOutputStream:75 - [STDERR_REDIRECT] 
2025-07-22 20:48:20,142 [ERROR] LogOutputStream:75 - [STDERR_REDIRECT] [Fatal Error] :1:1: Premature end of file.
2025-07-22 20:48:20,142 [ERROR] LogOutputStream:75 - [STDERR_REDIRECT] 
2025-07-22 20:48:21,137 [ERROR] LogOutputStream:75 - [STDERR_REDIRECT] [Fatal Error] :1:1: Premature end of file.
2025-07-22 20:48:21,137 [ERROR] LogOutputStream:75 - [STDERR_REDIRECT] 
2025-07-22 20:48:22,133 [ERROR] LogOutputStream:75 - [STDERR_REDIRECT] [Fatal Error] :1:1: Premature end of file.
2025-07-22 20:48:22,133 [ERROR] LogOutputStream:75 - [STDERR_REDIRECT] 
2025-07-22 20:48:23,135 [ERROR] LogOutputStream:75 - [STDERR_REDIRECT] [Fatal Error] :1:1: Premature end of file.
2025-07-22 20:48:23,135 [ERROR] LogOutputStream:75 - [STDERR_REDIRECT] 
2025-07-22 20:48:24,144 [ERROR] LogOutputStream:75 - [STDERR_REDIRECT] [Fatal Error] :1:1: Premature end of file.
2025-07-22 20:48:24,144 [ERROR] LogOutputStream:75 - [STDERR_REDIRECT] 
2025-07-22 20:48:25,143 [ERROR] LogOutputStream:75 - [STDERR_REDIRECT] [Fatal Error] :1:1: Premature end of file.
2025-07-22 20:48:25,143 [ERROR] LogOutputStream:75 - [STDERR_REDIRECT] 
2025-07-22 20:48:26,146 [ERROR] LogOutputStream:75 - [STDERR_REDIRECT] [Fatal Error] :1:1: Premature end of file.
2025-07-22 20:48:26,147 [ERROR] LogOutputStream:75 - [STDERR_REDIRECT] 
2025-07-22 20:48:27,145 [ERROR] LogOutputStream:75 - [STDERR_REDIRECT] [Fatal Error] :1:1: Premature end of file.
2025-07-22 20:48:27,145 [ERROR] LogOutputStream:75 - [STDERR_REDIRECT] 
2025-07-22 20:48:28,146 [ERROR] LogOutputStream:75 - [STDERR_REDIRECT] [Fatal Error] :1:1: Premature end of file.
2025-07-22 20:48:28,146 [ERROR] LogOutputStream:75 - [STDERR_REDIRECT] 
2025-07-22 20:48:29,146 [ERROR] LogOutputStream:75 - [STDERR_REDIRECT] [Fatal Error] :1:1: Premature end of file.
2025-07-22 20:48:29,146 [ERROR] LogOutputStream:75 - [STDERR_REDIRECT] 
2025-07-22 20:48:30,145 [ERROR] LogOutputStream:75 - [STDERR_REDIRECT] [Fatal Error] :1:1: Premature end of file.
2025-07-22 20:48:30,145 [ERROR] LogOutputStream:75 - [STDERR_REDIRECT] 
2025-07-22 20:48:31,141 [ERROR] LogOutputStream:75 - [STDERR_REDIRECT] [Fatal Error] :1:1: Premature end of file.
2025-07-22 20:48:31,141 [ERROR] LogOutputStream:75 - [STDERR_REDIRECT] 
2025-07-22 20:48:32,146 [ERROR] LogOutputStream:75 - [STDERR_REDIRECT] [Fatal Error] :1:1: Premature end of file.
2025-07-22 20:48:32,146 [ERROR] LogOutputStream:75 - [STDERR_REDIRECT] 
2025-07-22 20:48:33,140 [ERROR] LogOutputStream:75 - [STDERR_REDIRECT] [Fatal Error] :1:1: Premature end of file.
2025-07-22 20:48:33,141 [ERROR] LogOutputStream:75 - [STDERR_REDIRECT] 
2025-07-22 20:48:34,133 [ERROR] LogOutputStream:75 - [STDERR_REDIRECT] [Fatal Error] :1:1: Premature end of file.
2025-07-22 20:48:34,133 [ERROR] LogOutputStream:75 - [STDERR_REDIRECT] 
2025-07-22 20:48:35,142 [ERROR] LogOutputStream:75 - [STDERR_REDIRECT] [Fatal Error] :1:1: Premature end of file.
2025-07-22 20:48:35,143 [ERROR] LogOutputStream:75 - [STDERR_REDIRECT] 
2025-07-22 20:48:36,140 [ERROR] LogOutputStream:75 - [STDERR_REDIRECT] [Fatal Error] :1:1: Premature end of file.
2025-07-22 20:48:36,140 [ERROR] LogOutputStream:75 - [STDERR_REDIRECT] 
2025-07-22 20:48:37,144 [ERROR] LogOutputStream:75 - [STDERR_REDIRECT] [Fatal Error] :1:1: Premature end of file.
2025-07-22 20:48:37,144 [ERROR] LogOutputStream:75 - [STDERR_REDIRECT] 
2025-07-22 20:48:38,144 [ERROR] LogOutputStream:75 - [STDERR_REDIRECT] [Fatal Error] :1:1: Premature end of file.
2025-07-22 20:48:38,144 [ERROR] LogOutputStream:75 - [STDERR_REDIRECT] 
2025-07-22 20:48:39,142 [ERROR] LogOutputStream:75 - [STDERR_REDIRECT] [Fatal Error] :1:1: Premature end of file.
2025-07-22 20:48:39,142 [ERROR] LogOutputStream:75 - [STDERR_REDIRECT] 
2025-07-22 20:48:40,138 [ERROR] LogOutputStream:75 - [STDERR_REDIRECT] [Fatal Error] :1:1: Premature end of file.
2025-07-22 20:48:40,138 [ERROR] LogOutputStream:75 - [STDERR_REDIRECT] 
2025-07-22 20:48:41,145 [ERROR] LogOutputStream:75 - [STDERR_REDIRECT] [Fatal Error] :1:1: Premature end of file.
2025-07-22 20:48:41,145 [ERROR] LogOutputStream:75 - [STDERR_REDIRECT] 
2025-07-22 20:48:42,137 [ERROR] LogOutputStream:75 - [STDERR_REDIRECT] [Fatal Error] :1:1: Premature end of file.
2025-07-22 20:48:42,137 [ERROR] LogOutputStream:75 - [STDERR_REDIRECT] 
2025-07-22 20:48:43,146 [ERROR] LogOutputStream:75 - [STDERR_REDIRECT] [Fatal Error] :1:1: Premature end of file.
2025-07-22 20:48:43,146 [ERROR] LogOutputStream:75 - [STDERR_REDIRECT] 
2025-07-22 20:48:44,197 [ERROR] LogOutputStream:75 - [STDERR_REDIRECT] [Fatal Error] :1:1: Premature end of file.
2025-07-22 20:48:44,198 [ERROR] LogOutputStream:75 - [STDERR_REDIRECT] 
2025-07-22 20:48:45,146 [ERROR] LogOutputStream:75 - [STDERR_REDIRECT] [Fatal Error] :1:1: Premature end of file.
2025-07-22 20:48:45,146 [ERROR] LogOutputStream:75 - [STDERR_REDIRECT] 
2025-07-22 20:48:46,161 [ERROR] LogOutputStream:75 - [STDERR_REDIRECT] [Fatal Error] :1:1: Premature end of file.
2025-07-22 20:48:46,162 [ERROR] LogOutputStream:75 - [STDERR_REDIRECT] 
2025-07-22 20:48:47,141 [ERROR] LogOutputStream:75 - [STDERR_REDIRECT] [Fatal Error] :1:1: Premature end of file.
2025-07-22 20:48:47,141 [ERROR] LogOutputStream:75 - [STDERR_REDIRECT] 
2025-07-22 20:48:48,163 [ERROR] LogOutputStream:75 - [STDERR_REDIRECT] [Fatal Error] :1:1: Premature end of file.
2025-07-22 20:48:48,163 [ERROR] LogOutputStream:75 - [STDERR_REDIRECT] 
2025-07-22 20:48:49,146 [ERROR] LogOutputStream:75 - [STDERR_REDIRECT] [Fatal Error] :1:1: Premature end of file.
2025-07-22 20:48:49,146 [ERROR] LogOutputStream:75 - [STDERR_REDIRECT] 
2025-07-22 20:48:50,139 [ERROR] LogOutputStream:75 - [STDERR_REDIRECT] [Fatal Error] :1:1: Premature end of file.
2025-07-22 20:48:50,139 [ERROR] LogOutputStream:75 - [STDERR_REDIRECT] 
2025-07-22 20:48:51,146 [ERROR] LogOutputStream:75 - [STDERR_REDIRECT] [Fatal Error] :1:1: Premature end of file.
2025-07-22 20:48:51,146 [ERROR] LogOutputStream:75 - [STDERR_REDIRECT] 
2025-07-22 20:48:52,146 [ERROR] LogOutputStream:75 - [STDERR_REDIRECT] [Fatal Error] :1:1: Premature end of file.
2025-07-22 20:48:52,146 [ERROR] LogOutputStream:75 - [STDERR_REDIRECT] 
2025-07-22 20:48:53,145 [ERROR] LogOutputStream:75 - [STDERR_REDIRECT] [Fatal Error] :1:1: Premature end of file.
2025-07-22 20:48:53,145 [ERROR] LogOutputStream:75 - [STDERR_REDIRECT] 
2025-07-22 20:48:54,142 [ERROR] LogOutputStream:75 - [STDERR_REDIRECT] [Fatal Error] :1:1: Premature end of file.
2025-07-22 20:48:54,142 [ERROR] LogOutputStream:75 - [STDERR_REDIRECT] 
2025-07-22 20:48:55,138 [ERROR] LogOutputStream:75 - [STDERR_REDIRECT] [Fatal Error] :1:1: Premature end of file.
2025-07-22 20:48:55,138 [ERROR] LogOutputStream:75 - [STDERR_REDIRECT] 
2025-07-22 20:48:56,142 [ERROR] LogOutputStream:75 - [STDERR_REDIRECT] [Fatal Error] :1:1: Premature end of file.
2025-07-22 20:48:56,142 [ERROR] LogOutputStream:75 - [STDERR_REDIRECT] 
2025-07-22 20:48:57,143 [ERROR] LogOutputStream:75 - [STDERR_REDIRECT] [Fatal Error] :1:1: Premature end of file.
2025-07-22 20:48:57,144 [ERROR] LogOutputStream:75 - [STDERR_REDIRECT] 
2025-07-22 20:48:58,141 [ERROR] LogOutputStream:75 - [STDERR_REDIRECT] [Fatal Error] :1:1: Premature end of file.
2025-07-22 20:48:58,141 [ERROR] LogOutputStream:75 - [STDERR_REDIRECT] 
2025-07-22 20:48:59,145 [ERROR] LogOutputStream:75 - [STDERR_REDIRECT] [Fatal Error] :1:1: Premature end of file.
2025-07-22 20:48:59,145 [ERROR] LogOutputStream:75 - [STDERR_REDIRECT] 
2025-07-22 20:49:00,141 [ERROR] LogOutputStream:75 - [STDERR_REDIRECT] [Fatal Error] :1:1: Premature end of file.
2025-07-22 20:49:00,141 [ERROR] LogOutputStream:75 - [STDERR_REDIRECT] 
2025-07-22 20:49:01,149 [ERROR] LogOutputStream:75 - [STDERR_REDIRECT] [Fatal Error] :1:1: Premature end of file.
2025-07-22 20:49:01,149 [ERROR] LogOutputStream:75 - [STDERR_REDIRECT] 
2025-07-22 20:49:02,154 [ERROR] LogOutputStream:75 - [STDERR_REDIRECT] [Fatal Error] :1:1: Premature end of file.
2025-07-22 20:49:02,155 [ERROR] LogOutputStream:75 - [STDERR_REDIRECT] 
2025-07-22 20:49:03,142 [ERROR] LogOutputStream:75 - [STDERR_REDIRECT] [Fatal Error] :1:1: Premature end of file.
2025-07-22 20:49:03,142 [ERROR] LogOutputStream:75 - [STDERR_REDIRECT] 
2025-07-22 20:49:04,143 [ERROR] LogOutputStream:75 - [STDERR_REDIRECT] [Fatal Error] :1:1: Premature end of file.
2025-07-22 20:49:04,143 [ERROR] LogOutputStream:75 - [STDERR_REDIRECT] 
2025-07-22 20:49:05,148 [ERROR] LogOutputStream:75 - [STDERR_REDIRECT] [Fatal Error] :1:1: Premature end of file.
2025-07-22 20:49:05,149 [ERROR] LogOutputStream:75 - [STDERR_REDIRECT] 
2025-07-22 20:49:06,136 [ERROR] LogOutputStream:75 - [STDERR_REDIRECT] [Fatal Error] :1:1: Premature end of file.
2025-07-22 20:49:06,137 [ERROR] LogOutputStream:75 - [STDERR_REDIRECT] 
2025-07-22 20:49:07,140 [ERROR] LogOutputStream:75 - [STDERR_REDIRECT] [Fatal Error] :1:1: Premature end of file.
2025-07-22 20:49:07,141 [ERROR] LogOutputStream:75 - [STDERR_REDIRECT] 
2025-07-22 20:49:08,139 [ERROR] LogOutputStream:75 - [STDERR_REDIRECT] [Fatal Error] :1:1: Premature end of file.
2025-07-22 20:49:08,139 [ERROR] LogOutputStream:75 - [STDERR_REDIRECT] 
2025-07-22 20:49:09,130 [ERROR] LogOutputStream:75 - [STDERR_REDIRECT] [Fatal Error] :1:1: Premature end of file.
2025-07-22 20:49:09,130 [ERROR] LogOutputStream:75 - [STDERR_REDIRECT] 
2025-07-22 20:49:10,133 [ERROR] LogOutputStream:75 - [STDERR_REDIRECT] [Fatal Error] :1:1: Premature end of file.
2025-07-22 20:49:10,133 [ERROR] LogOutputStream:75 - [STDERR_REDIRECT] 
2025-07-22 20:49:11,143 [ERROR] LogOutputStream:75 - [STDERR_REDIRECT] [Fatal Error] :1:1: Premature end of file.
2025-07-22 20:49:11,144 [ERROR] LogOutputStream:75 - [STDERR_REDIRECT] 
2025-07-22 20:49:12,136 [ERROR] LogOutputStream:75 - [STDERR_REDIRECT] [Fatal Error] :1:1: Premature end of file.
2025-07-22 20:49:12,137 [ERROR] LogOutputStream:75 - [STDERR_REDIRECT] 
2025-07-22 20:49:13,141 [ERROR] LogOutputStream:75 - [STDERR_REDIRECT] [Fatal Error] :1:1: Premature end of file.
2025-07-22 20:49:13,141 [ERROR] LogOutputStream:75 - [STDERR_REDIRECT] 
2025-07-22 20:49:14,144 [ERROR] LogOutputStream:75 - [STDERR_REDIRECT] [Fatal Error] :1:1: Premature end of file.
2025-07-22 20:49:14,145 [ERROR] LogOutputStream:75 - [STDERR_REDIRECT] 
2025-07-22 20:49:15,144 [ERROR] LogOutputStream:75 - [STDERR_REDIRECT] [Fatal Error] :1:1: Premature end of file.
2025-07-22 20:49:15,144 [ERROR] LogOutputStream:75 - [STDERR_REDIRECT] 
2025-07-22 20:49:16,140 [ERROR] LogOutputStream:75 - [STDERR_REDIRECT] [Fatal Error] :1:1: Premature end of file.
2025-07-22 20:49:16,140 [ERROR] LogOutputStream:75 - [STDERR_REDIRECT] 
2025-07-22 20:49:17,144 [ERROR] LogOutputStream:75 - [STDERR_REDIRECT] [Fatal Error] :1:1: Premature end of file.
2025-07-22 20:49:17,144 [ERROR] LogOutputStream:75 - [STDERR_REDIRECT] 
2025-07-22 20:49:18,142 [ERROR] LogOutputStream:75 - [STDERR_REDIRECT] [Fatal Error] :1:1: Premature end of file.
2025-07-22 20:49:18,142 [ERROR] LogOutputStream:75 - [STDERR_REDIRECT] 
2025-07-22 20:49:19,132 [ERROR] LogOutputStream:75 - [STDERR_REDIRECT] [Fatal Error] :1:1: Premature end of file.
2025-07-22 20:49:19,132 [ERROR] LogOutputStream:75 - [STDERR_REDIRECT] 
2025-07-22 20:49:20,143 [ERROR] LogOutputStream:75 - [STDERR_REDIRECT] [Fatal Error] :1:1: Premature end of file.
2025-07-22 20:49:20,143 [ERROR] LogOutputStream:75 - [STDERR_REDIRECT] 
2025-07-22 20:49:21,138 [ERROR] LogOutputStream:75 - [STDERR_REDIRECT] [Fatal Error] :1:1: Premature end of file.
2025-07-22 20:49:21,139 [ERROR] LogOutputStream:75 - [STDERR_REDIRECT] 
2025-07-22 20:49:22,146 [ERROR] LogOutputStream:75 - [STDERR_REDIRECT] [Fatal Error] :1:1: Premature end of file.
2025-07-22 20:49:22,146 [ERROR] LogOutputStream:75 - [STDERR_REDIRECT] 
2025-07-22 20:49:23,142 [ERROR] LogOutputStream:75 - [STDERR_REDIRECT] [Fatal Error] :1:1: Premature end of file.
2025-07-22 20:49:23,142 [ERROR] LogOutputStream:75 - [STDERR_REDIRECT] 
2025-07-22 20:49:24,134 [ERROR] LogOutputStream:75 - [STDERR_REDIRECT] [Fatal Error] :1:1: Premature end of file.
2025-07-22 20:49:24,134 [ERROR] LogOutputStream:75 - [STDERR_REDIRECT] 
2025-07-22 20:49:25,152 [ERROR] LogOutputStream:75 - [STDERR_REDIRECT] [Fatal Error] :1:1: Premature end of file.
2025-07-22 20:49:25,152 [ERROR] LogOutputStream:75 - [STDERR_REDIRECT] 
2025-07-22 20:49:26,143 [ERROR] LogOutputStream:75 - [STDERR_REDIRECT] [Fatal Error] :1:1: Premature end of file.
2025-07-22 20:49:26,143 [ERROR] LogOutputStream:75 - [STDERR_REDIRECT] 
2025-07-22 20:49:27,141 [ERROR] LogOutputStream:75 - [STDERR_REDIRECT] [Fatal Error] :1:1: Premature end of file.
2025-07-22 20:49:27,141 [ERROR] LogOutputStream:75 - [STDERR_REDIRECT] 
2025-07-22 20:49:28,133 [ERROR] LogOutputStream:75 - [STDERR_REDIRECT] [Fatal Error] :1:1: Premature end of file.
2025-07-22 20:49:28,133 [ERROR] LogOutputStream:75 - [STDERR_REDIRECT] 
2025-07-22 20:49:29,147 [ERROR] LogOutputStream:75 - [STDERR_REDIRECT] [Fatal Error] :1:1: Premature end of file.
2025-07-22 20:49:29,147 [ERROR] LogOutputStream:75 - [STDERR_REDIRECT] 
2025-07-22 20:49:30,137 [ERROR] LogOutputStream:75 - [STDERR_REDIRECT] [Fatal Error] :1:1: Premature end of file.
2025-07-22 20:49:30,137 [ERROR] LogOutputStream:75 - [STDERR_REDIRECT] 
2025-07-22 20:49:31,142 [ERROR] LogOutputStream:75 - [STDERR_REDIRECT] [Fatal Error] :1:1: Premature end of file.
2025-07-22 20:49:31,142 [ERROR] LogOutputStream:75 - [STDERR_REDIRECT] 
2025-07-22 20:49:32,145 [ERROR] LogOutputStream:75 - [STDERR_REDIRECT] [Fatal Error] :1:1: Premature end of file.
2025-07-22 20:49:32,145 [ERROR] LogOutputStream:75 - [STDERR_REDIRECT] 
2025-07-22 20:49:33,145 [ERROR] LogOutputStream:75 - [STDERR_REDIRECT] [Fatal Error] :1:1: Premature end of file.
2025-07-22 20:49:33,145 [ERROR] LogOutputStream:75 - [STDERR_REDIRECT] 
2025-07-22 20:49:34,141 [ERROR] LogOutputStream:75 - [STDERR_REDIRECT] [Fatal Error] :1:1: Premature end of file.
2025-07-22 20:49:34,141 [ERROR] LogOutputStream:75 - [STDERR_REDIRECT] 
2025-07-22 20:49:35,142 [ERROR] LogOutputStream:75 - [STDERR_REDIRECT] [Fatal Error] :1:1: Premature end of file.
2025-07-22 20:49:35,142 [ERROR] LogOutputStream:75 - [STDERR_REDIRECT] 
2025-07-22 20:49:36,142 [ERROR] LogOutputStream:75 - [STDERR_REDIRECT] [Fatal Error] :1:1: Premature end of file.
2025-07-22 20:49:36,142 [ERROR] LogOutputStream:75 - [STDERR_REDIRECT] 
2025-07-22 20:49:37,147 [ERROR] LogOutputStream:75 - [STDERR_REDIRECT] [Fatal Error] :1:1: Premature end of file.
2025-07-22 20:49:37,147 [ERROR] LogOutputStream:75 - [STDERR_REDIRECT] 
2025-07-22 20:49:38,146 [ERROR] LogOutputStream:75 - [STDERR_REDIRECT] [Fatal Error] :1:1: Premature end of file.
2025-07-22 20:49:38,146 [ERROR] LogOutputStream:75 - [STDERR_REDIRECT] 
2025-07-22 20:49:39,145 [ERROR] LogOutputStream:75 - [STDERR_REDIRECT] [Fatal Error] :1:1: Premature end of file.
2025-07-22 20:49:39,145 [ERROR] LogOutputStream:75 - [STDERR_REDIRECT] 
2025-07-22 20:49:40,145 [ERROR] LogOutputStream:75 - [STDERR_REDIRECT] [Fatal Error] :1:1: Premature end of file.
2025-07-22 20:49:40,145 [ERROR] LogOutputStream:75 - [STDERR_REDIRECT] 
2025-07-22 20:49:41,145 [ERROR] LogOutputStream:75 - [STDERR_REDIRECT] [Fatal Error] :1:1: Premature end of file.
2025-07-22 20:49:41,145 [ERROR] LogOutputStream:75 - [STDERR_REDIRECT] 
2025-07-22 20:49:42,142 [ERROR] LogOutputStream:75 - [STDERR_REDIRECT] [Fatal Error] :1:1: Premature end of file.
2025-07-22 20:49:42,142 [ERROR] LogOutputStream:75 - [STDERR_REDIRECT] 
2025-07-22 20:49:43,144 [ERROR] LogOutputStream:75 - [STDERR_REDIRECT] [Fatal Error] :1:1: Premature end of file.
2025-07-22 20:49:43,145 [ERROR] LogOutputStream:75 - [STDERR_REDIRECT] 
2025-07-22 20:49:44,147 [ERROR] LogOutputStream:75 - [STDERR_REDIRECT] [Fatal Error] :1:1: Premature end of file.
2025-07-22 20:49:44,148 [ERROR] LogOutputStream:75 - [STDERR_REDIRECT] 
2025-07-22 20:49:45,148 [ERROR] LogOutputStream:75 - [STDERR_REDIRECT] [Fatal Error] :1:1: Premature end of file.
2025-07-22 20:49:45,148 [ERROR] LogOutputStream:75 - [STDERR_REDIRECT] 
2025-07-22 20:49:46,148 [ERROR] LogOutputStream:75 - [STDERR_REDIRECT] [Fatal Error] :1:1: Premature end of file.
2025-07-22 20:49:46,148 [ERROR] LogOutputStream:75 - [STDERR_REDIRECT] 
2025-07-22 20:49:47,145 [ERROR] LogOutputStream:75 - [STDERR_REDIRECT] [Fatal Error] :1:1: Premature end of file.
2025-07-22 20:49:47,145 [ERROR] LogOutputStream:75 - [STDERR_REDIRECT] 
2025-07-22 20:49:48,147 [ERROR] LogOutputStream:75 - [STDERR_REDIRECT] [Fatal Error] :1:1: Premature end of file.
2025-07-22 20:49:48,147 [ERROR] LogOutputStream:75 - [STDERR_REDIRECT] 
2025-07-22 20:49:49,143 [ERROR] LogOutputStream:75 - [STDERR_REDIRECT] [Fatal Error] :1:1: Premature end of file.
2025-07-22 20:49:49,143 [ERROR] LogOutputStream:75 - [STDERR_REDIRECT] 
2025-07-22 20:49:50,144 [ERROR] LogOutputStream:75 - [STDERR_REDIRECT] [Fatal Error] :1:1: Premature end of file.
2025-07-22 20:49:50,144 [ERROR] LogOutputStream:75 - [STDERR_REDIRECT] 
2025-07-22 20:49:51,149 [ERROR] LogOutputStream:75 - [STDERR_REDIRECT] [Fatal Error] :1:1: Premature end of file.
2025-07-22 20:49:51,149 [ERROR] LogOutputStream:75 - [STDERR_REDIRECT] 
2025-07-22 20:49:52,146 [ERROR] LogOutputStream:75 - [STDERR_REDIRECT] [Fatal Error] :1:1: Premature end of file.
2025-07-22 20:49:52,147 [ERROR] LogOutputStream:75 - [STDERR_REDIRECT] 
2025-07-22 20:49:53,150 [ERROR] LogOutputStream:75 - [STDERR_REDIRECT] [Fatal Error] :1:1: Premature end of file.
2025-07-22 20:49:53,150 [ERROR] LogOutputStream:75 - [STDERR_REDIRECT] 
2025-07-22 20:49:54,143 [ERROR] LogOutputStream:75 - [STDERR_REDIRECT] [Fatal Error] :1:1: Premature end of file.
2025-07-22 20:49:54,143 [ERROR] LogOutputStream:75 - [STDERR_REDIRECT] 
2025-07-22 20:49:55,141 [ERROR] LogOutputStream:75 - [STDERR_REDIRECT] [Fatal Error] :1:1: Premature end of file.
2025-07-22 20:49:55,141 [ERROR] LogOutputStream:75 - [STDERR_REDIRECT] 
2025-07-22 20:49:56,128 [ERROR] LogOutputStream:75 - [STDERR_REDIRECT] [Fatal Error] :1:1: Premature end of file.
2025-07-22 20:49:56,128 [ERROR] LogOutputStream:75 - [STDERR_REDIRECT] 
2025-07-22 20:49:57,142 [ERROR] LogOutputStream:75 - [STDERR_REDIRECT] [Fatal Error] :1:1: Premature end of file.
2025-07-22 20:49:57,142 [ERROR] LogOutputStream:75 - [STDERR_REDIRECT] 
2025-07-22 20:49:58,131 [ERROR] LogOutputStream:75 - [STDERR_REDIRECT] [Fatal Error] :1:1: Premature end of file.
2025-07-22 20:49:58,132 [ERROR] LogOutputStream:75 - [STDERR_REDIRECT] 
2025-07-22 20:49:59,140 [ERROR] LogOutputStream:75 - [STDERR_REDIRECT] [Fatal Error] :1:1: Premature end of file.
2025-07-22 20:49:59,140 [ERROR] LogOutputStream:75 - [STDERR_REDIRECT] 
2025-07-22 20:50:00,143 [ERROR] LogOutputStream:75 - [STDERR_REDIRECT] [Fatal Error] :1:1: Premature end of file.
2025-07-22 20:50:00,143 [ERROR] LogOutputStream:75 - [STDERR_REDIRECT] 
2025-07-22 20:50:01,136 [ERROR] LogOutputStream:75 - [STDERR_REDIRECT] [Fatal Error] :1:1: Premature end of file.
2025-07-22 20:50:01,136 [ERROR] LogOutputStream:75 - [STDERR_REDIRECT] 
2025-07-22 20:50:02,132 [ERROR] LogOutputStream:75 - [STDERR_REDIRECT] [Fatal Error] :1:1: Premature end of file.
2025-07-22 20:50:02,132 [ERROR] LogOutputStream:75 - [STDERR_REDIRECT] 
2025-07-22 20:50:03,133 [ERROR] LogOutputStream:75 - [STDERR_REDIRECT] [Fatal Error] :1:1: Premature end of file.
2025-07-22 20:50:03,133 [ERROR] LogOutputStream:75 - [STDERR_REDIRECT] 
2025-07-22 20:50:04,133 [ERROR] LogOutputStream:75 - [STDERR_REDIRECT] [Fatal Error] :1:1: Premature end of file.
2025-07-22 20:50:04,133 [ERROR] LogOutputStream:75 - [STDERR_REDIRECT] 
2025-07-22 20:50:05,162 [ERROR] LogOutputStream:75 - [STDERR_REDIRECT] [Fatal Error] :1:1: Premature end of file.
2025-07-22 20:50:05,162 [ERROR] LogOutputStream:75 - [STDERR_REDIRECT] 
2025-07-22 20:50:06,140 [ERROR] LogOutputStream:75 - [STDERR_REDIRECT] [Fatal Error] :1:1: Premature end of file.
2025-07-22 20:50:06,140 [ERROR] LogOutputStream:75 - [STDERR_REDIRECT] 
2025-07-22 20:50:07,145 [ERROR] LogOutputStream:75 - [STDERR_REDIRECT] [Fatal Error] :1:1: Premature end of file.
2025-07-22 20:50:07,145 [ERROR] LogOutputStream:75 - [STDERR_REDIRECT] 
2025-07-22 20:50:08,143 [ERROR] LogOutputStream:75 - [STDERR_REDIRECT] [Fatal Error] :1:1: Premature end of file.
2025-07-22 20:50:08,143 [ERROR] LogOutputStream:75 - [STDERR_REDIRECT] 
2025-07-22 20:50:09,134 [ERROR] LogOutputStream:75 - [STDERR_REDIRECT] [Fatal Error] :1:1: Premature end of file.
2025-07-22 20:50:09,135 [ERROR] LogOutputStream:75 - [STDERR_REDIRECT] 
2025-07-22 20:50:10,132 [ERROR] LogOutputStream:75 - [STDERR_REDIRECT] [Fatal Error] :1:1: Premature end of file.
2025-07-22 20:50:10,132 [ERROR] LogOutputStream:75 - [STDERR_REDIRECT] 
2025-07-22 20:50:11,140 [ERROR] LogOutputStream:75 - [STDERR_REDIRECT] [Fatal Error] :1:1: Premature end of file.
2025-07-22 20:50:11,141 [ERROR] LogOutputStream:75 - [STDERR_REDIRECT] 
2025-07-22 20:50:12,141 [ERROR] LogOutputStream:75 - [STDERR_REDIRECT] [Fatal Error] :1:1: Premature end of file.
2025-07-22 20:50:12,141 [ERROR] LogOutputStream:75 - [STDERR_REDIRECT] 
2025-07-22 20:50:13,151 [ERROR] LogOutputStream:75 - [STDERR_REDIRECT] [Fatal Error] :1:1: Premature end of file.
2025-07-22 20:50:13,152 [ERROR] LogOutputStream:75 - [STDERR_REDIRECT] 
2025-07-22 20:50:14,145 [ERROR] LogOutputStream:75 - [STDERR_REDIRECT] [Fatal Error] :1:1: Premature end of file.
2025-07-22 20:50:14,145 [ERROR] LogOutputStream:75 - [STDERR_REDIRECT] 
2025-07-22 20:50:15,131 [ERROR] LogOutputStream:75 - [STDERR_REDIRECT] [Fatal Error] :1:1: Premature end of file.
2025-07-22 20:50:15,131 [ERROR] LogOutputStream:75 - [STDERR_REDIRECT] 
2025-07-22 20:50:16,133 [ERROR] LogOutputStream:75 - [STDERR_REDIRECT] [Fatal Error] :1:1: Premature end of file.
2025-07-22 20:50:16,133 [ERROR] LogOutputStream:75 - [STDERR_REDIRECT] 
2025-07-22 20:50:17,131 [ERROR] LogOutputStream:75 - [STDERR_REDIRECT] [Fatal Error] :1:1: Premature end of file.
2025-07-22 20:50:17,131 [ERROR] LogOutputStream:75 - [STDERR_REDIRECT] 
2025-07-22 20:50:18,132 [ERROR] LogOutputStream:75 - [STDERR_REDIRECT] [Fatal Error] :1:1: Premature end of file.
2025-07-22 20:50:18,133 [ERROR] LogOutputStream:75 - [STDERR_REDIRECT] 
2025-07-22 20:50:19,134 [ERROR] LogOutputStream:75 - [STDERR_REDIRECT] [Fatal Error] :1:1: Premature end of file.
2025-07-22 20:50:19,134 [ERROR] LogOutputStream:75 - [STDERR_REDIRECT] 
2025-07-22 20:50:20,148 [ERROR] LogOutputStream:75 - [STDERR_REDIRECT] [Fatal Error] :1:1: Premature end of file.
2025-07-22 20:50:20,148 [ERROR] LogOutputStream:75 - [STDERR_REDIRECT] 
2025-07-22 20:50:21,165 [ERROR] LogOutputStream:75 - [STDERR_REDIRECT] [Fatal Error] :1:1: Premature end of file.
2025-07-22 20:50:21,165 [ERROR] LogOutputStream:75 - [STDERR_REDIRECT] 
2025-07-22 20:50:22,146 [ERROR] LogOutputStream:75 - [STDERR_REDIRECT] [Fatal Error] :1:1: Premature end of file.
2025-07-22 20:50:22,146 [ERROR] LogOutputStream:75 - [STDERR_REDIRECT] 
2025-07-22 20:50:23,140 [ERROR] LogOutputStream:75 - [STDERR_REDIRECT] [Fatal Error] :1:1: Premature end of file.
2025-07-22 20:50:23,141 [ERROR] LogOutputStream:75 - [STDERR_REDIRECT] 
2025-07-22 20:50:24,130 [ERROR] LogOutputStream:75 - [STDERR_REDIRECT] [Fatal Error] :1:1: Premature end of file.
2025-07-22 20:50:24,130 [ERROR] LogOutputStream:75 - [STDERR_REDIRECT] 
2025-07-22 20:50:25,132 [ERROR] LogOutputStream:75 - [STDERR_REDIRECT] [Fatal Error] :1:1: Premature end of file.
2025-07-22 20:50:25,132 [ERROR] LogOutputStream:75 - [STDERR_REDIRECT] 
2025-07-22 20:50:26,143 [ERROR] LogOutputStream:75 - [STDERR_REDIRECT] [Fatal Error] :1:1: Premature end of file.
2025-07-22 20:50:26,143 [ERROR] LogOutputStream:75 - [STDERR_REDIRECT] 
2025-07-22 20:50:27,138 [ERROR] LogOutputStream:75 - [STDERR_REDIRECT] [Fatal Error] :1:1: Premature end of file.
2025-07-22 20:50:27,139 [ERROR] LogOutputStream:75 - [STDERR_REDIRECT] 
2025-07-22 20:50:28,143 [ERROR] LogOutputStream:75 - [STDERR_REDIRECT] [Fatal Error] :1:1: Premature end of file.
2025-07-22 20:50:28,143 [ERROR] LogOutputStream:75 - [STDERR_REDIRECT] 
2025-07-22 20:50:29,136 [ERROR] LogOutputStream:75 - [STDERR_REDIRECT] [Fatal Error] :1:1: Premature end of file.
2025-07-22 20:50:29,136 [ERROR] LogOutputStream:75 - [STDERR_REDIRECT] 
2025-07-22 20:50:30,132 [ERROR] LogOutputStream:75 - [STDERR_REDIRECT] [Fatal Error] :1:1: Premature end of file.
2025-07-22 20:50:30,132 [ERROR] LogOutputStream:75 - [STDERR_REDIRECT] 
2025-07-22 20:50:31,141 [ERROR] LogOutputStream:75 - [STDERR_REDIRECT] [Fatal Error] :1:1: Premature end of file.
2025-07-22 20:50:31,141 [ERROR] LogOutputStream:75 - [STDERR_REDIRECT] 
2025-07-22 20:50:32,144 [ERROR] LogOutputStream:75 - [STDERR_REDIRECT] [Fatal Error] :1:1: Premature end of file.
2025-07-22 20:50:32,144 [ERROR] LogOutputStream:75 - [STDERR_REDIRECT] 
2025-07-22 20:50:33,133 [ERROR] LogOutputStream:75 - [STDERR_REDIRECT] [Fatal Error] :1:1: Premature end of file.
2025-07-22 20:50:33,133 [ERROR] LogOutputStream:75 - [STDERR_REDIRECT] 
2025-07-22 20:50:34,131 [ERROR] LogOutputStream:75 - [STDERR_REDIRECT] [Fatal Error] :1:1: Premature end of file.
2025-07-22 20:50:34,131 [ERROR] LogOutputStream:75 - [STDERR_REDIRECT] 
2025-07-22 20:50:35,135 [ERROR] LogOutputStream:75 - [STDERR_REDIRECT] [Fatal Error] :1:1: Premature end of file.
2025-07-22 20:50:35,135 [ERROR] LogOutputStream:75 - [STDERR_REDIRECT] 
2025-07-22 20:50:36,136 [ERROR] LogOutputStream:75 - [STDERR_REDIRECT] [Fatal Error] :1:1: Premature end of file.
2025-07-22 20:50:36,137 [ERROR] LogOutputStream:75 - [STDERR_REDIRECT] 
2025-07-22 20:50:37,142 [ERROR] LogOutputStream:75 - [STDERR_REDIRECT] [Fatal Error] :1:1: Premature end of file.
2025-07-22 20:50:37,142 [ERROR] LogOutputStream:75 - [STDERR_REDIRECT] 
2025-07-22 20:50:38,133 [ERROR] LogOutputStream:75 - [STDERR_REDIRECT] [Fatal Error] :1:1: Premature end of file.
2025-07-22 20:50:38,133 [ERROR] LogOutputStream:75 - [STDERR_REDIRECT] 
2025-07-22 20:50:39,131 [ERROR] LogOutputStream:75 - [STDERR_REDIRECT] [Fatal Error] :1:1: Premature end of file.
2025-07-22 20:50:39,132 [ERROR] LogOutputStream:75 - [STDERR_REDIRECT] 
2025-07-22 20:50:40,138 [ERROR] LogOutputStream:75 - [STDERR_REDIRECT] [Fatal Error] :1:1: Premature end of file.
2025-07-22 20:50:40,138 [ERROR] LogOutputStream:75 - [STDERR_REDIRECT] 
2025-07-22 20:50:41,132 [ERROR] LogOutputStream:75 - [STDERR_REDIRECT] [Fatal Error] :1:1: Premature end of file.
2025-07-22 20:50:41,132 [ERROR] LogOutputStream:75 - [STDERR_REDIRECT] 
2025-07-22 20:50:42,134 [ERROR] LogOutputStream:75 - [STDERR_REDIRECT] [Fatal Error] :1:1: Premature end of file.
2025-07-22 20:50:42,134 [ERROR] LogOutputStream:75 - [STDERR_REDIRECT] 
2025-07-22 20:50:43,131 [ERROR] LogOutputStream:75 - [STDERR_REDIRECT] [Fatal Error] :1:1: Premature end of file.
2025-07-22 20:50:43,131 [ERROR] LogOutputStream:75 - [STDERR_REDIRECT] 
2025-07-22 20:50:44,132 [ERROR] LogOutputStream:75 - [STDERR_REDIRECT] [Fatal Error] :1:1: Premature end of file.
2025-07-22 20:50:44,132 [ERROR] LogOutputStream:75 - [STDERR_REDIRECT] 
2025-07-22 20:50:45,138 [ERROR] LogOutputStream:75 - [STDERR_REDIRECT] [Fatal Error] :1:1: Premature end of file.
2025-07-22 20:50:45,138 [ERROR] LogOutputStream:75 - [STDERR_REDIRECT] 
2025-07-22 20:50:46,136 [ERROR] LogOutputStream:75 - [STDERR_REDIRECT] [Fatal Error] :1:1: Premature end of file.
2025-07-22 20:50:46,136 [ERROR] LogOutputStream:75 - [STDERR_REDIRECT] 
2025-07-22 20:50:47,142 [ERROR] LogOutputStream:75 - [STDERR_REDIRECT] [Fatal Error] :1:1: Premature end of file.
2025-07-22 20:50:47,142 [ERROR] LogOutputStream:75 - [STDERR_REDIRECT] 
2025-07-22 20:50:48,146 [ERROR] LogOutputStream:75 - [STDERR_REDIRECT] [Fatal Error] :1:1: Premature end of file.
2025-07-22 20:50:48,146 [ERROR] LogOutputStream:75 - [STDERR_REDIRECT] 
2025-07-22 20:50:49,138 [ERROR] LogOutputStream:75 - [STDERR_REDIRECT] [Fatal Error] :1:1: Premature end of file.
2025-07-22 20:50:49,138 [ERROR] LogOutputStream:75 - [STDERR_REDIRECT] 
2025-07-22 20:50:50,132 [ERROR] LogOutputStream:75 - [STDERR_REDIRECT] [Fatal Error] :1:1: Premature end of file.
2025-07-22 20:50:50,132 [ERROR] LogOutputStream:75 - [STDERR_REDIRECT] 
2025-07-22 20:50:51,128 [ERROR] LogOutputStream:75 - [STDERR_REDIRECT] [Fatal Error] :1:1: Premature end of file.
2025-07-22 20:50:51,128 [ERROR] LogOutputStream:75 - [STDERR_REDIRECT] 
2025-07-22 20:50:52,135 [ERROR] LogOutputStream:75 - [STDERR_REDIRECT] [Fatal Error] :1:1: Premature end of file.
2025-07-22 20:50:52,135 [ERROR] LogOutputStream:75 - [STDERR_REDIRECT] 
2025-07-22 20:50:53,136 [ERROR] LogOutputStream:75 - [STDERR_REDIRECT] [Fatal Error] :1:1: Premature end of file.
2025-07-22 20:50:53,136 [ERROR] LogOutputStream:75 - [STDERR_REDIRECT] 
2025-07-22 20:50:54,132 [ERROR] LogOutputStream:75 - [STDERR_REDIRECT] [Fatal Error] :1:1: Premature end of file.
2025-07-22 20:50:54,133 [ERROR] LogOutputStream:75 - [STDERR_REDIRECT] 
2025-07-22 20:50:55,132 [ERROR] LogOutputStream:75 - [STDERR_REDIRECT] [Fatal Error] :1:1: Premature end of file.
2025-07-22 20:50:55,132 [ERROR] LogOutputStream:75 - [STDERR_REDIRECT] 
2025-07-22 20:50:56,131 [ERROR] LogOutputStream:75 - [STDERR_REDIRECT] [Fatal Error] :1:1: Premature end of file.
2025-07-22 20:50:56,131 [ERROR] LogOutputStream:75 - [STDERR_REDIRECT] 
2025-07-22 20:50:57,140 [ERROR] LogOutputStream:75 - [STDERR_REDIRECT] [Fatal Error] :1:1: Premature end of file.
2025-07-22 20:50:57,140 [ERROR] LogOutputStream:75 - [STDERR_REDIRECT] 
2025-07-22 20:50:58,135 [ERROR] LogOutputStream:75 - [STDERR_REDIRECT] [Fatal Error] :1:1: Premature end of file.
2025-07-22 20:50:58,136 [ERROR] LogOutputStream:75 - [STDERR_REDIRECT] 
2025-07-22 20:50:59,130 [ERROR] LogOutputStream:75 - [STDERR_REDIRECT] [Fatal Error] :1:1: Premature end of file.
2025-07-22 20:50:59,130 [ERROR] LogOutputStream:75 - [STDERR_REDIRECT] 
2025-07-22 20:51:00,139 [ERROR] LogOutputStream:75 - [STDERR_REDIRECT] [Fatal Error] :1:1: Premature end of file.
2025-07-22 20:51:00,139 [ERROR] LogOutputStream:75 - [STDERR_REDIRECT] 
2025-07-22 20:51:01,144 [ERROR] LogOutputStream:75 - [STDERR_REDIRECT] [Fatal Error] :1:1: Premature end of file.
2025-07-22 20:51:01,144 [ERROR] LogOutputStream:75 - [STDERR_REDIRECT] 
2025-07-22 20:51:02,140 [ERROR] LogOutputStream:75 - [STDERR_REDIRECT] [Fatal Error] :1:1: Premature end of file.
2025-07-22 20:51:02,140 [ERROR] LogOutputStream:75 - [STDERR_REDIRECT] 
2025-07-22 20:51:03,147 [ERROR] LogOutputStream:75 - [STDERR_REDIRECT] [Fatal Error] :1:1: Premature end of file.
2025-07-22 20:51:03,147 [ERROR] LogOutputStream:75 - [STDERR_REDIRECT] 
2025-07-22 20:51:04,194 [ERROR] LogOutputStream:75 - [STDERR_REDIRECT] [Fatal Error] :1:1: Premature end of file.
2025-07-22 20:51:04,194 [ERROR] LogOutputStream:75 - [STDERR_REDIRECT] 
2025-07-22 20:51:05,141 [ERROR] LogOutputStream:75 - [STDERR_REDIRECT] [Fatal Error] :1:1: Premature end of file.
2025-07-22 20:51:05,141 [ERROR] LogOutputStream:75 - [STDERR_REDIRECT] 
2025-07-22 20:51:06,145 [ERROR] LogOutputStream:75 - [STDERR_REDIRECT] [Fatal Error] :1:1: Premature end of file.
2025-07-22 20:51:06,145 [ERROR] LogOutputStream:75 - [STDERR_REDIRECT] 
2025-07-22 20:51:07,141 [ERROR] LogOutputStream:75 - [STDERR_REDIRECT] [Fatal Error] :1:1: Premature end of file.
2025-07-22 20:51:07,141 [ERROR] LogOutputStream:75 - [STDERR_REDIRECT] 
2025-07-22 20:51:08,145 [ERROR] LogOutputStream:75 - [STDERR_REDIRECT] [Fatal Error] :1:1: Premature end of file.
2025-07-22 20:51:08,146 [ERROR] LogOutputStream:75 - [STDERR_REDIRECT] 
2025-07-22 20:51:09,142 [ERROR] LogOutputStream:75 - [STDERR_REDIRECT] [Fatal Error] :1:1: Premature end of file.
2025-07-22 20:51:09,142 [ERROR] LogOutputStream:75 - [STDERR_REDIRECT] 
2025-07-22 20:51:10,146 [ERROR] LogOutputStream:75 - [STDERR_REDIRECT] [Fatal Error] :1:1: Premature end of file.
2025-07-22 20:51:10,146 [ERROR] LogOutputStream:75 - [STDERR_REDIRECT] 
2025-07-22 20:51:11,140 [ERROR] LogOutputStream:75 - [STDERR_REDIRECT] [Fatal Error] :1:1: Premature end of file.
2025-07-22 20:51:11,140 [ERROR] LogOutputStream:75 - [STDERR_REDIRECT] 
2025-07-22 20:51:12,141 [ERROR] LogOutputStream:75 - [STDERR_REDIRECT] [Fatal Error] :1:1: Premature end of file.
2025-07-22 20:51:12,141 [ERROR] LogOutputStream:75 - [STDERR_REDIRECT] 
2025-07-22 20:51:13,137 [ERROR] LogOutputStream:75 - [STDERR_REDIRECT] [Fatal Error] :1:1: Premature end of file.
2025-07-22 20:51:13,137 [ERROR] LogOutputStream:75 - [STDERR_REDIRECT] 
2025-07-22 20:51:14,146 [ERROR] LogOutputStream:75 - [STDERR_REDIRECT] [Fatal Error] :1:1: Premature end of file.
2025-07-22 20:51:14,147 [ERROR] LogOutputStream:75 - [STDERR_REDIRECT] 
2025-07-22 20:51:15,139 [ERROR] LogOutputStream:75 - [STDERR_REDIRECT] [Fatal Error] :1:1: Premature end of file.
2025-07-22 20:51:15,139 [ERROR] LogOutputStream:75 - [STDERR_REDIRECT] 
2025-07-22 20:51:16,139 [ERROR] LogOutputStream:75 - [STDERR_REDIRECT] [Fatal Error] :1:1: Premature end of file.
2025-07-22 20:51:16,139 [ERROR] LogOutputStream:75 - [STDERR_REDIRECT] 
2025-07-22 20:51:17,143 [ERROR] LogOutputStream:75 - [STDERR_REDIRECT] [Fatal Error] :1:1: Premature end of file.
2025-07-22 20:51:17,143 [ERROR] LogOutputStream:75 - [STDERR_REDIRECT] 
2025-07-22 20:51:18,144 [ERROR] LogOutputStream:75 - [STDERR_REDIRECT] [Fatal Error] :1:1: Premature end of file.
2025-07-22 20:51:18,144 [ERROR] LogOutputStream:75 - [STDERR_REDIRECT] 
2025-07-22 20:51:19,137 [ERROR] LogOutputStream:75 - [STDERR_REDIRECT] [Fatal Error] :1:1: Premature end of file.
2025-07-22 20:51:19,137 [ERROR] LogOutputStream:75 - [STDERR_REDIRECT] 
2025-07-22 20:51:20,143 [ERROR] LogOutputStream:75 - [STDERR_REDIRECT] [Fatal Error] :1:1: Premature end of file.
2025-07-22 20:51:20,143 [ERROR] LogOutputStream:75 - [STDERR_REDIRECT] 
2025-07-22 20:51:21,146 [ERROR] LogOutputStream:75 - [STDERR_REDIRECT] [Fatal Error] :1:1: Premature end of file.
2025-07-22 20:51:21,146 [ERROR] LogOutputStream:75 - [STDERR_REDIRECT] 
2025-07-22 20:51:22,140 [ERROR] LogOutputStream:75 - [STDERR_REDIRECT] [Fatal Error] :1:1: Premature end of file.
2025-07-22 20:51:22,140 [ERROR] LogOutputStream:75 - [STDERR_REDIRECT] 
2025-07-22 20:51:23,146 [ERROR] LogOutputStream:75 - [STDERR_REDIRECT] [Fatal Error] :1:1: Premature end of file.
2025-07-22 20:51:23,146 [ERROR] LogOutputStream:75 - [STDERR_REDIRECT] 
2025-07-22 20:51:24,136 [ERROR] LogOutputStream:75 - [STDERR_REDIRECT] [Fatal Error] :1:1: Premature end of file.
2025-07-22 20:51:24,136 [ERROR] LogOutputStream:75 - [STDERR_REDIRECT] 
2025-07-22 20:51:25,138 [ERROR] LogOutputStream:75 - [STDERR_REDIRECT] [Fatal Error] :1:1: Premature end of file.
2025-07-22 20:51:25,138 [ERROR] LogOutputStream:75 - [STDERR_REDIRECT] 
2025-07-22 20:51:26,146 [ERROR] LogOutputStream:75 - [STDERR_REDIRECT] [Fatal Error] :1:1: Premature end of file.
2025-07-22 20:51:26,146 [ERROR] LogOutputStream:75 - [STDERR_REDIRECT] 
2025-07-22 20:51:27,131 [ERROR] LogOutputStream:75 - [STDERR_REDIRECT] [Fatal Error] :1:1: Premature end of file.
2025-07-22 20:51:27,131 [ERROR] LogOutputStream:75 - [STDERR_REDIRECT] 
2025-07-22 20:51:28,145 [ERROR] LogOutputStream:75 - [STDERR_REDIRECT] [Fatal Error] :1:1: Premature end of file.
2025-07-22 20:51:28,145 [ERROR] LogOutputStream:75 - [STDERR_REDIRECT] 
2025-07-22 20:51:29,142 [ERROR] LogOutputStream:75 - [STDERR_REDIRECT] [Fatal Error] :1:1: Premature end of file.
2025-07-22 20:51:29,142 [ERROR] LogOutputStream:75 - [STDERR_REDIRECT] 
2025-07-22 20:51:30,144 [ERROR] LogOutputStream:75 - [STDERR_REDIRECT] [Fatal Error] :1:1: Premature end of file.
2025-07-22 20:51:30,144 [ERROR] LogOutputStream:75 - [STDERR_REDIRECT] 
2025-07-22 20:51:31,141 [ERROR] LogOutputStream:75 - [STDERR_REDIRECT] [Fatal Error] :1:1: Premature end of file.
2025-07-22 20:51:31,142 [ERROR] LogOutputStream:75 - [STDERR_REDIRECT] 
2025-07-22 20:51:32,142 [ERROR] LogOutputStream:75 - [STDERR_REDIRECT] [Fatal Error] :1:1: Premature end of file.
2025-07-22 20:51:32,142 [ERROR] LogOutputStream:75 - [STDERR_REDIRECT] 
2025-07-22 20:51:33,144 [ERROR] LogOutputStream:75 - [STDERR_REDIRECT] [Fatal Error] :1:1: Premature end of file.
2025-07-22 20:51:33,144 [ERROR] LogOutputStream:75 - [STDERR_REDIRECT] 
2025-07-22 20:51:34,144 [ERROR] LogOutputStream:75 - [STDERR_REDIRECT] [Fatal Error] :1:1: Premature end of file.
2025-07-22 20:51:34,144 [ERROR] LogOutputStream:75 - [STDERR_REDIRECT] 
2025-07-22 20:51:35,140 [ERROR] LogOutputStream:75 - [STDERR_REDIRECT] [Fatal Error] :1:1: Premature end of file.
2025-07-22 20:51:35,140 [ERROR] LogOutputStream:75 - [STDERR_REDIRECT] 
2025-07-22 20:51:36,133 [ERROR] LogOutputStream:75 - [STDERR_REDIRECT] [Fatal Error] :1:1: Premature end of file.
2025-07-22 20:51:36,133 [ERROR] LogOutputStream:75 - [STDERR_REDIRECT] 
2025-07-22 20:51:37,141 [ERROR] LogOutputStream:75 - [STDERR_REDIRECT] [Fatal Error] :1:1: Premature end of file.
2025-07-22 20:51:37,141 [ERROR] LogOutputStream:75 - [STDERR_REDIRECT] 
2025-07-22 20:51:38,133 [ERROR] LogOutputStream:75 - [STDERR_REDIRECT] [Fatal Error] :1:1: Premature end of file.
2025-07-22 20:51:38,133 [ERROR] LogOutputStream:75 - [STDERR_REDIRECT] 
2025-07-22 20:51:39,127 [ERROR] LogOutputStream:75 - [STDERR_REDIRECT] [Fatal Error] :1:1: Premature end of file.
2025-07-22 20:51:39,127 [ERROR] LogOutputStream:75 - [STDERR_REDIRECT] 
2025-07-22 20:51:40,145 [ERROR] LogOutputStream:75 - [STDERR_REDIRECT] [Fatal Error] :1:1: Premature end of file.
2025-07-22 20:51:40,145 [ERROR] LogOutputStream:75 - [STDERR_REDIRECT] 
2025-07-22 20:51:41,146 [ERROR] LogOutputStream:75 - [STDERR_REDIRECT] [Fatal Error] :1:1: Premature end of file.
2025-07-22 20:51:41,146 [ERROR] LogOutputStream:75 - [STDERR_REDIRECT] 
2025-07-22 20:51:42,144 [ERROR] LogOutputStream:75 - [STDERR_REDIRECT] [Fatal Error] :1:1: Premature end of file.
2025-07-22 20:51:42,144 [ERROR] LogOutputStream:75 - [STDERR_REDIRECT] 
2025-07-22 20:51:43,142 [ERROR] LogOutputStream:75 - [STDERR_REDIRECT] [Fatal Error] :1:1: Premature end of file.
2025-07-22 20:51:43,142 [ERROR] LogOutputStream:75 - [STDERR_REDIRECT] 
2025-07-22 20:51:44,144 [ERROR] LogOutputStream:75 - [STDERR_REDIRECT] [Fatal Error] :1:1: Premature end of file.
2025-07-22 20:51:44,144 [ERROR] LogOutputStream:75 - [STDERR_REDIRECT] 
2025-07-22 20:51:45,145 [ERROR] LogOutputStream:75 - [STDERR_REDIRECT] [Fatal Error] :1:1: Premature end of file.
2025-07-22 20:51:45,145 [ERROR] LogOutputStream:75 - [STDERR_REDIRECT] 
2025-07-22 20:51:46,141 [ERROR] LogOutputStream:75 - [STDERR_REDIRECT] [Fatal Error] :1:1: Premature end of file.
2025-07-22 20:51:46,141 [ERROR] LogOutputStream:75 - [STDERR_REDIRECT] 
2025-07-22 20:51:47,145 [ERROR] LogOutputStream:75 - [STDERR_REDIRECT] [Fatal Error] :1:1: Premature end of file.
2025-07-22 20:51:47,145 [ERROR] LogOutputStream:75 - [STDERR_REDIRECT] 
2025-07-22 20:51:48,180 [ERROR] LogOutputStream:75 - [STDERR_REDIRECT] [Fatal Error] :1:1: Premature end of file.
2025-07-22 20:51:48,180 [ERROR] LogOutputStream:75 - [STDERR_REDIRECT] 
2025-07-22 20:51:49,140 [ERROR] LogOutputStream:75 - [STDERR_REDIRECT] [Fatal Error] :1:1: Premature end of file.
2025-07-22 20:51:49,141 [ERROR] LogOutputStream:75 - [STDERR_REDIRECT] 
2025-07-22 20:51:50,127 [ERROR] LogOutputStream:75 - [STDERR_REDIRECT] [Fatal Error] :1:1: Premature end of file.
2025-07-22 20:51:50,128 [ERROR] LogOutputStream:75 - [STDERR_REDIRECT] 
2025-07-22 20:51:51,135 [ERROR] LogOutputStream:75 - [STDERR_REDIRECT] [Fatal Error] :1:1: Premature end of file.
2025-07-22 20:51:51,135 [ERROR] LogOutputStream:75 - [STDERR_REDIRECT] 
2025-07-22 20:51:52,130 [ERROR] LogOutputStream:75 - [STDERR_REDIRECT] [Fatal Error] :1:1: Premature end of file.
2025-07-22 20:51:52,130 [ERROR] LogOutputStream:75 - [STDERR_REDIRECT] 
2025-07-22 20:51:53,221 [ERROR] LogOutputStream:75 - [STDERR_REDIRECT] [Fatal Error] :1:1: Premature end of file.
2025-07-22 20:51:53,222 [ERROR] LogOutputStream:75 - [STDERR_REDIRECT] 
2025-07-22 20:51:54,137 [ERROR] LogOutputStream:75 - [STDERR_REDIRECT] [Fatal Error] :1:1: Premature end of file.
2025-07-22 20:51:54,137 [ERROR] LogOutputStream:75 - [STDERR_REDIRECT] 
2025-07-22 20:51:55,143 [ERROR] LogOutputStream:75 - [STDERR_REDIRECT] [Fatal Error] :1:1: Premature end of file.
2025-07-22 20:51:55,143 [ERROR] LogOutputStream:75 - [STDERR_REDIRECT] 
2025-07-22 20:51:56,140 [ERROR] LogOutputStream:75 - [STDERR_REDIRECT] [Fatal Error] :1:1: Premature end of file.
2025-07-22 20:51:56,140 [ERROR] LogOutputStream:75 - [STDERR_REDIRECT] 
2025-07-22 20:51:57,142 [ERROR] LogOutputStream:75 - [STDERR_REDIRECT] [Fatal Error] :1:1: Premature end of file.
2025-07-22 20:51:57,142 [ERROR] LogOutputStream:75 - [STDERR_REDIRECT] 
2025-07-22 20:51:58,142 [ERROR] LogOutputStream:75 - [STDERR_REDIRECT] [Fatal Error] :1:1: Premature end of file.
2025-07-22 20:51:58,143 [ERROR] LogOutputStream:75 - [STDERR_REDIRECT] 
2025-07-22 20:51:59,139 [ERROR] LogOutputStream:75 - [STDERR_REDIRECT] [Fatal Error] :1:1: Premature end of file.
2025-07-22 20:51:59,140 [ERROR] LogOutputStream:75 - [STDERR_REDIRECT] 
2025-07-22 20:52:00,137 [ERROR] LogOutputStream:75 - [STDERR_REDIRECT] [Fatal Error] :1:1: Premature end of file.
2025-07-22 20:52:00,137 [ERROR] LogOutputStream:75 - [STDERR_REDIRECT] 
2025-07-22 20:52:01,139 [ERROR] LogOutputStream:75 - [STDERR_REDIRECT] [Fatal Error] :1:1: Premature end of file.
2025-07-22 20:52:01,140 [ERROR] LogOutputStream:75 - [STDERR_REDIRECT] 
2025-07-22 20:52:02,142 [ERROR] LogOutputStream:75 - [STDERR_REDIRECT] [Fatal Error] :1:1: Premature end of file.
2025-07-22 20:52:02,142 [ERROR] LogOutputStream:75 - [STDERR_REDIRECT] 
2025-07-22 20:52:03,145 [ERROR] LogOutputStream:75 - [STDERR_REDIRECT] [Fatal Error] :1:1: Premature end of file.
2025-07-22 20:52:03,145 [ERROR] LogOutputStream:75 - [STDERR_REDIRECT] 
2025-07-22 20:52:04,142 [ERROR] LogOutputStream:75 - [STDERR_REDIRECT] [Fatal Error] :1:1: Premature end of file.
2025-07-22 20:52:04,142 [ERROR] LogOutputStream:75 - [STDERR_REDIRECT] 
2025-07-22 20:52:05,146 [ERROR] LogOutputStream:75 - [STDERR_REDIRECT] [Fatal Error] :1:1: Premature end of file.
2025-07-22 20:52:05,146 [ERROR] LogOutputStream:75 - [STDERR_REDIRECT] 
2025-07-22 20:52:06,138 [ERROR] LogOutputStream:75 - [STDERR_REDIRECT] [Fatal Error] :1:1: Premature end of file.
2025-07-22 20:52:06,138 [ERROR] LogOutputStream:75 - [STDERR_REDIRECT] 
2025-07-22 20:52:07,140 [ERROR] LogOutputStream:75 - [STDERR_REDIRECT] [Fatal Error] :1:1: Premature end of file.
2025-07-22 20:52:07,140 [ERROR] LogOutputStream:75 - [STDERR_REDIRECT] 
2025-07-22 20:52:08,144 [ERROR] LogOutputStream:75 - [STDERR_REDIRECT] [Fatal Error] :1:1: Premature end of file.
2025-07-22 20:52:08,144 [ERROR] LogOutputStream:75 - [STDERR_REDIRECT] 
2025-07-22 20:52:09,143 [ERROR] LogOutputStream:75 - [STDERR_REDIRECT] [Fatal Error] :1:1: Premature end of file.
2025-07-22 20:52:09,143 [ERROR] LogOutputStream:75 - [STDERR_REDIRECT] 
2025-07-22 20:52:10,142 [ERROR] LogOutputStream:75 - [STDERR_REDIRECT] [Fatal Error] :1:1: Premature end of file.
2025-07-22 20:52:10,142 [ERROR] LogOutputStream:75 - [STDERR_REDIRECT] 
2025-07-22 20:52:11,143 [ERROR] LogOutputStream:75 - [STDERR_REDIRECT] [Fatal Error] :1:1: Premature end of file.
2025-07-22 20:52:11,147 [ERROR] LogOutputStream:75 - [STDERR_REDIRECT] 
2025-07-22 20:52:12,129 [ERROR] LogOutputStream:75 - [STDERR_REDIRECT] [Fatal Error] :1:1: Premature end of file.
2025-07-22 20:52:12,129 [ERROR] LogOutputStream:75 - [STDERR_REDIRECT] 
2025-07-22 20:52:13,148 [ERROR] LogOutputStream:75 - [STDERR_REDIRECT] [Fatal Error] :1:1: Premature end of file.
2025-07-22 20:52:13,148 [ERROR] LogOutputStream:75 - [STDERR_REDIRECT] 
2025-07-22 20:52:14,138 [ERROR] LogOutputStream:75 - [STDERR_REDIRECT] [Fatal Error] :1:1: Premature end of file.
2025-07-22 20:52:14,138 [ERROR] LogOutputStream:75 - [STDERR_REDIRECT] 
2025-07-22 20:52:15,136 [ERROR] LogOutputStream:75 - [STDERR_REDIRECT] [Fatal Error] :1:1: Premature end of file.
2025-07-22 20:52:15,137 [ERROR] LogOutputStream:75 - [STDERR_REDIRECT] 
2025-07-22 20:52:16,138 [ERROR] LogOutputStream:75 - [STDERR_REDIRECT] [Fatal Error] :1:1: Premature end of file.
2025-07-22 20:52:16,138 [ERROR] LogOutputStream:75 - [STDERR_REDIRECT] 
2025-07-22 20:52:17,130 [ERROR] LogOutputStream:75 - [STDERR_REDIRECT] [Fatal Error] :1:1: Premature end of file.
2025-07-22 20:52:17,131 [ERROR] LogOutputStream:75 - [STDERR_REDIRECT] 
2025-07-22 20:52:18,138 [ERROR] LogOutputStream:75 - [STDERR_REDIRECT] [Fatal Error] :1:1: Premature end of file.
2025-07-22 20:52:18,138 [ERROR] LogOutputStream:75 - [STDERR_REDIRECT] 
2025-07-22 20:52:19,140 [ERROR] LogOutputStream:75 - [STDERR_REDIRECT] [Fatal Error] :1:1: Premature end of file.
2025-07-22 20:52:19,141 [ERROR] LogOutputStream:75 - [STDERR_REDIRECT] 
2025-07-22 20:52:20,132 [ERROR] LogOutputStream:75 - [STDERR_REDIRECT] [Fatal Error] :1:1: Premature end of file.
2025-07-22 20:52:20,132 [ERROR] LogOutputStream:75 - [STDERR_REDIRECT] 
2025-07-22 20:52:21,143 [ERROR] LogOutputStream:75 - [STDERR_REDIRECT] [Fatal Error] :1:1: Premature end of file.
2025-07-22 20:52:21,143 [ERROR] LogOutputStream:75 - [STDERR_REDIRECT] 
2025-07-22 20:52:22,136 [ERROR] LogOutputStream:75 - [STDERR_REDIRECT] [Fatal Error] :1:1: Premature end of file.
2025-07-22 20:52:22,137 [ERROR] LogOutputStream:75 - [STDERR_REDIRECT] 
2025-07-22 20:52:23,142 [ERROR] LogOutputStream:75 - [STDERR_REDIRECT] [Fatal Error] :1:1: Premature end of file.
2025-07-22 20:52:23,142 [ERROR] LogOutputStream:75 - [STDERR_REDIRECT] 
2025-07-22 20:52:24,133 [ERROR] LogOutputStream:75 - [STDERR_REDIRECT] [Fatal Error] :1:1: Premature end of file.
2025-07-22 20:52:24,133 [ERROR] LogOutputStream:75 - [STDERR_REDIRECT] 
2025-07-22 20:52:25,149 [ERROR] LogOutputStream:75 - [STDERR_REDIRECT] [Fatal Error] :1:1: Premature end of file.
2025-07-22 20:52:25,149 [ERROR] LogOutputStream:75 - [STDERR_REDIRECT] 
2025-07-22 20:52:26,132 [ERROR] LogOutputStream:75 - [STDERR_REDIRECT] [Fatal Error] :1:1: Premature end of file.
2025-07-22 20:52:26,132 [ERROR] LogOutputStream:75 - [STDERR_REDIRECT] 
2025-07-22 20:52:27,137 [ERROR] LogOutputStream:75 - [STDERR_REDIRECT] [Fatal Error] :1:1: Premature end of file.
2025-07-22 20:52:27,138 [ERROR] LogOutputStream:75 - [STDERR_REDIRECT] 
2025-07-22 20:52:28,132 [ERROR] LogOutputStream:75 - [STDERR_REDIRECT] [Fatal Error] :1:1: Premature end of file.
2025-07-22 20:52:28,132 [ERROR] LogOutputStream:75 - [STDERR_REDIRECT] 
2025-07-22 20:52:29,141 [ERROR] LogOutputStream:75 - [STDERR_REDIRECT] [Fatal Error] :1:1: Premature end of file.
2025-07-22 20:52:29,141 [ERROR] LogOutputStream:75 - [STDERR_REDIRECT] 
2025-07-22 20:52:30,146 [ERROR] LogOutputStream:75 - [STDERR_REDIRECT] [Fatal Error] :1:1: Premature end of file.
2025-07-22 20:52:30,146 [ERROR] LogOutputStream:75 - [STDERR_REDIRECT] 
2025-07-22 20:52:31,141 [ERROR] LogOutputStream:75 - [STDERR_REDIRECT] [Fatal Error] :1:1: Premature end of file.
2025-07-22 20:52:31,141 [ERROR] LogOutputStream:75 - [STDERR_REDIRECT] 
2025-07-22 20:52:32,143 [ERROR] LogOutputStream:75 - [STDERR_REDIRECT] [Fatal Error] :1:1: Premature end of file.
2025-07-22 20:52:32,143 [ERROR] LogOutputStream:75 - [STDERR_REDIRECT] 
2025-07-22 20:52:33,137 [ERROR] LogOutputStream:75 - [STDERR_REDIRECT] [Fatal Error] :1:1: Premature end of file.
2025-07-22 20:52:33,138 [ERROR] LogOutputStream:75 - [STDERR_REDIRECT] 
2025-07-22 20:52:34,144 [ERROR] LogOutputStream:75 - [STDERR_REDIRECT] [Fatal Error] :1:1: Premature end of file.
2025-07-22 20:52:34,144 [ERROR] LogOutputStream:75 - [STDERR_REDIRECT] 
2025-07-22 20:52:35,144 [ERROR] LogOutputStream:75 - [STDERR_REDIRECT] [Fatal Error] :1:1: Premature end of file.
2025-07-22 20:52:35,144 [ERROR] LogOutputStream:75 - [STDERR_REDIRECT] 
2025-07-22 20:52:36,156 [ERROR] LogOutputStream:75 - [STDERR_REDIRECT] [Fatal Error] :1:1: Premature end of file.
2025-07-22 20:52:36,156 [ERROR] LogOutputStream:75 - [STDERR_REDIRECT] 
2025-07-22 20:52:37,142 [ERROR] LogOutputStream:75 - [STDERR_REDIRECT] [Fatal Error] :1:1: Premature end of file.
2025-07-22 20:52:37,142 [ERROR] LogOutputStream:75 - [STDERR_REDIRECT] 
2025-07-22 20:52:38,142 [ERROR] LogOutputStream:75 - [STDERR_REDIRECT] [Fatal Error] :1:1: Premature end of file.
2025-07-22 20:52:38,142 [ERROR] LogOutputStream:75 - [STDERR_REDIRECT] 
2025-07-22 20:52:39,143 [ERROR] LogOutputStream:75 - [STDERR_REDIRECT] [Fatal Error] :1:1: Premature end of file.
2025-07-22 20:52:39,143 [ERROR] LogOutputStream:75 - [STDERR_REDIRECT] 
2025-07-22 20:52:40,147 [ERROR] LogOutputStream:75 - [STDERR_REDIRECT] [Fatal Error] :1:1: Premature end of file.
2025-07-22 20:52:40,147 [ERROR] LogOutputStream:75 - [STDERR_REDIRECT] 
2025-07-22 20:52:41,153 [ERROR] LogOutputStream:75 - [STDERR_REDIRECT] [Fatal Error] :1:1: Premature end of file.
2025-07-22 20:52:41,153 [ERROR] LogOutputStream:75 - [STDERR_REDIRECT] 
2025-07-22 20:52:42,138 [ERROR] LogOutputStream:75 - [STDERR_REDIRECT] [Fatal Error] :1:1: Premature end of file.
2025-07-22 20:52:42,139 [ERROR] LogOutputStream:75 - [STDERR_REDIRECT] 
2025-07-22 20:52:43,134 [ERROR] LogOutputStream:75 - [STDERR_REDIRECT] [Fatal Error] :1:1: Premature end of file.
2025-07-22 20:52:43,134 [ERROR] LogOutputStream:75 - [STDERR_REDIRECT] 
2025-07-22 20:52:44,148 [ERROR] LogOutputStream:75 - [STDERR_REDIRECT] [Fatal Error] :1:1: Premature end of file.
2025-07-22 20:52:44,148 [ERROR] LogOutputStream:75 - [STDERR_REDIRECT] 
2025-07-22 20:52:45,135 [ERROR] LogOutputStream:75 - [STDERR_REDIRECT] [Fatal Error] :1:1: Premature end of file.
2025-07-22 20:52:45,135 [ERROR] LogOutputStream:75 - [STDERR_REDIRECT] 
2025-07-22 20:52:46,144 [ERROR] LogOutputStream:75 - [STDERR_REDIRECT] [Fatal Error] :1:1: Premature end of file.
2025-07-22 20:52:46,144 [ERROR] LogOutputStream:75 - [STDERR_REDIRECT] 
2025-07-22 20:52:47,143 [ERROR] LogOutputStream:75 - [STDERR_REDIRECT] [Fatal Error] :1:1: Premature end of file.
2025-07-22 20:52:47,143 [ERROR] LogOutputStream:75 - [STDERR_REDIRECT] 
2025-07-22 20:52:48,145 [ERROR] LogOutputStream:75 - [STDERR_REDIRECT] [Fatal Error] :1:1: Premature end of file.
2025-07-22 20:52:48,145 [ERROR] LogOutputStream:75 - [STDERR_REDIRECT] 
2025-07-22 20:52:49,144 [ERROR] LogOutputStream:75 - [STDERR_REDIRECT] [Fatal Error] :1:1: Premature end of file.
2025-07-22 20:52:49,144 [ERROR] LogOutputStream:75 - [STDERR_REDIRECT] 
2025-07-22 20:52:50,144 [ERROR] LogOutputStream:75 - [STDERR_REDIRECT] [Fatal Error] :1:1: Premature end of file.
2025-07-22 20:52:50,144 [ERROR] LogOutputStream:75 - [STDERR_REDIRECT] 
2025-07-22 20:52:51,140 [ERROR] LogOutputStream:75 - [STDERR_REDIRECT] [Fatal Error] :1:1: Premature end of file.
2025-07-22 20:52:51,140 [ERROR] LogOutputStream:75 - [STDERR_REDIRECT] 
2025-07-22 20:52:52,141 [ERROR] LogOutputStream:75 - [STDERR_REDIRECT] [Fatal Error] :1:1: Premature end of file.
2025-07-22 20:52:52,141 [ERROR] LogOutputStream:75 - [STDERR_REDIRECT] 
2025-07-22 20:52:53,143 [ERROR] LogOutputStream:75 - [STDERR_REDIRECT] [Fatal Error] :1:1: Premature end of file.
2025-07-22 20:52:53,143 [ERROR] LogOutputStream:75 - [STDERR_REDIRECT] 
2025-07-22 20:52:54,143 [ERROR] LogOutputStream:75 - [STDERR_REDIRECT] [Fatal Error] :1:1: Premature end of file.
2025-07-22 20:52:54,143 [ERROR] LogOutputStream:75 - [STDERR_REDIRECT] 
2025-07-22 20:52:55,146 [ERROR] LogOutputStream:75 - [STDERR_REDIRECT] [Fatal Error] :1:1: Premature end of file.
2025-07-22 20:52:55,146 [ERROR] LogOutputStream:75 - [STDERR_REDIRECT] 
2025-07-22 20:52:56,147 [ERROR] LogOutputStream:75 - [STDERR_REDIRECT] [Fatal Error] :1:1: Premature end of file.
2025-07-22 20:52:56,148 [ERROR] LogOutputStream:75 - [STDERR_REDIRECT] 
2025-07-22 20:52:57,134 [ERROR] LogOutputStream:75 - [STDERR_REDIRECT] [Fatal Error] :1:1: Premature end of file.
2025-07-22 20:52:57,134 [ERROR] LogOutputStream:75 - [STDERR_REDIRECT] 
2025-07-22 20:52:58,141 [ERROR] LogOutputStream:75 - [STDERR_REDIRECT] [Fatal Error] :1:1: Premature end of file.
2025-07-22 20:52:58,141 [ERROR] LogOutputStream:75 - [STDERR_REDIRECT] 
2025-07-22 20:52:59,140 [ERROR] LogOutputStream:75 - [STDERR_REDIRECT] [Fatal Error] :1:1: Premature end of file.
2025-07-22 20:52:59,140 [ERROR] LogOutputStream:75 - [STDERR_REDIRECT] 
2025-07-22 20:53:00,139 [ERROR] LogOutputStream:75 - [STDERR_REDIRECT] [Fatal Error] :1:1: Premature end of file.
2025-07-22 20:53:00,139 [ERROR] LogOutputStream:75 - [STDERR_REDIRECT] 
2025-07-22 20:53:01,143 [ERROR] LogOutputStream:75 - [STDERR_REDIRECT] [Fatal Error] :1:1: Premature end of file.
2025-07-22 20:53:01,143 [ERROR] LogOutputStream:75 - [STDERR_REDIRECT] 
2025-07-22 20:53:02,148 [ERROR] LogOutputStream:75 - [STDERR_REDIRECT] [Fatal Error] :1:1: Premature end of file.
2025-07-22 20:53:02,148 [ERROR] LogOutputStream:75 - [STDERR_REDIRECT] 
2025-07-22 20:53:03,147 [ERROR] LogOutputStream:75 - [STDERR_REDIRECT] [Fatal Error] :1:1: Premature end of file.
2025-07-22 20:53:03,147 [ERROR] LogOutputStream:75 - [STDERR_REDIRECT] 
2025-07-22 20:53:04,146 [ERROR] LogOutputStream:75 - [STDERR_REDIRECT] [Fatal Error] :1:1: Premature end of file.
2025-07-22 20:53:04,147 [ERROR] LogOutputStream:75 - [STDERR_REDIRECT] 
2025-07-22 20:53:05,156 [ERROR] LogOutputStream:75 - [STDERR_REDIRECT] [Fatal Error] :1:1: Premature end of file.
2025-07-22 20:53:05,156 [ERROR] LogOutputStream:75 - [STDERR_REDIRECT] 
2025-07-22 20:53:06,149 [ERROR] LogOutputStream:75 - [STDERR_REDIRECT] [Fatal Error] :1:1: Premature end of file.
2025-07-22 20:53:06,149 [ERROR] LogOutputStream:75 - [STDERR_REDIRECT] 
2025-07-22 20:53:07,145 [ERROR] LogOutputStream:75 - [STDERR_REDIRECT] [Fatal Error] :1:1: Premature end of file.
2025-07-22 20:53:07,145 [ERROR] LogOutputStream:75 - [STDERR_REDIRECT] 
2025-07-22 20:53:08,141 [ERROR] LogOutputStream:75 - [STDERR_REDIRECT] [Fatal Error] :1:1: Premature end of file.
2025-07-22 20:53:08,141 [ERROR] LogOutputStream:75 - [STDERR_REDIRECT] 
2025-07-22 20:53:09,144 [ERROR] LogOutputStream:75 - [STDERR_REDIRECT] [Fatal Error] :1:1: Premature end of file.
2025-07-22 20:53:09,144 [ERROR] LogOutputStream:75 - [STDERR_REDIRECT] 
2025-07-22 20:53:10,144 [ERROR] LogOutputStream:75 - [STDERR_REDIRECT] [Fatal Error] :1:1: Premature end of file.
2025-07-22 20:53:10,144 [ERROR] LogOutputStream:75 - [STDERR_REDIRECT] 
2025-07-22 20:53:11,149 [ERROR] LogOutputStream:75 - [STDERR_REDIRECT] [Fatal Error] :1:1: Premature end of file.
2025-07-22 20:53:11,149 [ERROR] LogOutputStream:75 - [STDERR_REDIRECT] 
2025-07-22 20:53:12,131 [ERROR] LogOutputStream:75 - [STDERR_REDIRECT] [Fatal Error] :1:1: Premature end of file.
2025-07-22 20:53:12,132 [ERROR] LogOutputStream:75 - [STDERR_REDIRECT] 
2025-07-22 20:53:13,141 [ERROR] LogOutputStream:75 - [STDERR_REDIRECT] [Fatal Error] :1:1: Premature end of file.
2025-07-22 20:53:13,141 [ERROR] LogOutputStream:75 - [STDERR_REDIRECT] 
2025-07-22 20:53:14,142 [ERROR] LogOutputStream:75 - [STDERR_REDIRECT] [Fatal Error] :1:1: Premature end of file.
2025-07-22 20:53:14,142 [ERROR] LogOutputStream:75 - [STDERR_REDIRECT] 
2025-07-22 20:53:15,144 [ERROR] LogOutputStream:75 - [STDERR_REDIRECT] [Fatal Error] :1:1: Premature end of file.
2025-07-22 20:53:15,144 [ERROR] LogOutputStream:75 - [STDERR_REDIRECT] 
2025-07-22 20:53:16,141 [ERROR] LogOutputStream:75 - [STDERR_REDIRECT] [Fatal Error] :1:1: Premature end of file.
2025-07-22 20:53:16,141 [ERROR] LogOutputStream:75 - [STDERR_REDIRECT] 
2025-07-22 20:53:17,142 [ERROR] LogOutputStream:75 - [STDERR_REDIRECT] [Fatal Error] :1:1: Premature end of file.
2025-07-22 20:53:17,142 [ERROR] LogOutputStream:75 - [STDERR_REDIRECT] 
2025-07-22 20:53:18,151 [ERROR] LogOutputStream:75 - [STDERR_REDIRECT] [Fatal Error] :1:1: Premature end of file.
2025-07-22 20:53:18,151 [ERROR] LogOutputStream:75 - [STDERR_REDIRECT] 
2025-07-22 20:53:19,145 [ERROR] LogOutputStream:75 - [STDERR_REDIRECT] [Fatal Error] :1:1: Premature end of file.
2025-07-22 20:53:19,145 [ERROR] LogOutputStream:75 - [STDERR_REDIRECT] 
2025-07-22 20:53:20,144 [ERROR] LogOutputStream:75 - [STDERR_REDIRECT] [Fatal Error] :1:1: Premature end of file.
2025-07-22 20:53:20,144 [ERROR] LogOutputStream:75 - [STDERR_REDIRECT] 
2025-07-22 20:53:21,132 [ERROR] LogOutputStream:75 - [STDERR_REDIRECT] [Fatal Error] :1:1: Premature end of file.
2025-07-22 20:53:21,132 [ERROR] LogOutputStream:75 - [STDERR_REDIRECT] 
2025-07-22 20:53:22,147 [ERROR] LogOutputStream:75 - [STDERR_REDIRECT] [Fatal Error] :1:1: Premature end of file.
2025-07-22 20:53:22,147 [ERROR] LogOutputStream:75 - [STDERR_REDIRECT] 
2025-07-22 20:53:23,142 [ERROR] LogOutputStream:75 - [STDERR_REDIRECT] [Fatal Error] :1:1: Premature end of file.
2025-07-22 20:53:23,142 [ERROR] LogOutputStream:75 - [STDERR_REDIRECT] 
2025-07-22 20:53:24,161 [ERROR] LogOutputStream:75 - [STDERR_REDIRECT] [Fatal Error] :1:1: Premature end of file.
2025-07-22 20:53:24,161 [ERROR] LogOutputStream:75 - [STDERR_REDIRECT] 
2025-07-22 20:53:25,139 [ERROR] LogOutputStream:75 - [STDERR_REDIRECT] [Fatal Error] :1:1: Premature end of file.
2025-07-22 20:53:25,139 [ERROR] LogOutputStream:75 - [STDERR_REDIRECT] 
2025-07-22 20:53:26,148 [ERROR] LogOutputStream:75 - [STDERR_REDIRECT] [Fatal Error] :1:1: Premature end of file.
2025-07-22 20:53:26,148 [ERROR] LogOutputStream:75 - [STDERR_REDIRECT] 
2025-07-22 20:53:27,144 [ERROR] LogOutputStream:75 - [STDERR_REDIRECT] [Fatal Error] :1:1: Premature end of file.
2025-07-22 20:53:27,144 [ERROR] LogOutputStream:75 - [STDERR_REDIRECT] 
2025-07-22 20:53:28,131 [ERROR] LogOutputStream:75 - [STDERR_REDIRECT] [Fatal Error] :1:1: Premature end of file.
2025-07-22 20:53:28,131 [ERROR] LogOutputStream:75 - [STDERR_REDIRECT] 
2025-07-22 20:53:29,148 [ERROR] LogOutputStream:75 - [STDERR_REDIRECT] [Fatal Error] :1:1: Premature end of file.
2025-07-22 20:53:29,148 [ERROR] LogOutputStream:75 - [STDERR_REDIRECT] 
2025-07-22 20:53:30,145 [ERROR] LogOutputStream:75 - [STDERR_REDIRECT] [Fatal Error] :1:1: Premature end of file.
2025-07-22 20:53:30,145 [ERROR] LogOutputStream:75 - [STDERR_REDIRECT] 
2025-07-22 20:53:31,147 [ERROR] LogOutputStream:75 - [STDERR_REDIRECT] [Fatal Error] :1:1: Premature end of file.
2025-07-22 20:53:31,147 [ERROR] LogOutputStream:75 - [STDERR_REDIRECT] 
2025-07-22 20:53:32,141 [ERROR] LogOutputStream:75 - [STDERR_REDIRECT] [Fatal Error] :1:1: Premature end of file.
2025-07-22 20:53:32,141 [ERROR] LogOutputStream:75 - [STDERR_REDIRECT] 
2025-07-22 20:53:33,141 [ERROR] LogOutputStream:75 - [STDERR_REDIRECT] [Fatal Error] :1:1: Premature end of file.
2025-07-22 20:53:33,141 [ERROR] LogOutputStream:75 - [STDERR_REDIRECT] 
2025-07-22 20:53:34,142 [ERROR] LogOutputStream:75 - [STDERR_REDIRECT] [Fatal Error] :1:1: Premature end of file.
2025-07-22 20:53:34,142 [ERROR] LogOutputStream:75 - [STDERR_REDIRECT] 
2025-07-22 20:53:35,145 [ERROR] LogOutputStream:75 - [STDERR_REDIRECT] [Fatal Error] :1:1: Premature end of file.
2025-07-22 20:53:35,145 [ERROR] LogOutputStream:75 - [STDERR_REDIRECT] 
2025-07-22 20:53:36,141 [ERROR] LogOutputStream:75 - [STDERR_REDIRECT] [Fatal Error] :1:1: Premature end of file.
2025-07-22 20:53:36,141 [ERROR] LogOutputStream:75 - [STDERR_REDIRECT] 
2025-07-22 20:53:37,155 [ERROR] LogOutputStream:75 - [STDERR_REDIRECT] [Fatal Error] :1:1: Premature end of file.
2025-07-22 20:53:37,156 [ERROR] LogOutputStream:75 - [STDERR_REDIRECT] 
2025-07-22 20:53:38,149 [ERROR] LogOutputStream:75 - [STDERR_REDIRECT] [Fatal Error] :1:1: Premature end of file.
2025-07-22 20:53:38,149 [ERROR] LogOutputStream:75 - [STDERR_REDIRECT] 
2025-07-22 20:53:39,146 [ERROR] LogOutputStream:75 - [STDERR_REDIRECT] [Fatal Error] :1:1: Premature end of file.
2025-07-22 20:53:39,146 [ERROR] LogOutputStream:75 - [STDERR_REDIRECT] 
2025-07-22 20:53:40,147 [ERROR] LogOutputStream:75 - [STDERR_REDIRECT] [Fatal Error] :1:1: Premature end of file.
2025-07-22 20:53:40,148 [ERROR] LogOutputStream:75 - [STDERR_REDIRECT] 
2025-07-22 20:53:41,146 [ERROR] LogOutputStream:75 - [STDERR_REDIRECT] [Fatal Error] :1:1: Premature end of file.
2025-07-22 20:53:41,146 [ERROR] LogOutputStream:75 - [STDERR_REDIRECT] 
2025-07-22 20:53:42,142 [ERROR] LogOutputStream:75 - [STDERR_REDIRECT] [Fatal Error] :1:1: Premature end of file.
2025-07-22 20:53:42,142 [ERROR] LogOutputStream:75 - [STDERR_REDIRECT] 
2025-07-22 20:53:43,142 [ERROR] LogOutputStream:75 - [STDERR_REDIRECT] [Fatal Error] :1:1: Premature end of file.
2025-07-22 20:53:43,143 [ERROR] LogOutputStream:75 - [STDERR_REDIRECT] 
2025-07-22 20:53:44,164 [ERROR] LogOutputStream:75 - [STDERR_REDIRECT] [Fatal Error] :1:1: Premature end of file.
2025-07-22 20:53:44,166 [ERROR] LogOutputStream:75 - [STDERR_REDIRECT] 
2025-07-22 20:53:45,141 [ERROR] LogOutputStream:75 - [STDERR_REDIRECT] [Fatal Error] :1:1: Premature end of file.
2025-07-22 20:53:45,141 [ERROR] LogOutputStream:75 - [STDERR_REDIRECT] 
2025-07-22 20:53:46,141 [ERROR] LogOutputStream:75 - [STDERR_REDIRECT] [Fatal Error] :1:1: Premature end of file.
2025-07-22 20:53:46,141 [ERROR] LogOutputStream:75 - [STDERR_REDIRECT] 
2025-07-22 20:53:47,133 [ERROR] LogOutputStream:75 - [STDERR_REDIRECT] [Fatal Error] :1:1: Premature end of file.
2025-07-22 20:53:47,133 [ERROR] LogOutputStream:75 - [STDERR_REDIRECT] 
2025-07-22 20:53:48,145 [ERROR] LogOutputStream:75 - [STDERR_REDIRECT] [Fatal Error] :1:1: Premature end of file.
2025-07-22 20:53:48,145 [ERROR] LogOutputStream:75 - [STDERR_REDIRECT] 
2025-07-22 20:53:49,142 [ERROR] LogOutputStream:75 - [STDERR_REDIRECT] [Fatal Error] :1:1: Premature end of file.
2025-07-22 20:53:49,142 [ERROR] LogOutputStream:75 - [STDERR_REDIRECT] 
2025-07-22 20:53:50,137 [ERROR] LogOutputStream:75 - [STDERR_REDIRECT] [Fatal Error] :1:1: Premature end of file.
2025-07-22 20:53:50,137 [ERROR] LogOutputStream:75 - [STDERR_REDIRECT] 
2025-07-22 20:53:51,142 [ERROR] LogOutputStream:75 - [STDERR_REDIRECT] [Fatal Error] :1:1: Premature end of file.
2025-07-22 20:53:51,142 [ERROR] LogOutputStream:75 - [STDERR_REDIRECT] 
2025-07-22 20:53:52,142 [ERROR] LogOutputStream:75 - [STDERR_REDIRECT] [Fatal Error] :1:1: Premature end of file.
2025-07-22 20:53:52,142 [ERROR] LogOutputStream:75 - [STDERR_REDIRECT] 
2025-07-22 20:53:53,145 [ERROR] LogOutputStream:75 - [STDERR_REDIRECT] [Fatal Error] :1:1: Premature end of file.
2025-07-22 20:53:53,145 [ERROR] LogOutputStream:75 - [STDERR_REDIRECT] 
2025-07-22 20:53:54,141 [ERROR] LogOutputStream:75 - [STDERR_REDIRECT] [Fatal Error] :1:1: Premature end of file.
2025-07-22 20:53:54,141 [ERROR] LogOutputStream:75 - [STDERR_REDIRECT] 
2025-07-22 20:53:55,142 [ERROR] LogOutputStream:75 - [STDERR_REDIRECT] [Fatal Error] :1:1: Premature end of file.
2025-07-22 20:53:55,142 [ERROR] LogOutputStream:75 - [STDERR_REDIRECT] 
2025-07-22 20:53:56,148 [ERROR] LogOutputStream:75 - [STDERR_REDIRECT] [Fatal Error] :1:1: Premature end of file.
2025-07-22 20:53:56,148 [ERROR] LogOutputStream:75 - [STDERR_REDIRECT] 
2025-07-22 20:53:57,146 [ERROR] LogOutputStream:75 - [STDERR_REDIRECT] [Fatal Error] :1:1: Premature end of file.
2025-07-22 20:53:57,146 [ERROR] LogOutputStream:75 - [STDERR_REDIRECT] 
2025-07-22 20:53:58,144 [ERROR] LogOutputStream:75 - [STDERR_REDIRECT] [Fatal Error] :1:1: Premature end of file.
2025-07-22 20:53:58,144 [ERROR] LogOutputStream:75 - [STDERR_REDIRECT] 
2025-07-22 20:53:59,146 [ERROR] LogOutputStream:75 - [STDERR_REDIRECT] [Fatal Error] :1:1: Premature end of file.
2025-07-22 20:53:59,146 [ERROR] LogOutputStream:75 - [STDERR_REDIRECT] 
2025-07-22 20:54:00,142 [ERROR] LogOutputStream:75 - [STDERR_REDIRECT] [Fatal Error] :1:1: Premature end of file.
2025-07-22 20:54:00,142 [ERROR] LogOutputStream:75 - [STDERR_REDIRECT] 
2025-07-22 20:54:01,149 [ERROR] LogOutputStream:75 - [STDERR_REDIRECT] [Fatal Error] :1:1: Premature end of file.
2025-07-22 20:54:01,149 [ERROR] LogOutputStream:75 - [STDERR_REDIRECT] 
2025-07-22 20:54:02,145 [ERROR] LogOutputStream:75 - [STDERR_REDIRECT] [Fatal Error] :1:1: Premature end of file.
2025-07-22 20:54:02,146 [ERROR] LogOutputStream:75 - [STDERR_REDIRECT] 
2025-07-22 20:54:03,141 [ERROR] LogOutputStream:75 - [STDERR_REDIRECT] [Fatal Error] :1:1: Premature end of file.
2025-07-22 20:54:03,141 [ERROR] LogOutputStream:75 - [STDERR_REDIRECT] 
2025-07-22 20:54:04,143 [ERROR] LogOutputStream:75 - [STDERR_REDIRECT] [Fatal Error] :1:1: Premature end of file.
2025-07-22 20:54:04,143 [ERROR] LogOutputStream:75 - [STDERR_REDIRECT] 
2025-07-22 20:54:05,158 [ERROR] LogOutputStream:75 - [STDERR_REDIRECT] [Fatal Error] :1:1: Premature end of file.
2025-07-22 20:54:05,158 [ERROR] LogOutputStream:75 - [STDERR_REDIRECT] 
2025-07-22 20:54:06,146 [ERROR] LogOutputStream:75 - [STDERR_REDIRECT] [Fatal Error] :1:1: Premature end of file.
2025-07-22 20:54:06,146 [ERROR] LogOutputStream:75 - [STDERR_REDIRECT] 
2025-07-22 20:54:07,148 [ERROR] LogOutputStream:75 - [STDERR_REDIRECT] [Fatal Error] :1:1: Premature end of file.
2025-07-22 20:54:07,148 [ERROR] LogOutputStream:75 - [STDERR_REDIRECT] 
2025-07-22 20:54:08,145 [ERROR] LogOutputStream:75 - [STDERR_REDIRECT] [Fatal Error] :1:1: Premature end of file.
2025-07-22 20:54:08,145 [ERROR] LogOutputStream:75 - [STDERR_REDIRECT] 
2025-07-22 20:54:09,140 [ERROR] LogOutputStream:75 - [STDERR_REDIRECT] [Fatal Error] :1:1: Premature end of file.
2025-07-22 20:54:09,140 [ERROR] LogOutputStream:75 - [STDERR_REDIRECT] 
2025-07-22 20:54:10,144 [ERROR] LogOutputStream:75 - [STDERR_REDIRECT] [Fatal Error] :1:1: Premature end of file.
2025-07-22 20:54:10,144 [ERROR] LogOutputStream:75 - [STDERR_REDIRECT] 
2025-07-22 20:54:11,146 [ERROR] LogOutputStream:75 - [STDERR_REDIRECT] [Fatal Error] :1:1: Premature end of file.
2025-07-22 20:54:11,146 [ERROR] LogOutputStream:75 - [STDERR_REDIRECT] 
2025-07-22 20:54:12,142 [ERROR] LogOutputStream:75 - [STDERR_REDIRECT] [Fatal Error] :1:1: Premature end of file.
2025-07-22 20:54:12,143 [ERROR] LogOutputStream:75 - [STDERR_REDIRECT] 
2025-07-22 20:54:13,144 [ERROR] LogOutputStream:75 - [STDERR_REDIRECT] [Fatal Error] :1:1: Premature end of file.
2025-07-22 20:54:13,144 [ERROR] LogOutputStream:75 - [STDERR_REDIRECT] 
2025-07-22 20:54:14,147 [ERROR] LogOutputStream:75 - [STDERR_REDIRECT] [Fatal Error] :1:1: Premature end of file.
2025-07-22 20:54:14,147 [ERROR] LogOutputStream:75 - [STDERR_REDIRECT] 
2025-07-22 20:54:15,146 [ERROR] LogOutputStream:75 - [STDERR_REDIRECT] [Fatal Error] :1:1: Premature end of file.
2025-07-22 20:54:15,146 [ERROR] LogOutputStream:75 - [STDERR_REDIRECT] 
2025-07-22 20:54:16,146 [ERROR] LogOutputStream:75 - [STDERR_REDIRECT] [Fatal Error] :1:1: Premature end of file.
2025-07-22 20:54:16,147 [ERROR] LogOutputStream:75 - [STDERR_REDIRECT] 
2025-07-22 20:54:17,145 [ERROR] LogOutputStream:75 - [STDERR_REDIRECT] [Fatal Error] :1:1: Premature end of file.
2025-07-22 20:54:17,145 [ERROR] LogOutputStream:75 - [STDERR_REDIRECT] 
2025-07-22 20:54:18,131 [ERROR] LogOutputStream:75 - [STDERR_REDIRECT] [Fatal Error] :1:1: Premature end of file.
2025-07-22 20:54:18,131 [ERROR] LogOutputStream:75 - [STDERR_REDIRECT] 
2025-07-22 20:54:19,144 [ERROR] LogOutputStream:75 - [STDERR_REDIRECT] [Fatal Error] :1:1: Premature end of file.
2025-07-22 20:54:19,145 [ERROR] LogOutputStream:75 - [STDERR_REDIRECT] 
2025-07-22 20:54:20,143 [ERROR] LogOutputStream:75 - [STDERR_REDIRECT] [Fatal Error] :1:1: Premature end of file.
2025-07-22 20:54:20,143 [ERROR] LogOutputStream:75 - [STDERR_REDIRECT] 
2025-07-22 20:54:21,143 [ERROR] LogOutputStream:75 - [STDERR_REDIRECT] [Fatal Error] :1:1: Premature end of file.
2025-07-22 20:54:21,143 [ERROR] LogOutputStream:75 - [STDERR_REDIRECT] 
2025-07-22 20:54:22,141 [ERROR] LogOutputStream:75 - [STDERR_REDIRECT] [Fatal Error] :1:1: Premature end of file.
2025-07-22 20:54:22,141 [ERROR] LogOutputStream:75 - [STDERR_REDIRECT] 
2025-07-22 20:54:23,145 [ERROR] LogOutputStream:75 - [STDERR_REDIRECT] [Fatal Error] :1:1: Premature end of file.
2025-07-22 20:54:23,146 [ERROR] LogOutputStream:75 - [STDERR_REDIRECT] 
2025-07-22 20:54:24,146 [ERROR] LogOutputStream:75 - [STDERR_REDIRECT] [Fatal Error] :1:1: Premature end of file.
2025-07-22 20:54:24,146 [ERROR] LogOutputStream:75 - [STDERR_REDIRECT] 
2025-07-22 20:54:25,166 [ERROR] LogOutputStream:75 - [STDERR_REDIRECT] [Fatal Error] :1:1: Premature end of file.
2025-07-22 20:54:25,167 [ERROR] LogOutputStream:75 - [STDERR_REDIRECT] 
2025-07-22 20:54:26,140 [ERROR] LogOutputStream:75 - [STDERR_REDIRECT] [Fatal Error] :1:1: Premature end of file.
2025-07-22 20:54:26,140 [ERROR] LogOutputStream:75 - [STDERR_REDIRECT] 
2025-07-22 20:54:27,141 [ERROR] LogOutputStream:75 - [STDERR_REDIRECT] [Fatal Error] :1:1: Premature end of file.
2025-07-22 20:54:27,141 [ERROR] LogOutputStream:75 - [STDERR_REDIRECT] 
2025-07-22 20:54:28,144 [ERROR] LogOutputStream:75 - [STDERR_REDIRECT] [Fatal Error] :1:1: Premature end of file.
2025-07-22 20:54:28,144 [ERROR] LogOutputStream:75 - [STDERR_REDIRECT] 
2025-07-22 20:54:29,142 [ERROR] LogOutputStream:75 - [STDERR_REDIRECT] [Fatal Error] :1:1: Premature end of file.
2025-07-22 20:54:29,142 [ERROR] LogOutputStream:75 - [STDERR_REDIRECT] 
2025-07-22 20:54:30,147 [ERROR] LogOutputStream:75 - [STDERR_REDIRECT] [Fatal Error] :1:1: Premature end of file.
2025-07-22 20:54:30,147 [ERROR] LogOutputStream:75 - [STDERR_REDIRECT] 
2025-07-22 20:54:31,146 [ERROR] LogOutputStream:75 - [STDERR_REDIRECT] [Fatal Error] :1:1: Premature end of file.
2025-07-22 20:54:31,147 [ERROR] LogOutputStream:75 - [STDERR_REDIRECT] 
2025-07-22 20:54:32,148 [ERROR] LogOutputStream:75 - [STDERR_REDIRECT] [Fatal Error] :1:1: Premature end of file.
2025-07-22 20:54:32,148 [ERROR] LogOutputStream:75 - [STDERR_REDIRECT] 
2025-07-22 20:54:33,143 [ERROR] LogOutputStream:75 - [STDERR_REDIRECT] [Fatal Error] :1:1: Premature end of file.
2025-07-22 20:54:33,143 [ERROR] LogOutputStream:75 - [STDERR_REDIRECT] 
2025-07-22 20:54:34,147 [ERROR] LogOutputStream:75 - [STDERR_REDIRECT] [Fatal Error] :1:1: Premature end of file.
2025-07-22 20:54:34,147 [ERROR] LogOutputStream:75 - [STDERR_REDIRECT] 
2025-07-22 20:54:35,146 [ERROR] LogOutputStream:75 - [STDERR_REDIRECT] [Fatal Error] :1:1: Premature end of file.
2025-07-22 20:54:35,146 [ERROR] LogOutputStream:75 - [STDERR_REDIRECT] 
2025-07-22 20:54:36,143 [ERROR] LogOutputStream:75 - [STDERR_REDIRECT] [Fatal Error] :1:1: Premature end of file.
2025-07-22 20:54:36,143 [ERROR] LogOutputStream:75 - [STDERR_REDIRECT] 
2025-07-22 20:54:37,148 [ERROR] LogOutputStream:75 - [STDERR_REDIRECT] [Fatal Error] :1:1: Premature end of file.
2025-07-22 20:54:37,148 [ERROR] LogOutputStream:75 - [STDERR_REDIRECT] 
2025-07-22 20:54:38,132 [ERROR] LogOutputStream:75 - [STDERR_REDIRECT] [Fatal Error] :1:1: Premature end of file.
2025-07-22 20:54:38,132 [ERROR] LogOutputStream:75 - [STDERR_REDIRECT] 
2025-07-22 20:54:39,149 [ERROR] LogOutputStream:75 - [STDERR_REDIRECT] [Fatal Error] :1:1: Premature end of file.
2025-07-22 20:54:39,149 [ERROR] LogOutputStream:75 - [STDERR_REDIRECT] 
2025-07-22 20:54:40,129 [ERROR] LogOutputStream:75 - [STDERR_REDIRECT] [Fatal Error] :1:1: Premature end of file.
2025-07-22 20:54:40,129 [ERROR] LogOutputStream:75 - [STDERR_REDIRECT] 
2025-07-22 20:54:41,145 [ERROR] LogOutputStream:75 - [STDERR_REDIRECT] [Fatal Error] :1:1: Premature end of file.
2025-07-22 20:54:41,145 [ERROR] LogOutputStream:75 - [STDERR_REDIRECT] 
2025-07-22 20:54:42,147 [ERROR] LogOutputStream:75 - [STDERR_REDIRECT] [Fatal Error] :1:1: Premature end of file.
2025-07-22 20:54:42,147 [ERROR] LogOutputStream:75 - [STDERR_REDIRECT] 
2025-07-22 20:54:43,144 [ERROR] LogOutputStream:75 - [STDERR_REDIRECT] [Fatal Error] :1:1: Premature end of file.
2025-07-22 20:54:43,144 [ERROR] LogOutputStream:75 - [STDERR_REDIRECT] 
2025-07-22 20:54:44,146 [ERROR] LogOutputStream:75 - [STDERR_REDIRECT] [Fatal Error] :1:1: Premature end of file.
2025-07-22 20:54:44,147 [ERROR] LogOutputStream:75 - [STDERR_REDIRECT] 
2025-07-22 20:54:45,144 [ERROR] LogOutputStream:75 - [STDERR_REDIRECT] [Fatal Error] :1:1: Premature end of file.
2025-07-22 20:54:45,144 [ERROR] LogOutputStream:75 - [STDERR_REDIRECT] 
2025-07-22 20:54:46,142 [ERROR] LogOutputStream:75 - [STDERR_REDIRECT] [Fatal Error] :1:1: Premature end of file.
2025-07-22 20:54:46,142 [ERROR] LogOutputStream:75 - [STDERR_REDIRECT] 
2025-07-22 20:54:47,133 [ERROR] LogOutputStream:75 - [STDERR_REDIRECT] [Fatal Error] :1:1: Premature end of file.
2025-07-22 20:54:47,133 [ERROR] LogOutputStream:75 - [STDERR_REDIRECT] 
2025-07-22 20:54:48,142 [ERROR] LogOutputStream:75 - [STDERR_REDIRECT] [Fatal Error] :1:1: Premature end of file.
2025-07-22 20:54:48,142 [ERROR] LogOutputStream:75 - [STDERR_REDIRECT] 
2025-07-22 20:54:49,140 [ERROR] LogOutputStream:75 - [STDERR_REDIRECT] [Fatal Error] :1:1: Premature end of file.
2025-07-22 20:54:49,140 [ERROR] LogOutputStream:75 - [STDERR_REDIRECT] 
2025-07-22 20:54:50,132 [ERROR] LogOutputStream:75 - [STDERR_REDIRECT] [Fatal Error] :1:1: Premature end of file.
2025-07-22 20:54:50,132 [ERROR] LogOutputStream:75 - [STDERR_REDIRECT] 
2025-07-22 20:54:51,144 [ERROR] LogOutputStream:75 - [STDERR_REDIRECT] [Fatal Error] :1:1: Premature end of file.
2025-07-22 20:54:51,144 [ERROR] LogOutputStream:75 - [STDERR_REDIRECT] 
2025-07-22 20:54:52,141 [ERROR] LogOutputStream:75 - [STDERR_REDIRECT] [Fatal Error] :1:1: Premature end of file.
2025-07-22 20:54:52,142 [ERROR] LogOutputStream:75 - [STDERR_REDIRECT] 
2025-07-22 20:54:53,139 [ERROR] LogOutputStream:75 - [STDERR_REDIRECT] [Fatal Error] :1:1: Premature end of file.
2025-07-22 20:54:53,139 [ERROR] LogOutputStream:75 - [STDERR_REDIRECT] 
2025-07-22 20:54:54,142 [ERROR] LogOutputStream:75 - [STDERR_REDIRECT] [Fatal Error] :1:1: Premature end of file.
2025-07-22 20:54:54,142 [ERROR] LogOutputStream:75 - [STDERR_REDIRECT] 
2025-07-22 20:54:55,132 [ERROR] LogOutputStream:75 - [STDERR_REDIRECT] [Fatal Error] :1:1: Premature end of file.
2025-07-22 20:54:55,132 [ERROR] LogOutputStream:75 - [STDERR_REDIRECT] 
2025-07-22 20:54:56,127 [ERROR] LogOutputStream:75 - [STDERR_REDIRECT] [Fatal Error] :1:1: Premature end of file.
2025-07-22 20:54:56,128 [ERROR] LogOutputStream:75 - [STDERR_REDIRECT] 
2025-07-22 20:54:57,147 [ERROR] LogOutputStream:75 - [STDERR_REDIRECT] [Fatal Error] :1:1: Premature end of file.
2025-07-22 20:54:57,147 [ERROR] LogOutputStream:75 - [STDERR_REDIRECT] 
2025-07-22 20:54:58,145 [ERROR] LogOutputStream:75 - [STDERR_REDIRECT] [Fatal Error] :1:1: Premature end of file.
2025-07-22 20:54:58,145 [ERROR] LogOutputStream:75 - [STDERR_REDIRECT] 
2025-07-22 20:54:59,140 [ERROR] LogOutputStream:75 - [STDERR_REDIRECT] [Fatal Error] :1:1: Premature end of file.
2025-07-22 20:54:59,140 [ERROR] LogOutputStream:75 - [STDERR_REDIRECT] 
2025-07-22 20:55:00,143 [ERROR] LogOutputStream:75 - [STDERR_REDIRECT] [Fatal Error] :1:1: Premature end of file.
2025-07-22 20:55:00,143 [ERROR] LogOutputStream:75 - [STDERR_REDIRECT] 
2025-07-22 20:55:01,143 [ERROR] LogOutputStream:75 - [STDERR_REDIRECT] [Fatal Error] :1:1: Premature end of file.
2025-07-22 20:55:01,143 [ERROR] LogOutputStream:75 - [STDERR_REDIRECT] 
2025-07-22 20:55:02,138 [ERROR] LogOutputStream:75 - [STDERR_REDIRECT] [Fatal Error] :1:1: Premature end of file.
2025-07-22 20:55:02,139 [ERROR] LogOutputStream:75 - [STDERR_REDIRECT] 
2025-07-22 20:55:03,143 [ERROR] LogOutputStream:75 - [STDERR_REDIRECT] [Fatal Error] :1:1: Premature end of file.
2025-07-22 20:55:03,143 [ERROR] LogOutputStream:75 - [STDERR_REDIRECT] 
2025-07-22 20:55:04,143 [ERROR] LogOutputStream:75 - [STDERR_REDIRECT] [Fatal Error] :1:1: Premature end of file.
2025-07-22 20:55:04,143 [ERROR] LogOutputStream:75 - [STDERR_REDIRECT] 
2025-07-22 20:55:05,144 [ERROR] LogOutputStream:75 - [STDERR_REDIRECT] [Fatal Error] :1:1: Premature end of file.
2025-07-22 20:55:05,144 [ERROR] LogOutputStream:75 - [STDERR_REDIRECT] 
2025-07-22 20:55:06,132 [ERROR] LogOutputStream:75 - [STDERR_REDIRECT] [Fatal Error] :1:1: Premature end of file.
2025-07-22 20:55:06,132 [ERROR] LogOutputStream:75 - [STDERR_REDIRECT] 
2025-07-22 20:55:07,139 [ERROR] LogOutputStream:75 - [STDERR_REDIRECT] [Fatal Error] :1:1: Premature end of file.
2025-07-22 20:55:07,139 [ERROR] LogOutputStream:75 - [STDERR_REDIRECT] 
2025-07-22 20:55:08,143 [ERROR] LogOutputStream:75 - [STDERR_REDIRECT] [Fatal Error] :1:1: Premature end of file.
2025-07-22 20:55:08,143 [ERROR] LogOutputStream:75 - [STDERR_REDIRECT] 
2025-07-22 20:55:09,137 [ERROR] LogOutputStream:75 - [STDERR_REDIRECT] [Fatal Error] :1:1: Premature end of file.
2025-07-22 20:55:09,137 [ERROR] LogOutputStream:75 - [STDERR_REDIRECT] 
2025-07-22 20:55:10,147 [ERROR] LogOutputStream:75 - [STDERR_REDIRECT] [Fatal Error] :1:1: Premature end of file.
2025-07-22 20:55:10,148 [ERROR] LogOutputStream:75 - [STDERR_REDIRECT] 
2025-07-22 20:55:11,146 [ERROR] LogOutputStream:75 - [STDERR_REDIRECT] [Fatal Error] :1:1: Premature end of file.
2025-07-22 20:55:11,146 [ERROR] LogOutputStream:75 - [STDERR_REDIRECT] 
2025-07-22 20:55:12,145 [ERROR] LogOutputStream:75 - [STDERR_REDIRECT] [Fatal Error] :1:1: Premature end of file.
2025-07-22 20:55:12,145 [ERROR] LogOutputStream:75 - [STDERR_REDIRECT] 
2025-07-22 20:55:13,143 [ERROR] LogOutputStream:75 - [STDERR_REDIRECT] [Fatal Error] :1:1: Premature end of file.
2025-07-22 20:55:13,143 [ERROR] LogOutputStream:75 - [STDERR_REDIRECT] 
2025-07-22 20:55:14,140 [ERROR] LogOutputStream:75 - [STDERR_REDIRECT] [Fatal Error] :1:1: Premature end of file.
2025-07-22 20:55:14,140 [ERROR] LogOutputStream:75 - [STDERR_REDIRECT] 
2025-07-22 20:55:15,134 [ERROR] LogOutputStream:75 - [STDERR_REDIRECT] [Fatal Error] :1:1: Premature end of file.
2025-07-22 20:55:15,134 [ERROR] LogOutputStream:75 - [STDERR_REDIRECT] 
2025-07-22 20:55:16,139 [ERROR] LogOutputStream:75 - [STDERR_REDIRECT] [Fatal Error] :1:1: Premature end of file.
2025-07-22 20:55:16,139 [ERROR] LogOutputStream:75 - [STDERR_REDIRECT] 
2025-07-22 20:55:17,143 [ERROR] LogOutputStream:75 - [STDERR_REDIRECT] [Fatal Error] :1:1: Premature end of file.
2025-07-22 20:55:17,143 [ERROR] LogOutputStream:75 - [STDERR_REDIRECT] 
2025-07-22 20:55:18,147 [ERROR] LogOutputStream:75 - [STDERR_REDIRECT] [Fatal Error] :1:1: Premature end of file.
2025-07-22 20:55:18,147 [ERROR] LogOutputStream:75 - [STDERR_REDIRECT] 
2025-07-22 20:55:19,142 [ERROR] LogOutputStream:75 - [STDERR_REDIRECT] [Fatal Error] :1:1: Premature end of file.
2025-07-22 20:55:19,142 [ERROR] LogOutputStream:75 - [STDERR_REDIRECT] 
2025-07-22 20:55:20,140 [ERROR] LogOutputStream:75 - [STDERR_REDIRECT] [Fatal Error] :1:1: Premature end of file.
2025-07-22 20:55:20,140 [ERROR] LogOutputStream:75 - [STDERR_REDIRECT] 
2025-07-22 20:55:21,167 [ERROR] LogOutputStream:75 - [STDERR_REDIRECT] [Fatal Error] :1:1: Premature end of file.
2025-07-22 20:55:21,167 [ERROR] LogOutputStream:75 - [STDERR_REDIRECT] 
2025-07-22 20:55:22,159 [ERROR] LogOutputStream:75 - [STDERR_REDIRECT] [Fatal Error] :1:1: Premature end of file.
2025-07-22 20:55:22,159 [ERROR] LogOutputStream:75 - [STDERR_REDIRECT] 
2025-07-22 20:55:23,132 [ERROR] LogOutputStream:75 - [STDERR_REDIRECT] [Fatal Error] :1:1: Premature end of file.
2025-07-22 20:55:23,132 [ERROR] LogOutputStream:75 - [STDERR_REDIRECT] 
2025-07-22 20:55:24,130 [ERROR] LogOutputStream:75 - [STDERR_REDIRECT] [Fatal Error] :1:1: Premature end of file.
2025-07-22 20:55:24,130 [ERROR] LogOutputStream:75 - [STDERR_REDIRECT] 
2025-07-22 20:55:25,132 [ERROR] LogOutputStream:75 - [STDERR_REDIRECT] [Fatal Error] :1:1: Premature end of file.
2025-07-22 20:55:25,132 [ERROR] LogOutputStream:75 - [STDERR_REDIRECT] 
2025-07-22 20:55:26,140 [ERROR] LogOutputStream:75 - [STDERR_REDIRECT] [Fatal Error] :1:1: Premature end of file.
2025-07-22 20:55:26,140 [ERROR] LogOutputStream:75 - [STDERR_REDIRECT] 
2025-07-22 20:55:27,131 [ERROR] LogOutputStream:75 - [STDERR_REDIRECT] [Fatal Error] :1:1: Premature end of file.
2025-07-22 20:55:27,131 [ERROR] LogOutputStream:75 - [STDERR_REDIRECT] 
2025-07-22 20:55:28,131 [ERROR] LogOutputStream:75 - [STDERR_REDIRECT] [Fatal Error] :1:1: Premature end of file.
2025-07-22 20:55:28,132 [ERROR] LogOutputStream:75 - [STDERR_REDIRECT] 
2025-07-22 20:55:29,144 [ERROR] LogOutputStream:75 - [STDERR_REDIRECT] [Fatal Error] :1:1: Premature end of file.
2025-07-22 20:55:29,144 [ERROR] LogOutputStream:75 - [STDERR_REDIRECT] 
2025-07-22 20:55:30,146 [ERROR] LogOutputStream:75 - [STDERR_REDIRECT] [Fatal Error] :1:1: Premature end of file.
2025-07-22 20:55:30,146 [ERROR] LogOutputStream:75 - [STDERR_REDIRECT] 
2025-07-22 20:55:31,146 [ERROR] LogOutputStream:75 - [STDERR_REDIRECT] [Fatal Error] :1:1: Premature end of file.
2025-07-22 20:55:31,146 [ERROR] LogOutputStream:75 - [STDERR_REDIRECT] 
2025-07-22 20:55:32,147 [ERROR] LogOutputStream:75 - [STDERR_REDIRECT] [Fatal Error] :1:1: Premature end of file.
2025-07-22 20:55:32,147 [ERROR] LogOutputStream:75 - [STDERR_REDIRECT] 
2025-07-22 20:55:33,146 [ERROR] LogOutputStream:75 - [STDERR_REDIRECT] [Fatal Error] :1:1: Premature end of file.
2025-07-22 20:55:33,146 [ERROR] LogOutputStream:75 - [STDERR_REDIRECT] 
2025-07-22 20:55:34,143 [ERROR] LogOutputStream:75 - [STDERR_REDIRECT] [Fatal Error] :1:1: Premature end of file.
2025-07-22 20:55:34,143 [ERROR] LogOutputStream:75 - [STDERR_REDIRECT] 
2025-07-22 20:55:35,145 [ERROR] LogOutputStream:75 - [STDERR_REDIRECT] [Fatal Error] :1:1: Premature end of file.
2025-07-22 20:55:35,145 [ERROR] LogOutputStream:75 - [STDERR_REDIRECT] 
2025-07-22 20:55:36,138 [ERROR] LogOutputStream:75 - [STDERR_REDIRECT] [Fatal Error] :1:1: Premature end of file.
2025-07-22 20:55:36,138 [ERROR] LogOutputStream:75 - [STDERR_REDIRECT] 
2025-07-22 20:55:37,147 [ERROR] LogOutputStream:75 - [STDERR_REDIRECT] [Fatal Error] :1:1: Premature end of file.
2025-07-22 20:55:37,148 [ERROR] LogOutputStream:75 - [STDERR_REDIRECT] 
2025-07-22 20:55:38,133 [ERROR] LogOutputStream:75 - [STDERR_REDIRECT] [Fatal Error] :1:1: Premature end of file.
2025-07-22 20:55:38,133 [ERROR] LogOutputStream:75 - [STDERR_REDIRECT] 
2025-07-22 20:55:39,136 [ERROR] LogOutputStream:75 - [STDERR_REDIRECT] [Fatal Error] :1:1: Premature end of file.
2025-07-22 20:55:39,136 [ERROR] LogOutputStream:75 - [STDERR_REDIRECT] 
2025-07-22 20:55:40,133 [ERROR] LogOutputStream:75 - [STDERR_REDIRECT] [Fatal Error] :1:1: Premature end of file.
2025-07-22 20:55:40,133 [ERROR] LogOutputStream:75 - [STDERR_REDIRECT] 
2025-07-22 20:55:41,131 [ERROR] LogOutputStream:75 - [STDERR_REDIRECT] [Fatal Error] :1:1: Premature end of file.
2025-07-22 20:55:41,131 [ERROR] LogOutputStream:75 - [STDERR_REDIRECT] 
2025-07-22 20:55:42,132 [ERROR] LogOutputStream:75 - [STDERR_REDIRECT] [Fatal Error] :1:1: Premature end of file.
2025-07-22 20:55:42,133 [ERROR] LogOutputStream:75 - [STDERR_REDIRECT] 
2025-07-22 20:55:43,133 [ERROR] LogOutputStream:75 - [STDERR_REDIRECT] [Fatal Error] :1:1: Premature end of file.
2025-07-22 20:55:43,133 [ERROR] LogOutputStream:75 - [STDERR_REDIRECT] 
2025-07-22 20:55:44,132 [ERROR] LogOutputStream:75 - [STDERR_REDIRECT] [Fatal Error] :1:1: Premature end of file.
2025-07-22 20:55:44,133 [ERROR] LogOutputStream:75 - [STDERR_REDIRECT] 
2025-07-22 20:55:45,139 [ERROR] LogOutputStream:75 - [STDERR_REDIRECT] [Fatal Error] :1:1: Premature end of file.
2025-07-22 20:55:45,139 [ERROR] LogOutputStream:75 - [STDERR_REDIRECT] 
2025-07-22 20:55:46,143 [ERROR] LogOutputStream:75 - [STDERR_REDIRECT] [Fatal Error] :1:1: Premature end of file.
2025-07-22 20:55:46,143 [ERROR] LogOutputStream:75 - [STDERR_REDIRECT] 
2025-07-22 20:55:47,146 [ERROR] LogOutputStream:75 - [STDERR_REDIRECT] [Fatal Error] :1:1: Premature end of file.
2025-07-22 20:55:47,146 [ERROR] LogOutputStream:75 - [STDERR_REDIRECT] 
2025-07-22 20:55:48,142 [ERROR] LogOutputStream:75 - [STDERR_REDIRECT] [Fatal Error] :1:1: Premature end of file.
2025-07-22 20:55:48,142 [ERROR] LogOutputStream:75 - [STDERR_REDIRECT] 
2025-07-22 20:55:49,141 [ERROR] LogOutputStream:75 - [STDERR_REDIRECT] [Fatal Error] :1:1: Premature end of file.
2025-07-22 20:55:49,141 [ERROR] LogOutputStream:75 - [STDERR_REDIRECT] 
2025-07-22 20:55:50,143 [ERROR] LogOutputStream:75 - [STDERR_REDIRECT] [Fatal Error] :1:1: Premature end of file.
2025-07-22 20:55:50,143 [ERROR] LogOutputStream:75 - [STDERR_REDIRECT] 
2025-07-22 20:55:51,136 [ERROR] LogOutputStream:75 - [STDERR_REDIRECT] [Fatal Error] :1:1: Premature end of file.
2025-07-22 20:55:51,136 [ERROR] LogOutputStream:75 - [STDERR_REDIRECT] 
2025-07-22 20:55:52,142 [ERROR] LogOutputStream:75 - [STDERR_REDIRECT] [Fatal Error] :1:1: Premature end of file.
2025-07-22 20:55:52,142 [ERROR] LogOutputStream:75 - [STDERR_REDIRECT] 
2025-07-22 20:55:53,145 [ERROR] LogOutputStream:75 - [STDERR_REDIRECT] [Fatal Error] :1:1: Premature end of file.
2025-07-22 20:55:53,145 [ERROR] LogOutputStream:75 - [STDERR_REDIRECT] 
2025-07-22 20:55:54,132 [ERROR] LogOutputStream:75 - [STDERR_REDIRECT] [Fatal Error] :1:1: Premature end of file.
2025-07-22 20:55:54,132 [ERROR] LogOutputStream:75 - [STDERR_REDIRECT] 
2025-07-22 20:55:55,130 [ERROR] LogOutputStream:75 - [STDERR_REDIRECT] [Fatal Error] :1:1: Premature end of file.
2025-07-22 20:55:55,130 [ERROR] LogOutputStream:75 - [STDERR_REDIRECT] 
2025-07-22 20:55:56,132 [ERROR] LogOutputStream:75 - [STDERR_REDIRECT] [Fatal Error] :1:1: Premature end of file.
2025-07-22 20:55:56,132 [ERROR] LogOutputStream:75 - [STDERR_REDIRECT] 
2025-07-22 20:55:57,139 [ERROR] LogOutputStream:75 - [STDERR_REDIRECT] [Fatal Error] :1:1: Premature end of file.
2025-07-22 20:55:57,139 [ERROR] LogOutputStream:75 - [STDERR_REDIRECT] 
2025-07-22 20:55:58,131 [ERROR] LogOutputStream:75 - [STDERR_REDIRECT] [Fatal Error] :1:1: Premature end of file.
2025-07-22 20:55:58,131 [ERROR] LogOutputStream:75 - [STDERR_REDIRECT] 
2025-07-22 20:55:59,136 [ERROR] LogOutputStream:75 - [STDERR_REDIRECT] [Fatal Error] :1:1: Premature end of file.
2025-07-22 20:55:59,136 [ERROR] LogOutputStream:75 - [STDERR_REDIRECT] 
2025-07-22 20:56:00,134 [ERROR] LogOutputStream:75 - [STDERR_REDIRECT] [Fatal Error] :1:1: Premature end of file.
2025-07-22 20:56:00,134 [ERROR] LogOutputStream:75 - [STDERR_REDIRECT] 
2025-07-22 20:56:01,131 [ERROR] LogOutputStream:75 - [STDERR_REDIRECT] [Fatal Error] :1:1: Premature end of file.
2025-07-22 20:56:01,132 [ERROR] LogOutputStream:75 - [STDERR_REDIRECT] 
2025-07-22 20:56:02,131 [ERROR] LogOutputStream:75 - [STDERR_REDIRECT] [Fatal Error] :1:1: Premature end of file.
2025-07-22 20:56:02,131 [ERROR] LogOutputStream:75 - [STDERR_REDIRECT] 
2025-07-22 20:56:03,140 [ERROR] LogOutputStream:75 - [STDERR_REDIRECT] [Fatal Error] :1:1: Premature end of file.
2025-07-22 20:56:03,140 [ERROR] LogOutputStream:75 - [STDERR_REDIRECT] 
2025-07-22 20:56:04,131 [ERROR] LogOutputStream:75 - [STDERR_REDIRECT] [Fatal Error] :1:1: Premature end of file.
2025-07-22 20:56:04,132 [ERROR] LogOutputStream:75 - [STDERR_REDIRECT] 
2025-07-22 20:56:05,133 [ERROR] LogOutputStream:75 - [STDERR_REDIRECT] [Fatal Error] :1:1: Premature end of file.
2025-07-22 20:56:05,134 [ERROR] LogOutputStream:75 - [STDERR_REDIRECT] 
2025-07-22 20:56:06,137 [ERROR] LogOutputStream:75 - [STDERR_REDIRECT] [Fatal Error] :1:1: Premature end of file.
2025-07-22 20:56:06,138 [ERROR] LogOutputStream:75 - [STDERR_REDIRECT] 
2025-07-22 20:56:07,135 [ERROR] LogOutputStream:75 - [STDERR_REDIRECT] [Fatal Error] :1:1: Premature end of file.
2025-07-22 20:56:07,135 [ERROR] LogOutputStream:75 - [STDERR_REDIRECT] 
2025-07-22 20:56:08,134 [ERROR] LogOutputStream:75 - [STDERR_REDIRECT] [Fatal Error] :1:1: Premature end of file.
2025-07-22 20:56:08,135 [ERROR] LogOutputStream:75 - [STDERR_REDIRECT] 
2025-07-22 20:56:09,138 [ERROR] LogOutputStream:75 - [STDERR_REDIRECT] [Fatal Error] :1:1: Premature end of file.
2025-07-22 20:56:09,139 [ERROR] LogOutputStream:75 - [STDERR_REDIRECT] 
2025-07-22 20:56:10,132 [ERROR] LogOutputStream:75 - [STDERR_REDIRECT] [Fatal Error] :1:1: Premature end of file.
2025-07-22 20:56:10,132 [ERROR] LogOutputStream:75 - [STDERR_REDIRECT] 
2025-07-22 20:56:11,133 [ERROR] LogOutputStream:75 - [STDERR_REDIRECT] [Fatal Error] :1:1: Premature end of file.
2025-07-22 20:56:11,133 [ERROR] LogOutputStream:75 - [STDERR_REDIRECT] 
2025-07-22 20:56:12,136 [ERROR] LogOutputStream:75 - [STDERR_REDIRECT] [Fatal Error] :1:1: Premature end of file.
2025-07-22 20:56:12,136 [ERROR] LogOutputStream:75 - [STDERR_REDIRECT] 
2025-07-22 20:56:13,144 [ERROR] LogOutputStream:75 - [STDERR_REDIRECT] [Fatal Error] :1:1: Premature end of file.
2025-07-22 20:56:13,144 [ERROR] LogOutputStream:75 - [STDERR_REDIRECT] 
2025-07-22 20:56:14,132 [ERROR] LogOutputStream:75 - [STDERR_REDIRECT] [Fatal Error] :1:1: Premature end of file.
2025-07-22 20:56:14,132 [ERROR] LogOutputStream:75 - [STDERR_REDIRECT] 
2025-07-22 20:56:15,136 [ERROR] LogOutputStream:75 - [STDERR_REDIRECT] [Fatal Error] :1:1: Premature end of file.
2025-07-22 20:56:15,136 [ERROR] LogOutputStream:75 - [STDERR_REDIRECT] 
2025-07-22 20:56:16,142 [ERROR] LogOutputStream:75 - [STDERR_REDIRECT] [Fatal Error] :1:1: Premature end of file.
2025-07-22 20:56:16,142 [ERROR] LogOutputStream:75 - [STDERR_REDIRECT] 
2025-07-22 20:56:17,160 [ERROR] LogOutputStream:75 - [STDERR_REDIRECT] [Fatal Error] :1:1: Premature end of file.
2025-07-22 20:56:17,160 [ERROR] LogOutputStream:75 - [STDERR_REDIRECT] 
2025-07-22 20:56:18,147 [ERROR] LogOutputStream:75 - [STDERR_REDIRECT] [Fatal Error] :1:1: Premature end of file.
2025-07-22 20:56:18,147 [ERROR] LogOutputStream:75 - [STDERR_REDIRECT] 
2025-07-22 20:56:19,131 [ERROR] LogOutputStream:75 - [STDERR_REDIRECT] [Fatal Error] :1:1: Premature end of file.
2025-07-22 20:56:19,132 [ERROR] LogOutputStream:75 - [STDERR_REDIRECT] 
2025-07-22 20:56:20,131 [ERROR] LogOutputStream:75 - [STDERR_REDIRECT] [Fatal Error] :1:1: Premature end of file.
2025-07-22 20:56:20,131 [ERROR] LogOutputStream:75 - [STDERR_REDIRECT] 
2025-07-22 20:56:21,146 [ERROR] LogOutputStream:75 - [STDERR_REDIRECT] [Fatal Error] :1:1: Premature end of file.
2025-07-22 20:56:21,146 [ERROR] LogOutputStream:75 - [STDERR_REDIRECT] 
2025-07-22 20:56:22,148 [ERROR] LogOutputStream:75 - [STDERR_REDIRECT] [Fatal Error] :1:1: Premature end of file.
2025-07-22 20:56:22,148 [ERROR] LogOutputStream:75 - [STDERR_REDIRECT] 
2025-07-22 20:56:23,134 [ERROR] LogOutputStream:75 - [STDERR_REDIRECT] [Fatal Error] :1:1: Premature end of file.
2025-07-22 20:56:23,134 [ERROR] LogOutputStream:75 - [STDERR_REDIRECT] 
2025-07-22 20:56:24,140 [ERROR] LogOutputStream:75 - [STDERR_REDIRECT] [Fatal Error] :1:1: Premature end of file.
2025-07-22 20:56:24,140 [ERROR] LogOutputStream:75 - [STDERR_REDIRECT] 
2025-07-22 20:56:25,144 [ERROR] LogOutputStream:75 - [STDERR_REDIRECT] [Fatal Error] :1:1: Premature end of file.
2025-07-22 20:56:25,144 [ERROR] LogOutputStream:75 - [STDERR_REDIRECT] 
2025-07-22 20:56:26,141 [ERROR] LogOutputStream:75 - [STDERR_REDIRECT] [Fatal Error] :1:1: Premature end of file.
2025-07-22 20:56:26,142 [ERROR] LogOutputStream:75 - [STDERR_REDIRECT] 
2025-07-22 20:56:27,146 [ERROR] LogOutputStream:75 - [STDERR_REDIRECT] [Fatal Error] :1:1: Premature end of file.
2025-07-22 20:56:27,146 [ERROR] LogOutputStream:75 - [STDERR_REDIRECT] 
2025-07-22 20:56:28,146 [ERROR] LogOutputStream:75 - [STDERR_REDIRECT] [Fatal Error] :1:1: Premature end of file.
2025-07-22 20:56:28,146 [ERROR] LogOutputStream:75 - [STDERR_REDIRECT] 
2025-07-22 20:56:29,146 [ERROR] LogOutputStream:75 - [STDERR_REDIRECT] [Fatal Error] :1:1: Premature end of file.
2025-07-22 20:56:29,146 [ERROR] LogOutputStream:75 - [STDERR_REDIRECT] 
2025-07-22 20:56:30,142 [ERROR] LogOutputStream:75 - [STDERR_REDIRECT] [Fatal Error] :1:1: Premature end of file.
2025-07-22 20:56:30,150 [ERROR] LogOutputStream:75 - [STDERR_REDIRECT] 
2025-07-22 20:56:31,146 [ERROR] LogOutputStream:75 - [STDERR_REDIRECT] [Fatal Error] :1:1: Premature end of file.
2025-07-22 20:56:31,146 [ERROR] LogOutputStream:75 - [STDERR_REDIRECT] 
2025-07-22 20:56:32,231 [ERROR] LogOutputStream:75 - [STDERR_REDIRECT] [Fatal Error] :1:1: Premature end of file.
2025-07-22 20:56:32,231 [ERROR] LogOutputStream:75 - [STDERR_REDIRECT] 
2025-07-22 20:56:33,132 [ERROR] LogOutputStream:75 - [STDERR_REDIRECT] [Fatal Error] :1:1: Premature end of file.
2025-07-22 20:56:33,133 [ERROR] LogOutputStream:75 - [STDERR_REDIRECT] 
2025-07-22 20:56:34,136 [ERROR] LogOutputStream:75 - [STDERR_REDIRECT] [Fatal Error] :1:1: Premature end of file.
2025-07-22 20:56:34,137 [ERROR] LogOutputStream:75 - [STDERR_REDIRECT] 
2025-07-22 20:56:35,143 [ERROR] LogOutputStream:75 - [STDERR_REDIRECT] [Fatal Error] :1:1: Premature end of file.
2025-07-22 20:56:35,143 [ERROR] LogOutputStream:75 - [STDERR_REDIRECT] 
2025-07-22 20:56:36,201 [ERROR] LogOutputStream:75 - [STDERR_REDIRECT] [Fatal Error] :1:1: Premature end of file.
2025-07-22 20:56:36,202 [ERROR] LogOutputStream:75 - [STDERR_REDIRECT] 
2025-07-22 20:56:37,145 [ERROR] LogOutputStream:75 - [STDERR_REDIRECT] [Fatal Error] :1:1: Premature end of file.
2025-07-22 20:56:37,146 [ERROR] LogOutputStream:75 - [STDERR_REDIRECT] 
2025-07-22 20:56:38,238 [ERROR] LogOutputStream:75 - [STDERR_REDIRECT] [Fatal Error] :1:1: Premature end of file.
2025-07-22 20:56:38,238 [ERROR] LogOutputStream:75 - [STDERR_REDIRECT] 
2025-07-22 20:56:39,147 [ERROR] LogOutputStream:75 - [STDERR_REDIRECT] [Fatal Error] :1:1: Premature end of file.
2025-07-22 20:56:39,147 [ERROR] LogOutputStream:75 - [STDERR_REDIRECT] 
2025-07-22 20:56:40,136 [ERROR] LogOutputStream:75 - [STDERR_REDIRECT] [Fatal Error] :1:1: Premature end of file.
2025-07-22 20:56:40,136 [ERROR] LogOutputStream:75 - [STDERR_REDIRECT] 
2025-07-22 20:56:41,142 [ERROR] LogOutputStream:75 - [STDERR_REDIRECT] [Fatal Error] :1:1: Premature end of file.
2025-07-22 20:56:41,143 [ERROR] LogOutputStream:75 - [STDERR_REDIRECT] 
2025-07-22 20:56:42,139 [ERROR] LogOutputStream:75 - [STDERR_REDIRECT] [Fatal Error] :1:1: Premature end of file.
2025-07-22 20:56:42,140 [ERROR] LogOutputStream:75 - [STDERR_REDIRECT] 
2025-07-22 20:56:43,140 [ERROR] LogOutputStream:75 - [STDERR_REDIRECT] [Fatal Error] :1:1: Premature end of file.
2025-07-22 20:56:43,141 [ERROR] LogOutputStream:75 - [STDERR_REDIRECT] 
2025-07-22 20:56:44,145 [ERROR] LogOutputStream:75 - [STDERR_REDIRECT] [Fatal Error] :1:1: Premature end of file.
2025-07-22 20:56:44,145 [ERROR] LogOutputStream:75 - [STDERR_REDIRECT] 
2025-07-22 20:56:45,135 [ERROR] LogOutputStream:75 - [STDERR_REDIRECT] [Fatal Error] :1:1: Premature end of file.
2025-07-22 20:56:45,135 [ERROR] LogOutputStream:75 - [STDERR_REDIRECT] 
2025-07-22 20:56:46,149 [ERROR] LogOutputStream:75 - [STDERR_REDIRECT] [Fatal Error] :1:1: Premature end of file.
2025-07-22 20:56:46,149 [ERROR] LogOutputStream:75 - [STDERR_REDIRECT] 
2025-07-22 20:56:47,143 [ERROR] LogOutputStream:75 - [STDERR_REDIRECT] [Fatal Error] :1:1: Premature end of file.
2025-07-22 20:56:47,143 [ERROR] LogOutputStream:75 - [STDERR_REDIRECT] 
2025-07-22 20:56:48,145 [ERROR] LogOutputStream:75 - [STDERR_REDIRECT] [Fatal Error] :1:1: Premature end of file.
2025-07-22 20:56:48,145 [ERROR] LogOutputStream:75 - [STDERR_REDIRECT] 
2025-07-22 20:56:49,132 [ERROR] LogOutputStream:75 - [STDERR_REDIRECT] [Fatal Error] :1:1: Premature end of file.
2025-07-22 20:56:49,132 [ERROR] LogOutputStream:75 - [STDERR_REDIRECT] 
2025-07-22 20:56:50,129 [ERROR] LogOutputStream:75 - [STDERR_REDIRECT] [Fatal Error] :1:1: Premature end of file.
2025-07-22 20:56:50,129 [ERROR] LogOutputStream:75 - [STDERR_REDIRECT] 
2025-07-22 20:56:51,130 [ERROR] LogOutputStream:75 - [STDERR_REDIRECT] [Fatal Error] :1:1: Premature end of file.
2025-07-22 20:56:51,130 [ERROR] LogOutputStream:75 - [STDERR_REDIRECT] 
2025-07-22 20:56:52,138 [ERROR] LogOutputStream:75 - [STDERR_REDIRECT] [Fatal Error] :1:1: Premature end of file.
2025-07-22 20:56:52,138 [ERROR] LogOutputStream:75 - [STDERR_REDIRECT] 
2025-07-22 20:56:53,132 [ERROR] LogOutputStream:75 - [STDERR_REDIRECT] [Fatal Error] :1:1: Premature end of file.
2025-07-22 20:56:53,132 [ERROR] LogOutputStream:75 - [STDERR_REDIRECT] 
2025-07-22 20:56:54,131 [ERROR] LogOutputStream:75 - [STDERR_REDIRECT] [Fatal Error] :1:1: Premature end of file.
2025-07-22 20:56:54,131 [ERROR] LogOutputStream:75 - [STDERR_REDIRECT] 
2025-07-22 20:56:55,146 [ERROR] LogOutputStream:75 - [STDERR_REDIRECT] [Fatal Error] :1:1: Premature end of file.
2025-07-22 20:56:55,146 [ERROR] LogOutputStream:75 - [STDERR_REDIRECT] 
2025-07-22 20:56:56,149 [ERROR] LogOutputStream:75 - [STDERR_REDIRECT] [Fatal Error] :1:1: Premature end of file.
2025-07-22 20:56:56,150 [ERROR] LogOutputStream:75 - [STDERR_REDIRECT] 
2025-07-22 20:56:57,133 [ERROR] LogOutputStream:75 - [STDERR_REDIRECT] [Fatal Error] :1:1: Premature end of file.
2025-07-22 20:56:57,133 [ERROR] LogOutputStream:75 - [STDERR_REDIRECT] 
2025-07-22 20:56:58,145 [ERROR] LogOutputStream:75 - [STDERR_REDIRECT] [Fatal Error] :1:1: Premature end of file.
2025-07-22 20:56:58,145 [ERROR] LogOutputStream:75 - [STDERR_REDIRECT] 
2025-07-22 20:56:59,133 [ERROR] LogOutputStream:75 - [STDERR_REDIRECT] [Fatal Error] :1:1: Premature end of file.
2025-07-22 20:56:59,133 [ERROR] LogOutputStream:75 - [STDERR_REDIRECT] 
2025-07-22 20:57:00,143 [ERROR] LogOutputStream:75 - [STDERR_REDIRECT] [Fatal Error] :1:1: Premature end of file.
2025-07-22 20:57:00,143 [ERROR] LogOutputStream:75 - [STDERR_REDIRECT] 
2025-07-22 20:57:01,132 [ERROR] LogOutputStream:75 - [STDERR_REDIRECT] [Fatal Error] :1:1: Premature end of file.
2025-07-22 20:57:01,132 [ERROR] LogOutputStream:75 - [STDERR_REDIRECT] 
2025-07-22 20:57:02,133 [ERROR] LogOutputStream:75 - [STDERR_REDIRECT] [Fatal Error] :1:1: Premature end of file.
2025-07-22 20:57:02,133 [ERROR] LogOutputStream:75 - [STDERR_REDIRECT] 
2025-07-22 20:57:03,133 [ERROR] LogOutputStream:75 - [STDERR_REDIRECT] [Fatal Error] :1:1: Premature end of file.
2025-07-22 20:57:03,133 [ERROR] LogOutputStream:75 - [STDERR_REDIRECT] 
2025-07-22 20:57:04,141 [ERROR] LogOutputStream:75 - [STDERR_REDIRECT] [Fatal Error] :1:1: Premature end of file.
2025-07-22 20:57:04,141 [ERROR] LogOutputStream:75 - [STDERR_REDIRECT] 
2025-07-22 20:57:05,130 [ERROR] LogOutputStream:75 - [STDERR_REDIRECT] [Fatal Error] :1:1: Premature end of file.
2025-07-22 20:57:05,131 [ERROR] LogOutputStream:75 - [STDERR_REDIRECT] 
2025-07-22 20:57:06,136 [ERROR] LogOutputStream:75 - [STDERR_REDIRECT] [Fatal Error] :1:1: Premature end of file.
2025-07-22 20:57:06,136 [ERROR] LogOutputStream:75 - [STDERR_REDIRECT] 
2025-07-22 20:57:07,131 [ERROR] LogOutputStream:75 - [STDERR_REDIRECT] [Fatal Error] :1:1: Premature end of file.
2025-07-22 20:57:07,131 [ERROR] LogOutputStream:75 - [STDERR_REDIRECT] 
2025-07-22 20:57:08,159 [ERROR] LogOutputStream:75 - [STDERR_REDIRECT] [Fatal Error] :1:1: Premature end of file.
2025-07-22 20:57:08,159 [ERROR] LogOutputStream:75 - [STDERR_REDIRECT] 
2025-07-22 20:57:09,142 [ERROR] LogOutputStream:75 - [STDERR_REDIRECT] [Fatal Error] :1:1: Premature end of file.
2025-07-22 20:57:09,142 [ERROR] LogOutputStream:75 - [STDERR_REDIRECT] 
2025-07-22 20:57:10,132 [ERROR] LogOutputStream:75 - [STDERR_REDIRECT] [Fatal Error] :1:1: Premature end of file.
2025-07-22 20:57:10,132 [ERROR] LogOutputStream:75 - [STDERR_REDIRECT] 
2025-07-22 20:57:11,144 [ERROR] LogOutputStream:75 - [STDERR_REDIRECT] [Fatal Error] :1:1: Premature end of file.
2025-07-22 20:57:11,144 [ERROR] LogOutputStream:75 - [STDERR_REDIRECT] 
2025-07-22 20:57:12,135 [ERROR] LogOutputStream:75 - [STDERR_REDIRECT] [Fatal Error] :1:1: Premature end of file.
2025-07-22 20:57:12,135 [ERROR] LogOutputStream:75 - [STDERR_REDIRECT] 
2025-07-22 20:57:13,143 [ERROR] LogOutputStream:75 - [STDERR_REDIRECT] [Fatal Error] :1:1: Premature end of file.
2025-07-22 20:57:13,143 [ERROR] LogOutputStream:75 - [STDERR_REDIRECT] 
2025-07-22 20:57:14,147 [ERROR] LogOutputStream:75 - [STDERR_REDIRECT] [Fatal Error] :1:1: Premature end of file.
2025-07-22 20:57:14,147 [ERROR] LogOutputStream:75 - [STDERR_REDIRECT] 
2025-07-22 20:57:15,145 [ERROR] LogOutputStream:75 - [STDERR_REDIRECT] [Fatal Error] :1:1: Premature end of file.
2025-07-22 20:57:15,145 [ERROR] LogOutputStream:75 - [STDERR_REDIRECT] 
2025-07-22 20:57:16,140 [ERROR] LogOutputStream:75 - [STDERR_REDIRECT] [Fatal Error] :1:1: Premature end of file.
2025-07-22 20:57:16,140 [ERROR] LogOutputStream:75 - [STDERR_REDIRECT] 
2025-07-22 20:57:17,134 [ERROR] LogOutputStream:75 - [STDERR_REDIRECT] [Fatal Error] :1:1: Premature end of file.
2025-07-22 20:57:17,135 [ERROR] LogOutputStream:75 - [STDERR_REDIRECT] 
2025-07-22 20:57:18,148 [ERROR] LogOutputStream:75 - [STDERR_REDIRECT] [Fatal Error] :1:1: Premature end of file.
2025-07-22 20:57:18,148 [ERROR] LogOutputStream:75 - [STDERR_REDIRECT] 
2025-07-22 20:57:19,139 [ERROR] LogOutputStream:75 - [STDERR_REDIRECT] [Fatal Error] :1:1: Premature end of file.
2025-07-22 20:57:19,139 [ERROR] LogOutputStream:75 - [STDERR_REDIRECT] 
2025-07-22 20:57:20,134 [ERROR] LogOutputStream:75 - [STDERR_REDIRECT] [Fatal Error] :1:1: Premature end of file.
2025-07-22 20:57:20,135 [ERROR] LogOutputStream:75 - [STDERR_REDIRECT] 
2025-07-22 20:57:21,141 [ERROR] LogOutputStream:75 - [STDERR_REDIRECT] [Fatal Error] :1:1: Premature end of file.
2025-07-22 20:57:21,141 [ERROR] LogOutputStream:75 - [STDERR_REDIRECT] 
2025-07-22 20:57:22,142 [ERROR] LogOutputStream:75 - [STDERR_REDIRECT] [Fatal Error] :1:1: Premature end of file.
2025-07-22 20:57:22,142 [ERROR] LogOutputStream:75 - [STDERR_REDIRECT] 
2025-07-22 20:57:23,137 [ERROR] LogOutputStream:75 - [STDERR_REDIRECT] [Fatal Error] :1:1: Premature end of file.
2025-07-22 20:57:23,137 [ERROR] LogOutputStream:75 - [STDERR_REDIRECT] 
2025-07-22 20:57:24,134 [ERROR] LogOutputStream:75 - [STDERR_REDIRECT] [Fatal Error] :1:1: Premature end of file.
2025-07-22 20:57:24,134 [ERROR] LogOutputStream:75 - [STDERR_REDIRECT] 
2025-07-22 20:57:25,132 [ERROR] LogOutputStream:75 - [STDERR_REDIRECT] [Fatal Error] :1:1: Premature end of file.
2025-07-22 20:57:25,132 [ERROR] LogOutputStream:75 - [STDERR_REDIRECT] 
2025-07-22 20:57:26,138 [ERROR] LogOutputStream:75 - [STDERR_REDIRECT] [Fatal Error] :1:1: Premature end of file.
2025-07-22 20:57:26,138 [ERROR] LogOutputStream:75 - [STDERR_REDIRECT] 
2025-07-22 20:57:27,206 [ERROR] LogOutputStream:75 - [STDERR_REDIRECT] [Fatal Error] :1:1: Premature end of file.
2025-07-22 20:57:27,206 [ERROR] LogOutputStream:75 - [STDERR_REDIRECT] 
2025-07-22 20:57:28,134 [ERROR] LogOutputStream:75 - [STDERR_REDIRECT] [Fatal Error] :1:1: Premature end of file.
2025-07-22 20:57:28,134 [ERROR] LogOutputStream:75 - [STDERR_REDIRECT] 
2025-07-22 20:57:29,134 [ERROR] LogOutputStream:75 - [STDERR_REDIRECT] [Fatal Error] :1:1: Premature end of file.
2025-07-22 20:57:29,134 [ERROR] LogOutputStream:75 - [STDERR_REDIRECT] 
2025-07-22 20:57:30,145 [ERROR] LogOutputStream:75 - [STDERR_REDIRECT] [Fatal Error] :1:1: Premature end of file.
2025-07-22 20:57:30,145 [ERROR] LogOutputStream:75 - [STDERR_REDIRECT] 
2025-07-22 20:57:31,144 [ERROR] LogOutputStream:75 - [STDERR_REDIRECT] [Fatal Error] :1:1: Premature end of file.
2025-07-22 20:57:31,145 [ERROR] LogOutputStream:75 - [STDERR_REDIRECT] 
2025-07-22 20:57:32,141 [ERROR] LogOutputStream:75 - [STDERR_REDIRECT] [Fatal Error] :1:1: Premature end of file.
2025-07-22 20:57:32,141 [ERROR] LogOutputStream:75 - [STDERR_REDIRECT] 
2025-07-22 20:57:33,144 [ERROR] LogOutputStream:75 - [STDERR_REDIRECT] [Fatal Error] :1:1: Premature end of file.
2025-07-22 20:57:33,144 [ERROR] LogOutputStream:75 - [STDERR_REDIRECT] 
2025-07-22 20:57:34,143 [ERROR] LogOutputStream:75 - [STDERR_REDIRECT] [Fatal Error] :1:1: Premature end of file.
2025-07-22 20:57:34,143 [ERROR] LogOutputStream:75 - [STDERR_REDIRECT] 
2025-07-22 20:57:35,141 [ERROR] LogOutputStream:75 - [STDERR_REDIRECT] [Fatal Error] :1:1: Premature end of file.
2025-07-22 20:57:35,141 [ERROR] LogOutputStream:75 - [STDERR_REDIRECT] 
2025-07-22 20:57:36,134 [ERROR] LogOutputStream:75 - [STDERR_REDIRECT] [Fatal Error] :1:1: Premature end of file.
2025-07-22 20:57:36,134 [ERROR] LogOutputStream:75 - [STDERR_REDIRECT] 
2025-07-22 20:57:37,145 [ERROR] LogOutputStream:75 - [STDERR_REDIRECT] [Fatal Error] :1:1: Premature end of file.
2025-07-22 20:57:37,145 [ERROR] LogOutputStream:75 - [STDERR_REDIRECT] 
2025-07-22 20:57:38,147 [ERROR] LogOutputStream:75 - [STDERR_REDIRECT] [Fatal Error] :1:1: Premature end of file.
2025-07-22 20:57:38,147 [ERROR] LogOutputStream:75 - [STDERR_REDIRECT] 
2025-07-22 20:57:39,148 [ERROR] LogOutputStream:75 - [STDERR_REDIRECT] [Fatal Error] :1:1: Premature end of file.
2025-07-22 20:57:39,149 [ERROR] LogOutputStream:75 - [STDERR_REDIRECT] 
2025-07-22 20:57:40,138 [ERROR] LogOutputStream:75 - [STDERR_REDIRECT] [Fatal Error] :1:1: Premature end of file.
2025-07-22 20:57:40,138 [ERROR] LogOutputStream:75 - [STDERR_REDIRECT] 
2025-07-22 20:57:41,141 [ERROR] LogOutputStream:75 - [STDERR_REDIRECT] [Fatal Error] :1:1: Premature end of file.
2025-07-22 20:57:41,141 [ERROR] LogOutputStream:75 - [STDERR_REDIRECT] 
2025-07-22 20:57:42,146 [ERROR] LogOutputStream:75 - [STDERR_REDIRECT] [Fatal Error] :1:1: Premature end of file.
2025-07-22 20:57:42,146 [ERROR] LogOutputStream:75 - [STDERR_REDIRECT] 
2025-07-22 20:57:43,143 [ERROR] LogOutputStream:75 - [STDERR_REDIRECT] [Fatal Error] :1:1: Premature end of file.
2025-07-22 20:57:43,143 [ERROR] LogOutputStream:75 - [STDERR_REDIRECT] 
2025-07-22 20:57:44,143 [ERROR] LogOutputStream:75 - [STDERR_REDIRECT] [Fatal Error] :1:1: Premature end of file.
2025-07-22 20:57:44,143 [ERROR] LogOutputStream:75 - [STDERR_REDIRECT] 
2025-07-22 20:57:45,146 [ERROR] LogOutputStream:75 - [STDERR_REDIRECT] [Fatal Error] :1:1: Premature end of file.
2025-07-22 20:57:45,147 [ERROR] LogOutputStream:75 - [STDERR_REDIRECT] 
2025-07-22 20:57:46,145 [ERROR] LogOutputStream:75 - [STDERR_REDIRECT] [Fatal Error] :1:1: Premature end of file.
2025-07-22 20:57:46,146 [ERROR] LogOutputStream:75 - [STDERR_REDIRECT] 
2025-07-22 20:57:47,150 [ERROR] LogOutputStream:75 - [STDERR_REDIRECT] [Fatal Error] :1:1: Premature end of file.
2025-07-22 20:57:47,150 [ERROR] LogOutputStream:75 - [STDERR_REDIRECT] 
2025-07-22 20:57:48,141 [ERROR] LogOutputStream:75 - [STDERR_REDIRECT] [Fatal Error] :1:1: Premature end of file.
2025-07-22 20:57:48,141 [ERROR] LogOutputStream:75 - [STDERR_REDIRECT] 
2025-07-22 20:57:49,144 [ERROR] LogOutputStream:75 - [STDERR_REDIRECT] [Fatal Error] :1:1: Premature end of file.
2025-07-22 20:57:49,144 [ERROR] LogOutputStream:75 - [STDERR_REDIRECT] 
2025-07-22 20:57:50,143 [ERROR] LogOutputStream:75 - [STDERR_REDIRECT] [Fatal Error] :1:1: Premature end of file.
2025-07-22 20:57:50,143 [ERROR] LogOutputStream:75 - [STDERR_REDIRECT] 
2025-07-22 20:57:51,134 [ERROR] LogOutputStream:75 - [STDERR_REDIRECT] [Fatal Error] :1:1: Premature end of file.
2025-07-22 20:57:51,134 [ERROR] LogOutputStream:75 - [STDERR_REDIRECT] 
2025-07-22 20:57:52,140 [ERROR] LogOutputStream:75 - [STDERR_REDIRECT] [Fatal Error] :1:1: Premature end of file.
2025-07-22 20:57:52,140 [ERROR] LogOutputStream:75 - [STDERR_REDIRECT] 
2025-07-22 20:57:53,136 [ERROR] LogOutputStream:75 - [STDERR_REDIRECT] [Fatal Error] :1:1: Premature end of file.
2025-07-22 20:57:53,136 [ERROR] LogOutputStream:75 - [STDERR_REDIRECT] 
2025-07-22 20:57:54,142 [ERROR] LogOutputStream:75 - [STDERR_REDIRECT] [Fatal Error] :1:1: Premature end of file.
2025-07-22 20:57:54,142 [ERROR] LogOutputStream:75 - [STDERR_REDIRECT] 
2025-07-22 20:57:55,134 [ERROR] LogOutputStream:75 - [STDERR_REDIRECT] [Fatal Error] :1:1: Premature end of file.
2025-07-22 20:57:55,134 [ERROR] LogOutputStream:75 - [STDERR_REDIRECT] 
2025-07-22 20:57:56,144 [ERROR] LogOutputStream:75 - [STDERR_REDIRECT] [Fatal Error] :1:1: Premature end of file.
2025-07-22 20:57:56,144 [ERROR] LogOutputStream:75 - [STDERR_REDIRECT] 
2025-07-22 20:57:57,146 [ERROR] LogOutputStream:75 - [STDERR_REDIRECT] [Fatal Error] :1:1: Premature end of file.
2025-07-22 20:57:57,146 [ERROR] LogOutputStream:75 - [STDERR_REDIRECT] 
2025-07-22 20:57:58,134 [ERROR] LogOutputStream:75 - [STDERR_REDIRECT] [Fatal Error] :1:1: Premature end of file.
2025-07-22 20:57:58,134 [ERROR] LogOutputStream:75 - [STDERR_REDIRECT] 
2025-07-22 20:57:59,150 [ERROR] LogOutputStream:75 - [STDERR_REDIRECT] [Fatal Error] :1:1: Premature end of file.
2025-07-22 20:57:59,150 [ERROR] LogOutputStream:75 - [STDERR_REDIRECT] 
2025-07-22 20:58:00,143 [ERROR] LogOutputStream:75 - [STDERR_REDIRECT] [Fatal Error] :1:1: Premature end of file.
2025-07-22 20:58:00,143 [ERROR] LogOutputStream:75 - [STDERR_REDIRECT] 
2025-07-22 20:58:01,145 [ERROR] LogOutputStream:75 - [STDERR_REDIRECT] [Fatal Error] :1:1: Premature end of file.
2025-07-22 20:58:01,145 [ERROR] LogOutputStream:75 - [STDERR_REDIRECT] 
2025-07-22 20:58:02,134 [ERROR] LogOutputStream:75 - [STDERR_REDIRECT] [Fatal Error] :1:1: Premature end of file.
2025-07-22 20:58:02,134 [ERROR] LogOutputStream:75 - [STDERR_REDIRECT] 
2025-07-22 20:58:03,139 [ERROR] LogOutputStream:75 - [STDERR_REDIRECT] [Fatal Error] :1:1: Premature end of file.
2025-07-22 20:58:03,139 [ERROR] LogOutputStream:75 - [STDERR_REDIRECT] 
2025-07-22 20:58:04,141 [ERROR] LogOutputStream:75 - [STDERR_REDIRECT] [Fatal Error] :1:1: Premature end of file.
2025-07-22 20:58:04,141 [ERROR] LogOutputStream:75 - [STDERR_REDIRECT] 
2025-07-22 20:58:05,146 [ERROR] LogOutputStream:75 - [STDERR_REDIRECT] [Fatal Error] :1:1: Premature end of file.
2025-07-22 20:58:05,146 [ERROR] LogOutputStream:75 - [STDERR_REDIRECT] 
2025-07-22 20:58:06,145 [ERROR] LogOutputStream:75 - [STDERR_REDIRECT] [Fatal Error] :1:1: Premature end of file.
2025-07-22 20:58:06,145 [ERROR] LogOutputStream:75 - [STDERR_REDIRECT] 
2025-07-22 20:58:07,146 [ERROR] LogOutputStream:75 - [STDERR_REDIRECT] [Fatal Error] :1:1: Premature end of file.
2025-07-22 20:58:07,146 [ERROR] LogOutputStream:75 - [STDERR_REDIRECT] 
2025-07-22 20:58:08,142 [ERROR] LogOutputStream:75 - [STDERR_REDIRECT] [Fatal Error] :1:1: Premature end of file.
2025-07-22 20:58:08,142 [ERROR] LogOutputStream:75 - [STDERR_REDIRECT] 
2025-07-22 20:58:09,142 [ERROR] LogOutputStream:75 - [STDERR_REDIRECT] [Fatal Error] :1:1: Premature end of file.
2025-07-22 20:58:09,142 [ERROR] LogOutputStream:75 - [STDERR_REDIRECT] 
2025-07-22 20:58:10,132 [ERROR] LogOutputStream:75 - [STDERR_REDIRECT] [Fatal Error] :1:1: Premature end of file.
2025-07-22 20:58:10,132 [ERROR] LogOutputStream:75 - [STDERR_REDIRECT] 
2025-07-22 20:58:11,138 [ERROR] LogOutputStream:75 - [STDERR_REDIRECT] [Fatal Error] :1:1: Premature end of file.
2025-07-22 20:58:11,139 [ERROR] LogOutputStream:75 - [STDERR_REDIRECT] 
2025-07-22 20:58:12,146 [ERROR] LogOutputStream:75 - [STDERR_REDIRECT] [Fatal Error] :1:1: Premature end of file.
2025-07-22 20:58:12,146 [ERROR] LogOutputStream:75 - [STDERR_REDIRECT] 
2025-07-22 20:58:13,142 [ERROR] LogOutputStream:75 - [STDERR_REDIRECT] [Fatal Error] :1:1: Premature end of file.
2025-07-22 20:58:13,142 [ERROR] LogOutputStream:75 - [STDERR_REDIRECT] 
2025-07-22 20:58:14,141 [ERROR] LogOutputStream:75 - [STDERR_REDIRECT] [Fatal Error] :1:1: Premature end of file.
2025-07-22 20:58:14,141 [ERROR] LogOutputStream:75 - [STDERR_REDIRECT] 
2025-07-22 20:58:15,146 [ERROR] LogOutputStream:75 - [STDERR_REDIRECT] [Fatal Error] :1:1: Premature end of file.
2025-07-22 20:58:15,146 [ERROR] LogOutputStream:75 - [STDERR_REDIRECT] 
2025-07-22 20:58:16,144 [ERROR] LogOutputStream:75 - [STDERR_REDIRECT] [Fatal Error] :1:1: Premature end of file.
2025-07-22 20:58:16,144 [ERROR] LogOutputStream:75 - [STDERR_REDIRECT] 
2025-07-22 20:58:17,140 [ERROR] LogOutputStream:75 - [STDERR_REDIRECT] [Fatal Error] :1:1: Premature end of file.
2025-07-22 20:58:17,141 [ERROR] LogOutputStream:75 - [STDERR_REDIRECT] 
2025-07-22 20:58:18,130 [ERROR] LogOutputStream:75 - [STDERR_REDIRECT] [Fatal Error] :1:1: Premature end of file.
2025-07-22 20:58:18,130 [ERROR] LogOutputStream:75 - [STDERR_REDIRECT] 
2025-07-22 20:58:19,146 [ERROR] LogOutputStream:75 - [STDERR_REDIRECT] [Fatal Error] :1:1: Premature end of file.
2025-07-22 20:58:19,146 [ERROR] LogOutputStream:75 - [STDERR_REDIRECT] 
2025-07-22 20:58:20,134 [ERROR] LogOutputStream:75 - [STDERR_REDIRECT] [Fatal Error] :1:1: Premature end of file.
2025-07-22 20:58:20,134 [ERROR] LogOutputStream:75 - [STDERR_REDIRECT] 
2025-07-22 20:58:21,142 [ERROR] LogOutputStream:75 - [STDERR_REDIRECT] [Fatal Error] :1:1: Premature end of file.
2025-07-22 20:58:21,142 [ERROR] LogOutputStream:75 - [STDERR_REDIRECT] 
2025-07-22 20:58:22,143 [ERROR] LogOutputStream:75 - [STDERR_REDIRECT] [Fatal Error] :1:1: Premature end of file.
2025-07-22 20:58:22,143 [ERROR] LogOutputStream:75 - [STDERR_REDIRECT] 
2025-07-22 20:58:23,145 [ERROR] LogOutputStream:75 - [STDERR_REDIRECT] [Fatal Error] :1:1: Premature end of file.
2025-07-22 20:58:23,145 [ERROR] LogOutputStream:75 - [STDERR_REDIRECT] 
2025-07-22 20:58:24,146 [ERROR] LogOutputStream:75 - [STDERR_REDIRECT] [Fatal Error] :1:1: Premature end of file.
2025-07-22 20:58:24,146 [ERROR] LogOutputStream:75 - [STDERR_REDIRECT] 
2025-07-22 20:58:25,144 [ERROR] LogOutputStream:75 - [STDERR_REDIRECT] [Fatal Error] :1:1: Premature end of file.
2025-07-22 20:58:25,144 [ERROR] LogOutputStream:75 - [STDERR_REDIRECT] 
2025-07-22 20:58:26,144 [ERROR] LogOutputStream:75 - [STDERR_REDIRECT] [Fatal Error] :1:1: Premature end of file.
2025-07-22 20:58:26,144 [ERROR] LogOutputStream:75 - [STDERR_REDIRECT] 
2025-07-22 20:58:27,143 [ERROR] LogOutputStream:75 - [STDERR_REDIRECT] [Fatal Error] :1:1: Premature end of file.
2025-07-22 20:58:27,143 [ERROR] LogOutputStream:75 - [STDERR_REDIRECT] 
2025-07-22 20:58:28,143 [ERROR] LogOutputStream:75 - [STDERR_REDIRECT] [Fatal Error] :1:1: Premature end of file.
2025-07-22 20:58:28,143 [ERROR] LogOutputStream:75 - [STDERR_REDIRECT] 
2025-07-22 20:58:29,133 [ERROR] LogOutputStream:75 - [STDERR_REDIRECT] [Fatal Error] :1:1: Premature end of file.
2025-07-22 20:58:29,133 [ERROR] LogOutputStream:75 - [STDERR_REDIRECT] 
2025-07-22 20:58:30,141 [ERROR] LogOutputStream:75 - [STDERR_REDIRECT] [Fatal Error] :1:1: Premature end of file.
2025-07-22 20:58:30,141 [ERROR] LogOutputStream:75 - [STDERR_REDIRECT] 
2025-07-22 20:58:31,141 [ERROR] LogOutputStream:75 - [STDERR_REDIRECT] [Fatal Error] :1:1: Premature end of file.
2025-07-22 20:58:31,141 [ERROR] LogOutputStream:75 - [STDERR_REDIRECT] 
2025-07-22 20:58:32,144 [ERROR] LogOutputStream:75 - [STDERR_REDIRECT] [Fatal Error] :1:1: Premature end of file.
2025-07-22 20:58:32,144 [ERROR] LogOutputStream:75 - [STDERR_REDIRECT] 
2025-07-22 20:58:33,133 [ERROR] LogOutputStream:75 - [STDERR_REDIRECT] [Fatal Error] :1:1: Premature end of file.
2025-07-22 20:58:33,133 [ERROR] LogOutputStream:75 - [STDERR_REDIRECT] 
2025-07-22 20:58:34,130 [ERROR] LogOutputStream:75 - [STDERR_REDIRECT] [Fatal Error] :1:1: Premature end of file.
2025-07-22 20:58:34,130 [ERROR] LogOutputStream:75 - [STDERR_REDIRECT] 
2025-07-22 20:58:35,146 [ERROR] LogOutputStream:75 - [STDERR_REDIRECT] [Fatal Error] :1:1: Premature end of file.
2025-07-22 20:58:35,146 [ERROR] LogOutputStream:75 - [STDERR_REDIRECT] 
2025-07-22 20:58:36,143 [ERROR] LogOutputStream:75 - [STDERR_REDIRECT] [Fatal Error] :1:1: Premature end of file.
2025-07-22 20:58:36,143 [ERROR] LogOutputStream:75 - [STDERR_REDIRECT] 
2025-07-22 20:58:37,145 [ERROR] LogOutputStream:75 - [STDERR_REDIRECT] [Fatal Error] :1:1: Premature end of file.
2025-07-22 20:58:37,145 [ERROR] LogOutputStream:75 - [STDERR_REDIRECT] 
2025-07-22 20:58:38,145 [ERROR] LogOutputStream:75 - [STDERR_REDIRECT] [Fatal Error] :1:1: Premature end of file.
2025-07-22 20:58:38,145 [ERROR] LogOutputStream:75 - [STDERR_REDIRECT] 
2025-07-22 20:58:39,136 [ERROR] LogOutputStream:75 - [STDERR_REDIRECT] [Fatal Error] :1:1: Premature end of file.
2025-07-22 20:58:39,137 [ERROR] LogOutputStream:75 - [STDERR_REDIRECT] 
2025-07-22 20:58:40,131 [ERROR] LogOutputStream:75 - [STDERR_REDIRECT] [Fatal Error] :1:1: Premature end of file.
2025-07-22 20:58:40,132 [ERROR] LogOutputStream:75 - [STDERR_REDIRECT] 
2025-07-22 20:58:41,134 [ERROR] LogOutputStream:75 - [STDERR_REDIRECT] [Fatal Error] :1:1: Premature end of file.
2025-07-22 20:58:41,134 [ERROR] LogOutputStream:75 - [STDERR_REDIRECT] 
2025-07-22 20:58:42,135 [ERROR] LogOutputStream:75 - [STDERR_REDIRECT] [Fatal Error] :1:1: Premature end of file.
2025-07-22 20:58:42,135 [ERROR] LogOutputStream:75 - [STDERR_REDIRECT] 
2025-07-22 20:58:43,166 [ERROR] LogOutputStream:75 - [STDERR_REDIRECT] [Fatal Error] :1:1: Premature end of file.
2025-07-22 20:58:43,166 [ERROR] LogOutputStream:75 - [STDERR_REDIRECT] 
2025-07-22 20:58:44,133 [ERROR] LogOutputStream:75 - [STDERR_REDIRECT] [Fatal Error] :1:1: Premature end of file.
2025-07-22 20:58:44,133 [ERROR] LogOutputStream:75 - [STDERR_REDIRECT] 
2025-07-22 20:58:45,142 [ERROR] LogOutputStream:75 - [STDERR_REDIRECT] [Fatal Error] :1:1: Premature end of file.
2025-07-22 20:58:45,142 [ERROR] LogOutputStream:75 - [STDERR_REDIRECT] 
2025-07-22 20:58:46,141 [ERROR] LogOutputStream:75 - [STDERR_REDIRECT] [Fatal Error] :1:1: Premature end of file.
2025-07-22 20:58:46,141 [ERROR] LogOutputStream:75 - [STDERR_REDIRECT] 
2025-07-22 20:58:47,142 [ERROR] LogOutputStream:75 - [STDERR_REDIRECT] [Fatal Error] :1:1: Premature end of file.
2025-07-22 20:58:47,142 [ERROR] LogOutputStream:75 - [STDERR_REDIRECT] 
2025-07-22 20:58:48,145 [ERROR] LogOutputStream:75 - [STDERR_REDIRECT] [Fatal Error] :1:1: Premature end of file.
2025-07-22 20:58:48,145 [ERROR] LogOutputStream:75 - [STDERR_REDIRECT] 
2025-07-22 20:58:49,142 [ERROR] LogOutputStream:75 - [STDERR_REDIRECT] [Fatal Error] :1:1: Premature end of file.
2025-07-22 20:58:49,142 [ERROR] LogOutputStream:75 - [STDERR_REDIRECT] 
2025-07-22 20:58:50,146 [ERROR] LogOutputStream:75 - [STDERR_REDIRECT] [Fatal Error] :1:1: Premature end of file.
2025-07-22 20:58:50,146 [ERROR] LogOutputStream:75 - [STDERR_REDIRECT] 
2025-07-22 20:58:51,143 [ERROR] LogOutputStream:75 - [STDERR_REDIRECT] [Fatal Error] :1:1: Premature end of file.
2025-07-22 20:58:51,143 [ERROR] LogOutputStream:75 - [STDERR_REDIRECT] 
2025-07-22 20:58:52,141 [ERROR] LogOutputStream:75 - [STDERR_REDIRECT] [Fatal Error] :1:1: Premature end of file.
2025-07-22 20:58:52,141 [ERROR] LogOutputStream:75 - [STDERR_REDIRECT] 
2025-07-22 20:58:53,133 [ERROR] LogOutputStream:75 - [STDERR_REDIRECT] [Fatal Error] :1:1: Premature end of file.
2025-07-22 20:58:53,133 [ERROR] LogOutputStream:75 - [STDERR_REDIRECT] 
2025-07-22 20:58:54,134 [ERROR] LogOutputStream:75 - [STDERR_REDIRECT] [Fatal Error] :1:1: Premature end of file.
2025-07-22 20:58:54,134 [ERROR] LogOutputStream:75 - [STDERR_REDIRECT] 
2025-07-22 20:58:55,136 [ERROR] LogOutputStream:75 - [STDERR_REDIRECT] [Fatal Error] :1:1: Premature end of file.
2025-07-22 20:58:55,136 [ERROR] LogOutputStream:75 - [STDERR_REDIRECT] 
2025-07-22 20:58:56,140 [ERROR] LogOutputStream:75 - [STDERR_REDIRECT] [Fatal Error] :1:1: Premature end of file.
2025-07-22 20:58:56,140 [ERROR] LogOutputStream:75 - [STDERR_REDIRECT] 
2025-07-22 20:58:57,134 [ERROR] LogOutputStream:75 - [STDERR_REDIRECT] [Fatal Error] :1:1: Premature end of file.
2025-07-22 20:58:57,134 [ERROR] LogOutputStream:75 - [STDERR_REDIRECT] 
2025-07-22 20:58:58,131 [ERROR] LogOutputStream:75 - [STDERR_REDIRECT] [Fatal Error] :1:1: Premature end of file.
2025-07-22 20:58:58,131 [ERROR] LogOutputStream:75 - [STDERR_REDIRECT] 
2025-07-22 20:58:59,136 [ERROR] LogOutputStream:75 - [STDERR_REDIRECT] [Fatal Error] :1:1: Premature end of file.
2025-07-22 20:58:59,136 [ERROR] LogOutputStream:75 - [STDERR_REDIRECT] 
2025-07-22 20:59:00,138 [ERROR] LogOutputStream:75 - [STDERR_REDIRECT] [Fatal Error] :1:1: Premature end of file.
2025-07-22 20:59:00,138 [ERROR] LogOutputStream:75 - [STDERR_REDIRECT] 
2025-07-22 20:59:01,135 [ERROR] LogOutputStream:75 - [STDERR_REDIRECT] [Fatal Error] :1:1: Premature end of file.
2025-07-22 20:59:01,135 [ERROR] LogOutputStream:75 - [STDERR_REDIRECT] 
2025-07-22 20:59:02,144 [ERROR] LogOutputStream:75 - [STDERR_REDIRECT] [Fatal Error] :1:1: Premature end of file.
2025-07-22 20:59:02,144 [ERROR] LogOutputStream:75 - [STDERR_REDIRECT] 
2025-07-22 20:59:03,143 [ERROR] LogOutputStream:75 - [STDERR_REDIRECT] [Fatal Error] :1:1: Premature end of file.
2025-07-22 20:59:03,143 [ERROR] LogOutputStream:75 - [STDERR_REDIRECT] 
2025-07-22 20:59:04,140 [ERROR] LogOutputStream:75 - [STDERR_REDIRECT] [Fatal Error] :1:1: Premature end of file.
2025-07-22 20:59:04,140 [ERROR] LogOutputStream:75 - [STDERR_REDIRECT] 
2025-07-22 20:59:05,143 [ERROR] LogOutputStream:75 - [STDERR_REDIRECT] [Fatal Error] :1:1: Premature end of file.
2025-07-22 20:59:05,143 [ERROR] LogOutputStream:75 - [STDERR_REDIRECT] 
2025-07-22 20:59:06,141 [ERROR] LogOutputStream:75 - [STDERR_REDIRECT] [Fatal Error] :1:1: Premature end of file.
2025-07-22 20:59:06,141 [ERROR] LogOutputStream:75 - [STDERR_REDIRECT] 
2025-07-22 20:59:07,133 [ERROR] LogOutputStream:75 - [STDERR_REDIRECT] [Fatal Error] :1:1: Premature end of file.
2025-07-22 20:59:07,133 [ERROR] LogOutputStream:75 - [STDERR_REDIRECT] 
2025-07-22 20:59:08,144 [ERROR] LogOutputStream:75 - [STDERR_REDIRECT] [Fatal Error] :1:1: Premature end of file.
2025-07-22 20:59:08,144 [ERROR] LogOutputStream:75 - [STDERR_REDIRECT] 
2025-07-22 20:59:09,133 [ERROR] LogOutputStream:75 - [STDERR_REDIRECT] [Fatal Error] :1:1: Premature end of file.
2025-07-22 20:59:09,133 [ERROR] LogOutputStream:75 - [STDERR_REDIRECT] 
2025-07-22 20:59:10,143 [ERROR] LogOutputStream:75 - [STDERR_REDIRECT] [Fatal Error] :1:1: Premature end of file.
2025-07-22 20:59:10,143 [ERROR] LogOutputStream:75 - [STDERR_REDIRECT] 
2025-07-22 20:59:11,131 [ERROR] LogOutputStream:75 - [STDERR_REDIRECT] [Fatal Error] :1:1: Premature end of file.
2025-07-22 20:59:11,131 [ERROR] LogOutputStream:75 - [STDERR_REDIRECT] 
2025-07-22 20:59:12,142 [ERROR] LogOutputStream:75 - [STDERR_REDIRECT] [Fatal Error] :1:1: Premature end of file.
2025-07-22 20:59:12,142 [ERROR] LogOutputStream:75 - [STDERR_REDIRECT] 
2025-07-22 20:59:13,129 [ERROR] LogOutputStream:75 - [STDERR_REDIRECT] [Fatal Error] :1:1: Premature end of file.
2025-07-22 20:59:13,130 [ERROR] LogOutputStream:75 - [STDERR_REDIRECT] 
2025-07-22 20:59:14,133 [ERROR] LogOutputStream:75 - [STDERR_REDIRECT] [Fatal Error] :1:1: Premature end of file.
2025-07-22 20:59:14,134 [ERROR] LogOutputStream:75 - [STDERR_REDIRECT] 
2025-07-22 20:59:15,142 [ERROR] LogOutputStream:75 - [STDERR_REDIRECT] [Fatal Error] :1:1: Premature end of file.
2025-07-22 20:59:15,142 [ERROR] LogOutputStream:75 - [STDERR_REDIRECT] 
2025-07-22 20:59:16,137 [ERROR] LogOutputStream:75 - [STDERR_REDIRECT] [Fatal Error] :1:1: Premature end of file.
2025-07-22 20:59:16,138 [ERROR] LogOutputStream:75 - [STDERR_REDIRECT] 
2025-07-22 20:59:17,130 [ERROR] LogOutputStream:75 - [STDERR_REDIRECT] [Fatal Error] :1:1: Premature end of file.
2025-07-22 20:59:17,130 [ERROR] LogOutputStream:75 - [STDERR_REDIRECT] 
2025-07-22 20:59:18,135 [ERROR] LogOutputStream:75 - [STDERR_REDIRECT] [Fatal Error] :1:1: Premature end of file.
2025-07-22 20:59:18,135 [ERROR] LogOutputStream:75 - [STDERR_REDIRECT] 
2025-07-22 20:59:19,140 [ERROR] LogOutputStream:75 - [STDERR_REDIRECT] [Fatal Error] :1:1: Premature end of file.
2025-07-22 20:59:19,140 [ERROR] LogOutputStream:75 - [STDERR_REDIRECT] 
2025-07-22 20:59:20,133 [ERROR] LogOutputStream:75 - [STDERR_REDIRECT] [Fatal Error] :1:1: Premature end of file.
2025-07-22 20:59:20,133 [ERROR] LogOutputStream:75 - [STDERR_REDIRECT] 
2025-07-22 20:59:21,131 [ERROR] LogOutputStream:75 - [STDERR_REDIRECT] [Fatal Error] :1:1: Premature end of file.
2025-07-22 20:59:21,131 [ERROR] LogOutputStream:75 - [STDERR_REDIRECT] 
2025-07-22 20:59:22,144 [ERROR] LogOutputStream:75 - [STDERR_REDIRECT] [Fatal Error] :1:1: Premature end of file.
2025-07-22 20:59:22,144 [ERROR] LogOutputStream:75 - [STDERR_REDIRECT] 
2025-07-22 20:59:23,136 [ERROR] LogOutputStream:75 - [STDERR_REDIRECT] [Fatal Error] :1:1: Premature end of file.
2025-07-22 20:59:23,136 [ERROR] LogOutputStream:75 - [STDERR_REDIRECT] 
2025-07-22 20:59:24,135 [ERROR] LogOutputStream:75 - [STDERR_REDIRECT] [Fatal Error] :1:1: Premature end of file.
2025-07-22 20:59:24,136 [ERROR] LogOutputStream:75 - [STDERR_REDIRECT] 
2025-07-22 20:59:25,133 [ERROR] LogOutputStream:75 - [STDERR_REDIRECT] [Fatal Error] :1:1: Premature end of file.
2025-07-22 20:59:25,133 [ERROR] LogOutputStream:75 - [STDERR_REDIRECT] 
2025-07-22 20:59:26,135 [ERROR] LogOutputStream:75 - [STDERR_REDIRECT] [Fatal Error] :1:1: Premature end of file.
2025-07-22 20:59:26,135 [ERROR] LogOutputStream:75 - [STDERR_REDIRECT] 
2025-07-22 20:59:27,133 [ERROR] LogOutputStream:75 - [STDERR_REDIRECT] [Fatal Error] :1:1: Premature end of file.
2025-07-22 20:59:27,134 [ERROR] LogOutputStream:75 - [STDERR_REDIRECT] 
2025-07-22 20:59:28,135 [ERROR] LogOutputStream:75 - [STDERR_REDIRECT] [Fatal Error] :1:1: Premature end of file.
2025-07-22 20:59:28,136 [ERROR] LogOutputStream:75 - [STDERR_REDIRECT] 
2025-07-22 20:59:29,140 [ERROR] LogOutputStream:75 - [STDERR_REDIRECT] [Fatal Error] :1:1: Premature end of file.
2025-07-22 20:59:29,140 [ERROR] LogOutputStream:75 - [STDERR_REDIRECT] 
2025-07-22 20:59:30,140 [ERROR] LogOutputStream:75 - [STDERR_REDIRECT] [Fatal Error] :1:1: Premature end of file.
2025-07-22 20:59:30,140 [ERROR] LogOutputStream:75 - [STDERR_REDIRECT] 
2025-07-22 20:59:31,139 [ERROR] LogOutputStream:75 - [STDERR_REDIRECT] [Fatal Error] :1:1: Premature end of file.
2025-07-22 20:59:31,139 [ERROR] LogOutputStream:75 - [STDERR_REDIRECT] 
2025-07-22 20:59:32,134 [ERROR] LogOutputStream:75 - [STDERR_REDIRECT] [Fatal Error] :1:1: Premature end of file.
2025-07-22 20:59:32,134 [ERROR] LogOutputStream:75 - [STDERR_REDIRECT] 
2025-07-22 20:59:33,133 [ERROR] LogOutputStream:75 - [STDERR_REDIRECT] [Fatal Error] :1:1: Premature end of file.
2025-07-22 20:59:33,133 [ERROR] LogOutputStream:75 - [STDERR_REDIRECT] 
2025-07-22 20:59:34,148 [ERROR] LogOutputStream:75 - [STDERR_REDIRECT] [Fatal Error] :1:1: Premature end of file.
2025-07-22 20:59:34,148 [ERROR] LogOutputStream:75 - [STDERR_REDIRECT] 
2025-07-22 20:59:35,134 [ERROR] LogOutputStream:75 - [STDERR_REDIRECT] [Fatal Error] :1:1: Premature end of file.
2025-07-22 20:59:35,134 [ERROR] LogOutputStream:75 - [STDERR_REDIRECT] 
2025-07-22 20:59:36,153 [ERROR] LogOutputStream:75 - [STDERR_REDIRECT] [Fatal Error] :1:1: Premature end of file.
2025-07-22 20:59:36,153 [ERROR] LogOutputStream:75 - [STDERR_REDIRECT] 
2025-07-22 20:59:37,143 [ERROR] LogOutputStream:75 - [STDERR_REDIRECT] [Fatal Error] :1:1: Premature end of file.
2025-07-22 20:59:37,143 [ERROR] LogOutputStream:75 - [STDERR_REDIRECT] 
2025-07-22 20:59:38,143 [ERROR] LogOutputStream:75 - [STDERR_REDIRECT] [Fatal Error] :1:1: Premature end of file.
2025-07-22 20:59:38,143 [ERROR] LogOutputStream:75 - [STDERR_REDIRECT] 
2025-07-22 20:59:39,144 [ERROR] LogOutputStream:75 - [STDERR_REDIRECT] [Fatal Error] :1:1: Premature end of file.
2025-07-22 20:59:39,144 [ERROR] LogOutputStream:75 - [STDERR_REDIRECT] 
2025-07-22 20:59:40,145 [ERROR] LogOutputStream:75 - [STDERR_REDIRECT] [Fatal Error] :1:1: Premature end of file.
2025-07-22 20:59:40,145 [ERROR] LogOutputStream:75 - [STDERR_REDIRECT] 
2025-07-22 20:59:41,141 [ERROR] LogOutputStream:75 - [STDERR_REDIRECT] [Fatal Error] :1:1: Premature end of file.
2025-07-22 20:59:41,141 [ERROR] LogOutputStream:75 - [STDERR_REDIRECT] 
2025-07-22 20:59:42,135 [ERROR] LogOutputStream:75 - [STDERR_REDIRECT] [Fatal Error] :1:1: Premature end of file.
2025-07-22 20:59:42,135 [ERROR] LogOutputStream:75 - [STDERR_REDIRECT] 
2025-07-22 20:59:43,143 [ERROR] LogOutputStream:75 - [STDERR_REDIRECT] [Fatal Error] :1:1: Premature end of file.
2025-07-22 20:59:43,143 [ERROR] LogOutputStream:75 - [STDERR_REDIRECT] 
2025-07-22 20:59:44,258 [ERROR] LogOutputStream:75 - [STDERR_REDIRECT] [Fatal Error] :1:1: Premature end of file.
2025-07-22 20:59:44,258 [ERROR] LogOutputStream:75 - [STDERR_REDIRECT] 
2025-07-22 20:59:45,136 [ERROR] LogOutputStream:75 - [STDERR_REDIRECT] [Fatal Error] :1:1: Premature end of file.
2025-07-22 20:59:45,136 [ERROR] LogOutputStream:75 - [STDERR_REDIRECT] 
2025-07-22 20:59:46,146 [ERROR] LogOutputStream:75 - [STDERR_REDIRECT] [Fatal Error] :1:1: Premature end of file.
2025-07-22 20:59:46,146 [ERROR] LogOutputStream:75 - [STDERR_REDIRECT] 
2025-07-22 20:59:47,145 [ERROR] LogOutputStream:75 - [STDERR_REDIRECT] [Fatal Error] :1:1: Premature end of file.
2025-07-22 20:59:47,145 [ERROR] LogOutputStream:75 - [STDERR_REDIRECT] 
2025-07-22 20:59:48,139 [ERROR] LogOutputStream:75 - [STDERR_REDIRECT] [Fatal Error] :1:1: Premature end of file.
2025-07-22 20:59:48,139 [ERROR] LogOutputStream:75 - [STDERR_REDIRECT] 
2025-07-22 20:59:49,144 [ERROR] LogOutputStream:75 - [STDERR_REDIRECT] [Fatal Error] :1:1: Premature end of file.
2025-07-22 20:59:49,144 [ERROR] LogOutputStream:75 - [STDERR_REDIRECT] 
2025-07-22 20:59:50,146 [ERROR] LogOutputStream:75 - [STDERR_REDIRECT] [Fatal Error] :1:1: Premature end of file.
2025-07-22 20:59:50,146 [ERROR] LogOutputStream:75 - [STDERR_REDIRECT] 
2025-07-22 20:59:51,139 [ERROR] LogOutputStream:75 - [STDERR_REDIRECT] [Fatal Error] :1:1: Premature end of file.
2025-07-22 20:59:51,139 [ERROR] LogOutputStream:75 - [STDERR_REDIRECT] 
2025-07-22 20:59:52,132 [ERROR] LogOutputStream:75 - [STDERR_REDIRECT] [Fatal Error] :1:1: Premature end of file.
2025-07-22 20:59:52,132 [ERROR] LogOutputStream:75 - [STDERR_REDIRECT] 
2025-07-22 20:59:53,139 [ERROR] LogOutputStream:75 - [STDERR_REDIRECT] [Fatal Error] :1:1: Premature end of file.
2025-07-22 20:59:53,139 [ERROR] LogOutputStream:75 - [STDERR_REDIRECT] 
2025-07-22 20:59:54,141 [ERROR] LogOutputStream:75 - [STDERR_REDIRECT] [Fatal Error] :1:1: Premature end of file.
2025-07-22 20:59:54,141 [ERROR] LogOutputStream:75 - [STDERR_REDIRECT] 
2025-07-22 20:59:55,136 [ERROR] LogOutputStream:75 - [STDERR_REDIRECT] [Fatal Error] :1:1: Premature end of file.
2025-07-22 20:59:55,137 [ERROR] LogOutputStream:75 - [STDERR_REDIRECT] 
2025-07-22 20:59:56,140 [ERROR] LogOutputStream:75 - [STDERR_REDIRECT] [Fatal Error] :1:1: Premature end of file.
2025-07-22 20:59:56,140 [ERROR] LogOutputStream:75 - [STDERR_REDIRECT] 
2025-07-22 20:59:57,140 [ERROR] LogOutputStream:75 - [STDERR_REDIRECT] [Fatal Error] :1:1: Premature end of file.
2025-07-22 20:59:57,140 [ERROR] LogOutputStream:75 - [STDERR_REDIRECT] 
2025-07-22 20:59:58,141 [ERROR] LogOutputStream:75 - [STDERR_REDIRECT] [Fatal Error] :1:1: Premature end of file.
2025-07-22 20:59:58,141 [ERROR] LogOutputStream:75 - [STDERR_REDIRECT] 
2025-07-22 20:59:59,133 [ERROR] LogOutputStream:75 - [STDERR_REDIRECT] [Fatal Error] :1:1: Premature end of file.
2025-07-22 20:59:59,133 [ERROR] LogOutputStream:75 - [STDERR_REDIRECT] 
2025-07-22 21:00:00,141 [ERROR] LogOutputStream:75 - [STDERR_REDIRECT] [Fatal Error] :1:1: Premature end of file.
2025-07-22 21:00:00,141 [ERROR] LogOutputStream:75 - [STDERR_REDIRECT] 
2025-07-22 21:00:01,146 [ERROR] LogOutputStream:75 - [STDERR_REDIRECT] [Fatal Error] :1:1: Premature end of file.
2025-07-22 21:00:01,146 [ERROR] LogOutputStream:75 - [STDERR_REDIRECT] 
2025-07-22 21:00:02,130 [ERROR] LogOutputStream:75 - [STDERR_REDIRECT] [Fatal Error] :1:1: Premature end of file.
2025-07-22 21:00:02,130 [ERROR] LogOutputStream:75 - [STDERR_REDIRECT] 
2025-07-22 21:00:03,144 [ERROR] LogOutputStream:75 - [STDERR_REDIRECT] [Fatal Error] :1:1: Premature end of file.
2025-07-22 21:00:03,144 [ERROR] LogOutputStream:75 - [STDERR_REDIRECT] 
2025-07-22 21:00:04,130 [ERROR] LogOutputStream:75 - [STDERR_REDIRECT] [Fatal Error] :1:1: Premature end of file.
2025-07-22 21:00:04,130 [ERROR] LogOutputStream:75 - [STDERR_REDIRECT] 
2025-07-22 21:00:05,143 [ERROR] LogOutputStream:75 - [STDERR_REDIRECT] [Fatal Error] :1:1: Premature end of file.
2025-07-22 21:00:05,143 [ERROR] LogOutputStream:75 - [STDERR_REDIRECT] 
2025-07-22 21:00:06,145 [ERROR] LogOutputStream:75 - [STDERR_REDIRECT] [Fatal Error] :1:1: Premature end of file.
2025-07-22 21:00:06,145 [ERROR] LogOutputStream:75 - [STDERR_REDIRECT] 
2025-07-22 21:00:07,142 [ERROR] LogOutputStream:75 - [STDERR_REDIRECT] [Fatal Error] :1:1: Premature end of file.
2025-07-22 21:00:07,142 [ERROR] LogOutputStream:75 - [STDERR_REDIRECT] 
2025-07-22 21:00:08,146 [ERROR] LogOutputStream:75 - [STDERR_REDIRECT] [Fatal Error] :1:1: Premature end of file.
2025-07-22 21:00:08,146 [ERROR] LogOutputStream:75 - [STDERR_REDIRECT] 
2025-07-22 21:00:09,139 [ERROR] LogOutputStream:75 - [STDERR_REDIRECT] [Fatal Error] :1:1: Premature end of file.
2025-07-22 21:00:09,139 [ERROR] LogOutputStream:75 - [STDERR_REDIRECT] 
2025-07-22 21:00:10,147 [ERROR] LogOutputStream:75 - [STDERR_REDIRECT] [Fatal Error] :1:1: Premature end of file.
2025-07-22 21:00:10,147 [ERROR] LogOutputStream:75 - [STDERR_REDIRECT] 
2025-07-22 21:00:11,147 [ERROR] LogOutputStream:75 - [STDERR_REDIRECT] [Fatal Error] :1:1: Premature end of file.
2025-07-22 21:00:11,147 [ERROR] LogOutputStream:75 - [STDERR_REDIRECT] 
2025-07-22 21:00:12,142 [ERROR] LogOutputStream:75 - [STDERR_REDIRECT] [Fatal Error] :1:1: Premature end of file.
2025-07-22 21:00:12,142 [ERROR] LogOutputStream:75 - [STDERR_REDIRECT] 
2025-07-22 21:00:13,147 [ERROR] LogOutputStream:75 - [STDERR_REDIRECT] [Fatal Error] :1:1: Premature end of file.
2025-07-22 21:00:13,147 [ERROR] LogOutputStream:75 - [STDERR_REDIRECT] 
2025-07-22 21:00:14,143 [ERROR] LogOutputStream:75 - [STDERR_REDIRECT] [Fatal Error] :1:1: Premature end of file.
2025-07-22 21:00:14,143 [ERROR] LogOutputStream:75 - [STDERR_REDIRECT] 
2025-07-22 21:00:15,148 [ERROR] LogOutputStream:75 - [STDERR_REDIRECT] [Fatal Error] :1:1: Premature end of file.
2025-07-22 21:00:15,148 [ERROR] LogOutputStream:75 - [STDERR_REDIRECT] 
2025-07-22 21:00:16,148 [ERROR] LogOutputStream:75 - [STDERR_REDIRECT] [Fatal Error] :1:1: Premature end of file.
2025-07-22 21:00:16,148 [ERROR] LogOutputStream:75 - [STDERR_REDIRECT] 
2025-07-22 21:00:17,144 [ERROR] LogOutputStream:75 - [STDERR_REDIRECT] [Fatal Error] :1:1: Premature end of file.
2025-07-22 21:00:17,144 [ERROR] LogOutputStream:75 - [STDERR_REDIRECT] 
2025-07-22 21:00:18,162 [ERROR] LogOutputStream:75 - [STDERR_REDIRECT] [Fatal Error] :1:1: Premature end of file.
2025-07-22 21:00:18,162 [ERROR] LogOutputStream:75 - [STDERR_REDIRECT] 
2025-07-22 21:00:19,147 [ERROR] LogOutputStream:75 - [STDERR_REDIRECT] [Fatal Error] :1:1: Premature end of file.
2025-07-22 21:00:19,147 [ERROR] LogOutputStream:75 - [STDERR_REDIRECT] 
2025-07-22 21:00:20,133 [ERROR] LogOutputStream:75 - [STDERR_REDIRECT] [Fatal Error] :1:1: Premature end of file.
2025-07-22 21:00:20,133 [ERROR] LogOutputStream:75 - [STDERR_REDIRECT] 
2025-07-22 21:00:21,144 [ERROR] LogOutputStream:75 - [STDERR_REDIRECT] [Fatal Error] :1:1: Premature end of file.
2025-07-22 21:00:21,145 [ERROR] LogOutputStream:75 - [STDERR_REDIRECT] 
2025-07-22 21:00:22,131 [ERROR] LogOutputStream:75 - [STDERR_REDIRECT] [Fatal Error] :1:1: Premature end of file.
2025-07-22 21:00:22,131 [ERROR] LogOutputStream:75 - [STDERR_REDIRECT] 
2025-07-22 21:00:23,126 [ERROR] LogOutputStream:75 - [STDERR_REDIRECT] [Fatal Error] :1:1: Premature end of file.
2025-07-22 21:00:23,127 [ERROR] LogOutputStream:75 - [STDERR_REDIRECT] 
2025-07-22 21:00:24,144 [ERROR] LogOutputStream:75 - [STDERR_REDIRECT] [Fatal Error] :1:1: Premature end of file.
2025-07-22 21:00:24,144 [ERROR] LogOutputStream:75 - [STDERR_REDIRECT] 
2025-07-22 21:00:25,148 [ERROR] LogOutputStream:75 - [STDERR_REDIRECT] [Fatal Error] :1:1: Premature end of file.
2025-07-22 21:00:25,149 [ERROR] LogOutputStream:75 - [STDERR_REDIRECT] 
2025-07-22 21:00:26,144 [ERROR] LogOutputStream:75 - [STDERR_REDIRECT] [Fatal Error] :1:1: Premature end of file.
2025-07-22 21:00:26,144 [ERROR] LogOutputStream:75 - [STDERR_REDIRECT] 
2025-07-22 21:00:27,145 [ERROR] LogOutputStream:75 - [STDERR_REDIRECT] [Fatal Error] :1:1: Premature end of file.
2025-07-22 21:00:27,145 [ERROR] LogOutputStream:75 - [STDERR_REDIRECT] 
2025-07-22 21:00:28,143 [ERROR] LogOutputStream:75 - [STDERR_REDIRECT] [Fatal Error] :1:1: Premature end of file.
2025-07-22 21:00:28,143 [ERROR] LogOutputStream:75 - [STDERR_REDIRECT] 
2025-07-22 21:00:29,149 [ERROR] LogOutputStream:75 - [STDERR_REDIRECT] [Fatal Error] :1:1: Premature end of file.
2025-07-22 21:00:29,149 [ERROR] LogOutputStream:75 - [STDERR_REDIRECT] 
2025-07-22 21:00:30,158 [ERROR] LogOutputStream:75 - [STDERR_REDIRECT] [Fatal Error] :1:1: Premature end of file.
2025-07-22 21:00:30,158 [ERROR] LogOutputStream:75 - [STDERR_REDIRECT] 
2025-07-22 21:00:31,147 [ERROR] LogOutputStream:75 - [STDERR_REDIRECT] [Fatal Error] :1:1: Premature end of file.
2025-07-22 21:00:31,147 [ERROR] LogOutputStream:75 - [STDERR_REDIRECT] 
2025-07-22 21:00:32,146 [ERROR] LogOutputStream:75 - [STDERR_REDIRECT] [Fatal Error] :1:1: Premature end of file.
2025-07-22 21:00:32,146 [ERROR] LogOutputStream:75 - [STDERR_REDIRECT] 
2025-07-22 21:00:33,149 [ERROR] LogOutputStream:75 - [STDERR_REDIRECT] [Fatal Error] :1:1: Premature end of file.
2025-07-22 21:00:33,149 [ERROR] LogOutputStream:75 - [STDERR_REDIRECT] 
2025-07-22 21:00:34,144 [ERROR] LogOutputStream:75 - [STDERR_REDIRECT] [Fatal Error] :1:1: Premature end of file.
2025-07-22 21:00:34,145 [ERROR] LogOutputStream:75 - [STDERR_REDIRECT] 
2025-07-22 21:00:35,149 [ERROR] LogOutputStream:75 - [STDERR_REDIRECT] [Fatal Error] :1:1: Premature end of file.
2025-07-22 21:00:35,149 [ERROR] LogOutputStream:75 - [STDERR_REDIRECT] 
2025-07-22 21:00:36,190 [ERROR] LogOutputStream:75 - [STDERR_REDIRECT] [Fatal Error] :1:1: Premature end of file.
2025-07-22 21:00:36,190 [ERROR] LogOutputStream:75 - [STDERR_REDIRECT] 
2025-07-22 21:00:37,150 [ERROR] LogOutputStream:75 - [STDERR_REDIRECT] [Fatal Error] :1:1: Premature end of file.
2025-07-22 21:00:37,150 [ERROR] LogOutputStream:75 - [STDERR_REDIRECT] 
2025-07-22 21:00:38,131 [ERROR] LogOutputStream:75 - [STDERR_REDIRECT] [Fatal Error] :1:1: Premature end of file.
2025-07-22 21:00:38,131 [ERROR] LogOutputStream:75 - [STDERR_REDIRECT] 
2025-07-22 21:00:39,142 [ERROR] LogOutputStream:75 - [STDERR_REDIRECT] [Fatal Error] :1:1: Premature end of file.
2025-07-22 21:00:39,142 [ERROR] LogOutputStream:75 - [STDERR_REDIRECT] 
2025-07-22 21:00:40,146 [ERROR] LogOutputStream:75 - [STDERR_REDIRECT] [Fatal Error] :1:1: Premature end of file.
2025-07-22 21:00:40,146 [ERROR] LogOutputStream:75 - [STDERR_REDIRECT] 
2025-07-22 21:00:41,146 [ERROR] LogOutputStream:75 - [STDERR_REDIRECT] [Fatal Error] :1:1: Premature end of file.
2025-07-22 21:00:41,147 [ERROR] LogOutputStream:75 - [STDERR_REDIRECT] 
2025-07-22 21:00:42,153 [ERROR] LogOutputStream:75 - [STDERR_REDIRECT] [Fatal Error] :1:1: Premature end of file.
2025-07-22 21:00:42,153 [ERROR] LogOutputStream:75 - [STDERR_REDIRECT] 
2025-07-22 21:00:43,144 [ERROR] LogOutputStream:75 - [STDERR_REDIRECT] [Fatal Error] :1:1: Premature end of file.
2025-07-22 21:00:43,144 [ERROR] LogOutputStream:75 - [STDERR_REDIRECT] 
2025-07-22 21:00:44,149 [ERROR] LogOutputStream:75 - [STDERR_REDIRECT] [Fatal Error] :1:1: Premature end of file.
2025-07-22 21:00:44,149 [ERROR] LogOutputStream:75 - [STDERR_REDIRECT] 
2025-07-22 21:00:45,143 [ERROR] LogOutputStream:75 - [STDERR_REDIRECT] [Fatal Error] :1:1: Premature end of file.
2025-07-22 21:00:45,143 [ERROR] LogOutputStream:75 - [STDERR_REDIRECT] 
2025-07-22 21:00:46,144 [ERROR] LogOutputStream:75 - [STDERR_REDIRECT] [Fatal Error] :1:1: Premature end of file.
2025-07-22 21:00:46,145 [ERROR] LogOutputStream:75 - [STDERR_REDIRECT] 
2025-07-22 21:00:47,150 [ERROR] LogOutputStream:75 - [STDERR_REDIRECT] [Fatal Error] :1:1: Premature end of file.
2025-07-22 21:00:47,150 [ERROR] LogOutputStream:75 - [STDERR_REDIRECT] 
2025-07-22 21:00:48,146 [ERROR] LogOutputStream:75 - [STDERR_REDIRECT] [Fatal Error] :1:1: Premature end of file.
2025-07-22 21:00:48,146 [ERROR] LogOutputStream:75 - [STDERR_REDIRECT] 
2025-07-22 21:00:49,147 [ERROR] LogOutputStream:75 - [STDERR_REDIRECT] [Fatal Error] :1:1: Premature end of file.
2025-07-22 21:00:49,147 [ERROR] LogOutputStream:75 - [STDERR_REDIRECT] 
2025-07-22 21:00:50,140 [ERROR] LogOutputStream:75 - [STDERR_REDIRECT] [Fatal Error] :1:1: Premature end of file.
2025-07-22 21:00:50,140 [ERROR] LogOutputStream:75 - [STDERR_REDIRECT] 
2025-07-22 21:00:51,145 [ERROR] LogOutputStream:75 - [STDERR_REDIRECT] [Fatal Error] :1:1: Premature end of file.
2025-07-22 21:00:51,145 [ERROR] LogOutputStream:75 - [STDERR_REDIRECT] 
2025-07-22 21:00:52,145 [ERROR] LogOutputStream:75 - [STDERR_REDIRECT] [Fatal Error] :1:1: Premature end of file.
2025-07-22 21:00:52,145 [ERROR] LogOutputStream:75 - [STDERR_REDIRECT] 
2025-07-22 21:00:53,146 [ERROR] LogOutputStream:75 - [STDERR_REDIRECT] [Fatal Error] :1:1: Premature end of file.
2025-07-22 21:00:53,146 [ERROR] LogOutputStream:75 - [STDERR_REDIRECT] 
2025-07-22 21:00:54,151 [ERROR] LogOutputStream:75 - [STDERR_REDIRECT] [Fatal Error] :1:1: Premature end of file.
2025-07-22 21:00:54,151 [ERROR] LogOutputStream:75 - [STDERR_REDIRECT] 
2025-07-22 21:00:55,144 [ERROR] LogOutputStream:75 - [STDERR_REDIRECT] [Fatal Error] :1:1: Premature end of file.
2025-07-22 21:00:55,144 [ERROR] LogOutputStream:75 - [STDERR_REDIRECT] 
2025-07-22 21:00:56,147 [ERROR] LogOutputStream:75 - [STDERR_REDIRECT] [Fatal Error] :1:1: Premature end of file.
2025-07-22 21:00:56,147 [ERROR] LogOutputStream:75 - [STDERR_REDIRECT] 
2025-07-22 21:00:57,143 [ERROR] LogOutputStream:75 - [STDERR_REDIRECT] [Fatal Error] :1:1: Premature end of file.
2025-07-22 21:00:57,143 [ERROR] LogOutputStream:75 - [STDERR_REDIRECT] 
2025-07-22 21:00:58,146 [ERROR] LogOutputStream:75 - [STDERR_REDIRECT] [Fatal Error] :1:1: Premature end of file.
2025-07-22 21:00:58,146 [ERROR] LogOutputStream:75 - [STDERR_REDIRECT] 
2025-07-22 21:00:59,144 [ERROR] LogOutputStream:75 - [STDERR_REDIRECT] [Fatal Error] :1:1: Premature end of file.
2025-07-22 21:00:59,144 [ERROR] LogOutputStream:75 - [STDERR_REDIRECT] 
2025-07-22 21:01:00,144 [ERROR] LogOutputStream:75 - [STDERR_REDIRECT] [Fatal Error] :1:1: Premature end of file.
2025-07-22 21:01:00,144 [ERROR] LogOutputStream:75 - [STDERR_REDIRECT] 
2025-07-22 21:01:01,148 [ERROR] LogOutputStream:75 - [STDERR_REDIRECT] [Fatal Error] :1:1: Premature end of file.
2025-07-22 21:01:01,148 [ERROR] LogOutputStream:75 - [STDERR_REDIRECT] 
2025-07-22 21:01:02,145 [ERROR] LogOutputStream:75 - [STDERR_REDIRECT] [Fatal Error] :1:1: Premature end of file.
2025-07-22 21:01:02,145 [ERROR] LogOutputStream:75 - [STDERR_REDIRECT] 
2025-07-22 21:01:03,146 [ERROR] LogOutputStream:75 - [STDERR_REDIRECT] [Fatal Error] :1:1: Premature end of file.
2025-07-22 21:01:03,146 [ERROR] LogOutputStream:75 - [STDERR_REDIRECT] 
2025-07-22 21:01:04,144 [ERROR] LogOutputStream:75 - [STDERR_REDIRECT] [Fatal Error] :1:1: Premature end of file.
2025-07-22 21:01:04,144 [ERROR] LogOutputStream:75 - [STDERR_REDIRECT] 
2025-07-22 21:01:05,146 [ERROR] LogOutputStream:75 - [STDERR_REDIRECT] [Fatal Error] :1:1: Premature end of file.
2025-07-22 21:01:05,146 [ERROR] LogOutputStream:75 - [STDERR_REDIRECT] 
2025-07-22 21:01:06,144 [ERROR] LogOutputStream:75 - [STDERR_REDIRECT] [Fatal Error] :1:1: Premature end of file.
2025-07-22 21:01:06,145 [ERROR] LogOutputStream:75 - [STDERR_REDIRECT] 
2025-07-22 21:01:07,140 [ERROR] LogOutputStream:75 - [STDERR_REDIRECT] [Fatal Error] :1:1: Premature end of file.
2025-07-22 21:01:07,140 [ERROR] LogOutputStream:75 - [STDERR_REDIRECT] 
2025-07-22 21:01:08,148 [ERROR] LogOutputStream:75 - [STDERR_REDIRECT] [Fatal Error] :1:1: Premature end of file.
2025-07-22 21:01:08,148 [ERROR] LogOutputStream:75 - [STDERR_REDIRECT] 
2025-07-22 21:01:09,143 [ERROR] LogOutputStream:75 - [STDERR_REDIRECT] [Fatal Error] :1:1: Premature end of file.
2025-07-22 21:01:09,143 [ERROR] LogOutputStream:75 - [STDERR_REDIRECT] 
2025-07-22 21:01:10,144 [ERROR] LogOutputStream:75 - [STDERR_REDIRECT] [Fatal Error] :1:1: Premature end of file.
2025-07-22 21:01:10,144 [ERROR] LogOutputStream:75 - [STDERR_REDIRECT] 
2025-07-22 21:01:11,147 [ERROR] LogOutputStream:75 - [STDERR_REDIRECT] [Fatal Error] :1:1: Premature end of file.
2025-07-22 21:01:11,147 [ERROR] LogOutputStream:75 - [STDERR_REDIRECT] 
2025-07-22 21:01:12,145 [ERROR] LogOutputStream:75 - [STDERR_REDIRECT] [Fatal Error] :1:1: Premature end of file.
2025-07-22 21:01:12,146 [ERROR] LogOutputStream:75 - [STDERR_REDIRECT] 
2025-07-22 21:01:13,143 [ERROR] LogOutputStream:75 - [STDERR_REDIRECT] [Fatal Error] :1:1: Premature end of file.
2025-07-22 21:01:13,144 [ERROR] LogOutputStream:75 - [STDERR_REDIRECT] 
2025-07-22 21:01:14,148 [ERROR] LogOutputStream:75 - [STDERR_REDIRECT] [Fatal Error] :1:1: Premature end of file.
2025-07-22 21:01:14,148 [ERROR] LogOutputStream:75 - [STDERR_REDIRECT] 
2025-07-22 21:01:15,145 [ERROR] LogOutputStream:75 - [STDERR_REDIRECT] [Fatal Error] :1:1: Premature end of file.
2025-07-22 21:01:15,145 [ERROR] LogOutputStream:75 - [STDERR_REDIRECT] 
2025-07-22 21:01:16,143 [ERROR] LogOutputStream:75 - [STDERR_REDIRECT] [Fatal Error] :1:1: Premature end of file.
2025-07-22 21:01:16,144 [ERROR] LogOutputStream:75 - [STDERR_REDIRECT] 
2025-07-22 21:01:17,148 [ERROR] LogOutputStream:75 - [STDERR_REDIRECT] [Fatal Error] :1:1: Premature end of file.
2025-07-22 21:01:17,149 [ERROR] LogOutputStream:75 - [STDERR_REDIRECT] 
2025-07-22 21:01:18,147 [ERROR] LogOutputStream:75 - [STDERR_REDIRECT] [Fatal Error] :1:1: Premature end of file.
2025-07-22 21:01:18,147 [ERROR] LogOutputStream:75 - [STDERR_REDIRECT] 
2025-07-22 21:01:19,141 [ERROR] LogOutputStream:75 - [STDERR_REDIRECT] [Fatal Error] :1:1: Premature end of file.
2025-07-22 21:01:19,141 [ERROR] LogOutputStream:75 - [STDERR_REDIRECT] 
2025-07-22 21:01:20,139 [ERROR] LogOutputStream:75 - [STDERR_REDIRECT] [Fatal Error] :1:1: Premature end of file.
2025-07-22 21:01:20,139 [ERROR] LogOutputStream:75 - [STDERR_REDIRECT] 
2025-07-22 21:01:21,146 [ERROR] LogOutputStream:75 - [STDERR_REDIRECT] [Fatal Error] :1:1: Premature end of file.
2025-07-22 21:01:21,146 [ERROR] LogOutputStream:75 - [STDERR_REDIRECT] 
2025-07-22 21:01:22,144 [ERROR] LogOutputStream:75 - [STDERR_REDIRECT] [Fatal Error] :1:1: Premature end of file.
2025-07-22 21:01:22,144 [ERROR] LogOutputStream:75 - [STDERR_REDIRECT] 
2025-07-22 21:01:23,145 [ERROR] LogOutputStream:75 - [STDERR_REDIRECT] [Fatal Error] :1:1: Premature end of file.
2025-07-22 21:01:23,145 [ERROR] LogOutputStream:75 - [STDERR_REDIRECT] 
2025-07-22 21:01:24,144 [ERROR] LogOutputStream:75 - [STDERR_REDIRECT] [Fatal Error] :1:1: Premature end of file.
2025-07-22 21:01:24,144 [ERROR] LogOutputStream:75 - [STDERR_REDIRECT] 
2025-07-22 21:01:25,142 [ERROR] LogOutputStream:75 - [STDERR_REDIRECT] [Fatal Error] :1:1: Premature end of file.
2025-07-22 21:01:25,142 [ERROR] LogOutputStream:75 - [STDERR_REDIRECT] 
2025-07-22 21:01:26,149 [ERROR] LogOutputStream:75 - [STDERR_REDIRECT] [Fatal Error] :1:1: Premature end of file.
2025-07-22 21:01:26,149 [ERROR] LogOutputStream:75 - [STDERR_REDIRECT] 
2025-07-22 21:01:27,149 [ERROR] LogOutputStream:75 - [STDERR_REDIRECT] [Fatal Error] :1:1: Premature end of file.
2025-07-22 21:01:27,149 [ERROR] LogOutputStream:75 - [STDERR_REDIRECT] 
2025-07-22 21:01:28,131 [ERROR] LogOutputStream:75 - [STDERR_REDIRECT] [Fatal Error] :1:1: Premature end of file.
2025-07-22 21:01:28,132 [ERROR] LogOutputStream:75 - [STDERR_REDIRECT] 
2025-07-22 21:01:29,147 [ERROR] LogOutputStream:75 - [STDERR_REDIRECT] [Fatal Error] :1:1: Premature end of file.
2025-07-22 21:01:29,147 [ERROR] LogOutputStream:75 - [STDERR_REDIRECT] 
2025-07-22 21:01:30,145 [ERROR] LogOutputStream:75 - [STDERR_REDIRECT] [Fatal Error] :1:1: Premature end of file.
2025-07-22 21:01:30,145 [ERROR] LogOutputStream:75 - [STDERR_REDIRECT] 
2025-07-22 21:01:31,133 [ERROR] LogOutputStream:75 - [STDERR_REDIRECT] [Fatal Error] :1:1: Premature end of file.
2025-07-22 21:01:31,133 [ERROR] LogOutputStream:75 - [STDERR_REDIRECT] 
2025-07-22 21:01:32,130 [ERROR] LogOutputStream:75 - [STDERR_REDIRECT] [Fatal Error] :1:1: Premature end of file.
2025-07-22 21:01:32,130 [ERROR] LogOutputStream:75 - [STDERR_REDIRECT] 
2025-07-22 21:01:33,143 [ERROR] LogOutputStream:75 - [STDERR_REDIRECT] [Fatal Error] :1:1: Premature end of file.
2025-07-22 21:01:33,143 [ERROR] LogOutputStream:75 - [STDERR_REDIRECT] 
2025-07-22 21:01:34,143 [ERROR] LogOutputStream:75 - [STDERR_REDIRECT] [Fatal Error] :1:1: Premature end of file.
2025-07-22 21:01:34,144 [ERROR] LogOutputStream:75 - [STDERR_REDIRECT] 
2025-07-22 21:01:35,147 [ERROR] LogOutputStream:75 - [STDERR_REDIRECT] [Fatal Error] :1:1: Premature end of file.
2025-07-22 21:01:35,147 [ERROR] LogOutputStream:75 - [STDERR_REDIRECT] 
2025-07-22 21:01:36,148 [ERROR] LogOutputStream:75 - [STDERR_REDIRECT] [Fatal Error] :1:1: Premature end of file.
2025-07-22 21:01:36,148 [ERROR] LogOutputStream:75 - [STDERR_REDIRECT] 
2025-07-22 21:01:37,148 [ERROR] LogOutputStream:75 - [STDERR_REDIRECT] [Fatal Error] :1:1: Premature end of file.
2025-07-22 21:01:37,148 [ERROR] LogOutputStream:75 - [STDERR_REDIRECT] 
2025-07-22 21:01:38,149 [ERROR] LogOutputStream:75 - [STDERR_REDIRECT] [Fatal Error] :1:1: Premature end of file.
2025-07-22 21:01:38,149 [ERROR] LogOutputStream:75 - [STDERR_REDIRECT] 
2025-07-22 21:01:39,143 [ERROR] LogOutputStream:75 - [STDERR_REDIRECT] [Fatal Error] :1:1: Premature end of file.
2025-07-22 21:01:39,143 [ERROR] LogOutputStream:75 - [STDERR_REDIRECT] 
2025-07-22 21:01:40,149 [ERROR] LogOutputStream:75 - [STDERR_REDIRECT] [Fatal Error] :1:1: Premature end of file.
2025-07-22 21:01:40,149 [ERROR] LogOutputStream:75 - [STDERR_REDIRECT] 
2025-07-22 21:01:41,147 [ERROR] LogOutputStream:75 - [STDERR_REDIRECT] [Fatal Error] :1:1: Premature end of file.
2025-07-22 21:01:41,147 [ERROR] LogOutputStream:75 - [STDERR_REDIRECT] 
2025-07-22 21:01:42,144 [ERROR] LogOutputStream:75 - [STDERR_REDIRECT] [Fatal Error] :1:1: Premature end of file.
2025-07-22 21:01:42,144 [ERROR] LogOutputStream:75 - [STDERR_REDIRECT] 
2025-07-22 21:01:43,141 [ERROR] LogOutputStream:75 - [STDERR_REDIRECT] [Fatal Error] :1:1: Premature end of file.
2025-07-22 21:01:43,142 [ERROR] LogOutputStream:75 - [STDERR_REDIRECT] 
2025-07-22 21:01:44,151 [ERROR] LogOutputStream:75 - [STDERR_REDIRECT] [Fatal Error] :1:1: Premature end of file.
2025-07-22 21:01:44,152 [ERROR] LogOutputStream:75 - [STDERR_REDIRECT] 
2025-07-22 21:01:45,144 [ERROR] LogOutputStream:75 - [STDERR_REDIRECT] [Fatal Error] :1:1: Premature end of file.
2025-07-22 21:01:45,144 [ERROR] LogOutputStream:75 - [STDERR_REDIRECT] 
2025-07-22 21:01:46,145 [ERROR] LogOutputStream:75 - [STDERR_REDIRECT] [Fatal Error] :1:1: Premature end of file.
2025-07-22 21:01:46,145 [ERROR] LogOutputStream:75 - [STDERR_REDIRECT] 
2025-07-22 21:01:47,146 [ERROR] LogOutputStream:75 - [STDERR_REDIRECT] [Fatal Error] :1:1: Premature end of file.
2025-07-22 21:01:47,146 [ERROR] LogOutputStream:75 - [STDERR_REDIRECT] 
2025-07-22 21:01:48,146 [ERROR] LogOutputStream:75 - [STDERR_REDIRECT] [Fatal Error] :1:1: Premature end of file.
2025-07-22 21:01:48,146 [ERROR] LogOutputStream:75 - [STDERR_REDIRECT] 
2025-07-22 21:01:49,146 [ERROR] LogOutputStream:75 - [STDERR_REDIRECT] [Fatal Error] :1:1: Premature end of file.
2025-07-22 21:01:49,146 [ERROR] LogOutputStream:75 - [STDERR_REDIRECT] 
2025-07-22 21:01:50,145 [ERROR] LogOutputStream:75 - [STDERR_REDIRECT] [Fatal Error] :1:1: Premature end of file.
2025-07-22 21:01:50,145 [ERROR] LogOutputStream:75 - [STDERR_REDIRECT] 
2025-07-22 21:01:51,147 [ERROR] LogOutputStream:75 - [STDERR_REDIRECT] [Fatal Error] :1:1: Premature end of file.
2025-07-22 21:01:51,147 [ERROR] LogOutputStream:75 - [STDERR_REDIRECT] 
2025-07-22 21:01:52,146 [ERROR] LogOutputStream:75 - [STDERR_REDIRECT] [Fatal Error] :1:1: Premature end of file.
2025-07-22 21:01:52,146 [ERROR] LogOutputStream:75 - [STDERR_REDIRECT] 
2025-07-22 21:01:53,147 [ERROR] LogOutputStream:75 - [STDERR_REDIRECT] [Fatal Error] :1:1: Premature end of file.
2025-07-22 21:01:53,147 [ERROR] LogOutputStream:75 - [STDERR_REDIRECT] 
2025-07-22 21:01:54,148 [ERROR] LogOutputStream:75 - [STDERR_REDIRECT] [Fatal Error] :1:1: Premature end of file.
2025-07-22 21:01:54,148 [ERROR] LogOutputStream:75 - [STDERR_REDIRECT] 
2025-07-22 21:01:55,145 [ERROR] LogOutputStream:75 - [STDERR_REDIRECT] [Fatal Error] :1:1: Premature end of file.
2025-07-22 21:01:55,145 [ERROR] LogOutputStream:75 - [STDERR_REDIRECT] 
2025-07-22 21:01:56,149 [ERROR] LogOutputStream:75 - [STDERR_REDIRECT] [Fatal Error] :1:1: Premature end of file.
2025-07-22 21:01:56,149 [ERROR] LogOutputStream:75 - [STDERR_REDIRECT] 
2025-07-22 21:01:57,148 [ERROR] LogOutputStream:75 - [STDERR_REDIRECT] [Fatal Error] :1:1: Premature end of file.
2025-07-22 21:01:57,148 [ERROR] LogOutputStream:75 - [STDERR_REDIRECT] 
2025-07-22 21:01:58,147 [ERROR] LogOutputStream:75 - [STDERR_REDIRECT] [Fatal Error] :1:1: Premature end of file.
2025-07-22 21:01:58,147 [ERROR] LogOutputStream:75 - [STDERR_REDIRECT] 
2025-07-22 21:01:59,149 [ERROR] LogOutputStream:75 - [STDERR_REDIRECT] [Fatal Error] :1:1: Premature end of file.
2025-07-22 21:01:59,150 [ERROR] LogOutputStream:75 - [STDERR_REDIRECT] 
2025-07-22 21:02:00,145 [ERROR] LogOutputStream:75 - [STDERR_REDIRECT] [Fatal Error] :1:1: Premature end of file.
2025-07-22 21:02:00,145 [ERROR] LogOutputStream:75 - [STDERR_REDIRECT] 
2025-07-22 21:02:01,147 [ERROR] LogOutputStream:75 - [STDERR_REDIRECT] [Fatal Error] :1:1: Premature end of file.
2025-07-22 21:02:01,147 [ERROR] LogOutputStream:75 - [STDERR_REDIRECT] 
2025-07-22 21:02:02,146 [ERROR] LogOutputStream:75 - [STDERR_REDIRECT] [Fatal Error] :1:1: Premature end of file.
2025-07-22 21:02:02,146 [ERROR] LogOutputStream:75 - [STDERR_REDIRECT] 
2025-07-22 21:02:03,137 [ERROR] LogOutputStream:75 - [STDERR_REDIRECT] [Fatal Error] :1:1: Premature end of file.
2025-07-22 21:02:03,138 [ERROR] LogOutputStream:75 - [STDERR_REDIRECT] 
2025-07-22 21:02:04,143 [ERROR] LogOutputStream:75 - [STDERR_REDIRECT] [Fatal Error] :1:1: Premature end of file.
2025-07-22 21:02:04,143 [ERROR] LogOutputStream:75 - [STDERR_REDIRECT] 
2025-07-22 21:02:05,146 [ERROR] LogOutputStream:75 - [STDERR_REDIRECT] [Fatal Error] :1:1: Premature end of file.
2025-07-22 21:02:05,146 [ERROR] LogOutputStream:75 - [STDERR_REDIRECT] 
2025-07-22 21:02:06,145 [ERROR] LogOutputStream:75 - [STDERR_REDIRECT] [Fatal Error] :1:1: Premature end of file.
2025-07-22 21:02:06,145 [ERROR] LogOutputStream:75 - [STDERR_REDIRECT] 
2025-07-22 21:02:07,143 [ERROR] LogOutputStream:75 - [STDERR_REDIRECT] [Fatal Error] :1:1: Premature end of file.
2025-07-22 21:02:07,144 [ERROR] LogOutputStream:75 - [STDERR_REDIRECT] 
2025-07-22 21:02:08,152 [ERROR] LogOutputStream:75 - [STDERR_REDIRECT] [Fatal Error] :1:1: Premature end of file.
2025-07-22 21:02:08,152 [ERROR] LogOutputStream:75 - [STDERR_REDIRECT] 
2025-07-22 21:02:09,145 [ERROR] LogOutputStream:75 - [STDERR_REDIRECT] [Fatal Error] :1:1: Premature end of file.
2025-07-22 21:02:09,145 [ERROR] LogOutputStream:75 - [STDERR_REDIRECT] 
2025-07-22 21:02:10,148 [ERROR] LogOutputStream:75 - [STDERR_REDIRECT] [Fatal Error] :1:1: Premature end of file.
2025-07-22 21:02:10,148 [ERROR] LogOutputStream:75 - [STDERR_REDIRECT] 
2025-07-22 21:02:11,149 [ERROR] LogOutputStream:75 - [STDERR_REDIRECT] [Fatal Error] :1:1: Premature end of file.
2025-07-22 21:02:11,149 [ERROR] LogOutputStream:75 - [STDERR_REDIRECT] 
2025-07-22 21:02:12,145 [ERROR] LogOutputStream:75 - [STDERR_REDIRECT] [Fatal Error] :1:1: Premature end of file.
2025-07-22 21:02:12,145 [ERROR] LogOutputStream:75 - [STDERR_REDIRECT] 
2025-07-22 21:02:13,150 [ERROR] LogOutputStream:75 - [STDERR_REDIRECT] [Fatal Error] :1:1: Premature end of file.
2025-07-22 21:02:13,150 [ERROR] LogOutputStream:75 - [STDERR_REDIRECT] 
2025-07-22 21:02:14,147 [ERROR] LogOutputStream:75 - [STDERR_REDIRECT] [Fatal Error] :1:1: Premature end of file.
2025-07-22 21:02:14,147 [ERROR] LogOutputStream:75 - [STDERR_REDIRECT] 
2025-07-22 21:02:15,154 [ERROR] LogOutputStream:75 - [STDERR_REDIRECT] [Fatal Error] :1:1: Premature end of file.
2025-07-22 21:02:15,154 [ERROR] LogOutputStream:75 - [STDERR_REDIRECT] 
2025-07-22 21:02:16,142 [ERROR] LogOutputStream:75 - [STDERR_REDIRECT] [Fatal Error] :1:1: Premature end of file.
2025-07-22 21:02:16,142 [ERROR] LogOutputStream:75 - [STDERR_REDIRECT] 
2025-07-22 21:02:17,148 [ERROR] LogOutputStream:75 - [STDERR_REDIRECT] [Fatal Error] :1:1: Premature end of file.
2025-07-22 21:02:17,148 [ERROR] LogOutputStream:75 - [STDERR_REDIRECT] 
2025-07-22 21:02:18,147 [ERROR] LogOutputStream:75 - [STDERR_REDIRECT] [Fatal Error] :1:1: Premature end of file.
2025-07-22 21:02:18,147 [ERROR] LogOutputStream:75 - [STDERR_REDIRECT] 
2025-07-22 21:02:19,147 [ERROR] LogOutputStream:75 - [STDERR_REDIRECT] [Fatal Error] :1:1: Premature end of file.
2025-07-22 21:02:19,147 [ERROR] LogOutputStream:75 - [STDERR_REDIRECT] 
2025-07-22 21:02:20,147 [ERROR] LogOutputStream:75 - [STDERR_REDIRECT] [Fatal Error] :1:1: Premature end of file.
2025-07-22 21:02:20,147 [ERROR] LogOutputStream:75 - [STDERR_REDIRECT] 
2025-07-22 21:02:21,145 [ERROR] LogOutputStream:75 - [STDERR_REDIRECT] [Fatal Error] :1:1: Premature end of file.
2025-07-22 21:02:21,145 [ERROR] LogOutputStream:75 - [STDERR_REDIRECT] 
2025-07-22 21:02:22,146 [ERROR] LogOutputStream:75 - [STDERR_REDIRECT] [Fatal Error] :1:1: Premature end of file.
2025-07-22 21:02:22,147 [ERROR] LogOutputStream:75 - [STDERR_REDIRECT] 
2025-07-22 21:02:23,148 [ERROR] LogOutputStream:75 - [STDERR_REDIRECT] [Fatal Error] :1:1: Premature end of file.
2025-07-22 21:02:23,148 [ERROR] LogOutputStream:75 - [STDERR_REDIRECT] 
2025-07-22 21:02:24,146 [ERROR] LogOutputStream:75 - [STDERR_REDIRECT] [Fatal Error] :1:1: Premature end of file.
2025-07-22 21:02:24,146 [ERROR] LogOutputStream:75 - [STDERR_REDIRECT] 
2025-07-22 21:02:25,147 [ERROR] LogOutputStream:75 - [STDERR_REDIRECT] [Fatal Error] :1:1: Premature end of file.
2025-07-22 21:02:25,147 [ERROR] LogOutputStream:75 - [STDERR_REDIRECT] 
2025-07-22 21:02:26,148 [ERROR] LogOutputStream:75 - [STDERR_REDIRECT] [Fatal Error] :1:1: Premature end of file.
2025-07-22 21:02:26,148 [ERROR] LogOutputStream:75 - [STDERR_REDIRECT] 
2025-07-22 21:02:27,147 [ERROR] LogOutputStream:75 - [STDERR_REDIRECT] [Fatal Error] :1:1: Premature end of file.
2025-07-22 21:02:27,147 [ERROR] LogOutputStream:75 - [STDERR_REDIRECT] 
2025-07-22 21:02:28,146 [ERROR] LogOutputStream:75 - [STDERR_REDIRECT] [Fatal Error] :1:1: Premature end of file.
2025-07-22 21:02:28,146 [ERROR] LogOutputStream:75 - [STDERR_REDIRECT] 
2025-07-22 21:02:29,150 [ERROR] LogOutputStream:75 - [STDERR_REDIRECT] [Fatal Error] :1:1: Premature end of file.
2025-07-22 21:02:29,150 [ERROR] LogOutputStream:75 - [STDERR_REDIRECT] 
2025-07-22 21:02:30,147 [ERROR] LogOutputStream:75 - [STDERR_REDIRECT] [Fatal Error] :1:1: Premature end of file.
2025-07-22 21:02:30,147 [ERROR] LogOutputStream:75 - [STDERR_REDIRECT] 
2025-07-22 21:02:31,144 [ERROR] LogOutputStream:75 - [STDERR_REDIRECT] [Fatal Error] :1:1: Premature end of file.
2025-07-22 21:02:31,144 [ERROR] LogOutputStream:75 - [STDERR_REDIRECT] 
2025-07-22 21:02:32,142 [ERROR] LogOutputStream:75 - [STDERR_REDIRECT] [Fatal Error] :1:1: Premature end of file.
2025-07-22 21:02:32,142 [ERROR] LogOutputStream:75 - [STDERR_REDIRECT] 
2025-07-22 21:02:33,219 [ERROR] LogOutputStream:75 - [STDERR_REDIRECT] [Fatal Error] :1:1: Premature end of file.
2025-07-22 21:02:33,219 [ERROR] LogOutputStream:75 - [STDERR_REDIRECT] 
2025-07-22 21:02:34,131 [ERROR] LogOutputStream:75 - [STDERR_REDIRECT] [Fatal Error] :1:1: Premature end of file.
2025-07-22 21:02:34,131 [ERROR] LogOutputStream:75 - [STDERR_REDIRECT] 
2025-07-22 21:02:35,131 [ERROR] LogOutputStream:75 - [STDERR_REDIRECT] [Fatal Error] :1:1: Premature end of file.
2025-07-22 21:02:35,132 [ERROR] LogOutputStream:75 - [STDERR_REDIRECT] 
2025-07-22 21:02:36,133 [ERROR] LogOutputStream:75 - [STDERR_REDIRECT] [Fatal Error] :1:1: Premature end of file.
2025-07-22 21:02:36,133 [ERROR] LogOutputStream:75 - [STDERR_REDIRECT] 
2025-07-22 21:02:37,145 [ERROR] LogOutputStream:75 - [STDERR_REDIRECT] [Fatal Error] :1:1: Premature end of file.
2025-07-22 21:02:37,145 [ERROR] LogOutputStream:75 - [STDERR_REDIRECT] 
2025-07-22 21:02:38,144 [ERROR] LogOutputStream:75 - [STDERR_REDIRECT] [Fatal Error] :1:1: Premature end of file.
2025-07-22 21:02:38,145 [ERROR] LogOutputStream:75 - [STDERR_REDIRECT] 
2025-07-22 21:02:39,144 [ERROR] LogOutputStream:75 - [STDERR_REDIRECT] [Fatal Error] :1:1: Premature end of file.
2025-07-22 21:02:39,144 [ERROR] LogOutputStream:75 - [STDERR_REDIRECT] 
2025-07-22 21:02:40,143 [ERROR] LogOutputStream:75 - [STDERR_REDIRECT] [Fatal Error] :1:1: Premature end of file.
2025-07-22 21:02:40,143 [ERROR] LogOutputStream:75 - [STDERR_REDIRECT] 
2025-07-22 21:02:41,146 [ERROR] LogOutputStream:75 - [STDERR_REDIRECT] [Fatal Error] :1:1: Premature end of file.
2025-07-22 21:02:41,146 [ERROR] LogOutputStream:75 - [STDERR_REDIRECT] 
2025-07-22 21:02:42,150 [ERROR] LogOutputStream:75 - [STDERR_REDIRECT] [Fatal Error] :1:1: Premature end of file.
2025-07-22 21:02:42,150 [ERROR] LogOutputStream:75 - [STDERR_REDIRECT] 
2025-07-22 21:02:43,148 [ERROR] LogOutputStream:75 - [STDERR_REDIRECT] [Fatal Error] :1:1: Premature end of file.
2025-07-22 21:02:43,148 [ERROR] LogOutputStream:75 - [STDERR_REDIRECT] 
2025-07-22 21:02:44,140 [ERROR] LogOutputStream:75 - [STDERR_REDIRECT] [Fatal Error] :1:1: Premature end of file.
2025-07-22 21:02:44,140 [ERROR] LogOutputStream:75 - [STDERR_REDIRECT] 
2025-07-22 21:02:45,146 [ERROR] LogOutputStream:75 - [STDERR_REDIRECT] [Fatal Error] :1:1: Premature end of file.
2025-07-22 21:02:45,146 [ERROR] LogOutputStream:75 - [STDERR_REDIRECT] 
2025-07-22 21:02:46,148 [ERROR] LogOutputStream:75 - [STDERR_REDIRECT] [Fatal Error] :1:1: Premature end of file.
2025-07-22 21:02:46,148 [ERROR] LogOutputStream:75 - [STDERR_REDIRECT] 
2025-07-22 21:02:47,147 [ERROR] LogOutputStream:75 - [STDERR_REDIRECT] [Fatal Error] :1:1: Premature end of file.
2025-07-22 21:02:47,147 [ERROR] LogOutputStream:75 - [STDERR_REDIRECT] 
2025-07-22 21:02:48,145 [ERROR] LogOutputStream:75 - [STDERR_REDIRECT] [Fatal Error] :1:1: Premature end of file.
2025-07-22 21:02:48,145 [ERROR] LogOutputStream:75 - [STDERR_REDIRECT] 
2025-07-22 21:02:49,146 [ERROR] LogOutputStream:75 - [STDERR_REDIRECT] [Fatal Error] :1:1: Premature end of file.
2025-07-22 21:02:49,146 [ERROR] LogOutputStream:75 - [STDERR_REDIRECT] 
2025-07-22 21:02:50,146 [ERROR] LogOutputStream:75 - [STDERR_REDIRECT] [Fatal Error] :1:1: Premature end of file.
2025-07-22 21:02:50,147 [ERROR] LogOutputStream:75 - [STDERR_REDIRECT] 
2025-07-22 21:02:51,148 [ERROR] LogOutputStream:75 - [STDERR_REDIRECT] [Fatal Error] :1:1: Premature end of file.
2025-07-22 21:02:51,148 [ERROR] LogOutputStream:75 - [STDERR_REDIRECT] 
2025-07-22 21:02:52,147 [ERROR] LogOutputStream:75 - [STDERR_REDIRECT] [Fatal Error] :1:1: Premature end of file.
2025-07-22 21:02:52,147 [ERROR] LogOutputStream:75 - [STDERR_REDIRECT] 
2025-07-22 21:02:53,146 [ERROR] LogOutputStream:75 - [STDERR_REDIRECT] [Fatal Error] :1:1: Premature end of file.
2025-07-22 21:02:53,146 [ERROR] LogOutputStream:75 - [STDERR_REDIRECT] 
2025-07-22 21:02:54,144 [ERROR] LogOutputStream:75 - [STDERR_REDIRECT] [Fatal Error] :1:1: Premature end of file.
2025-07-22 21:02:54,144 [ERROR] LogOutputStream:75 - [STDERR_REDIRECT] 
2025-07-22 21:02:55,143 [ERROR] LogOutputStream:75 - [STDERR_REDIRECT] [Fatal Error] :1:1: Premature end of file.
2025-07-22 21:02:55,143 [ERROR] LogOutputStream:75 - [STDERR_REDIRECT] 
2025-07-22 21:02:56,137 [ERROR] LogOutputStream:75 - [STDERR_REDIRECT] [Fatal Error] :1:1: Premature end of file.
2025-07-22 21:02:56,137 [ERROR] LogOutputStream:75 - [STDERR_REDIRECT] 
2025-07-22 21:02:57,145 [ERROR] LogOutputStream:75 - [STDERR_REDIRECT] [Fatal Error] :1:1: Premature end of file.
2025-07-22 21:02:57,145 [ERROR] LogOutputStream:75 - [STDERR_REDIRECT] 
2025-07-22 21:02:58,144 [ERROR] LogOutputStream:75 - [STDERR_REDIRECT] [Fatal Error] :1:1: Premature end of file.
2025-07-22 21:02:58,144 [ERROR] LogOutputStream:75 - [STDERR_REDIRECT] 
2025-07-22 21:02:59,133 [ERROR] LogOutputStream:75 - [STDERR_REDIRECT] [Fatal Error] :1:1: Premature end of file.
2025-07-22 21:02:59,133 [ERROR] LogOutputStream:75 - [STDERR_REDIRECT] 
2025-07-22 21:03:00,139 [ERROR] LogOutputStream:75 - [STDERR_REDIRECT] [Fatal Error] :1:1: Premature end of file.
2025-07-22 21:03:00,140 [ERROR] LogOutputStream:75 - [STDERR_REDIRECT] 
2025-07-22 21:03:01,131 [ERROR] LogOutputStream:75 - [STDERR_REDIRECT] [Fatal Error] :1:1: Premature end of file.
2025-07-22 21:03:01,131 [ERROR] LogOutputStream:75 - [STDERR_REDIRECT] 
2025-07-22 21:03:02,147 [ERROR] LogOutputStream:75 - [STDERR_REDIRECT] [Fatal Error] :1:1: Premature end of file.
2025-07-22 21:03:02,147 [ERROR] LogOutputStream:75 - [STDERR_REDIRECT] 
2025-07-22 21:03:03,147 [ERROR] LogOutputStream:75 - [STDERR_REDIRECT] [Fatal Error] :1:1: Premature end of file.
2025-07-22 21:03:03,147 [ERROR] LogOutputStream:75 - [STDERR_REDIRECT] 
2025-07-22 21:03:04,145 [ERROR] LogOutputStream:75 - [STDERR_REDIRECT] [Fatal Error] :1:1: Premature end of file.
2025-07-22 21:03:04,145 [ERROR] LogOutputStream:75 - [STDERR_REDIRECT] 
2025-07-22 21:03:05,145 [ERROR] LogOutputStream:75 - [STDERR_REDIRECT] [Fatal Error] :1:1: Premature end of file.
2025-07-22 21:03:05,145 [ERROR] LogOutputStream:75 - [STDERR_REDIRECT] 
2025-07-22 21:03:06,149 [ERROR] LogOutputStream:75 - [STDERR_REDIRECT] [Fatal Error] :1:1: Premature end of file.
2025-07-22 21:03:06,149 [ERROR] LogOutputStream:75 - [STDERR_REDIRECT] 
2025-07-22 21:03:07,145 [ERROR] LogOutputStream:75 - [STDERR_REDIRECT] [Fatal Error] :1:1: Premature end of file.
2025-07-22 21:03:07,145 [ERROR] LogOutputStream:75 - [STDERR_REDIRECT] 
2025-07-22 21:03:08,149 [ERROR] LogOutputStream:75 - [STDERR_REDIRECT] [Fatal Error] :1:1: Premature end of file.
2025-07-22 21:03:08,149 [ERROR] LogOutputStream:75 - [STDERR_REDIRECT] 
2025-07-22 21:03:09,147 [ERROR] LogOutputStream:75 - [STDERR_REDIRECT] [Fatal Error] :1:1: Premature end of file.
2025-07-22 21:03:09,147 [ERROR] LogOutputStream:75 - [STDERR_REDIRECT] 
2025-07-22 21:03:10,146 [ERROR] LogOutputStream:75 - [STDERR_REDIRECT] [Fatal Error] :1:1: Premature end of file.
2025-07-22 21:03:10,146 [ERROR] LogOutputStream:75 - [STDERR_REDIRECT] 
2025-07-22 21:03:11,144 [ERROR] LogOutputStream:75 - [STDERR_REDIRECT] [Fatal Error] :1:1: Premature end of file.
2025-07-22 21:03:11,144 [ERROR] LogOutputStream:75 - [STDERR_REDIRECT] 
2025-07-22 21:03:12,147 [ERROR] LogOutputStream:75 - [STDERR_REDIRECT] [Fatal Error] :1:1: Premature end of file.
2025-07-22 21:03:12,147 [ERROR] LogOutputStream:75 - [STDERR_REDIRECT] 
2025-07-22 21:03:13,146 [ERROR] LogOutputStream:75 - [STDERR_REDIRECT] [Fatal Error] :1:1: Premature end of file.
2025-07-22 21:03:13,146 [ERROR] LogOutputStream:75 - [STDERR_REDIRECT] 
2025-07-22 21:03:14,148 [ERROR] LogOutputStream:75 - [STDERR_REDIRECT] [Fatal Error] :1:1: Premature end of file.
2025-07-22 21:03:14,148 [ERROR] LogOutputStream:75 - [STDERR_REDIRECT] 
2025-07-22 21:03:15,145 [ERROR] LogOutputStream:75 - [STDERR_REDIRECT] [Fatal Error] :1:1: Premature end of file.
2025-07-22 21:03:15,145 [ERROR] LogOutputStream:75 - [STDERR_REDIRECT] 
2025-07-22 21:03:16,145 [ERROR] LogOutputStream:75 - [STDERR_REDIRECT] [Fatal Error] :1:1: Premature end of file.
2025-07-22 21:03:16,145 [ERROR] LogOutputStream:75 - [STDERR_REDIRECT] 
2025-07-22 21:03:17,146 [ERROR] LogOutputStream:75 - [STDERR_REDIRECT] [Fatal Error] :1:1: Premature end of file.
2025-07-22 21:03:17,146 [ERROR] LogOutputStream:75 - [STDERR_REDIRECT] 
2025-07-22 21:03:18,149 [ERROR] LogOutputStream:75 - [STDERR_REDIRECT] [Fatal Error] :1:1: Premature end of file.
2025-07-22 21:03:18,149 [ERROR] LogOutputStream:75 - [STDERR_REDIRECT] 
2025-07-22 21:03:19,148 [ERROR] LogOutputStream:75 - [STDERR_REDIRECT] [Fatal Error] :1:1: Premature end of file.
2025-07-22 21:03:19,148 [ERROR] LogOutputStream:75 - [STDERR_REDIRECT] 
2025-07-22 21:03:20,139 [ERROR] LogOutputStream:75 - [STDERR_REDIRECT] [Fatal Error] :1:1: Premature end of file.
2025-07-22 21:03:20,139 [ERROR] LogOutputStream:75 - [STDERR_REDIRECT] 
2025-07-22 21:03:21,150 [ERROR] LogOutputStream:75 - [STDERR_REDIRECT] [Fatal Error] :1:1: Premature end of file.
2025-07-22 21:03:21,153 [ERROR] LogOutputStream:75 - [STDERR_REDIRECT] 
2025-07-22 21:03:22,146 [ERROR] LogOutputStream:75 - [STDERR_REDIRECT] [Fatal Error] :1:1: Premature end of file.
2025-07-22 21:03:22,146 [ERROR] LogOutputStream:75 - [STDERR_REDIRECT] 
2025-07-22 21:03:23,147 [ERROR] LogOutputStream:75 - [STDERR_REDIRECT] [Fatal Error] :1:1: Premature end of file.
2025-07-22 21:03:23,147 [ERROR] LogOutputStream:75 - [STDERR_REDIRECT] 
2025-07-22 21:03:24,146 [ERROR] LogOutputStream:75 - [STDERR_REDIRECT] [Fatal Error] :1:1: Premature end of file.
2025-07-22 21:03:24,146 [ERROR] LogOutputStream:75 - [STDERR_REDIRECT] 
2025-07-22 21:03:25,146 [ERROR] LogOutputStream:75 - [STDERR_REDIRECT] [Fatal Error] :1:1: Premature end of file.
2025-07-22 21:03:25,147 [ERROR] LogOutputStream:75 - [STDERR_REDIRECT] 
2025-07-22 21:03:26,145 [ERROR] LogOutputStream:75 - [STDERR_REDIRECT] [Fatal Error] :1:1: Premature end of file.
2025-07-22 21:03:26,145 [ERROR] LogOutputStream:75 - [STDERR_REDIRECT] 
2025-07-22 21:03:27,148 [ERROR] LogOutputStream:75 - [STDERR_REDIRECT] [Fatal Error] :1:1: Premature end of file.
2025-07-22 21:03:27,148 [ERROR] LogOutputStream:75 - [STDERR_REDIRECT] 
2025-07-22 21:03:28,148 [ERROR] LogOutputStream:75 - [STDERR_REDIRECT] [Fatal Error] :1:1: Premature end of file.
2025-07-22 21:03:28,148 [ERROR] LogOutputStream:75 - [STDERR_REDIRECT] 
2025-07-22 21:03:29,150 [ERROR] LogOutputStream:75 - [STDERR_REDIRECT] [Fatal Error] :1:1: Premature end of file.
2025-07-22 21:03:29,150 [ERROR] LogOutputStream:75 - [STDERR_REDIRECT] 
2025-07-22 21:03:30,146 [ERROR] LogOutputStream:75 - [STDERR_REDIRECT] [Fatal Error] :1:1: Premature end of file.
2025-07-22 21:03:30,146 [ERROR] LogOutputStream:75 - [STDERR_REDIRECT] 
2025-07-22 21:03:31,145 [ERROR] LogOutputStream:75 - [STDERR_REDIRECT] [Fatal Error] :1:1: Premature end of file.
2025-07-22 21:03:31,145 [ERROR] LogOutputStream:75 - [STDERR_REDIRECT] 
2025-07-22 21:03:32,138 [ERROR] LogOutputStream:75 - [STDERR_REDIRECT] [Fatal Error] :1:1: Premature end of file.
2025-07-22 21:03:32,138 [ERROR] LogOutputStream:75 - [STDERR_REDIRECT] 
2025-07-22 21:03:33,160 [ERROR] LogOutputStream:75 - [STDERR_REDIRECT] [Fatal Error] :1:1: Premature end of file.
2025-07-22 21:03:33,161 [ERROR] LogOutputStream:75 - [STDERR_REDIRECT] 
2025-07-22 21:03:34,149 [ERROR] LogOutputStream:75 - [STDERR_REDIRECT] [Fatal Error] :1:1: Premature end of file.
2025-07-22 21:03:34,149 [ERROR] LogOutputStream:75 - [STDERR_REDIRECT] 
2025-07-22 21:03:35,149 [ERROR] LogOutputStream:75 - [STDERR_REDIRECT] [Fatal Error] :1:1: Premature end of file.
2025-07-22 21:03:35,149 [ERROR] LogOutputStream:75 - [STDERR_REDIRECT] 
2025-07-22 21:03:36,145 [ERROR] LogOutputStream:75 - [STDERR_REDIRECT] [Fatal Error] :1:1: Premature end of file.
2025-07-22 21:03:36,145 [ERROR] LogOutputStream:75 - [STDERR_REDIRECT] 
2025-07-22 21:03:37,147 [ERROR] LogOutputStream:75 - [STDERR_REDIRECT] [Fatal Error] :1:1: Premature end of file.
2025-07-22 21:03:37,147 [ERROR] LogOutputStream:75 - [STDERR_REDIRECT] 
2025-07-22 21:03:38,147 [ERROR] LogOutputStream:75 - [STDERR_REDIRECT] [Fatal Error] :1:1: Premature end of file.
2025-07-22 21:03:38,147 [ERROR] LogOutputStream:75 - [STDERR_REDIRECT] 
2025-07-22 21:03:39,134 [ERROR] LogOutputStream:75 - [STDERR_REDIRECT] [Fatal Error] :1:1: Premature end of file.
2025-07-22 21:03:39,134 [ERROR] LogOutputStream:75 - [STDERR_REDIRECT] 
2025-07-22 21:03:40,141 [ERROR] LogOutputStream:75 - [STDERR_REDIRECT] [Fatal Error] :1:1: Premature end of file.
2025-07-22 21:03:40,141 [ERROR] LogOutputStream:75 - [STDERR_REDIRECT] 
2025-07-22 21:03:41,145 [ERROR] LogOutputStream:75 - [STDERR_REDIRECT] [Fatal Error] :1:1: Premature end of file.
2025-07-22 21:03:41,145 [ERROR] LogOutputStream:75 - [STDERR_REDIRECT] 
2025-07-22 21:03:42,130 [ERROR] LogOutputStream:75 - [STDERR_REDIRECT] [Fatal Error] :1:1: Premature end of file.
2025-07-22 21:03:42,130 [ERROR] LogOutputStream:75 - [STDERR_REDIRECT] 
2025-07-22 21:03:43,131 [ERROR] LogOutputStream:75 - [STDERR_REDIRECT] [Fatal Error] :1:1: Premature end of file.
2025-07-22 21:03:43,131 [ERROR] LogOutputStream:75 - [STDERR_REDIRECT] 
2025-07-22 21:03:44,144 [ERROR] LogOutputStream:75 - [STDERR_REDIRECT] [Fatal Error] :1:1: Premature end of file.
2025-07-22 21:03:44,144 [ERROR] LogOutputStream:75 - [STDERR_REDIRECT] 
2025-07-22 21:03:45,144 [ERROR] LogOutputStream:75 - [STDERR_REDIRECT] [Fatal Error] :1:1: Premature end of file.
2025-07-22 21:03:45,144 [ERROR] LogOutputStream:75 - [STDERR_REDIRECT] 
2025-07-22 21:03:46,154 [ERROR] LogOutputStream:75 - [STDERR_REDIRECT] [Fatal Error] :1:1: Premature end of file.
2025-07-22 21:03:46,154 [ERROR] LogOutputStream:75 - [STDERR_REDIRECT] 
2025-07-22 21:03:47,143 [ERROR] LogOutputStream:75 - [STDERR_REDIRECT] [Fatal Error] :1:1: Premature end of file.
2025-07-22 21:03:47,144 [ERROR] LogOutputStream:75 - [STDERR_REDIRECT] 
2025-07-22 21:03:48,146 [ERROR] LogOutputStream:75 - [STDERR_REDIRECT] [Fatal Error] :1:1: Premature end of file.
2025-07-22 21:03:48,146 [ERROR] LogOutputStream:75 - [STDERR_REDIRECT] 
2025-07-22 21:03:49,147 [ERROR] LogOutputStream:75 - [STDERR_REDIRECT] [Fatal Error] :1:1: Premature end of file.
2025-07-22 21:03:49,147 [ERROR] LogOutputStream:75 - [STDERR_REDIRECT] 
2025-07-22 21:03:50,145 [ERROR] LogOutputStream:75 - [STDERR_REDIRECT] [Fatal Error] :1:1: Premature end of file.
2025-07-22 21:03:50,145 [ERROR] LogOutputStream:75 - [STDERR_REDIRECT] 
2025-07-22 21:03:51,147 [ERROR] LogOutputStream:75 - [STDERR_REDIRECT] [Fatal Error] :1:1: Premature end of file.
2025-07-22 21:03:51,147 [ERROR] LogOutputStream:75 - [STDERR_REDIRECT] 
2025-07-22 21:03:52,145 [ERROR] LogOutputStream:75 - [STDERR_REDIRECT] [Fatal Error] :1:1: Premature end of file.
2025-07-22 21:03:52,146 [ERROR] LogOutputStream:75 - [STDERR_REDIRECT] 
2025-07-22 21:03:53,140 [ERROR] LogOutputStream:75 - [STDERR_REDIRECT] [Fatal Error] :1:1: Premature end of file.
2025-07-22 21:03:53,140 [ERROR] LogOutputStream:75 - [STDERR_REDIRECT] 
2025-07-22 21:03:54,147 [ERROR] LogOutputStream:75 - [STDERR_REDIRECT] [Fatal Error] :1:1: Premature end of file.
2025-07-22 21:03:54,147 [ERROR] LogOutputStream:75 - [STDERR_REDIRECT] 
2025-07-22 21:03:55,147 [ERROR] LogOutputStream:75 - [STDERR_REDIRECT] [Fatal Error] :1:1: Premature end of file.
2025-07-22 21:03:55,148 [ERROR] LogOutputStream:75 - [STDERR_REDIRECT] 
2025-07-22 21:03:56,146 [ERROR] LogOutputStream:75 - [STDERR_REDIRECT] [Fatal Error] :1:1: Premature end of file.
2025-07-22 21:03:56,146 [ERROR] LogOutputStream:75 - [STDERR_REDIRECT] 
2025-07-22 21:03:57,144 [ERROR] LogOutputStream:75 - [STDERR_REDIRECT] [Fatal Error] :1:1: Premature end of file.
2025-07-22 21:03:57,144 [ERROR] LogOutputStream:75 - [STDERR_REDIRECT] 
2025-07-22 21:03:58,149 [ERROR] LogOutputStream:75 - [STDERR_REDIRECT] [Fatal Error] :1:1: Premature end of file.
2025-07-22 21:03:58,149 [ERROR] LogOutputStream:75 - [STDERR_REDIRECT] 
2025-07-22 21:03:59,145 [ERROR] LogOutputStream:75 - [STDERR_REDIRECT] [Fatal Error] :1:1: Premature end of file.
2025-07-22 21:03:59,145 [ERROR] LogOutputStream:75 - [STDERR_REDIRECT] 
2025-07-22 21:04:00,141 [ERROR] LogOutputStream:75 - [STDERR_REDIRECT] [Fatal Error] :1:1: Premature end of file.
2025-07-22 21:04:00,141 [ERROR] LogOutputStream:75 - [STDERR_REDIRECT] 
2025-07-22 21:04:01,145 [ERROR] LogOutputStream:75 - [STDERR_REDIRECT] [Fatal Error] :1:1: Premature end of file.
2025-07-22 21:04:01,145 [ERROR] LogOutputStream:75 - [STDERR_REDIRECT] 
2025-07-22 21:04:02,147 [ERROR] LogOutputStream:75 - [STDERR_REDIRECT] [Fatal Error] :1:1: Premature end of file.
2025-07-22 21:04:02,147 [ERROR] LogOutputStream:75 - [STDERR_REDIRECT] 
2025-07-22 21:04:03,145 [ERROR] LogOutputStream:75 - [STDERR_REDIRECT] [Fatal Error] :1:1: Premature end of file.
2025-07-22 21:04:03,145 [ERROR] LogOutputStream:75 - [STDERR_REDIRECT] 
2025-07-22 21:04:04,145 [ERROR] LogOutputStream:75 - [STDERR_REDIRECT] [Fatal Error] :1:1: Premature end of file.
2025-07-22 21:04:04,145 [ERROR] LogOutputStream:75 - [STDERR_REDIRECT] 
2025-07-22 21:04:05,149 [ERROR] LogOutputStream:75 - [STDERR_REDIRECT] [Fatal Error] :1:1: Premature end of file.
2025-07-22 21:04:05,149 [ERROR] LogOutputStream:75 - [STDERR_REDIRECT] 
2025-07-22 21:04:06,148 [ERROR] LogOutputStream:75 - [STDERR_REDIRECT] [Fatal Error] :1:1: Premature end of file.
2025-07-22 21:04:06,148 [ERROR] LogOutputStream:75 - [STDERR_REDIRECT] 
2025-07-22 21:04:07,144 [ERROR] LogOutputStream:75 - [STDERR_REDIRECT] [Fatal Error] :1:1: Premature end of file.
2025-07-22 21:04:07,144 [ERROR] LogOutputStream:75 - [STDERR_REDIRECT] 
2025-07-22 21:04:08,144 [ERROR] LogOutputStream:75 - [STDERR_REDIRECT] [Fatal Error] :1:1: Premature end of file.
2025-07-22 21:04:08,144 [ERROR] LogOutputStream:75 - [STDERR_REDIRECT] 
2025-07-22 21:04:09,270 [ERROR] LogOutputStream:75 - [STDERR_REDIRECT] [Fatal Error] :1:1: Premature end of file.
2025-07-22 21:04:09,270 [ERROR] LogOutputStream:75 - [STDERR_REDIRECT] 
2025-07-22 21:04:10,147 [ERROR] LogOutputStream:75 - [STDERR_REDIRECT] [Fatal Error] :1:1: Premature end of file.
2025-07-22 21:04:10,147 [ERROR] LogOutputStream:75 - [STDERR_REDIRECT] 
2025-07-22 21:04:11,147 [ERROR] LogOutputStream:75 - [STDERR_REDIRECT] [Fatal Error] :1:1: Premature end of file.
2025-07-22 21:04:11,147 [ERROR] LogOutputStream:75 - [STDERR_REDIRECT] 
2025-07-22 21:04:12,147 [ERROR] LogOutputStream:75 - [STDERR_REDIRECT] [Fatal Error] :1:1: Premature end of file.
2025-07-22 21:04:12,147 [ERROR] LogOutputStream:75 - [STDERR_REDIRECT] 
2025-07-22 21:04:13,147 [ERROR] LogOutputStream:75 - [STDERR_REDIRECT] [Fatal Error] :1:1: Premature end of file.
2025-07-22 21:04:13,147 [ERROR] LogOutputStream:75 - [STDERR_REDIRECT] 
2025-07-22 21:04:14,152 [ERROR] LogOutputStream:75 - [STDERR_REDIRECT] [Fatal Error] :1:1: Premature end of file.
2025-07-22 21:04:14,152 [ERROR] LogOutputStream:75 - [STDERR_REDIRECT] 
2025-07-22 21:04:15,147 [ERROR] LogOutputStream:75 - [STDERR_REDIRECT] [Fatal Error] :1:1: Premature end of file.
2025-07-22 21:04:15,147 [ERROR] LogOutputStream:75 - [STDERR_REDIRECT] 
2025-07-22 21:04:16,147 [ERROR] LogOutputStream:75 - [STDERR_REDIRECT] [Fatal Error] :1:1: Premature end of file.
2025-07-22 21:04:16,147 [ERROR] LogOutputStream:75 - [STDERR_REDIRECT] 
2025-07-22 21:04:17,149 [ERROR] LogOutputStream:75 - [STDERR_REDIRECT] [Fatal Error] :1:1: Premature end of file.
2025-07-22 21:04:17,149 [ERROR] LogOutputStream:75 - [STDERR_REDIRECT] 
2025-07-22 21:04:18,144 [ERROR] LogOutputStream:75 - [STDERR_REDIRECT] [Fatal Error] :1:1: Premature end of file.
2025-07-22 21:04:18,144 [ERROR] LogOutputStream:75 - [STDERR_REDIRECT] 
2025-07-22 21:04:19,150 [ERROR] LogOutputStream:75 - [STDERR_REDIRECT] [Fatal Error] :1:1: Premature end of file.
2025-07-22 21:04:19,150 [ERROR] LogOutputStream:75 - [STDERR_REDIRECT] 
2025-07-22 21:04:20,143 [ERROR] LogOutputStream:75 - [STDERR_REDIRECT] [Fatal Error] :1:1: Premature end of file.
2025-07-22 21:04:20,143 [ERROR] LogOutputStream:75 - [STDERR_REDIRECT] 
2025-07-22 21:04:21,139 [ERROR] LogOutputStream:75 - [STDERR_REDIRECT] [Fatal Error] :1:1: Premature end of file.
2025-07-22 21:04:21,139 [ERROR] LogOutputStream:75 - [STDERR_REDIRECT] 
2025-07-22 21:04:22,164 [ERROR] LogOutputStream:75 - [STDERR_REDIRECT] [Fatal Error] :1:1: Premature end of file.
2025-07-22 21:04:22,164 [ERROR] LogOutputStream:75 - [STDERR_REDIRECT] 
2025-07-22 21:04:23,148 [ERROR] LogOutputStream:75 - [STDERR_REDIRECT] [Fatal Error] :1:1: Premature end of file.
2025-07-22 21:04:23,148 [ERROR] LogOutputStream:75 - [STDERR_REDIRECT] 
2025-07-22 21:04:24,150 [ERROR] LogOutputStream:75 - [STDERR_REDIRECT] [Fatal Error] :1:1: Premature end of file.
2025-07-22 21:04:24,150 [ERROR] LogOutputStream:75 - [STDERR_REDIRECT] 
2025-07-22 21:04:25,145 [ERROR] LogOutputStream:75 - [STDERR_REDIRECT] [Fatal Error] :1:1: Premature end of file.
2025-07-22 21:04:25,145 [ERROR] LogOutputStream:75 - [STDERR_REDIRECT] 
2025-07-22 21:04:26,149 [ERROR] LogOutputStream:75 - [STDERR_REDIRECT] [Fatal Error] :1:1: Premature end of file.
2025-07-22 21:04:26,149 [ERROR] LogOutputStream:75 - [STDERR_REDIRECT] 
2025-07-22 21:04:27,145 [ERROR] LogOutputStream:75 - [STDERR_REDIRECT] [Fatal Error] :1:1: Premature end of file.
2025-07-22 21:04:27,145 [ERROR] LogOutputStream:75 - [STDERR_REDIRECT] 
2025-07-22 21:04:28,146 [ERROR] LogOutputStream:75 - [STDERR_REDIRECT] [Fatal Error] :1:1: Premature end of file.
2025-07-22 21:04:28,146 [ERROR] LogOutputStream:75 - [STDERR_REDIRECT] 
2025-07-22 21:04:29,150 [ERROR] LogOutputStream:75 - [STDERR_REDIRECT] [Fatal Error] :1:1: Premature end of file.
2025-07-22 21:04:29,150 [ERROR] LogOutputStream:75 - [STDERR_REDIRECT] 
2025-07-22 21:04:30,148 [ERROR] LogOutputStream:75 - [STDERR_REDIRECT] [Fatal Error] :1:1: Premature end of file.
2025-07-22 21:04:30,148 [ERROR] LogOutputStream:75 - [STDERR_REDIRECT] 
2025-07-22 21:04:31,146 [ERROR] LogOutputStream:75 - [STDERR_REDIRECT] [Fatal Error] :1:1: Premature end of file.
2025-07-22 21:04:31,146 [ERROR] LogOutputStream:75 - [STDERR_REDIRECT] 
2025-07-22 21:04:32,149 [ERROR] LogOutputStream:75 - [STDERR_REDIRECT] [Fatal Error] :1:1: Premature end of file.
2025-07-22 21:04:32,149 [ERROR] LogOutputStream:75 - [STDERR_REDIRECT] 
2025-07-22 21:04:33,144 [ERROR] LogOutputStream:75 - [STDERR_REDIRECT] [Fatal Error] :1:1: Premature end of file.
2025-07-22 21:04:33,144 [ERROR] LogOutputStream:75 - [STDERR_REDIRECT] 
2025-07-22 21:04:34,161 [ERROR] LogOutputStream:75 - [STDERR_REDIRECT] [Fatal Error] :1:1: Premature end of file.
2025-07-22 21:04:34,161 [ERROR] LogOutputStream:75 - [STDERR_REDIRECT] 
2025-07-22 21:04:35,148 [ERROR] LogOutputStream:75 - [STDERR_REDIRECT] [Fatal Error] :1:1: Premature end of file.
2025-07-22 21:04:35,148 [ERROR] LogOutputStream:75 - [STDERR_REDIRECT] 
2025-07-22 21:04:36,146 [ERROR] LogOutputStream:75 - [STDERR_REDIRECT] [Fatal Error] :1:1: Premature end of file.
2025-07-22 21:04:36,146 [ERROR] LogOutputStream:75 - [STDERR_REDIRECT] 
2025-07-22 21:04:37,147 [ERROR] LogOutputStream:75 - [STDERR_REDIRECT] [Fatal Error] :1:1: Premature end of file.
2025-07-22 21:04:37,147 [ERROR] LogOutputStream:75 - [STDERR_REDIRECT] 
2025-07-22 21:04:38,143 [ERROR] LogOutputStream:75 - [STDERR_REDIRECT] [Fatal Error] :1:1: Premature end of file.
2025-07-22 21:04:38,143 [ERROR] LogOutputStream:75 - [STDERR_REDIRECT] 
2025-07-22 21:04:39,145 [ERROR] LogOutputStream:75 - [STDERR_REDIRECT] [Fatal Error] :1:1: Premature end of file.
2025-07-22 21:04:39,146 [ERROR] LogOutputStream:75 - [STDERR_REDIRECT] 
2025-07-22 21:04:40,146 [ERROR] LogOutputStream:75 - [STDERR_REDIRECT] [Fatal Error] :1:1: Premature end of file.
2025-07-22 21:04:40,146 [ERROR] LogOutputStream:75 - [STDERR_REDIRECT] 
2025-07-22 21:04:41,150 [ERROR] LogOutputStream:75 - [STDERR_REDIRECT] [Fatal Error] :1:1: Premature end of file.
2025-07-22 21:04:41,150 [ERROR] LogOutputStream:75 - [STDERR_REDIRECT] 
2025-07-22 21:04:42,147 [ERROR] LogOutputStream:75 - [STDERR_REDIRECT] [Fatal Error] :1:1: Premature end of file.
2025-07-22 21:04:42,147 [ERROR] LogOutputStream:75 - [STDERR_REDIRECT] 
2025-07-22 21:04:43,146 [ERROR] LogOutputStream:75 - [STDERR_REDIRECT] [Fatal Error] :1:1: Premature end of file.
2025-07-22 21:04:43,146 [ERROR] LogOutputStream:75 - [STDERR_REDIRECT] 
2025-07-22 21:04:44,146 [ERROR] LogOutputStream:75 - [STDERR_REDIRECT] [Fatal Error] :1:1: Premature end of file.
2025-07-22 21:04:44,146 [ERROR] LogOutputStream:75 - [STDERR_REDIRECT] 
2025-07-22 21:04:45,133 [ERROR] LogOutputStream:75 - [STDERR_REDIRECT] [Fatal Error] :1:1: Premature end of file.
2025-07-22 21:04:45,133 [ERROR] LogOutputStream:75 - [STDERR_REDIRECT] 
2025-07-22 21:04:46,150 [ERROR] LogOutputStream:75 - [STDERR_REDIRECT] [Fatal Error] :1:1: Premature end of file.
2025-07-22 21:04:46,150 [ERROR] LogOutputStream:75 - [STDERR_REDIRECT] 
2025-07-22 21:04:47,141 [ERROR] LogOutputStream:75 - [STDERR_REDIRECT] [Fatal Error] :1:1: Premature end of file.
2025-07-22 21:04:47,141 [ERROR] LogOutputStream:75 - [STDERR_REDIRECT] 
2025-07-22 21:04:48,143 [ERROR] LogOutputStream:75 - [STDERR_REDIRECT] [Fatal Error] :1:1: Premature end of file.
2025-07-22 21:04:48,143 [ERROR] LogOutputStream:75 - [STDERR_REDIRECT] 
2025-07-22 21:04:49,145 [ERROR] LogOutputStream:75 - [STDERR_REDIRECT] [Fatal Error] :1:1: Premature end of file.
2025-07-22 21:04:49,145 [ERROR] LogOutputStream:75 - [STDERR_REDIRECT] 
2025-07-22 21:04:50,142 [ERROR] LogOutputStream:75 - [STDERR_REDIRECT] [Fatal Error] :1:1: Premature end of file.
2025-07-22 21:04:50,142 [ERROR] LogOutputStream:75 - [STDERR_REDIRECT] 
2025-07-22 21:04:51,143 [ERROR] LogOutputStream:75 - [STDERR_REDIRECT] [Fatal Error] :1:1: Premature end of file.
2025-07-22 21:04:51,143 [ERROR] LogOutputStream:75 - [STDERR_REDIRECT] 
2025-07-22 21:04:52,149 [ERROR] LogOutputStream:75 - [STDERR_REDIRECT] [Fatal Error] :1:1: Premature end of file.
2025-07-22 21:04:52,149 [ERROR] LogOutputStream:75 - [STDERR_REDIRECT] 
2025-07-22 21:04:53,148 [ERROR] LogOutputStream:75 - [STDERR_REDIRECT] [Fatal Error] :1:1: Premature end of file.
2025-07-22 21:04:53,148 [ERROR] LogOutputStream:75 - [STDERR_REDIRECT] 
2025-07-22 21:04:54,145 [ERROR] LogOutputStream:75 - [STDERR_REDIRECT] [Fatal Error] :1:1: Premature end of file.
2025-07-22 21:04:54,145 [ERROR] LogOutputStream:75 - [STDERR_REDIRECT] 
2025-07-22 21:04:55,147 [ERROR] LogOutputStream:75 - [STDERR_REDIRECT] [Fatal Error] :1:1: Premature end of file.
2025-07-22 21:04:55,147 [ERROR] LogOutputStream:75 - [STDERR_REDIRECT] 
2025-07-22 21:04:56,142 [ERROR] LogOutputStream:75 - [STDERR_REDIRECT] [Fatal Error] :1:1: Premature end of file.
2025-07-22 21:04:56,142 [ERROR] LogOutputStream:75 - [STDERR_REDIRECT] 
2025-07-22 21:04:57,141 [ERROR] LogOutputStream:75 - [STDERR_REDIRECT] [Fatal Error] :1:1: Premature end of file.
2025-07-22 21:04:57,142 [ERROR] LogOutputStream:75 - [STDERR_REDIRECT] 
2025-07-22 21:04:58,150 [ERROR] LogOutputStream:75 - [STDERR_REDIRECT] [Fatal Error] :1:1: Premature end of file.
2025-07-22 21:04:58,150 [ERROR] LogOutputStream:75 - [STDERR_REDIRECT] 
2025-07-22 21:04:59,147 [ERROR] LogOutputStream:75 - [STDERR_REDIRECT] [Fatal Error] :1:1: Premature end of file.
2025-07-22 21:04:59,147 [ERROR] LogOutputStream:75 - [STDERR_REDIRECT] 
2025-07-22 21:05:00,146 [ERROR] LogOutputStream:75 - [STDERR_REDIRECT] [Fatal Error] :1:1: Premature end of file.
2025-07-22 21:05:00,146 [ERROR] LogOutputStream:75 - [STDERR_REDIRECT] 
2025-07-22 21:05:01,144 [ERROR] LogOutputStream:75 - [STDERR_REDIRECT] [Fatal Error] :1:1: Premature end of file.
2025-07-22 21:05:01,145 [ERROR] LogOutputStream:75 - [STDERR_REDIRECT] 
2025-07-22 21:05:02,150 [ERROR] LogOutputStream:75 - [STDERR_REDIRECT] [Fatal Error] :1:1: Premature end of file.
2025-07-22 21:05:02,150 [ERROR] LogOutputStream:75 - [STDERR_REDIRECT] 
2025-07-22 21:05:03,148 [ERROR] LogOutputStream:75 - [STDERR_REDIRECT] [Fatal Error] :1:1: Premature end of file.
2025-07-22 21:05:03,148 [ERROR] LogOutputStream:75 - [STDERR_REDIRECT] 
2025-07-22 21:05:04,146 [ERROR] LogOutputStream:75 - [STDERR_REDIRECT] [Fatal Error] :1:1: Premature end of file.
2025-07-22 21:05:04,146 [ERROR] LogOutputStream:75 - [STDERR_REDIRECT] 
2025-07-22 21:05:05,143 [ERROR] LogOutputStream:75 - [STDERR_REDIRECT] [Fatal Error] :1:1: Premature end of file.
2025-07-22 21:05:05,144 [ERROR] LogOutputStream:75 - [STDERR_REDIRECT] 
2025-07-22 21:05:06,143 [ERROR] LogOutputStream:75 - [STDERR_REDIRECT] [Fatal Error] :1:1: Premature end of file.
2025-07-22 21:05:06,144 [ERROR] LogOutputStream:75 - [STDERR_REDIRECT] 
2025-07-22 21:05:07,147 [ERROR] LogOutputStream:75 - [STDERR_REDIRECT] [Fatal Error] :1:1: Premature end of file.
2025-07-22 21:05:07,147 [ERROR] LogOutputStream:75 - [STDERR_REDIRECT] 
2025-07-22 21:05:08,149 [ERROR] LogOutputStream:75 - [STDERR_REDIRECT] [Fatal Error] :1:1: Premature end of file.
2025-07-22 21:05:08,149 [ERROR] LogOutputStream:75 - [STDERR_REDIRECT] 
2025-07-22 21:05:09,146 [ERROR] LogOutputStream:75 - [STDERR_REDIRECT] [Fatal Error] :1:1: Premature end of file.
2025-07-22 21:05:09,146 [ERROR] LogOutputStream:75 - [STDERR_REDIRECT] 
2025-07-22 21:05:10,158 [ERROR] LogOutputStream:75 - [STDERR_REDIRECT] [Fatal Error] :1:1: Premature end of file.
2025-07-22 21:05:10,158 [ERROR] LogOutputStream:75 - [STDERR_REDIRECT] 
2025-07-22 21:05:11,143 [ERROR] LogOutputStream:75 - [STDERR_REDIRECT] [Fatal Error] :1:1: Premature end of file.
2025-07-22 21:05:11,143 [ERROR] LogOutputStream:75 - [STDERR_REDIRECT] 
2025-07-22 21:05:12,147 [ERROR] LogOutputStream:75 - [STDERR_REDIRECT] [Fatal Error] :1:1: Premature end of file.
2025-07-22 21:05:12,148 [ERROR] LogOutputStream:75 - [STDERR_REDIRECT] 
2025-07-22 21:05:13,146 [ERROR] LogOutputStream:75 - [STDERR_REDIRECT] [Fatal Error] :1:1: Premature end of file.
2025-07-22 21:05:13,147 [ERROR] LogOutputStream:75 - [STDERR_REDIRECT] 
2025-07-22 21:05:14,146 [ERROR] LogOutputStream:75 - [STDERR_REDIRECT] [Fatal Error] :1:1: Premature end of file.
2025-07-22 21:05:14,146 [ERROR] LogOutputStream:75 - [STDERR_REDIRECT] 
2025-07-22 21:05:15,148 [ERROR] LogOutputStream:75 - [STDERR_REDIRECT] [Fatal Error] :1:1: Premature end of file.
2025-07-22 21:05:15,148 [ERROR] LogOutputStream:75 - [STDERR_REDIRECT] 
2025-07-22 21:05:16,146 [ERROR] LogOutputStream:75 - [STDERR_REDIRECT] [Fatal Error] :1:1: Premature end of file.
2025-07-22 21:05:16,146 [ERROR] LogOutputStream:75 - [STDERR_REDIRECT] 
2025-07-22 21:05:17,148 [ERROR] LogOutputStream:75 - [STDERR_REDIRECT] [Fatal Error] :1:1: Premature end of file.
2025-07-22 21:05:17,148 [ERROR] LogOutputStream:75 - [STDERR_REDIRECT] 
2025-07-22 21:05:18,144 [ERROR] LogOutputStream:75 - [STDERR_REDIRECT] [Fatal Error] :1:1: Premature end of file.
2025-07-22 21:05:18,145 [ERROR] LogOutputStream:75 - [STDERR_REDIRECT] 
2025-07-22 21:05:19,148 [ERROR] LogOutputStream:75 - [STDERR_REDIRECT] [Fatal Error] :1:1: Premature end of file.
2025-07-22 21:05:19,153 [ERROR] LogOutputStream:75 - [STDERR_REDIRECT] 
2025-07-22 21:05:20,142 [ERROR] LogOutputStream:75 - [STDERR_REDIRECT] [Fatal Error] :1:1: Premature end of file.
2025-07-22 21:05:20,142 [ERROR] LogOutputStream:75 - [STDERR_REDIRECT] 
2025-07-22 21:05:21,144 [ERROR] LogOutputStream:75 - [STDERR_REDIRECT] [Fatal Error] :1:1: Premature end of file.
2025-07-22 21:05:21,144 [ERROR] LogOutputStream:75 - [STDERR_REDIRECT] 
2025-07-22 21:05:22,154 [ERROR] LogOutputStream:75 - [STDERR_REDIRECT] [Fatal Error] :1:1: Premature end of file.
2025-07-22 21:05:22,154 [ERROR] LogOutputStream:75 - [STDERR_REDIRECT] 
2025-07-22 21:05:23,148 [ERROR] LogOutputStream:75 - [STDERR_REDIRECT] [Fatal Error] :1:1: Premature end of file.
2025-07-22 21:05:23,148 [ERROR] LogOutputStream:75 - [STDERR_REDIRECT] 
2025-07-22 21:05:24,146 [ERROR] LogOutputStream:75 - [STDERR_REDIRECT] [Fatal Error] :1:1: Premature end of file.
2025-07-22 21:05:24,147 [ERROR] LogOutputStream:75 - [STDERR_REDIRECT] 
2025-07-22 21:05:25,146 [ERROR] LogOutputStream:75 - [STDERR_REDIRECT] [Fatal Error] :1:1: Premature end of file.
2025-07-22 21:05:25,147 [ERROR] LogOutputStream:75 - [STDERR_REDIRECT] 
2025-07-22 21:05:26,147 [ERROR] LogOutputStream:75 - [STDERR_REDIRECT] [Fatal Error] :1:1: Premature end of file.
2025-07-22 21:05:26,147 [ERROR] LogOutputStream:75 - [STDERR_REDIRECT] 
2025-07-22 21:05:27,144 [ERROR] LogOutputStream:75 - [STDERR_REDIRECT] [Fatal Error] :1:1: Premature end of file.
2025-07-22 21:05:27,144 [ERROR] LogOutputStream:75 - [STDERR_REDIRECT] 
2025-07-22 21:05:28,146 [ERROR] LogOutputStream:75 - [STDERR_REDIRECT] [Fatal Error] :1:1: Premature end of file.
2025-07-22 21:05:28,146 [ERROR] LogOutputStream:75 - [STDERR_REDIRECT] 
2025-07-22 21:05:29,150 [ERROR] LogOutputStream:75 - [STDERR_REDIRECT] [Fatal Error] :1:1: Premature end of file.
2025-07-22 21:05:29,150 [ERROR] LogOutputStream:75 - [STDERR_REDIRECT] 
2025-07-22 21:05:30,148 [ERROR] LogOutputStream:75 - [STDERR_REDIRECT] [Fatal Error] :1:1: Premature end of file.
2025-07-22 21:05:30,148 [ERROR] LogOutputStream:75 - [STDERR_REDIRECT] 
2025-07-22 21:05:31,148 [ERROR] LogOutputStream:75 - [STDERR_REDIRECT] [Fatal Error] :1:1: Premature end of file.
2025-07-22 21:05:31,148 [ERROR] LogOutputStream:75 - [STDERR_REDIRECT] 
2025-07-22 21:05:32,145 [ERROR] LogOutputStream:75 - [STDERR_REDIRECT] [Fatal Error] :1:1: Premature end of file.
2025-07-22 21:05:32,145 [ERROR] LogOutputStream:75 - [STDERR_REDIRECT] 
2025-07-22 21:05:33,144 [ERROR] LogOutputStream:75 - [STDERR_REDIRECT] [Fatal Error] :1:1: Premature end of file.
2025-07-22 21:05:33,145 [ERROR] LogOutputStream:75 - [STDERR_REDIRECT] 
2025-07-22 21:05:34,151 [ERROR] LogOutputStream:75 - [STDERR_REDIRECT] [Fatal Error] :1:1: Premature end of file.
2025-07-22 21:05:34,151 [ERROR] LogOutputStream:75 - [STDERR_REDIRECT] 
2025-07-22 21:05:35,148 [ERROR] LogOutputStream:75 - [STDERR_REDIRECT] [Fatal Error] :1:1: Premature end of file.
2025-07-22 21:05:35,148 [ERROR] LogOutputStream:75 - [STDERR_REDIRECT] 
2025-07-22 21:05:36,146 [ERROR] LogOutputStream:75 - [STDERR_REDIRECT] [Fatal Error] :1:1: Premature end of file.
2025-07-22 21:05:36,146 [ERROR] LogOutputStream:75 - [STDERR_REDIRECT] 
2025-07-22 21:05:37,148 [ERROR] LogOutputStream:75 - [STDERR_REDIRECT] [Fatal Error] :1:1: Premature end of file.
2025-07-22 21:05:37,148 [ERROR] LogOutputStream:75 - [STDERR_REDIRECT] 
2025-07-22 21:05:38,143 [ERROR] LogOutputStream:75 - [STDERR_REDIRECT] [Fatal Error] :1:1: Premature end of file.
2025-07-22 21:05:38,143 [ERROR] LogOutputStream:75 - [STDERR_REDIRECT] 
2025-07-22 21:05:39,146 [ERROR] LogOutputStream:75 - [STDERR_REDIRECT] [Fatal Error] :1:1: Premature end of file.
2025-07-22 21:05:39,146 [ERROR] LogOutputStream:75 - [STDERR_REDIRECT] 
2025-07-22 21:05:40,145 [ERROR] LogOutputStream:75 - [STDERR_REDIRECT] [Fatal Error] :1:1: Premature end of file.
2025-07-22 21:05:40,145 [ERROR] LogOutputStream:75 - [STDERR_REDIRECT] 
2025-07-22 21:05:41,146 [ERROR] LogOutputStream:75 - [STDERR_REDIRECT] [Fatal Error] :1:1: Premature end of file.
2025-07-22 21:05:41,146 [ERROR] LogOutputStream:75 - [STDERR_REDIRECT] 
2025-07-22 21:05:42,147 [ERROR] LogOutputStream:75 - [STDERR_REDIRECT] [Fatal Error] :1:1: Premature end of file.
2025-07-22 21:05:42,147 [ERROR] LogOutputStream:75 - [STDERR_REDIRECT] 
2025-07-22 21:05:43,144 [ERROR] LogOutputStream:75 - [STDERR_REDIRECT] [Fatal Error] :1:1: Premature end of file.
2025-07-22 21:05:43,144 [ERROR] LogOutputStream:75 - [STDERR_REDIRECT] 
2025-07-22 21:05:44,148 [ERROR] LogOutputStream:75 - [STDERR_REDIRECT] [Fatal Error] :1:1: Premature end of file.
2025-07-22 21:05:44,148 [ERROR] LogOutputStream:75 - [STDERR_REDIRECT] 
2025-07-22 21:05:45,142 [ERROR] LogOutputStream:75 - [STDERR_REDIRECT] [Fatal Error] :1:1: Premature end of file.
2025-07-22 21:05:45,143 [ERROR] LogOutputStream:75 - [STDERR_REDIRECT] 
2025-07-22 21:05:46,148 [ERROR] LogOutputStream:75 - [STDERR_REDIRECT] [Fatal Error] :1:1: Premature end of file.
2025-07-22 21:05:46,148 [ERROR] LogOutputStream:75 - [STDERR_REDIRECT] 
2025-07-22 21:05:47,146 [ERROR] LogOutputStream:75 - [STDERR_REDIRECT] [Fatal Error] :1:1: Premature end of file.
2025-07-22 21:05:47,146 [ERROR] LogOutputStream:75 - [STDERR_REDIRECT] 
2025-07-22 21:05:48,146 [ERROR] LogOutputStream:75 - [STDERR_REDIRECT] [Fatal Error] :1:1: Premature end of file.
2025-07-22 21:05:48,146 [ERROR] LogOutputStream:75 - [STDERR_REDIRECT] 
2025-07-22 21:05:49,149 [ERROR] LogOutputStream:75 - [STDERR_REDIRECT] [Fatal Error] :1:1: Premature end of file.
2025-07-22 21:05:49,149 [ERROR] LogOutputStream:75 - [STDERR_REDIRECT] 
2025-07-22 21:05:50,144 [ERROR] LogOutputStream:75 - [STDERR_REDIRECT] [Fatal Error] :1:1: Premature end of file.
2025-07-22 21:05:50,144 [ERROR] LogOutputStream:75 - [STDERR_REDIRECT] 
2025-07-22 21:05:51,134 [ERROR] LogOutputStream:75 - [STDERR_REDIRECT] [Fatal Error] :1:1: Premature end of file.
2025-07-22 21:05:51,134 [ERROR] LogOutputStream:75 - [STDERR_REDIRECT] 
2025-07-22 21:05:52,143 [ERROR] LogOutputStream:75 - [STDERR_REDIRECT] [Fatal Error] :1:1: Premature end of file.
2025-07-22 21:05:52,143 [ERROR] LogOutputStream:75 - [STDERR_REDIRECT] 
2025-07-22 21:05:53,134 [ERROR] LogOutputStream:75 - [STDERR_REDIRECT] [Fatal Error] :1:1: Premature end of file.
2025-07-22 21:05:53,134 [ERROR] LogOutputStream:75 - [STDERR_REDIRECT] 
2025-07-22 21:05:54,142 [ERROR] LogOutputStream:75 - [STDERR_REDIRECT] [Fatal Error] :1:1: Premature end of file.
2025-07-22 21:05:54,142 [ERROR] LogOutputStream:75 - [STDERR_REDIRECT] 
2025-07-22 21:05:55,143 [ERROR] LogOutputStream:75 - [STDERR_REDIRECT] [Fatal Error] :1:1: Premature end of file.
2025-07-22 21:05:55,143 [ERROR] LogOutputStream:75 - [STDERR_REDIRECT] 
2025-07-22 21:05:56,142 [ERROR] LogOutputStream:75 - [STDERR_REDIRECT] [Fatal Error] :1:1: Premature end of file.
2025-07-22 21:05:56,142 [ERROR] LogOutputStream:75 - [STDERR_REDIRECT] 
2025-07-22 21:05:57,144 [ERROR] LogOutputStream:75 - [STDERR_REDIRECT] [Fatal Error] :1:1: Premature end of file.
2025-07-22 21:05:57,144 [ERROR] LogOutputStream:75 - [STDERR_REDIRECT] 
2025-07-22 21:05:58,141 [ERROR] LogOutputStream:75 - [STDERR_REDIRECT] [Fatal Error] :1:1: Premature end of file.
2025-07-22 21:05:58,141 [ERROR] LogOutputStream:75 - [STDERR_REDIRECT] 
2025-07-22 21:05:59,146 [ERROR] LogOutputStream:75 - [STDERR_REDIRECT] [Fatal Error] :1:1: Premature end of file.
2025-07-22 21:05:59,146 [ERROR] LogOutputStream:75 - [STDERR_REDIRECT] 
2025-07-22 21:06:00,145 [ERROR] LogOutputStream:75 - [STDERR_REDIRECT] [Fatal Error] :1:1: Premature end of file.
2025-07-22 21:06:00,145 [ERROR] LogOutputStream:75 - [STDERR_REDIRECT] 
2025-07-22 21:06:01,144 [ERROR] LogOutputStream:75 - [STDERR_REDIRECT] [Fatal Error] :1:1: Premature end of file.
2025-07-22 21:06:01,144 [ERROR] LogOutputStream:75 - [STDERR_REDIRECT] 
2025-07-22 21:06:02,146 [ERROR] LogOutputStream:75 - [STDERR_REDIRECT] [Fatal Error] :1:1: Premature end of file.
2025-07-22 21:06:02,146 [ERROR] LogOutputStream:75 - [STDERR_REDIRECT] 
2025-07-22 21:06:03,147 [ERROR] LogOutputStream:75 - [STDERR_REDIRECT] [Fatal Error] :1:1: Premature end of file.
2025-07-22 21:06:03,147 [ERROR] LogOutputStream:75 - [STDERR_REDIRECT] 
2025-07-22 21:06:04,149 [ERROR] LogOutputStream:75 - [STDERR_REDIRECT] [Fatal Error] :1:1: Premature end of file.
2025-07-22 21:06:04,149 [ERROR] LogOutputStream:75 - [STDERR_REDIRECT] 
2025-07-22 21:06:05,148 [ERROR] LogOutputStream:75 - [STDERR_REDIRECT] [Fatal Error] :1:1: Premature end of file.
2025-07-22 21:06:05,148 [ERROR] LogOutputStream:75 - [STDERR_REDIRECT] 
2025-07-22 21:06:06,148 [ERROR] LogOutputStream:75 - [STDERR_REDIRECT] [Fatal Error] :1:1: Premature end of file.
2025-07-22 21:06:06,148 [ERROR] LogOutputStream:75 - [STDERR_REDIRECT] 
2025-07-22 21:06:07,146 [ERROR] LogOutputStream:75 - [STDERR_REDIRECT] [Fatal Error] :1:1: Premature end of file.
2025-07-22 21:06:07,146 [ERROR] LogOutputStream:75 - [STDERR_REDIRECT] 
2025-07-22 21:06:08,147 [ERROR] LogOutputStream:75 - [STDERR_REDIRECT] [Fatal Error] :1:1: Premature end of file.
2025-07-22 21:06:08,147 [ERROR] LogOutputStream:75 - [STDERR_REDIRECT] 
2025-07-22 21:06:09,147 [ERROR] LogOutputStream:75 - [STDERR_REDIRECT] [Fatal Error] :1:1: Premature end of file.
2025-07-22 21:06:09,148 [ERROR] LogOutputStream:75 - [STDERR_REDIRECT] 
2025-07-22 21:06:10,141 [ERROR] LogOutputStream:75 - [STDERR_REDIRECT] [Fatal Error] :1:1: Premature end of file.
2025-07-22 21:06:10,141 [ERROR] LogOutputStream:75 - [STDERR_REDIRECT] 
2025-07-22 21:06:11,147 [ERROR] LogOutputStream:75 - [STDERR_REDIRECT] [Fatal Error] :1:1: Premature end of file.
2025-07-22 21:06:11,147 [ERROR] LogOutputStream:75 - [STDERR_REDIRECT] 
2025-07-22 21:06:12,149 [ERROR] LogOutputStream:75 - [STDERR_REDIRECT] [Fatal Error] :1:1: Premature end of file.
2025-07-22 21:06:12,149 [ERROR] LogOutputStream:75 - [STDERR_REDIRECT] 
2025-07-22 21:06:13,146 [ERROR] LogOutputStream:75 - [STDERR_REDIRECT] [Fatal Error] :1:1: Premature end of file.
2025-07-22 21:06:13,146 [ERROR] LogOutputStream:75 - [STDERR_REDIRECT] 
2025-07-22 21:06:14,149 [ERROR] LogOutputStream:75 - [STDERR_REDIRECT] [Fatal Error] :1:1: Premature end of file.
2025-07-22 21:06:14,149 [ERROR] LogOutputStream:75 - [STDERR_REDIRECT] 
2025-07-22 21:06:15,146 [ERROR] LogOutputStream:75 - [STDERR_REDIRECT] [Fatal Error] :1:1: Premature end of file.
2025-07-22 21:06:15,146 [ERROR] LogOutputStream:75 - [STDERR_REDIRECT] 
2025-07-22 21:06:16,147 [ERROR] LogOutputStream:75 - [STDERR_REDIRECT] [Fatal Error] :1:1: Premature end of file.
2025-07-22 21:06:16,147 [ERROR] LogOutputStream:75 - [STDERR_REDIRECT] 
2025-07-22 21:06:17,149 [ERROR] LogOutputStream:75 - [STDERR_REDIRECT] [Fatal Error] :1:1: Premature end of file.
2025-07-22 21:06:17,149 [ERROR] LogOutputStream:75 - [STDERR_REDIRECT] 
2025-07-22 21:06:18,148 [ERROR] LogOutputStream:75 - [STDERR_REDIRECT] [Fatal Error] :1:1: Premature end of file.
2025-07-22 21:06:18,148 [ERROR] LogOutputStream:75 - [STDERR_REDIRECT] 
2025-07-22 21:06:19,144 [ERROR] LogOutputStream:75 - [STDERR_REDIRECT] [Fatal Error] :1:1: Premature end of file.
2025-07-22 21:06:19,144 [ERROR] LogOutputStream:75 - [STDERR_REDIRECT] 
2025-07-22 21:06:20,139 [ERROR] LogOutputStream:75 - [STDERR_REDIRECT] [Fatal Error] :1:1: Premature end of file.
2025-07-22 21:06:20,139 [ERROR] LogOutputStream:75 - [STDERR_REDIRECT] 
2025-07-22 21:06:21,143 [ERROR] LogOutputStream:75 - [STDERR_REDIRECT] [Fatal Error] :1:1: Premature end of file.
2025-07-22 21:06:21,143 [ERROR] LogOutputStream:75 - [STDERR_REDIRECT] 
2025-07-22 21:06:22,144 [ERROR] LogOutputStream:75 - [STDERR_REDIRECT] [Fatal Error] :1:1: Premature end of file.
2025-07-22 21:06:22,145 [ERROR] LogOutputStream:75 - [STDERR_REDIRECT] 
2025-07-22 21:06:23,144 [ERROR] LogOutputStream:75 - [STDERR_REDIRECT] [Fatal Error] :1:1: Premature end of file.
2025-07-22 21:06:23,144 [ERROR] LogOutputStream:75 - [STDERR_REDIRECT] 
2025-07-22 21:06:24,146 [ERROR] LogOutputStream:75 - [STDERR_REDIRECT] [Fatal Error] :1:1: Premature end of file.
2025-07-22 21:06:24,147 [ERROR] LogOutputStream:75 - [STDERR_REDIRECT] 
2025-07-22 21:06:25,147 [ERROR] LogOutputStream:75 - [STDERR_REDIRECT] [Fatal Error] :1:1: Premature end of file.
2025-07-22 21:06:25,147 [ERROR] LogOutputStream:75 - [STDERR_REDIRECT] 
2025-07-22 21:06:26,149 [ERROR] LogOutputStream:75 - [STDERR_REDIRECT] [Fatal Error] :1:1: Premature end of file.
2025-07-22 21:06:26,149 [ERROR] LogOutputStream:75 - [STDERR_REDIRECT] 
2025-07-22 21:06:27,144 [ERROR] LogOutputStream:75 - [STDERR_REDIRECT] [Fatal Error] :1:1: Premature end of file.
2025-07-22 21:06:27,144 [ERROR] LogOutputStream:75 - [STDERR_REDIRECT] 
2025-07-22 21:06:28,145 [ERROR] LogOutputStream:75 - [STDERR_REDIRECT] [Fatal Error] :1:1: Premature end of file.
2025-07-22 21:06:28,145 [ERROR] LogOutputStream:75 - [STDERR_REDIRECT] 
2025-07-22 21:06:29,148 [ERROR] LogOutputStream:75 - [STDERR_REDIRECT] [Fatal Error] :1:1: Premature end of file.
2025-07-22 21:06:29,148 [ERROR] LogOutputStream:75 - [STDERR_REDIRECT] 
2025-07-22 21:06:30,146 [ERROR] LogOutputStream:75 - [STDERR_REDIRECT] [Fatal Error] :1:1: Premature end of file.
2025-07-22 21:06:30,146 [ERROR] LogOutputStream:75 - [STDERR_REDIRECT] 
2025-07-22 21:06:31,149 [ERROR] LogOutputStream:75 - [STDERR_REDIRECT] [Fatal Error] :1:1: Premature end of file.
2025-07-22 21:06:31,149 [ERROR] LogOutputStream:75 - [STDERR_REDIRECT] 
2025-07-22 21:06:32,146 [ERROR] LogOutputStream:75 - [STDERR_REDIRECT] [Fatal Error] :1:1: Premature end of file.
2025-07-22 21:06:32,146 [ERROR] LogOutputStream:75 - [STDERR_REDIRECT] 
2025-07-22 21:06:33,147 [ERROR] LogOutputStream:75 - [STDERR_REDIRECT] [Fatal Error] :1:1: Premature end of file.
2025-07-22 21:06:33,147 [ERROR] LogOutputStream:75 - [STDERR_REDIRECT] 
2025-07-22 21:06:34,148 [ERROR] LogOutputStream:75 - [STDERR_REDIRECT] [Fatal Error] :1:1: Premature end of file.
2025-07-22 21:06:34,149 [ERROR] LogOutputStream:75 - [STDERR_REDIRECT] 
2025-07-22 21:06:35,159 [ERROR] LogOutputStream:75 - [STDERR_REDIRECT] [Fatal Error] :1:1: Premature end of file.
2025-07-22 21:06:35,159 [ERROR] LogOutputStream:75 - [STDERR_REDIRECT] 
2025-07-22 21:06:36,147 [ERROR] LogOutputStream:75 - [STDERR_REDIRECT] [Fatal Error] :1:1: Premature end of file.
2025-07-22 21:06:36,148 [ERROR] LogOutputStream:75 - [STDERR_REDIRECT] 
2025-07-22 21:06:37,144 [ERROR] LogOutputStream:75 - [STDERR_REDIRECT] [Fatal Error] :1:1: Premature end of file.
2025-07-22 21:06:37,144 [ERROR] LogOutputStream:75 - [STDERR_REDIRECT] 
2025-07-22 21:06:38,145 [ERROR] LogOutputStream:75 - [STDERR_REDIRECT] [Fatal Error] :1:1: Premature end of file.
2025-07-22 21:06:38,145 [ERROR] LogOutputStream:75 - [STDERR_REDIRECT] 
2025-07-22 21:06:39,146 [ERROR] LogOutputStream:75 - [STDERR_REDIRECT] [Fatal Error] :1:1: Premature end of file.
2025-07-22 21:06:39,146 [ERROR] LogOutputStream:75 - [STDERR_REDIRECT] 
2025-07-22 21:06:40,147 [ERROR] LogOutputStream:75 - [STDERR_REDIRECT] [Fatal Error] :1:1: Premature end of file.
2025-07-22 21:06:40,147 [ERROR] LogOutputStream:75 - [STDERR_REDIRECT] 
2025-07-22 21:06:41,151 [ERROR] LogOutputStream:75 - [STDERR_REDIRECT] [Fatal Error] :1:1: Premature end of file.
2025-07-22 21:06:41,152 [ERROR] LogOutputStream:75 - [STDERR_REDIRECT] 
2025-07-22 21:06:42,146 [ERROR] LogOutputStream:75 - [STDERR_REDIRECT] [Fatal Error] :1:1: Premature end of file.
2025-07-22 21:06:42,146 [ERROR] LogOutputStream:75 - [STDERR_REDIRECT] 
2025-07-22 21:06:43,145 [ERROR] LogOutputStream:75 - [STDERR_REDIRECT] [Fatal Error] :1:1: Premature end of file.
2025-07-22 21:06:43,146 [ERROR] LogOutputStream:75 - [STDERR_REDIRECT] 
2025-07-22 21:06:44,146 [ERROR] LogOutputStream:75 - [STDERR_REDIRECT] [Fatal Error] :1:1: Premature end of file.
2025-07-22 21:06:44,146 [ERROR] LogOutputStream:75 - [STDERR_REDIRECT] 
2025-07-22 21:06:45,144 [ERROR] LogOutputStream:75 - [STDERR_REDIRECT] [Fatal Error] :1:1: Premature end of file.
2025-07-22 21:06:45,144 [ERROR] LogOutputStream:75 - [STDERR_REDIRECT] 
2025-07-22 21:06:46,144 [ERROR] LogOutputStream:75 - [STDERR_REDIRECT] [Fatal Error] :1:1: Premature end of file.
2025-07-22 21:06:46,144 [ERROR] LogOutputStream:75 - [STDERR_REDIRECT] 
2025-07-22 21:06:47,158 [ERROR] LogOutputStream:75 - [STDERR_REDIRECT] [Fatal Error] :1:1: Premature end of file.
2025-07-22 21:06:47,158 [ERROR] LogOutputStream:75 - [STDERR_REDIRECT] 
2025-07-22 21:06:48,145 [ERROR] LogOutputStream:75 - [STDERR_REDIRECT] [Fatal Error] :1:1: Premature end of file.
2025-07-22 21:06:48,145 [ERROR] LogOutputStream:75 - [STDERR_REDIRECT] 
2025-07-22 21:06:49,145 [ERROR] LogOutputStream:75 - [STDERR_REDIRECT] [Fatal Error] :1:1: Premature end of file.
2025-07-22 21:06:49,145 [ERROR] LogOutputStream:75 - [STDERR_REDIRECT] 
2025-07-22 21:06:50,144 [ERROR] LogOutputStream:75 - [STDERR_REDIRECT] [Fatal Error] :1:1: Premature end of file.
2025-07-22 21:06:50,144 [ERROR] LogOutputStream:75 - [STDERR_REDIRECT] 
2025-07-22 21:06:51,147 [ERROR] LogOutputStream:75 - [STDERR_REDIRECT] [Fatal Error] :1:1: Premature end of file.
2025-07-22 21:06:51,147 [ERROR] LogOutputStream:75 - [STDERR_REDIRECT] 
2025-07-22 21:06:52,147 [ERROR] LogOutputStream:75 - [STDERR_REDIRECT] [Fatal Error] :1:1: Premature end of file.
2025-07-22 21:06:52,147 [ERROR] LogOutputStream:75 - [STDERR_REDIRECT] 
2025-07-22 21:06:53,147 [ERROR] LogOutputStream:75 - [STDERR_REDIRECT] [Fatal Error] :1:1: Premature end of file.
2025-07-22 21:06:53,148 [ERROR] LogOutputStream:75 - [STDERR_REDIRECT] 
2025-07-22 21:06:54,146 [ERROR] LogOutputStream:75 - [STDERR_REDIRECT] [Fatal Error] :1:1: Premature end of file.
2025-07-22 21:06:54,146 [ERROR] LogOutputStream:75 - [STDERR_REDIRECT] 
2025-07-22 21:06:55,145 [ERROR] LogOutputStream:75 - [STDERR_REDIRECT] [Fatal Error] :1:1: Premature end of file.
2025-07-22 21:06:55,145 [ERROR] LogOutputStream:75 - [STDERR_REDIRECT] 
2025-07-22 21:06:56,146 [ERROR] LogOutputStream:75 - [STDERR_REDIRECT] [Fatal Error] :1:1: Premature end of file.
2025-07-22 21:06:56,146 [ERROR] LogOutputStream:75 - [STDERR_REDIRECT] 
2025-07-22 21:06:57,134 [ERROR] LogOutputStream:75 - [STDERR_REDIRECT] [Fatal Error] :1:1: Premature end of file.
2025-07-22 21:06:57,134 [ERROR] LogOutputStream:75 - [STDERR_REDIRECT] 
2025-07-22 21:06:58,139 [ERROR] LogOutputStream:75 - [STDERR_REDIRECT] [Fatal Error] :1:1: Premature end of file.
2025-07-22 21:06:58,139 [ERROR] LogOutputStream:75 - [STDERR_REDIRECT] 
2025-07-22 21:06:59,151 [ERROR] LogOutputStream:75 - [STDERR_REDIRECT] [Fatal Error] :1:1: Premature end of file.
2025-07-22 21:06:59,151 [ERROR] LogOutputStream:75 - [STDERR_REDIRECT] 
2025-07-22 21:07:00,133 [ERROR] LogOutputStream:75 - [STDERR_REDIRECT] [Fatal Error] :1:1: Premature end of file.
2025-07-22 21:07:00,133 [ERROR] LogOutputStream:75 - [STDERR_REDIRECT] 
2025-07-22 21:07:01,134 [ERROR] LogOutputStream:75 - [STDERR_REDIRECT] [Fatal Error] :1:1: Premature end of file.
2025-07-22 21:07:01,134 [ERROR] LogOutputStream:75 - [STDERR_REDIRECT] 
2025-07-22 21:07:02,143 [ERROR] LogOutputStream:75 - [STDERR_REDIRECT] [Fatal Error] :1:1: Premature end of file.
2025-07-22 21:07:02,143 [ERROR] LogOutputStream:75 - [STDERR_REDIRECT] 
2025-07-22 21:07:03,145 [ERROR] LogOutputStream:75 - [STDERR_REDIRECT] [Fatal Error] :1:1: Premature end of file.
2025-07-22 21:07:03,145 [ERROR] LogOutputStream:75 - [STDERR_REDIRECT] 
2025-07-22 21:07:04,150 [ERROR] LogOutputStream:75 - [STDERR_REDIRECT] [Fatal Error] :1:1: Premature end of file.
2025-07-22 21:07:04,150 [ERROR] LogOutputStream:75 - [STDERR_REDIRECT] 
2025-07-22 21:07:05,150 [ERROR] LogOutputStream:75 - [STDERR_REDIRECT] [Fatal Error] :1:1: Premature end of file.
2025-07-22 21:07:05,150 [ERROR] LogOutputStream:75 - [STDERR_REDIRECT] 
2025-07-22 21:07:06,144 [ERROR] LogOutputStream:75 - [STDERR_REDIRECT] [Fatal Error] :1:1: Premature end of file.
2025-07-22 21:07:06,144 [ERROR] LogOutputStream:75 - [STDERR_REDIRECT] 
2025-07-22 21:07:07,148 [ERROR] LogOutputStream:75 - [STDERR_REDIRECT] [Fatal Error] :1:1: Premature end of file.
2025-07-22 21:07:07,148 [ERROR] LogOutputStream:75 - [STDERR_REDIRECT] 
2025-07-22 21:07:08,147 [ERROR] LogOutputStream:75 - [STDERR_REDIRECT] [Fatal Error] :1:1: Premature end of file.
2025-07-22 21:07:08,147 [ERROR] LogOutputStream:75 - [STDERR_REDIRECT] 
2025-07-22 21:07:09,146 [ERROR] LogOutputStream:75 - [STDERR_REDIRECT] [Fatal Error] :1:1: Premature end of file.
2025-07-22 21:07:09,147 [ERROR] LogOutputStream:75 - [STDERR_REDIRECT] 
2025-07-22 21:07:10,144 [ERROR] LogOutputStream:75 - [STDERR_REDIRECT] [Fatal Error] :1:1: Premature end of file.
2025-07-22 21:07:10,144 [ERROR] LogOutputStream:75 - [STDERR_REDIRECT] 
2025-07-22 21:07:11,146 [ERROR] LogOutputStream:75 - [STDERR_REDIRECT] [Fatal Error] :1:1: Premature end of file.
2025-07-22 21:07:11,146 [ERROR] LogOutputStream:75 - [STDERR_REDIRECT] 
2025-07-22 21:07:12,143 [ERROR] LogOutputStream:75 - [STDERR_REDIRECT] [Fatal Error] :1:1: Premature end of file.
2025-07-22 21:07:12,143 [ERROR] LogOutputStream:75 - [STDERR_REDIRECT] 
2025-07-22 21:07:13,146 [ERROR] LogOutputStream:75 - [STDERR_REDIRECT] [Fatal Error] :1:1: Premature end of file.
2025-07-22 21:07:13,146 [ERROR] LogOutputStream:75 - [STDERR_REDIRECT] 
2025-07-22 21:07:14,145 [ERROR] LogOutputStream:75 - [STDERR_REDIRECT] [Fatal Error] :1:1: Premature end of file.
2025-07-22 21:07:14,146 [ERROR] LogOutputStream:75 - [STDERR_REDIRECT] 
2025-07-22 21:07:15,144 [ERROR] LogOutputStream:75 - [STDERR_REDIRECT] [Fatal Error] :1:1: Premature end of file.
2025-07-22 21:07:15,144 [ERROR] LogOutputStream:75 - [STDERR_REDIRECT] 
2025-07-22 21:07:16,144 [ERROR] LogOutputStream:75 - [STDERR_REDIRECT] [Fatal Error] :1:1: Premature end of file.
2025-07-22 21:07:16,144 [ERROR] LogOutputStream:75 - [STDERR_REDIRECT] 
2025-07-22 21:07:17,143 [ERROR] LogOutputStream:75 - [STDERR_REDIRECT] [Fatal Error] :1:1: Premature end of file.
2025-07-22 21:07:17,143 [ERROR] LogOutputStream:75 - [STDERR_REDIRECT] 
2025-07-22 21:07:18,147 [ERROR] LogOutputStream:75 - [STDERR_REDIRECT] [Fatal Error] :1:1: Premature end of file.
2025-07-22 21:07:18,147 [ERROR] LogOutputStream:75 - [STDERR_REDIRECT] 
2025-07-22 21:07:19,144 [ERROR] LogOutputStream:75 - [STDERR_REDIRECT] [Fatal Error] :1:1: Premature end of file.
2025-07-22 21:07:19,144 [ERROR] LogOutputStream:75 - [STDERR_REDIRECT] 
2025-07-22 21:07:20,142 [ERROR] LogOutputStream:75 - [STDERR_REDIRECT] [Fatal Error] :1:1: Premature end of file.
2025-07-22 21:07:20,142 [ERROR] LogOutputStream:75 - [STDERR_REDIRECT] 
2025-07-22 21:07:21,145 [ERROR] LogOutputStream:75 - [STDERR_REDIRECT] [Fatal Error] :1:1: Premature end of file.
2025-07-22 21:07:21,145 [ERROR] LogOutputStream:75 - [STDERR_REDIRECT] 
2025-07-22 21:07:22,145 [ERROR] LogOutputStream:75 - [STDERR_REDIRECT] [Fatal Error] :1:1: Premature end of file.
2025-07-22 21:07:22,145 [ERROR] LogOutputStream:75 - [STDERR_REDIRECT] 
2025-07-22 21:07:23,138 [ERROR] LogOutputStream:75 - [STDERR_REDIRECT] [Fatal Error] :1:1: Premature end of file.
2025-07-22 21:07:23,138 [ERROR] LogOutputStream:75 - [STDERR_REDIRECT] 
2025-07-22 21:07:24,143 [ERROR] LogOutputStream:75 - [STDERR_REDIRECT] [Fatal Error] :1:1: Premature end of file.
2025-07-22 21:07:24,143 [ERROR] LogOutputStream:75 - [STDERR_REDIRECT] 
2025-07-22 21:07:25,145 [ERROR] LogOutputStream:75 - [STDERR_REDIRECT] [Fatal Error] :1:1: Premature end of file.
2025-07-22 21:07:25,145 [ERROR] LogOutputStream:75 - [STDERR_REDIRECT] 
2025-07-22 21:07:26,146 [ERROR] LogOutputStream:75 - [STDERR_REDIRECT] [Fatal Error] :1:1: Premature end of file.
2025-07-22 21:07:26,146 [ERROR] LogOutputStream:75 - [STDERR_REDIRECT] 
2025-07-22 21:07:27,146 [ERROR] LogOutputStream:75 - [STDERR_REDIRECT] [Fatal Error] :1:1: Premature end of file.
2025-07-22 21:07:27,146 [ERROR] LogOutputStream:75 - [STDERR_REDIRECT] 
2025-07-22 21:07:28,149 [ERROR] LogOutputStream:75 - [STDERR_REDIRECT] [Fatal Error] :1:1: Premature end of file.
2025-07-22 21:07:28,149 [ERROR] LogOutputStream:75 - [STDERR_REDIRECT] 
2025-07-22 21:07:29,151 [ERROR] LogOutputStream:75 - [STDERR_REDIRECT] [Fatal Error] :1:1: Premature end of file.
2025-07-22 21:07:29,151 [ERROR] LogOutputStream:75 - [STDERR_REDIRECT] 
2025-07-22 21:07:30,145 [ERROR] LogOutputStream:75 - [STDERR_REDIRECT] [Fatal Error] :1:1: Premature end of file.
2025-07-22 21:07:30,145 [ERROR] LogOutputStream:75 - [STDERR_REDIRECT] 
2025-07-22 21:07:31,144 [ERROR] LogOutputStream:75 - [STDERR_REDIRECT] [Fatal Error] :1:1: Premature end of file.
2025-07-22 21:07:31,144 [ERROR] LogOutputStream:75 - [STDERR_REDIRECT] 
2025-07-22 21:07:32,149 [ERROR] LogOutputStream:75 - [STDERR_REDIRECT] [Fatal Error] :1:1: Premature end of file.
2025-07-22 21:07:32,149 [ERROR] LogOutputStream:75 - [STDERR_REDIRECT] 
2025-07-22 21:07:33,145 [ERROR] LogOutputStream:75 - [STDERR_REDIRECT] [Fatal Error] :1:1: Premature end of file.
2025-07-22 21:07:33,145 [ERROR] LogOutputStream:75 - [STDERR_REDIRECT] 
2025-07-22 21:07:34,145 [ERROR] LogOutputStream:75 - [STDERR_REDIRECT] [Fatal Error] :1:1: Premature end of file.
2025-07-22 21:07:34,145 [ERROR] LogOutputStream:75 - [STDERR_REDIRECT] 
2025-07-22 21:07:35,135 [ERROR] LogOutputStream:75 - [STDERR_REDIRECT] [Fatal Error] :1:1: Premature end of file.
2025-07-22 21:07:35,135 [ERROR] LogOutputStream:75 - [STDERR_REDIRECT] 
2025-07-22 21:07:36,149 [ERROR] LogOutputStream:75 - [STDERR_REDIRECT] [Fatal Error] :1:1: Premature end of file.
2025-07-22 21:07:36,150 [ERROR] LogOutputStream:75 - [STDERR_REDIRECT] 
2025-07-22 21:07:37,145 [ERROR] LogOutputStream:75 - [STDERR_REDIRECT] [Fatal Error] :1:1: Premature end of file.
2025-07-22 21:07:37,145 [ERROR] LogOutputStream:75 - [STDERR_REDIRECT] 
2025-07-22 21:07:38,145 [ERROR] LogOutputStream:75 - [STDERR_REDIRECT] [Fatal Error] :1:1: Premature end of file.
2025-07-22 21:07:38,145 [ERROR] LogOutputStream:75 - [STDERR_REDIRECT] 
2025-07-22 21:07:39,142 [ERROR] LogOutputStream:75 - [STDERR_REDIRECT] [Fatal Error] :1:1: Premature end of file.
2025-07-22 21:07:39,143 [ERROR] LogOutputStream:75 - [STDERR_REDIRECT] 
2025-07-22 21:07:40,145 [ERROR] LogOutputStream:75 - [STDERR_REDIRECT] [Fatal Error] :1:1: Premature end of file.
2025-07-22 21:07:40,145 [ERROR] LogOutputStream:75 - [STDERR_REDIRECT] 
2025-07-22 21:07:41,146 [ERROR] LogOutputStream:75 - [STDERR_REDIRECT] [Fatal Error] :1:1: Premature end of file.
2025-07-22 21:07:41,146 [ERROR] LogOutputStream:75 - [STDERR_REDIRECT] 
2025-07-22 21:07:42,144 [ERROR] LogOutputStream:75 - [STDERR_REDIRECT] [Fatal Error] :1:1: Premature end of file.
2025-07-22 21:07:42,144 [ERROR] LogOutputStream:75 - [STDERR_REDIRECT] 
2025-07-22 21:07:43,148 [ERROR] LogOutputStream:75 - [STDERR_REDIRECT] [Fatal Error] :1:1: Premature end of file.
2025-07-22 21:07:43,148 [ERROR] LogOutputStream:75 - [STDERR_REDIRECT] 
2025-07-22 21:07:44,148 [ERROR] LogOutputStream:75 - [STDERR_REDIRECT] [Fatal Error] :1:1: Premature end of file.
2025-07-22 21:07:44,148 [ERROR] LogOutputStream:75 - [STDERR_REDIRECT] 
2025-07-22 21:07:45,146 [ERROR] LogOutputStream:75 - [STDERR_REDIRECT] [Fatal Error] :1:1: Premature end of file.
2025-07-22 21:07:45,147 [ERROR] LogOutputStream:75 - [STDERR_REDIRECT] 
2025-07-22 21:07:46,145 [ERROR] LogOutputStream:75 - [STDERR_REDIRECT] [Fatal Error] :1:1: Premature end of file.
2025-07-22 21:07:46,145 [ERROR] LogOutputStream:75 - [STDERR_REDIRECT] 
2025-07-22 21:07:47,141 [ERROR] LogOutputStream:75 - [STDERR_REDIRECT] [Fatal Error] :1:1: Premature end of file.
2025-07-22 21:07:47,141 [ERROR] LogOutputStream:75 - [STDERR_REDIRECT] 
2025-07-22 21:07:48,145 [ERROR] LogOutputStream:75 - [STDERR_REDIRECT] [Fatal Error] :1:1: Premature end of file.
2025-07-22 21:07:48,145 [ERROR] LogOutputStream:75 - [STDERR_REDIRECT] 
2025-07-22 21:07:49,149 [ERROR] LogOutputStream:75 - [STDERR_REDIRECT] [Fatal Error] :1:1: Premature end of file.
2025-07-22 21:07:49,149 [ERROR] LogOutputStream:75 - [STDERR_REDIRECT] 
2025-07-22 21:07:50,135 [ERROR] LogOutputStream:75 - [STDERR_REDIRECT] [Fatal Error] :1:1: Premature end of file.
2025-07-22 21:07:50,135 [ERROR] LogOutputStream:75 - [STDERR_REDIRECT] 
2025-07-22 21:07:51,151 [ERROR] LogOutputStream:75 - [STDERR_REDIRECT] [Fatal Error] :1:1: Premature end of file.
2025-07-22 21:07:51,151 [ERROR] LogOutputStream:75 - [STDERR_REDIRECT] 
2025-07-22 21:07:52,145 [ERROR] LogOutputStream:75 - [STDERR_REDIRECT] [Fatal Error] :1:1: Premature end of file.
2025-07-22 21:07:52,146 [ERROR] LogOutputStream:75 - [STDERR_REDIRECT] 
2025-07-22 21:07:53,144 [ERROR] LogOutputStream:75 - [STDERR_REDIRECT] [Fatal Error] :1:1: Premature end of file.
2025-07-22 21:07:53,145 [ERROR] LogOutputStream:75 - [STDERR_REDIRECT] 
2025-07-22 21:07:54,144 [ERROR] LogOutputStream:75 - [STDERR_REDIRECT] [Fatal Error] :1:1: Premature end of file.
2025-07-22 21:07:54,145 [ERROR] LogOutputStream:75 - [STDERR_REDIRECT] 
2025-07-22 21:07:55,149 [ERROR] LogOutputStream:75 - [STDERR_REDIRECT] [Fatal Error] :1:1: Premature end of file.
2025-07-22 21:07:55,149 [ERROR] LogOutputStream:75 - [STDERR_REDIRECT] 
2025-07-22 21:07:56,144 [ERROR] LogOutputStream:75 - [STDERR_REDIRECT] [Fatal Error] :1:1: Premature end of file.
2025-07-22 21:07:56,144 [ERROR] LogOutputStream:75 - [STDERR_REDIRECT] 
2025-07-22 21:07:57,193 [ERROR] LogOutputStream:75 - [STDERR_REDIRECT] [Fatal Error] :1:1: Premature end of file.
2025-07-22 21:07:57,194 [ERROR] LogOutputStream:75 - [STDERR_REDIRECT] 
2025-07-22 21:07:58,144 [ERROR] LogOutputStream:75 - [STDERR_REDIRECT] [Fatal Error] :1:1: Premature end of file.
2025-07-22 21:07:58,144 [ERROR] LogOutputStream:75 - [STDERR_REDIRECT] 
2025-07-22 21:07:59,135 [ERROR] LogOutputStream:75 - [STDERR_REDIRECT] [Fatal Error] :1:1: Premature end of file.
2025-07-22 21:07:59,135 [ERROR] LogOutputStream:75 - [STDERR_REDIRECT] 
2025-07-22 21:08:00,134 [ERROR] LogOutputStream:75 - [STDERR_REDIRECT] [Fatal Error] :1:1: Premature end of file.
2025-07-22 21:08:00,134 [ERROR] LogOutputStream:75 - [STDERR_REDIRECT] 
2025-07-22 21:08:01,133 [ERROR] LogOutputStream:75 - [STDERR_REDIRECT] [Fatal Error] :1:1: Premature end of file.
2025-07-22 21:08:01,134 [ERROR] LogOutputStream:75 - [STDERR_REDIRECT] 
2025-07-22 21:08:02,133 [ERROR] LogOutputStream:75 - [STDERR_REDIRECT] [Fatal Error] :1:1: Premature end of file.
2025-07-22 21:08:02,134 [ERROR] LogOutputStream:75 - [STDERR_REDIRECT] 
2025-07-22 21:08:03,143 [ERROR] LogOutputStream:75 - [STDERR_REDIRECT] [Fatal Error] :1:1: Premature end of file.
2025-07-22 21:08:03,143 [ERROR] LogOutputStream:75 - [STDERR_REDIRECT] 
2025-07-22 21:08:04,141 [ERROR] LogOutputStream:75 - [STDERR_REDIRECT] [Fatal Error] :1:1: Premature end of file.
2025-07-22 21:08:04,141 [ERROR] LogOutputStream:75 - [STDERR_REDIRECT] 
2025-07-22 21:08:05,131 [ERROR] LogOutputStream:75 - [STDERR_REDIRECT] [Fatal Error] :1:1: Premature end of file.
2025-07-22 21:08:05,132 [ERROR] LogOutputStream:75 - [STDERR_REDIRECT] 
2025-07-22 21:08:06,133 [ERROR] LogOutputStream:75 - [STDERR_REDIRECT] [Fatal Error] :1:1: Premature end of file.
2025-07-22 21:08:06,133 [ERROR] LogOutputStream:75 - [STDERR_REDIRECT] 
2025-07-22 21:08:07,140 [ERROR] LogOutputStream:75 - [STDERR_REDIRECT] [Fatal Error] :1:1: Premature end of file.
2025-07-22 21:08:07,140 [ERROR] LogOutputStream:75 - [STDERR_REDIRECT] 
2025-07-22 21:08:08,143 [ERROR] LogOutputStream:75 - [STDERR_REDIRECT] [Fatal Error] :1:1: Premature end of file.
2025-07-22 21:08:08,143 [ERROR] LogOutputStream:75 - [STDERR_REDIRECT] 
2025-07-22 21:08:09,145 [ERROR] LogOutputStream:75 - [STDERR_REDIRECT] [Fatal Error] :1:1: Premature end of file.
2025-07-22 21:08:09,145 [ERROR] LogOutputStream:75 - [STDERR_REDIRECT] 
2025-07-22 21:08:10,143 [ERROR] LogOutputStream:75 - [STDERR_REDIRECT] [Fatal Error] :1:1: Premature end of file.
2025-07-22 21:08:10,143 [ERROR] LogOutputStream:75 - [STDERR_REDIRECT] 
2025-07-22 21:08:11,136 [ERROR] LogOutputStream:75 - [STDERR_REDIRECT] [Fatal Error] :1:1: Premature end of file.
2025-07-22 21:08:11,136 [ERROR] LogOutputStream:75 - [STDERR_REDIRECT] 
2025-07-22 21:08:12,146 [ERROR] LogOutputStream:75 - [STDERR_REDIRECT] [Fatal Error] :1:1: Premature end of file.
2025-07-22 21:08:12,146 [ERROR] LogOutputStream:75 - [STDERR_REDIRECT] 
2025-07-22 21:08:13,148 [ERROR] LogOutputStream:75 - [STDERR_REDIRECT] [Fatal Error] :1:1: Premature end of file.
2025-07-22 21:08:13,148 [ERROR] LogOutputStream:75 - [STDERR_REDIRECT] 
2025-07-22 21:08:14,147 [ERROR] LogOutputStream:75 - [STDERR_REDIRECT] [Fatal Error] :1:1: Premature end of file.
2025-07-22 21:08:14,148 [ERROR] LogOutputStream:75 - [STDERR_REDIRECT] 
2025-07-22 21:08:15,149 [ERROR] LogOutputStream:75 - [STDERR_REDIRECT] [Fatal Error] :1:1: Premature end of file.
2025-07-22 21:08:15,150 [ERROR] LogOutputStream:75 - [STDERR_REDIRECT] 
2025-07-22 21:08:16,143 [ERROR] LogOutputStream:75 - [STDERR_REDIRECT] [Fatal Error] :1:1: Premature end of file.
2025-07-22 21:08:16,143 [ERROR] LogOutputStream:75 - [STDERR_REDIRECT] 
2025-07-22 21:08:17,146 [ERROR] LogOutputStream:75 - [STDERR_REDIRECT] [Fatal Error] :1:1: Premature end of file.
2025-07-22 21:08:17,146 [ERROR] LogOutputStream:75 - [STDERR_REDIRECT] 
2025-07-22 21:08:18,148 [ERROR] LogOutputStream:75 - [STDERR_REDIRECT] [Fatal Error] :1:1: Premature end of file.
2025-07-22 21:08:18,148 [ERROR] LogOutputStream:75 - [STDERR_REDIRECT] 
2025-07-22 21:08:19,145 [ERROR] LogOutputStream:75 - [STDERR_REDIRECT] [Fatal Error] :1:1: Premature end of file.
2025-07-22 21:08:19,145 [ERROR] LogOutputStream:75 - [STDERR_REDIRECT] 
2025-07-22 21:08:20,149 [ERROR] LogOutputStream:75 - [STDERR_REDIRECT] [Fatal Error] :1:1: Premature end of file.
2025-07-22 21:08:20,149 [ERROR] LogOutputStream:75 - [STDERR_REDIRECT] 
2025-07-22 21:08:21,144 [ERROR] LogOutputStream:75 - [STDERR_REDIRECT] [Fatal Error] :1:1: Premature end of file.
2025-07-22 21:08:21,144 [ERROR] LogOutputStream:75 - [STDERR_REDIRECT] 
2025-07-22 21:08:22,150 [ERROR] LogOutputStream:75 - [STDERR_REDIRECT] [Fatal Error] :1:1: Premature end of file.
2025-07-22 21:08:22,150 [ERROR] LogOutputStream:75 - [STDERR_REDIRECT] 
2025-07-22 21:08:23,141 [ERROR] LogOutputStream:75 - [STDERR_REDIRECT] [Fatal Error] :1:1: Premature end of file.
2025-07-22 21:08:23,141 [ERROR] LogOutputStream:75 - [STDERR_REDIRECT] 
2025-07-22 21:08:24,146 [ERROR] LogOutputStream:75 - [STDERR_REDIRECT] [Fatal Error] :1:1: Premature end of file.
2025-07-22 21:08:24,146 [ERROR] LogOutputStream:75 - [STDERR_REDIRECT] 
2025-07-22 21:08:25,145 [ERROR] LogOutputStream:75 - [STDERR_REDIRECT] [Fatal Error] :1:1: Premature end of file.
2025-07-22 21:08:25,145 [ERROR] LogOutputStream:75 - [STDERR_REDIRECT] 
2025-07-22 21:08:26,146 [ERROR] LogOutputStream:75 - [STDERR_REDIRECT] [Fatal Error] :1:1: Premature end of file.
2025-07-22 21:08:26,146 [ERROR] LogOutputStream:75 - [STDERR_REDIRECT] 
2025-07-22 21:08:27,148 [ERROR] LogOutputStream:75 - [STDERR_REDIRECT] [Fatal Error] :1:1: Premature end of file.
2025-07-22 21:08:27,148 [ERROR] LogOutputStream:75 - [STDERR_REDIRECT] 
2025-07-22 21:08:28,149 [ERROR] LogOutputStream:75 - [STDERR_REDIRECT] [Fatal Error] :1:1: Premature end of file.
2025-07-22 21:08:28,149 [ERROR] LogOutputStream:75 - [STDERR_REDIRECT] 
2025-07-22 21:08:29,145 [ERROR] LogOutputStream:75 - [STDERR_REDIRECT] [Fatal Error] :1:1: Premature end of file.
2025-07-22 21:08:29,145 [ERROR] LogOutputStream:75 - [STDERR_REDIRECT] 
2025-07-22 21:08:30,149 [ERROR] LogOutputStream:75 - [STDERR_REDIRECT] [Fatal Error] :1:1: Premature end of file.
2025-07-22 21:08:30,149 [ERROR] LogOutputStream:75 - [STDERR_REDIRECT] 
2025-07-22 21:08:31,147 [ERROR] LogOutputStream:75 - [STDERR_REDIRECT] [Fatal Error] :1:1: Premature end of file.
2025-07-22 21:08:31,147 [ERROR] LogOutputStream:75 - [STDERR_REDIRECT] 
2025-07-22 21:08:32,148 [ERROR] LogOutputStream:75 - [STDERR_REDIRECT] [Fatal Error] :1:1: Premature end of file.
2025-07-22 21:08:32,148 [ERROR] LogOutputStream:75 - [STDERR_REDIRECT] 
2025-07-22 21:08:33,146 [ERROR] LogOutputStream:75 - [STDERR_REDIRECT] [Fatal Error] :1:1: Premature end of file.
2025-07-22 21:08:33,147 [ERROR] LogOutputStream:75 - [STDERR_REDIRECT] 
2025-07-22 21:08:34,149 [ERROR] LogOutputStream:75 - [STDERR_REDIRECT] [Fatal Error] :1:1: Premature end of file.
2025-07-22 21:08:34,149 [ERROR] LogOutputStream:75 - [STDERR_REDIRECT] 
2025-07-22 21:08:35,145 [ERROR] LogOutputStream:75 - [STDERR_REDIRECT] [Fatal Error] :1:1: Premature end of file.
2025-07-22 21:08:35,145 [ERROR] LogOutputStream:75 - [STDERR_REDIRECT] 
2025-07-22 21:08:36,153 [ERROR] LogOutputStream:75 - [STDERR_REDIRECT] [Fatal Error] :1:1: Premature end of file.
2025-07-22 21:08:36,153 [ERROR] LogOutputStream:75 - [STDERR_REDIRECT] 
2025-07-22 21:08:37,147 [ERROR] LogOutputStream:75 - [STDERR_REDIRECT] [Fatal Error] :1:1: Premature end of file.
2025-07-22 21:08:37,148 [ERROR] LogOutputStream:75 - [STDERR_REDIRECT] 
2025-07-22 21:08:38,145 [ERROR] LogOutputStream:75 - [STDERR_REDIRECT] [Fatal Error] :1:1: Premature end of file.
2025-07-22 21:08:38,145 [ERROR] LogOutputStream:75 - [STDERR_REDIRECT] 
2025-07-22 21:08:39,148 [ERROR] LogOutputStream:75 - [STDERR_REDIRECT] [Fatal Error] :1:1: Premature end of file.
2025-07-22 21:08:39,148 [ERROR] LogOutputStream:75 - [STDERR_REDIRECT] 
2025-07-22 21:08:40,151 [ERROR] LogOutputStream:75 - [STDERR_REDIRECT] [Fatal Error] :1:1: Premature end of file.
2025-07-22 21:08:40,151 [ERROR] LogOutputStream:75 - [STDERR_REDIRECT] 
2025-07-22 21:08:41,148 [ERROR] LogOutputStream:75 - [STDERR_REDIRECT] [Fatal Error] :1:1: Premature end of file.
2025-07-22 21:08:41,149 [ERROR] LogOutputStream:75 - [STDERR_REDIRECT] 
2025-07-22 21:08:42,147 [ERROR] LogOutputStream:75 - [STDERR_REDIRECT] [Fatal Error] :1:1: Premature end of file.
2025-07-22 21:08:42,147 [ERROR] LogOutputStream:75 - [STDERR_REDIRECT] 
2025-07-22 21:08:43,145 [ERROR] LogOutputStream:75 - [STDERR_REDIRECT] [Fatal Error] :1:1: Premature end of file.
2025-07-22 21:08:43,145 [ERROR] LogOutputStream:75 - [STDERR_REDIRECT] 
2025-07-22 21:08:44,150 [ERROR] LogOutputStream:75 - [STDERR_REDIRECT] [Fatal Error] :1:1: Premature end of file.
2025-07-22 21:08:44,150 [ERROR] LogOutputStream:75 - [STDERR_REDIRECT] 
2025-07-22 21:08:45,149 [ERROR] LogOutputStream:75 - [STDERR_REDIRECT] [Fatal Error] :1:1: Premature end of file.
2025-07-22 21:08:45,149 [ERROR] LogOutputStream:75 - [STDERR_REDIRECT] 
2025-07-22 21:08:46,148 [ERROR] LogOutputStream:75 - [STDERR_REDIRECT] [Fatal Error] :1:1: Premature end of file.
2025-07-22 21:08:46,149 [ERROR] LogOutputStream:75 - [STDERR_REDIRECT] 
2025-07-22 21:08:47,147 [ERROR] LogOutputStream:75 - [STDERR_REDIRECT] [Fatal Error] :1:1: Premature end of file.
2025-07-22 21:08:47,147 [ERROR] LogOutputStream:75 - [STDERR_REDIRECT] 
2025-07-22 21:08:48,159 [ERROR] LogOutputStream:75 - [STDERR_REDIRECT] [Fatal Error] :1:1: Premature end of file.
2025-07-22 21:08:48,159 [ERROR] LogOutputStream:75 - [STDERR_REDIRECT] 
2025-07-22 21:08:49,145 [ERROR] LogOutputStream:75 - [STDERR_REDIRECT] [Fatal Error] :1:1: Premature end of file.
2025-07-22 21:08:49,145 [ERROR] LogOutputStream:75 - [STDERR_REDIRECT] 
2025-07-22 21:08:50,143 [ERROR] LogOutputStream:75 - [STDERR_REDIRECT] [Fatal Error] :1:1: Premature end of file.
2025-07-22 21:08:50,144 [ERROR] LogOutputStream:75 - [STDERR_REDIRECT] 
2025-07-22 21:08:51,145 [ERROR] LogOutputStream:75 - [STDERR_REDIRECT] [Fatal Error] :1:1: Premature end of file.
2025-07-22 21:08:51,145 [ERROR] LogOutputStream:75 - [STDERR_REDIRECT] 
2025-07-22 21:08:52,147 [ERROR] LogOutputStream:75 - [STDERR_REDIRECT] [Fatal Error] :1:1: Premature end of file.
2025-07-22 21:08:52,147 [ERROR] LogOutputStream:75 - [STDERR_REDIRECT] 
2025-07-22 21:08:53,146 [ERROR] LogOutputStream:75 - [STDERR_REDIRECT] [Fatal Error] :1:1: Premature end of file.
2025-07-22 21:08:53,146 [ERROR] LogOutputStream:75 - [STDERR_REDIRECT] 
2025-07-22 21:08:54,146 [ERROR] LogOutputStream:75 - [STDERR_REDIRECT] [Fatal Error] :1:1: Premature end of file.
2025-07-22 21:08:54,146 [ERROR] LogOutputStream:75 - [STDERR_REDIRECT] 
2025-07-22 21:08:55,146 [ERROR] LogOutputStream:75 - [STDERR_REDIRECT] [Fatal Error] :1:1: Premature end of file.
2025-07-22 21:08:55,146 [ERROR] LogOutputStream:75 - [STDERR_REDIRECT] 
2025-07-22 21:08:56,147 [ERROR] LogOutputStream:75 - [STDERR_REDIRECT] [Fatal Error] :1:1: Premature end of file.
2025-07-22 21:08:56,147 [ERROR] LogOutputStream:75 - [STDERR_REDIRECT] 
2025-07-22 21:08:57,149 [ERROR] LogOutputStream:75 - [STDERR_REDIRECT] [Fatal Error] :1:1: Premature end of file.
2025-07-22 21:08:57,149 [ERROR] LogOutputStream:75 - [STDERR_REDIRECT] 
2025-07-22 21:08:58,144 [ERROR] LogOutputStream:75 - [STDERR_REDIRECT] [Fatal Error] :1:1: Premature end of file.
2025-07-22 21:08:58,144 [ERROR] LogOutputStream:75 - [STDERR_REDIRECT] 
2025-07-22 21:08:59,146 [ERROR] LogOutputStream:75 - [STDERR_REDIRECT] [Fatal Error] :1:1: Premature end of file.
2025-07-22 21:08:59,146 [ERROR] LogOutputStream:75 - [STDERR_REDIRECT] 
2025-07-22 21:09:00,149 [ERROR] LogOutputStream:75 - [STDERR_REDIRECT] [Fatal Error] :1:1: Premature end of file.
2025-07-22 21:09:00,150 [ERROR] LogOutputStream:75 - [STDERR_REDIRECT] 
2025-07-22 21:09:01,145 [ERROR] LogOutputStream:75 - [STDERR_REDIRECT] [Fatal Error] :1:1: Premature end of file.
2025-07-22 21:09:01,145 [ERROR] LogOutputStream:75 - [STDERR_REDIRECT] 
2025-07-22 21:09:02,146 [ERROR] LogOutputStream:75 - [STDERR_REDIRECT] [Fatal Error] :1:1: Premature end of file.
2025-07-22 21:09:02,146 [ERROR] LogOutputStream:75 - [STDERR_REDIRECT] 
2025-07-22 21:09:03,145 [ERROR] LogOutputStream:75 - [STDERR_REDIRECT] [Fatal Error] :1:1: Premature end of file.
2025-07-22 21:09:03,145 [ERROR] LogOutputStream:75 - [STDERR_REDIRECT] 
2025-07-22 21:09:04,155 [ERROR] LogOutputStream:75 - [STDERR_REDIRECT] [Fatal Error] :1:1: Premature end of file.
2025-07-22 21:09:04,155 [ERROR] LogOutputStream:75 - [STDERR_REDIRECT] 
2025-07-22 21:09:05,144 [ERROR] LogOutputStream:75 - [STDERR_REDIRECT] [Fatal Error] :1:1: Premature end of file.
2025-07-22 21:09:05,144 [ERROR] LogOutputStream:75 - [STDERR_REDIRECT] 
2025-07-22 21:09:06,150 [ERROR] LogOutputStream:75 - [STDERR_REDIRECT] [Fatal Error] :1:1: Premature end of file.
2025-07-22 21:09:06,150 [ERROR] LogOutputStream:75 - [STDERR_REDIRECT] 
2025-07-22 21:09:07,145 [ERROR] LogOutputStream:75 - [STDERR_REDIRECT] [Fatal Error] :1:1: Premature end of file.
2025-07-22 21:09:07,145 [ERROR] LogOutputStream:75 - [STDERR_REDIRECT] 
2025-07-22 21:09:08,135 [ERROR] LogOutputStream:75 - [STDERR_REDIRECT] [Fatal Error] :1:1: Premature end of file.
2025-07-22 21:09:08,135 [ERROR] LogOutputStream:75 - [STDERR_REDIRECT] 
2025-07-22 21:09:09,143 [ERROR] LogOutputStream:75 - [STDERR_REDIRECT] [Fatal Error] :1:1: Premature end of file.
2025-07-22 21:09:09,143 [ERROR] LogOutputStream:75 - [STDERR_REDIRECT] 
2025-07-22 21:09:10,140 [ERROR] LogOutputStream:75 - [STDERR_REDIRECT] [Fatal Error] :1:1: Premature end of file.
2025-07-22 21:09:10,140 [ERROR] LogOutputStream:75 - [STDERR_REDIRECT] 
2025-07-22 21:09:11,137 [ERROR] LogOutputStream:75 - [STDERR_REDIRECT] [Fatal Error] :1:1: Premature end of file.
2025-07-22 21:09:11,137 [ERROR] LogOutputStream:75 - [STDERR_REDIRECT] 
2025-07-22 21:09:12,150 [ERROR] LogOutputStream:75 - [STDERR_REDIRECT] [Fatal Error] :1:1: Premature end of file.
2025-07-22 21:09:12,150 [ERROR] LogOutputStream:75 - [STDERR_REDIRECT] 
2025-07-22 21:09:13,142 [ERROR] LogOutputStream:75 - [STDERR_REDIRECT] [Fatal Error] :1:1: Premature end of file.
2025-07-22 21:09:13,142 [ERROR] LogOutputStream:75 - [STDERR_REDIRECT] 
2025-07-22 21:09:14,147 [ERROR] LogOutputStream:75 - [STDERR_REDIRECT] [Fatal Error] :1:1: Premature end of file.
2025-07-22 21:09:14,147 [ERROR] LogOutputStream:75 - [STDERR_REDIRECT] 
2025-07-22 21:09:15,143 [ERROR] LogOutputStream:75 - [STDERR_REDIRECT] [Fatal Error] :1:1: Premature end of file.
2025-07-22 21:09:15,143 [ERROR] LogOutputStream:75 - [STDERR_REDIRECT] 
2025-07-22 21:09:16,149 [ERROR] LogOutputStream:75 - [STDERR_REDIRECT] [Fatal Error] :1:1: Premature end of file.
2025-07-22 21:09:16,150 [ERROR] LogOutputStream:75 - [STDERR_REDIRECT] 
2025-07-22 21:09:17,147 [ERROR] LogOutputStream:75 - [STDERR_REDIRECT] [Fatal Error] :1:1: Premature end of file.
2025-07-22 21:09:17,147 [ERROR] LogOutputStream:75 - [STDERR_REDIRECT] 
2025-07-22 21:09:18,147 [ERROR] LogOutputStream:75 - [STDERR_REDIRECT] [Fatal Error] :1:1: Premature end of file.
2025-07-22 21:09:18,147 [ERROR] LogOutputStream:75 - [STDERR_REDIRECT] 
2025-07-22 21:09:19,145 [ERROR] LogOutputStream:75 - [STDERR_REDIRECT] [Fatal Error] :1:1: Premature end of file.
2025-07-22 21:09:19,145 [ERROR] LogOutputStream:75 - [STDERR_REDIRECT] 
2025-07-22 21:09:20,140 [ERROR] LogOutputStream:75 - [STDERR_REDIRECT] [Fatal Error] :1:1: Premature end of file.
2025-07-22 21:09:20,140 [ERROR] LogOutputStream:75 - [STDERR_REDIRECT] 
2025-07-22 21:09:21,145 [ERROR] LogOutputStream:75 - [STDERR_REDIRECT] [Fatal Error] :1:1: Premature end of file.
2025-07-22 21:09:21,145 [ERROR] LogOutputStream:75 - [STDERR_REDIRECT] 
2025-07-22 21:09:22,145 [ERROR] LogOutputStream:75 - [STDERR_REDIRECT] [Fatal Error] :1:1: Premature end of file.
2025-07-22 21:09:22,146 [ERROR] LogOutputStream:75 - [STDERR_REDIRECT] 
2025-07-22 21:09:23,145 [ERROR] LogOutputStream:75 - [STDERR_REDIRECT] [Fatal Error] :1:1: Premature end of file.
2025-07-22 21:09:23,153 [ERROR] LogOutputStream:75 - [STDERR_REDIRECT] 
2025-07-22 21:09:24,485 [ERROR] LogOutputStream:75 - [STDERR_REDIRECT] [Fatal Error] :1:1: Premature end of file.
2025-07-22 21:09:24,485 [ERROR] LogOutputStream:75 - [STDERR_REDIRECT] 
2025-07-22 21:09:25,130 [ERROR] LogOutputStream:75 - [STDERR_REDIRECT] [Fatal Error] :1:1: Premature end of file.
2025-07-22 21:09:25,130 [ERROR] LogOutputStream:75 - [STDERR_REDIRECT] 
2025-07-22 21:09:26,147 [ERROR] LogOutputStream:75 - [STDERR_REDIRECT] [Fatal Error] :1:1: Premature end of file.
2025-07-22 21:09:26,147 [ERROR] LogOutputStream:75 - [STDERR_REDIRECT] 
2025-07-22 21:09:27,137 [ERROR] LogOutputStream:75 - [STDERR_REDIRECT] [Fatal Error] :1:1: Premature end of file.
2025-07-22 21:09:27,137 [ERROR] LogOutputStream:75 - [STDERR_REDIRECT] 
2025-07-22 21:09:28,137 [ERROR] LogOutputStream:75 - [STDERR_REDIRECT] [Fatal Error] :1:1: Premature end of file.
2025-07-22 21:09:28,137 [ERROR] LogOutputStream:75 - [STDERR_REDIRECT] 
2025-07-22 21:09:29,148 [ERROR] LogOutputStream:75 - [STDERR_REDIRECT] [Fatal Error] :1:1: Premature end of file.
2025-07-22 21:09:29,148 [ERROR] LogOutputStream:75 - [STDERR_REDIRECT] 
2025-07-22 21:09:30,145 [ERROR] LogOutputStream:75 - [STDERR_REDIRECT] [Fatal Error] :1:1: Premature end of file.
2025-07-22 21:09:30,145 [ERROR] LogOutputStream:75 - [STDERR_REDIRECT] 
2025-07-22 21:09:31,156 [ERROR] LogOutputStream:75 - [STDERR_REDIRECT] [Fatal Error] :1:1: Premature end of file.
2025-07-22 21:09:31,156 [ERROR] LogOutputStream:75 - [STDERR_REDIRECT] 
2025-07-22 21:09:32,157 [ERROR] LogOutputStream:75 - [STDERR_REDIRECT] [Fatal Error] :1:1: Premature end of file.
2025-07-22 21:09:32,157 [ERROR] LogOutputStream:75 - [STDERR_REDIRECT] 
2025-07-22 21:21:55,583 [ERROR] LogOutputStream:75 - [STDERR_REDIRECT] [Fatal Error] :1:1: Premature end of file.
2025-07-22 21:21:55,583 [ERROR] LogOutputStream:75 - [STDERR_REDIRECT] 
2025-07-22 21:21:55,636 [ERROR] LogOutputStream:75 - [STDERR_REDIRECT] [Fatal Error] :1:1: Premature end of file.
2025-07-22 21:21:55,636 [ERROR] LogOutputStream:75 - [STDERR_REDIRECT] 
2025-07-22 21:21:55,674 [ERROR] LogOutputStream:75 - [STDERR_REDIRECT] [Fatal Error] :1:1: Premature end of file.
2025-07-22 21:21:55,674 [ERROR] LogOutputStream:75 - [STDERR_REDIRECT] 
2025-07-22 21:21:55,704 [ERROR] LogOutputStream:75 - [STDERR_REDIRECT] [Fatal Error] :1:1: Premature end of file.
2025-07-22 21:21:55,704 [ERROR] LogOutputStream:75 - [STDERR_REDIRECT] 
2025-07-22 21:21:55,734 [ERROR] LogOutputStream:75 - [STDERR_REDIRECT] [Fatal Error] :1:1: Premature end of file.
2025-07-22 21:21:55,734 [ERROR] LogOutputStream:75 - [STDERR_REDIRECT] 
2025-07-22 21:21:55,765 [ERROR] LogOutputStream:75 - [STDERR_REDIRECT] [Fatal Error] :1:1: Premature end of file.
2025-07-22 21:21:55,765 [ERROR] LogOutputStream:75 - [STDERR_REDIRECT] 
2025-07-22 21:21:55,793 [ERROR] LogOutputStream:75 - [STDERR_REDIRECT] [Fatal Error] :1:1: Premature end of file.
2025-07-22 21:21:55,793 [ERROR] LogOutputStream:75 - [STDERR_REDIRECT] 
2025-07-22 21:21:55,822 [ERROR] LogOutputStream:75 - [STDERR_REDIRECT] [Fatal Error] :1:1: Premature end of file.
2025-07-22 21:21:55,823 [ERROR] LogOutputStream:75 - [STDERR_REDIRECT] 
2025-07-22 21:21:55,860 [ERROR] LogOutputStream:75 - [STDERR_REDIRECT] [Fatal Error] :1:1: Premature end of file.
2025-07-22 21:21:55,860 [ERROR] LogOutputStream:75 - [STDERR_REDIRECT] 
2025-07-22 21:21:55,892 [ERROR] LogOutputStream:75 - [STDERR_REDIRECT] [Fatal Error] :1:1: Premature end of file.
2025-07-22 21:21:55,892 [ERROR] LogOutputStream:75 - [STDERR_REDIRECT] 
2025-07-22 21:21:55,934 [ERROR] LogOutputStream:75 - [STDERR_REDIRECT] [Fatal Error] :1:1: Premature end of file.
2025-07-22 21:21:55,934 [ERROR] LogOutputStream:75 - [STDERR_REDIRECT] 
2025-07-22 21:21:56,060 [ERROR] LogOutputStream:75 - [STDERR_REDIRECT] [Fatal Error] :1:1: Premature end of file.
2025-07-22 21:21:56,060 [ERROR] LogOutputStream:75 - [STDERR_REDIRECT] 
2025-07-22 21:21:56,103 [ERROR] LogOutputStream:75 - [STDERR_REDIRECT] [Fatal Error] :1:1: Premature end of file.
2025-07-22 21:21:56,103 [ERROR] LogOutputStream:75 - [STDERR_REDIRECT] 
2025-07-22 21:21:56,132 [ERROR] LogOutputStream:75 - [STDERR_REDIRECT] [Fatal Error] :1:1: Premature end of file.
2025-07-22 21:21:56,132 [ERROR] LogOutputStream:75 - [STDERR_REDIRECT] 
2025-07-22 21:21:56,159 [ERROR] LogOutputStream:75 - [STDERR_REDIRECT] [Fatal Error] :1:1: Premature end of file.
2025-07-22 21:21:56,159 [ERROR] LogOutputStream:75 - [STDERR_REDIRECT] 
2025-07-22 21:21:56,182 [ERROR] LogOutputStream:75 - [STDERR_REDIRECT] [Fatal Error] :1:1: Premature end of file.
2025-07-22 21:21:56,183 [ERROR] LogOutputStream:75 - [STDERR_REDIRECT] 
2025-07-22 21:21:56,209 [ERROR] LogOutputStream:75 - [STDERR_REDIRECT] [Fatal Error] :1:1: Premature end of file.
2025-07-22 21:21:56,209 [ERROR] LogOutputStream:75 - [STDERR_REDIRECT] 
2025-07-22 21:21:56,236 [ERROR] LogOutputStream:75 - [STDERR_REDIRECT] [Fatal Error] :1:1: Premature end of file.
2025-07-22 21:21:56,236 [ERROR] LogOutputStream:75 - [STDERR_REDIRECT] 
2025-07-22 21:21:56,276 [ERROR] LogOutputStream:75 - [STDERR_REDIRECT] [Fatal Error] :1:1: Premature end of file.
2025-07-22 21:21:56,276 [ERROR] LogOutputStream:75 - [STDERR_REDIRECT] 
2025-07-22 21:21:56,305 [ERROR] LogOutputStream:75 - [STDERR_REDIRECT] [Fatal Error] :1:1: Premature end of file.
2025-07-22 21:21:56,306 [ERROR] LogOutputStream:75 - [STDERR_REDIRECT] 
2025-07-22 21:21:56,335 [ERROR] LogOutputStream:75 - [STDERR_REDIRECT] [Fatal Error] :1:1: Premature end of file.
2025-07-22 21:21:56,335 [ERROR] LogOutputStream:75 - [STDERR_REDIRECT] 
2025-07-22 21:21:56,362 [ERROR] LogOutputStream:75 - [STDERR_REDIRECT] [Fatal Error] :1:1: Premature end of file.
2025-07-22 21:21:56,362 [ERROR] LogOutputStream:75 - [STDERR_REDIRECT] 
2025-07-22 21:21:56,389 [ERROR] LogOutputStream:75 - [STDERR_REDIRECT] [Fatal Error] :1:1: Premature end of file.
2025-07-22 21:21:56,389 [ERROR] LogOutputStream:75 - [STDERR_REDIRECT] 
2025-07-22 21:21:56,414 [ERROR] LogOutputStream:75 - [STDERR_REDIRECT] [Fatal Error] :1:1: Premature end of file.
2025-07-22 21:21:56,414 [ERROR] LogOutputStream:75 - [STDERR_REDIRECT] 
2025-07-22 21:21:56,442 [ERROR] LogOutputStream:75 - [STDERR_REDIRECT] [Fatal Error] :1:1: Premature end of file.
2025-07-22 21:21:56,442 [ERROR] LogOutputStream:75 - [STDERR_REDIRECT] 
2025-07-22 21:21:56,472 [ERROR] LogOutputStream:75 - [STDERR_REDIRECT] [Fatal Error] :1:1: Premature end of file.
2025-07-22 21:21:56,472 [ERROR] LogOutputStream:75 - [STDERR_REDIRECT] 
2025-07-22 21:21:56,502 [ERROR] LogOutputStream:75 - [STDERR_REDIRECT] [Fatal Error] :1:1: Premature end of file.
2025-07-22 21:21:56,502 [ERROR] LogOutputStream:75 - [STDERR_REDIRECT] 
2025-07-22 21:21:56,530 [ERROR] LogOutputStream:75 - [STDERR_REDIRECT] [Fatal Error] :1:1: Premature end of file.
2025-07-22 21:21:56,530 [ERROR] LogOutputStream:75 - [STDERR_REDIRECT] 
2025-07-22 21:21:56,554 [ERROR] LogOutputStream:75 - [STDERR_REDIRECT] [Fatal Error] :1:1: Premature end of file.
2025-07-22 21:21:56,554 [ERROR] LogOutputStream:75 - [STDERR_REDIRECT] 
2025-07-22 21:21:56,575 [ERROR] LogOutputStream:75 - [STDERR_REDIRECT] [Fatal Error] :1:1: Premature end of file.
2025-07-22 21:21:56,575 [ERROR] LogOutputStream:75 - [STDERR_REDIRECT] 
2025-07-22 21:21:56,595 [ERROR] LogOutputStream:75 - [STDERR_REDIRECT] [Fatal Error] :1:1: Premature end of file.
2025-07-22 21:21:56,595 [ERROR] LogOutputStream:75 - [STDERR_REDIRECT] 
2025-07-22 21:21:56,620 [ERROR] LogOutputStream:75 - [STDERR_REDIRECT] [Fatal Error] :1:1: Premature end of file.
2025-07-22 21:21:56,620 [ERROR] LogOutputStream:75 - [STDERR_REDIRECT] 
2025-07-22 21:21:56,660 [ERROR] LogOutputStream:75 - [STDERR_REDIRECT] [Fatal Error] :1:1: Premature end of file.
2025-07-22 21:21:56,661 [ERROR] LogOutputStream:75 - [STDERR_REDIRECT] 
2025-07-22 21:21:56,682 [ERROR] LogOutputStream:75 - [STDERR_REDIRECT] [Fatal Error] :1:1: Premature end of file.
2025-07-22 21:21:56,682 [ERROR] LogOutputStream:75 - [STDERR_REDIRECT] 
2025-07-22 21:21:57,093 [ERROR] LogOutputStream:75 - [STDERR_REDIRECT] [Fatal Error] :1:1: Premature end of file.
2025-07-22 21:21:57,094 [ERROR] LogOutputStream:75 - [STDERR_REDIRECT] 
2025-07-22 21:21:57,178 [ERROR] LogOutputStream:75 - [STDERR_REDIRECT] [Fatal Error] :1:1: Premature end of file.
2025-07-22 21:21:57,178 [ERROR] LogOutputStream:75 - [STDERR_REDIRECT] 
2025-07-22 21:21:57,222 [ERROR] LogOutputStream:75 - [STDERR_REDIRECT] [Fatal Error] :1:1: Premature end of file.
2025-07-22 21:21:57,223 [ERROR] LogOutputStream:75 - [STDERR_REDIRECT] 
2025-07-22 21:21:57,269 [ERROR] LogOutputStream:75 - [STDERR_REDIRECT] [Fatal Error] :1:1: Premature end of file.
2025-07-22 21:21:57,269 [ERROR] LogOutputStream:75 - [STDERR_REDIRECT] 
2025-07-22 21:21:57,312 [ERROR] LogOutputStream:75 - [STDERR_REDIRECT] [Fatal Error] :1:1: Premature end of file.
2025-07-22 21:21:57,312 [ERROR] LogOutputStream:75 - [STDERR_REDIRECT] 
2025-07-22 21:21:57,353 [ERROR] LogOutputStream:75 - [STDERR_REDIRECT] [Fatal Error] :1:1: Premature end of file.
2025-07-22 21:21:57,353 [ERROR] LogOutputStream:75 - [STDERR_REDIRECT] 
2025-07-22 21:21:57,386 [ERROR] LogOutputStream:75 - [STDERR_REDIRECT] [Fatal Error] :1:1: Premature end of file.
2025-07-22 21:21:57,386 [ERROR] LogOutputStream:75 - [STDERR_REDIRECT] 
2025-07-22 21:21:57,419 [ERROR] LogOutputStream:75 - [STDERR_REDIRECT] [Fatal Error] :1:1: Premature end of file.
2025-07-22 21:21:57,419 [ERROR] LogOutputStream:75 - [STDERR_REDIRECT] 
2025-07-22 21:21:57,462 [ERROR] LogOutputStream:75 - [STDERR_REDIRECT] [Fatal Error] :1:1: Premature end of file.
2025-07-22 21:21:57,462 [ERROR] LogOutputStream:75 - [STDERR_REDIRECT] 
2025-07-22 21:21:57,498 [ERROR] LogOutputStream:75 - [STDERR_REDIRECT] [Fatal Error] :1:1: Premature end of file.
2025-07-22 21:21:57,498 [ERROR] LogOutputStream:75 - [STDERR_REDIRECT] 
2025-07-22 21:21:57,538 [ERROR] LogOutputStream:75 - [STDERR_REDIRECT] [Fatal Error] :1:1: Premature end of file.
2025-07-22 21:21:57,538 [ERROR] LogOutputStream:75 - [STDERR_REDIRECT] 
2025-07-22 21:21:57,579 [ERROR] LogOutputStream:75 - [STDERR_REDIRECT] [Fatal Error] :1:1: Premature end of file.
2025-07-22 21:21:57,579 [ERROR] LogOutputStream:75 - [STDERR_REDIRECT] 
2025-07-22 21:21:57,625 [ERROR] LogOutputStream:75 - [STDERR_REDIRECT] [Fatal Error] :1:1: Premature end of file.
2025-07-22 21:21:57,626 [ERROR] LogOutputStream:75 - [STDERR_REDIRECT] 
2025-07-22 21:21:57,836 [ERROR] LogOutputStream:75 - [STDERR_REDIRECT] [Fatal Error] :1:1: Premature end of file.
2025-07-22 21:21:57,836 [ERROR] LogOutputStream:75 - [STDERR_REDIRECT] 
2025-07-22 21:21:57,869 [ERROR] LogOutputStream:75 - [STDERR_REDIRECT] [Fatal Error] :1:1: Premature end of file.
2025-07-22 21:21:57,869 [ERROR] LogOutputStream:75 - [STDERR_REDIRECT] 
2025-07-22 21:21:57,953 [ERROR] LogOutputStream:75 - [STDERR_REDIRECT] [Fatal Error] :1:1: Premature end of file.
2025-07-22 21:21:57,953 [ERROR] LogOutputStream:75 - [STDERR_REDIRECT] 
2025-07-22 21:21:58,000 [ERROR] LogOutputStream:75 - [STDERR_REDIRECT] [Fatal Error] :1:1: Premature end of file.
2025-07-22 21:21:58,000 [ERROR] LogOutputStream:75 - [STDERR_REDIRECT] 
2025-07-22 21:21:58,046 [ERROR] LogOutputStream:75 - [STDERR_REDIRECT] [Fatal Error] :1:1: Premature end of file.
2025-07-22 21:21:58,047 [ERROR] LogOutputStream:75 - [STDERR_REDIRECT] 
2025-07-22 21:21:58,075 [ERROR] LogOutputStream:75 - [STDERR_REDIRECT] [Fatal Error] :1:1: Premature end of file.
2025-07-22 21:21:58,075 [ERROR] LogOutputStream:75 - [STDERR_REDIRECT] 
2025-07-22 21:21:58,124 [ERROR] LogOutputStream:75 - [STDERR_REDIRECT] [Fatal Error] :1:1: Premature end of file.
2025-07-22 21:21:58,124 [ERROR] LogOutputStream:75 - [STDERR_REDIRECT] 
2025-07-22 21:21:58,156 [ERROR] LogOutputStream:75 - [STDERR_REDIRECT] [Fatal Error] :1:1: Premature end of file.
2025-07-22 21:21:58,156 [ERROR] LogOutputStream:75 - [STDERR_REDIRECT] 
2025-07-22 21:21:58,189 [ERROR] LogOutputStream:75 - [STDERR_REDIRECT] [Fatal Error] :1:1: Premature end of file.
2025-07-22 21:21:58,189 [ERROR] LogOutputStream:75 - [STDERR_REDIRECT] 
2025-07-22 21:21:58,222 [ERROR] LogOutputStream:75 - [STDERR_REDIRECT] [Fatal Error] :1:1: Premature end of file.
2025-07-22 21:21:58,222 [ERROR] LogOutputStream:75 - [STDERR_REDIRECT] 
2025-07-22 21:21:58,255 [ERROR] LogOutputStream:75 - [STDERR_REDIRECT] [Fatal Error] :1:1: Premature end of file.
2025-07-22 21:21:58,255 [ERROR] LogOutputStream:75 - [STDERR_REDIRECT] 
2025-07-22 21:21:58,297 [ERROR] LogOutputStream:75 - [STDERR_REDIRECT] [Fatal Error] :1:1: Premature end of file.
2025-07-22 21:21:58,297 [ERROR] LogOutputStream:75 - [STDERR_REDIRECT] 
2025-07-22 21:21:58,340 [ERROR] LogOutputStream:75 - [STDERR_REDIRECT] [Fatal Error] :1:1: Premature end of file.
2025-07-22 21:21:58,340 [ERROR] LogOutputStream:75 - [STDERR_REDIRECT] 
2025-07-22 21:21:58,374 [ERROR] LogOutputStream:75 - [STDERR_REDIRECT] [Fatal Error] :1:1: Premature end of file.
2025-07-22 21:21:58,374 [ERROR] LogOutputStream:75 - [STDERR_REDIRECT] 
2025-07-22 21:21:58,409 [ERROR] LogOutputStream:75 - [STDERR_REDIRECT] [Fatal Error] :1:1: Premature end of file.
2025-07-22 21:21:58,409 [ERROR] LogOutputStream:75 - [STDERR_REDIRECT] 
2025-07-22 21:21:58,451 [ERROR] LogOutputStream:75 - [STDERR_REDIRECT] [Fatal Error] :1:1: Premature end of file.
2025-07-22 21:21:58,451 [ERROR] LogOutputStream:75 - [STDERR_REDIRECT] 
2025-07-22 21:21:58,487 [ERROR] LogOutputStream:75 - [STDERR_REDIRECT] [Fatal Error] :1:1: Premature end of file.
2025-07-22 21:21:58,487 [ERROR] LogOutputStream:75 - [STDERR_REDIRECT] 
2025-07-22 21:21:58,526 [ERROR] LogOutputStream:75 - [STDERR_REDIRECT] [Fatal Error] :1:1: Premature end of file.
2025-07-22 21:21:58,526 [ERROR] LogOutputStream:75 - [STDERR_REDIRECT] 
2025-07-22 21:21:58,561 [ERROR] LogOutputStream:75 - [STDERR_REDIRECT] [Fatal Error] :1:1: Premature end of file.
2025-07-22 21:21:58,561 [ERROR] LogOutputStream:75 - [STDERR_REDIRECT] 
2025-07-22 21:21:58,591 [ERROR] LogOutputStream:75 - [STDERR_REDIRECT] [Fatal Error] :1:1: Premature end of file.
2025-07-22 21:21:58,591 [ERROR] LogOutputStream:75 - [STDERR_REDIRECT] 
2025-07-22 21:21:58,628 [ERROR] LogOutputStream:75 - [STDERR_REDIRECT] [Fatal Error] :1:1: Premature end of file.
2025-07-22 21:21:58,628 [ERROR] LogOutputStream:75 - [STDERR_REDIRECT] 
2025-07-22 21:21:58,655 [ERROR] LogOutputStream:75 - [STDERR_REDIRECT] [Fatal Error] :1:1: Premature end of file.
2025-07-22 21:21:58,655 [ERROR] LogOutputStream:75 - [STDERR_REDIRECT] 
2025-07-22 21:21:58,687 [ERROR] LogOutputStream:75 - [STDERR_REDIRECT] [Fatal Error] :1:1: Premature end of file.
2025-07-22 21:21:58,687 [ERROR] LogOutputStream:75 - [STDERR_REDIRECT] 
2025-07-22 21:21:58,719 [ERROR] LogOutputStream:75 - [STDERR_REDIRECT] [Fatal Error] :1:1: Premature end of file.
2025-07-22 21:21:58,719 [ERROR] LogOutputStream:75 - [STDERR_REDIRECT] 
2025-07-22 21:21:58,746 [ERROR] LogOutputStream:75 - [STDERR_REDIRECT] [Fatal Error] :1:1: Premature end of file.
2025-07-22 21:21:58,746 [ERROR] LogOutputStream:75 - [STDERR_REDIRECT] 
2025-07-22 21:21:58,773 [ERROR] LogOutputStream:75 - [STDERR_REDIRECT] [Fatal Error] :1:1: Premature end of file.
2025-07-22 21:21:58,773 [ERROR] LogOutputStream:75 - [STDERR_REDIRECT] 
2025-07-22 21:21:58,800 [ERROR] LogOutputStream:75 - [STDERR_REDIRECT] [Fatal Error] :1:1: Premature end of file.
2025-07-22 21:21:58,800 [ERROR] LogOutputStream:75 - [STDERR_REDIRECT] 
2025-07-22 21:21:58,830 [ERROR] LogOutputStream:75 - [STDERR_REDIRECT] [Fatal Error] :1:1: Premature end of file.
2025-07-22 21:21:58,830 [ERROR] LogOutputStream:75 - [STDERR_REDIRECT] 
2025-07-22 21:21:58,856 [ERROR] LogOutputStream:75 - [STDERR_REDIRECT] [Fatal Error] :1:1: Premature end of file.
2025-07-22 21:21:58,856 [ERROR] LogOutputStream:75 - [STDERR_REDIRECT] 
2025-07-22 21:21:58,885 [ERROR] LogOutputStream:75 - [STDERR_REDIRECT] [Fatal Error] :1:1: Premature end of file.
2025-07-22 21:21:58,885 [ERROR] LogOutputStream:75 - [STDERR_REDIRECT] 
2025-07-22 21:21:58,917 [ERROR] LogOutputStream:75 - [STDERR_REDIRECT] [Fatal Error] :1:1: Premature end of file.
2025-07-22 21:21:58,917 [ERROR] LogOutputStream:75 - [STDERR_REDIRECT] 
2025-07-22 21:21:58,957 [ERROR] LogOutputStream:75 - [STDERR_REDIRECT] [Fatal Error] :1:1: Premature end of file.
2025-07-22 21:21:58,957 [ERROR] LogOutputStream:75 - [STDERR_REDIRECT] 
2025-07-22 21:21:58,985 [ERROR] LogOutputStream:75 - [STDERR_REDIRECT] [Fatal Error] :1:1: Premature end of file.
2025-07-22 21:21:58,985 [ERROR] LogOutputStream:75 - [STDERR_REDIRECT] 
2025-07-22 21:21:59,015 [ERROR] LogOutputStream:75 - [STDERR_REDIRECT] [Fatal Error] :1:1: Premature end of file.
2025-07-22 21:21:59,015 [ERROR] LogOutputStream:75 - [STDERR_REDIRECT] 
2025-07-22 21:21:59,044 [ERROR] LogOutputStream:75 - [STDERR_REDIRECT] [Fatal Error] :1:1: Premature end of file.
2025-07-22 21:21:59,044 [ERROR] LogOutputStream:75 - [STDERR_REDIRECT] 
2025-07-22 21:21:59,077 [ERROR] LogOutputStream:75 - [STDERR_REDIRECT] [Fatal Error] :1:1: Premature end of file.
2025-07-22 21:21:59,078 [ERROR] LogOutputStream:75 - [STDERR_REDIRECT] 
2025-07-22 21:21:59,105 [ERROR] LogOutputStream:75 - [STDERR_REDIRECT] [Fatal Error] :1:1: Premature end of file.
2025-07-22 21:21:59,105 [ERROR] LogOutputStream:75 - [STDERR_REDIRECT] 
2025-07-22 21:21:59,144 [ERROR] LogOutputStream:75 - [STDERR_REDIRECT] [Fatal Error] :1:1: Premature end of file.
2025-07-22 21:21:59,144 [ERROR] LogOutputStream:75 - [STDERR_REDIRECT] 
2025-07-22 21:21:59,179 [ERROR] LogOutputStream:75 - [STDERR_REDIRECT] [Fatal Error] :1:1: Premature end of file.
2025-07-22 21:21:59,179 [ERROR] LogOutputStream:75 - [STDERR_REDIRECT] 
2025-07-22 21:21:59,215 [ERROR] LogOutputStream:75 - [STDERR_REDIRECT] [Fatal Error] :1:1: Premature end of file.
2025-07-22 21:21:59,215 [ERROR] LogOutputStream:75 - [STDERR_REDIRECT] 
2025-07-22 21:21:59,254 [ERROR] LogOutputStream:75 - [STDERR_REDIRECT] [Fatal Error] :1:1: Premature end of file.
2025-07-22 21:21:59,254 [ERROR] LogOutputStream:75 - [STDERR_REDIRECT] 
2025-07-22 21:21:59,284 [ERROR] LogOutputStream:75 - [STDERR_REDIRECT] [Fatal Error] :1:1: Premature end of file.
2025-07-22 21:21:59,284 [ERROR] LogOutputStream:75 - [STDERR_REDIRECT] 
2025-07-22 21:21:59,315 [ERROR] LogOutputStream:75 - [STDERR_REDIRECT] [Fatal Error] :1:1: Premature end of file.
2025-07-22 21:21:59,315 [ERROR] LogOutputStream:75 - [STDERR_REDIRECT] 
2025-07-22 21:21:59,341 [ERROR] LogOutputStream:75 - [STDERR_REDIRECT] [Fatal Error] :1:1: Premature end of file.
2025-07-22 21:21:59,341 [ERROR] LogOutputStream:75 - [STDERR_REDIRECT] 
2025-07-22 21:21:59,367 [ERROR] LogOutputStream:75 - [STDERR_REDIRECT] [Fatal Error] :1:1: Premature end of file.
2025-07-22 21:21:59,367 [ERROR] LogOutputStream:75 - [STDERR_REDIRECT] 
2025-07-22 21:21:59,395 [ERROR] LogOutputStream:75 - [STDERR_REDIRECT] [Fatal Error] :1:1: Premature end of file.
2025-07-22 21:21:59,396 [ERROR] LogOutputStream:75 - [STDERR_REDIRECT] 
2025-07-22 21:21:59,425 [ERROR] LogOutputStream:75 - [STDERR_REDIRECT] [Fatal Error] :1:1: Premature end of file.
2025-07-22 21:21:59,425 [ERROR] LogOutputStream:75 - [STDERR_REDIRECT] 
2025-07-22 21:21:59,453 [ERROR] LogOutputStream:75 - [STDERR_REDIRECT] [Fatal Error] :1:1: Premature end of file.
2025-07-22 21:21:59,453 [ERROR] LogOutputStream:75 - [STDERR_REDIRECT] 
2025-07-22 21:21:59,481 [ERROR] LogOutputStream:75 - [STDERR_REDIRECT] [Fatal Error] :1:1: Premature end of file.
2025-07-22 21:21:59,482 [ERROR] LogOutputStream:75 - [STDERR_REDIRECT] 
2025-07-22 21:21:59,505 [ERROR] LogOutputStream:75 - [STDERR_REDIRECT] [Fatal Error] :1:1: Premature end of file.
2025-07-22 21:21:59,505 [ERROR] LogOutputStream:75 - [STDERR_REDIRECT] 
2025-07-22 21:21:59,530 [ERROR] LogOutputStream:75 - [STDERR_REDIRECT] [Fatal Error] :1:1: Premature end of file.
2025-07-22 21:21:59,530 [ERROR] LogOutputStream:75 - [STDERR_REDIRECT] 
2025-07-22 21:21:59,558 [ERROR] LogOutputStream:75 - [STDERR_REDIRECT] [Fatal Error] :1:1: Premature end of file.
2025-07-22 21:21:59,558 [ERROR] LogOutputStream:75 - [STDERR_REDIRECT] 
2025-07-22 21:21:59,589 [ERROR] LogOutputStream:75 - [STDERR_REDIRECT] [Fatal Error] :1:1: Premature end of file.
2025-07-22 21:21:59,589 [ERROR] LogOutputStream:75 - [STDERR_REDIRECT] 
2025-07-22 21:21:59,635 [ERROR] LogOutputStream:75 - [STDERR_REDIRECT] [Fatal Error] :1:1: Premature end of file.
2025-07-22 21:21:59,635 [ERROR] LogOutputStream:75 - [STDERR_REDIRECT] 
2025-07-22 21:21:59,666 [ERROR] LogOutputStream:75 - [STDERR_REDIRECT] [Fatal Error] :1:1: Premature end of file.
2025-07-22 21:21:59,666 [ERROR] LogOutputStream:75 - [STDERR_REDIRECT] 
2025-07-22 21:21:59,700 [ERROR] LogOutputStream:75 - [STDERR_REDIRECT] [Fatal Error] :1:1: Premature end of file.
2025-07-22 21:21:59,700 [ERROR] LogOutputStream:75 - [STDERR_REDIRECT] 
2025-07-22 21:21:59,736 [ERROR] LogOutputStream:75 - [STDERR_REDIRECT] [Fatal Error] :1:1: Premature end of file.
2025-07-22 21:21:59,736 [ERROR] LogOutputStream:75 - [STDERR_REDIRECT] 
2025-07-22 21:21:59,763 [ERROR] LogOutputStream:75 - [STDERR_REDIRECT] [Fatal Error] :1:1: Premature end of file.
2025-07-22 21:21:59,763 [ERROR] LogOutputStream:75 - [STDERR_REDIRECT] 
2025-07-22 21:21:59,791 [ERROR] LogOutputStream:75 - [STDERR_REDIRECT] [Fatal Error] :1:1: Premature end of file.
2025-07-22 21:21:59,791 [ERROR] LogOutputStream:75 - [STDERR_REDIRECT] 
2025-07-22 21:21:59,831 [ERROR] LogOutputStream:75 - [STDERR_REDIRECT] [Fatal Error] :1:1: Premature end of file.
2025-07-22 21:21:59,831 [ERROR] LogOutputStream:75 - [STDERR_REDIRECT] 
2025-07-22 21:21:59,854 [ERROR] LogOutputStream:75 - [STDERR_REDIRECT] [Fatal Error] :1:1: Premature end of file.
2025-07-22 21:21:59,854 [ERROR] LogOutputStream:75 - [STDERR_REDIRECT] 
2025-07-22 21:21:59,879 [ERROR] LogOutputStream:75 - [STDERR_REDIRECT] [Fatal Error] :1:1: Premature end of file.
2025-07-22 21:21:59,879 [ERROR] LogOutputStream:75 - [STDERR_REDIRECT] 
2025-07-22 21:21:59,900 [ERROR] LogOutputStream:75 - [STDERR_REDIRECT] [Fatal Error] :1:1: Premature end of file.
2025-07-22 21:21:59,900 [ERROR] LogOutputStream:75 - [STDERR_REDIRECT] 
2025-07-22 21:21:59,927 [ERROR] LogOutputStream:75 - [STDERR_REDIRECT] [Fatal Error] :1:1: Premature end of file.
2025-07-22 21:21:59,927 [ERROR] LogOutputStream:75 - [STDERR_REDIRECT] 
2025-07-22 21:21:59,951 [ERROR] LogOutputStream:75 - [STDERR_REDIRECT] [Fatal Error] :1:1: Premature end of file.
2025-07-22 21:21:59,951 [ERROR] LogOutputStream:75 - [STDERR_REDIRECT] 
2025-07-22 21:21:59,972 [ERROR] LogOutputStream:75 - [STDERR_REDIRECT] [Fatal Error] :1:1: Premature end of file.
2025-07-22 21:21:59,972 [ERROR] LogOutputStream:75 - [STDERR_REDIRECT] 
2025-07-22 21:21:59,995 [ERROR] LogOutputStream:75 - [STDERR_REDIRECT] [Fatal Error] :1:1: Premature end of file.
2025-07-22 21:21:59,995 [ERROR] LogOutputStream:75 - [STDERR_REDIRECT] 
2025-07-22 21:22:00,018 [ERROR] LogOutputStream:75 - [STDERR_REDIRECT] [Fatal Error] :1:1: Premature end of file.
2025-07-22 21:22:00,018 [ERROR] LogOutputStream:75 - [STDERR_REDIRECT] 
2025-07-22 21:22:00,043 [ERROR] LogOutputStream:75 - [STDERR_REDIRECT] [Fatal Error] :1:1: Premature end of file.
2025-07-22 21:22:00,044 [ERROR] LogOutputStream:75 - [STDERR_REDIRECT] 
2025-07-22 21:22:00,070 [ERROR] LogOutputStream:75 - [STDERR_REDIRECT] [Fatal Error] :1:1: Premature end of file.
2025-07-22 21:22:00,070 [ERROR] LogOutputStream:75 - [STDERR_REDIRECT] 
2025-07-22 21:22:00,092 [ERROR] LogOutputStream:75 - [STDERR_REDIRECT] [Fatal Error] :1:1: Premature end of file.
2025-07-22 21:22:00,092 [ERROR] LogOutputStream:75 - [STDERR_REDIRECT] 
2025-07-22 21:22:00,116 [ERROR] LogOutputStream:75 - [STDERR_REDIRECT] [Fatal Error] :1:1: Premature end of file.
2025-07-22 21:22:00,116 [ERROR] LogOutputStream:75 - [STDERR_REDIRECT] 
2025-07-22 21:22:00,140 [ERROR] LogOutputStream:75 - [STDERR_REDIRECT] [Fatal Error] :1:1: Premature end of file.
2025-07-22 21:22:00,140 [ERROR] LogOutputStream:75 - [STDERR_REDIRECT] 
2025-07-22 21:22:00,162 [ERROR] LogOutputStream:75 - [STDERR_REDIRECT] [Fatal Error] :1:1: Premature end of file.
2025-07-22 21:22:00,162 [ERROR] LogOutputStream:75 - [STDERR_REDIRECT] 
2025-07-22 21:22:00,189 [ERROR] LogOutputStream:75 - [STDERR_REDIRECT] [Fatal Error] :1:1: Premature end of file.
2025-07-22 21:22:00,189 [ERROR] LogOutputStream:75 - [STDERR_REDIRECT] 
2025-07-22 21:22:00,214 [ERROR] LogOutputStream:75 - [STDERR_REDIRECT] [Fatal Error] :1:1: Premature end of file.
2025-07-22 21:22:00,214 [ERROR] LogOutputStream:75 - [STDERR_REDIRECT] 
2025-07-22 21:22:00,242 [ERROR] LogOutputStream:75 - [STDERR_REDIRECT] [Fatal Error] :1:1: Premature end of file.
2025-07-22 21:22:00,242 [ERROR] LogOutputStream:75 - [STDERR_REDIRECT] 
2025-07-22 21:22:00,267 [ERROR] LogOutputStream:75 - [STDERR_REDIRECT] [Fatal Error] :1:1: Premature end of file.
2025-07-22 21:22:00,267 [ERROR] LogOutputStream:75 - [STDERR_REDIRECT] 
2025-07-22 21:22:00,293 [ERROR] LogOutputStream:75 - [STDERR_REDIRECT] [Fatal Error] :1:1: Premature end of file.
2025-07-22 21:22:00,293 [ERROR] LogOutputStream:75 - [STDERR_REDIRECT] 
2025-07-22 21:22:00,316 [ERROR] LogOutputStream:75 - [STDERR_REDIRECT] [Fatal Error] :1:1: Premature end of file.
2025-07-22 21:22:00,316 [ERROR] LogOutputStream:75 - [STDERR_REDIRECT] 
2025-07-22 21:22:00,341 [ERROR] LogOutputStream:75 - [STDERR_REDIRECT] [Fatal Error] :1:1: Premature end of file.
2025-07-22 21:22:00,341 [ERROR] LogOutputStream:75 - [STDERR_REDIRECT] 
2025-07-22 21:22:00,364 [ERROR] LogOutputStream:75 - [STDERR_REDIRECT] [Fatal Error] :1:1: Premature end of file.
2025-07-22 21:22:00,364 [ERROR] LogOutputStream:75 - [STDERR_REDIRECT] 
2025-07-22 21:22:00,388 [ERROR] LogOutputStream:75 - [STDERR_REDIRECT] [Fatal Error] :1:1: Premature end of file.
2025-07-22 21:22:00,388 [ERROR] LogOutputStream:75 - [STDERR_REDIRECT] 
2025-07-22 21:22:00,411 [ERROR] LogOutputStream:75 - [STDERR_REDIRECT] [Fatal Error] :1:1: Premature end of file.
2025-07-22 21:22:00,412 [ERROR] LogOutputStream:75 - [STDERR_REDIRECT] 
2025-07-22 21:22:00,439 [ERROR] LogOutputStream:75 - [STDERR_REDIRECT] [Fatal Error] :1:1: Premature end of file.
2025-07-22 21:22:00,439 [ERROR] LogOutputStream:75 - [STDERR_REDIRECT] 
2025-07-22 21:22:00,461 [ERROR] LogOutputStream:75 - [STDERR_REDIRECT] [Fatal Error] :1:1: Premature end of file.
2025-07-22 21:22:00,461 [ERROR] LogOutputStream:75 - [STDERR_REDIRECT] 
2025-07-22 21:22:00,485 [ERROR] LogOutputStream:75 - [STDERR_REDIRECT] [Fatal Error] :1:1: Premature end of file.
2025-07-22 21:22:00,485 [ERROR] LogOutputStream:75 - [STDERR_REDIRECT] 
2025-07-22 21:22:00,510 [ERROR] LogOutputStream:75 - [STDERR_REDIRECT] [Fatal Error] :1:1: Premature end of file.
2025-07-22 21:22:00,510 [ERROR] LogOutputStream:75 - [STDERR_REDIRECT] 
2025-07-22 21:22:00,529 [ERROR] LogOutputStream:75 - [STDERR_REDIRECT] [Fatal Error] :1:1: Premature end of file.
2025-07-22 21:22:00,529 [ERROR] LogOutputStream:75 - [STDERR_REDIRECT] 
2025-07-22 21:22:00,550 [ERROR] LogOutputStream:75 - [STDERR_REDIRECT] [Fatal Error] :1:1: Premature end of file.
2025-07-22 21:22:00,550 [ERROR] LogOutputStream:75 - [STDERR_REDIRECT] 
2025-07-22 21:22:00,572 [ERROR] LogOutputStream:75 - [STDERR_REDIRECT] [Fatal Error] :1:1: Premature end of file.
2025-07-22 21:22:00,572 [ERROR] LogOutputStream:75 - [STDERR_REDIRECT] 
2025-07-22 21:22:00,592 [ERROR] LogOutputStream:75 - [STDERR_REDIRECT] [Fatal Error] :1:1: Premature end of file.
2025-07-22 21:22:00,592 [ERROR] LogOutputStream:75 - [STDERR_REDIRECT] 
2025-07-22 21:22:00,610 [ERROR] LogOutputStream:75 - [STDERR_REDIRECT] [Fatal Error] :1:1: Premature end of file.
2025-07-22 21:22:00,610 [ERROR] LogOutputStream:75 - [STDERR_REDIRECT] 
2025-07-22 21:22:00,629 [ERROR] LogOutputStream:75 - [STDERR_REDIRECT] [Fatal Error] :1:1: Premature end of file.
2025-07-22 21:22:00,629 [ERROR] LogOutputStream:75 - [STDERR_REDIRECT] 
2025-07-22 21:22:00,649 [ERROR] LogOutputStream:75 - [STDERR_REDIRECT] [Fatal Error] :1:1: Premature end of file.
2025-07-22 21:22:00,649 [ERROR] LogOutputStream:75 - [STDERR_REDIRECT] 
2025-07-22 21:22:00,669 [ERROR] LogOutputStream:75 - [STDERR_REDIRECT] [Fatal Error] :1:1: Premature end of file.
2025-07-22 21:22:00,670 [ERROR] LogOutputStream:75 - [STDERR_REDIRECT] 
2025-07-22 21:22:00,692 [ERROR] LogOutputStream:75 - [STDERR_REDIRECT] [Fatal Error] :1:1: Premature end of file.
2025-07-22 21:22:00,692 [ERROR] LogOutputStream:75 - [STDERR_REDIRECT] 
2025-07-22 21:22:00,713 [ERROR] LogOutputStream:75 - [STDERR_REDIRECT] [Fatal Error] :1:1: Premature end of file.
2025-07-22 21:22:00,713 [ERROR] LogOutputStream:75 - [STDERR_REDIRECT] 
2025-07-22 21:22:00,732 [ERROR] LogOutputStream:75 - [STDERR_REDIRECT] [Fatal Error] :1:1: Premature end of file.
2025-07-22 21:22:00,732 [ERROR] LogOutputStream:75 - [STDERR_REDIRECT] 
2025-07-22 21:22:00,751 [ERROR] LogOutputStream:75 - [STDERR_REDIRECT] [Fatal Error] :1:1: Premature end of file.
2025-07-22 21:22:00,751 [ERROR] LogOutputStream:75 - [STDERR_REDIRECT] 
2025-07-22 21:22:00,769 [ERROR] LogOutputStream:75 - [STDERR_REDIRECT] [Fatal Error] :1:1: Premature end of file.
2025-07-22 21:22:00,769 [ERROR] LogOutputStream:75 - [STDERR_REDIRECT] 
2025-07-22 21:22:00,791 [ERROR] LogOutputStream:75 - [STDERR_REDIRECT] [Fatal Error] :1:1: Premature end of file.
2025-07-22 21:22:00,791 [ERROR] LogOutputStream:75 - [STDERR_REDIRECT] 
2025-07-22 21:22:00,811 [ERROR] LogOutputStream:75 - [STDERR_REDIRECT] [Fatal Error] :1:1: Premature end of file.
2025-07-22 21:22:00,811 [ERROR] LogOutputStream:75 - [STDERR_REDIRECT] 
2025-07-22 21:22:00,832 [ERROR] LogOutputStream:75 - [STDERR_REDIRECT] [Fatal Error] :1:1: Premature end of file.
2025-07-22 21:22:00,832 [ERROR] LogOutputStream:75 - [STDERR_REDIRECT] 
2025-07-22 21:22:00,850 [ERROR] LogOutputStream:75 - [STDERR_REDIRECT] [Fatal Error] :1:1: Premature end of file.
2025-07-22 21:22:00,850 [ERROR] LogOutputStream:75 - [STDERR_REDIRECT] 
2025-07-22 21:22:00,870 [ERROR] LogOutputStream:75 - [STDERR_REDIRECT] [Fatal Error] :1:1: Premature end of file.
2025-07-22 21:22:00,870 [ERROR] LogOutputStream:75 - [STDERR_REDIRECT] 
2025-07-22 21:22:00,891 [ERROR] LogOutputStream:75 - [STDERR_REDIRECT] [Fatal Error] :1:1: Premature end of file.
2025-07-22 21:22:00,892 [ERROR] LogOutputStream:75 - [STDERR_REDIRECT] 
2025-07-22 21:22:00,912 [ERROR] LogOutputStream:75 - [STDERR_REDIRECT] [Fatal Error] :1:1: Premature end of file.
2025-07-22 21:22:00,912 [ERROR] LogOutputStream:75 - [STDERR_REDIRECT] 
2025-07-22 21:22:00,931 [ERROR] LogOutputStream:75 - [STDERR_REDIRECT] [Fatal Error] :1:1: Premature end of file.
2025-07-22 21:22:00,931 [ERROR] LogOutputStream:75 - [STDERR_REDIRECT] 
2025-07-22 21:22:00,951 [ERROR] LogOutputStream:75 - [STDERR_REDIRECT] [Fatal Error] :1:1: Premature end of file.
2025-07-22 21:22:00,951 [ERROR] LogOutputStream:75 - [STDERR_REDIRECT] 
2025-07-22 21:22:00,971 [ERROR] LogOutputStream:75 - [STDERR_REDIRECT] [Fatal Error] :1:1: Premature end of file.
2025-07-22 21:22:00,971 [ERROR] LogOutputStream:75 - [STDERR_REDIRECT] 
2025-07-22 21:22:00,989 [ERROR] LogOutputStream:75 - [STDERR_REDIRECT] [Fatal Error] :1:1: Premature end of file.
2025-07-22 21:22:00,990 [ERROR] LogOutputStream:75 - [STDERR_REDIRECT] 
2025-07-22 21:22:01,009 [ERROR] LogOutputStream:75 - [STDERR_REDIRECT] [Fatal Error] :1:1: Premature end of file.
2025-07-22 21:22:01,009 [ERROR] LogOutputStream:75 - [STDERR_REDIRECT] 
2025-07-22 21:22:01,029 [ERROR] LogOutputStream:75 - [STDERR_REDIRECT] [Fatal Error] :1:1: Premature end of file.
2025-07-22 21:22:01,029 [ERROR] LogOutputStream:75 - [STDERR_REDIRECT] 
2025-07-22 21:22:01,048 [ERROR] LogOutputStream:75 - [STDERR_REDIRECT] [Fatal Error] :1:1: Premature end of file.
2025-07-22 21:22:01,048 [ERROR] LogOutputStream:75 - [STDERR_REDIRECT] 
2025-07-22 21:22:01,067 [ERROR] LogOutputStream:75 - [STDERR_REDIRECT] [Fatal Error] :1:1: Premature end of file.
2025-07-22 21:22:01,067 [ERROR] LogOutputStream:75 - [STDERR_REDIRECT] 
2025-07-22 21:22:01,087 [ERROR] LogOutputStream:75 - [STDERR_REDIRECT] [Fatal Error] :1:1: Premature end of file.
2025-07-22 21:22:01,087 [ERROR] LogOutputStream:75 - [STDERR_REDIRECT] 
2025-07-22 21:22:01,106 [ERROR] LogOutputStream:75 - [STDERR_REDIRECT] [Fatal Error] :1:1: Premature end of file.
2025-07-22 21:22:01,106 [ERROR] LogOutputStream:75 - [STDERR_REDIRECT] 
2025-07-22 21:22:01,128 [ERROR] LogOutputStream:75 - [STDERR_REDIRECT] [Fatal Error] :1:1: Premature end of file.
2025-07-22 21:22:01,129 [ERROR] LogOutputStream:75 - [STDERR_REDIRECT] 
2025-07-22 21:22:01,150 [ERROR] LogOutputStream:75 - [STDERR_REDIRECT] [Fatal Error] :1:1: Premature end of file.
2025-07-22 21:22:01,150 [ERROR] LogOutputStream:75 - [STDERR_REDIRECT] 
2025-07-22 21:22:01,169 [ERROR] LogOutputStream:75 - [STDERR_REDIRECT] [Fatal Error] :1:1: Premature end of file.
2025-07-22 21:22:01,169 [ERROR] LogOutputStream:75 - [STDERR_REDIRECT] 
2025-07-22 21:22:01,189 [ERROR] LogOutputStream:75 - [STDERR_REDIRECT] [Fatal Error] :1:1: Premature end of file.
2025-07-22 21:22:01,189 [ERROR] LogOutputStream:75 - [STDERR_REDIRECT] 
2025-07-22 21:22:01,209 [ERROR] LogOutputStream:75 - [STDERR_REDIRECT] [Fatal Error] :1:1: Premature end of file.
2025-07-22 21:22:01,209 [ERROR] LogOutputStream:75 - [STDERR_REDIRECT] 
2025-07-22 21:22:01,229 [ERROR] LogOutputStream:75 - [STDERR_REDIRECT] [Fatal Error] :1:1: Premature end of file.
2025-07-22 21:22:01,230 [ERROR] LogOutputStream:75 - [STDERR_REDIRECT] 
2025-07-22 21:22:01,251 [ERROR] LogOutputStream:75 - [STDERR_REDIRECT] [Fatal Error] :1:1: Premature end of file.
2025-07-22 21:22:01,251 [ERROR] LogOutputStream:75 - [STDERR_REDIRECT] 
2025-07-22 21:22:01,276 [ERROR] LogOutputStream:75 - [STDERR_REDIRECT] [Fatal Error] :1:1: Premature end of file.
2025-07-22 21:22:01,276 [ERROR] LogOutputStream:75 - [STDERR_REDIRECT] 
2025-07-22 21:22:01,301 [ERROR] LogOutputStream:75 - [STDERR_REDIRECT] [Fatal Error] :1:1: Premature end of file.
2025-07-22 21:22:01,301 [ERROR] LogOutputStream:75 - [STDERR_REDIRECT] 
2025-07-22 21:22:01,324 [ERROR] LogOutputStream:75 - [STDERR_REDIRECT] [Fatal Error] :1:1: Premature end of file.
2025-07-22 21:22:01,324 [ERROR] LogOutputStream:75 - [STDERR_REDIRECT] 
2025-07-22 21:22:01,354 [ERROR] LogOutputStream:75 - [STDERR_REDIRECT] [Fatal Error] :1:1: Premature end of file.
2025-07-22 21:22:01,354 [ERROR] LogOutputStream:75 - [STDERR_REDIRECT] 
2025-07-22 21:22:01,377 [ERROR] LogOutputStream:75 - [STDERR_REDIRECT] [Fatal Error] :1:1: Premature end of file.
2025-07-22 21:22:01,378 [ERROR] LogOutputStream:75 - [STDERR_REDIRECT] 
2025-07-22 21:22:01,401 [ERROR] LogOutputStream:75 - [STDERR_REDIRECT] [Fatal Error] :1:1: Premature end of file.
2025-07-22 21:22:01,401 [ERROR] LogOutputStream:75 - [STDERR_REDIRECT] 
2025-07-22 21:22:01,422 [ERROR] LogOutputStream:75 - [STDERR_REDIRECT] [Fatal Error] :1:1: Premature end of file.
2025-07-22 21:22:01,422 [ERROR] LogOutputStream:75 - [STDERR_REDIRECT] 
2025-07-22 21:22:01,444 [ERROR] LogOutputStream:75 - [STDERR_REDIRECT] [Fatal Error] :1:1: Premature end of file.
2025-07-22 21:22:01,444 [ERROR] LogOutputStream:75 - [STDERR_REDIRECT] 
2025-07-22 21:22:01,467 [ERROR] LogOutputStream:75 - [STDERR_REDIRECT] [Fatal Error] :1:1: Premature end of file.
2025-07-22 21:22:01,467 [ERROR] LogOutputStream:75 - [STDERR_REDIRECT] 
2025-07-22 21:22:01,491 [ERROR] LogOutputStream:75 - [STDERR_REDIRECT] [Fatal Error] :1:1: Premature end of file.
2025-07-22 21:22:01,491 [ERROR] LogOutputStream:75 - [STDERR_REDIRECT] 
2025-07-22 21:22:01,532 [ERROR] LogOutputStream:75 - [STDERR_REDIRECT] [Fatal Error] :1:1: Premature end of file.
2025-07-22 21:22:01,532 [ERROR] LogOutputStream:75 - [STDERR_REDIRECT] 
2025-07-22 21:22:01,568 [ERROR] LogOutputStream:75 - [STDERR_REDIRECT] [Fatal Error] :1:1: Premature end of file.
2025-07-22 21:22:01,568 [ERROR] LogOutputStream:75 - [STDERR_REDIRECT] 
2025-07-22 21:22:01,598 [ERROR] LogOutputStream:75 - [STDERR_REDIRECT] [Fatal Error] :1:1: Premature end of file.
2025-07-22 21:22:01,598 [ERROR] LogOutputStream:75 - [STDERR_REDIRECT] 
2025-07-22 21:22:01,626 [ERROR] LogOutputStream:75 - [STDERR_REDIRECT] [Fatal Error] :1:1: Premature end of file.
2025-07-22 21:22:01,626 [ERROR] LogOutputStream:75 - [STDERR_REDIRECT] 
2025-07-22 21:22:01,654 [ERROR] LogOutputStream:75 - [STDERR_REDIRECT] [Fatal Error] :1:1: Premature end of file.
2025-07-22 21:22:01,654 [ERROR] LogOutputStream:75 - [STDERR_REDIRECT] 
2025-07-22 21:22:01,678 [ERROR] LogOutputStream:75 - [STDERR_REDIRECT] [Fatal Error] :1:1: Premature end of file.
2025-07-22 21:22:01,678 [ERROR] LogOutputStream:75 - [STDERR_REDIRECT] 
2025-07-22 21:22:01,704 [ERROR] LogOutputStream:75 - [STDERR_REDIRECT] [Fatal Error] :1:1: Premature end of file.
2025-07-22 21:22:01,704 [ERROR] LogOutputStream:75 - [STDERR_REDIRECT] 
2025-07-22 21:22:01,728 [ERROR] LogOutputStream:75 - [STDERR_REDIRECT] [Fatal Error] :1:1: Premature end of file.
2025-07-22 21:22:01,728 [ERROR] LogOutputStream:75 - [STDERR_REDIRECT] 
2025-07-22 21:22:01,753 [ERROR] LogOutputStream:75 - [STDERR_REDIRECT] [Fatal Error] :1:1: Premature end of file.
2025-07-22 21:22:01,753 [ERROR] LogOutputStream:75 - [STDERR_REDIRECT] 
2025-07-22 21:22:01,779 [ERROR] LogOutputStream:75 - [STDERR_REDIRECT] [Fatal Error] :1:1: Premature end of file.
2025-07-22 21:22:01,779 [ERROR] LogOutputStream:75 - [STDERR_REDIRECT] 
2025-07-22 21:22:01,806 [ERROR] LogOutputStream:75 - [STDERR_REDIRECT] [Fatal Error] :1:1: Premature end of file.
2025-07-22 21:22:01,807 [ERROR] LogOutputStream:75 - [STDERR_REDIRECT] 
2025-07-22 21:22:01,832 [ERROR] LogOutputStream:75 - [STDERR_REDIRECT] [Fatal Error] :1:1: Premature end of file.
2025-07-22 21:22:01,832 [ERROR] LogOutputStream:75 - [STDERR_REDIRECT] 
2025-07-22 21:22:01,856 [ERROR] LogOutputStream:75 - [STDERR_REDIRECT] [Fatal Error] :1:1: Premature end of file.
2025-07-22 21:22:01,857 [ERROR] LogOutputStream:75 - [STDERR_REDIRECT] 
2025-07-22 21:22:01,882 [ERROR] LogOutputStream:75 - [STDERR_REDIRECT] [Fatal Error] :1:1: Premature end of file.
2025-07-22 21:22:01,882 [ERROR] LogOutputStream:75 - [STDERR_REDIRECT] 
2025-07-22 21:22:01,907 [ERROR] LogOutputStream:75 - [STDERR_REDIRECT] [Fatal Error] :1:1: Premature end of file.
2025-07-22 21:22:01,907 [ERROR] LogOutputStream:75 - [STDERR_REDIRECT] 
2025-07-22 21:22:01,932 [ERROR] LogOutputStream:75 - [STDERR_REDIRECT] [Fatal Error] :1:1: Premature end of file.
2025-07-22 21:22:01,932 [ERROR] LogOutputStream:75 - [STDERR_REDIRECT] 
2025-07-22 21:22:01,955 [ERROR] LogOutputStream:75 - [STDERR_REDIRECT] [Fatal Error] :1:1: Premature end of file.
2025-07-22 21:22:01,955 [ERROR] LogOutputStream:75 - [STDERR_REDIRECT] 
2025-07-22 21:22:01,981 [ERROR] LogOutputStream:75 - [STDERR_REDIRECT] [Fatal Error] :1:1: Premature end of file.
2025-07-22 21:22:01,982 [ERROR] LogOutputStream:75 - [STDERR_REDIRECT] 
2025-07-22 21:22:02,004 [ERROR] LogOutputStream:75 - [STDERR_REDIRECT] [Fatal Error] :1:1: Premature end of file.
2025-07-22 21:22:02,004 [ERROR] LogOutputStream:75 - [STDERR_REDIRECT] 
2025-07-22 21:22:02,029 [ERROR] LogOutputStream:75 - [STDERR_REDIRECT] [Fatal Error] :1:1: Premature end of file.
2025-07-22 21:22:02,029 [ERROR] LogOutputStream:75 - [STDERR_REDIRECT] 
2025-07-22 21:22:02,052 [ERROR] LogOutputStream:75 - [STDERR_REDIRECT] [Fatal Error] :1:1: Premature end of file.
2025-07-22 21:22:02,052 [ERROR] LogOutputStream:75 - [STDERR_REDIRECT] 
2025-07-22 21:22:02,074 [ERROR] LogOutputStream:75 - [STDERR_REDIRECT] [Fatal Error] :1:1: Premature end of file.
2025-07-22 21:22:02,074 [ERROR] LogOutputStream:75 - [STDERR_REDIRECT] 
2025-07-22 21:22:02,103 [ERROR] LogOutputStream:75 - [STDERR_REDIRECT] [Fatal Error] :1:1: Premature end of file.
2025-07-22 21:22:02,103 [ERROR] LogOutputStream:75 - [STDERR_REDIRECT] 
2025-07-22 21:22:02,127 [ERROR] LogOutputStream:75 - [STDERR_REDIRECT] [Fatal Error] :1:1: Premature end of file.
2025-07-22 21:22:02,127 [ERROR] LogOutputStream:75 - [STDERR_REDIRECT] 
2025-07-22 21:22:02,150 [ERROR] LogOutputStream:75 - [STDERR_REDIRECT] [Fatal Error] :1:1: Premature end of file.
2025-07-22 21:22:02,150 [ERROR] LogOutputStream:75 - [STDERR_REDIRECT] 
2025-07-22 21:22:02,172 [ERROR] LogOutputStream:75 - [STDERR_REDIRECT] [Fatal Error] :1:1: Premature end of file.
2025-07-22 21:22:02,172 [ERROR] LogOutputStream:75 - [STDERR_REDIRECT] 
2025-07-22 21:22:02,196 [ERROR] LogOutputStream:75 - [STDERR_REDIRECT] [Fatal Error] :1:1: Premature end of file.
2025-07-22 21:22:02,197 [ERROR] LogOutputStream:75 - [STDERR_REDIRECT] 
2025-07-22 21:22:02,219 [ERROR] LogOutputStream:75 - [STDERR_REDIRECT] [Fatal Error] :1:1: Premature end of file.
2025-07-22 21:22:02,219 [ERROR] LogOutputStream:75 - [STDERR_REDIRECT] 
2025-07-22 21:22:02,242 [ERROR] LogOutputStream:75 - [STDERR_REDIRECT] [Fatal Error] :1:1: Premature end of file.
2025-07-22 21:22:02,242 [ERROR] LogOutputStream:75 - [STDERR_REDIRECT] 
2025-07-22 21:22:02,268 [ERROR] LogOutputStream:75 - [STDERR_REDIRECT] [Fatal Error] :1:1: Premature end of file.
2025-07-22 21:22:02,268 [ERROR] LogOutputStream:75 - [STDERR_REDIRECT] 
2025-07-22 21:22:02,291 [ERROR] LogOutputStream:75 - [STDERR_REDIRECT] [Fatal Error] :1:1: Premature end of file.
2025-07-22 21:22:02,291 [ERROR] LogOutputStream:75 - [STDERR_REDIRECT] 
2025-07-22 21:22:02,313 [ERROR] LogOutputStream:75 - [STDERR_REDIRECT] [Fatal Error] :1:1: Premature end of file.
2025-07-22 21:22:02,313 [ERROR] LogOutputStream:75 - [STDERR_REDIRECT] 
2025-07-22 21:22:02,338 [ERROR] LogOutputStream:75 - [STDERR_REDIRECT] [Fatal Error] :1:1: Premature end of file.
2025-07-22 21:22:02,338 [ERROR] LogOutputStream:75 - [STDERR_REDIRECT] 
2025-07-22 21:22:02,360 [ERROR] LogOutputStream:75 - [STDERR_REDIRECT] [Fatal Error] :1:1: Premature end of file.
2025-07-22 21:22:02,360 [ERROR] LogOutputStream:75 - [STDERR_REDIRECT] 
2025-07-22 21:22:02,383 [ERROR] LogOutputStream:75 - [STDERR_REDIRECT] [Fatal Error] :1:1: Premature end of file.
2025-07-22 21:22:02,383 [ERROR] LogOutputStream:75 - [STDERR_REDIRECT] 
2025-07-22 21:22:02,407 [ERROR] LogOutputStream:75 - [STDERR_REDIRECT] [Fatal Error] :1:1: Premature end of file.
2025-07-22 21:22:02,407 [ERROR] LogOutputStream:75 - [STDERR_REDIRECT] 
2025-07-22 21:22:02,432 [ERROR] LogOutputStream:75 - [STDERR_REDIRECT] [Fatal Error] :1:1: Premature end of file.
2025-07-22 21:22:02,432 [ERROR] LogOutputStream:75 - [STDERR_REDIRECT] 
2025-07-22 21:22:02,456 [ERROR] LogOutputStream:75 - [STDERR_REDIRECT] [Fatal Error] :1:1: Premature end of file.
2025-07-22 21:22:02,456 [ERROR] LogOutputStream:75 - [STDERR_REDIRECT] 
2025-07-22 21:22:02,478 [ERROR] LogOutputStream:75 - [STDERR_REDIRECT] [Fatal Error] :1:1: Premature end of file.
2025-07-22 21:22:02,478 [ERROR] LogOutputStream:75 - [STDERR_REDIRECT] 
2025-07-22 21:22:02,501 [ERROR] LogOutputStream:75 - [STDERR_REDIRECT] [Fatal Error] :1:1: Premature end of file.
2025-07-22 21:22:02,501 [ERROR] LogOutputStream:75 - [STDERR_REDIRECT] 
2025-07-22 21:22:02,525 [ERROR] LogOutputStream:75 - [STDERR_REDIRECT] [Fatal Error] :1:1: Premature end of file.
2025-07-22 21:22:02,525 [ERROR] LogOutputStream:75 - [STDERR_REDIRECT] 
2025-07-22 21:22:02,549 [ERROR] LogOutputStream:75 - [STDERR_REDIRECT] [Fatal Error] :1:1: Premature end of file.
2025-07-22 21:22:02,549 [ERROR] LogOutputStream:75 - [STDERR_REDIRECT] 
2025-07-22 21:22:02,572 [ERROR] LogOutputStream:75 - [STDERR_REDIRECT] [Fatal Error] :1:1: Premature end of file.
2025-07-22 21:22:02,572 [ERROR] LogOutputStream:75 - [STDERR_REDIRECT] 
2025-07-22 21:22:02,595 [ERROR] LogOutputStream:75 - [STDERR_REDIRECT] [Fatal Error] :1:1: Premature end of file.
2025-07-22 21:22:02,595 [ERROR] LogOutputStream:75 - [STDERR_REDIRECT] 
2025-07-22 21:22:02,620 [ERROR] LogOutputStream:75 - [STDERR_REDIRECT] [Fatal Error] :1:1: Premature end of file.
2025-07-22 21:22:02,620 [ERROR] LogOutputStream:75 - [STDERR_REDIRECT] 
2025-07-22 21:22:02,645 [ERROR] LogOutputStream:75 - [STDERR_REDIRECT] [Fatal Error] :1:1: Premature end of file.
2025-07-22 21:22:02,645 [ERROR] LogOutputStream:75 - [STDERR_REDIRECT] 
2025-07-22 21:22:02,668 [ERROR] LogOutputStream:75 - [STDERR_REDIRECT] [Fatal Error] :1:1: Premature end of file.
2025-07-22 21:22:02,668 [ERROR] LogOutputStream:75 - [STDERR_REDIRECT] 
2025-07-22 21:22:02,692 [ERROR] LogOutputStream:75 - [STDERR_REDIRECT] [Fatal Error] :1:1: Premature end of file.
2025-07-22 21:22:02,692 [ERROR] LogOutputStream:75 - [STDERR_REDIRECT] 
2025-07-22 21:22:02,719 [ERROR] LogOutputStream:75 - [STDERR_REDIRECT] [Fatal Error] :1:1: Premature end of file.
2025-07-22 21:22:02,719 [ERROR] LogOutputStream:75 - [STDERR_REDIRECT] 
2025-07-22 21:22:02,745 [ERROR] LogOutputStream:75 - [STDERR_REDIRECT] [Fatal Error] :1:1: Premature end of file.
2025-07-22 21:22:02,745 [ERROR] LogOutputStream:75 - [STDERR_REDIRECT] 
2025-07-22 21:22:02,768 [ERROR] LogOutputStream:75 - [STDERR_REDIRECT] [Fatal Error] :1:1: Premature end of file.
2025-07-22 21:22:02,768 [ERROR] LogOutputStream:75 - [STDERR_REDIRECT] 
2025-07-22 21:22:02,791 [ERROR] LogOutputStream:75 - [STDERR_REDIRECT] [Fatal Error] :1:1: Premature end of file.
2025-07-22 21:22:02,791 [ERROR] LogOutputStream:75 - [STDERR_REDIRECT] 
2025-07-22 21:22:02,814 [ERROR] LogOutputStream:75 - [STDERR_REDIRECT] [Fatal Error] :1:1: Premature end of file.
2025-07-22 21:22:02,814 [ERROR] LogOutputStream:75 - [STDERR_REDIRECT] 
2025-07-22 21:22:02,837 [ERROR] LogOutputStream:75 - [STDERR_REDIRECT] [Fatal Error] :1:1: Premature end of file.
2025-07-22 21:22:02,837 [ERROR] LogOutputStream:75 - [STDERR_REDIRECT] 
2025-07-22 21:22:02,861 [ERROR] LogOutputStream:75 - [STDERR_REDIRECT] [Fatal Error] :1:1: Premature end of file.
2025-07-22 21:22:02,861 [ERROR] LogOutputStream:75 - [STDERR_REDIRECT] 
2025-07-22 21:22:02,885 [ERROR] LogOutputStream:75 - [STDERR_REDIRECT] [Fatal Error] :1:1: Premature end of file.
2025-07-22 21:22:02,885 [ERROR] LogOutputStream:75 - [STDERR_REDIRECT] 
2025-07-22 21:22:02,909 [ERROR] LogOutputStream:75 - [STDERR_REDIRECT] [Fatal Error] :1:1: Premature end of file.
2025-07-22 21:22:02,909 [ERROR] LogOutputStream:75 - [STDERR_REDIRECT] 
2025-07-22 21:22:02,932 [ERROR] LogOutputStream:75 - [STDERR_REDIRECT] [Fatal Error] :1:1: Premature end of file.
2025-07-22 21:22:02,932 [ERROR] LogOutputStream:75 - [STDERR_REDIRECT] 
2025-07-22 21:22:02,954 [ERROR] LogOutputStream:75 - [STDERR_REDIRECT] [Fatal Error] :1:1: Premature end of file.
2025-07-22 21:22:02,963 [ERROR] LogOutputStream:75 - [STDERR_REDIRECT] 
2025-07-22 21:22:02,989 [ERROR] LogOutputStream:75 - [STDERR_REDIRECT] [Fatal Error] :1:1: Premature end of file.
2025-07-22 21:22:02,989 [ERROR] LogOutputStream:75 - [STDERR_REDIRECT] 
2025-07-22 21:22:03,013 [ERROR] LogOutputStream:75 - [STDERR_REDIRECT] [Fatal Error] :1:1: Premature end of file.
2025-07-22 21:22:03,013 [ERROR] LogOutputStream:75 - [STDERR_REDIRECT] 
2025-07-22 21:22:03,038 [ERROR] LogOutputStream:75 - [STDERR_REDIRECT] [Fatal Error] :1:1: Premature end of file.
2025-07-22 21:22:03,038 [ERROR] LogOutputStream:75 - [STDERR_REDIRECT] 
2025-07-22 21:22:03,062 [ERROR] LogOutputStream:75 - [STDERR_REDIRECT] [Fatal Error] :1:1: Premature end of file.
2025-07-22 21:22:03,062 [ERROR] LogOutputStream:75 - [STDERR_REDIRECT] 
2025-07-22 21:22:03,090 [ERROR] LogOutputStream:75 - [STDERR_REDIRECT] [Fatal Error] :1:1: Premature end of file.
2025-07-22 21:22:03,090 [ERROR] LogOutputStream:75 - [STDERR_REDIRECT] 
2025-07-22 21:22:03,118 [ERROR] LogOutputStream:75 - [STDERR_REDIRECT] [Fatal Error] :1:1: Premature end of file.
2025-07-22 21:22:03,118 [ERROR] LogOutputStream:75 - [STDERR_REDIRECT] 
2025-07-22 21:22:03,152 [ERROR] LogOutputStream:75 - [STDERR_REDIRECT] [Fatal Error] :1:1: Premature end of file.
2025-07-22 21:22:03,152 [ERROR] LogOutputStream:75 - [STDERR_REDIRECT] 
2025-07-22 21:22:03,191 [ERROR] LogOutputStream:75 - [STDERR_REDIRECT] [Fatal Error] :1:1: Premature end of file.
2025-07-22 21:22:03,191 [ERROR] LogOutputStream:75 - [STDERR_REDIRECT] 
2025-07-22 21:22:03,219 [ERROR] LogOutputStream:75 - [STDERR_REDIRECT] [Fatal Error] :1:1: Premature end of file.
2025-07-22 21:22:03,219 [ERROR] LogOutputStream:75 - [STDERR_REDIRECT] 
2025-07-22 21:22:03,247 [ERROR] LogOutputStream:75 - [STDERR_REDIRECT] [Fatal Error] :1:1: Premature end of file.
2025-07-22 21:22:03,247 [ERROR] LogOutputStream:75 - [STDERR_REDIRECT] 
2025-07-22 21:22:03,275 [ERROR] LogOutputStream:75 - [STDERR_REDIRECT] [Fatal Error] :1:1: Premature end of file.
2025-07-22 21:22:03,275 [ERROR] LogOutputStream:75 - [STDERR_REDIRECT] 
2025-07-22 21:22:03,306 [ERROR] LogOutputStream:75 - [STDERR_REDIRECT] [Fatal Error] :1:1: Premature end of file.
2025-07-22 21:22:03,307 [ERROR] LogOutputStream:75 - [STDERR_REDIRECT] 
2025-07-22 21:22:03,335 [ERROR] LogOutputStream:75 - [STDERR_REDIRECT] [Fatal Error] :1:1: Premature end of file.
2025-07-22 21:22:03,336 [ERROR] LogOutputStream:75 - [STDERR_REDIRECT] 
2025-07-22 21:22:03,362 [ERROR] LogOutputStream:75 - [STDERR_REDIRECT] [Fatal Error] :1:1: Premature end of file.
2025-07-22 21:22:03,362 [ERROR] LogOutputStream:75 - [STDERR_REDIRECT] 
2025-07-22 21:22:03,387 [ERROR] LogOutputStream:75 - [STDERR_REDIRECT] [Fatal Error] :1:1: Premature end of file.
2025-07-22 21:22:03,387 [ERROR] LogOutputStream:75 - [STDERR_REDIRECT] 
2025-07-22 21:22:03,413 [ERROR] LogOutputStream:75 - [STDERR_REDIRECT] [Fatal Error] :1:1: Premature end of file.
2025-07-22 21:22:03,413 [ERROR] LogOutputStream:75 - [STDERR_REDIRECT] 
2025-07-22 21:22:03,444 [ERROR] LogOutputStream:75 - [STDERR_REDIRECT] [Fatal Error] :1:1: Premature end of file.
2025-07-22 21:22:03,444 [ERROR] LogOutputStream:75 - [STDERR_REDIRECT] 
2025-07-22 21:22:03,468 [ERROR] LogOutputStream:75 - [STDERR_REDIRECT] [Fatal Error] :1:1: Premature end of file.
2025-07-22 21:22:03,468 [ERROR] LogOutputStream:75 - [STDERR_REDIRECT] 
2025-07-22 21:22:03,492 [ERROR] LogOutputStream:75 - [STDERR_REDIRECT] [Fatal Error] :1:1: Premature end of file.
2025-07-22 21:22:03,492 [ERROR] LogOutputStream:75 - [STDERR_REDIRECT] 
2025-07-22 21:22:03,518 [ERROR] LogOutputStream:75 - [STDERR_REDIRECT] [Fatal Error] :1:1: Premature end of file.
2025-07-22 21:22:03,518 [ERROR] LogOutputStream:75 - [STDERR_REDIRECT] 
2025-07-22 21:22:03,541 [ERROR] LogOutputStream:75 - [STDERR_REDIRECT] [Fatal Error] :1:1: Premature end of file.
2025-07-22 21:22:03,541 [ERROR] LogOutputStream:75 - [STDERR_REDIRECT] 
2025-07-22 21:22:03,566 [ERROR] LogOutputStream:75 - [STDERR_REDIRECT] [Fatal Error] :1:1: Premature end of file.
2025-07-22 21:22:03,567 [ERROR] LogOutputStream:75 - [STDERR_REDIRECT] 
2025-07-22 21:22:03,590 [ERROR] LogOutputStream:75 - [STDERR_REDIRECT] [Fatal Error] :1:1: Premature end of file.
2025-07-22 21:22:03,590 [ERROR] LogOutputStream:75 - [STDERR_REDIRECT] 
2025-07-22 21:22:03,615 [ERROR] LogOutputStream:75 - [STDERR_REDIRECT] [Fatal Error] :1:1: Premature end of file.
2025-07-22 21:22:03,615 [ERROR] LogOutputStream:75 - [STDERR_REDIRECT] 
2025-07-22 21:22:03,638 [ERROR] LogOutputStream:75 - [STDERR_REDIRECT] [Fatal Error] :1:1: Premature end of file.
2025-07-22 21:22:03,638 [ERROR] LogOutputStream:75 - [STDERR_REDIRECT] 
2025-07-22 21:22:03,664 [ERROR] LogOutputStream:75 - [STDERR_REDIRECT] [Fatal Error] :1:1: Premature end of file.
2025-07-22 21:22:03,664 [ERROR] LogOutputStream:75 - [STDERR_REDIRECT] 
2025-07-22 21:22:03,690 [ERROR] LogOutputStream:75 - [STDERR_REDIRECT] [Fatal Error] :1:1: Premature end of file.
2025-07-22 21:22:03,690 [ERROR] LogOutputStream:75 - [STDERR_REDIRECT] 
2025-07-22 21:22:03,716 [ERROR] LogOutputStream:75 - [STDERR_REDIRECT] [Fatal Error] :1:1: Premature end of file.
2025-07-22 21:22:03,716 [ERROR] LogOutputStream:75 - [STDERR_REDIRECT] 
2025-07-22 21:22:03,742 [ERROR] LogOutputStream:75 - [STDERR_REDIRECT] [Fatal Error] :1:1: Premature end of file.
2025-07-22 21:22:03,743 [ERROR] LogOutputStream:75 - [STDERR_REDIRECT] 
2025-07-22 21:22:03,771 [ERROR] LogOutputStream:75 - [STDERR_REDIRECT] [Fatal Error] :1:1: Premature end of file.
2025-07-22 21:22:03,771 [ERROR] LogOutputStream:75 - [STDERR_REDIRECT] 
2025-07-22 21:22:03,801 [ERROR] LogOutputStream:75 - [STDERR_REDIRECT] [Fatal Error] :1:1: Premature end of file.
2025-07-22 21:22:03,801 [ERROR] LogOutputStream:75 - [STDERR_REDIRECT] 
2025-07-22 21:22:03,825 [ERROR] LogOutputStream:75 - [STDERR_REDIRECT] [Fatal Error] :1:1: Premature end of file.
2025-07-22 21:22:03,826 [ERROR] LogOutputStream:75 - [STDERR_REDIRECT] 
2025-07-22 21:22:03,852 [ERROR] LogOutputStream:75 - [STDERR_REDIRECT] [Fatal Error] :1:1: Premature end of file.
2025-07-22 21:22:03,852 [ERROR] LogOutputStream:75 - [STDERR_REDIRECT] 
2025-07-22 21:22:03,877 [ERROR] LogOutputStream:75 - [STDERR_REDIRECT] [Fatal Error] :1:1: Premature end of file.
2025-07-22 21:22:03,878 [ERROR] LogOutputStream:75 - [STDERR_REDIRECT] 
2025-07-22 21:22:03,902 [ERROR] LogOutputStream:75 - [STDERR_REDIRECT] [Fatal Error] :1:1: Premature end of file.
2025-07-22 21:22:03,903 [ERROR] LogOutputStream:75 - [STDERR_REDIRECT] 
2025-07-22 21:22:03,929 [ERROR] LogOutputStream:75 - [STDERR_REDIRECT] [Fatal Error] :1:1: Premature end of file.
2025-07-22 21:22:03,929 [ERROR] LogOutputStream:75 - [STDERR_REDIRECT] 
2025-07-22 21:22:03,957 [ERROR] LogOutputStream:75 - [STDERR_REDIRECT] [Fatal Error] :1:1: Premature end of file.
2025-07-22 21:22:03,957 [ERROR] LogOutputStream:75 - [STDERR_REDIRECT] 
2025-07-22 21:22:03,984 [ERROR] LogOutputStream:75 - [STDERR_REDIRECT] [Fatal Error] :1:1: Premature end of file.
2025-07-22 21:22:03,984 [ERROR] LogOutputStream:75 - [STDERR_REDIRECT] 
2025-07-22 21:22:04,009 [ERROR] LogOutputStream:75 - [STDERR_REDIRECT] [Fatal Error] :1:1: Premature end of file.
2025-07-22 21:22:04,009 [ERROR] LogOutputStream:75 - [STDERR_REDIRECT] 
2025-07-22 21:22:04,040 [ERROR] LogOutputStream:75 - [STDERR_REDIRECT] [Fatal Error] :1:1: Premature end of file.
2025-07-22 21:22:04,040 [ERROR] LogOutputStream:75 - [STDERR_REDIRECT] 
2025-07-22 21:22:04,070 [ERROR] LogOutputStream:75 - [STDERR_REDIRECT] [Fatal Error] :1:1: Premature end of file.
2025-07-22 21:22:04,070 [ERROR] LogOutputStream:75 - [STDERR_REDIRECT] 
2025-07-22 21:22:04,099 [ERROR] LogOutputStream:75 - [STDERR_REDIRECT] [Fatal Error] :1:1: Premature end of file.
2025-07-22 21:22:04,099 [ERROR] LogOutputStream:75 - [STDERR_REDIRECT] 
2025-07-22 21:22:04,131 [ERROR] LogOutputStream:75 - [STDERR_REDIRECT] [Fatal Error] :1:1: Premature end of file.
2025-07-22 21:22:04,131 [ERROR] LogOutputStream:75 - [STDERR_REDIRECT] 
2025-07-22 21:22:04,160 [ERROR] LogOutputStream:75 - [STDERR_REDIRECT] [Fatal Error] :1:1: Premature end of file.
2025-07-22 21:22:04,160 [ERROR] LogOutputStream:75 - [STDERR_REDIRECT] 
2025-07-22 21:22:04,186 [ERROR] LogOutputStream:75 - [STDERR_REDIRECT] [Fatal Error] :1:1: Premature end of file.
2025-07-22 21:22:04,186 [ERROR] LogOutputStream:75 - [STDERR_REDIRECT] 
2025-07-22 21:22:04,213 [ERROR] LogOutputStream:75 - [STDERR_REDIRECT] [Fatal Error] :1:1: Premature end of file.
2025-07-22 21:22:04,214 [ERROR] LogOutputStream:75 - [STDERR_REDIRECT] 
2025-07-22 21:22:04,238 [ERROR] LogOutputStream:75 - [STDERR_REDIRECT] [Fatal Error] :1:1: Premature end of file.
2025-07-22 21:22:04,238 [ERROR] LogOutputStream:75 - [STDERR_REDIRECT] 
2025-07-22 21:22:04,273 [ERROR] LogOutputStream:75 - [STDERR_REDIRECT] [Fatal Error] :1:1: Premature end of file.
2025-07-22 21:22:04,273 [ERROR] LogOutputStream:75 - [STDERR_REDIRECT] 
2025-07-22 21:22:04,305 [ERROR] LogOutputStream:75 - [STDERR_REDIRECT] [Fatal Error] :1:1: Premature end of file.
2025-07-22 21:22:04,305 [ERROR] LogOutputStream:75 - [STDERR_REDIRECT] 
2025-07-22 21:22:04,339 [ERROR] LogOutputStream:75 - [STDERR_REDIRECT] [Fatal Error] :1:1: Premature end of file.
2025-07-22 21:22:04,340 [ERROR] LogOutputStream:75 - [STDERR_REDIRECT] 
2025-07-22 21:22:04,368 [ERROR] LogOutputStream:75 - [STDERR_REDIRECT] [Fatal Error] :1:1: Premature end of file.
2025-07-22 21:22:04,368 [ERROR] LogOutputStream:75 - [STDERR_REDIRECT] 
2025-07-22 21:22:04,395 [ERROR] LogOutputStream:75 - [STDERR_REDIRECT] [Fatal Error] :1:1: Premature end of file.
2025-07-22 21:22:04,395 [ERROR] LogOutputStream:75 - [STDERR_REDIRECT] 
2025-07-22 21:22:04,422 [ERROR] LogOutputStream:75 - [STDERR_REDIRECT] [Fatal Error] :1:1: Premature end of file.
2025-07-22 21:22:04,422 [ERROR] LogOutputStream:75 - [STDERR_REDIRECT] 
2025-07-22 21:22:04,450 [ERROR] LogOutputStream:75 - [STDERR_REDIRECT] [Fatal Error] :1:1: Premature end of file.
2025-07-22 21:22:04,450 [ERROR] LogOutputStream:75 - [STDERR_REDIRECT] 
2025-07-22 21:22:04,474 [ERROR] LogOutputStream:75 - [STDERR_REDIRECT] [Fatal Error] :1:1: Premature end of file.
2025-07-22 21:22:04,474 [ERROR] LogOutputStream:75 - [STDERR_REDIRECT] 
2025-07-22 21:22:04,498 [ERROR] LogOutputStream:75 - [STDERR_REDIRECT] [Fatal Error] :1:1: Premature end of file.
2025-07-22 21:22:04,498 [ERROR] LogOutputStream:75 - [STDERR_REDIRECT] 
2025-07-22 21:22:04,522 [ERROR] LogOutputStream:75 - [STDERR_REDIRECT] [Fatal Error] :1:1: Premature end of file.
2025-07-22 21:22:04,522 [ERROR] LogOutputStream:75 - [STDERR_REDIRECT] 
2025-07-22 21:22:04,547 [ERROR] LogOutputStream:75 - [STDERR_REDIRECT] [Fatal Error] :1:1: Premature end of file.
2025-07-22 21:22:04,547 [ERROR] LogOutputStream:75 - [STDERR_REDIRECT] 
2025-07-22 21:22:04,572 [ERROR] LogOutputStream:75 - [STDERR_REDIRECT] [Fatal Error] :1:1: Premature end of file.
2025-07-22 21:22:04,573 [ERROR] LogOutputStream:75 - [STDERR_REDIRECT] 
2025-07-22 21:22:04,596 [ERROR] LogOutputStream:75 - [STDERR_REDIRECT] [Fatal Error] :1:1: Premature end of file.
2025-07-22 21:22:04,596 [ERROR] LogOutputStream:75 - [STDERR_REDIRECT] 
2025-07-22 21:22:04,620 [ERROR] LogOutputStream:75 - [STDERR_REDIRECT] [Fatal Error] :1:1: Premature end of file.
2025-07-22 21:22:04,620 [ERROR] LogOutputStream:75 - [STDERR_REDIRECT] 
2025-07-22 21:22:04,642 [ERROR] LogOutputStream:75 - [STDERR_REDIRECT] [Fatal Error] :1:1: Premature end of file.
2025-07-22 21:22:04,642 [ERROR] LogOutputStream:75 - [STDERR_REDIRECT] 
2025-07-22 21:22:04,668 [ERROR] LogOutputStream:75 - [STDERR_REDIRECT] [Fatal Error] :1:1: Premature end of file.
2025-07-22 21:22:04,668 [ERROR] LogOutputStream:75 - [STDERR_REDIRECT] 
2025-07-22 21:22:04,693 [ERROR] LogOutputStream:75 - [STDERR_REDIRECT] [Fatal Error] :1:1: Premature end of file.
2025-07-22 21:22:04,693 [ERROR] LogOutputStream:75 - [STDERR_REDIRECT] 
2025-07-22 21:22:04,721 [ERROR] LogOutputStream:75 - [STDERR_REDIRECT] [Fatal Error] :1:1: Premature end of file.
2025-07-22 21:22:04,721 [ERROR] LogOutputStream:75 - [STDERR_REDIRECT] 
2025-07-22 21:22:04,748 [ERROR] LogOutputStream:75 - [STDERR_REDIRECT] [Fatal Error] :1:1: Premature end of file.
2025-07-22 21:22:04,748 [ERROR] LogOutputStream:75 - [STDERR_REDIRECT] 
2025-07-22 21:22:04,773 [ERROR] LogOutputStream:75 - [STDERR_REDIRECT] [Fatal Error] :1:1: Premature end of file.
2025-07-22 21:22:04,773 [ERROR] LogOutputStream:75 - [STDERR_REDIRECT] 
2025-07-22 21:22:04,799 [ERROR] LogOutputStream:75 - [STDERR_REDIRECT] [Fatal Error] :1:1: Premature end of file.
2025-07-22 21:22:04,799 [ERROR] LogOutputStream:75 - [STDERR_REDIRECT] 
2025-07-22 21:22:04,825 [ERROR] LogOutputStream:75 - [STDERR_REDIRECT] [Fatal Error] :1:1: Premature end of file.
2025-07-22 21:22:04,825 [ERROR] LogOutputStream:75 - [STDERR_REDIRECT] 
2025-07-22 21:22:04,852 [ERROR] LogOutputStream:75 - [STDERR_REDIRECT] [Fatal Error] :1:1: Premature end of file.
2025-07-22 21:22:04,852 [ERROR] LogOutputStream:75 - [STDERR_REDIRECT] 
2025-07-22 21:22:04,876 [ERROR] LogOutputStream:75 - [STDERR_REDIRECT] [Fatal Error] :1:1: Premature end of file.
2025-07-22 21:22:04,876 [ERROR] LogOutputStream:75 - [STDERR_REDIRECT] 
2025-07-22 21:22:04,906 [ERROR] LogOutputStream:75 - [STDERR_REDIRECT] [Fatal Error] :1:1: Premature end of file.
2025-07-22 21:22:04,907 [ERROR] LogOutputStream:75 - [STDERR_REDIRECT] 
2025-07-22 21:22:04,937 [ERROR] LogOutputStream:75 - [STDERR_REDIRECT] [Fatal Error] :1:1: Premature end of file.
2025-07-22 21:22:04,937 [ERROR] LogOutputStream:75 - [STDERR_REDIRECT] 
2025-07-22 21:22:04,964 [ERROR] LogOutputStream:75 - [STDERR_REDIRECT] [Fatal Error] :1:1: Premature end of file.
2025-07-22 21:22:04,964 [ERROR] LogOutputStream:75 - [STDERR_REDIRECT] 
2025-07-22 21:22:04,991 [ERROR] LogOutputStream:75 - [STDERR_REDIRECT] [Fatal Error] :1:1: Premature end of file.
2025-07-22 21:22:04,991 [ERROR] LogOutputStream:75 - [STDERR_REDIRECT] 
2025-07-22 21:22:05,018 [ERROR] LogOutputStream:75 - [STDERR_REDIRECT] [Fatal Error] :1:1: Premature end of file.
2025-07-22 21:22:05,018 [ERROR] LogOutputStream:75 - [STDERR_REDIRECT] 
2025-07-22 21:22:05,044 [ERROR] LogOutputStream:75 - [STDERR_REDIRECT] [Fatal Error] :1:1: Premature end of file.
2025-07-22 21:22:05,044 [ERROR] LogOutputStream:75 - [STDERR_REDIRECT] 
2025-07-22 21:22:05,068 [ERROR] LogOutputStream:75 - [STDERR_REDIRECT] [Fatal Error] :1:1: Premature end of file.
2025-07-22 21:22:05,068 [ERROR] LogOutputStream:75 - [STDERR_REDIRECT] 
2025-07-22 21:22:05,094 [ERROR] LogOutputStream:75 - [STDERR_REDIRECT] [Fatal Error] :1:1: Premature end of file.
2025-07-22 21:22:05,094 [ERROR] LogOutputStream:75 - [STDERR_REDIRECT] 
2025-07-22 21:22:05,120 [ERROR] LogOutputStream:75 - [STDERR_REDIRECT] [Fatal Error] :1:1: Premature end of file.
2025-07-22 21:22:05,120 [ERROR] LogOutputStream:75 - [STDERR_REDIRECT] 
2025-07-22 21:22:05,145 [ERROR] LogOutputStream:75 - [STDERR_REDIRECT] [Fatal Error] :1:1: Premature end of file.
2025-07-22 21:22:05,147 [ERROR] LogOutputStream:75 - [STDERR_REDIRECT] 
2025-07-22 21:22:05,170 [ERROR] LogOutputStream:75 - [STDERR_REDIRECT] [Fatal Error] :1:1: Premature end of file.
2025-07-22 21:22:05,170 [ERROR] LogOutputStream:75 - [STDERR_REDIRECT] 
2025-07-22 21:22:05,193 [ERROR] LogOutputStream:75 - [STDERR_REDIRECT] [Fatal Error] :1:1: Premature end of file.
2025-07-22 21:22:05,193 [ERROR] LogOutputStream:75 - [STDERR_REDIRECT] 
2025-07-22 21:22:05,219 [ERROR] LogOutputStream:75 - [STDERR_REDIRECT] [Fatal Error] :1:1: Premature end of file.
2025-07-22 21:22:05,219 [ERROR] LogOutputStream:75 - [STDERR_REDIRECT] 
2025-07-22 21:22:05,244 [ERROR] LogOutputStream:75 - [STDERR_REDIRECT] [Fatal Error] :1:1: Premature end of file.
2025-07-22 21:22:05,244 [ERROR] LogOutputStream:75 - [STDERR_REDIRECT] 
2025-07-22 21:22:05,270 [ERROR] LogOutputStream:75 - [STDERR_REDIRECT] [Fatal Error] :1:1: Premature end of file.
2025-07-22 21:22:05,270 [ERROR] LogOutputStream:75 - [STDERR_REDIRECT] 
2025-07-22 21:22:05,298 [ERROR] LogOutputStream:75 - [STDERR_REDIRECT] [Fatal Error] :1:1: Premature end of file.
2025-07-22 21:22:05,299 [ERROR] LogOutputStream:75 - [STDERR_REDIRECT] 
2025-07-22 21:22:05,325 [ERROR] LogOutputStream:75 - [STDERR_REDIRECT] [Fatal Error] :1:1: Premature end of file.
2025-07-22 21:22:05,325 [ERROR] LogOutputStream:75 - [STDERR_REDIRECT] 
2025-07-22 21:22:05,355 [ERROR] LogOutputStream:75 - [STDERR_REDIRECT] [Fatal Error] :1:1: Premature end of file.
2025-07-22 21:22:05,355 [ERROR] LogOutputStream:75 - [STDERR_REDIRECT] 
2025-07-22 21:22:05,389 [ERROR] LogOutputStream:75 - [STDERR_REDIRECT] [Fatal Error] :1:1: Premature end of file.
2025-07-22 21:22:05,389 [ERROR] LogOutputStream:75 - [STDERR_REDIRECT] 
2025-07-22 21:22:05,416 [ERROR] LogOutputStream:75 - [STDERR_REDIRECT] [Fatal Error] :1:1: Premature end of file.
2025-07-22 21:22:05,417 [ERROR] LogOutputStream:75 - [STDERR_REDIRECT] 
2025-07-22 21:22:05,442 [ERROR] LogOutputStream:75 - [STDERR_REDIRECT] [Fatal Error] :1:1: Premature end of file.
2025-07-22 21:22:05,442 [ERROR] LogOutputStream:75 - [STDERR_REDIRECT] 
2025-07-22 21:22:05,471 [ERROR] LogOutputStream:75 - [STDERR_REDIRECT] [Fatal Error] :1:1: Premature end of file.
2025-07-22 21:22:05,471 [ERROR] LogOutputStream:75 - [STDERR_REDIRECT] 
2025-07-22 21:22:05,497 [ERROR] LogOutputStream:75 - [STDERR_REDIRECT] [Fatal Error] :1:1: Premature end of file.
2025-07-22 21:22:05,497 [ERROR] LogOutputStream:75 - [STDERR_REDIRECT] 
2025-07-22 21:22:05,525 [ERROR] LogOutputStream:75 - [STDERR_REDIRECT] [Fatal Error] :1:1: Premature end of file.
2025-07-22 21:22:05,525 [ERROR] LogOutputStream:75 - [STDERR_REDIRECT] 
2025-07-22 21:22:05,554 [ERROR] LogOutputStream:75 - [STDERR_REDIRECT] [Fatal Error] :1:1: Premature end of file.
2025-07-22 21:22:05,554 [ERROR] LogOutputStream:75 - [STDERR_REDIRECT] 
2025-07-22 21:22:05,582 [ERROR] LogOutputStream:75 - [STDERR_REDIRECT] [Fatal Error] :1:1: Premature end of file.
2025-07-22 21:22:05,582 [ERROR] LogOutputStream:75 - [STDERR_REDIRECT] 
2025-07-22 21:22:05,609 [ERROR] LogOutputStream:75 - [STDERR_REDIRECT] [Fatal Error] :1:1: Premature end of file.
2025-07-22 21:22:05,609 [ERROR] LogOutputStream:75 - [STDERR_REDIRECT] 
2025-07-22 21:22:05,637 [ERROR] LogOutputStream:75 - [STDERR_REDIRECT] [Fatal Error] :1:1: Premature end of file.
2025-07-22 21:22:05,637 [ERROR] LogOutputStream:75 - [STDERR_REDIRECT] 
2025-07-22 21:22:05,667 [ERROR] LogOutputStream:75 - [STDERR_REDIRECT] [Fatal Error] :1:1: Premature end of file.
2025-07-22 21:22:05,667 [ERROR] LogOutputStream:75 - [STDERR_REDIRECT] 
2025-07-22 21:22:05,695 [ERROR] LogOutputStream:75 - [STDERR_REDIRECT] [Fatal Error] :1:1: Premature end of file.
2025-07-22 21:22:05,695 [ERROR] LogOutputStream:75 - [STDERR_REDIRECT] 
2025-07-22 21:22:05,724 [ERROR] LogOutputStream:75 - [STDERR_REDIRECT] [Fatal Error] :1:1: Premature end of file.
2025-07-22 21:22:05,724 [ERROR] LogOutputStream:75 - [STDERR_REDIRECT] 
2025-07-22 21:22:05,755 [ERROR] LogOutputStream:75 - [STDERR_REDIRECT] [Fatal Error] :1:1: Premature end of file.
2025-07-22 21:22:05,755 [ERROR] LogOutputStream:75 - [STDERR_REDIRECT] 
2025-07-22 21:22:05,785 [ERROR] LogOutputStream:75 - [STDERR_REDIRECT] [Fatal Error] :1:1: Premature end of file.
2025-07-22 21:22:05,785 [ERROR] LogOutputStream:75 - [STDERR_REDIRECT] 
2025-07-22 21:22:05,812 [ERROR] LogOutputStream:75 - [STDERR_REDIRECT] [Fatal Error] :1:1: Premature end of file.
2025-07-22 21:22:05,812 [ERROR] LogOutputStream:75 - [STDERR_REDIRECT] 
2025-07-22 21:22:05,843 [ERROR] LogOutputStream:75 - [STDERR_REDIRECT] [Fatal Error] :1:1: Premature end of file.
2025-07-22 21:22:05,844 [ERROR] LogOutputStream:75 - [STDERR_REDIRECT] 
2025-07-22 21:22:05,875 [ERROR] LogOutputStream:75 - [STDERR_REDIRECT] [Fatal Error] :1:1: Premature end of file.
2025-07-22 21:22:05,876 [ERROR] LogOutputStream:75 - [STDERR_REDIRECT] 
2025-07-22 21:22:05,904 [ERROR] LogOutputStream:75 - [STDERR_REDIRECT] [Fatal Error] :1:1: Premature end of file.
2025-07-22 21:22:05,904 [ERROR] LogOutputStream:75 - [STDERR_REDIRECT] 
2025-07-22 21:22:05,930 [ERROR] LogOutputStream:75 - [STDERR_REDIRECT] [Fatal Error] :1:1: Premature end of file.
2025-07-22 21:22:05,930 [ERROR] LogOutputStream:75 - [STDERR_REDIRECT] 
2025-07-22 21:22:05,958 [ERROR] LogOutputStream:75 - [STDERR_REDIRECT] [Fatal Error] :1:1: Premature end of file.
2025-07-22 21:22:05,958 [ERROR] LogOutputStream:75 - [STDERR_REDIRECT] 
2025-07-22 21:22:05,986 [ERROR] LogOutputStream:75 - [STDERR_REDIRECT] [Fatal Error] :1:1: Premature end of file.
2025-07-22 21:22:05,986 [ERROR] LogOutputStream:75 - [STDERR_REDIRECT] 
2025-07-22 21:22:06,012 [ERROR] LogOutputStream:75 - [STDERR_REDIRECT] [Fatal Error] :1:1: Premature end of file.
2025-07-22 21:22:06,013 [ERROR] LogOutputStream:75 - [STDERR_REDIRECT] 
2025-07-22 21:22:06,038 [ERROR] LogOutputStream:75 - [STDERR_REDIRECT] [Fatal Error] :1:1: Premature end of file.
2025-07-22 21:22:06,038 [ERROR] LogOutputStream:75 - [STDERR_REDIRECT] 
2025-07-22 21:22:06,066 [ERROR] LogOutputStream:75 - [STDERR_REDIRECT] [Fatal Error] :1:1: Premature end of file.
2025-07-22 21:22:06,066 [ERROR] LogOutputStream:75 - [STDERR_REDIRECT] 
2025-07-22 21:22:06,092 [ERROR] LogOutputStream:75 - [STDERR_REDIRECT] [Fatal Error] :1:1: Premature end of file.
2025-07-22 21:22:06,092 [ERROR] LogOutputStream:75 - [STDERR_REDIRECT] 
2025-07-22 21:22:06,117 [ERROR] LogOutputStream:75 - [STDERR_REDIRECT] [Fatal Error] :1:1: Premature end of file.
2025-07-22 21:22:06,117 [ERROR] LogOutputStream:75 - [STDERR_REDIRECT] 
2025-07-22 21:22:06,142 [ERROR] LogOutputStream:75 - [STDERR_REDIRECT] [Fatal Error] :1:1: Premature end of file.
2025-07-22 21:22:06,142 [ERROR] LogOutputStream:75 - [STDERR_REDIRECT] 
2025-07-22 21:22:06,167 [ERROR] LogOutputStream:75 - [STDERR_REDIRECT] [Fatal Error] :1:1: Premature end of file.
2025-07-22 21:22:06,168 [ERROR] LogOutputStream:75 - [STDERR_REDIRECT] 
2025-07-22 21:22:06,192 [ERROR] LogOutputStream:75 - [STDERR_REDIRECT] [Fatal Error] :1:1: Premature end of file.
2025-07-22 21:22:06,193 [ERROR] LogOutputStream:75 - [STDERR_REDIRECT] 
2025-07-22 21:22:06,218 [ERROR] LogOutputStream:75 - [STDERR_REDIRECT] [Fatal Error] :1:1: Premature end of file.
2025-07-22 21:22:06,218 [ERROR] LogOutputStream:75 - [STDERR_REDIRECT] 
2025-07-22 21:22:06,243 [ERROR] LogOutputStream:75 - [STDERR_REDIRECT] [Fatal Error] :1:1: Premature end of file.
2025-07-22 21:22:06,243 [ERROR] LogOutputStream:75 - [STDERR_REDIRECT] 
2025-07-22 21:22:06,270 [ERROR] LogOutputStream:75 - [STDERR_REDIRECT] [Fatal Error] :1:1: Premature end of file.
2025-07-22 21:22:06,270 [ERROR] LogOutputStream:75 - [STDERR_REDIRECT] 
2025-07-22 21:22:06,297 [ERROR] LogOutputStream:75 - [STDERR_REDIRECT] [Fatal Error] :1:1: Premature end of file.
2025-07-22 21:22:06,297 [ERROR] LogOutputStream:75 - [STDERR_REDIRECT] 
2025-07-22 21:22:06,324 [ERROR] LogOutputStream:75 - [STDERR_REDIRECT] [Fatal Error] :1:1: Premature end of file.
2025-07-22 21:22:06,324 [ERROR] LogOutputStream:75 - [STDERR_REDIRECT] 
2025-07-22 21:22:06,351 [ERROR] LogOutputStream:75 - [STDERR_REDIRECT] [Fatal Error] :1:1: Premature end of file.
2025-07-22 21:22:06,351 [ERROR] LogOutputStream:75 - [STDERR_REDIRECT] 
2025-07-22 21:22:06,375 [ERROR] LogOutputStream:75 - [STDERR_REDIRECT] [Fatal Error] :1:1: Premature end of file.
2025-07-22 21:22:06,375 [ERROR] LogOutputStream:75 - [STDERR_REDIRECT] 
2025-07-22 21:22:06,407 [ERROR] LogOutputStream:75 - [STDERR_REDIRECT] [Fatal Error] :1:1: Premature end of file.
2025-07-22 21:22:06,407 [ERROR] LogOutputStream:75 - [STDERR_REDIRECT] 
2025-07-22 21:22:06,432 [ERROR] LogOutputStream:75 - [STDERR_REDIRECT] [Fatal Error] :1:1: Premature end of file.
2025-07-22 21:22:06,434 [ERROR] LogOutputStream:75 - [STDERR_REDIRECT] 
2025-07-22 21:22:06,468 [ERROR] LogOutputStream:75 - [STDERR_REDIRECT] [Fatal Error] :1:1: Premature end of file.
2025-07-22 21:22:06,468 [ERROR] LogOutputStream:75 - [STDERR_REDIRECT] 
2025-07-22 21:22:06,494 [ERROR] LogOutputStream:75 - [STDERR_REDIRECT] [Fatal Error] :1:1: Premature end of file.
2025-07-22 21:22:06,494 [ERROR] LogOutputStream:75 - [STDERR_REDIRECT] 
2025-07-22 21:22:06,525 [ERROR] LogOutputStream:75 - [STDERR_REDIRECT] [Fatal Error] :1:1: Premature end of file.
2025-07-22 21:22:06,526 [ERROR] LogOutputStream:75 - [STDERR_REDIRECT] 
2025-07-22 21:22:06,557 [ERROR] LogOutputStream:75 - [STDERR_REDIRECT] [Fatal Error] :1:1: Premature end of file.
2025-07-22 21:22:06,557 [ERROR] LogOutputStream:75 - [STDERR_REDIRECT] 
2025-07-22 21:22:06,598 [ERROR] LogOutputStream:75 - [STDERR_REDIRECT] [Fatal Error] :1:1: Premature end of file.
2025-07-22 21:22:06,599 [ERROR] LogOutputStream:75 - [STDERR_REDIRECT] 
2025-07-22 21:22:06,636 [ERROR] LogOutputStream:75 - [STDERR_REDIRECT] [Fatal Error] :1:1: Premature end of file.
2025-07-22 21:22:06,636 [ERROR] LogOutputStream:75 - [STDERR_REDIRECT] 
2025-07-22 21:22:06,670 [ERROR] LogOutputStream:75 - [STDERR_REDIRECT] [Fatal Error] :1:1: Premature end of file.
2025-07-22 21:22:06,670 [ERROR] LogOutputStream:75 - [STDERR_REDIRECT] 
2025-07-22 21:22:06,740 [ERROR] LogOutputStream:75 - [STDERR_REDIRECT] [Fatal Error] :1:1: Premature end of file.
2025-07-22 21:22:06,740 [ERROR] LogOutputStream:75 - [STDERR_REDIRECT] 
2025-07-22 21:22:06,771 [ERROR] LogOutputStream:75 - [STDERR_REDIRECT] [Fatal Error] :1:1: Premature end of file.
2025-07-22 21:22:06,771 [ERROR] LogOutputStream:75 - [STDERR_REDIRECT] 
2025-07-22 21:22:06,803 [ERROR] LogOutputStream:75 - [STDERR_REDIRECT] [Fatal Error] :1:1: Premature end of file.
2025-07-22 21:22:06,803 [ERROR] LogOutputStream:75 - [STDERR_REDIRECT] 
2025-07-22 21:22:06,833 [ERROR] LogOutputStream:75 - [STDERR_REDIRECT] [Fatal Error] :1:1: Premature end of file.
2025-07-22 21:22:06,833 [ERROR] LogOutputStream:75 - [STDERR_REDIRECT] 
2025-07-22 21:22:06,859 [ERROR] LogOutputStream:75 - [STDERR_REDIRECT] [Fatal Error] :1:1: Premature end of file.
2025-07-22 21:22:06,859 [ERROR] LogOutputStream:75 - [STDERR_REDIRECT] 
2025-07-22 21:22:06,888 [ERROR] LogOutputStream:75 - [STDERR_REDIRECT] [Fatal Error] :1:1: Premature end of file.
2025-07-22 21:22:06,888 [ERROR] LogOutputStream:75 - [STDERR_REDIRECT] 
2025-07-22 21:22:06,919 [ERROR] LogOutputStream:75 - [STDERR_REDIRECT] [Fatal Error] :1:1: Premature end of file.
2025-07-22 21:22:06,920 [ERROR] LogOutputStream:75 - [STDERR_REDIRECT] 
2025-07-22 21:22:06,944 [ERROR] LogOutputStream:75 - [STDERR_REDIRECT] [Fatal Error] :1:1: Premature end of file.
2025-07-22 21:22:06,944 [ERROR] LogOutputStream:75 - [STDERR_REDIRECT] 
2025-07-22 21:22:06,966 [ERROR] LogOutputStream:75 - [STDERR_REDIRECT] [Fatal Error] :1:1: Premature end of file.
2025-07-22 21:22:06,966 [ERROR] LogOutputStream:75 - [STDERR_REDIRECT] 
2025-07-22 21:22:06,989 [ERROR] LogOutputStream:75 - [STDERR_REDIRECT] [Fatal Error] :1:1: Premature end of file.
2025-07-22 21:22:06,990 [ERROR] LogOutputStream:75 - [STDERR_REDIRECT] 
2025-07-22 21:22:07,012 [ERROR] LogOutputStream:75 - [STDERR_REDIRECT] [Fatal Error] :1:1: Premature end of file.
2025-07-22 21:22:07,012 [ERROR] LogOutputStream:75 - [STDERR_REDIRECT] 
2025-07-22 21:22:07,036 [ERROR] LogOutputStream:75 - [STDERR_REDIRECT] [Fatal Error] :1:1: Premature end of file.
2025-07-22 21:22:07,036 [ERROR] LogOutputStream:75 - [STDERR_REDIRECT] 
2025-07-22 21:22:07,060 [ERROR] LogOutputStream:75 - [STDERR_REDIRECT] [Fatal Error] :1:1: Premature end of file.
2025-07-22 21:22:07,060 [ERROR] LogOutputStream:75 - [STDERR_REDIRECT] 
2025-07-22 21:22:07,083 [ERROR] LogOutputStream:75 - [STDERR_REDIRECT] [Fatal Error] :1:1: Premature end of file.
2025-07-22 21:22:07,083 [ERROR] LogOutputStream:75 - [STDERR_REDIRECT] 
2025-07-22 21:22:07,105 [ERROR] LogOutputStream:75 - [STDERR_REDIRECT] [Fatal Error] :1:1: Premature end of file.
2025-07-22 21:22:07,105 [ERROR] LogOutputStream:75 - [STDERR_REDIRECT] 
2025-07-22 21:22:07,132 [ERROR] LogOutputStream:75 - [STDERR_REDIRECT] [Fatal Error] :1:1: Premature end of file.
2025-07-22 21:22:07,132 [ERROR] LogOutputStream:75 - [STDERR_REDIRECT] 
2025-07-22 21:22:07,157 [ERROR] LogOutputStream:75 - [STDERR_REDIRECT] [Fatal Error] :1:1: Premature end of file.
2025-07-22 21:22:07,158 [ERROR] LogOutputStream:75 - [STDERR_REDIRECT] 
2025-07-22 21:22:07,180 [ERROR] LogOutputStream:75 - [STDERR_REDIRECT] [Fatal Error] :1:1: Premature end of file.
2025-07-22 21:22:07,180 [ERROR] LogOutputStream:75 - [STDERR_REDIRECT] 
2025-07-22 21:22:07,206 [ERROR] LogOutputStream:75 - [STDERR_REDIRECT] [Fatal Error] :1:1: Premature end of file.
2025-07-22 21:22:07,206 [ERROR] LogOutputStream:75 - [STDERR_REDIRECT] 
2025-07-22 21:22:07,231 [ERROR] LogOutputStream:75 - [STDERR_REDIRECT] [Fatal Error] :1:1: Premature end of file.
2025-07-22 21:22:07,231 [ERROR] LogOutputStream:75 - [STDERR_REDIRECT] 
2025-07-22 21:22:07,258 [ERROR] LogOutputStream:75 - [STDERR_REDIRECT] [Fatal Error] :1:1: Premature end of file.
2025-07-22 21:22:07,258 [ERROR] LogOutputStream:75 - [STDERR_REDIRECT] 
2025-07-22 21:22:07,281 [ERROR] LogOutputStream:75 - [STDERR_REDIRECT] [Fatal Error] :1:1: Premature end of file.
2025-07-22 21:22:07,282 [ERROR] LogOutputStream:75 - [STDERR_REDIRECT] 
2025-07-22 21:22:07,306 [ERROR] LogOutputStream:75 - [STDERR_REDIRECT] [Fatal Error] :1:1: Premature end of file.
2025-07-22 21:22:07,306 [ERROR] LogOutputStream:75 - [STDERR_REDIRECT] 
2025-07-22 21:22:07,329 [ERROR] LogOutputStream:75 - [STDERR_REDIRECT] [Fatal Error] :1:1: Premature end of file.
2025-07-22 21:22:07,329 [ERROR] LogOutputStream:75 - [STDERR_REDIRECT] 
2025-07-22 21:22:07,352 [ERROR] LogOutputStream:75 - [STDERR_REDIRECT] [Fatal Error] :1:1: Premature end of file.
2025-07-22 21:22:07,352 [ERROR] LogOutputStream:75 - [STDERR_REDIRECT] 
2025-07-22 21:22:07,376 [ERROR] LogOutputStream:75 - [STDERR_REDIRECT] [Fatal Error] :1:1: Premature end of file.
2025-07-22 21:22:07,376 [ERROR] LogOutputStream:75 - [STDERR_REDIRECT] 
2025-07-22 21:22:07,400 [ERROR] LogOutputStream:75 - [STDERR_REDIRECT] [Fatal Error] :1:1: Premature end of file.
2025-07-22 21:22:07,400 [ERROR] LogOutputStream:75 - [STDERR_REDIRECT] 
2025-07-22 21:22:07,424 [ERROR] LogOutputStream:75 - [STDERR_REDIRECT] [Fatal Error] :1:1: Premature end of file.
2025-07-22 21:22:07,424 [ERROR] LogOutputStream:75 - [STDERR_REDIRECT] 
2025-07-22 21:22:07,447 [ERROR] LogOutputStream:75 - [STDERR_REDIRECT] [Fatal Error] :1:1: Premature end of file.
2025-07-22 21:22:07,447 [ERROR] LogOutputStream:75 - [STDERR_REDIRECT] 
2025-07-22 21:22:07,472 [ERROR] LogOutputStream:75 - [STDERR_REDIRECT] [Fatal Error] :1:1: Premature end of file.
2025-07-22 21:22:07,472 [ERROR] LogOutputStream:75 - [STDERR_REDIRECT] 
2025-07-22 21:22:07,494 [ERROR] LogOutputStream:75 - [STDERR_REDIRECT] [Fatal Error] :1:1: Premature end of file.
2025-07-22 21:22:07,495 [ERROR] LogOutputStream:75 - [STDERR_REDIRECT] 
2025-07-22 21:22:07,517 [ERROR] LogOutputStream:75 - [STDERR_REDIRECT] [Fatal Error] :1:1: Premature end of file.
2025-07-22 21:22:07,517 [ERROR] LogOutputStream:75 - [STDERR_REDIRECT] 
2025-07-22 21:22:07,548 [ERROR] LogOutputStream:75 - [STDERR_REDIRECT] [Fatal Error] :1:1: Premature end of file.
2025-07-22 21:22:07,548 [ERROR] LogOutputStream:75 - [STDERR_REDIRECT] 
2025-07-22 21:22:07,570 [ERROR] LogOutputStream:75 - [STDERR_REDIRECT] [Fatal Error] :1:1: Premature end of file.
2025-07-22 21:22:07,570 [ERROR] LogOutputStream:75 - [STDERR_REDIRECT] 
2025-07-22 21:22:07,593 [ERROR] LogOutputStream:75 - [STDERR_REDIRECT] [Fatal Error] :1:1: Premature end of file.
2025-07-22 21:22:07,593 [ERROR] LogOutputStream:75 - [STDERR_REDIRECT] 
2025-07-22 21:22:07,616 [ERROR] LogOutputStream:75 - [STDERR_REDIRECT] [Fatal Error] :1:1: Premature end of file.
2025-07-22 21:22:07,616 [ERROR] LogOutputStream:75 - [STDERR_REDIRECT] 
2025-07-22 21:22:07,639 [ERROR] LogOutputStream:75 - [STDERR_REDIRECT] [Fatal Error] :1:1: Premature end of file.
2025-07-22 21:22:07,639 [ERROR] LogOutputStream:75 - [STDERR_REDIRECT] 
2025-07-22 21:22:07,661 [ERROR] LogOutputStream:75 - [STDERR_REDIRECT] [Fatal Error] :1:1: Premature end of file.
2025-07-22 21:22:07,661 [ERROR] LogOutputStream:75 - [STDERR_REDIRECT] 
2025-07-22 21:22:07,686 [ERROR] LogOutputStream:75 - [STDERR_REDIRECT] [Fatal Error] :1:1: Premature end of file.
2025-07-22 21:22:07,686 [ERROR] LogOutputStream:75 - [STDERR_REDIRECT] 
2025-07-22 21:22:07,710 [ERROR] LogOutputStream:75 - [STDERR_REDIRECT] [Fatal Error] :1:1: Premature end of file.
2025-07-22 21:22:07,710 [ERROR] LogOutputStream:75 - [STDERR_REDIRECT] 
2025-07-22 21:22:07,740 [ERROR] LogOutputStream:75 - [STDERR_REDIRECT] [Fatal Error] :1:1: Premature end of file.
2025-07-22 21:22:07,740 [ERROR] LogOutputStream:75 - [STDERR_REDIRECT] 
2025-07-22 21:22:07,847 [ERROR] LogOutputStream:75 - [STDERR_REDIRECT] [Fatal Error] :1:1: Premature end of file.
2025-07-22 21:22:07,847 [ERROR] LogOutputStream:75 - [STDERR_REDIRECT] 
2025-07-22 21:22:07,875 [ERROR] LogOutputStream:75 - [STDERR_REDIRECT] [Fatal Error] :1:1: Premature end of file.
2025-07-22 21:22:07,875 [ERROR] LogOutputStream:75 - [STDERR_REDIRECT] 
2025-07-22 21:22:07,901 [ERROR] LogOutputStream:75 - [STDERR_REDIRECT] [Fatal Error] :1:1: Premature end of file.
2025-07-22 21:22:07,901 [ERROR] LogOutputStream:75 - [STDERR_REDIRECT] 
2025-07-22 21:22:07,926 [ERROR] LogOutputStream:75 - [STDERR_REDIRECT] [Fatal Error] :1:1: Premature end of file.
2025-07-22 21:22:07,926 [ERROR] LogOutputStream:75 - [STDERR_REDIRECT] 
2025-07-22 21:22:07,953 [ERROR] LogOutputStream:75 - [STDERR_REDIRECT] [Fatal Error] :1:1: Premature end of file.
2025-07-22 21:22:07,953 [ERROR] LogOutputStream:75 - [STDERR_REDIRECT] 
2025-07-22 21:22:07,977 [ERROR] LogOutputStream:75 - [STDERR_REDIRECT] [Fatal Error] :1:1: Premature end of file.
2025-07-22 21:22:07,977 [ERROR] LogOutputStream:75 - [STDERR_REDIRECT] 
2025-07-22 21:22:08,004 [ERROR] LogOutputStream:75 - [STDERR_REDIRECT] [Fatal Error] :1:1: Premature end of file.
2025-07-22 21:22:08,006 [ERROR] LogOutputStream:75 - [STDERR_REDIRECT] 
2025-07-22 21:22:08,033 [ERROR] LogOutputStream:75 - [STDERR_REDIRECT] [Fatal Error] :1:1: Premature end of file.
2025-07-22 21:22:08,033 [ERROR] LogOutputStream:75 - [STDERR_REDIRECT] 
2025-07-22 21:22:08,059 [ERROR] LogOutputStream:75 - [STDERR_REDIRECT] [Fatal Error] :1:1: Premature end of file.
2025-07-22 21:22:08,059 [ERROR] LogOutputStream:75 - [STDERR_REDIRECT] 
2025-07-22 21:22:08,090 [ERROR] LogOutputStream:75 - [STDERR_REDIRECT] [Fatal Error] :1:1: Premature end of file.
2025-07-22 21:22:08,090 [ERROR] LogOutputStream:75 - [STDERR_REDIRECT] 
2025-07-22 21:22:08,118 [ERROR] LogOutputStream:75 - [STDERR_REDIRECT] [Fatal Error] :1:1: Premature end of file.
2025-07-22 21:22:08,118 [ERROR] LogOutputStream:75 - [STDERR_REDIRECT] 
2025-07-22 21:22:08,147 [ERROR] LogOutputStream:75 - [STDERR_REDIRECT] [Fatal Error] :1:1: Premature end of file.
2025-07-22 21:22:08,147 [ERROR] LogOutputStream:75 - [STDERR_REDIRECT] 
2025-07-22 21:22:08,182 [ERROR] LogOutputStream:75 - [STDERR_REDIRECT] [Fatal Error] :1:1: Premature end of file.
2025-07-22 21:22:08,182 [ERROR] LogOutputStream:75 - [STDERR_REDIRECT] 
2025-07-22 21:22:08,216 [ERROR] LogOutputStream:75 - [STDERR_REDIRECT] [Fatal Error] :1:1: Premature end of file.
2025-07-22 21:22:08,216 [ERROR] LogOutputStream:75 - [STDERR_REDIRECT] 
2025-07-22 21:22:08,244 [ERROR] LogOutputStream:75 - [STDERR_REDIRECT] [Fatal Error] :1:1: Premature end of file.
2025-07-22 21:22:08,244 [ERROR] LogOutputStream:75 - [STDERR_REDIRECT] 
2025-07-22 21:22:08,273 [ERROR] LogOutputStream:75 - [STDERR_REDIRECT] [Fatal Error] :1:1: Premature end of file.
2025-07-22 21:22:08,273 [ERROR] LogOutputStream:75 - [STDERR_REDIRECT] 
2025-07-22 21:22:08,297 [ERROR] LogOutputStream:75 - [STDERR_REDIRECT] [Fatal Error] :1:1: Premature end of file.
2025-07-22 21:22:08,298 [ERROR] LogOutputStream:75 - [STDERR_REDIRECT] 
2025-07-22 21:22:08,326 [ERROR] LogOutputStream:75 - [STDERR_REDIRECT] [Fatal Error] :1:1: Premature end of file.
2025-07-22 21:22:08,326 [ERROR] LogOutputStream:75 - [STDERR_REDIRECT] 
2025-07-22 21:22:08,359 [ERROR] LogOutputStream:75 - [STDERR_REDIRECT] [Fatal Error] :1:1: Premature end of file.
2025-07-22 21:22:08,359 [ERROR] LogOutputStream:75 - [STDERR_REDIRECT] 
2025-07-22 21:22:08,400 [ERROR] LogOutputStream:75 - [STDERR_REDIRECT] [Fatal Error] :1:1: Premature end of file.
2025-07-22 21:22:08,400 [ERROR] LogOutputStream:75 - [STDERR_REDIRECT] 
2025-07-22 21:22:08,430 [ERROR] LogOutputStream:75 - [STDERR_REDIRECT] [Fatal Error] :1:1: Premature end of file.
2025-07-22 21:22:08,430 [ERROR] LogOutputStream:75 - [STDERR_REDIRECT] 
2025-07-22 21:22:08,459 [ERROR] LogOutputStream:75 - [STDERR_REDIRECT] [Fatal Error] :1:1: Premature end of file.
2025-07-22 21:22:08,459 [ERROR] LogOutputStream:75 - [STDERR_REDIRECT] 
2025-07-22 21:22:08,482 [ERROR] LogOutputStream:75 - [STDERR_REDIRECT] [Fatal Error] :1:1: Premature end of file.
2025-07-22 21:22:08,482 [ERROR] LogOutputStream:75 - [STDERR_REDIRECT] 
2025-07-22 21:22:08,504 [ERROR] LogOutputStream:75 - [STDERR_REDIRECT] [Fatal Error] :1:1: Premature end of file.
2025-07-22 21:22:08,505 [ERROR] LogOutputStream:75 - [STDERR_REDIRECT] 
2025-07-22 21:22:08,530 [ERROR] LogOutputStream:75 - [STDERR_REDIRECT] [Fatal Error] :1:1: Premature end of file.
2025-07-22 21:22:08,530 [ERROR] LogOutputStream:75 - [STDERR_REDIRECT] 
2025-07-22 21:22:08,553 [ERROR] LogOutputStream:75 - [STDERR_REDIRECT] [Fatal Error] :1:1: Premature end of file.
2025-07-22 21:22:08,554 [ERROR] LogOutputStream:75 - [STDERR_REDIRECT] 
2025-07-22 21:22:08,577 [ERROR] LogOutputStream:75 - [STDERR_REDIRECT] [Fatal Error] :1:1: Premature end of file.
2025-07-22 21:22:08,577 [ERROR] LogOutputStream:75 - [STDERR_REDIRECT] 
2025-07-22 21:22:08,601 [ERROR] LogOutputStream:75 - [STDERR_REDIRECT] [Fatal Error] :1:1: Premature end of file.
2025-07-22 21:22:08,601 [ERROR] LogOutputStream:75 - [STDERR_REDIRECT] 
2025-07-22 21:22:08,628 [ERROR] LogOutputStream:75 - [STDERR_REDIRECT] [Fatal Error] :1:1: Premature end of file.
2025-07-22 21:22:08,629 [ERROR] LogOutputStream:75 - [STDERR_REDIRECT] 
2025-07-22 21:22:08,656 [ERROR] LogOutputStream:75 - [STDERR_REDIRECT] [Fatal Error] :1:1: Premature end of file.
2025-07-22 21:22:08,656 [ERROR] LogOutputStream:75 - [STDERR_REDIRECT] 
2025-07-22 21:22:08,678 [ERROR] LogOutputStream:75 - [STDERR_REDIRECT] [Fatal Error] :1:1: Premature end of file.
2025-07-22 21:22:08,678 [ERROR] LogOutputStream:75 - [STDERR_REDIRECT] 
2025-07-22 21:22:08,702 [ERROR] LogOutputStream:75 - [STDERR_REDIRECT] [Fatal Error] :1:1: Premature end of file.
2025-07-22 21:22:08,702 [ERROR] LogOutputStream:75 - [STDERR_REDIRECT] 
2025-07-22 21:22:08,726 [ERROR] LogOutputStream:75 - [STDERR_REDIRECT] [Fatal Error] :1:1: Premature end of file.
2025-07-22 21:22:08,727 [ERROR] LogOutputStream:75 - [STDERR_REDIRECT] 
2025-07-22 21:22:08,753 [ERROR] LogOutputStream:75 - [STDERR_REDIRECT] [Fatal Error] :1:1: Premature end of file.
2025-07-22 21:22:08,753 [ERROR] LogOutputStream:75 - [STDERR_REDIRECT] 
2025-07-22 21:22:08,776 [ERROR] LogOutputStream:75 - [STDERR_REDIRECT] [Fatal Error] :1:1: Premature end of file.
2025-07-22 21:22:08,776 [ERROR] LogOutputStream:75 - [STDERR_REDIRECT] 
2025-07-22 21:22:08,800 [ERROR] LogOutputStream:75 - [STDERR_REDIRECT] [Fatal Error] :1:1: Premature end of file.
2025-07-22 21:22:08,800 [ERROR] LogOutputStream:75 - [STDERR_REDIRECT] 
2025-07-22 21:22:08,822 [ERROR] LogOutputStream:75 - [STDERR_REDIRECT] [Fatal Error] :1:1: Premature end of file.
2025-07-22 21:22:08,822 [ERROR] LogOutputStream:75 - [STDERR_REDIRECT] 
2025-07-22 21:22:08,845 [ERROR] LogOutputStream:75 - [STDERR_REDIRECT] [Fatal Error] :1:1: Premature end of file.
2025-07-22 21:22:08,845 [ERROR] LogOutputStream:75 - [STDERR_REDIRECT] 
2025-07-22 21:22:08,869 [ERROR] LogOutputStream:75 - [STDERR_REDIRECT] [Fatal Error] :1:1: Premature end of file.
2025-07-22 21:22:08,869 [ERROR] LogOutputStream:75 - [STDERR_REDIRECT] 
2025-07-22 21:22:08,892 [ERROR] LogOutputStream:75 - [STDERR_REDIRECT] [Fatal Error] :1:1: Premature end of file.
2025-07-22 21:22:08,892 [ERROR] LogOutputStream:75 - [STDERR_REDIRECT] 
2025-07-22 21:22:08,915 [ERROR] LogOutputStream:75 - [STDERR_REDIRECT] [Fatal Error] :1:1: Premature end of file.
2025-07-22 21:22:08,915 [ERROR] LogOutputStream:75 - [STDERR_REDIRECT] 
2025-07-22 21:22:08,937 [ERROR] LogOutputStream:75 - [STDERR_REDIRECT] [Fatal Error] :1:1: Premature end of file.
2025-07-22 21:22:08,937 [ERROR] LogOutputStream:75 - [STDERR_REDIRECT] 
2025-07-22 21:22:08,961 [ERROR] LogOutputStream:75 - [STDERR_REDIRECT] [Fatal Error] :1:1: Premature end of file.
2025-07-22 21:22:08,961 [ERROR] LogOutputStream:75 - [STDERR_REDIRECT] 
2025-07-22 21:22:08,985 [ERROR] LogOutputStream:75 - [STDERR_REDIRECT] [Fatal Error] :1:1: Premature end of file.
2025-07-22 21:22:08,985 [ERROR] LogOutputStream:75 - [STDERR_REDIRECT] 
2025-07-22 21:22:09,008 [ERROR] LogOutputStream:75 - [STDERR_REDIRECT] [Fatal Error] :1:1: Premature end of file.
2025-07-22 21:22:09,008 [ERROR] LogOutputStream:75 - [STDERR_REDIRECT] 
2025-07-22 21:22:09,031 [ERROR] LogOutputStream:75 - [STDERR_REDIRECT] [Fatal Error] :1:1: Premature end of file.
2025-07-22 21:22:09,031 [ERROR] LogOutputStream:75 - [STDERR_REDIRECT] 
2025-07-22 21:22:09,053 [ERROR] LogOutputStream:75 - [STDERR_REDIRECT] [Fatal Error] :1:1: Premature end of file.
2025-07-22 21:22:09,053 [ERROR] LogOutputStream:75 - [STDERR_REDIRECT] 
2025-07-22 21:22:09,074 [ERROR] LogOutputStream:75 - [STDERR_REDIRECT] [Fatal Error] :1:1: Premature end of file.
2025-07-22 21:22:09,075 [ERROR] LogOutputStream:75 - [STDERR_REDIRECT] 
2025-07-22 21:22:09,098 [ERROR] LogOutputStream:75 - [STDERR_REDIRECT] [Fatal Error] :1:1: Premature end of file.
2025-07-22 21:22:09,098 [ERROR] LogOutputStream:75 - [STDERR_REDIRECT] 
2025-07-22 21:22:09,121 [ERROR] LogOutputStream:75 - [STDERR_REDIRECT] [Fatal Error] :1:1: Premature end of file.
2025-07-22 21:22:09,121 [ERROR] LogOutputStream:75 - [STDERR_REDIRECT] 
2025-07-22 21:22:09,143 [ERROR] LogOutputStream:75 - [STDERR_REDIRECT] [Fatal Error] :1:1: Premature end of file.
2025-07-22 21:22:09,143 [ERROR] LogOutputStream:75 - [STDERR_REDIRECT] 
2025-07-22 21:22:09,167 [ERROR] LogOutputStream:75 - [STDERR_REDIRECT] [Fatal Error] :1:1: Premature end of file.
2025-07-22 21:22:09,168 [ERROR] LogOutputStream:75 - [STDERR_REDIRECT] 
2025-07-22 21:22:09,195 [ERROR] LogOutputStream:75 - [STDERR_REDIRECT] [Fatal Error] :1:1: Premature end of file.
2025-07-22 21:22:09,195 [ERROR] LogOutputStream:75 - [STDERR_REDIRECT] 
2025-07-22 21:22:09,221 [ERROR] LogOutputStream:75 - [STDERR_REDIRECT] [Fatal Error] :1:1: Premature end of file.
2025-07-22 21:22:09,221 [ERROR] LogOutputStream:75 - [STDERR_REDIRECT] 
2025-07-22 21:22:09,250 [ERROR] LogOutputStream:75 - [STDERR_REDIRECT] [Fatal Error] :1:1: Premature end of file.
2025-07-22 21:22:09,250 [ERROR] LogOutputStream:75 - [STDERR_REDIRECT] 
2025-07-22 21:22:09,275 [ERROR] LogOutputStream:75 - [STDERR_REDIRECT] [Fatal Error] :1:1: Premature end of file.
2025-07-22 21:22:09,275 [ERROR] LogOutputStream:75 - [STDERR_REDIRECT] 
2025-07-22 21:22:09,300 [ERROR] LogOutputStream:75 - [STDERR_REDIRECT] [Fatal Error] :1:1: Premature end of file.
2025-07-22 21:22:09,300 [ERROR] LogOutputStream:75 - [STDERR_REDIRECT] 
2025-07-22 21:22:09,326 [ERROR] LogOutputStream:75 - [STDERR_REDIRECT] [Fatal Error] :1:1: Premature end of file.
2025-07-22 21:22:09,326 [ERROR] LogOutputStream:75 - [STDERR_REDIRECT] 
2025-07-22 21:22:09,352 [ERROR] LogOutputStream:75 - [STDERR_REDIRECT] [Fatal Error] :1:1: Premature end of file.
2025-07-22 21:22:09,352 [ERROR] LogOutputStream:75 - [STDERR_REDIRECT] 
2025-07-22 21:22:09,377 [ERROR] LogOutputStream:75 - [STDERR_REDIRECT] [Fatal Error] :1:1: Premature end of file.
2025-07-22 21:22:09,377 [ERROR] LogOutputStream:75 - [STDERR_REDIRECT] 
2025-07-22 21:22:09,401 [ERROR] LogOutputStream:75 - [STDERR_REDIRECT] [Fatal Error] :1:1: Premature end of file.
2025-07-22 21:22:09,401 [ERROR] LogOutputStream:75 - [STDERR_REDIRECT] 
2025-07-22 21:22:09,426 [ERROR] LogOutputStream:75 - [STDERR_REDIRECT] [Fatal Error] :1:1: Premature end of file.
2025-07-22 21:22:09,426 [ERROR] LogOutputStream:75 - [STDERR_REDIRECT] 
2025-07-22 21:22:09,449 [ERROR] LogOutputStream:75 - [STDERR_REDIRECT] [Fatal Error] :1:1: Premature end of file.
2025-07-22 21:22:09,449 [ERROR] LogOutputStream:75 - [STDERR_REDIRECT] 
2025-07-22 21:22:09,472 [ERROR] LogOutputStream:75 - [STDERR_REDIRECT] [Fatal Error] :1:1: Premature end of file.
2025-07-22 21:22:09,472 [ERROR] LogOutputStream:75 - [STDERR_REDIRECT] 
2025-07-22 21:22:09,494 [ERROR] LogOutputStream:75 - [STDERR_REDIRECT] [Fatal Error] :1:1: Premature end of file.
2025-07-22 21:22:09,494 [ERROR] LogOutputStream:75 - [STDERR_REDIRECT] 
2025-07-22 21:22:09,516 [ERROR] LogOutputStream:75 - [STDERR_REDIRECT] [Fatal Error] :1:1: Premature end of file.
2025-07-22 21:22:09,516 [ERROR] LogOutputStream:75 - [STDERR_REDIRECT] 
2025-07-22 21:22:09,540 [ERROR] LogOutputStream:75 - [STDERR_REDIRECT] [Fatal Error] :1:1: Premature end of file.
2025-07-22 21:22:09,540 [ERROR] LogOutputStream:75 - [STDERR_REDIRECT] 
2025-07-22 21:22:09,564 [ERROR] LogOutputStream:75 - [STDERR_REDIRECT] [Fatal Error] :1:1: Premature end of file.
2025-07-22 21:22:09,564 [ERROR] LogOutputStream:75 - [STDERR_REDIRECT] 
2025-07-22 21:22:09,586 [ERROR] LogOutputStream:75 - [STDERR_REDIRECT] [Fatal Error] :1:1: Premature end of file.
2025-07-22 21:22:09,586 [ERROR] LogOutputStream:75 - [STDERR_REDIRECT] 
2025-07-22 21:22:09,610 [ERROR] LogOutputStream:75 - [STDERR_REDIRECT] [Fatal Error] :1:1: Premature end of file.
2025-07-22 21:22:09,610 [ERROR] LogOutputStream:75 - [STDERR_REDIRECT] 
2025-07-22 21:22:09,633 [ERROR] LogOutputStream:75 - [STDERR_REDIRECT] [Fatal Error] :1:1: Premature end of file.
2025-07-22 21:22:09,633 [ERROR] LogOutputStream:75 - [STDERR_REDIRECT] 
2025-07-22 21:22:09,655 [ERROR] LogOutputStream:75 - [STDERR_REDIRECT] [Fatal Error] :1:1: Premature end of file.
2025-07-22 21:22:09,655 [ERROR] LogOutputStream:75 - [STDERR_REDIRECT] 
2025-07-22 21:22:09,677 [ERROR] LogOutputStream:75 - [STDERR_REDIRECT] [Fatal Error] :1:1: Premature end of file.
2025-07-22 21:22:09,677 [ERROR] LogOutputStream:75 - [STDERR_REDIRECT] 
2025-07-22 21:22:09,701 [ERROR] LogOutputStream:75 - [STDERR_REDIRECT] [Fatal Error] :1:1: Premature end of file.
2025-07-22 21:22:09,701 [ERROR] LogOutputStream:75 - [STDERR_REDIRECT] 
2025-07-22 21:22:09,727 [ERROR] LogOutputStream:75 - [STDERR_REDIRECT] [Fatal Error] :1:1: Premature end of file.
2025-07-22 21:22:09,727 [ERROR] LogOutputStream:75 - [STDERR_REDIRECT] 
2025-07-22 21:22:09,751 [ERROR] LogOutputStream:75 - [STDERR_REDIRECT] [Fatal Error] :1:1: Premature end of file.
2025-07-22 21:22:09,751 [ERROR] LogOutputStream:75 - [STDERR_REDIRECT] 
2025-07-22 21:22:09,771 [ERROR] LogOutputStream:75 - [STDERR_REDIRECT] [Fatal Error] :1:1: Premature end of file.
2025-07-22 21:22:09,771 [ERROR] LogOutputStream:75 - [STDERR_REDIRECT] 
2025-07-22 21:22:09,797 [ERROR] LogOutputStream:75 - [STDERR_REDIRECT] [Fatal Error] :1:1: Premature end of file.
2025-07-22 21:22:09,797 [ERROR] LogOutputStream:75 - [STDERR_REDIRECT] 
2025-07-22 21:22:09,819 [ERROR] LogOutputStream:75 - [STDERR_REDIRECT] [Fatal Error] :1:1: Premature end of file.
2025-07-22 21:22:09,819 [ERROR] LogOutputStream:75 - [STDERR_REDIRECT] 
2025-07-22 21:22:09,842 [ERROR] LogOutputStream:75 - [STDERR_REDIRECT] [Fatal Error] :1:1: Premature end of file.
2025-07-22 21:22:09,842 [ERROR] LogOutputStream:75 - [STDERR_REDIRECT] 
2025-07-22 21:22:09,865 [ERROR] LogOutputStream:75 - [STDERR_REDIRECT] [Fatal Error] :1:1: Premature end of file.
2025-07-22 21:22:09,865 [ERROR] LogOutputStream:75 - [STDERR_REDIRECT] 
2025-07-22 21:22:09,887 [ERROR] LogOutputStream:75 - [STDERR_REDIRECT] [Fatal Error] :1:1: Premature end of file.
2025-07-22 21:22:09,888 [ERROR] LogOutputStream:75 - [STDERR_REDIRECT] 
2025-07-22 21:22:09,909 [ERROR] LogOutputStream:75 - [STDERR_REDIRECT] [Fatal Error] :1:1: Premature end of file.
2025-07-22 21:22:09,909 [ERROR] LogOutputStream:75 - [STDERR_REDIRECT] 
2025-07-22 21:22:09,934 [ERROR] LogOutputStream:75 - [STDERR_REDIRECT] [Fatal Error] :1:1: Premature end of file.
2025-07-22 21:22:09,934 [ERROR] LogOutputStream:75 - [STDERR_REDIRECT] 
2025-07-22 21:22:09,959 [ERROR] LogOutputStream:75 - [STDERR_REDIRECT] [Fatal Error] :1:1: Premature end of file.
2025-07-22 21:22:09,959 [ERROR] LogOutputStream:75 - [STDERR_REDIRECT] 
2025-07-22 21:22:09,980 [ERROR] LogOutputStream:75 - [STDERR_REDIRECT] [Fatal Error] :1:1: Premature end of file.
2025-07-22 21:22:09,981 [ERROR] LogOutputStream:75 - [STDERR_REDIRECT] 
2025-07-22 21:22:10,003 [ERROR] LogOutputStream:75 - [STDERR_REDIRECT] [Fatal Error] :1:1: Premature end of file.
2025-07-22 21:22:10,003 [ERROR] LogOutputStream:75 - [STDERR_REDIRECT] 
2025-07-22 21:22:10,025 [ERROR] LogOutputStream:75 - [STDERR_REDIRECT] [Fatal Error] :1:1: Premature end of file.
2025-07-22 21:22:10,025 [ERROR] LogOutputStream:75 - [STDERR_REDIRECT] 
2025-07-22 21:22:10,047 [ERROR] LogOutputStream:75 - [STDERR_REDIRECT] [Fatal Error] :1:1: Premature end of file.
2025-07-22 21:22:10,047 [ERROR] LogOutputStream:75 - [STDERR_REDIRECT] 
2025-07-22 21:22:10,070 [ERROR] LogOutputStream:75 - [STDERR_REDIRECT] [Fatal Error] :1:1: Premature end of file.
2025-07-22 21:22:10,070 [ERROR] LogOutputStream:75 - [STDERR_REDIRECT] 
2025-07-22 21:22:10,092 [ERROR] LogOutputStream:75 - [STDERR_REDIRECT] [Fatal Error] :1:1: Premature end of file.
2025-07-22 21:22:10,092 [ERROR] LogOutputStream:75 - [STDERR_REDIRECT] 
2025-07-22 21:22:10,115 [ERROR] LogOutputStream:75 - [STDERR_REDIRECT] [Fatal Error] :1:1: Premature end of file.
2025-07-22 21:22:10,115 [ERROR] LogOutputStream:75 - [STDERR_REDIRECT] 
2025-07-22 21:22:10,137 [ERROR] LogOutputStream:75 - [STDERR_REDIRECT] [Fatal Error] :1:1: Premature end of file.
2025-07-22 21:22:10,138 [ERROR] LogOutputStream:75 - [STDERR_REDIRECT] 
2025-07-22 21:22:10,160 [ERROR] LogOutputStream:75 - [STDERR_REDIRECT] [Fatal Error] :1:1: Premature end of file.
2025-07-22 21:22:10,160 [ERROR] LogOutputStream:75 - [STDERR_REDIRECT] 
2025-07-22 21:22:10,188 [ERROR] LogOutputStream:75 - [STDERR_REDIRECT] [Fatal Error] :1:1: Premature end of file.
2025-07-22 21:22:10,188 [ERROR] LogOutputStream:75 - [STDERR_REDIRECT] 
2025-07-22 21:22:10,217 [ERROR] LogOutputStream:75 - [STDERR_REDIRECT] [Fatal Error] :1:1: Premature end of file.
2025-07-22 21:22:10,217 [ERROR] LogOutputStream:75 - [STDERR_REDIRECT] 
2025-07-22 21:22:10,243 [ERROR] LogOutputStream:75 - [STDERR_REDIRECT] [Fatal Error] :1:1: Premature end of file.
2025-07-22 21:22:10,244 [ERROR] LogOutputStream:75 - [STDERR_REDIRECT] 
2025-07-22 21:22:10,274 [ERROR] LogOutputStream:75 - [STDERR_REDIRECT] [Fatal Error] :1:1: Premature end of file.
2025-07-22 21:22:10,275 [ERROR] LogOutputStream:75 - [STDERR_REDIRECT] 
2025-07-22 21:22:10,301 [ERROR] LogOutputStream:75 - [STDERR_REDIRECT] [Fatal Error] :1:1: Premature end of file.
2025-07-22 21:22:10,301 [ERROR] LogOutputStream:75 - [STDERR_REDIRECT] 
2025-07-22 21:22:10,328 [ERROR] LogOutputStream:75 - [STDERR_REDIRECT] [Fatal Error] :1:1: Premature end of file.
2025-07-22 21:22:10,328 [ERROR] LogOutputStream:75 - [STDERR_REDIRECT] 
2025-07-22 21:22:10,351 [ERROR] LogOutputStream:75 - [STDERR_REDIRECT] [Fatal Error] :1:1: Premature end of file.
2025-07-22 21:22:10,351 [ERROR] LogOutputStream:75 - [STDERR_REDIRECT] 
2025-07-22 21:22:10,373 [ERROR] LogOutputStream:75 - [STDERR_REDIRECT] [Fatal Error] :1:1: Premature end of file.
2025-07-22 21:22:10,373 [ERROR] LogOutputStream:75 - [STDERR_REDIRECT] 
2025-07-22 21:22:10,397 [ERROR] LogOutputStream:75 - [STDERR_REDIRECT] [Fatal Error] :1:1: Premature end of file.
2025-07-22 21:22:10,397 [ERROR] LogOutputStream:75 - [STDERR_REDIRECT] 
2025-07-22 21:22:10,419 [ERROR] LogOutputStream:75 - [STDERR_REDIRECT] [Fatal Error] :1:1: Premature end of file.
2025-07-22 21:22:10,419 [ERROR] LogOutputStream:75 - [STDERR_REDIRECT] 
2025-07-22 21:22:10,442 [ERROR] LogOutputStream:75 - [STDERR_REDIRECT] [Fatal Error] :1:1: Premature end of file.
2025-07-22 21:22:10,443 [ERROR] LogOutputStream:75 - [STDERR_REDIRECT] 
2025-07-22 21:22:10,465 [ERROR] LogOutputStream:75 - [STDERR_REDIRECT] [Fatal Error] :1:1: Premature end of file.
2025-07-22 21:22:10,465 [ERROR] LogOutputStream:75 - [STDERR_REDIRECT] 
2025-07-22 21:22:10,488 [ERROR] LogOutputStream:75 - [STDERR_REDIRECT] [Fatal Error] :1:1: Premature end of file.
2025-07-22 21:22:10,488 [ERROR] LogOutputStream:75 - [STDERR_REDIRECT] 
2025-07-22 21:22:10,510 [ERROR] LogOutputStream:75 - [STDERR_REDIRECT] [Fatal Error] :1:1: Premature end of file.
2025-07-22 21:22:10,510 [ERROR] LogOutputStream:75 - [STDERR_REDIRECT] 
2025-07-22 21:22:10,534 [ERROR] LogOutputStream:75 - [STDERR_REDIRECT] [Fatal Error] :1:1: Premature end of file.
2025-07-22 21:22:10,534 [ERROR] LogOutputStream:75 - [STDERR_REDIRECT] 
2025-07-22 21:22:10,556 [ERROR] LogOutputStream:75 - [STDERR_REDIRECT] [Fatal Error] :1:1: Premature end of file.
2025-07-22 21:22:10,556 [ERROR] LogOutputStream:75 - [STDERR_REDIRECT] 
2025-07-22 21:22:10,580 [ERROR] LogOutputStream:75 - [STDERR_REDIRECT] [Fatal Error] :1:1: Premature end of file.
2025-07-22 21:22:10,580 [ERROR] LogOutputStream:75 - [STDERR_REDIRECT] 
2025-07-22 21:22:10,605 [ERROR] LogOutputStream:75 - [STDERR_REDIRECT] [Fatal Error] :1:1: Premature end of file.
2025-07-22 21:22:10,605 [ERROR] LogOutputStream:75 - [STDERR_REDIRECT] 
2025-07-22 21:22:10,627 [ERROR] LogOutputStream:75 - [STDERR_REDIRECT] [Fatal Error] :1:1: Premature end of file.
2025-07-22 21:22:10,627 [ERROR] LogOutputStream:75 - [STDERR_REDIRECT] 
2025-07-22 21:22:10,649 [ERROR] LogOutputStream:75 - [STDERR_REDIRECT] [Fatal Error] :1:1: Premature end of file.
2025-07-22 21:22:10,650 [ERROR] LogOutputStream:75 - [STDERR_REDIRECT] 
2025-07-22 21:22:10,672 [ERROR] LogOutputStream:75 - [STDERR_REDIRECT] [Fatal Error] :1:1: Premature end of file.
2025-07-22 21:22:10,672 [ERROR] LogOutputStream:75 - [STDERR_REDIRECT] 
2025-07-22 21:22:10,694 [ERROR] LogOutputStream:75 - [STDERR_REDIRECT] [Fatal Error] :1:1: Premature end of file.
2025-07-22 21:22:10,694 [ERROR] LogOutputStream:75 - [STDERR_REDIRECT] 
2025-07-22 21:22:10,718 [ERROR] LogOutputStream:75 - [STDERR_REDIRECT] [Fatal Error] :1:1: Premature end of file.
2025-07-22 21:22:10,718 [ERROR] LogOutputStream:75 - [STDERR_REDIRECT] 
2025-07-22 21:22:10,742 [ERROR] LogOutputStream:75 - [STDERR_REDIRECT] [Fatal Error] :1:1: Premature end of file.
2025-07-22 21:22:10,742 [ERROR] LogOutputStream:75 - [STDERR_REDIRECT] 
2025-07-22 21:22:10,765 [ERROR] LogOutputStream:75 - [STDERR_REDIRECT] [Fatal Error] :1:1: Premature end of file.
2025-07-22 21:22:10,765 [ERROR] LogOutputStream:75 - [STDERR_REDIRECT] 
2025-07-22 21:22:10,788 [ERROR] LogOutputStream:75 - [STDERR_REDIRECT] [Fatal Error] :1:1: Premature end of file.
2025-07-22 21:22:10,788 [ERROR] LogOutputStream:75 - [STDERR_REDIRECT] 
2025-07-22 21:22:10,811 [ERROR] LogOutputStream:75 - [STDERR_REDIRECT] [Fatal Error] :1:1: Premature end of file.
2025-07-22 21:22:10,814 [ERROR] LogOutputStream:75 - [STDERR_REDIRECT] 
2025-07-22 21:22:10,838 [ERROR] LogOutputStream:75 - [STDERR_REDIRECT] [Fatal Error] :1:1: Premature end of file.
2025-07-22 21:22:10,838 [ERROR] LogOutputStream:75 - [STDERR_REDIRECT] 
2025-07-22 21:22:10,860 [ERROR] LogOutputStream:75 - [STDERR_REDIRECT] [Fatal Error] :1:1: Premature end of file.
2025-07-22 21:22:10,860 [ERROR] LogOutputStream:75 - [STDERR_REDIRECT] 
2025-07-22 21:22:10,882 [ERROR] LogOutputStream:75 - [STDERR_REDIRECT] [Fatal Error] :1:1: Premature end of file.
2025-07-22 21:22:10,882 [ERROR] LogOutputStream:75 - [STDERR_REDIRECT] 
2025-07-22 21:22:10,904 [ERROR] LogOutputStream:75 - [STDERR_REDIRECT] [Fatal Error] :1:1: Premature end of file.
2025-07-22 21:22:10,904 [ERROR] LogOutputStream:75 - [STDERR_REDIRECT] 
2025-07-22 21:22:10,926 [ERROR] LogOutputStream:75 - [STDERR_REDIRECT] [Fatal Error] :1:1: Premature end of file.
2025-07-22 21:22:10,927 [ERROR] LogOutputStream:75 - [STDERR_REDIRECT] 
2025-07-22 21:22:10,949 [ERROR] LogOutputStream:75 - [STDERR_REDIRECT] [Fatal Error] :1:1: Premature end of file.
2025-07-22 21:22:10,949 [ERROR] LogOutputStream:75 - [STDERR_REDIRECT] 
2025-07-22 21:22:10,972 [ERROR] LogOutputStream:75 - [STDERR_REDIRECT] [Fatal Error] :1:1: Premature end of file.
2025-07-22 21:22:10,972 [ERROR] LogOutputStream:75 - [STDERR_REDIRECT] 
2025-07-22 21:22:10,993 [ERROR] LogOutputStream:75 - [STDERR_REDIRECT] [Fatal Error] :1:1: Premature end of file.
2025-07-22 21:22:10,993 [ERROR] LogOutputStream:75 - [STDERR_REDIRECT] 
2025-07-22 21:22:11,017 [ERROR] LogOutputStream:75 - [STDERR_REDIRECT] [Fatal Error] :1:1: Premature end of file.
2025-07-22 21:22:11,017 [ERROR] LogOutputStream:75 - [STDERR_REDIRECT] 
2025-07-22 21:22:11,039 [ERROR] LogOutputStream:75 - [STDERR_REDIRECT] [Fatal Error] :1:1: Premature end of file.
2025-07-22 21:22:11,039 [ERROR] LogOutputStream:75 - [STDERR_REDIRECT] 
2025-07-22 21:22:11,062 [ERROR] LogOutputStream:75 - [STDERR_REDIRECT] [Fatal Error] :1:1: Premature end of file.
2025-07-22 21:22:11,062 [ERROR] LogOutputStream:75 - [STDERR_REDIRECT] 
2025-07-22 21:22:11,084 [ERROR] LogOutputStream:75 - [STDERR_REDIRECT] [Fatal Error] :1:1: Premature end of file.
2025-07-22 21:22:11,084 [ERROR] LogOutputStream:75 - [STDERR_REDIRECT] 
2025-07-22 21:22:11,107 [ERROR] LogOutputStream:75 - [STDERR_REDIRECT] [Fatal Error] :1:1: Premature end of file.
2025-07-22 21:22:11,107 [ERROR] LogOutputStream:75 - [STDERR_REDIRECT] 
2025-07-22 21:22:11,131 [ERROR] LogOutputStream:75 - [STDERR_REDIRECT] [Fatal Error] :1:1: Premature end of file.
2025-07-22 21:22:11,131 [ERROR] LogOutputStream:75 - [STDERR_REDIRECT] 
2025-07-22 21:22:11,159 [ERROR] LogOutputStream:75 - [STDERR_REDIRECT] [Fatal Error] :1:1: Premature end of file.
2025-07-22 21:22:11,159 [ERROR] LogOutputStream:75 - [STDERR_REDIRECT] 
2025-07-22 21:22:11,187 [ERROR] LogOutputStream:75 - [STDERR_REDIRECT] [Fatal Error] :1:1: Premature end of file.
2025-07-22 21:22:11,187 [ERROR] LogOutputStream:75 - [STDERR_REDIRECT] 
2025-07-22 21:22:11,220 [ERROR] LogOutputStream:75 - [STDERR_REDIRECT] [Fatal Error] :1:1: Premature end of file.
2025-07-22 21:22:11,220 [ERROR] LogOutputStream:75 - [STDERR_REDIRECT] 
2025-07-22 21:22:11,248 [ERROR] LogOutputStream:75 - [STDERR_REDIRECT] [Fatal Error] :1:1: Premature end of file.
2025-07-22 21:22:11,249 [ERROR] LogOutputStream:75 - [STDERR_REDIRECT] 
2025-07-22 21:22:11,273 [ERROR] LogOutputStream:75 - [STDERR_REDIRECT] [Fatal Error] :1:1: Premature end of file.
2025-07-22 21:22:11,273 [ERROR] LogOutputStream:75 - [STDERR_REDIRECT] 
2025-07-22 21:22:11,298 [ERROR] LogOutputStream:75 - [STDERR_REDIRECT] [Fatal Error] :1:1: Premature end of file.
2025-07-22 21:22:11,298 [ERROR] LogOutputStream:75 - [STDERR_REDIRECT] 
2025-07-22 21:22:11,322 [ERROR] LogOutputStream:75 - [STDERR_REDIRECT] [Fatal Error] :1:1: Premature end of file.
2025-07-22 21:22:11,322 [ERROR] LogOutputStream:75 - [STDERR_REDIRECT] 
2025-07-22 21:22:11,344 [ERROR] LogOutputStream:75 - [STDERR_REDIRECT] [Fatal Error] :1:1: Premature end of file.
2025-07-22 21:22:11,344 [ERROR] LogOutputStream:75 - [STDERR_REDIRECT] 
2025-07-22 21:22:11,371 [ERROR] LogOutputStream:75 - [STDERR_REDIRECT] [Fatal Error] :1:1: Premature end of file.
2025-07-22 21:22:11,371 [ERROR] LogOutputStream:75 - [STDERR_REDIRECT] 
2025-07-22 21:22:11,395 [ERROR] LogOutputStream:75 - [STDERR_REDIRECT] [Fatal Error] :1:1: Premature end of file.
2025-07-22 21:22:11,395 [ERROR] LogOutputStream:75 - [STDERR_REDIRECT] 
2025-07-22 21:22:11,419 [ERROR] LogOutputStream:75 - [STDERR_REDIRECT] [Fatal Error] :1:1: Premature end of file.
2025-07-22 21:22:11,419 [ERROR] LogOutputStream:75 - [STDERR_REDIRECT] 
2025-07-22 21:22:11,444 [ERROR] LogOutputStream:75 - [STDERR_REDIRECT] [Fatal Error] :1:1: Premature end of file.
2025-07-22 21:22:11,444 [ERROR] LogOutputStream:75 - [STDERR_REDIRECT] 
2025-07-22 21:22:11,468 [ERROR] LogOutputStream:75 - [STDERR_REDIRECT] [Fatal Error] :1:1: Premature end of file.
2025-07-22 21:22:11,469 [ERROR] LogOutputStream:75 - [STDERR_REDIRECT] 
2025-07-22 21:22:11,493 [ERROR] LogOutputStream:75 - [STDERR_REDIRECT] [Fatal Error] :1:1: Premature end of file.
2025-07-22 21:22:11,493 [ERROR] LogOutputStream:75 - [STDERR_REDIRECT] 
2025-07-22 21:22:11,518 [ERROR] LogOutputStream:75 - [STDERR_REDIRECT] [Fatal Error] :1:1: Premature end of file.
2025-07-22 21:22:11,518 [ERROR] LogOutputStream:75 - [STDERR_REDIRECT] 
2025-07-22 21:22:11,541 [ERROR] LogOutputStream:75 - [STDERR_REDIRECT] [Fatal Error] :1:1: Premature end of file.
2025-07-22 21:22:11,541 [ERROR] LogOutputStream:75 - [STDERR_REDIRECT] 
2025-07-22 21:22:11,568 [ERROR] LogOutputStream:75 - [STDERR_REDIRECT] [Fatal Error] :1:1: Premature end of file.
2025-07-22 21:22:11,568 [ERROR] LogOutputStream:75 - [STDERR_REDIRECT] 
2025-07-22 21:22:11,592 [ERROR] LogOutputStream:75 - [STDERR_REDIRECT] [Fatal Error] :1:1: Premature end of file.
2025-07-22 21:22:11,592 [ERROR] LogOutputStream:75 - [STDERR_REDIRECT] 
2025-07-22 21:22:11,617 [ERROR] LogOutputStream:75 - [STDERR_REDIRECT] [Fatal Error] :1:1: Premature end of file.
2025-07-22 21:22:11,617 [ERROR] LogOutputStream:75 - [STDERR_REDIRECT] 
2025-07-22 21:22:11,643 [ERROR] LogOutputStream:75 - [STDERR_REDIRECT] [Fatal Error] :1:1: Premature end of file.
2025-07-22 21:22:11,643 [ERROR] LogOutputStream:75 - [STDERR_REDIRECT] 
2025-07-22 21:22:11,668 [ERROR] LogOutputStream:75 - [STDERR_REDIRECT] [Fatal Error] :1:1: Premature end of file.
2025-07-22 21:22:11,668 [ERROR] LogOutputStream:75 - [STDERR_REDIRECT] 
2025-07-22 21:22:11,693 [ERROR] LogOutputStream:75 - [STDERR_REDIRECT] [Fatal Error] :1:1: Premature end of file.
2025-07-22 21:22:11,693 [ERROR] LogOutputStream:75 - [STDERR_REDIRECT] 
2025-07-22 21:22:11,718 [ERROR] LogOutputStream:75 - [STDERR_REDIRECT] [Fatal Error] :1:1: Premature end of file.
2025-07-22 21:22:11,718 [ERROR] LogOutputStream:75 - [STDERR_REDIRECT] 
2025-07-22 21:22:11,744 [ERROR] LogOutputStream:75 - [STDERR_REDIRECT] [Fatal Error] :1:1: Premature end of file.
2025-07-22 21:22:11,744 [ERROR] LogOutputStream:75 - [STDERR_REDIRECT] 
2025-07-22 21:22:11,769 [ERROR] LogOutputStream:75 - [STDERR_REDIRECT] [Fatal Error] :1:1: Premature end of file.
2025-07-22 21:22:11,769 [ERROR] LogOutputStream:75 - [STDERR_REDIRECT] 
2025-07-22 21:22:11,793 [ERROR] LogOutputStream:75 - [STDERR_REDIRECT] [Fatal Error] :1:1: Premature end of file.
2025-07-22 21:22:11,793 [ERROR] LogOutputStream:75 - [STDERR_REDIRECT] 
2025-07-22 21:22:11,817 [ERROR] LogOutputStream:75 - [STDERR_REDIRECT] [Fatal Error] :1:1: Premature end of file.
2025-07-22 21:22:11,818 [ERROR] LogOutputStream:75 - [STDERR_REDIRECT] 
2025-07-22 21:22:11,841 [ERROR] LogOutputStream:75 - [STDERR_REDIRECT] [Fatal Error] :1:1: Premature end of file.
2025-07-22 21:22:11,841 [ERROR] LogOutputStream:75 - [STDERR_REDIRECT] 
2025-07-22 21:22:11,865 [ERROR] LogOutputStream:75 - [STDERR_REDIRECT] [Fatal Error] :1:1: Premature end of file.
2025-07-22 21:22:11,865 [ERROR] LogOutputStream:75 - [STDERR_REDIRECT] 
2025-07-22 21:22:11,904 [ERROR] LogOutputStream:75 - [STDERR_REDIRECT] [Fatal Error] :1:1: Premature end of file.
2025-07-22 21:22:11,904 [ERROR] LogOutputStream:75 - [STDERR_REDIRECT] 
2025-07-22 21:22:11,930 [ERROR] LogOutputStream:75 - [STDERR_REDIRECT] [Fatal Error] :1:1: Premature end of file.
2025-07-22 21:22:11,930 [ERROR] LogOutputStream:75 - [STDERR_REDIRECT] 
2025-07-22 21:22:11,954 [ERROR] LogOutputStream:75 - [STDERR_REDIRECT] [Fatal Error] :1:1: Premature end of file.
2025-07-22 21:22:11,955 [ERROR] LogOutputStream:75 - [STDERR_REDIRECT] 
2025-07-22 21:22:11,977 [ERROR] LogOutputStream:75 - [STDERR_REDIRECT] [Fatal Error] :1:1: Premature end of file.
2025-07-22 21:22:11,977 [ERROR] LogOutputStream:75 - [STDERR_REDIRECT] 
2025-07-22 21:22:12,002 [ERROR] LogOutputStream:75 - [STDERR_REDIRECT] [Fatal Error] :1:1: Premature end of file.
2025-07-22 21:22:12,002 [ERROR] LogOutputStream:75 - [STDERR_REDIRECT] 
2025-07-22 21:22:12,029 [ERROR] LogOutputStream:75 - [STDERR_REDIRECT] [Fatal Error] :1:1: Premature end of file.
2025-07-22 21:22:12,029 [ERROR] LogOutputStream:75 - [STDERR_REDIRECT] 
2025-07-22 21:22:12,054 [ERROR] LogOutputStream:75 - [STDERR_REDIRECT] [Fatal Error] :1:1: Premature end of file.
2025-07-22 21:22:12,054 [ERROR] LogOutputStream:75 - [STDERR_REDIRECT] 
2025-07-22 21:22:12,077 [ERROR] LogOutputStream:75 - [STDERR_REDIRECT] [Fatal Error] :1:1: Premature end of file.
2025-07-22 21:22:12,077 [ERROR] LogOutputStream:75 - [STDERR_REDIRECT] 
2025-07-22 21:22:12,102 [ERROR] LogOutputStream:75 - [STDERR_REDIRECT] [Fatal Error] :1:1: Premature end of file.
2025-07-22 21:22:12,102 [ERROR] LogOutputStream:75 - [STDERR_REDIRECT] 
2025-07-22 21:22:12,126 [ERROR] LogOutputStream:75 - [STDERR_REDIRECT] [Fatal Error] :1:1: Premature end of file.
2025-07-22 21:22:12,127 [ERROR] LogOutputStream:75 - [STDERR_REDIRECT] 
2025-07-22 21:22:12,153 [ERROR] LogOutputStream:75 - [STDERR_REDIRECT] [Fatal Error] :1:1: Premature end of file.
2025-07-22 21:22:12,153 [ERROR] LogOutputStream:75 - [STDERR_REDIRECT] 
2025-07-22 21:22:12,176 [ERROR] LogOutputStream:75 - [STDERR_REDIRECT] [Fatal Error] :1:1: Premature end of file.
2025-07-22 21:22:12,176 [ERROR] LogOutputStream:75 - [STDERR_REDIRECT] 
2025-07-22 21:22:12,204 [ERROR] LogOutputStream:75 - [STDERR_REDIRECT] [Fatal Error] :1:1: Premature end of file.
2025-07-22 21:22:12,204 [ERROR] LogOutputStream:75 - [STDERR_REDIRECT] 
2025-07-22 21:22:12,228 [ERROR] LogOutputStream:75 - [STDERR_REDIRECT] [Fatal Error] :1:1: Premature end of file.
2025-07-22 21:22:12,228 [ERROR] LogOutputStream:75 - [STDERR_REDIRECT] 
2025-07-22 21:22:12,252 [ERROR] LogOutputStream:75 - [STDERR_REDIRECT] [Fatal Error] :1:1: Premature end of file.
2025-07-22 21:22:12,252 [ERROR] LogOutputStream:75 - [STDERR_REDIRECT] 
2025-07-22 21:22:12,276 [ERROR] LogOutputStream:75 - [STDERR_REDIRECT] [Fatal Error] :1:1: Premature end of file.
2025-07-22 21:22:12,276 [ERROR] LogOutputStream:75 - [STDERR_REDIRECT] 
2025-07-22 21:22:12,301 [ERROR] LogOutputStream:75 - [STDERR_REDIRECT] [Fatal Error] :1:1: Premature end of file.
2025-07-22 21:22:12,301 [ERROR] LogOutputStream:75 - [STDERR_REDIRECT] 
2025-07-22 21:22:12,324 [ERROR] LogOutputStream:75 - [STDERR_REDIRECT] [Fatal Error] :1:1: Premature end of file.
2025-07-22 21:22:12,324 [ERROR] LogOutputStream:75 - [STDERR_REDIRECT] 
2025-07-22 21:22:12,351 [ERROR] LogOutputStream:75 - [STDERR_REDIRECT] [Fatal Error] :1:1: Premature end of file.
2025-07-22 21:22:12,351 [ERROR] LogOutputStream:75 - [STDERR_REDIRECT] 
2025-07-22 21:22:12,375 [ERROR] LogOutputStream:75 - [STDERR_REDIRECT] [Fatal Error] :1:1: Premature end of file.
2025-07-22 21:22:12,375 [ERROR] LogOutputStream:75 - [STDERR_REDIRECT] 
2025-07-22 21:22:12,399 [ERROR] LogOutputStream:75 - [STDERR_REDIRECT] [Fatal Error] :1:1: Premature end of file.
2025-07-22 21:22:12,399 [ERROR] LogOutputStream:75 - [STDERR_REDIRECT] 
2025-07-22 21:22:12,423 [ERROR] LogOutputStream:75 - [STDERR_REDIRECT] [Fatal Error] :1:1: Premature end of file.
2025-07-22 21:22:12,423 [ERROR] LogOutputStream:75 - [STDERR_REDIRECT] 
2025-07-22 21:22:12,449 [ERROR] LogOutputStream:75 - [STDERR_REDIRECT] [Fatal Error] :1:1: Premature end of file.
2025-07-22 21:22:12,449 [ERROR] LogOutputStream:75 - [STDERR_REDIRECT] 
2025-07-22 21:22:12,472 [ERROR] LogOutputStream:75 - [STDERR_REDIRECT] [Fatal Error] :1:1: Premature end of file.
2025-07-22 21:22:12,472 [ERROR] LogOutputStream:75 - [STDERR_REDIRECT] 
2025-07-22 21:22:12,497 [ERROR] LogOutputStream:75 - [STDERR_REDIRECT] [Fatal Error] :1:1: Premature end of file.
2025-07-22 21:22:12,497 [ERROR] LogOutputStream:75 - [STDERR_REDIRECT] 
2025-07-22 21:22:12,521 [ERROR] LogOutputStream:75 - [STDERR_REDIRECT] [Fatal Error] :1:1: Premature end of file.
2025-07-22 21:22:12,521 [ERROR] LogOutputStream:75 - [STDERR_REDIRECT] 
2025-07-22 21:22:12,545 [ERROR] LogOutputStream:75 - [STDERR_REDIRECT] [Fatal Error] :1:1: Premature end of file.
2025-07-22 21:22:12,545 [ERROR] LogOutputStream:75 - [STDERR_REDIRECT] 
2025-07-22 21:22:12,571 [ERROR] LogOutputStream:75 - [STDERR_REDIRECT] [Fatal Error] :1:1: Premature end of file.
2025-07-22 21:22:12,571 [ERROR] LogOutputStream:75 - [STDERR_REDIRECT] 
2025-07-22 21:22:12,594 [ERROR] LogOutputStream:75 - [STDERR_REDIRECT] [Fatal Error] :1:1: Premature end of file.
2025-07-22 21:22:12,594 [ERROR] LogOutputStream:75 - [STDERR_REDIRECT] 
2025-07-22 21:22:12,619 [ERROR] LogOutputStream:75 - [STDERR_REDIRECT] [Fatal Error] :1:1: Premature end of file.
2025-07-22 21:22:12,619 [ERROR] LogOutputStream:75 - [STDERR_REDIRECT] 
2025-07-22 21:22:12,643 [ERROR] LogOutputStream:75 - [STDERR_REDIRECT] [Fatal Error] :1:1: Premature end of file.
2025-07-22 21:22:12,644 [ERROR] LogOutputStream:75 - [STDERR_REDIRECT] 
2025-07-22 21:22:12,670 [ERROR] LogOutputStream:75 - [STDERR_REDIRECT] [Fatal Error] :1:1: Premature end of file.
2025-07-22 21:22:12,670 [ERROR] LogOutputStream:75 - [STDERR_REDIRECT] 
2025-07-22 21:22:12,695 [ERROR] LogOutputStream:75 - [STDERR_REDIRECT] [Fatal Error] :1:1: Premature end of file.
2025-07-22 21:22:12,695 [ERROR] LogOutputStream:75 - [STDERR_REDIRECT] 
2025-07-22 21:22:12,720 [ERROR] LogOutputStream:75 - [STDERR_REDIRECT] [Fatal Error] :1:1: Premature end of file.
2025-07-22 21:22:12,721 [ERROR] LogOutputStream:75 - [STDERR_REDIRECT] 
2025-07-22 21:22:12,746 [ERROR] LogOutputStream:75 - [STDERR_REDIRECT] [Fatal Error] :1:1: Premature end of file.
2025-07-22 21:22:12,746 [ERROR] LogOutputStream:75 - [STDERR_REDIRECT] 
2025-07-22 21:22:12,771 [ERROR] LogOutputStream:75 - [STDERR_REDIRECT] [Fatal Error] :1:1: Premature end of file.
2025-07-22 21:22:12,771 [ERROR] LogOutputStream:75 - [STDERR_REDIRECT] 
2025-07-22 21:22:12,800 [ERROR] LogOutputStream:75 - [STDERR_REDIRECT] [Fatal Error] :1:1: Premature end of file.
2025-07-22 21:22:12,800 [ERROR] LogOutputStream:75 - [STDERR_REDIRECT] 
2025-07-22 21:22:12,824 [ERROR] LogOutputStream:75 - [STDERR_REDIRECT] [Fatal Error] :1:1: Premature end of file.
2025-07-22 21:22:12,824 [ERROR] LogOutputStream:75 - [STDERR_REDIRECT] 
2025-07-22 21:22:12,850 [ERROR] LogOutputStream:75 - [STDERR_REDIRECT] [Fatal Error] :1:1: Premature end of file.
2025-07-22 21:22:12,850 [ERROR] LogOutputStream:75 - [STDERR_REDIRECT] 
2025-07-22 21:22:12,874 [ERROR] LogOutputStream:75 - [STDERR_REDIRECT] [Fatal Error] :1:1: Premature end of file.
2025-07-22 21:22:12,874 [ERROR] LogOutputStream:75 - [STDERR_REDIRECT] 
2025-07-22 21:22:12,901 [ERROR] LogOutputStream:75 - [STDERR_REDIRECT] [Fatal Error] :1:1: Premature end of file.
2025-07-22 21:22:12,901 [ERROR] LogOutputStream:75 - [STDERR_REDIRECT] 
2025-07-22 21:22:12,926 [ERROR] LogOutputStream:75 - [STDERR_REDIRECT] [Fatal Error] :1:1: Premature end of file.
2025-07-22 21:22:12,926 [ERROR] LogOutputStream:75 - [STDERR_REDIRECT] 
2025-07-22 21:22:12,952 [ERROR] LogOutputStream:75 - [STDERR_REDIRECT] [Fatal Error] :1:1: Premature end of file.
2025-07-22 21:22:12,952 [ERROR] LogOutputStream:75 - [STDERR_REDIRECT] 
2025-07-22 21:22:12,978 [ERROR] LogOutputStream:75 - [STDERR_REDIRECT] [Fatal Error] :1:1: Premature end of file.
2025-07-22 21:22:12,978 [ERROR] LogOutputStream:75 - [STDERR_REDIRECT] 
2025-07-22 21:22:13,005 [ERROR] LogOutputStream:75 - [STDERR_REDIRECT] [Fatal Error] :1:1: Premature end of file.
2025-07-22 21:22:13,005 [ERROR] LogOutputStream:75 - [STDERR_REDIRECT] 
2025-07-22 21:22:13,029 [ERROR] LogOutputStream:75 - [STDERR_REDIRECT] [Fatal Error] :1:1: Premature end of file.
2025-07-22 21:22:13,029 [ERROR] LogOutputStream:75 - [STDERR_REDIRECT] 
2025-07-22 21:22:13,053 [ERROR] LogOutputStream:75 - [STDERR_REDIRECT] [Fatal Error] :1:1: Premature end of file.
2025-07-22 21:22:13,053 [ERROR] LogOutputStream:75 - [STDERR_REDIRECT] 
2025-07-22 21:22:13,076 [ERROR] LogOutputStream:75 - [STDERR_REDIRECT] [Fatal Error] :1:1: Premature end of file.
2025-07-22 21:22:13,076 [ERROR] LogOutputStream:75 - [STDERR_REDIRECT] 
2025-07-22 21:22:13,100 [ERROR] LogOutputStream:75 - [STDERR_REDIRECT] [Fatal Error] :1:1: Premature end of file.
2025-07-22 21:22:13,100 [ERROR] LogOutputStream:75 - [STDERR_REDIRECT] 
2025-07-22 21:22:13,125 [ERROR] LogOutputStream:75 - [STDERR_REDIRECT] [Fatal Error] :1:1: Premature end of file.
2025-07-22 21:22:13,125 [ERROR] LogOutputStream:75 - [STDERR_REDIRECT] 
2025-07-22 21:22:13,150 [ERROR] LogOutputStream:75 - [STDERR_REDIRECT] [Fatal Error] :1:1: Premature end of file.
2025-07-22 21:22:13,150 [ERROR] LogOutputStream:75 - [STDERR_REDIRECT] 
2025-07-22 21:22:13,172 [ERROR] LogOutputStream:75 - [STDERR_REDIRECT] [Fatal Error] :1:1: Premature end of file.
2025-07-22 21:22:13,172 [ERROR] LogOutputStream:75 - [STDERR_REDIRECT] 
2025-07-22 21:22:13,197 [ERROR] LogOutputStream:75 - [STDERR_REDIRECT] [Fatal Error] :1:1: Premature end of file.
2025-07-22 21:22:13,197 [ERROR] LogOutputStream:75 - [STDERR_REDIRECT] 
2025-07-22 21:22:13,221 [ERROR] LogOutputStream:75 - [STDERR_REDIRECT] [Fatal Error] :1:1: Premature end of file.
2025-07-22 21:22:13,221 [ERROR] LogOutputStream:75 - [STDERR_REDIRECT] 
2025-07-22 21:22:13,247 [ERROR] LogOutputStream:75 - [STDERR_REDIRECT] [Fatal Error] :1:1: Premature end of file.
2025-07-22 21:22:13,247 [ERROR] LogOutputStream:75 - [STDERR_REDIRECT] 
2025-07-22 21:22:13,274 [ERROR] LogOutputStream:75 - [STDERR_REDIRECT] [Fatal Error] :1:1: Premature end of file.
2025-07-22 21:22:13,274 [ERROR] LogOutputStream:75 - [STDERR_REDIRECT] 
2025-07-22 21:22:13,301 [ERROR] LogOutputStream:75 - [STDERR_REDIRECT] [Fatal Error] :1:1: Premature end of file.
2025-07-22 21:22:13,302 [ERROR] LogOutputStream:75 - [STDERR_REDIRECT] 
2025-07-22 21:22:13,329 [ERROR] LogOutputStream:75 - [STDERR_REDIRECT] [Fatal Error] :1:1: Premature end of file.
2025-07-22 21:22:13,329 [ERROR] LogOutputStream:75 - [STDERR_REDIRECT] 
2025-07-22 21:22:13,360 [ERROR] LogOutputStream:75 - [STDERR_REDIRECT] [Fatal Error] :1:1: Premature end of file.
2025-07-22 21:22:13,360 [ERROR] LogOutputStream:75 - [STDERR_REDIRECT] 
2025-07-22 21:22:13,391 [ERROR] LogOutputStream:75 - [STDERR_REDIRECT] [Fatal Error] :1:1: Premature end of file.
2025-07-22 21:22:13,391 [ERROR] LogOutputStream:75 - [STDERR_REDIRECT] 
2025-07-22 21:22:13,418 [ERROR] LogOutputStream:75 - [STDERR_REDIRECT] [Fatal Error] :1:1: Premature end of file.
2025-07-22 21:22:13,418 [ERROR] LogOutputStream:75 - [STDERR_REDIRECT] 
2025-07-22 21:22:13,443 [ERROR] LogOutputStream:75 - [STDERR_REDIRECT] [Fatal Error] :1:1: Premature end of file.
2025-07-22 21:22:13,443 [ERROR] LogOutputStream:75 - [STDERR_REDIRECT] 
2025-07-22 21:22:13,469 [ERROR] LogOutputStream:75 - [STDERR_REDIRECT] [Fatal Error] :1:1: Premature end of file.
2025-07-22 21:22:13,470 [ERROR] LogOutputStream:75 - [STDERR_REDIRECT] 
2025-07-22 21:22:13,493 [ERROR] LogOutputStream:75 - [STDERR_REDIRECT] [Fatal Error] :1:1: Premature end of file.
2025-07-22 21:22:13,493 [ERROR] LogOutputStream:75 - [STDERR_REDIRECT] 
2025-07-22 21:22:13,517 [ERROR] LogOutputStream:75 - [STDERR_REDIRECT] [Fatal Error] :1:1: Premature end of file.
2025-07-22 21:22:13,517 [ERROR] LogOutputStream:75 - [STDERR_REDIRECT] 
2025-07-22 21:22:13,541 [ERROR] LogOutputStream:75 - [STDERR_REDIRECT] [Fatal Error] :1:1: Premature end of file.
2025-07-22 21:22:13,541 [ERROR] LogOutputStream:75 - [STDERR_REDIRECT] 
2025-07-22 21:22:13,566 [ERROR] LogOutputStream:75 - [STDERR_REDIRECT] [Fatal Error] :1:1: Premature end of file.
2025-07-22 21:22:13,567 [ERROR] LogOutputStream:75 - [STDERR_REDIRECT] 
2025-07-22 21:22:13,591 [ERROR] LogOutputStream:75 - [STDERR_REDIRECT] [Fatal Error] :1:1: Premature end of file.
2025-07-22 21:22:13,591 [ERROR] LogOutputStream:75 - [STDERR_REDIRECT] 
2025-07-22 21:22:13,616 [ERROR] LogOutputStream:75 - [STDERR_REDIRECT] [Fatal Error] :1:1: Premature end of file.
2025-07-22 21:22:13,616 [ERROR] LogOutputStream:75 - [STDERR_REDIRECT] 
2025-07-22 21:22:13,640 [ERROR] LogOutputStream:75 - [STDERR_REDIRECT] [Fatal Error] :1:1: Premature end of file.
2025-07-22 21:22:13,640 [ERROR] LogOutputStream:75 - [STDERR_REDIRECT] 
2025-07-22 21:22:13,666 [ERROR] LogOutputStream:75 - [STDERR_REDIRECT] [Fatal Error] :1:1: Premature end of file.
2025-07-22 21:22:13,666 [ERROR] LogOutputStream:75 - [STDERR_REDIRECT] 
2025-07-22 21:22:13,690 [ERROR] LogOutputStream:75 - [STDERR_REDIRECT] [Fatal Error] :1:1: Premature end of file.
2025-07-22 21:22:13,690 [ERROR] LogOutputStream:75 - [STDERR_REDIRECT] 
2025-07-22 21:22:13,716 [ERROR] LogOutputStream:75 - [STDERR_REDIRECT] [Fatal Error] :1:1: Premature end of file.
2025-07-22 21:22:13,716 [ERROR] LogOutputStream:75 - [STDERR_REDIRECT] 
2025-07-22 21:22:13,741 [ERROR] LogOutputStream:75 - [STDERR_REDIRECT] [Fatal Error] :1:1: Premature end of file.
2025-07-22 21:22:13,741 [ERROR] LogOutputStream:75 - [STDERR_REDIRECT] 
2025-07-22 21:22:13,768 [ERROR] LogOutputStream:75 - [STDERR_REDIRECT] [Fatal Error] :1:1: Premature end of file.
2025-07-22 21:22:13,768 [ERROR] LogOutputStream:75 - [STDERR_REDIRECT] 
2025-07-22 21:22:13,793 [ERROR] LogOutputStream:75 - [STDERR_REDIRECT] [Fatal Error] :1:1: Premature end of file.
2025-07-22 21:22:13,793 [ERROR] LogOutputStream:75 - [STDERR_REDIRECT] 
2025-07-22 21:22:13,818 [ERROR] LogOutputStream:75 - [STDERR_REDIRECT] [Fatal Error] :1:1: Premature end of file.
2025-07-22 21:22:13,818 [ERROR] LogOutputStream:75 - [STDERR_REDIRECT] 
2025-07-22 21:22:13,843 [ERROR] LogOutputStream:75 - [STDERR_REDIRECT] [Fatal Error] :1:1: Premature end of file.
2025-07-22 21:22:13,843 [ERROR] LogOutputStream:75 - [STDERR_REDIRECT] 
2025-07-22 21:22:13,870 [ERROR] LogOutputStream:75 - [STDERR_REDIRECT] [Fatal Error] :1:1: Premature end of file.
2025-07-22 21:22:13,870 [ERROR] LogOutputStream:75 - [STDERR_REDIRECT] 
2025-07-22 21:22:13,894 [ERROR] LogOutputStream:75 - [STDERR_REDIRECT] [Fatal Error] :1:1: Premature end of file.
2025-07-22 21:22:13,894 [ERROR] LogOutputStream:75 - [STDERR_REDIRECT] 
2025-07-22 21:22:13,919 [ERROR] LogOutputStream:75 - [STDERR_REDIRECT] [Fatal Error] :1:1: Premature end of file.
2025-07-22 21:22:13,919 [ERROR] LogOutputStream:75 - [STDERR_REDIRECT] 
2025-07-22 21:22:13,943 [ERROR] LogOutputStream:75 - [STDERR_REDIRECT] [Fatal Error] :1:1: Premature end of file.
2025-07-22 21:22:13,944 [ERROR] LogOutputStream:75 - [STDERR_REDIRECT] 
2025-07-22 21:22:13,967 [ERROR] LogOutputStream:75 - [STDERR_REDIRECT] [Fatal Error] :1:1: Premature end of file.
2025-07-22 21:22:13,968 [ERROR] LogOutputStream:75 - [STDERR_REDIRECT] 
2025-07-22 21:22:13,991 [ERROR] LogOutputStream:75 - [STDERR_REDIRECT] [Fatal Error] :1:1: Premature end of file.
2025-07-22 21:22:13,991 [ERROR] LogOutputStream:75 - [STDERR_REDIRECT] 
2025-07-22 21:22:14,014 [ERROR] LogOutputStream:75 - [STDERR_REDIRECT] [Fatal Error] :1:1: Premature end of file.
2025-07-22 21:22:14,014 [ERROR] LogOutputStream:75 - [STDERR_REDIRECT] 
2025-07-22 21:22:14,041 [ERROR] LogOutputStream:75 - [STDERR_REDIRECT] [Fatal Error] :1:1: Premature end of file.
2025-07-22 21:22:14,041 [ERROR] LogOutputStream:75 - [STDERR_REDIRECT] 
2025-07-22 21:22:14,068 [ERROR] LogOutputStream:75 - [STDERR_REDIRECT] [Fatal Error] :1:1: Premature end of file.
2025-07-22 21:22:14,069 [ERROR] LogOutputStream:75 - [STDERR_REDIRECT] 
2025-07-22 21:22:14,095 [ERROR] LogOutputStream:75 - [STDERR_REDIRECT] [Fatal Error] :1:1: Premature end of file.
2025-07-22 21:22:14,095 [ERROR] LogOutputStream:75 - [STDERR_REDIRECT] 
2025-07-22 21:22:14,118 [ERROR] LogOutputStream:75 - [STDERR_REDIRECT] [Fatal Error] :1:1: Premature end of file.
2025-07-22 21:22:14,118 [ERROR] LogOutputStream:75 - [STDERR_REDIRECT] 
2025-07-22 21:22:14,142 [ERROR] LogOutputStream:75 - [STDERR_REDIRECT] [Fatal Error] :1:1: Premature end of file.
2025-07-22 21:22:14,142 [ERROR] LogOutputStream:75 - [STDERR_REDIRECT] 
2025-07-22 21:22:14,166 [ERROR] LogOutputStream:75 - [STDERR_REDIRECT] [Fatal Error] :1:1: Premature end of file.
2025-07-22 21:22:14,166 [ERROR] LogOutputStream:75 - [STDERR_REDIRECT] 
2025-07-22 21:22:14,190 [ERROR] LogOutputStream:75 - [STDERR_REDIRECT] [Fatal Error] :1:1: Premature end of file.
2025-07-22 21:22:14,190 [ERROR] LogOutputStream:75 - [STDERR_REDIRECT] 
2025-07-22 21:22:14,214 [ERROR] LogOutputStream:75 - [STDERR_REDIRECT] [Fatal Error] :1:1: Premature end of file.
2025-07-22 21:22:14,214 [ERROR] LogOutputStream:75 - [STDERR_REDIRECT] 
2025-07-22 21:22:14,237 [ERROR] LogOutputStream:75 - [STDERR_REDIRECT] [Fatal Error] :1:1: Premature end of file.
2025-07-22 21:22:14,237 [ERROR] LogOutputStream:75 - [STDERR_REDIRECT] 
2025-07-22 21:22:14,261 [ERROR] LogOutputStream:75 - [STDERR_REDIRECT] [Fatal Error] :1:1: Premature end of file.
2025-07-22 21:22:14,261 [ERROR] LogOutputStream:75 - [STDERR_REDIRECT] 
2025-07-22 21:22:14,285 [ERROR] LogOutputStream:75 - [STDERR_REDIRECT] [Fatal Error] :1:1: Premature end of file.
2025-07-22 21:22:14,285 [ERROR] LogOutputStream:75 - [STDERR_REDIRECT] 
2025-07-22 21:22:14,310 [ERROR] LogOutputStream:75 - [STDERR_REDIRECT] [Fatal Error] :1:1: Premature end of file.
2025-07-22 21:22:14,310 [ERROR] LogOutputStream:75 - [STDERR_REDIRECT] 
2025-07-22 21:22:14,334 [ERROR] LogOutputStream:75 - [STDERR_REDIRECT] [Fatal Error] :1:1: Premature end of file.
2025-07-22 21:22:14,335 [ERROR] LogOutputStream:75 - [STDERR_REDIRECT] 
2025-07-22 21:22:14,358 [ERROR] LogOutputStream:75 - [STDERR_REDIRECT] [Fatal Error] :1:1: Premature end of file.
2025-07-22 21:22:14,358 [ERROR] LogOutputStream:75 - [STDERR_REDIRECT] 
2025-07-22 21:22:14,380 [ERROR] LogOutputStream:75 - [STDERR_REDIRECT] [Fatal Error] :1:1: Premature end of file.
2025-07-22 21:22:14,380 [ERROR] LogOutputStream:75 - [STDERR_REDIRECT] 
2025-07-22 21:22:14,403 [ERROR] LogOutputStream:75 - [STDERR_REDIRECT] [Fatal Error] :1:1: Premature end of file.
2025-07-22 21:22:14,403 [ERROR] LogOutputStream:75 - [STDERR_REDIRECT] 
2025-07-22 21:22:14,427 [ERROR] LogOutputStream:75 - [STDERR_REDIRECT] [Fatal Error] :1:1: Premature end of file.
2025-07-22 21:22:14,427 [ERROR] LogOutputStream:75 - [STDERR_REDIRECT] 
2025-07-22 21:22:14,452 [ERROR] LogOutputStream:75 - [STDERR_REDIRECT] [Fatal Error] :1:1: Premature end of file.
2025-07-22 21:22:14,452 [ERROR] LogOutputStream:75 - [STDERR_REDIRECT] 
2025-07-22 21:22:14,477 [ERROR] LogOutputStream:75 - [STDERR_REDIRECT] [Fatal Error] :1:1: Premature end of file.
2025-07-22 21:22:14,477 [ERROR] LogOutputStream:75 - [STDERR_REDIRECT] 
2025-07-22 21:22:14,502 [ERROR] LogOutputStream:75 - [STDERR_REDIRECT] [Fatal Error] :1:1: Premature end of file.
2025-07-22 21:22:14,503 [ERROR] LogOutputStream:75 - [STDERR_REDIRECT] 
2025-07-22 21:22:14,527 [ERROR] LogOutputStream:75 - [STDERR_REDIRECT] [Fatal Error] :1:1: Premature end of file.
2025-07-22 21:22:14,527 [ERROR] LogOutputStream:75 - [STDERR_REDIRECT] 
2025-07-22 21:22:14,551 [ERROR] LogOutputStream:75 - [STDERR_REDIRECT] [Fatal Error] :1:1: Premature end of file.
2025-07-22 21:22:14,551 [ERROR] LogOutputStream:75 - [STDERR_REDIRECT] 
2025-07-22 21:22:14,575 [ERROR] LogOutputStream:75 - [STDERR_REDIRECT] [Fatal Error] :1:1: Premature end of file.
2025-07-22 21:22:14,575 [ERROR] LogOutputStream:75 - [STDERR_REDIRECT] 
2025-07-22 21:22:14,600 [ERROR] LogOutputStream:75 - [STDERR_REDIRECT] [Fatal Error] :1:1: Premature end of file.
2025-07-22 21:22:14,600 [ERROR] LogOutputStream:75 - [STDERR_REDIRECT] 
2025-07-22 21:22:14,625 [ERROR] LogOutputStream:75 - [STDERR_REDIRECT] [Fatal Error] :1:1: Premature end of file.
2025-07-22 21:22:14,625 [ERROR] LogOutputStream:75 - [STDERR_REDIRECT] 
2025-07-22 21:22:14,651 [ERROR] LogOutputStream:75 - [STDERR_REDIRECT] [Fatal Error] :1:1: Premature end of file.
2025-07-22 21:22:14,651 [ERROR] LogOutputStream:75 - [STDERR_REDIRECT] 
2025-07-22 21:22:14,673 [ERROR] LogOutputStream:75 - [STDERR_REDIRECT] [Fatal Error] :1:1: Premature end of file.
2025-07-22 21:22:14,674 [ERROR] LogOutputStream:75 - [STDERR_REDIRECT] 
2025-07-22 21:22:14,701 [ERROR] LogOutputStream:75 - [STDERR_REDIRECT] [Fatal Error] :1:1: Premature end of file.
2025-07-22 21:22:14,701 [ERROR] LogOutputStream:75 - [STDERR_REDIRECT] 
2025-07-22 21:22:14,725 [ERROR] LogOutputStream:75 - [STDERR_REDIRECT] [Fatal Error] :1:1: Premature end of file.
2025-07-22 21:22:14,725 [ERROR] LogOutputStream:75 - [STDERR_REDIRECT] 
2025-07-22 21:22:14,751 [ERROR] LogOutputStream:75 - [STDERR_REDIRECT] [Fatal Error] :1:1: Premature end of file.
2025-07-22 21:22:14,751 [ERROR] LogOutputStream:75 - [STDERR_REDIRECT] 
2025-07-22 21:22:14,775 [ERROR] LogOutputStream:75 - [STDERR_REDIRECT] [Fatal Error] :1:1: Premature end of file.
2025-07-22 21:22:14,775 [ERROR] LogOutputStream:75 - [STDERR_REDIRECT] 
2025-07-22 21:22:14,800 [ERROR] LogOutputStream:75 - [STDERR_REDIRECT] [Fatal Error] :1:1: Premature end of file.
2025-07-22 21:22:14,800 [ERROR] LogOutputStream:75 - [STDERR_REDIRECT] 
2025-07-22 21:22:14,825 [ERROR] LogOutputStream:75 - [STDERR_REDIRECT] [Fatal Error] :1:1: Premature end of file.
2025-07-22 21:22:14,825 [ERROR] LogOutputStream:75 - [STDERR_REDIRECT] 
2025-07-22 21:22:14,849 [ERROR] LogOutputStream:75 - [STDERR_REDIRECT] [Fatal Error] :1:1: Premature end of file.
2025-07-22 21:22:14,849 [ERROR] LogOutputStream:75 - [STDERR_REDIRECT] 
2025-07-22 21:22:14,873 [ERROR] LogOutputStream:75 - [STDERR_REDIRECT] [Fatal Error] :1:1: Premature end of file.
2025-07-22 21:22:14,873 [ERROR] LogOutputStream:75 - [STDERR_REDIRECT] 
2025-07-22 21:22:14,898 [ERROR] LogOutputStream:75 - [STDERR_REDIRECT] [Fatal Error] :1:1: Premature end of file.
2025-07-22 21:22:14,898 [ERROR] LogOutputStream:75 - [STDERR_REDIRECT] 
2025-07-22 21:22:14,924 [ERROR] LogOutputStream:75 - [STDERR_REDIRECT] [Fatal Error] :1:1: Premature end of file.
2025-07-22 21:22:14,924 [ERROR] LogOutputStream:75 - [STDERR_REDIRECT] 
2025-07-22 21:22:14,950 [ERROR] LogOutputStream:75 - [STDERR_REDIRECT] [Fatal Error] :1:1: Premature end of file.
2025-07-22 21:22:14,950 [ERROR] LogOutputStream:75 - [STDERR_REDIRECT] 
2025-07-22 21:22:14,973 [ERROR] LogOutputStream:75 - [STDERR_REDIRECT] [Fatal Error] :1:1: Premature end of file.
2025-07-22 21:22:14,973 [ERROR] LogOutputStream:75 - [STDERR_REDIRECT] 
2025-07-22 21:22:14,996 [ERROR] LogOutputStream:75 - [STDERR_REDIRECT] [Fatal Error] :1:1: Premature end of file.
2025-07-22 21:22:14,997 [ERROR] LogOutputStream:75 - [STDERR_REDIRECT] 
2025-07-22 21:22:15,020 [ERROR] LogOutputStream:75 - [STDERR_REDIRECT] [Fatal Error] :1:1: Premature end of file.
2025-07-22 21:22:15,020 [ERROR] LogOutputStream:75 - [STDERR_REDIRECT] 
2025-07-22 21:22:15,045 [ERROR] LogOutputStream:75 - [STDERR_REDIRECT] [Fatal Error] :1:1: Premature end of file.
2025-07-22 21:22:15,045 [ERROR] LogOutputStream:75 - [STDERR_REDIRECT] 
2025-07-22 21:22:15,071 [ERROR] LogOutputStream:75 - [STDERR_REDIRECT] [Fatal Error] :1:1: Premature end of file.
2025-07-22 21:22:15,071 [ERROR] LogOutputStream:75 - [STDERR_REDIRECT] 
2025-07-22 21:22:15,095 [ERROR] LogOutputStream:75 - [STDERR_REDIRECT] [Fatal Error] :1:1: Premature end of file.
2025-07-22 21:22:15,095 [ERROR] LogOutputStream:75 - [STDERR_REDIRECT] 
2025-07-22 21:22:15,121 [ERROR] LogOutputStream:75 - [STDERR_REDIRECT] [Fatal Error] :1:1: Premature end of file.
2025-07-22 21:22:15,121 [ERROR] LogOutputStream:75 - [STDERR_REDIRECT] 
2025-07-22 21:22:15,146 [ERROR] LogOutputStream:75 - [STDERR_REDIRECT] [Fatal Error] :1:1: Premature end of file.
2025-07-22 21:22:15,147 [ERROR] LogOutputStream:75 - [STDERR_REDIRECT] 
2025-07-22 21:22:15,184 [ERROR] LogOutputStream:75 - [STDERR_REDIRECT] [Fatal Error] :1:1: Premature end of file.
2025-07-22 21:22:15,184 [ERROR] LogOutputStream:75 - [STDERR_REDIRECT] 
2025-07-22 21:22:15,209 [ERROR] LogOutputStream:75 - [STDERR_REDIRECT] [Fatal Error] :1:1: Premature end of file.
2025-07-22 21:22:15,209 [ERROR] LogOutputStream:75 - [STDERR_REDIRECT] 
2025-07-22 21:22:15,235 [ERROR] LogOutputStream:75 - [STDERR_REDIRECT] [Fatal Error] :1:1: Premature end of file.
2025-07-22 21:22:15,235 [ERROR] LogOutputStream:75 - [STDERR_REDIRECT] 
2025-07-22 21:22:15,259 [ERROR] LogOutputStream:75 - [STDERR_REDIRECT] [Fatal Error] :1:1: Premature end of file.
2025-07-22 21:22:15,259 [ERROR] LogOutputStream:75 - [STDERR_REDIRECT] 
2025-07-22 21:22:15,285 [ERROR] LogOutputStream:75 - [STDERR_REDIRECT] [Fatal Error] :1:1: Premature end of file.
2025-07-22 21:22:15,285 [ERROR] LogOutputStream:75 - [STDERR_REDIRECT] 
2025-07-22 21:22:15,309 [ERROR] LogOutputStream:75 - [STDERR_REDIRECT] [Fatal Error] :1:1: Premature end of file.
2025-07-22 21:22:15,309 [ERROR] LogOutputStream:75 - [STDERR_REDIRECT] 
2025-07-22 21:22:15,335 [ERROR] LogOutputStream:75 - [STDERR_REDIRECT] [Fatal Error] :1:1: Premature end of file.
2025-07-22 21:22:15,335 [ERROR] LogOutputStream:75 - [STDERR_REDIRECT] 
2025-07-22 21:22:15,359 [ERROR] LogOutputStream:75 - [STDERR_REDIRECT] [Fatal Error] :1:1: Premature end of file.
2025-07-22 21:22:15,359 [ERROR] LogOutputStream:75 - [STDERR_REDIRECT] 
2025-07-22 21:22:15,384 [ERROR] LogOutputStream:75 - [STDERR_REDIRECT] [Fatal Error] :1:1: Premature end of file.
2025-07-22 21:22:15,384 [ERROR] LogOutputStream:75 - [STDERR_REDIRECT] 
2025-07-22 21:22:15,415 [ERROR] LogOutputStream:75 - [STDERR_REDIRECT] [Fatal Error] :1:1: Premature end of file.
2025-07-22 21:22:15,415 [ERROR] LogOutputStream:75 - [STDERR_REDIRECT] 
2025-07-22 21:22:15,439 [ERROR] LogOutputStream:75 - [STDERR_REDIRECT] [Fatal Error] :1:1: Premature end of file.
2025-07-22 21:22:15,439 [ERROR] LogOutputStream:75 - [STDERR_REDIRECT] 
2025-07-22 21:22:15,465 [ERROR] LogOutputStream:75 - [STDERR_REDIRECT] [Fatal Error] :1:1: Premature end of file.
2025-07-22 21:22:15,465 [ERROR] LogOutputStream:75 - [STDERR_REDIRECT] 
2025-07-22 21:22:15,489 [ERROR] LogOutputStream:75 - [STDERR_REDIRECT] [Fatal Error] :1:1: Premature end of file.
2025-07-22 21:22:15,489 [ERROR] LogOutputStream:75 - [STDERR_REDIRECT] 
2025-07-22 21:22:15,515 [ERROR] LogOutputStream:75 - [STDERR_REDIRECT] [Fatal Error] :1:1: Premature end of file.
2025-07-22 21:22:15,515 [ERROR] LogOutputStream:75 - [STDERR_REDIRECT] 
2025-07-22 21:22:15,539 [ERROR] LogOutputStream:75 - [STDERR_REDIRECT] [Fatal Error] :1:1: Premature end of file.
2025-07-22 21:22:15,539 [ERROR] LogOutputStream:75 - [STDERR_REDIRECT] 
2025-07-22 21:22:15,563 [ERROR] LogOutputStream:75 - [STDERR_REDIRECT] [Fatal Error] :1:1: Premature end of file.
2025-07-22 21:22:15,563 [ERROR] LogOutputStream:75 - [STDERR_REDIRECT] 
2025-07-22 21:22:15,588 [ERROR] LogOutputStream:75 - [STDERR_REDIRECT] [Fatal Error] :1:1: Premature end of file.
2025-07-22 21:22:15,588 [ERROR] LogOutputStream:75 - [STDERR_REDIRECT] 
2025-07-22 21:22:15,611 [ERROR] LogOutputStream:75 - [STDERR_REDIRECT] [Fatal Error] :1:1: Premature end of file.
2025-07-22 21:22:15,611 [ERROR] LogOutputStream:75 - [STDERR_REDIRECT] 
2025-07-22 21:22:15,636 [ERROR] LogOutputStream:75 - [STDERR_REDIRECT] [Fatal Error] :1:1: Premature end of file.
2025-07-22 21:22:15,636 [ERROR] LogOutputStream:75 - [STDERR_REDIRECT] 
2025-07-22 21:22:15,659 [ERROR] LogOutputStream:75 - [STDERR_REDIRECT] [Fatal Error] :1:1: Premature end of file.
2025-07-22 21:22:15,659 [ERROR] LogOutputStream:75 - [STDERR_REDIRECT] 
2025-07-22 21:22:15,683 [ERROR] LogOutputStream:75 - [STDERR_REDIRECT] [Fatal Error] :1:1: Premature end of file.
2025-07-22 21:22:15,683 [ERROR] LogOutputStream:75 - [STDERR_REDIRECT] 
2025-07-22 21:22:15,707 [ERROR] LogOutputStream:75 - [STDERR_REDIRECT] [Fatal Error] :1:1: Premature end of file.
2025-07-22 21:22:15,707 [ERROR] LogOutputStream:75 - [STDERR_REDIRECT] 
2025-07-22 21:22:15,732 [ERROR] LogOutputStream:75 - [STDERR_REDIRECT] [Fatal Error] :1:1: Premature end of file.
2025-07-22 21:22:15,732 [ERROR] LogOutputStream:75 - [STDERR_REDIRECT] 
2025-07-22 21:22:15,756 [ERROR] LogOutputStream:75 - [STDERR_REDIRECT] [Fatal Error] :1:1: Premature end of file.
2025-07-22 21:22:15,756 [ERROR] LogOutputStream:75 - [STDERR_REDIRECT] 
2025-07-22 21:22:15,782 [ERROR] LogOutputStream:75 - [STDERR_REDIRECT] [Fatal Error] :1:1: Premature end of file.
2025-07-22 21:22:15,782 [ERROR] LogOutputStream:75 - [STDERR_REDIRECT] 
2025-07-22 21:22:15,805 [ERROR] LogOutputStream:75 - [STDERR_REDIRECT] [Fatal Error] :1:1: Premature end of file.
2025-07-22 21:22:15,805 [ERROR] LogOutputStream:75 - [STDERR_REDIRECT] 
2025-07-22 21:22:15,829 [ERROR] LogOutputStream:75 - [STDERR_REDIRECT] [Fatal Error] :1:1: Premature end of file.
2025-07-22 21:22:15,830 [ERROR] LogOutputStream:75 - [STDERR_REDIRECT] 
2025-07-22 21:22:15,853 [ERROR] LogOutputStream:75 - [STDERR_REDIRECT] [Fatal Error] :1:1: Premature end of file.
2025-07-22 21:22:15,854 [ERROR] LogOutputStream:75 - [STDERR_REDIRECT] 
2025-07-22 21:22:15,878 [ERROR] LogOutputStream:75 - [STDERR_REDIRECT] [Fatal Error] :1:1: Premature end of file.
2025-07-22 21:22:15,878 [ERROR] LogOutputStream:75 - [STDERR_REDIRECT] 
2025-07-22 21:22:15,901 [ERROR] LogOutputStream:75 - [STDERR_REDIRECT] [Fatal Error] :1:1: Premature end of file.
2025-07-22 21:22:15,901 [ERROR] LogOutputStream:75 - [STDERR_REDIRECT] 
2025-07-22 21:22:15,926 [ERROR] LogOutputStream:75 - [STDERR_REDIRECT] [Fatal Error] :1:1: Premature end of file.
2025-07-22 21:22:15,926 [ERROR] LogOutputStream:75 - [STDERR_REDIRECT] 
2025-07-22 21:22:15,952 [ERROR] LogOutputStream:75 - [STDERR_REDIRECT] [Fatal Error] :1:1: Premature end of file.
2025-07-22 21:22:15,952 [ERROR] LogOutputStream:75 - [STDERR_REDIRECT] 
2025-07-22 21:22:15,975 [ERROR] LogOutputStream:75 - [STDERR_REDIRECT] [Fatal Error] :1:1: Premature end of file.
2025-07-22 21:22:15,975 [ERROR] LogOutputStream:75 - [STDERR_REDIRECT] 
2025-07-22 21:22:16,000 [ERROR] LogOutputStream:75 - [STDERR_REDIRECT] [Fatal Error] :1:1: Premature end of file.
2025-07-22 21:22:16,000 [ERROR] LogOutputStream:75 - [STDERR_REDIRECT] 
2025-07-22 21:22:16,025 [ERROR] LogOutputStream:75 - [STDERR_REDIRECT] [Fatal Error] :1:1: Premature end of file.
2025-07-22 21:22:16,025 [ERROR] LogOutputStream:75 - [STDERR_REDIRECT] 
2025-07-22 21:22:16,051 [ERROR] LogOutputStream:75 - [STDERR_REDIRECT] [Fatal Error] :1:1: Premature end of file.
2025-07-22 21:22:16,051 [ERROR] LogOutputStream:75 - [STDERR_REDIRECT] 
2025-07-22 21:22:16,075 [ERROR] LogOutputStream:75 - [STDERR_REDIRECT] [Fatal Error] :1:1: Premature end of file.
2025-07-22 21:22:16,075 [ERROR] LogOutputStream:75 - [STDERR_REDIRECT] 
2025-07-22 21:22:16,100 [ERROR] LogOutputStream:75 - [STDERR_REDIRECT] [Fatal Error] :1:1: Premature end of file.
2025-07-22 21:22:16,100 [ERROR] LogOutputStream:75 - [STDERR_REDIRECT] 
2025-07-22 21:22:16,124 [ERROR] LogOutputStream:75 - [STDERR_REDIRECT] [Fatal Error] :1:1: Premature end of file.
2025-07-22 21:22:16,124 [ERROR] LogOutputStream:75 - [STDERR_REDIRECT] 
2025-07-22 21:22:16,148 [ERROR] LogOutputStream:75 - [STDERR_REDIRECT] [Fatal Error] :1:1: Premature end of file.
2025-07-22 21:22:16,148 [ERROR] LogOutputStream:75 - [STDERR_REDIRECT] 
2025-07-22 21:22:16,171 [ERROR] LogOutputStream:75 - [STDERR_REDIRECT] [Fatal Error] :1:1: Premature end of file.
2025-07-22 21:22:16,171 [ERROR] LogOutputStream:75 - [STDERR_REDIRECT] 
2025-07-22 21:22:16,194 [ERROR] LogOutputStream:75 - [STDERR_REDIRECT] [Fatal Error] :1:1: Premature end of file.
2025-07-22 21:22:16,194 [ERROR] LogOutputStream:75 - [STDERR_REDIRECT] 
2025-07-22 21:22:16,219 [ERROR] LogOutputStream:75 - [STDERR_REDIRECT] [Fatal Error] :1:1: Premature end of file.
2025-07-22 21:22:16,219 [ERROR] LogOutputStream:75 - [STDERR_REDIRECT] 
2025-07-22 21:22:16,244 [ERROR] LogOutputStream:75 - [STDERR_REDIRECT] [Fatal Error] :1:1: Premature end of file.
2025-07-22 21:22:16,244 [ERROR] LogOutputStream:75 - [STDERR_REDIRECT] 
2025-07-22 21:22:16,273 [ERROR] LogOutputStream:75 - [STDERR_REDIRECT] [Fatal Error] :1:1: Premature end of file.
2025-07-22 21:22:16,273 [ERROR] LogOutputStream:75 - [STDERR_REDIRECT] 
2025-07-22 21:22:16,297 [ERROR] LogOutputStream:75 - [STDERR_REDIRECT] [Fatal Error] :1:1: Premature end of file.
2025-07-22 21:22:16,297 [ERROR] LogOutputStream:75 - [STDERR_REDIRECT] 
2025-07-22 21:22:16,321 [ERROR] LogOutputStream:75 - [STDERR_REDIRECT] [Fatal Error] :1:1: Premature end of file.
2025-07-22 21:22:16,321 [ERROR] LogOutputStream:75 - [STDERR_REDIRECT] 
2025-07-22 21:22:16,344 [ERROR] LogOutputStream:75 - [STDERR_REDIRECT] [Fatal Error] :1:1: Premature end of file.
2025-07-22 21:22:16,344 [ERROR] LogOutputStream:75 - [STDERR_REDIRECT] 
2025-07-22 21:22:16,370 [ERROR] LogOutputStream:75 - [STDERR_REDIRECT] [Fatal Error] :1:1: Premature end of file.
2025-07-22 21:22:16,370 [ERROR] LogOutputStream:75 - [STDERR_REDIRECT] 
2025-07-22 21:22:16,394 [ERROR] LogOutputStream:75 - [STDERR_REDIRECT] [Fatal Error] :1:1: Premature end of file.
2025-07-22 21:22:16,394 [ERROR] LogOutputStream:75 - [STDERR_REDIRECT] 
2025-07-22 21:22:16,420 [ERROR] LogOutputStream:75 - [STDERR_REDIRECT] [Fatal Error] :1:1: Premature end of file.
2025-07-22 21:22:16,420 [ERROR] LogOutputStream:75 - [STDERR_REDIRECT] 
2025-07-22 21:22:16,444 [ERROR] LogOutputStream:75 - [STDERR_REDIRECT] [Fatal Error] :1:1: Premature end of file.
2025-07-22 21:22:16,445 [ERROR] LogOutputStream:75 - [STDERR_REDIRECT] 
2025-07-22 21:22:17,136 [ERROR] LogOutputStream:75 - [STDERR_REDIRECT] [Fatal Error] :1:1: Premature end of file.
2025-07-22 21:22:17,136 [ERROR] LogOutputStream:75 - [STDERR_REDIRECT] 
2025-07-22 21:22:18,136 [ERROR] LogOutputStream:75 - [STDERR_REDIRECT] [Fatal Error] :1:1: Premature end of file.
2025-07-22 21:22:18,136 [ERROR] LogOutputStream:75 - [STDERR_REDIRECT] 
2025-07-22 21:22:19,138 [ERROR] LogOutputStream:75 - [STDERR_REDIRECT] [Fatal Error] :1:1: Premature end of file.
2025-07-22 21:22:19,138 [ERROR] LogOutputStream:75 - [STDERR_REDIRECT] 
2025-07-22 21:22:20,139 [ERROR] LogOutputStream:75 - [STDERR_REDIRECT] [Fatal Error] :1:1: Premature end of file.
2025-07-22 21:22:20,139 [ERROR] LogOutputStream:75 - [STDERR_REDIRECT] 
2025-07-22 21:22:21,134 [ERROR] LogOutputStream:75 - [STDERR_REDIRECT] [Fatal Error] :1:1: Premature end of file.
2025-07-22 21:22:21,134 [ERROR] LogOutputStream:75 - [STDERR_REDIRECT] 
2025-07-22 21:22:22,142 [ERROR] LogOutputStream:75 - [STDERR_REDIRECT] [Fatal Error] :1:1: Premature end of file.
2025-07-22 21:22:22,142 [ERROR] LogOutputStream:75 - [STDERR_REDIRECT] 
2025-07-22 21:22:23,148 [ERROR] LogOutputStream:75 - [STDERR_REDIRECT] [Fatal Error] :1:1: Premature end of file.
2025-07-22 21:22:23,149 [ERROR] LogOutputStream:75 - [STDERR_REDIRECT] 
2025-07-22 21:22:24,153 [ERROR] LogOutputStream:75 - [STDERR_REDIRECT] [Fatal Error] :1:1: Premature end of file.
2025-07-22 21:22:24,153 [ERROR] LogOutputStream:75 - [STDERR_REDIRECT] 
2025-07-22 21:22:25,145 [ERROR] LogOutputStream:75 - [STDERR_REDIRECT] [Fatal Error] :1:1: Premature end of file.
2025-07-22 21:22:25,145 [ERROR] LogOutputStream:75 - [STDERR_REDIRECT] 
2025-07-22 21:22:26,138 [ERROR] LogOutputStream:75 - [STDERR_REDIRECT] [Fatal Error] :1:1: Premature end of file.
2025-07-22 21:22:26,138 [ERROR] LogOutputStream:75 - [STDERR_REDIRECT] 
2025-07-22 21:22:27,145 [ERROR] LogOutputStream:75 - [STDERR_REDIRECT] [Fatal Error] :1:1: Premature end of file.
2025-07-22 21:22:27,145 [ERROR] LogOutputStream:75 - [STDERR_REDIRECT] 
2025-07-22 21:22:28,146 [ERROR] LogOutputStream:75 - [STDERR_REDIRECT] [Fatal Error] :1:1: Premature end of file.
2025-07-22 21:22:28,146 [ERROR] LogOutputStream:75 - [STDERR_REDIRECT] 
2025-07-22 21:22:29,144 [ERROR] LogOutputStream:75 - [STDERR_REDIRECT] [Fatal Error] :1:1: Premature end of file.
2025-07-22 21:22:29,144 [ERROR] LogOutputStream:75 - [STDERR_REDIRECT] 
2025-07-22 21:22:30,142 [ERROR] LogOutputStream:75 - [STDERR_REDIRECT] [Fatal Error] :1:1: Premature end of file.
2025-07-22 21:22:30,142 [ERROR] LogOutputStream:75 - [STDERR_REDIRECT] 
2025-07-22 21:22:31,145 [ERROR] LogOutputStream:75 - [STDERR_REDIRECT] [Fatal Error] :1:1: Premature end of file.
2025-07-22 21:22:31,146 [ERROR] LogOutputStream:75 - [STDERR_REDIRECT] 
2025-07-22 21:22:32,148 [ERROR] LogOutputStream:75 - [STDERR_REDIRECT] [Fatal Error] :1:1: Premature end of file.
2025-07-22 21:22:32,148 [ERROR] LogOutputStream:75 - [STDERR_REDIRECT] 
2025-07-22 21:22:33,142 [ERROR] LogOutputStream:75 - [STDERR_REDIRECT] [Fatal Error] :1:1: Premature end of file.
2025-07-22 21:22:33,142 [ERROR] LogOutputStream:75 - [STDERR_REDIRECT] 
2025-07-22 21:22:34,150 [ERROR] LogOutputStream:75 - [STDERR_REDIRECT] [Fatal Error] :1:1: Premature end of file.
2025-07-22 21:22:34,150 [ERROR] LogOutputStream:75 - [STDERR_REDIRECT] 
2025-07-22 21:22:35,149 [ERROR] LogOutputStream:75 - [STDERR_REDIRECT] [Fatal Error] :1:1: Premature end of file.
2025-07-22 21:22:35,150 [ERROR] LogOutputStream:75 - [STDERR_REDIRECT] 
2025-07-22 21:22:36,144 [ERROR] LogOutputStream:75 - [STDERR_REDIRECT] [Fatal Error] :1:1: Premature end of file.
2025-07-22 21:22:36,144 [ERROR] LogOutputStream:75 - [STDERR_REDIRECT] 
2025-07-22 21:22:37,148 [ERROR] LogOutputStream:75 - [STDERR_REDIRECT] [Fatal Error] :1:1: Premature end of file.
2025-07-22 21:22:37,148 [ERROR] LogOutputStream:75 - [STDERR_REDIRECT] 
2025-07-22 21:22:38,138 [ERROR] LogOutputStream:75 - [STDERR_REDIRECT] [Fatal Error] :1:1: Premature end of file.
2025-07-22 21:22:38,138 [ERROR] LogOutputStream:75 - [STDERR_REDIRECT] 
2025-07-22 21:22:39,141 [ERROR] LogOutputStream:75 - [STDERR_REDIRECT] [Fatal Error] :1:1: Premature end of file.
2025-07-22 21:22:39,141 [ERROR] LogOutputStream:75 - [STDERR_REDIRECT] 
2025-07-22 21:22:40,148 [ERROR] LogOutputStream:75 - [STDERR_REDIRECT] [Fatal Error] :1:1: Premature end of file.
2025-07-22 21:22:40,148 [ERROR] LogOutputStream:75 - [STDERR_REDIRECT] 
2025-07-22 21:22:41,142 [ERROR] LogOutputStream:75 - [STDERR_REDIRECT] [Fatal Error] :1:1: Premature end of file.
2025-07-22 21:22:41,142 [ERROR] LogOutputStream:75 - [STDERR_REDIRECT] 
2025-07-22 21:22:42,137 [ERROR] LogOutputStream:75 - [STDERR_REDIRECT] [Fatal Error] :1:1: Premature end of file.
2025-07-22 21:22:42,137 [ERROR] LogOutputStream:75 - [STDERR_REDIRECT] 
2025-07-22 21:22:43,146 [ERROR] LogOutputStream:75 - [STDERR_REDIRECT] [Fatal Error] :1:1: Premature end of file.
2025-07-22 21:22:43,146 [ERROR] LogOutputStream:75 - [STDERR_REDIRECT] 
2025-07-22 21:22:44,143 [ERROR] LogOutputStream:75 - [STDERR_REDIRECT] [Fatal Error] :1:1: Premature end of file.
2025-07-22 21:22:44,143 [ERROR] LogOutputStream:75 - [STDERR_REDIRECT] 
2025-07-22 21:22:45,139 [ERROR] LogOutputStream:75 - [STDERR_REDIRECT] [Fatal Error] :1:1: Premature end of file.
2025-07-22 21:22:45,139 [ERROR] LogOutputStream:75 - [STDERR_REDIRECT] 
2025-07-22 21:22:46,136 [ERROR] LogOutputStream:75 - [STDERR_REDIRECT] [Fatal Error] :1:1: Premature end of file.
2025-07-22 21:22:46,136 [ERROR] LogOutputStream:75 - [STDERR_REDIRECT] 
2025-07-22 21:22:47,142 [ERROR] LogOutputStream:75 - [STDERR_REDIRECT] [Fatal Error] :1:1: Premature end of file.
2025-07-22 21:22:47,142 [ERROR] LogOutputStream:75 - [STDERR_REDIRECT] 
2025-07-22 21:22:48,139 [ERROR] LogOutputStream:75 - [STDERR_REDIRECT] [Fatal Error] :1:1: Premature end of file.
2025-07-22 21:22:48,139 [ERROR] LogOutputStream:75 - [STDERR_REDIRECT] 
2025-07-22 21:22:49,140 [ERROR] LogOutputStream:75 - [STDERR_REDIRECT] [Fatal Error] :1:1: Premature end of file.
2025-07-22 21:22:49,140 [ERROR] LogOutputStream:75 - [STDERR_REDIRECT] 
2025-07-22 21:22:50,144 [ERROR] LogOutputStream:75 - [STDERR_REDIRECT] [Fatal Error] :1:1: Premature end of file.
2025-07-22 21:22:50,144 [ERROR] LogOutputStream:75 - [STDERR_REDIRECT] 
2025-07-22 21:22:51,142 [ERROR] LogOutputStream:75 - [STDERR_REDIRECT] [Fatal Error] :1:1: Premature end of file.
2025-07-22 21:22:51,142 [ERROR] LogOutputStream:75 - [STDERR_REDIRECT] 
2025-07-22 21:22:52,141 [ERROR] LogOutputStream:75 - [STDERR_REDIRECT] [Fatal Error] :1:1: Premature end of file.
2025-07-22 21:22:52,141 [ERROR] LogOutputStream:75 - [STDERR_REDIRECT] 
2025-07-22 21:22:53,142 [ERROR] LogOutputStream:75 - [STDERR_REDIRECT] [Fatal Error] :1:1: Premature end of file.
2025-07-22 21:22:53,142 [ERROR] LogOutputStream:75 - [STDERR_REDIRECT] 
2025-07-22 21:22:54,142 [ERROR] LogOutputStream:75 - [STDERR_REDIRECT] [Fatal Error] :1:1: Premature end of file.
2025-07-22 21:22:54,142 [ERROR] LogOutputStream:75 - [STDERR_REDIRECT] 
2025-07-22 21:22:55,144 [ERROR] LogOutputStream:75 - [STDERR_REDIRECT] [Fatal Error] :1:1: Premature end of file.
2025-07-22 21:22:55,144 [ERROR] LogOutputStream:75 - [STDERR_REDIRECT] 
2025-07-22 21:22:56,135 [ERROR] LogOutputStream:75 - [STDERR_REDIRECT] [Fatal Error] :1:1: Premature end of file.
2025-07-22 21:22:56,135 [ERROR] LogOutputStream:75 - [STDERR_REDIRECT] 
2025-07-22 21:22:57,141 [ERROR] LogOutputStream:75 - [STDERR_REDIRECT] [Fatal Error] :1:1: Premature end of file.
2025-07-22 21:22:57,141 [ERROR] LogOutputStream:75 - [STDERR_REDIRECT] 
2025-07-22 21:22:58,139 [ERROR] LogOutputStream:75 - [STDERR_REDIRECT] [Fatal Error] :1:1: Premature end of file.
2025-07-22 21:22:58,139 [ERROR] LogOutputStream:75 - [STDERR_REDIRECT] 
2025-07-22 21:22:59,140 [ERROR] LogOutputStream:75 - [STDERR_REDIRECT] [Fatal Error] :1:1: Premature end of file.
2025-07-22 21:22:59,140 [ERROR] LogOutputStream:75 - [STDERR_REDIRECT] 
2025-07-22 21:23:00,137 [ERROR] LogOutputStream:75 - [STDERR_REDIRECT] [Fatal Error] :1:1: Premature end of file.
2025-07-22 21:23:00,137 [ERROR] LogOutputStream:75 - [STDERR_REDIRECT] 
2025-07-22 21:23:01,133 [ERROR] LogOutputStream:75 - [STDERR_REDIRECT] [Fatal Error] :1:1: Premature end of file.
2025-07-22 21:23:01,133 [ERROR] LogOutputStream:75 - [STDERR_REDIRECT] 
2025-07-22 21:23:02,139 [ERROR] LogOutputStream:75 - [STDERR_REDIRECT] [Fatal Error] :1:1: Premature end of file.
2025-07-22 21:23:02,139 [ERROR] LogOutputStream:75 - [STDERR_REDIRECT] 
2025-07-22 21:23:03,154 [ERROR] LogOutputStream:75 - [STDERR_REDIRECT] [Fatal Error] :1:1: Premature end of file.
2025-07-22 21:23:03,154 [ERROR] LogOutputStream:75 - [STDERR_REDIRECT] 
2025-07-22 21:23:04,136 [ERROR] LogOutputStream:75 - [STDERR_REDIRECT] [Fatal Error] :1:1: Premature end of file.
2025-07-22 21:23:04,136 [ERROR] LogOutputStream:75 - [STDERR_REDIRECT] 
2025-07-22 21:23:05,137 [ERROR] LogOutputStream:75 - [STDERR_REDIRECT] [Fatal Error] :1:1: Premature end of file.
2025-07-22 21:23:05,137 [ERROR] LogOutputStream:75 - [STDERR_REDIRECT] 
2025-07-22 21:23:06,140 [ERROR] LogOutputStream:75 - [STDERR_REDIRECT] [Fatal Error] :1:1: Premature end of file.
2025-07-22 21:23:06,140 [ERROR] LogOutputStream:75 - [STDERR_REDIRECT] 
2025-07-22 21:23:07,132 [ERROR] LogOutputStream:75 - [STDERR_REDIRECT] [Fatal Error] :1:1: Premature end of file.
2025-07-22 21:23:07,132 [ERROR] LogOutputStream:75 - [STDERR_REDIRECT] 
2025-07-22 21:23:08,136 [ERROR] LogOutputStream:75 - [STDERR_REDIRECT] [Fatal Error] :1:1: Premature end of file.
2025-07-22 21:23:08,137 [ERROR] LogOutputStream:75 - [STDERR_REDIRECT] 
2025-07-22 21:23:09,136 [ERROR] LogOutputStream:75 - [STDERR_REDIRECT] [Fatal Error] :1:1: Premature end of file.
2025-07-22 21:23:09,136 [ERROR] LogOutputStream:75 - [STDERR_REDIRECT] 
2025-07-22 21:23:10,146 [ERROR] LogOutputStream:75 - [STDERR_REDIRECT] [Fatal Error] :1:1: Premature end of file.
2025-07-22 21:23:10,147 [ERROR] LogOutputStream:75 - [STDERR_REDIRECT] 
2025-07-22 21:23:11,148 [ERROR] LogOutputStream:75 - [STDERR_REDIRECT] [Fatal Error] :1:1: Premature end of file.
2025-07-22 21:23:11,148 [ERROR] LogOutputStream:75 - [STDERR_REDIRECT] 
2025-07-22 21:23:12,147 [ERROR] LogOutputStream:75 - [STDERR_REDIRECT] [Fatal Error] :1:1: Premature end of file.
2025-07-22 21:23:12,147 [ERROR] LogOutputStream:75 - [STDERR_REDIRECT] 
2025-07-22 21:23:13,143 [ERROR] LogOutputStream:75 - [STDERR_REDIRECT] [Fatal Error] :1:1: Premature end of file.
2025-07-22 21:23:13,143 [ERROR] LogOutputStream:75 - [STDERR_REDIRECT] 
2025-07-22 21:23:14,142 [ERROR] LogOutputStream:75 - [STDERR_REDIRECT] [Fatal Error] :1:1: Premature end of file.
2025-07-22 21:23:14,142 [ERROR] LogOutputStream:75 - [STDERR_REDIRECT] 
2025-07-22 21:23:15,138 [ERROR] LogOutputStream:75 - [STDERR_REDIRECT] [Fatal Error] :1:1: Premature end of file.
2025-07-22 21:23:15,139 [ERROR] LogOutputStream:75 - [STDERR_REDIRECT] 
2025-07-22 21:23:16,143 [ERROR] LogOutputStream:75 - [STDERR_REDIRECT] [Fatal Error] :1:1: Premature end of file.
2025-07-22 21:23:16,143 [ERROR] LogOutputStream:75 - [STDERR_REDIRECT] 
2025-07-22 21:23:17,144 [ERROR] LogOutputStream:75 - [STDERR_REDIRECT] [Fatal Error] :1:1: Premature end of file.
2025-07-22 21:23:17,144 [ERROR] LogOutputStream:75 - [STDERR_REDIRECT] 
2025-07-22 21:23:18,141 [ERROR] LogOutputStream:75 - [STDERR_REDIRECT] [Fatal Error] :1:1: Premature end of file.
2025-07-22 21:23:18,141 [ERROR] LogOutputStream:75 - [STDERR_REDIRECT] 
2025-07-22 21:23:19,137 [ERROR] LogOutputStream:75 - [STDERR_REDIRECT] [Fatal Error] :1:1: Premature end of file.
2025-07-22 21:23:19,137 [ERROR] LogOutputStream:75 - [STDERR_REDIRECT] 
2025-07-22 21:23:20,134 [ERROR] LogOutputStream:75 - [STDERR_REDIRECT] [Fatal Error] :1:1: Premature end of file.
2025-07-22 21:23:20,135 [ERROR] LogOutputStream:75 - [STDERR_REDIRECT] 
2025-07-22 21:23:21,132 [ERROR] LogOutputStream:75 - [STDERR_REDIRECT] [Fatal Error] :1:1: Premature end of file.
2025-07-22 21:23:21,133 [ERROR] LogOutputStream:75 - [STDERR_REDIRECT] 
2025-07-22 21:23:22,142 [ERROR] LogOutputStream:75 - [STDERR_REDIRECT] [Fatal Error] :1:1: Premature end of file.
2025-07-22 21:23:22,143 [ERROR] LogOutputStream:75 - [STDERR_REDIRECT] 
2025-07-22 21:23:23,135 [ERROR] LogOutputStream:75 - [STDERR_REDIRECT] [Fatal Error] :1:1: Premature end of file.
2025-07-22 21:23:23,135 [ERROR] LogOutputStream:75 - [STDERR_REDIRECT] 
2025-07-22 21:23:24,143 [ERROR] LogOutputStream:75 - [STDERR_REDIRECT] [Fatal Error] :1:1: Premature end of file.
2025-07-22 21:23:24,143 [ERROR] LogOutputStream:75 - [STDERR_REDIRECT] 
2025-07-22 21:23:25,143 [ERROR] LogOutputStream:75 - [STDERR_REDIRECT] [Fatal Error] :1:1: Premature end of file.
2025-07-22 21:23:25,143 [ERROR] LogOutputStream:75 - [STDERR_REDIRECT] 
2025-07-22 21:23:26,145 [ERROR] LogOutputStream:75 - [STDERR_REDIRECT] [Fatal Error] :1:1: Premature end of file.
2025-07-22 21:23:26,146 [ERROR] LogOutputStream:75 - [STDERR_REDIRECT] 
2025-07-22 21:23:27,147 [ERROR] LogOutputStream:75 - [STDERR_REDIRECT] [Fatal Error] :1:1: Premature end of file.
2025-07-22 21:23:27,147 [ERROR] LogOutputStream:75 - [STDERR_REDIRECT] 
2025-07-22 21:23:28,167 [ERROR] LogOutputStream:75 - [STDERR_REDIRECT] [Fatal Error] :1:1: Premature end of file.
2025-07-22 21:23:28,167 [ERROR] LogOutputStream:75 - [STDERR_REDIRECT] 
2025-07-22 21:23:29,133 [ERROR] LogOutputStream:75 - [STDERR_REDIRECT] [Fatal Error] :1:1: Premature end of file.
2025-07-22 21:23:29,133 [ERROR] LogOutputStream:75 - [STDERR_REDIRECT] 
2025-07-22 21:23:30,148 [ERROR] LogOutputStream:75 - [STDERR_REDIRECT] [Fatal Error] :1:1: Premature end of file.
2025-07-22 21:23:30,149 [ERROR] LogOutputStream:75 - [STDERR_REDIRECT] 
2025-07-22 21:23:31,144 [ERROR] LogOutputStream:75 - [STDERR_REDIRECT] [Fatal Error] :1:1: Premature end of file.
2025-07-22 21:23:31,144 [ERROR] LogOutputStream:75 - [STDERR_REDIRECT] 
2025-07-22 21:23:32,147 [ERROR] LogOutputStream:75 - [STDERR_REDIRECT] [Fatal Error] :1:1: Premature end of file.
2025-07-22 21:23:32,148 [ERROR] LogOutputStream:75 - [STDERR_REDIRECT] 
2025-07-22 21:23:33,143 [ERROR] LogOutputStream:75 - [STDERR_REDIRECT] [Fatal Error] :1:1: Premature end of file.
2025-07-22 21:23:33,143 [ERROR] LogOutputStream:75 - [STDERR_REDIRECT] 
2025-07-22 21:23:34,138 [ERROR] LogOutputStream:75 - [STDERR_REDIRECT] [Fatal Error] :1:1: Premature end of file.
2025-07-22 21:23:34,140 [ERROR] LogOutputStream:75 - [STDERR_REDIRECT] 
2025-07-22 21:23:35,150 [ERROR] LogOutputStream:75 - [STDERR_REDIRECT] [Fatal Error] :1:1: Premature end of file.
2025-07-22 21:23:35,150 [ERROR] LogOutputStream:75 - [STDERR_REDIRECT] 
2025-07-22 21:23:36,143 [ERROR] LogOutputStream:75 - [STDERR_REDIRECT] [Fatal Error] :1:1: Premature end of file.
2025-07-22 21:23:36,143 [ERROR] LogOutputStream:75 - [STDERR_REDIRECT] 
2025-07-22 21:23:37,139 [ERROR] LogOutputStream:75 - [STDERR_REDIRECT] [Fatal Error] :1:1: Premature end of file.
2025-07-22 21:23:37,139 [ERROR] LogOutputStream:75 - [STDERR_REDIRECT] 
2025-07-22 21:23:38,144 [ERROR] LogOutputStream:75 - [STDERR_REDIRECT] [Fatal Error] :1:1: Premature end of file.
2025-07-22 21:23:38,144 [ERROR] LogOutputStream:75 - [STDERR_REDIRECT] 
2025-07-22 21:23:39,146 [ERROR] LogOutputStream:75 - [STDERR_REDIRECT] [Fatal Error] :1:1: Premature end of file.
2025-07-22 21:23:39,146 [ERROR] LogOutputStream:75 - [STDERR_REDIRECT] 
2025-07-22 21:23:40,144 [ERROR] LogOutputStream:75 - [STDERR_REDIRECT] [Fatal Error] :1:1: Premature end of file.
2025-07-22 21:23:40,144 [ERROR] LogOutputStream:75 - [STDERR_REDIRECT] 
2025-07-22 21:23:41,145 [ERROR] LogOutputStream:75 - [STDERR_REDIRECT] [Fatal Error] :1:1: Premature end of file.
2025-07-22 21:23:41,145 [ERROR] LogOutputStream:75 - [STDERR_REDIRECT] 
2025-07-22 21:23:42,134 [ERROR] LogOutputStream:75 - [STDERR_REDIRECT] [Fatal Error] :1:1: Premature end of file.
2025-07-22 21:23:42,134 [ERROR] LogOutputStream:75 - [STDERR_REDIRECT] 
2025-07-22 21:23:43,135 [ERROR] LogOutputStream:75 - [STDERR_REDIRECT] [Fatal Error] :1:1: Premature end of file.
2025-07-22 21:23:43,135 [ERROR] LogOutputStream:75 - [STDERR_REDIRECT] 
2025-07-22 21:23:44,135 [ERROR] LogOutputStream:75 - [STDERR_REDIRECT] [Fatal Error] :1:1: Premature end of file.
2025-07-22 21:23:44,135 [ERROR] LogOutputStream:75 - [STDERR_REDIRECT] 
2025-07-22 21:23:45,137 [ERROR] LogOutputStream:75 - [STDERR_REDIRECT] [Fatal Error] :1:1: Premature end of file.
2025-07-22 21:23:45,137 [ERROR] LogOutputStream:75 - [STDERR_REDIRECT] 
2025-07-22 21:23:46,135 [ERROR] LogOutputStream:75 - [STDERR_REDIRECT] [Fatal Error] :1:1: Premature end of file.
2025-07-22 21:23:46,135 [ERROR] LogOutputStream:75 - [STDERR_REDIRECT] 
2025-07-22 21:23:47,163 [ERROR] LogOutputStream:75 - [STDERR_REDIRECT] [Fatal Error] :1:1: Premature end of file.
2025-07-22 21:23:47,163 [ERROR] LogOutputStream:75 - [STDERR_REDIRECT] 
2025-07-22 21:23:48,143 [ERROR] LogOutputStream:75 - [STDERR_REDIRECT] [Fatal Error] :1:1: Premature end of file.
2025-07-22 21:23:48,143 [ERROR] LogOutputStream:75 - [STDERR_REDIRECT] 
2025-07-22 21:23:49,145 [ERROR] LogOutputStream:75 - [STDERR_REDIRECT] [Fatal Error] :1:1: Premature end of file.
2025-07-22 21:23:49,145 [ERROR] LogOutputStream:75 - [STDERR_REDIRECT] 
2025-07-22 21:23:50,135 [ERROR] LogOutputStream:75 - [STDERR_REDIRECT] [Fatal Error] :1:1: Premature end of file.
2025-07-22 21:23:50,135 [ERROR] LogOutputStream:75 - [STDERR_REDIRECT] 
2025-07-22 21:23:51,132 [ERROR] LogOutputStream:75 - [STDERR_REDIRECT] [Fatal Error] :1:1: Premature end of file.
2025-07-22 21:23:51,132 [ERROR] LogOutputStream:75 - [STDERR_REDIRECT] 
2025-07-22 21:23:52,131 [ERROR] LogOutputStream:75 - [STDERR_REDIRECT] [Fatal Error] :1:1: Premature end of file.
2025-07-22 21:23:52,131 [ERROR] LogOutputStream:75 - [STDERR_REDIRECT] 
2025-07-22 21:23:53,142 [ERROR] LogOutputStream:75 - [STDERR_REDIRECT] [Fatal Error] :1:1: Premature end of file.
2025-07-22 21:23:53,142 [ERROR] LogOutputStream:75 - [STDERR_REDIRECT] 
2025-07-22 21:23:54,141 [ERROR] LogOutputStream:75 - [STDERR_REDIRECT] [Fatal Error] :1:1: Premature end of file.
2025-07-22 21:23:54,141 [ERROR] LogOutputStream:75 - [STDERR_REDIRECT] 
2025-07-22 21:23:55,145 [ERROR] LogOutputStream:75 - [STDERR_REDIRECT] [Fatal Error] :1:1: Premature end of file.
2025-07-22 21:23:55,145 [ERROR] LogOutputStream:75 - [STDERR_REDIRECT] 
2025-07-22 21:23:56,141 [ERROR] LogOutputStream:75 - [STDERR_REDIRECT] [Fatal Error] :1:1: Premature end of file.
2025-07-22 21:23:56,141 [ERROR] LogOutputStream:75 - [STDERR_REDIRECT] 
2025-07-22 21:23:57,143 [ERROR] LogOutputStream:75 - [STDERR_REDIRECT] [Fatal Error] :1:1: Premature end of file.
2025-07-22 21:23:57,143 [ERROR] LogOutputStream:75 - [STDERR_REDIRECT] 
2025-07-22 21:23:58,137 [ERROR] LogOutputStream:75 - [STDERR_REDIRECT] [Fatal Error] :1:1: Premature end of file.
2025-07-22 21:23:58,137 [ERROR] LogOutputStream:75 - [STDERR_REDIRECT] 
2025-07-22 21:23:59,138 [ERROR] LogOutputStream:75 - [STDERR_REDIRECT] [Fatal Error] :1:1: Premature end of file.
2025-07-22 21:23:59,138 [ERROR] LogOutputStream:75 - [STDERR_REDIRECT] 
2025-07-22 21:24:00,131 [ERROR] LogOutputStream:75 - [STDERR_REDIRECT] [Fatal Error] :1:1: Premature end of file.
2025-07-22 21:24:00,131 [ERROR] LogOutputStream:75 - [STDERR_REDIRECT] 
2025-07-22 21:24:01,142 [ERROR] LogOutputStream:75 - [STDERR_REDIRECT] [Fatal Error] :1:1: Premature end of file.
2025-07-22 21:24:01,142 [ERROR] LogOutputStream:75 - [STDERR_REDIRECT] 
2025-07-22 21:24:02,144 [ERROR] LogOutputStream:75 - [STDERR_REDIRECT] [Fatal Error] :1:1: Premature end of file.
2025-07-22 21:24:02,144 [ERROR] LogOutputStream:75 - [STDERR_REDIRECT] 
2025-07-22 21:24:03,147 [ERROR] LogOutputStream:75 - [STDERR_REDIRECT] [Fatal Error] :1:1: Premature end of file.
2025-07-22 21:24:03,147 [ERROR] LogOutputStream:75 - [STDERR_REDIRECT] 
2025-07-22 21:24:04,147 [ERROR] LogOutputStream:75 - [STDERR_REDIRECT] [Fatal Error] :1:1: Premature end of file.
2025-07-22 21:24:04,148 [ERROR] LogOutputStream:75 - [STDERR_REDIRECT] 
2025-07-22 21:24:05,144 [ERROR] LogOutputStream:75 - [STDERR_REDIRECT] [Fatal Error] :1:1: Premature end of file.
2025-07-22 21:24:05,144 [ERROR] LogOutputStream:75 - [STDERR_REDIRECT] 
2025-07-22 21:24:06,143 [ERROR] LogOutputStream:75 - [STDERR_REDIRECT] [Fatal Error] :1:1: Premature end of file.
2025-07-22 21:24:06,143 [ERROR] LogOutputStream:75 - [STDERR_REDIRECT] 
2025-07-22 21:24:07,142 [ERROR] LogOutputStream:75 - [STDERR_REDIRECT] [Fatal Error] :1:1: Premature end of file.
2025-07-22 21:24:07,142 [ERROR] LogOutputStream:75 - [STDERR_REDIRECT] 
2025-07-22 21:24:08,142 [ERROR] LogOutputStream:75 - [STDERR_REDIRECT] [Fatal Error] :1:1: Premature end of file.
2025-07-22 21:24:08,142 [ERROR] LogOutputStream:75 - [STDERR_REDIRECT] 
2025-07-22 21:24:09,145 [ERROR] LogOutputStream:75 - [STDERR_REDIRECT] [Fatal Error] :1:1: Premature end of file.
2025-07-22 21:24:09,146 [ERROR] LogOutputStream:75 - [STDERR_REDIRECT] 
2025-07-22 21:24:10,127 [ERROR] LogOutputStream:75 - [STDERR_REDIRECT] [Fatal Error] :1:1: Premature end of file.
2025-07-22 21:24:10,128 [ERROR] LogOutputStream:75 - [STDERR_REDIRECT] 
2025-07-22 21:24:11,138 [ERROR] LogOutputStream:75 - [STDERR_REDIRECT] [Fatal Error] :1:1: Premature end of file.
2025-07-22 21:24:11,138 [ERROR] LogOutputStream:75 - [STDERR_REDIRECT] 
2025-07-22 21:24:12,145 [ERROR] LogOutputStream:75 - [STDERR_REDIRECT] [Fatal Error] :1:1: Premature end of file.
2025-07-22 21:24:12,145 [ERROR] LogOutputStream:75 - [STDERR_REDIRECT] 
2025-07-22 21:24:13,143 [ERROR] LogOutputStream:75 - [STDERR_REDIRECT] [Fatal Error] :1:1: Premature end of file.
2025-07-22 21:24:13,143 [ERROR] LogOutputStream:75 - [STDERR_REDIRECT] 
2025-07-22 21:24:14,142 [ERROR] LogOutputStream:75 - [STDERR_REDIRECT] [Fatal Error] :1:1: Premature end of file.
2025-07-22 21:24:14,142 [ERROR] LogOutputStream:75 - [STDERR_REDIRECT] 
2025-07-22 21:24:15,145 [ERROR] LogOutputStream:75 - [STDERR_REDIRECT] [Fatal Error] :1:1: Premature end of file.
2025-07-22 21:24:15,145 [ERROR] LogOutputStream:75 - [STDERR_REDIRECT] 
2025-07-22 21:24:16,144 [ERROR] LogOutputStream:75 - [STDERR_REDIRECT] [Fatal Error] :1:1: Premature end of file.
2025-07-22 21:24:16,144 [ERROR] LogOutputStream:75 - [STDERR_REDIRECT] 
2025-07-22 21:24:17,149 [ERROR] LogOutputStream:75 - [STDERR_REDIRECT] [Fatal Error] :1:1: Premature end of file.
2025-07-22 21:24:17,149 [ERROR] LogOutputStream:75 - [STDERR_REDIRECT] 
2025-07-22 21:24:18,144 [ERROR] LogOutputStream:75 - [STDERR_REDIRECT] [Fatal Error] :1:1: Premature end of file.
2025-07-22 21:24:18,144 [ERROR] LogOutputStream:75 - [STDERR_REDIRECT] 
2025-07-22 21:24:19,145 [ERROR] LogOutputStream:75 - [STDERR_REDIRECT] [Fatal Error] :1:1: Premature end of file.
2025-07-22 21:24:19,145 [ERROR] LogOutputStream:75 - [STDERR_REDIRECT] 
2025-07-22 21:24:20,144 [ERROR] LogOutputStream:75 - [STDERR_REDIRECT] [Fatal Error] :1:1: Premature end of file.
2025-07-22 21:24:20,144 [ERROR] LogOutputStream:75 - [STDERR_REDIRECT] 
2025-07-22 21:24:21,142 [ERROR] LogOutputStream:75 - [STDERR_REDIRECT] [Fatal Error] :1:1: Premature end of file.
2025-07-22 21:24:21,142 [ERROR] LogOutputStream:75 - [STDERR_REDIRECT] 
2025-07-22 21:24:22,136 [ERROR] LogOutputStream:75 - [STDERR_REDIRECT] [Fatal Error] :1:1: Premature end of file.
2025-07-22 21:24:22,136 [ERROR] LogOutputStream:75 - [STDERR_REDIRECT] 
2025-07-22 21:24:23,146 [ERROR] LogOutputStream:75 - [STDERR_REDIRECT] [Fatal Error] :1:1: Premature end of file.
2025-07-22 21:24:23,146 [ERROR] LogOutputStream:75 - [STDERR_REDIRECT] 
2025-07-22 21:24:24,147 [ERROR] LogOutputStream:75 - [STDERR_REDIRECT] [Fatal Error] :1:1: Premature end of file.
2025-07-22 21:24:24,147 [ERROR] LogOutputStream:75 - [STDERR_REDIRECT] 
2025-07-22 21:24:25,145 [ERROR] LogOutputStream:75 - [STDERR_REDIRECT] [Fatal Error] :1:1: Premature end of file.
2025-07-22 21:24:25,145 [ERROR] LogOutputStream:75 - [STDERR_REDIRECT] 
2025-07-22 21:24:26,145 [ERROR] LogOutputStream:75 - [STDERR_REDIRECT] [Fatal Error] :1:1: Premature end of file.
2025-07-22 21:24:26,145 [ERROR] LogOutputStream:75 - [STDERR_REDIRECT] 
2025-07-22 21:24:27,169 [ERROR] LogOutputStream:75 - [STDERR_REDIRECT] [Fatal Error] :1:1: Premature end of file.
2025-07-22 21:24:27,169 [ERROR] LogOutputStream:75 - [STDERR_REDIRECT] 
2025-07-22 21:24:28,144 [ERROR] LogOutputStream:75 - [STDERR_REDIRECT] [Fatal Error] :1:1: Premature end of file.
2025-07-22 21:24:28,144 [ERROR] LogOutputStream:75 - [STDERR_REDIRECT] 
2025-07-22 21:24:29,132 [ERROR] LogOutputStream:75 - [STDERR_REDIRECT] [Fatal Error] :1:1: Premature end of file.
2025-07-22 21:24:29,132 [ERROR] LogOutputStream:75 - [STDERR_REDIRECT] 
2025-07-22 21:24:30,134 [ERROR] LogOutputStream:75 - [STDERR_REDIRECT] [Fatal Error] :1:1: Premature end of file.
2025-07-22 21:24:30,134 [ERROR] LogOutputStream:75 - [STDERR_REDIRECT] 
2025-07-22 21:24:31,137 [ERROR] LogOutputStream:75 - [STDERR_REDIRECT] [Fatal Error] :1:1: Premature end of file.
2025-07-22 21:24:31,137 [ERROR] LogOutputStream:75 - [STDERR_REDIRECT] 
2025-07-22 21:24:32,181 [ERROR] LogOutputStream:75 - [STDERR_REDIRECT] [Fatal Error] :1:1: Premature end of file.
2025-07-22 21:24:32,181 [ERROR] LogOutputStream:75 - [STDERR_REDIRECT] 
2025-07-22 21:24:33,145 [ERROR] LogOutputStream:75 - [STDERR_REDIRECT] [Fatal Error] :1:1: Premature end of file.
2025-07-22 21:24:33,146 [ERROR] LogOutputStream:75 - [STDERR_REDIRECT] 
2025-07-22 21:24:34,159 [ERROR] LogOutputStream:75 - [STDERR_REDIRECT] [Fatal Error] :1:1: Premature end of file.
2025-07-22 21:24:34,159 [ERROR] LogOutputStream:75 - [STDERR_REDIRECT] 
2025-07-22 21:24:35,148 [ERROR] LogOutputStream:75 - [STDERR_REDIRECT] [Fatal Error] :1:1: Premature end of file.
2025-07-22 21:24:35,148 [ERROR] LogOutputStream:75 - [STDERR_REDIRECT] 
2025-07-22 21:24:36,144 [ERROR] LogOutputStream:75 - [STDERR_REDIRECT] [Fatal Error] :1:1: Premature end of file.
2025-07-22 21:24:36,144 [ERROR] LogOutputStream:75 - [STDERR_REDIRECT] 
2025-07-22 21:24:37,149 [ERROR] LogOutputStream:75 - [STDERR_REDIRECT] [Fatal Error] :1:1: Premature end of file.
2025-07-22 21:24:37,149 [ERROR] LogOutputStream:75 - [STDERR_REDIRECT] 
2025-07-22 21:24:38,142 [ERROR] LogOutputStream:75 - [STDERR_REDIRECT] [Fatal Error] :1:1: Premature end of file.
2025-07-22 21:24:38,142 [ERROR] LogOutputStream:75 - [STDERR_REDIRECT] 
2025-07-22 21:24:39,146 [ERROR] LogOutputStream:75 - [STDERR_REDIRECT] [Fatal Error] :1:1: Premature end of file.
2025-07-22 21:24:39,146 [ERROR] LogOutputStream:75 - [STDERR_REDIRECT] 
2025-07-22 21:24:40,143 [ERROR] LogOutputStream:75 - [STDERR_REDIRECT] [Fatal Error] :1:1: Premature end of file.
2025-07-22 21:24:40,143 [ERROR] LogOutputStream:75 - [STDERR_REDIRECT] 
2025-07-22 21:24:41,143 [ERROR] LogOutputStream:75 - [STDERR_REDIRECT] [Fatal Error] :1:1: Premature end of file.
2025-07-22 21:24:41,143 [ERROR] LogOutputStream:75 - [STDERR_REDIRECT] 
2025-07-22 21:24:42,142 [ERROR] LogOutputStream:75 - [STDERR_REDIRECT] [Fatal Error] :1:1: Premature end of file.
2025-07-22 21:24:42,142 [ERROR] LogOutputStream:75 - [STDERR_REDIRECT] 
2025-07-22 21:24:43,142 [ERROR] LogOutputStream:75 - [STDERR_REDIRECT] [Fatal Error] :1:1: Premature end of file.
2025-07-22 21:24:43,142 [ERROR] LogOutputStream:75 - [STDERR_REDIRECT] 
2025-07-22 21:24:44,144 [ERROR] LogOutputStream:75 - [STDERR_REDIRECT] [Fatal Error] :1:1: Premature end of file.
2025-07-22 21:24:44,144 [ERROR] LogOutputStream:75 - [STDERR_REDIRECT] 
2025-07-22 21:24:45,144 [ERROR] LogOutputStream:75 - [STDERR_REDIRECT] [Fatal Error] :1:1: Premature end of file.
2025-07-22 21:24:45,144 [ERROR] LogOutputStream:75 - [STDERR_REDIRECT] 
2025-07-22 21:24:46,142 [ERROR] LogOutputStream:75 - [STDERR_REDIRECT] [Fatal Error] :1:1: Premature end of file.
2025-07-22 21:24:46,142 [ERROR] LogOutputStream:75 - [STDERR_REDIRECT] 
2025-07-22 21:24:47,145 [ERROR] LogOutputStream:75 - [STDERR_REDIRECT] [Fatal Error] :1:1: Premature end of file.
2025-07-22 21:24:47,145 [ERROR] LogOutputStream:75 - [STDERR_REDIRECT] 
2025-07-22 21:24:48,144 [ERROR] LogOutputStream:75 - [STDERR_REDIRECT] [Fatal Error] :1:1: Premature end of file.
2025-07-22 21:24:48,144 [ERROR] LogOutputStream:75 - [STDERR_REDIRECT] 
2025-07-22 21:24:49,143 [ERROR] LogOutputStream:75 - [STDERR_REDIRECT] [Fatal Error] :1:1: Premature end of file.
2025-07-22 21:24:49,143 [ERROR] LogOutputStream:75 - [STDERR_REDIRECT] 
2025-07-22 21:24:50,142 [ERROR] LogOutputStream:75 - [STDERR_REDIRECT] [Fatal Error] :1:1: Premature end of file.
2025-07-22 21:24:50,142 [ERROR] LogOutputStream:75 - [STDERR_REDIRECT] 
2025-07-22 21:24:51,143 [ERROR] LogOutputStream:75 - [STDERR_REDIRECT] [Fatal Error] :1:1: Premature end of file.
2025-07-22 21:24:51,143 [ERROR] LogOutputStream:75 - [STDERR_REDIRECT] 
2025-07-22 21:24:52,145 [ERROR] LogOutputStream:75 - [STDERR_REDIRECT] [Fatal Error] :1:1: Premature end of file.
2025-07-22 21:24:52,145 [ERROR] LogOutputStream:75 - [STDERR_REDIRECT] 
2025-07-22 21:24:53,145 [ERROR] LogOutputStream:75 - [STDERR_REDIRECT] [Fatal Error] :1:1: Premature end of file.
2025-07-22 21:24:53,145 [ERROR] LogOutputStream:75 - [STDERR_REDIRECT] 
2025-07-22 21:24:54,145 [ERROR] LogOutputStream:75 - [STDERR_REDIRECT] [Fatal Error] :1:1: Premature end of file.
2025-07-22 21:24:54,145 [ERROR] LogOutputStream:75 - [STDERR_REDIRECT] 
2025-07-22 21:24:55,677 [ERROR] LogOutputStream:75 - [STDERR_REDIRECT] [Fatal Error] :1:1: Premature end of file.
2025-07-22 21:24:55,677 [ERROR] LogOutputStream:75 - [STDERR_REDIRECT] 
2025-07-22 21:24:56,130 [ERROR] LogOutputStream:75 - [STDERR_REDIRECT] [Fatal Error] :1:1: Premature end of file.
2025-07-22 21:24:56,130 [ERROR] LogOutputStream:75 - [STDERR_REDIRECT] 
2025-07-22 21:24:57,131 [ERROR] LogOutputStream:75 - [STDERR_REDIRECT] [Fatal Error] :1:1: Premature end of file.
2025-07-22 21:24:57,131 [ERROR] LogOutputStream:75 - [STDERR_REDIRECT] 
2025-07-22 21:24:58,134 [ERROR] LogOutputStream:75 - [STDERR_REDIRECT] [Fatal Error] :1:1: Premature end of file.
2025-07-22 21:24:58,134 [ERROR] LogOutputStream:75 - [STDERR_REDIRECT] 
2025-07-22 21:24:59,134 [ERROR] LogOutputStream:75 - [STDERR_REDIRECT] [Fatal Error] :1:1: Premature end of file.
2025-07-22 21:24:59,134 [ERROR] LogOutputStream:75 - [STDERR_REDIRECT] 
2025-07-22 21:25:00,155 [ERROR] LogOutputStream:75 - [STDERR_REDIRECT] [Fatal Error] :1:1: Premature end of file.
2025-07-22 21:25:00,156 [ERROR] LogOutputStream:75 - [STDERR_REDIRECT] 
2025-07-22 21:25:01,141 [ERROR] LogOutputStream:75 - [STDERR_REDIRECT] [Fatal Error] :1:1: Premature end of file.
2025-07-22 21:25:01,141 [ERROR] LogOutputStream:75 - [STDERR_REDIRECT] 
2025-07-22 21:25:02,149 [ERROR] LogOutputStream:75 - [STDERR_REDIRECT] [Fatal Error] :1:1: Premature end of file.
2025-07-22 21:25:02,149 [ERROR] LogOutputStream:75 - [STDERR_REDIRECT] 
2025-07-22 21:25:03,135 [ERROR] LogOutputStream:75 - [STDERR_REDIRECT] [Fatal Error] :1:1: Premature end of file.
2025-07-22 21:25:03,135 [ERROR] LogOutputStream:75 - [STDERR_REDIRECT] 
2025-07-22 21:25:04,140 [ERROR] LogOutputStream:75 - [STDERR_REDIRECT] [Fatal Error] :1:1: Premature end of file.
2025-07-22 21:25:04,141 [ERROR] LogOutputStream:75 - [STDERR_REDIRECT] 
2025-07-22 21:25:05,129 [ERROR] LogOutputStream:75 - [STDERR_REDIRECT] [Fatal Error] :1:1: Premature end of file.
2025-07-22 21:25:05,129 [ERROR] LogOutputStream:75 - [STDERR_REDIRECT] 
2025-07-22 21:25:06,137 [ERROR] LogOutputStream:75 - [STDERR_REDIRECT] [Fatal Error] :1:1: Premature end of file.
2025-07-22 21:25:06,137 [ERROR] LogOutputStream:75 - [STDERR_REDIRECT] 
2025-07-22 21:25:07,149 [ERROR] LogOutputStream:75 - [STDERR_REDIRECT] [Fatal Error] :1:1: Premature end of file.
2025-07-22 21:25:07,149 [ERROR] LogOutputStream:75 - [STDERR_REDIRECT] 
2025-07-22 21:25:08,133 [ERROR] LogOutputStream:75 - [STDERR_REDIRECT] [Fatal Error] :1:1: Premature end of file.
2025-07-22 21:25:08,133 [ERROR] LogOutputStream:75 - [STDERR_REDIRECT] 
2025-07-22 21:25:09,134 [ERROR] LogOutputStream:75 - [STDERR_REDIRECT] [Fatal Error] :1:1: Premature end of file.
2025-07-22 21:25:09,134 [ERROR] LogOutputStream:75 - [STDERR_REDIRECT] 
2025-07-22 21:25:10,138 [ERROR] LogOutputStream:75 - [STDERR_REDIRECT] [Fatal Error] :1:1: Premature end of file.
2025-07-22 21:25:10,138 [ERROR] LogOutputStream:75 - [STDERR_REDIRECT] 
2025-07-22 21:25:11,142 [ERROR] LogOutputStream:75 - [STDERR_REDIRECT] [Fatal Error] :1:1: Premature end of file.
2025-07-22 21:25:11,143 [ERROR] LogOutputStream:75 - [STDERR_REDIRECT] 
2025-07-22 21:25:12,136 [ERROR] LogOutputStream:75 - [STDERR_REDIRECT] [Fatal Error] :1:1: Premature end of file.
2025-07-22 21:25:12,136 [ERROR] LogOutputStream:75 - [STDERR_REDIRECT] 
2025-07-22 21:25:13,144 [ERROR] LogOutputStream:75 - [STDERR_REDIRECT] [Fatal Error] :1:1: Premature end of file.
2025-07-22 21:25:13,144 [ERROR] LogOutputStream:75 - [STDERR_REDIRECT] 
2025-07-22 21:25:14,136 [ERROR] LogOutputStream:75 - [STDERR_REDIRECT] [Fatal Error] :1:1: Premature end of file.
2025-07-22 21:25:14,136 [ERROR] LogOutputStream:75 - [STDERR_REDIRECT] 
2025-07-22 21:25:15,138 [ERROR] LogOutputStream:75 - [STDERR_REDIRECT] [Fatal Error] :1:1: Premature end of file.
2025-07-22 21:25:15,139 [ERROR] LogOutputStream:75 - [STDERR_REDIRECT] 
2025-07-22 21:25:16,145 [ERROR] LogOutputStream:75 - [STDERR_REDIRECT] [Fatal Error] :1:1: Premature end of file.
2025-07-22 21:25:16,145 [ERROR] LogOutputStream:75 - [STDERR_REDIRECT] 
2025-07-22 21:25:17,134 [ERROR] LogOutputStream:75 - [STDERR_REDIRECT] [Fatal Error] :1:1: Premature end of file.
2025-07-22 21:25:17,134 [ERROR] LogOutputStream:75 - [STDERR_REDIRECT] 
2025-07-22 21:25:18,146 [ERROR] LogOutputStream:75 - [STDERR_REDIRECT] [Fatal Error] :1:1: Premature end of file.
2025-07-22 21:25:18,146 [ERROR] LogOutputStream:75 - [STDERR_REDIRECT] 
2025-07-22 21:25:19,144 [ERROR] LogOutputStream:75 - [STDERR_REDIRECT] [Fatal Error] :1:1: Premature end of file.
2025-07-22 21:25:19,144 [ERROR] LogOutputStream:75 - [STDERR_REDIRECT] 
2025-07-22 21:25:20,132 [ERROR] LogOutputStream:75 - [STDERR_REDIRECT] [Fatal Error] :1:1: Premature end of file.
2025-07-22 21:25:20,132 [ERROR] LogOutputStream:75 - [STDERR_REDIRECT] 
2025-07-22 21:25:21,141 [ERROR] LogOutputStream:75 - [STDERR_REDIRECT] [Fatal Error] :1:1: Premature end of file.
2025-07-22 21:25:21,141 [ERROR] LogOutputStream:75 - [STDERR_REDIRECT] 
2025-07-22 21:25:22,140 [ERROR] LogOutputStream:75 - [STDERR_REDIRECT] [Fatal Error] :1:1: Premature end of file.
2025-07-22 21:25:22,140 [ERROR] LogOutputStream:75 - [STDERR_REDIRECT] 
2025-07-22 21:25:23,144 [ERROR] LogOutputStream:75 - [STDERR_REDIRECT] [Fatal Error] :1:1: Premature end of file.
2025-07-22 21:25:23,145 [ERROR] LogOutputStream:75 - [STDERR_REDIRECT] 
2025-07-22 21:25:24,135 [ERROR] LogOutputStream:75 - [STDERR_REDIRECT] [Fatal Error] :1:1: Premature end of file.
2025-07-22 21:25:24,135 [ERROR] LogOutputStream:75 - [STDERR_REDIRECT] 
2025-07-22 21:25:25,132 [ERROR] LogOutputStream:75 - [STDERR_REDIRECT] [Fatal Error] :1:1: Premature end of file.
2025-07-22 21:25:25,132 [ERROR] LogOutputStream:75 - [STDERR_REDIRECT] 
2025-07-22 21:25:26,134 [ERROR] LogOutputStream:75 - [STDERR_REDIRECT] [Fatal Error] :1:1: Premature end of file.
2025-07-22 21:25:26,134 [ERROR] LogOutputStream:75 - [STDERR_REDIRECT] 
2025-07-22 21:25:27,142 [ERROR] LogOutputStream:75 - [STDERR_REDIRECT] [Fatal Error] :1:1: Premature end of file.
2025-07-22 21:25:27,142 [ERROR] LogOutputStream:75 - [STDERR_REDIRECT] 
2025-07-22 21:25:28,139 [ERROR] LogOutputStream:75 - [STDERR_REDIRECT] [Fatal Error] :1:1: Premature end of file.
2025-07-22 21:25:28,139 [ERROR] LogOutputStream:75 - [STDERR_REDIRECT] 
2025-07-22 21:25:29,135 [ERROR] LogOutputStream:75 - [STDERR_REDIRECT] [Fatal Error] :1:1: Premature end of file.
2025-07-22 21:25:29,136 [ERROR] LogOutputStream:75 - [STDERR_REDIRECT] 
2025-07-22 21:25:30,144 [ERROR] LogOutputStream:75 - [STDERR_REDIRECT] [Fatal Error] :1:1: Premature end of file.
2025-07-22 21:25:30,146 [ERROR] LogOutputStream:75 - [STDERR_REDIRECT] 
2025-07-22 21:25:31,142 [ERROR] LogOutputStream:75 - [STDERR_REDIRECT] [Fatal Error] :1:1: Premature end of file.
2025-07-22 21:25:31,142 [ERROR] LogOutputStream:75 - [STDERR_REDIRECT] 
2025-07-22 21:25:32,224 [ERROR] LogOutputStream:75 - [STDERR_REDIRECT] [Fatal Error] :1:1: Premature end of file.
2025-07-22 21:25:32,224 [ERROR] LogOutputStream:75 - [STDERR_REDIRECT] 
2025-07-22 21:25:33,132 [ERROR] LogOutputStream:75 - [STDERR_REDIRECT] [Fatal Error] :1:1: Premature end of file.
2025-07-22 21:25:33,132 [ERROR] LogOutputStream:75 - [STDERR_REDIRECT] 
2025-07-22 21:25:34,135 [ERROR] LogOutputStream:75 - [STDERR_REDIRECT] [Fatal Error] :1:1: Premature end of file.
2025-07-22 21:25:34,135 [ERROR] LogOutputStream:75 - [STDERR_REDIRECT] 
2025-07-22 21:25:35,146 [ERROR] LogOutputStream:75 - [STDERR_REDIRECT] [Fatal Error] :1:1: Premature end of file.
2025-07-22 21:25:35,146 [ERROR] LogOutputStream:75 - [STDERR_REDIRECT] 
2025-07-22 21:25:36,148 [ERROR] LogOutputStream:75 - [STDERR_REDIRECT] [Fatal Error] :1:1: Premature end of file.
2025-07-22 21:25:36,148 [ERROR] LogOutputStream:75 - [STDERR_REDIRECT] 
2025-07-22 21:25:37,147 [ERROR] LogOutputStream:75 - [STDERR_REDIRECT] [Fatal Error] :1:1: Premature end of file.
2025-07-22 21:25:37,147 [ERROR] LogOutputStream:75 - [STDERR_REDIRECT] 
2025-07-22 21:25:38,146 [ERROR] LogOutputStream:75 - [STDERR_REDIRECT] [Fatal Error] :1:1: Premature end of file.
2025-07-22 21:25:38,146 [ERROR] LogOutputStream:75 - [STDERR_REDIRECT] 
2025-07-22 21:25:39,147 [ERROR] LogOutputStream:75 - [STDERR_REDIRECT] [Fatal Error] :1:1: Premature end of file.
2025-07-22 21:25:39,147 [ERROR] LogOutputStream:75 - [STDERR_REDIRECT] 
2025-07-22 21:25:40,141 [ERROR] LogOutputStream:75 - [STDERR_REDIRECT] [Fatal Error] :1:1: Premature end of file.
2025-07-22 21:25:40,141 [ERROR] LogOutputStream:75 - [STDERR_REDIRECT] 
2025-07-22 21:25:41,147 [ERROR] LogOutputStream:75 - [STDERR_REDIRECT] [Fatal Error] :1:1: Premature end of file.
2025-07-22 21:25:41,147 [ERROR] LogOutputStream:75 - [STDERR_REDIRECT] 
2025-07-22 21:25:42,143 [ERROR] LogOutputStream:75 - [STDERR_REDIRECT] [Fatal Error] :1:1: Premature end of file.
2025-07-22 21:25:42,143 [ERROR] LogOutputStream:75 - [STDERR_REDIRECT] 
2025-07-22 21:25:43,130 [ERROR] LogOutputStream:75 - [STDERR_REDIRECT] [Fatal Error] :1:1: Premature end of file.
2025-07-22 21:25:43,130 [ERROR] LogOutputStream:75 - [STDERR_REDIRECT] 
2025-07-22 21:25:44,144 [ERROR] LogOutputStream:75 - [STDERR_REDIRECT] [Fatal Error] :1:1: Premature end of file.
2025-07-22 21:25:44,144 [ERROR] LogOutputStream:75 - [STDERR_REDIRECT] 
2025-07-22 21:25:45,139 [ERROR] LogOutputStream:75 - [STDERR_REDIRECT] [Fatal Error] :1:1: Premature end of file.
2025-07-22 21:25:45,139 [ERROR] LogOutputStream:75 - [STDERR_REDIRECT] 
2025-07-22 21:25:46,142 [ERROR] LogOutputStream:75 - [STDERR_REDIRECT] [Fatal Error] :1:1: Premature end of file.
2025-07-22 21:25:46,143 [ERROR] LogOutputStream:75 - [STDERR_REDIRECT] 
2025-07-22 21:25:47,142 [ERROR] LogOutputStream:75 - [STDERR_REDIRECT] [Fatal Error] :1:1: Premature end of file.
2025-07-22 21:25:47,142 [ERROR] LogOutputStream:75 - [STDERR_REDIRECT] 
2025-07-22 21:25:48,148 [ERROR] LogOutputStream:75 - [STDERR_REDIRECT] [Fatal Error] :1:1: Premature end of file.
2025-07-22 21:25:48,148 [ERROR] LogOutputStream:75 - [STDERR_REDIRECT] 
2025-07-22 21:25:49,141 [ERROR] LogOutputStream:75 - [STDERR_REDIRECT] [Fatal Error] :1:1: Premature end of file.
2025-07-22 21:25:49,141 [ERROR] LogOutputStream:75 - [STDERR_REDIRECT] 
2025-07-22 21:25:50,133 [ERROR] LogOutputStream:75 - [STDERR_REDIRECT] [Fatal Error] :1:1: Premature end of file.
2025-07-22 21:25:50,133 [ERROR] LogOutputStream:75 - [STDERR_REDIRECT] 
2025-07-22 21:25:51,130 [ERROR] LogOutputStream:75 - [STDERR_REDIRECT] [Fatal Error] :1:1: Premature end of file.
2025-07-22 21:25:51,130 [ERROR] LogOutputStream:75 - [STDERR_REDIRECT] 
2025-07-22 21:25:52,130 [ERROR] LogOutputStream:75 - [STDERR_REDIRECT] [Fatal Error] :1:1: Premature end of file.
2025-07-22 21:25:52,130 [ERROR] LogOutputStream:75 - [STDERR_REDIRECT] 
2025-07-22 21:25:53,148 [ERROR] LogOutputStream:75 - [STDERR_REDIRECT] [Fatal Error] :1:1: Premature end of file.
2025-07-22 21:25:53,148 [ERROR] LogOutputStream:75 - [STDERR_REDIRECT] 
2025-07-22 21:25:54,132 [ERROR] LogOutputStream:75 - [STDERR_REDIRECT] [Fatal Error] :1:1: Premature end of file.
2025-07-22 21:25:54,132 [ERROR] LogOutputStream:75 - [STDERR_REDIRECT] 
2025-07-22 21:25:55,138 [ERROR] LogOutputStream:75 - [STDERR_REDIRECT] [Fatal Error] :1:1: Premature end of file.
2025-07-22 21:25:55,138 [ERROR] LogOutputStream:75 - [STDERR_REDIRECT] 
2025-07-22 21:25:56,134 [ERROR] LogOutputStream:75 - [STDERR_REDIRECT] [Fatal Error] :1:1: Premature end of file.
2025-07-22 21:25:56,134 [ERROR] LogOutputStream:75 - [STDERR_REDIRECT] 
2025-07-22 21:25:57,131 [ERROR] LogOutputStream:75 - [STDERR_REDIRECT] [Fatal Error] :1:1: Premature end of file.
2025-07-22 21:25:57,131 [ERROR] LogOutputStream:75 - [STDERR_REDIRECT] 
2025-07-22 21:25:58,138 [ERROR] LogOutputStream:75 - [STDERR_REDIRECT] [Fatal Error] :1:1: Premature end of file.
2025-07-22 21:25:58,138 [ERROR] LogOutputStream:75 - [STDERR_REDIRECT] 
2025-07-22 21:25:59,138 [ERROR] LogOutputStream:75 - [STDERR_REDIRECT] [Fatal Error] :1:1: Premature end of file.
2025-07-22 21:25:59,139 [ERROR] LogOutputStream:75 - [STDERR_REDIRECT] 
2025-07-22 21:26:00,143 [ERROR] LogOutputStream:75 - [STDERR_REDIRECT] [Fatal Error] :1:1: Premature end of file.
2025-07-22 21:26:00,144 [ERROR] LogOutputStream:75 - [STDERR_REDIRECT] 
2025-07-22 21:26:01,138 [ERROR] LogOutputStream:75 - [STDERR_REDIRECT] [Fatal Error] :1:1: Premature end of file.
2025-07-22 21:26:01,138 [ERROR] LogOutputStream:75 - [STDERR_REDIRECT] 
2025-07-22 21:26:02,142 [ERROR] LogOutputStream:75 - [STDERR_REDIRECT] [Fatal Error] :1:1: Premature end of file.
2025-07-22 21:26:02,142 [ERROR] LogOutputStream:75 - [STDERR_REDIRECT] 
2025-07-22 21:26:03,146 [ERROR] LogOutputStream:75 - [STDERR_REDIRECT] [Fatal Error] :1:1: Premature end of file.
2025-07-22 21:26:03,146 [ERROR] LogOutputStream:75 - [STDERR_REDIRECT] 
2025-07-22 21:26:04,142 [ERROR] LogOutputStream:75 - [STDERR_REDIRECT] [Fatal Error] :1:1: Premature end of file.
2025-07-22 21:26:04,142 [ERROR] LogOutputStream:75 - [STDERR_REDIRECT] 
2025-07-22 21:26:05,139 [ERROR] LogOutputStream:75 - [STDERR_REDIRECT] [Fatal Error] :1:1: Premature end of file.
2025-07-22 21:26:05,139 [ERROR] LogOutputStream:75 - [STDERR_REDIRECT] 
2025-07-22 21:26:06,144 [ERROR] LogOutputStream:75 - [STDERR_REDIRECT] [Fatal Error] :1:1: Premature end of file.
2025-07-22 21:26:06,144 [ERROR] LogOutputStream:75 - [STDERR_REDIRECT] 
2025-07-22 21:26:07,153 [ERROR] LogOutputStream:75 - [STDERR_REDIRECT] [Fatal Error] :1:1: Premature end of file.
2025-07-22 21:26:07,153 [ERROR] LogOutputStream:75 - [STDERR_REDIRECT] 
2025-07-22 21:26:08,146 [ERROR] LogOutputStream:75 - [STDERR_REDIRECT] [Fatal Error] :1:1: Premature end of file.
2025-07-22 21:26:08,146 [ERROR] LogOutputStream:75 - [STDERR_REDIRECT] 
2025-07-22 21:26:09,145 [ERROR] LogOutputStream:75 - [STDERR_REDIRECT] [Fatal Error] :1:1: Premature end of file.
2025-07-22 21:26:09,145 [ERROR] LogOutputStream:75 - [STDERR_REDIRECT] 
2025-07-22 21:26:10,150 [ERROR] LogOutputStream:75 - [STDERR_REDIRECT] [Fatal Error] :1:1: Premature end of file.
2025-07-22 21:26:10,150 [ERROR] LogOutputStream:75 - [STDERR_REDIRECT] 
2025-07-22 21:26:11,144 [ERROR] LogOutputStream:75 - [STDERR_REDIRECT] [Fatal Error] :1:1: Premature end of file.
2025-07-22 21:26:11,144 [ERROR] LogOutputStream:75 - [STDERR_REDIRECT] 
2025-07-22 21:26:12,138 [ERROR] LogOutputStream:75 - [STDERR_REDIRECT] [Fatal Error] :1:1: Premature end of file.
2025-07-22 21:26:12,138 [ERROR] LogOutputStream:75 - [STDERR_REDIRECT] 
2025-07-22 21:26:13,143 [ERROR] LogOutputStream:75 - [STDERR_REDIRECT] [Fatal Error] :1:1: Premature end of file.
2025-07-22 21:26:13,143 [ERROR] LogOutputStream:75 - [STDERR_REDIRECT] 
2025-07-22 21:26:14,145 [ERROR] LogOutputStream:75 - [STDERR_REDIRECT] [Fatal Error] :1:1: Premature end of file.
2025-07-22 21:26:14,145 [ERROR] LogOutputStream:75 - [STDERR_REDIRECT] 
2025-07-22 21:26:15,147 [ERROR] LogOutputStream:75 - [STDERR_REDIRECT] [Fatal Error] :1:1: Premature end of file.
2025-07-22 21:26:15,147 [ERROR] LogOutputStream:75 - [STDERR_REDIRECT] 
2025-07-22 21:26:16,142 [ERROR] LogOutputStream:75 - [STDERR_REDIRECT] [Fatal Error] :1:1: Premature end of file.
2025-07-22 21:26:16,142 [ERROR] LogOutputStream:75 - [STDERR_REDIRECT] 
2025-07-22 21:26:17,146 [ERROR] LogOutputStream:75 - [STDERR_REDIRECT] [Fatal Error] :1:1: Premature end of file.
2025-07-22 21:26:17,146 [ERROR] LogOutputStream:75 - [STDERR_REDIRECT] 
2025-07-22 21:26:18,130 [ERROR] LogOutputStream:75 - [STDERR_REDIRECT] [Fatal Error] :1:1: Premature end of file.
2025-07-22 21:26:18,130 [ERROR] LogOutputStream:75 - [STDERR_REDIRECT] 
2025-07-22 21:26:19,143 [ERROR] LogOutputStream:75 - [STDERR_REDIRECT] [Fatal Error] :1:1: Premature end of file.
2025-07-22 21:26:19,143 [ERROR] LogOutputStream:75 - [STDERR_REDIRECT] 
2025-07-22 21:26:20,132 [ERROR] LogOutputStream:75 - [STDERR_REDIRECT] [Fatal Error] :1:1: Premature end of file.
2025-07-22 21:26:20,132 [ERROR] LogOutputStream:75 - [STDERR_REDIRECT] 
2025-07-22 21:26:21,133 [ERROR] LogOutputStream:75 - [STDERR_REDIRECT] [Fatal Error] :1:1: Premature end of file.
2025-07-22 21:26:21,133 [ERROR] LogOutputStream:75 - [STDERR_REDIRECT] 
2025-07-22 21:26:22,135 [ERROR] LogOutputStream:75 - [STDERR_REDIRECT] [Fatal Error] :1:1: Premature end of file.
2025-07-22 21:26:22,135 [ERROR] LogOutputStream:75 - [STDERR_REDIRECT] 
2025-07-22 21:26:23,139 [ERROR] LogOutputStream:75 - [STDERR_REDIRECT] [Fatal Error] :1:1: Premature end of file.
2025-07-22 21:26:23,139 [ERROR] LogOutputStream:75 - [STDERR_REDIRECT] 
2025-07-22 21:26:24,139 [ERROR] LogOutputStream:75 - [STDERR_REDIRECT] [Fatal Error] :1:1: Premature end of file.
2025-07-22 21:26:24,139 [ERROR] LogOutputStream:75 - [STDERR_REDIRECT] 
2025-07-22 21:26:25,133 [ERROR] LogOutputStream:75 - [STDERR_REDIRECT] [Fatal Error] :1:1: Premature end of file.
2025-07-22 21:26:25,133 [ERROR] LogOutputStream:75 - [STDERR_REDIRECT] 
2025-07-22 21:26:26,134 [ERROR] LogOutputStream:75 - [STDERR_REDIRECT] [Fatal Error] :1:1: Premature end of file.
2025-07-22 21:26:26,134 [ERROR] LogOutputStream:75 - [STDERR_REDIRECT] 
2025-07-22 21:26:27,137 [ERROR] LogOutputStream:75 - [STDERR_REDIRECT] [Fatal Error] :1:1: Premature end of file.
2025-07-22 21:26:27,137 [ERROR] LogOutputStream:75 - [STDERR_REDIRECT] 
2025-07-22 21:26:28,133 [ERROR] LogOutputStream:75 - [STDERR_REDIRECT] [Fatal Error] :1:1: Premature end of file.
2025-07-22 21:26:28,134 [ERROR] LogOutputStream:75 - [STDERR_REDIRECT] 
2025-07-22 21:26:29,158 [ERROR] LogOutputStream:75 - [STDERR_REDIRECT] [Fatal Error] :1:1: Premature end of file.
2025-07-22 21:26:29,158 [ERROR] LogOutputStream:75 - [STDERR_REDIRECT] 
2025-07-22 21:26:30,134 [ERROR] LogOutputStream:75 - [STDERR_REDIRECT] [Fatal Error] :1:1: Premature end of file.
2025-07-22 21:26:30,134 [ERROR] LogOutputStream:75 - [STDERR_REDIRECT] 
2025-07-22 21:26:31,132 [ERROR] LogOutputStream:75 - [STDERR_REDIRECT] [Fatal Error] :1:1: Premature end of file.
2025-07-22 21:26:31,132 [ERROR] LogOutputStream:75 - [STDERR_REDIRECT] 
2025-07-22 21:26:32,196 [ERROR] LogOutputStream:75 - [STDERR_REDIRECT] [Fatal Error] :1:1: Premature end of file.
2025-07-22 21:26:32,196 [ERROR] LogOutputStream:75 - [STDERR_REDIRECT] 
2025-07-22 21:26:33,132 [ERROR] LogOutputStream:75 - [STDERR_REDIRECT] [Fatal Error] :1:1: Premature end of file.
2025-07-22 21:26:33,132 [ERROR] LogOutputStream:75 - [STDERR_REDIRECT] 
2025-07-22 21:26:34,131 [ERROR] LogOutputStream:75 - [STDERR_REDIRECT] [Fatal Error] :1:1: Premature end of file.
2025-07-22 21:26:34,131 [ERROR] LogOutputStream:75 - [STDERR_REDIRECT] 
2025-07-22 21:26:35,131 [ERROR] LogOutputStream:75 - [STDERR_REDIRECT] [Fatal Error] :1:1: Premature end of file.
2025-07-22 21:26:35,131 [ERROR] LogOutputStream:75 - [STDERR_REDIRECT] 
2025-07-22 21:26:36,135 [ERROR] LogOutputStream:75 - [STDERR_REDIRECT] [Fatal Error] :1:1: Premature end of file.
2025-07-22 21:26:36,135 [ERROR] LogOutputStream:75 - [STDERR_REDIRECT] 
2025-07-22 21:26:37,134 [ERROR] LogOutputStream:75 - [STDERR_REDIRECT] [Fatal Error] :1:1: Premature end of file.
2025-07-22 21:26:37,134 [ERROR] LogOutputStream:75 - [STDERR_REDIRECT] 
2025-07-22 21:26:38,134 [ERROR] LogOutputStream:75 - [STDERR_REDIRECT] [Fatal Error] :1:1: Premature end of file.
2025-07-22 21:26:38,134 [ERROR] LogOutputStream:75 - [STDERR_REDIRECT] 
2025-07-22 21:26:39,133 [ERROR] LogOutputStream:75 - [STDERR_REDIRECT] [Fatal Error] :1:1: Premature end of file.
2025-07-22 21:26:39,133 [ERROR] LogOutputStream:75 - [STDERR_REDIRECT] 
2025-07-22 21:26:40,140 [ERROR] LogOutputStream:75 - [STDERR_REDIRECT] [Fatal Error] :1:1: Premature end of file.
2025-07-22 21:26:40,140 [ERROR] LogOutputStream:75 - [STDERR_REDIRECT] 
2025-07-22 21:26:41,145 [ERROR] LogOutputStream:75 - [STDERR_REDIRECT] [Fatal Error] :1:1: Premature end of file.
2025-07-22 21:26:41,145 [ERROR] LogOutputStream:75 - [STDERR_REDIRECT] 
2025-07-22 21:26:42,138 [ERROR] LogOutputStream:75 - [STDERR_REDIRECT] [Fatal Error] :1:1: Premature end of file.
2025-07-22 21:26:42,138 [ERROR] LogOutputStream:75 - [STDERR_REDIRECT] 
2025-07-22 21:26:43,132 [ERROR] LogOutputStream:75 - [STDERR_REDIRECT] [Fatal Error] :1:1: Premature end of file.
2025-07-22 21:26:43,132 [ERROR] LogOutputStream:75 - [STDERR_REDIRECT] 
2025-07-22 21:26:44,137 [ERROR] LogOutputStream:75 - [STDERR_REDIRECT] [Fatal Error] :1:1: Premature end of file.
2025-07-22 21:26:44,137 [ERROR] LogOutputStream:75 - [STDERR_REDIRECT] 
2025-07-22 21:26:45,131 [ERROR] LogOutputStream:75 - [STDERR_REDIRECT] [Fatal Error] :1:1: Premature end of file.
2025-07-22 21:26:45,133 [ERROR] LogOutputStream:75 - [STDERR_REDIRECT] 
2025-07-22 21:26:46,137 [ERROR] LogOutputStream:75 - [STDERR_REDIRECT] [Fatal Error] :1:1: Premature end of file.
2025-07-22 21:26:46,137 [ERROR] LogOutputStream:75 - [STDERR_REDIRECT] 
2025-07-22 21:26:47,133 [ERROR] LogOutputStream:75 - [STDERR_REDIRECT] [Fatal Error] :1:1: Premature end of file.
2025-07-22 21:26:47,133 [ERROR] LogOutputStream:75 - [STDERR_REDIRECT] 
2025-07-22 21:26:48,133 [ERROR] LogOutputStream:75 - [STDERR_REDIRECT] [Fatal Error] :1:1: Premature end of file.
2025-07-22 21:26:48,134 [ERROR] LogOutputStream:75 - [STDERR_REDIRECT] 
2025-07-22 21:26:49,134 [ERROR] LogOutputStream:75 - [STDERR_REDIRECT] [Fatal Error] :1:1: Premature end of file.
2025-07-22 21:26:49,134 [ERROR] LogOutputStream:75 - [STDERR_REDIRECT] 
2025-07-22 21:26:50,137 [ERROR] LogOutputStream:75 - [STDERR_REDIRECT] [Fatal Error] :1:1: Premature end of file.
2025-07-22 21:26:50,137 [ERROR] LogOutputStream:75 - [STDERR_REDIRECT] 
2025-07-22 21:26:51,135 [ERROR] LogOutputStream:75 - [STDERR_REDIRECT] [Fatal Error] :1:1: Premature end of file.
2025-07-22 21:26:51,135 [ERROR] LogOutputStream:75 - [STDERR_REDIRECT] 
2025-07-22 21:26:52,137 [ERROR] LogOutputStream:75 - [STDERR_REDIRECT] [Fatal Error] :1:1: Premature end of file.
2025-07-22 21:26:52,137 [ERROR] LogOutputStream:75 - [STDERR_REDIRECT] 
2025-07-22 21:26:53,133 [ERROR] LogOutputStream:75 - [STDERR_REDIRECT] [Fatal Error] :1:1: Premature end of file.
2025-07-22 21:26:53,133 [ERROR] LogOutputStream:75 - [STDERR_REDIRECT] 
2025-07-22 21:26:54,132 [ERROR] LogOutputStream:75 - [STDERR_REDIRECT] [Fatal Error] :1:1: Premature end of file.
2025-07-22 21:26:54,132 [ERROR] LogOutputStream:75 - [STDERR_REDIRECT] 
2025-07-22 21:26:55,132 [ERROR] LogOutputStream:75 - [STDERR_REDIRECT] [Fatal Error] :1:1: Premature end of file.
2025-07-22 21:26:55,132 [ERROR] LogOutputStream:75 - [STDERR_REDIRECT] 
2025-07-22 21:26:56,132 [ERROR] LogOutputStream:75 - [STDERR_REDIRECT] [Fatal Error] :1:1: Premature end of file.
2025-07-22 21:26:56,132 [ERROR] LogOutputStream:75 - [STDERR_REDIRECT] 
2025-07-22 21:26:57,147 [ERROR] LogOutputStream:75 - [STDERR_REDIRECT] [Fatal Error] :1:1: Premature end of file.
2025-07-22 21:26:57,147 [ERROR] LogOutputStream:75 - [STDERR_REDIRECT] 
2025-07-22 21:26:58,134 [ERROR] LogOutputStream:75 - [STDERR_REDIRECT] [Fatal Error] :1:1: Premature end of file.
2025-07-22 21:26:58,134 [ERROR] LogOutputStream:75 - [STDERR_REDIRECT] 
2025-07-22 21:26:59,135 [ERROR] LogOutputStream:75 - [STDERR_REDIRECT] [Fatal Error] :1:1: Premature end of file.
2025-07-22 21:26:59,136 [ERROR] LogOutputStream:75 - [STDERR_REDIRECT] 
2025-07-22 21:27:00,138 [ERROR] LogOutputStream:75 - [STDERR_REDIRECT] [Fatal Error] :1:1: Premature end of file.
2025-07-22 21:27:00,138 [ERROR] LogOutputStream:75 - [STDERR_REDIRECT] 
2025-07-22 21:27:01,153 [ERROR] LogOutputStream:75 - [STDERR_REDIRECT] [Fatal Error] :1:1: Premature end of file.
2025-07-22 21:27:01,154 [ERROR] LogOutputStream:75 - [STDERR_REDIRECT] 
2025-07-22 21:27:02,131 [ERROR] LogOutputStream:75 - [STDERR_REDIRECT] [Fatal Error] :1:1: Premature end of file.
2025-07-22 21:27:02,131 [ERROR] LogOutputStream:75 - [STDERR_REDIRECT] 
2025-07-22 21:27:03,133 [ERROR] LogOutputStream:75 - [STDERR_REDIRECT] [Fatal Error] :1:1: Premature end of file.
2025-07-22 21:27:03,133 [ERROR] LogOutputStream:75 - [STDERR_REDIRECT] 
2025-07-22 21:27:04,131 [ERROR] LogOutputStream:75 - [STDERR_REDIRECT] [Fatal Error] :1:1: Premature end of file.
2025-07-22 21:27:04,131 [ERROR] LogOutputStream:75 - [STDERR_REDIRECT] 
2025-07-22 21:27:05,137 [ERROR] LogOutputStream:75 - [STDERR_REDIRECT] [Fatal Error] :1:1: Premature end of file.
2025-07-22 21:27:05,137 [ERROR] LogOutputStream:75 - [STDERR_REDIRECT] 
2025-07-22 21:27:06,130 [ERROR] LogOutputStream:75 - [STDERR_REDIRECT] [Fatal Error] :1:1: Premature end of file.
2025-07-22 21:27:06,130 [ERROR] LogOutputStream:75 - [STDERR_REDIRECT] 
2025-07-22 21:27:07,138 [ERROR] LogOutputStream:75 - [STDERR_REDIRECT] [Fatal Error] :1:1: Premature end of file.
2025-07-22 21:27:07,139 [ERROR] LogOutputStream:75 - [STDERR_REDIRECT] 
2025-07-22 21:27:08,132 [ERROR] LogOutputStream:75 - [STDERR_REDIRECT] [Fatal Error] :1:1: Premature end of file.
2025-07-22 21:27:08,132 [ERROR] LogOutputStream:75 - [STDERR_REDIRECT] 
2025-07-22 21:27:09,136 [ERROR] LogOutputStream:75 - [STDERR_REDIRECT] [Fatal Error] :1:1: Premature end of file.
2025-07-22 21:27:09,136 [ERROR] LogOutputStream:75 - [STDERR_REDIRECT] 
2025-07-22 21:27:10,140 [ERROR] LogOutputStream:75 - [STDERR_REDIRECT] [Fatal Error] :1:1: Premature end of file.
2025-07-22 21:27:10,140 [ERROR] LogOutputStream:75 - [STDERR_REDIRECT] 
2025-07-22 21:27:11,132 [ERROR] LogOutputStream:75 - [STDERR_REDIRECT] [Fatal Error] :1:1: Premature end of file.
2025-07-22 21:27:11,132 [ERROR] LogOutputStream:75 - [STDERR_REDIRECT] 
2025-07-22 21:27:12,136 [ERROR] LogOutputStream:75 - [STDERR_REDIRECT] [Fatal Error] :1:1: Premature end of file.
2025-07-22 21:27:12,137 [ERROR] LogOutputStream:75 - [STDERR_REDIRECT] 
2025-07-22 21:27:13,135 [ERROR] LogOutputStream:75 - [STDERR_REDIRECT] [Fatal Error] :1:1: Premature end of file.
2025-07-22 21:27:13,135 [ERROR] LogOutputStream:75 - [STDERR_REDIRECT] 
2025-07-22 21:27:14,130 [ERROR] LogOutputStream:75 - [STDERR_REDIRECT] [Fatal Error] :1:1: Premature end of file.
2025-07-22 21:27:14,130 [ERROR] LogOutputStream:75 - [STDERR_REDIRECT] 
2025-07-22 21:27:15,131 [ERROR] LogOutputStream:75 - [STDERR_REDIRECT] [Fatal Error] :1:1: Premature end of file.
2025-07-22 21:27:15,131 [ERROR] LogOutputStream:75 - [STDERR_REDIRECT] 
2025-07-22 21:27:16,141 [ERROR] LogOutputStream:75 - [STDERR_REDIRECT] [Fatal Error] :1:1: Premature end of file.
2025-07-22 21:27:16,141 [ERROR] LogOutputStream:75 - [STDERR_REDIRECT] 
2025-07-22 21:27:17,134 [ERROR] LogOutputStream:75 - [STDERR_REDIRECT] [Fatal Error] :1:1: Premature end of file.
2025-07-22 21:27:17,134 [ERROR] LogOutputStream:75 - [STDERR_REDIRECT] 
2025-07-22 21:27:18,132 [ERROR] LogOutputStream:75 - [STDERR_REDIRECT] [Fatal Error] :1:1: Premature end of file.
2025-07-22 21:27:18,132 [ERROR] LogOutputStream:75 - [STDERR_REDIRECT] 
2025-07-22 21:27:19,137 [ERROR] LogOutputStream:75 - [STDERR_REDIRECT] [Fatal Error] :1:1: Premature end of file.
2025-07-22 21:27:19,137 [ERROR] LogOutputStream:75 - [STDERR_REDIRECT] 
2025-07-22 21:27:20,135 [ERROR] LogOutputStream:75 - [STDERR_REDIRECT] [Fatal Error] :1:1: Premature end of file.
2025-07-22 21:27:20,135 [ERROR] LogOutputStream:75 - [STDERR_REDIRECT] 
2025-07-22 21:27:21,132 [ERROR] LogOutputStream:75 - [STDERR_REDIRECT] [Fatal Error] :1:1: Premature end of file.
2025-07-22 21:27:21,132 [ERROR] LogOutputStream:75 - [STDERR_REDIRECT] 
2025-07-22 21:27:22,134 [ERROR] LogOutputStream:75 - [STDERR_REDIRECT] [Fatal Error] :1:1: Premature end of file.
2025-07-22 21:27:22,134 [ERROR] LogOutputStream:75 - [STDERR_REDIRECT] 
2025-07-22 21:27:23,132 [ERROR] LogOutputStream:75 - [STDERR_REDIRECT] [Fatal Error] :1:1: Premature end of file.
2025-07-22 21:27:23,132 [ERROR] LogOutputStream:75 - [STDERR_REDIRECT] 
2025-07-22 21:27:24,133 [ERROR] LogOutputStream:75 - [STDERR_REDIRECT] [Fatal Error] :1:1: Premature end of file.
2025-07-22 21:27:24,133 [ERROR] LogOutputStream:75 - [STDERR_REDIRECT] 
2025-07-22 21:27:25,138 [ERROR] LogOutputStream:75 - [STDERR_REDIRECT] [Fatal Error] :1:1: Premature end of file.
2025-07-22 21:27:25,138 [ERROR] LogOutputStream:75 - [STDERR_REDIRECT] 
2025-07-22 21:27:26,135 [ERROR] LogOutputStream:75 - [STDERR_REDIRECT] [Fatal Error] :1:1: Premature end of file.
2025-07-22 21:27:26,135 [ERROR] LogOutputStream:75 - [STDERR_REDIRECT] 
2025-07-22 21:27:27,130 [ERROR] LogOutputStream:75 - [STDERR_REDIRECT] [Fatal Error] :1:1: Premature end of file.
2025-07-22 21:27:27,130 [ERROR] LogOutputStream:75 - [STDERR_REDIRECT] 
2025-07-22 21:27:28,135 [ERROR] LogOutputStream:75 - [STDERR_REDIRECT] [Fatal Error] :1:1: Premature end of file.
2025-07-22 21:27:28,136 [ERROR] LogOutputStream:75 - [STDERR_REDIRECT] 
2025-07-22 21:27:29,154 [ERROR] LogOutputStream:75 - [STDERR_REDIRECT] [Fatal Error] :1:1: Premature end of file.
2025-07-22 21:27:29,154 [ERROR] LogOutputStream:75 - [STDERR_REDIRECT] 
2025-07-22 21:27:30,134 [ERROR] LogOutputStream:75 - [STDERR_REDIRECT] [Fatal Error] :1:1: Premature end of file.
2025-07-22 21:27:30,134 [ERROR] LogOutputStream:75 - [STDERR_REDIRECT] 
2025-07-22 21:27:31,130 [ERROR] LogOutputStream:75 - [STDERR_REDIRECT] [Fatal Error] :1:1: Premature end of file.
2025-07-22 21:27:31,130 [ERROR] LogOutputStream:75 - [STDERR_REDIRECT] 
2025-07-22 21:27:32,162 [ERROR] LogOutputStream:75 - [STDERR_REDIRECT] [Fatal Error] :1:1: Premature end of file.
2025-07-22 21:27:32,162 [ERROR] LogOutputStream:75 - [STDERR_REDIRECT] 
2025-07-22 21:27:33,133 [ERROR] LogOutputStream:75 - [STDERR_REDIRECT] [Fatal Error] :1:1: Premature end of file.
2025-07-22 21:27:33,133 [ERROR] LogOutputStream:75 - [STDERR_REDIRECT] 
2025-07-22 21:27:34,135 [ERROR] LogOutputStream:75 - [STDERR_REDIRECT] [Fatal Error] :1:1: Premature end of file.
2025-07-22 21:27:34,135 [ERROR] LogOutputStream:75 - [STDERR_REDIRECT] 
2025-07-22 21:27:35,129 [ERROR] LogOutputStream:75 - [STDERR_REDIRECT] [Fatal Error] :1:1: Premature end of file.
2025-07-22 21:27:35,129 [ERROR] LogOutputStream:75 - [STDERR_REDIRECT] 
2025-07-22 21:27:36,135 [ERROR] LogOutputStream:75 - [STDERR_REDIRECT] [Fatal Error] :1:1: Premature end of file.
2025-07-22 21:27:36,136 [ERROR] LogOutputStream:75 - [STDERR_REDIRECT] 
2025-07-22 21:27:37,136 [ERROR] LogOutputStream:75 - [STDERR_REDIRECT] [Fatal Error] :1:1: Premature end of file.
2025-07-22 21:27:37,136 [ERROR] LogOutputStream:75 - [STDERR_REDIRECT] 
2025-07-22 21:27:38,136 [ERROR] LogOutputStream:75 - [STDERR_REDIRECT] [Fatal Error] :1:1: Premature end of file.
2025-07-22 21:27:38,136 [ERROR] LogOutputStream:75 - [STDERR_REDIRECT] 
2025-07-22 21:27:39,131 [ERROR] LogOutputStream:75 - [STDERR_REDIRECT] [Fatal Error] :1:1: Premature end of file.
2025-07-22 21:27:39,131 [ERROR] LogOutputStream:75 - [STDERR_REDIRECT] 
2025-07-22 21:27:40,150 [ERROR] LogOutputStream:75 - [STDERR_REDIRECT] [Fatal Error] :1:1: Premature end of file.
2025-07-22 21:27:40,150 [ERROR] LogOutputStream:75 - [STDERR_REDIRECT] 
2025-07-22 21:27:41,131 [ERROR] LogOutputStream:75 - [STDERR_REDIRECT] [Fatal Error] :1:1: Premature end of file.
2025-07-22 21:27:41,131 [ERROR] LogOutputStream:75 - [STDERR_REDIRECT] 
2025-07-22 21:27:42,136 [ERROR] LogOutputStream:75 - [STDERR_REDIRECT] [Fatal Error] :1:1: Premature end of file.
2025-07-22 21:27:42,136 [ERROR] LogOutputStream:75 - [STDERR_REDIRECT] 
2025-07-22 21:27:43,134 [ERROR] LogOutputStream:75 - [STDERR_REDIRECT] [Fatal Error] :1:1: Premature end of file.
2025-07-22 21:27:43,134 [ERROR] LogOutputStream:75 - [STDERR_REDIRECT] 
2025-07-22 21:27:44,140 [ERROR] LogOutputStream:75 - [STDERR_REDIRECT] [Fatal Error] :1:1: Premature end of file.
2025-07-22 21:27:44,140 [ERROR] LogOutputStream:75 - [STDERR_REDIRECT] 
2025-07-22 21:27:45,135 [ERROR] LogOutputStream:75 - [STDERR_REDIRECT] [Fatal Error] :1:1: Premature end of file.
2025-07-22 21:27:45,135 [ERROR] LogOutputStream:75 - [STDERR_REDIRECT] 
2025-07-22 21:27:46,131 [ERROR] LogOutputStream:75 - [STDERR_REDIRECT] [Fatal Error] :1:1: Premature end of file.
2025-07-22 21:27:46,131 [ERROR] LogOutputStream:75 - [STDERR_REDIRECT] 
2025-07-22 21:27:47,138 [ERROR] LogOutputStream:75 - [STDERR_REDIRECT] [Fatal Error] :1:1: Premature end of file.
2025-07-22 21:27:47,138 [ERROR] LogOutputStream:75 - [STDERR_REDIRECT] 
2025-07-22 21:27:48,131 [ERROR] LogOutputStream:75 - [STDERR_REDIRECT] [Fatal Error] :1:1: Premature end of file.
2025-07-22 21:27:48,131 [ERROR] LogOutputStream:75 - [STDERR_REDIRECT] 
2025-07-22 21:27:49,132 [ERROR] LogOutputStream:75 - [STDERR_REDIRECT] [Fatal Error] :1:1: Premature end of file.
2025-07-22 21:27:49,132 [ERROR] LogOutputStream:75 - [STDERR_REDIRECT] 
2025-07-22 21:27:50,135 [ERROR] LogOutputStream:75 - [STDERR_REDIRECT] [Fatal Error] :1:1: Premature end of file.
2025-07-22 21:27:50,135 [ERROR] LogOutputStream:75 - [STDERR_REDIRECT] 
2025-07-22 21:27:51,132 [ERROR] LogOutputStream:75 - [STDERR_REDIRECT] [Fatal Error] :1:1: Premature end of file.
2025-07-22 21:27:51,133 [ERROR] LogOutputStream:75 - [STDERR_REDIRECT] 
2025-07-22 21:27:52,136 [ERROR] LogOutputStream:75 - [STDERR_REDIRECT] [Fatal Error] :1:1: Premature end of file.
2025-07-22 21:27:52,136 [ERROR] LogOutputStream:75 - [STDERR_REDIRECT] 
2025-07-22 21:27:53,145 [ERROR] LogOutputStream:75 - [STDERR_REDIRECT] [Fatal Error] :1:1: Premature end of file.
2025-07-22 21:27:53,145 [ERROR] LogOutputStream:75 - [STDERR_REDIRECT] 
2025-07-22 21:27:54,135 [ERROR] LogOutputStream:75 - [STDERR_REDIRECT] [Fatal Error] :1:1: Premature end of file.
2025-07-22 21:27:54,135 [ERROR] LogOutputStream:75 - [STDERR_REDIRECT] 
2025-07-22 21:27:55,148 [ERROR] LogOutputStream:75 - [STDERR_REDIRECT] [Fatal Error] :1:1: Premature end of file.
2025-07-22 21:27:55,149 [ERROR] LogOutputStream:75 - [STDERR_REDIRECT] 
2025-07-22 21:27:56,137 [ERROR] LogOutputStream:75 - [STDERR_REDIRECT] [Fatal Error] :1:1: Premature end of file.
2025-07-22 21:27:56,137 [ERROR] LogOutputStream:75 - [STDERR_REDIRECT] 
2025-07-22 21:27:57,135 [ERROR] LogOutputStream:75 - [STDERR_REDIRECT] [Fatal Error] :1:1: Premature end of file.
2025-07-22 21:27:57,135 [ERROR] LogOutputStream:75 - [STDERR_REDIRECT] 
2025-07-22 21:27:58,131 [ERROR] LogOutputStream:75 - [STDERR_REDIRECT] [Fatal Error] :1:1: Premature end of file.
2025-07-22 21:27:58,131 [ERROR] LogOutputStream:75 - [STDERR_REDIRECT] 
2025-07-22 21:27:59,133 [ERROR] LogOutputStream:75 - [STDERR_REDIRECT] [Fatal Error] :1:1: Premature end of file.
2025-07-22 21:27:59,133 [ERROR] LogOutputStream:75 - [STDERR_REDIRECT] 
2025-07-22 21:28:00,136 [ERROR] LogOutputStream:75 - [STDERR_REDIRECT] [Fatal Error] :1:1: Premature end of file.
2025-07-22 21:28:00,136 [ERROR] LogOutputStream:75 - [STDERR_REDIRECT] 
2025-07-22 21:28:01,134 [ERROR] LogOutputStream:75 - [STDERR_REDIRECT] [Fatal Error] :1:1: Premature end of file.
2025-07-22 21:28:01,134 [ERROR] LogOutputStream:75 - [STDERR_REDIRECT] 
2025-07-22 21:28:02,134 [ERROR] LogOutputStream:75 - [STDERR_REDIRECT] [Fatal Error] :1:1: Premature end of file.
2025-07-22 21:28:02,135 [ERROR] LogOutputStream:75 - [STDERR_REDIRECT] 
2025-07-22 21:28:03,131 [ERROR] LogOutputStream:75 - [STDERR_REDIRECT] [Fatal Error] :1:1: Premature end of file.
2025-07-22 21:28:03,131 [ERROR] LogOutputStream:75 - [STDERR_REDIRECT] 
2025-07-22 21:28:04,143 [ERROR] LogOutputStream:75 - [STDERR_REDIRECT] [Fatal Error] :1:1: Premature end of file.
2025-07-22 21:28:04,143 [ERROR] LogOutputStream:75 - [STDERR_REDIRECT] 
2025-07-22 21:28:05,130 [ERROR] LogOutputStream:75 - [STDERR_REDIRECT] [Fatal Error] :1:1: Premature end of file.
2025-07-22 21:28:05,130 [ERROR] LogOutputStream:75 - [STDERR_REDIRECT] 
2025-07-22 21:28:06,137 [ERROR] LogOutputStream:75 - [STDERR_REDIRECT] [Fatal Error] :1:1: Premature end of file.
2025-07-22 21:28:06,137 [ERROR] LogOutputStream:75 - [STDERR_REDIRECT] 
2025-07-22 21:28:07,134 [ERROR] LogOutputStream:75 - [STDERR_REDIRECT] [Fatal Error] :1:1: Premature end of file.
2025-07-22 21:28:07,134 [ERROR] LogOutputStream:75 - [STDERR_REDIRECT] 
2025-07-22 21:28:08,134 [ERROR] LogOutputStream:75 - [STDERR_REDIRECT] [Fatal Error] :1:1: Premature end of file.
2025-07-22 21:28:08,134 [ERROR] LogOutputStream:75 - [STDERR_REDIRECT] 
2025-07-22 21:28:09,137 [ERROR] LogOutputStream:75 - [STDERR_REDIRECT] [Fatal Error] :1:1: Premature end of file.
2025-07-22 21:28:09,137 [ERROR] LogOutputStream:75 - [STDERR_REDIRECT] 
2025-07-22 21:28:10,134 [ERROR] LogOutputStream:75 - [STDERR_REDIRECT] [Fatal Error] :1:1: Premature end of file.
2025-07-22 21:28:10,134 [ERROR] LogOutputStream:75 - [STDERR_REDIRECT] 
2025-07-22 21:28:11,132 [ERROR] LogOutputStream:75 - [STDERR_REDIRECT] [Fatal Error] :1:1: Premature end of file.
2025-07-22 21:28:11,132 [ERROR] LogOutputStream:75 - [STDERR_REDIRECT] 
2025-07-22 21:28:12,134 [ERROR] LogOutputStream:75 - [STDERR_REDIRECT] [Fatal Error] :1:1: Premature end of file.
2025-07-22 21:28:12,134 [ERROR] LogOutputStream:75 - [STDERR_REDIRECT] 
2025-07-22 21:28:13,135 [ERROR] LogOutputStream:75 - [STDERR_REDIRECT] [Fatal Error] :1:1: Premature end of file.
2025-07-22 21:28:13,136 [ERROR] LogOutputStream:75 - [STDERR_REDIRECT] 
2025-07-22 21:28:14,147 [ERROR] LogOutputStream:75 - [STDERR_REDIRECT] [Fatal Error] :1:1: Premature end of file.
2025-07-22 21:28:14,147 [ERROR] LogOutputStream:75 - [STDERR_REDIRECT] 
2025-07-22 21:28:15,177 [ERROR] LogOutputStream:75 - [STDERR_REDIRECT] [Fatal Error] :1:1: Premature end of file.
2025-07-22 21:28:15,177 [ERROR] LogOutputStream:75 - [STDERR_REDIRECT] 
2025-07-22 21:28:16,144 [ERROR] LogOutputStream:75 - [STDERR_REDIRECT] [Fatal Error] :1:1: Premature end of file.
2025-07-22 21:28:16,144 [ERROR] LogOutputStream:75 - [STDERR_REDIRECT] 
2025-07-22 21:28:17,138 [ERROR] LogOutputStream:75 - [STDERR_REDIRECT] [Fatal Error] :1:1: Premature end of file.
2025-07-22 21:28:17,138 [ERROR] LogOutputStream:75 - [STDERR_REDIRECT] 
2025-07-22 21:28:18,234 [ERROR] LogOutputStream:75 - [STDERR_REDIRECT] [Fatal Error] :1:1: Premature end of file.
2025-07-22 21:28:18,234 [ERROR] LogOutputStream:75 - [STDERR_REDIRECT] 
2025-07-22 21:28:19,133 [ERROR] LogOutputStream:75 - [STDERR_REDIRECT] [Fatal Error] :1:1: Premature end of file.
2025-07-22 21:28:19,134 [ERROR] LogOutputStream:75 - [STDERR_REDIRECT] 
2025-07-22 21:28:20,137 [ERROR] LogOutputStream:75 - [STDERR_REDIRECT] [Fatal Error] :1:1: Premature end of file.
2025-07-22 21:28:20,137 [ERROR] LogOutputStream:75 - [STDERR_REDIRECT] 
2025-07-22 21:28:21,136 [ERROR] LogOutputStream:75 - [STDERR_REDIRECT] [Fatal Error] :1:1: Premature end of file.
2025-07-22 21:28:21,136 [ERROR] LogOutputStream:75 - [STDERR_REDIRECT] 
2025-07-22 21:28:22,142 [ERROR] LogOutputStream:75 - [STDERR_REDIRECT] [Fatal Error] :1:1: Premature end of file.
2025-07-22 21:28:22,142 [ERROR] LogOutputStream:75 - [STDERR_REDIRECT] 
2025-07-22 21:28:23,142 [ERROR] LogOutputStream:75 - [STDERR_REDIRECT] [Fatal Error] :1:1: Premature end of file.
2025-07-22 21:28:23,142 [ERROR] LogOutputStream:75 - [STDERR_REDIRECT] 
2025-07-22 21:28:24,156 [ERROR] LogOutputStream:75 - [STDERR_REDIRECT] [Fatal Error] :1:1: Premature end of file.
2025-07-22 21:28:24,156 [ERROR] LogOutputStream:75 - [STDERR_REDIRECT] 
2025-07-22 21:28:25,151 [ERROR] LogOutputStream:75 - [STDERR_REDIRECT] [Fatal Error] :1:1: Premature end of file.
2025-07-22 21:28:25,151 [ERROR] LogOutputStream:75 - [STDERR_REDIRECT] 
2025-07-22 21:28:26,140 [ERROR] LogOutputStream:75 - [STDERR_REDIRECT] [Fatal Error] :1:1: Premature end of file.
2025-07-22 21:28:26,140 [ERROR] LogOutputStream:75 - [STDERR_REDIRECT] 
2025-07-22 21:28:27,135 [ERROR] LogOutputStream:75 - [STDERR_REDIRECT] [Fatal Error] :1:1: Premature end of file.
2025-07-22 21:28:27,135 [ERROR] LogOutputStream:75 - [STDERR_REDIRECT] 
2025-07-22 21:28:28,138 [ERROR] LogOutputStream:75 - [STDERR_REDIRECT] [Fatal Error] :1:1: Premature end of file.
2025-07-22 21:28:28,138 [ERROR] LogOutputStream:75 - [STDERR_REDIRECT] 
2025-07-22 21:28:29,140 [ERROR] LogOutputStream:75 - [STDERR_REDIRECT] [Fatal Error] :1:1: Premature end of file.
2025-07-22 21:28:29,141 [ERROR] LogOutputStream:75 - [STDERR_REDIRECT] 
2025-07-22 21:28:30,136 [ERROR] LogOutputStream:75 - [STDERR_REDIRECT] [Fatal Error] :1:1: Premature end of file.
2025-07-22 21:28:30,137 [ERROR] LogOutputStream:75 - [STDERR_REDIRECT] 
2025-07-22 21:28:31,170 [ERROR] LogOutputStream:75 - [STDERR_REDIRECT] [Fatal Error] :1:1: Premature end of file.
2025-07-22 21:28:31,170 [ERROR] LogOutputStream:75 - [STDERR_REDIRECT] 
2025-07-22 21:28:32,132 [ERROR] LogOutputStream:75 - [STDERR_REDIRECT] [Fatal Error] :1:1: Premature end of file.
2025-07-22 21:28:32,132 [ERROR] LogOutputStream:75 - [STDERR_REDIRECT] 
2025-07-22 21:28:33,139 [ERROR] LogOutputStream:75 - [STDERR_REDIRECT] [Fatal Error] :1:1: Premature end of file.
2025-07-22 21:28:33,139 [ERROR] LogOutputStream:75 - [STDERR_REDIRECT] 
2025-07-22 21:28:34,144 [ERROR] LogOutputStream:75 - [STDERR_REDIRECT] [Fatal Error] :1:1: Premature end of file.
2025-07-22 21:28:34,144 [ERROR] LogOutputStream:75 - [STDERR_REDIRECT] 
2025-07-22 21:28:35,138 [ERROR] LogOutputStream:75 - [STDERR_REDIRECT] [Fatal Error] :1:1: Premature end of file.
2025-07-22 21:28:35,139 [ERROR] LogOutputStream:75 - [STDERR_REDIRECT] 
2025-07-22 21:28:36,136 [ERROR] LogOutputStream:75 - [STDERR_REDIRECT] [Fatal Error] :1:1: Premature end of file.
2025-07-22 21:28:36,136 [ERROR] LogOutputStream:75 - [STDERR_REDIRECT] 
2025-07-22 21:28:37,142 [ERROR] LogOutputStream:75 - [STDERR_REDIRECT] [Fatal Error] :1:1: Premature end of file.
2025-07-22 21:28:37,142 [ERROR] LogOutputStream:75 - [STDERR_REDIRECT] 
2025-07-22 21:28:38,134 [ERROR] LogOutputStream:75 - [STDERR_REDIRECT] [Fatal Error] :1:1: Premature end of file.
2025-07-22 21:28:38,134 [ERROR] LogOutputStream:75 - [STDERR_REDIRECT] 
2025-07-22 21:28:39,132 [ERROR] LogOutputStream:75 - [STDERR_REDIRECT] [Fatal Error] :1:1: Premature end of file.
2025-07-22 21:28:39,132 [ERROR] LogOutputStream:75 - [STDERR_REDIRECT] 
2025-07-22 21:28:40,133 [ERROR] LogOutputStream:75 - [STDERR_REDIRECT] [Fatal Error] :1:1: Premature end of file.
2025-07-22 21:28:40,133 [ERROR] LogOutputStream:75 - [STDERR_REDIRECT] 
2025-07-22 21:28:41,139 [ERROR] LogOutputStream:75 - [STDERR_REDIRECT] [Fatal Error] :1:1: Premature end of file.
2025-07-22 21:28:41,139 [ERROR] LogOutputStream:75 - [STDERR_REDIRECT] 
2025-07-22 21:28:42,132 [ERROR] LogOutputStream:75 - [STDERR_REDIRECT] [Fatal Error] :1:1: Premature end of file.
2025-07-22 21:28:42,132 [ERROR] LogOutputStream:75 - [STDERR_REDIRECT] 
2025-07-22 21:28:43,146 [ERROR] LogOutputStream:75 - [STDERR_REDIRECT] [Fatal Error] :1:1: Premature end of file.
2025-07-22 21:28:43,146 [ERROR] LogOutputStream:75 - [STDERR_REDIRECT] 
2025-07-22 21:28:44,144 [ERROR] LogOutputStream:75 - [STDERR_REDIRECT] [Fatal Error] :1:1: Premature end of file.
2025-07-22 21:28:44,145 [ERROR] LogOutputStream:75 - [STDERR_REDIRECT] 
2025-07-22 21:28:45,138 [ERROR] LogOutputStream:75 - [STDERR_REDIRECT] [Fatal Error] :1:1: Premature end of file.
2025-07-22 21:28:45,138 [ERROR] LogOutputStream:75 - [STDERR_REDIRECT] 
2025-07-22 21:28:46,136 [ERROR] LogOutputStream:75 - [STDERR_REDIRECT] [Fatal Error] :1:1: Premature end of file.
2025-07-22 21:28:46,136 [ERROR] LogOutputStream:75 - [STDERR_REDIRECT] 
2025-07-22 21:28:47,140 [ERROR] LogOutputStream:75 - [STDERR_REDIRECT] [Fatal Error] :1:1: Premature end of file.
2025-07-22 21:28:47,140 [ERROR] LogOutputStream:75 - [STDERR_REDIRECT] 
2025-07-22 21:28:48,138 [ERROR] LogOutputStream:75 - [STDERR_REDIRECT] [Fatal Error] :1:1: Premature end of file.
2025-07-22 21:28:48,138 [ERROR] LogOutputStream:75 - [STDERR_REDIRECT] 
2025-07-22 21:28:49,149 [ERROR] LogOutputStream:75 - [STDERR_REDIRECT] [Fatal Error] :1:1: Premature end of file.
2025-07-22 21:28:49,149 [ERROR] LogOutputStream:75 - [STDERR_REDIRECT] 
2025-07-22 21:28:50,130 [ERROR] LogOutputStream:75 - [STDERR_REDIRECT] [Fatal Error] :1:1: Premature end of file.
2025-07-22 21:28:50,130 [ERROR] LogOutputStream:75 - [STDERR_REDIRECT] 
2025-07-22 21:28:51,131 [ERROR] LogOutputStream:75 - [STDERR_REDIRECT] [Fatal Error] :1:1: Premature end of file.
2025-07-22 21:28:51,131 [ERROR] LogOutputStream:75 - [STDERR_REDIRECT] 
2025-07-22 21:28:52,143 [ERROR] LogOutputStream:75 - [STDERR_REDIRECT] [Fatal Error] :1:1: Premature end of file.
2025-07-22 21:28:52,143 [ERROR] LogOutputStream:75 - [STDERR_REDIRECT] 
2025-07-22 21:28:53,132 [ERROR] LogOutputStream:75 - [STDERR_REDIRECT] [Fatal Error] :1:1: Premature end of file.
2025-07-22 21:28:53,132 [ERROR] LogOutputStream:75 - [STDERR_REDIRECT] 
2025-07-22 21:28:54,129 [ERROR] LogOutputStream:75 - [STDERR_REDIRECT] [Fatal Error] :1:1: Premature end of file.
2025-07-22 21:28:54,129 [ERROR] LogOutputStream:75 - [STDERR_REDIRECT] 
2025-07-22 21:28:55,137 [ERROR] LogOutputStream:75 - [STDERR_REDIRECT] [Fatal Error] :1:1: Premature end of file.
2025-07-22 21:28:55,137 [ERROR] LogOutputStream:75 - [STDERR_REDIRECT] 
2025-07-22 21:28:56,148 [ERROR] LogOutputStream:75 - [STDERR_REDIRECT] [Fatal Error] :1:1: Premature end of file.
2025-07-22 21:28:56,148 [ERROR] LogOutputStream:75 - [STDERR_REDIRECT] 
2025-07-22 21:28:57,151 [ERROR] LogOutputStream:75 - [STDERR_REDIRECT] [Fatal Error] :1:1: Premature end of file.
2025-07-22 21:28:57,151 [ERROR] LogOutputStream:75 - [STDERR_REDIRECT] 
2025-07-22 21:28:58,140 [ERROR] LogOutputStream:75 - [STDERR_REDIRECT] [Fatal Error] :1:1: Premature end of file.
2025-07-22 21:28:58,140 [ERROR] LogOutputStream:75 - [STDERR_REDIRECT] 
2025-07-22 21:28:59,136 [ERROR] LogOutputStream:75 - [STDERR_REDIRECT] [Fatal Error] :1:1: Premature end of file.
2025-07-22 21:28:59,136 [ERROR] LogOutputStream:75 - [STDERR_REDIRECT] 
2025-07-22 21:29:00,149 [ERROR] LogOutputStream:75 - [STDERR_REDIRECT] [Fatal Error] :1:1: Premature end of file.
2025-07-22 21:29:00,149 [ERROR] LogOutputStream:75 - [STDERR_REDIRECT] 
2025-07-22 21:29:01,133 [ERROR] LogOutputStream:75 - [STDERR_REDIRECT] [Fatal Error] :1:1: Premature end of file.
2025-07-22 21:29:01,133 [ERROR] LogOutputStream:75 - [STDERR_REDIRECT] 
2025-07-22 21:29:02,141 [ERROR] LogOutputStream:75 - [STDERR_REDIRECT] [Fatal Error] :1:1: Premature end of file.
2025-07-22 21:29:02,141 [ERROR] LogOutputStream:75 - [STDERR_REDIRECT] 
2025-07-22 21:29:03,133 [ERROR] LogOutputStream:75 - [STDERR_REDIRECT] [Fatal Error] :1:1: Premature end of file.
2025-07-22 21:29:03,133 [ERROR] LogOutputStream:75 - [STDERR_REDIRECT] 
2025-07-22 21:29:04,139 [ERROR] LogOutputStream:75 - [STDERR_REDIRECT] [Fatal Error] :1:1: Premature end of file.
2025-07-22 21:29:04,139 [ERROR] LogOutputStream:75 - [STDERR_REDIRECT] 
2025-07-22 21:29:05,172 [ERROR] LogOutputStream:75 - [STDERR_REDIRECT] [Fatal Error] :1:1: Premature end of file.
2025-07-22 21:29:05,172 [ERROR] LogOutputStream:75 - [STDERR_REDIRECT] 
2025-07-22 21:29:06,153 [ERROR] LogOutputStream:75 - [STDERR_REDIRECT] [Fatal Error] :1:1: Premature end of file.
2025-07-22 21:29:06,153 [ERROR] LogOutputStream:75 - [STDERR_REDIRECT] 
2025-07-22 21:29:07,143 [ERROR] LogOutputStream:75 - [STDERR_REDIRECT] [Fatal Error] :1:1: Premature end of file.
2025-07-22 21:29:07,143 [ERROR] LogOutputStream:75 - [STDERR_REDIRECT] 
2025-07-22 21:29:08,169 [ERROR] LogOutputStream:75 - [STDERR_REDIRECT] [Fatal Error] :1:1: Premature end of file.
2025-07-22 21:29:08,169 [ERROR] LogOutputStream:75 - [STDERR_REDIRECT] 
2025-07-22 21:29:09,135 [ERROR] LogOutputStream:75 - [STDERR_REDIRECT] [Fatal Error] :1:1: Premature end of file.
2025-07-22 21:29:09,135 [ERROR] LogOutputStream:75 - [STDERR_REDIRECT] 
2025-07-22 21:29:10,151 [ERROR] LogOutputStream:75 - [STDERR_REDIRECT] [Fatal Error] :1:1: Premature end of file.
2025-07-22 21:29:10,151 [ERROR] LogOutputStream:75 - [STDERR_REDIRECT] 
2025-07-22 21:29:11,138 [ERROR] LogOutputStream:75 - [STDERR_REDIRECT] [Fatal Error] :1:1: Premature end of file.
2025-07-22 21:29:11,138 [ERROR] LogOutputStream:75 - [STDERR_REDIRECT] 
2025-07-22 21:29:12,135 [ERROR] LogOutputStream:75 - [STDERR_REDIRECT] [Fatal Error] :1:1: Premature end of file.
2025-07-22 21:29:12,135 [ERROR] LogOutputStream:75 - [STDERR_REDIRECT] 
2025-07-22 21:29:13,133 [ERROR] LogOutputStream:75 - [STDERR_REDIRECT] [Fatal Error] :1:1: Premature end of file.
2025-07-22 21:29:13,133 [ERROR] LogOutputStream:75 - [STDERR_REDIRECT] 
2025-07-22 21:29:14,141 [ERROR] LogOutputStream:75 - [STDERR_REDIRECT] [Fatal Error] :1:1: Premature end of file.
2025-07-22 21:29:14,141 [ERROR] LogOutputStream:75 - [STDERR_REDIRECT] 
2025-07-22 21:29:15,138 [ERROR] LogOutputStream:75 - [STDERR_REDIRECT] [Fatal Error] :1:1: Premature end of file.
2025-07-22 21:29:15,139 [ERROR] LogOutputStream:75 - [STDERR_REDIRECT] 
2025-07-22 21:29:16,136 [ERROR] LogOutputStream:75 - [STDERR_REDIRECT] [Fatal Error] :1:1: Premature end of file.
2025-07-22 21:29:16,136 [ERROR] LogOutputStream:75 - [STDERR_REDIRECT] 
2025-07-22 21:29:17,154 [ERROR] LogOutputStream:75 - [STDERR_REDIRECT] [Fatal Error] :1:1: Premature end of file.
2025-07-22 21:29:17,154 [ERROR] LogOutputStream:75 - [STDERR_REDIRECT] 
2025-07-22 21:29:18,136 [ERROR] LogOutputStream:75 - [STDERR_REDIRECT] [Fatal Error] :1:1: Premature end of file.
2025-07-22 21:29:18,136 [ERROR] LogOutputStream:75 - [STDERR_REDIRECT] 
2025-07-22 21:29:19,139 [ERROR] LogOutputStream:75 - [STDERR_REDIRECT] [Fatal Error] :1:1: Premature end of file.
2025-07-22 21:29:19,139 [ERROR] LogOutputStream:75 - [STDERR_REDIRECT] 
2025-07-22 21:29:20,131 [ERROR] LogOutputStream:75 - [STDERR_REDIRECT] [Fatal Error] :1:1: Premature end of file.
2025-07-22 21:29:20,131 [ERROR] LogOutputStream:75 - [STDERR_REDIRECT] 
2025-07-22 21:29:21,133 [ERROR] LogOutputStream:75 - [STDERR_REDIRECT] [Fatal Error] :1:1: Premature end of file.
2025-07-22 21:29:21,133 [ERROR] LogOutputStream:75 - [STDERR_REDIRECT] 
2025-07-22 21:29:22,138 [ERROR] LogOutputStream:75 - [STDERR_REDIRECT] [Fatal Error] :1:1: Premature end of file.
2025-07-22 21:29:22,138 [ERROR] LogOutputStream:75 - [STDERR_REDIRECT] 
2025-07-22 21:32:18,646 [ERROR] LogOutputStream:75 - [STDERR_REDIRECT] [Fatal Error] :1:1: Premature end of file.
2025-07-22 21:32:18,646 [ERROR] LogOutputStream:75 - [STDERR_REDIRECT] 
2025-07-22 21:32:18,743 [ERROR] LogOutputStream:75 - [STDERR_REDIRECT] [Fatal Error] :1:1: Premature end of file.
2025-07-22 21:32:18,743 [ERROR] LogOutputStream:75 - [STDERR_REDIRECT] 
2025-07-22 21:32:18,791 [ERROR] LogOutputStream:75 - [STDERR_REDIRECT] [Fatal Error] :1:1: Premature end of file.
2025-07-22 21:32:18,792 [ERROR] LogOutputStream:75 - [STDERR_REDIRECT] 
2025-07-22 21:32:18,855 [ERROR] LogOutputStream:75 - [STDERR_REDIRECT] [Fatal Error] :1:1: Premature end of file.
2025-07-22 21:32:18,856 [ERROR] LogOutputStream:75 - [STDERR_REDIRECT] 
2025-07-22 21:32:18,900 [ERROR] LogOutputStream:75 - [STDERR_REDIRECT] [Fatal Error] :1:1: Premature end of file.
2025-07-22 21:32:18,900 [ERROR] LogOutputStream:75 - [STDERR_REDIRECT] 
2025-07-22 21:32:18,937 [ERROR] LogOutputStream:75 - [STDERR_REDIRECT] [Fatal Error] :1:1: Premature end of file.
2025-07-22 21:32:18,937 [ERROR] LogOutputStream:75 - [STDERR_REDIRECT] 
2025-07-22 21:32:18,968 [ERROR] LogOutputStream:75 - [STDERR_REDIRECT] [Fatal Error] :1:1: Premature end of file.
2025-07-22 21:32:18,968 [ERROR] LogOutputStream:75 - [STDERR_REDIRECT] 
2025-07-22 21:32:19,017 [ERROR] LogOutputStream:75 - [STDERR_REDIRECT] [Fatal Error] :1:1: Premature end of file.
2025-07-22 21:32:19,018 [ERROR] LogOutputStream:75 - [STDERR_REDIRECT] 
2025-07-22 21:32:19,066 [ERROR] LogOutputStream:75 - [STDERR_REDIRECT] [Fatal Error] :1:1: Premature end of file.
2025-07-22 21:32:19,067 [ERROR] LogOutputStream:75 - [STDERR_REDIRECT] 
2025-07-22 21:32:19,102 [ERROR] LogOutputStream:75 - [STDERR_REDIRECT] [Fatal Error] :1:1: Premature end of file.
2025-07-22 21:32:19,103 [ERROR] LogOutputStream:75 - [STDERR_REDIRECT] 
2025-07-22 21:32:19,142 [ERROR] LogOutputStream:75 - [STDERR_REDIRECT] [Fatal Error] :1:1: Premature end of file.
2025-07-22 21:32:19,142 [ERROR] LogOutputStream:75 - [STDERR_REDIRECT] 
2025-07-22 21:32:19,165 [ERROR] LogOutputStream:75 - [STDERR_REDIRECT] [Fatal Error] :1:1: Premature end of file.
2025-07-22 21:32:19,165 [ERROR] LogOutputStream:75 - [STDERR_REDIRECT] 
2025-07-22 21:32:19,187 [ERROR] LogOutputStream:75 - [STDERR_REDIRECT] [Fatal Error] :1:1: Premature end of file.
2025-07-22 21:32:19,187 [ERROR] LogOutputStream:75 - [STDERR_REDIRECT] 
2025-07-22 21:32:19,207 [ERROR] LogOutputStream:75 - [STDERR_REDIRECT] [Fatal Error] :1:1: Premature end of file.
2025-07-22 21:32:19,207 [ERROR] LogOutputStream:75 - [STDERR_REDIRECT] 
2025-07-22 21:32:19,227 [ERROR] LogOutputStream:75 - [STDERR_REDIRECT] [Fatal Error] :1:1: Premature end of file.
2025-07-22 21:32:19,227 [ERROR] LogOutputStream:75 - [STDERR_REDIRECT] 
2025-07-22 21:32:19,248 [ERROR] LogOutputStream:75 - [STDERR_REDIRECT] [Fatal Error] :1:1: Premature end of file.
2025-07-22 21:32:19,248 [ERROR] LogOutputStream:75 - [STDERR_REDIRECT] 
2025-07-22 21:32:19,271 [ERROR] LogOutputStream:75 - [STDERR_REDIRECT] [Fatal Error] :1:1: Premature end of file.
2025-07-22 21:32:19,272 [ERROR] LogOutputStream:75 - [STDERR_REDIRECT] 
2025-07-22 21:32:19,293 [ERROR] LogOutputStream:75 - [STDERR_REDIRECT] [Fatal Error] :1:1: Premature end of file.
2025-07-22 21:32:19,293 [ERROR] LogOutputStream:75 - [STDERR_REDIRECT] 
2025-07-22 21:32:19,316 [ERROR] LogOutputStream:75 - [STDERR_REDIRECT] [Fatal Error] :1:1: Premature end of file.
2025-07-22 21:32:19,316 [ERROR] LogOutputStream:75 - [STDERR_REDIRECT] 
2025-07-22 21:32:19,347 [ERROR] LogOutputStream:75 - [STDERR_REDIRECT] [Fatal Error] :1:1: Premature end of file.
2025-07-22 21:32:19,348 [ERROR] LogOutputStream:75 - [STDERR_REDIRECT] 
2025-07-22 21:32:19,375 [ERROR] LogOutputStream:75 - [STDERR_REDIRECT] [Fatal Error] :1:1: Premature end of file.
2025-07-22 21:32:19,375 [ERROR] LogOutputStream:75 - [STDERR_REDIRECT] 
2025-07-22 21:32:19,407 [ERROR] LogOutputStream:75 - [STDERR_REDIRECT] [Fatal Error] :1:1: Premature end of file.
2025-07-22 21:32:19,407 [ERROR] LogOutputStream:75 - [STDERR_REDIRECT] 
2025-07-22 21:32:19,431 [ERROR] LogOutputStream:75 - [STDERR_REDIRECT] [Fatal Error] :1:1: Premature end of file.
2025-07-22 21:32:19,431 [ERROR] LogOutputStream:75 - [STDERR_REDIRECT] 
2025-07-22 21:32:19,470 [ERROR] LogOutputStream:75 - [STDERR_REDIRECT] [Fatal Error] :1:1: Premature end of file.
2025-07-22 21:32:19,470 [ERROR] LogOutputStream:75 - [STDERR_REDIRECT] 
2025-07-22 21:32:19,518 [ERROR] LogOutputStream:75 - [STDERR_REDIRECT] [Fatal Error] :1:1: Premature end of file.
2025-07-22 21:32:19,518 [ERROR] LogOutputStream:75 - [STDERR_REDIRECT] 
2025-07-22 21:32:19,549 [ERROR] LogOutputStream:75 - [STDERR_REDIRECT] [Fatal Error] :1:1: Premature end of file.
2025-07-22 21:32:19,549 [ERROR] LogOutputStream:75 - [STDERR_REDIRECT] 
2025-07-22 21:32:19,580 [ERROR] LogOutputStream:75 - [STDERR_REDIRECT] [Fatal Error] :1:1: Premature end of file.
2025-07-22 21:32:19,580 [ERROR] LogOutputStream:75 - [STDERR_REDIRECT] 
2025-07-22 21:32:19,622 [ERROR] LogOutputStream:75 - [STDERR_REDIRECT] [Fatal Error] :1:1: Premature end of file.
2025-07-22 21:32:19,622 [ERROR] LogOutputStream:75 - [STDERR_REDIRECT] 
2025-07-22 21:32:19,668 [ERROR] LogOutputStream:75 - [STDERR_REDIRECT] [Fatal Error] :1:1: Premature end of file.
2025-07-22 21:32:19,669 [ERROR] LogOutputStream:75 - [STDERR_REDIRECT] 
2025-07-22 21:32:19,698 [ERROR] LogOutputStream:75 - [STDERR_REDIRECT] [Fatal Error] :1:1: Premature end of file.
2025-07-22 21:32:19,699 [ERROR] LogOutputStream:75 - [STDERR_REDIRECT] 
2025-07-22 21:32:19,728 [ERROR] LogOutputStream:75 - [STDERR_REDIRECT] [Fatal Error] :1:1: Premature end of file.
2025-07-22 21:32:19,728 [ERROR] LogOutputStream:75 - [STDERR_REDIRECT] 
2025-07-22 21:32:19,752 [ERROR] LogOutputStream:75 - [STDERR_REDIRECT] [Fatal Error] :1:1: Premature end of file.
2025-07-22 21:32:19,752 [ERROR] LogOutputStream:75 - [STDERR_REDIRECT] 
2025-07-22 21:32:19,778 [ERROR] LogOutputStream:75 - [STDERR_REDIRECT] [Fatal Error] :1:1: Premature end of file.
2025-07-22 21:32:19,778 [ERROR] LogOutputStream:75 - [STDERR_REDIRECT] 
2025-07-22 21:32:19,800 [ERROR] LogOutputStream:75 - [STDERR_REDIRECT] [Fatal Error] :1:1: Premature end of file.
2025-07-22 21:32:19,801 [ERROR] LogOutputStream:75 - [STDERR_REDIRECT] 
2025-07-22 21:32:19,829 [ERROR] LogOutputStream:75 - [STDERR_REDIRECT] [Fatal Error] :1:1: Premature end of file.
2025-07-22 21:32:19,829 [ERROR] LogOutputStream:75 - [STDERR_REDIRECT] 
2025-07-22 21:32:19,852 [ERROR] LogOutputStream:75 - [STDERR_REDIRECT] [Fatal Error] :1:1: Premature end of file.
2025-07-22 21:32:19,852 [ERROR] LogOutputStream:75 - [STDERR_REDIRECT] 
2025-07-22 21:32:19,876 [ERROR] LogOutputStream:75 - [STDERR_REDIRECT] [Fatal Error] :1:1: Premature end of file.
2025-07-22 21:32:19,876 [ERROR] LogOutputStream:75 - [STDERR_REDIRECT] 
2025-07-22 21:32:19,904 [ERROR] LogOutputStream:75 - [STDERR_REDIRECT] [Fatal Error] :1:1: Premature end of file.
2025-07-22 21:32:19,904 [ERROR] LogOutputStream:75 - [STDERR_REDIRECT] 
2025-07-22 21:32:19,928 [ERROR] LogOutputStream:75 - [STDERR_REDIRECT] [Fatal Error] :1:1: Premature end of file.
2025-07-22 21:32:19,928 [ERROR] LogOutputStream:75 - [STDERR_REDIRECT] 
2025-07-22 21:32:19,951 [ERROR] LogOutputStream:75 - [STDERR_REDIRECT] [Fatal Error] :1:1: Premature end of file.
2025-07-22 21:32:19,951 [ERROR] LogOutputStream:75 - [STDERR_REDIRECT] 
2025-07-22 21:32:19,975 [ERROR] LogOutputStream:75 - [STDERR_REDIRECT] [Fatal Error] :1:1: Premature end of file.
2025-07-22 21:32:19,975 [ERROR] LogOutputStream:75 - [STDERR_REDIRECT] 
2025-07-22 21:32:19,998 [ERROR] LogOutputStream:75 - [STDERR_REDIRECT] [Fatal Error] :1:1: Premature end of file.
2025-07-22 21:32:19,998 [ERROR] LogOutputStream:75 - [STDERR_REDIRECT] 
2025-07-22 21:32:20,024 [ERROR] LogOutputStream:75 - [STDERR_REDIRECT] [Fatal Error] :1:1: Premature end of file.
2025-07-22 21:32:20,025 [ERROR] LogOutputStream:75 - [STDERR_REDIRECT] 
2025-07-22 21:32:20,047 [ERROR] LogOutputStream:75 - [STDERR_REDIRECT] [Fatal Error] :1:1: Premature end of file.
2025-07-22 21:32:20,047 [ERROR] LogOutputStream:75 - [STDERR_REDIRECT] 
2025-07-22 21:32:20,069 [ERROR] LogOutputStream:75 - [STDERR_REDIRECT] [Fatal Error] :1:1: Premature end of file.
2025-07-22 21:32:20,069 [ERROR] LogOutputStream:75 - [STDERR_REDIRECT] 
2025-07-22 21:32:20,094 [ERROR] LogOutputStream:75 - [STDERR_REDIRECT] [Fatal Error] :1:1: Premature end of file.
2025-07-22 21:32:20,094 [ERROR] LogOutputStream:75 - [STDERR_REDIRECT] 
2025-07-22 21:32:20,125 [ERROR] LogOutputStream:75 - [STDERR_REDIRECT] [Fatal Error] :1:1: Premature end of file.
2025-07-22 21:32:20,125 [ERROR] LogOutputStream:75 - [STDERR_REDIRECT] 
2025-07-22 21:32:20,155 [ERROR] LogOutputStream:75 - [STDERR_REDIRECT] [Fatal Error] :1:1: Premature end of file.
2025-07-22 21:32:20,155 [ERROR] LogOutputStream:75 - [STDERR_REDIRECT] 
2025-07-22 21:32:20,180 [ERROR] LogOutputStream:75 - [STDERR_REDIRECT] [Fatal Error] :1:1: Premature end of file.
2025-07-22 21:32:20,180 [ERROR] LogOutputStream:75 - [STDERR_REDIRECT] 
2025-07-22 21:32:20,204 [ERROR] LogOutputStream:75 - [STDERR_REDIRECT] [Fatal Error] :1:1: Premature end of file.
2025-07-22 21:32:20,204 [ERROR] LogOutputStream:75 - [STDERR_REDIRECT] 
2025-07-22 21:32:20,228 [ERROR] LogOutputStream:75 - [STDERR_REDIRECT] [Fatal Error] :1:1: Premature end of file.
2025-07-22 21:32:20,229 [ERROR] LogOutputStream:75 - [STDERR_REDIRECT] 
2025-07-22 21:32:20,258 [ERROR] LogOutputStream:75 - [STDERR_REDIRECT] [Fatal Error] :1:1: Premature end of file.
2025-07-22 21:32:20,258 [ERROR] LogOutputStream:75 - [STDERR_REDIRECT] 
2025-07-22 21:32:20,286 [ERROR] LogOutputStream:75 - [STDERR_REDIRECT] [Fatal Error] :1:1: Premature end of file.
2025-07-22 21:32:20,286 [ERROR] LogOutputStream:75 - [STDERR_REDIRECT] 
2025-07-22 21:32:20,310 [ERROR] LogOutputStream:75 - [STDERR_REDIRECT] [Fatal Error] :1:1: Premature end of file.
2025-07-22 21:32:20,310 [ERROR] LogOutputStream:75 - [STDERR_REDIRECT] 
2025-07-22 21:32:20,333 [ERROR] LogOutputStream:75 - [STDERR_REDIRECT] [Fatal Error] :1:1: Premature end of file.
2025-07-22 21:32:20,333 [ERROR] LogOutputStream:75 - [STDERR_REDIRECT] 
2025-07-22 21:32:20,357 [ERROR] LogOutputStream:75 - [STDERR_REDIRECT] [Fatal Error] :1:1: Premature end of file.
2025-07-22 21:32:20,357 [ERROR] LogOutputStream:75 - [STDERR_REDIRECT] 
2025-07-22 21:32:20,384 [ERROR] LogOutputStream:75 - [STDERR_REDIRECT] [Fatal Error] :1:1: Premature end of file.
2025-07-22 21:32:20,384 [ERROR] LogOutputStream:75 - [STDERR_REDIRECT] 
2025-07-22 21:32:20,405 [ERROR] LogOutputStream:75 - [STDERR_REDIRECT] [Fatal Error] :1:1: Premature end of file.
2025-07-22 21:32:20,405 [ERROR] LogOutputStream:75 - [STDERR_REDIRECT] 
2025-07-22 21:32:20,427 [ERROR] LogOutputStream:75 - [STDERR_REDIRECT] [Fatal Error] :1:1: Premature end of file.
2025-07-22 21:32:20,427 [ERROR] LogOutputStream:75 - [STDERR_REDIRECT] 
2025-07-22 21:32:20,448 [ERROR] LogOutputStream:75 - [STDERR_REDIRECT] [Fatal Error] :1:1: Premature end of file.
2025-07-22 21:32:20,448 [ERROR] LogOutputStream:75 - [STDERR_REDIRECT] 
2025-07-22 21:32:20,471 [ERROR] LogOutputStream:75 - [STDERR_REDIRECT] [Fatal Error] :1:1: Premature end of file.
2025-07-22 21:32:20,471 [ERROR] LogOutputStream:75 - [STDERR_REDIRECT] 
2025-07-22 21:32:20,494 [ERROR] LogOutputStream:75 - [STDERR_REDIRECT] [Fatal Error] :1:1: Premature end of file.
2025-07-22 21:32:20,494 [ERROR] LogOutputStream:75 - [STDERR_REDIRECT] 
2025-07-22 21:32:20,517 [ERROR] LogOutputStream:75 - [STDERR_REDIRECT] [Fatal Error] :1:1: Premature end of file.
2025-07-22 21:32:20,517 [ERROR] LogOutputStream:75 - [STDERR_REDIRECT] 
2025-07-22 21:32:20,539 [ERROR] LogOutputStream:75 - [STDERR_REDIRECT] [Fatal Error] :1:1: Premature end of file.
2025-07-22 21:32:20,539 [ERROR] LogOutputStream:75 - [STDERR_REDIRECT] 
2025-07-22 21:32:20,562 [ERROR] LogOutputStream:75 - [STDERR_REDIRECT] [Fatal Error] :1:1: Premature end of file.
2025-07-22 21:32:20,562 [ERROR] LogOutputStream:75 - [STDERR_REDIRECT] 
2025-07-22 21:32:20,584 [ERROR] LogOutputStream:75 - [STDERR_REDIRECT] [Fatal Error] :1:1: Premature end of file.
2025-07-22 21:32:20,584 [ERROR] LogOutputStream:75 - [STDERR_REDIRECT] 
2025-07-22 21:32:20,608 [ERROR] LogOutputStream:75 - [STDERR_REDIRECT] [Fatal Error] :1:1: Premature end of file.
2025-07-22 21:32:20,608 [ERROR] LogOutputStream:75 - [STDERR_REDIRECT] 
2025-07-22 21:32:20,631 [ERROR] LogOutputStream:75 - [STDERR_REDIRECT] [Fatal Error] :1:1: Premature end of file.
2025-07-22 21:32:20,632 [ERROR] LogOutputStream:75 - [STDERR_REDIRECT] 
2025-07-22 21:32:20,656 [ERROR] LogOutputStream:75 - [STDERR_REDIRECT] [Fatal Error] :1:1: Premature end of file.
2025-07-22 21:32:20,656 [ERROR] LogOutputStream:75 - [STDERR_REDIRECT] 
2025-07-22 21:32:20,677 [ERROR] LogOutputStream:75 - [STDERR_REDIRECT] [Fatal Error] :1:1: Premature end of file.
2025-07-22 21:32:20,677 [ERROR] LogOutputStream:75 - [STDERR_REDIRECT] 
2025-07-22 21:32:20,698 [ERROR] LogOutputStream:75 - [STDERR_REDIRECT] [Fatal Error] :1:1: Premature end of file.
2025-07-22 21:32:20,698 [ERROR] LogOutputStream:75 - [STDERR_REDIRECT] 
2025-07-22 21:32:20,718 [ERROR] LogOutputStream:75 - [STDERR_REDIRECT] [Fatal Error] :1:1: Premature end of file.
2025-07-22 21:32:20,718 [ERROR] LogOutputStream:75 - [STDERR_REDIRECT] 
2025-07-22 21:32:20,747 [ERROR] LogOutputStream:75 - [STDERR_REDIRECT] [Fatal Error] :1:1: Premature end of file.
2025-07-22 21:32:20,747 [ERROR] LogOutputStream:75 - [STDERR_REDIRECT] 
2025-07-22 21:32:20,772 [ERROR] LogOutputStream:75 - [STDERR_REDIRECT] [Fatal Error] :1:1: Premature end of file.
2025-07-22 21:32:20,772 [ERROR] LogOutputStream:75 - [STDERR_REDIRECT] 
2025-07-22 21:32:20,794 [ERROR] LogOutputStream:75 - [STDERR_REDIRECT] [Fatal Error] :1:1: Premature end of file.
2025-07-22 21:32:20,794 [ERROR] LogOutputStream:75 - [STDERR_REDIRECT] 
2025-07-22 21:32:20,815 [ERROR] LogOutputStream:75 - [STDERR_REDIRECT] [Fatal Error] :1:1: Premature end of file.
2025-07-22 21:32:20,815 [ERROR] LogOutputStream:75 - [STDERR_REDIRECT] 
2025-07-22 21:32:20,838 [ERROR] LogOutputStream:75 - [STDERR_REDIRECT] [Fatal Error] :1:1: Premature end of file.
2025-07-22 21:32:20,838 [ERROR] LogOutputStream:75 - [STDERR_REDIRECT] 
2025-07-22 21:32:20,861 [ERROR] LogOutputStream:75 - [STDERR_REDIRECT] [Fatal Error] :1:1: Premature end of file.
2025-07-22 21:32:20,861 [ERROR] LogOutputStream:75 - [STDERR_REDIRECT] 
2025-07-22 21:32:20,893 [ERROR] LogOutputStream:75 - [STDERR_REDIRECT] [Fatal Error] :1:1: Premature end of file.
2025-07-22 21:32:20,893 [ERROR] LogOutputStream:75 - [STDERR_REDIRECT] 
2025-07-22 21:32:20,924 [ERROR] LogOutputStream:75 - [STDERR_REDIRECT] [Fatal Error] :1:1: Premature end of file.
2025-07-22 21:32:20,924 [ERROR] LogOutputStream:75 - [STDERR_REDIRECT] 
2025-07-22 21:32:20,951 [ERROR] LogOutputStream:75 - [STDERR_REDIRECT] [Fatal Error] :1:1: Premature end of file.
2025-07-22 21:32:20,951 [ERROR] LogOutputStream:75 - [STDERR_REDIRECT] 
2025-07-22 21:32:20,973 [ERROR] LogOutputStream:75 - [STDERR_REDIRECT] [Fatal Error] :1:1: Premature end of file.
2025-07-22 21:32:20,973 [ERROR] LogOutputStream:75 - [STDERR_REDIRECT] 
2025-07-22 21:32:20,995 [ERROR] LogOutputStream:75 - [STDERR_REDIRECT] [Fatal Error] :1:1: Premature end of file.
2025-07-22 21:32:20,995 [ERROR] LogOutputStream:75 - [STDERR_REDIRECT] 
2025-07-22 21:32:21,017 [ERROR] LogOutputStream:75 - [STDERR_REDIRECT] [Fatal Error] :1:1: Premature end of file.
2025-07-22 21:32:21,018 [ERROR] LogOutputStream:75 - [STDERR_REDIRECT] 
2025-07-22 21:32:21,041 [ERROR] LogOutputStream:75 - [STDERR_REDIRECT] [Fatal Error] :1:1: Premature end of file.
2025-07-22 21:32:21,041 [ERROR] LogOutputStream:75 - [STDERR_REDIRECT] 
2025-07-22 21:32:21,063 [ERROR] LogOutputStream:75 - [STDERR_REDIRECT] [Fatal Error] :1:1: Premature end of file.
2025-07-22 21:32:21,063 [ERROR] LogOutputStream:75 - [STDERR_REDIRECT] 
2025-07-22 21:32:21,086 [ERROR] LogOutputStream:75 - [STDERR_REDIRECT] [Fatal Error] :1:1: Premature end of file.
2025-07-22 21:32:21,086 [ERROR] LogOutputStream:75 - [STDERR_REDIRECT] 
2025-07-22 21:32:21,109 [ERROR] LogOutputStream:75 - [STDERR_REDIRECT] [Fatal Error] :1:1: Premature end of file.
2025-07-22 21:32:21,109 [ERROR] LogOutputStream:75 - [STDERR_REDIRECT] 
2025-07-22 21:32:21,131 [ERROR] LogOutputStream:75 - [STDERR_REDIRECT] [Fatal Error] :1:1: Premature end of file.
2025-07-22 21:32:21,131 [ERROR] LogOutputStream:75 - [STDERR_REDIRECT] 
2025-07-22 21:32:21,153 [ERROR] LogOutputStream:75 - [STDERR_REDIRECT] [Fatal Error] :1:1: Premature end of file.
2025-07-22 21:32:21,153 [ERROR] LogOutputStream:75 - [STDERR_REDIRECT] 
2025-07-22 21:32:21,176 [ERROR] LogOutputStream:75 - [STDERR_REDIRECT] [Fatal Error] :1:1: Premature end of file.
2025-07-22 21:32:21,176 [ERROR] LogOutputStream:75 - [STDERR_REDIRECT] 
2025-07-22 21:32:21,208 [ERROR] LogOutputStream:75 - [STDERR_REDIRECT] [Fatal Error] :1:1: Premature end of file.
2025-07-22 21:32:21,208 [ERROR] LogOutputStream:75 - [STDERR_REDIRECT] 
2025-07-22 21:32:21,230 [ERROR] LogOutputStream:75 - [STDERR_REDIRECT] [Fatal Error] :1:1: Premature end of file.
2025-07-22 21:32:21,230 [ERROR] LogOutputStream:75 - [STDERR_REDIRECT] 
2025-07-22 21:32:21,249 [ERROR] LogOutputStream:75 - [STDERR_REDIRECT] [Fatal Error] :1:1: Premature end of file.
2025-07-22 21:32:21,250 [ERROR] LogOutputStream:75 - [STDERR_REDIRECT] 
2025-07-22 21:32:21,271 [ERROR] LogOutputStream:75 - [STDERR_REDIRECT] [Fatal Error] :1:1: Premature end of file.
2025-07-22 21:32:21,271 [ERROR] LogOutputStream:75 - [STDERR_REDIRECT] 
2025-07-22 21:32:21,293 [ERROR] LogOutputStream:75 - [STDERR_REDIRECT] [Fatal Error] :1:1: Premature end of file.
2025-07-22 21:32:21,293 [ERROR] LogOutputStream:75 - [STDERR_REDIRECT] 
2025-07-22 21:32:21,313 [ERROR] LogOutputStream:75 - [STDERR_REDIRECT] [Fatal Error] :1:1: Premature end of file.
2025-07-22 21:32:21,314 [ERROR] LogOutputStream:75 - [STDERR_REDIRECT] 
2025-07-22 21:32:21,334 [ERROR] LogOutputStream:75 - [STDERR_REDIRECT] [Fatal Error] :1:1: Premature end of file.
2025-07-22 21:32:21,334 [ERROR] LogOutputStream:75 - [STDERR_REDIRECT] 
2025-07-22 21:32:21,355 [ERROR] LogOutputStream:75 - [STDERR_REDIRECT] [Fatal Error] :1:1: Premature end of file.
2025-07-22 21:32:21,355 [ERROR] LogOutputStream:75 - [STDERR_REDIRECT] 
2025-07-22 21:32:21,376 [ERROR] LogOutputStream:75 - [STDERR_REDIRECT] [Fatal Error] :1:1: Premature end of file.
2025-07-22 21:32:21,377 [ERROR] LogOutputStream:75 - [STDERR_REDIRECT] 
2025-07-22 21:32:21,400 [ERROR] LogOutputStream:75 - [STDERR_REDIRECT] [Fatal Error] :1:1: Premature end of file.
2025-07-22 21:32:21,400 [ERROR] LogOutputStream:75 - [STDERR_REDIRECT] 
2025-07-22 21:32:21,424 [ERROR] LogOutputStream:75 - [STDERR_REDIRECT] [Fatal Error] :1:1: Premature end of file.
2025-07-22 21:32:21,425 [ERROR] LogOutputStream:75 - [STDERR_REDIRECT] 
2025-07-22 21:32:21,444 [ERROR] LogOutputStream:75 - [STDERR_REDIRECT] [Fatal Error] :1:1: Premature end of file.
2025-07-22 21:32:21,444 [ERROR] LogOutputStream:75 - [STDERR_REDIRECT] 
2025-07-22 21:32:21,466 [ERROR] LogOutputStream:75 - [STDERR_REDIRECT] [Fatal Error] :1:1: Premature end of file.
2025-07-22 21:32:21,466 [ERROR] LogOutputStream:75 - [STDERR_REDIRECT] 
2025-07-22 21:32:21,489 [ERROR] LogOutputStream:75 - [STDERR_REDIRECT] [Fatal Error] :1:1: Premature end of file.
2025-07-22 21:32:21,489 [ERROR] LogOutputStream:75 - [STDERR_REDIRECT] 
2025-07-22 21:32:21,509 [ERROR] LogOutputStream:75 - [STDERR_REDIRECT] [Fatal Error] :1:1: Premature end of file.
2025-07-22 21:32:21,509 [ERROR] LogOutputStream:75 - [STDERR_REDIRECT] 
2025-07-22 21:32:21,528 [ERROR] LogOutputStream:75 - [STDERR_REDIRECT] [Fatal Error] :1:1: Premature end of file.
2025-07-22 21:32:21,529 [ERROR] LogOutputStream:75 - [STDERR_REDIRECT] 
2025-07-22 21:32:21,547 [ERROR] LogOutputStream:75 - [STDERR_REDIRECT] [Fatal Error] :1:1: Premature end of file.
2025-07-22 21:32:21,547 [ERROR] LogOutputStream:75 - [STDERR_REDIRECT] 
2025-07-22 21:32:21,566 [ERROR] LogOutputStream:75 - [STDERR_REDIRECT] [Fatal Error] :1:1: Premature end of file.
2025-07-22 21:32:21,566 [ERROR] LogOutputStream:75 - [STDERR_REDIRECT] 
2025-07-22 21:32:21,586 [ERROR] LogOutputStream:75 - [STDERR_REDIRECT] [Fatal Error] :1:1: Premature end of file.
2025-07-22 21:32:21,586 [ERROR] LogOutputStream:75 - [STDERR_REDIRECT] 
2025-07-22 21:32:21,606 [ERROR] LogOutputStream:75 - [STDERR_REDIRECT] [Fatal Error] :1:1: Premature end of file.
2025-07-22 21:32:21,606 [ERROR] LogOutputStream:75 - [STDERR_REDIRECT] 
2025-07-22 21:32:21,625 [ERROR] LogOutputStream:75 - [STDERR_REDIRECT] [Fatal Error] :1:1: Premature end of file.
2025-07-22 21:32:21,625 [ERROR] LogOutputStream:75 - [STDERR_REDIRECT] 
2025-07-22 21:32:21,644 [ERROR] LogOutputStream:75 - [STDERR_REDIRECT] [Fatal Error] :1:1: Premature end of file.
2025-07-22 21:32:21,644 [ERROR] LogOutputStream:75 - [STDERR_REDIRECT] 
2025-07-22 21:32:21,663 [ERROR] LogOutputStream:75 - [STDERR_REDIRECT] [Fatal Error] :1:1: Premature end of file.
2025-07-22 21:32:21,663 [ERROR] LogOutputStream:75 - [STDERR_REDIRECT] 
2025-07-22 21:32:21,683 [ERROR] LogOutputStream:75 - [STDERR_REDIRECT] [Fatal Error] :1:1: Premature end of file.
2025-07-22 21:32:21,684 [ERROR] LogOutputStream:75 - [STDERR_REDIRECT] 
2025-07-22 21:32:21,704 [ERROR] LogOutputStream:75 - [STDERR_REDIRECT] [Fatal Error] :1:1: Premature end of file.
2025-07-22 21:32:21,704 [ERROR] LogOutputStream:75 - [STDERR_REDIRECT] 
2025-07-22 21:32:21,724 [ERROR] LogOutputStream:75 - [STDERR_REDIRECT] [Fatal Error] :1:1: Premature end of file.
2025-07-22 21:32:21,724 [ERROR] LogOutputStream:75 - [STDERR_REDIRECT] 
2025-07-22 21:32:21,744 [ERROR] LogOutputStream:75 - [STDERR_REDIRECT] [Fatal Error] :1:1: Premature end of file.
2025-07-22 21:32:21,744 [ERROR] LogOutputStream:75 - [STDERR_REDIRECT] 
2025-07-22 21:32:21,764 [ERROR] LogOutputStream:75 - [STDERR_REDIRECT] [Fatal Error] :1:1: Premature end of file.
2025-07-22 21:32:21,764 [ERROR] LogOutputStream:75 - [STDERR_REDIRECT] 
2025-07-22 21:32:21,784 [ERROR] LogOutputStream:75 - [STDERR_REDIRECT] [Fatal Error] :1:1: Premature end of file.
2025-07-22 21:32:21,784 [ERROR] LogOutputStream:75 - [STDERR_REDIRECT] 
2025-07-22 21:32:21,803 [ERROR] LogOutputStream:75 - [STDERR_REDIRECT] [Fatal Error] :1:1: Premature end of file.
2025-07-22 21:32:21,804 [ERROR] LogOutputStream:75 - [STDERR_REDIRECT] 
2025-07-22 21:32:21,824 [ERROR] LogOutputStream:75 - [STDERR_REDIRECT] [Fatal Error] :1:1: Premature end of file.
2025-07-22 21:32:21,824 [ERROR] LogOutputStream:75 - [STDERR_REDIRECT] 
2025-07-22 21:32:21,844 [ERROR] LogOutputStream:75 - [STDERR_REDIRECT] [Fatal Error] :1:1: Premature end of file.
2025-07-22 21:32:21,844 [ERROR] LogOutputStream:75 - [STDERR_REDIRECT] 
2025-07-22 21:32:21,863 [ERROR] LogOutputStream:75 - [STDERR_REDIRECT] [Fatal Error] :1:1: Premature end of file.
2025-07-22 21:32:21,863 [ERROR] LogOutputStream:75 - [STDERR_REDIRECT] 
2025-07-22 21:32:21,881 [ERROR] LogOutputStream:75 - [STDERR_REDIRECT] [Fatal Error] :1:1: Premature end of file.
2025-07-22 21:32:21,881 [ERROR] LogOutputStream:75 - [STDERR_REDIRECT] 
2025-07-22 21:32:21,902 [ERROR] LogOutputStream:75 - [STDERR_REDIRECT] [Fatal Error] :1:1: Premature end of file.
2025-07-22 21:32:21,902 [ERROR] LogOutputStream:75 - [STDERR_REDIRECT] 
2025-07-22 21:32:21,921 [ERROR] LogOutputStream:75 - [STDERR_REDIRECT] [Fatal Error] :1:1: Premature end of file.
2025-07-22 21:32:21,921 [ERROR] LogOutputStream:75 - [STDERR_REDIRECT] 
2025-07-22 21:32:21,940 [ERROR] LogOutputStream:75 - [STDERR_REDIRECT] [Fatal Error] :1:1: Premature end of file.
2025-07-22 21:32:21,940 [ERROR] LogOutputStream:75 - [STDERR_REDIRECT] 
2025-07-22 21:32:21,960 [ERROR] LogOutputStream:75 - [STDERR_REDIRECT] [Fatal Error] :1:1: Premature end of file.
2025-07-22 21:32:21,960 [ERROR] LogOutputStream:75 - [STDERR_REDIRECT] 
2025-07-22 21:32:21,980 [ERROR] LogOutputStream:75 - [STDERR_REDIRECT] [Fatal Error] :1:1: Premature end of file.
2025-07-22 21:32:21,980 [ERROR] LogOutputStream:75 - [STDERR_REDIRECT] 
2025-07-22 21:32:21,998 [ERROR] LogOutputStream:75 - [STDERR_REDIRECT] [Fatal Error] :1:1: Premature end of file.
2025-07-22 21:32:21,999 [ERROR] LogOutputStream:75 - [STDERR_REDIRECT] 
2025-07-22 21:32:22,019 [ERROR] LogOutputStream:75 - [STDERR_REDIRECT] [Fatal Error] :1:1: Premature end of file.
2025-07-22 21:32:22,019 [ERROR] LogOutputStream:75 - [STDERR_REDIRECT] 
2025-07-22 21:32:22,039 [ERROR] LogOutputStream:75 - [STDERR_REDIRECT] [Fatal Error] :1:1: Premature end of file.
2025-07-22 21:32:22,039 [ERROR] LogOutputStream:75 - [STDERR_REDIRECT] 
2025-07-22 21:32:22,059 [ERROR] LogOutputStream:75 - [STDERR_REDIRECT] [Fatal Error] :1:1: Premature end of file.
2025-07-22 21:32:22,059 [ERROR] LogOutputStream:75 - [STDERR_REDIRECT] 
2025-07-22 21:32:22,079 [ERROR] LogOutputStream:75 - [STDERR_REDIRECT] [Fatal Error] :1:1: Premature end of file.
2025-07-22 21:32:22,080 [ERROR] LogOutputStream:75 - [STDERR_REDIRECT] 
2025-07-22 21:32:22,100 [ERROR] LogOutputStream:75 - [STDERR_REDIRECT] [Fatal Error] :1:1: Premature end of file.
2025-07-22 21:32:22,100 [ERROR] LogOutputStream:75 - [STDERR_REDIRECT] 
2025-07-22 21:32:22,120 [ERROR] LogOutputStream:75 - [STDERR_REDIRECT] [Fatal Error] :1:1: Premature end of file.
2025-07-22 21:32:22,120 [ERROR] LogOutputStream:75 - [STDERR_REDIRECT] 
2025-07-22 21:32:22,140 [ERROR] LogOutputStream:75 - [STDERR_REDIRECT] [Fatal Error] :1:1: Premature end of file.
2025-07-22 21:32:22,140 [ERROR] LogOutputStream:75 - [STDERR_REDIRECT] 
2025-07-22 21:32:22,159 [ERROR] LogOutputStream:75 - [STDERR_REDIRECT] [Fatal Error] :1:1: Premature end of file.
2025-07-22 21:32:22,159 [ERROR] LogOutputStream:75 - [STDERR_REDIRECT] 
2025-07-22 21:32:22,179 [ERROR] LogOutputStream:75 - [STDERR_REDIRECT] [Fatal Error] :1:1: Premature end of file.
2025-07-22 21:32:22,179 [ERROR] LogOutputStream:75 - [STDERR_REDIRECT] 
2025-07-22 21:32:22,200 [ERROR] LogOutputStream:75 - [STDERR_REDIRECT] [Fatal Error] :1:1: Premature end of file.
2025-07-22 21:32:22,200 [ERROR] LogOutputStream:75 - [STDERR_REDIRECT] 
2025-07-22 21:32:22,219 [ERROR] LogOutputStream:75 - [STDERR_REDIRECT] [Fatal Error] :1:1: Premature end of file.
2025-07-22 21:32:22,219 [ERROR] LogOutputStream:75 - [STDERR_REDIRECT] 
2025-07-22 21:32:22,238 [ERROR] LogOutputStream:75 - [STDERR_REDIRECT] [Fatal Error] :1:1: Premature end of file.
2025-07-22 21:32:22,238 [ERROR] LogOutputStream:75 - [STDERR_REDIRECT] 
2025-07-22 21:32:22,258 [ERROR] LogOutputStream:75 - [STDERR_REDIRECT] [Fatal Error] :1:1: Premature end of file.
2025-07-22 21:32:22,258 [ERROR] LogOutputStream:75 - [STDERR_REDIRECT] 
2025-07-22 21:32:22,277 [ERROR] LogOutputStream:75 - [STDERR_REDIRECT] [Fatal Error] :1:1: Premature end of file.
2025-07-22 21:32:22,277 [ERROR] LogOutputStream:75 - [STDERR_REDIRECT] 
2025-07-22 21:32:22,297 [ERROR] LogOutputStream:75 - [STDERR_REDIRECT] [Fatal Error] :1:1: Premature end of file.
2025-07-22 21:32:22,297 [ERROR] LogOutputStream:75 - [STDERR_REDIRECT] 
2025-07-22 21:32:22,317 [ERROR] LogOutputStream:75 - [STDERR_REDIRECT] [Fatal Error] :1:1: Premature end of file.
2025-07-22 21:32:22,317 [ERROR] LogOutputStream:75 - [STDERR_REDIRECT] 
2025-07-22 21:32:22,335 [ERROR] LogOutputStream:75 - [STDERR_REDIRECT] [Fatal Error] :1:1: Premature end of file.
2025-07-22 21:32:22,336 [ERROR] LogOutputStream:75 - [STDERR_REDIRECT] 
2025-07-22 21:32:22,354 [ERROR] LogOutputStream:75 - [STDERR_REDIRECT] [Fatal Error] :1:1: Premature end of file.
2025-07-22 21:32:22,354 [ERROR] LogOutputStream:75 - [STDERR_REDIRECT] 
2025-07-22 21:32:22,374 [ERROR] LogOutputStream:75 - [STDERR_REDIRECT] [Fatal Error] :1:1: Premature end of file.
2025-07-22 21:32:22,374 [ERROR] LogOutputStream:75 - [STDERR_REDIRECT] 
2025-07-22 21:32:22,395 [ERROR] LogOutputStream:75 - [STDERR_REDIRECT] [Fatal Error] :1:1: Premature end of file.
2025-07-22 21:32:22,395 [ERROR] LogOutputStream:75 - [STDERR_REDIRECT] 
2025-07-22 21:32:22,431 [ERROR] LogOutputStream:75 - [STDERR_REDIRECT] [Fatal Error] :1:1: Premature end of file.
2025-07-22 21:32:22,432 [ERROR] LogOutputStream:75 - [STDERR_REDIRECT] 
2025-07-22 21:32:22,458 [ERROR] LogOutputStream:75 - [STDERR_REDIRECT] [Fatal Error] :1:1: Premature end of file.
2025-07-22 21:32:22,458 [ERROR] LogOutputStream:75 - [STDERR_REDIRECT] 
2025-07-22 21:32:22,482 [ERROR] LogOutputStream:75 - [STDERR_REDIRECT] [Fatal Error] :1:1: Premature end of file.
2025-07-22 21:32:22,482 [ERROR] LogOutputStream:75 - [STDERR_REDIRECT] 
2025-07-22 21:32:22,510 [ERROR] LogOutputStream:75 - [STDERR_REDIRECT] [Fatal Error] :1:1: Premature end of file.
2025-07-22 21:32:22,510 [ERROR] LogOutputStream:75 - [STDERR_REDIRECT] 
2025-07-22 21:32:22,536 [ERROR] LogOutputStream:75 - [STDERR_REDIRECT] [Fatal Error] :1:1: Premature end of file.
2025-07-22 21:32:22,536 [ERROR] LogOutputStream:75 - [STDERR_REDIRECT] 
2025-07-22 21:32:22,559 [ERROR] LogOutputStream:75 - [STDERR_REDIRECT] [Fatal Error] :1:1: Premature end of file.
2025-07-22 21:32:22,559 [ERROR] LogOutputStream:75 - [STDERR_REDIRECT] 
2025-07-22 21:32:22,584 [ERROR] LogOutputStream:75 - [STDERR_REDIRECT] [Fatal Error] :1:1: Premature end of file.
2025-07-22 21:32:22,584 [ERROR] LogOutputStream:75 - [STDERR_REDIRECT] 
2025-07-22 21:32:22,607 [ERROR] LogOutputStream:75 - [STDERR_REDIRECT] [Fatal Error] :1:1: Premature end of file.
2025-07-22 21:32:22,607 [ERROR] LogOutputStream:75 - [STDERR_REDIRECT] 
2025-07-22 21:32:22,628 [ERROR] LogOutputStream:75 - [STDERR_REDIRECT] [Fatal Error] :1:1: Premature end of file.
2025-07-22 21:32:22,628 [ERROR] LogOutputStream:75 - [STDERR_REDIRECT] 
2025-07-22 21:32:22,648 [ERROR] LogOutputStream:75 - [STDERR_REDIRECT] [Fatal Error] :1:1: Premature end of file.
2025-07-22 21:32:22,648 [ERROR] LogOutputStream:75 - [STDERR_REDIRECT] 
2025-07-22 21:32:22,672 [ERROR] LogOutputStream:75 - [STDERR_REDIRECT] [Fatal Error] :1:1: Premature end of file.
2025-07-22 21:32:22,672 [ERROR] LogOutputStream:75 - [STDERR_REDIRECT] 
2025-07-22 21:32:22,697 [ERROR] LogOutputStream:75 - [STDERR_REDIRECT] [Fatal Error] :1:1: Premature end of file.
2025-07-22 21:32:22,697 [ERROR] LogOutputStream:75 - [STDERR_REDIRECT] 
2025-07-22 21:32:22,722 [ERROR] LogOutputStream:75 - [STDERR_REDIRECT] [Fatal Error] :1:1: Premature end of file.
2025-07-22 21:32:22,722 [ERROR] LogOutputStream:75 - [STDERR_REDIRECT] 
2025-07-22 21:32:22,746 [ERROR] LogOutputStream:75 - [STDERR_REDIRECT] [Fatal Error] :1:1: Premature end of file.
2025-07-22 21:32:22,746 [ERROR] LogOutputStream:75 - [STDERR_REDIRECT] 
2025-07-22 21:32:22,772 [ERROR] LogOutputStream:75 - [STDERR_REDIRECT] [Fatal Error] :1:1: Premature end of file.
2025-07-22 21:32:22,772 [ERROR] LogOutputStream:75 - [STDERR_REDIRECT] 
2025-07-22 21:32:22,795 [ERROR] LogOutputStream:75 - [STDERR_REDIRECT] [Fatal Error] :1:1: Premature end of file.
2025-07-22 21:32:22,795 [ERROR] LogOutputStream:75 - [STDERR_REDIRECT] 
2025-07-22 21:32:22,818 [ERROR] LogOutputStream:75 - [STDERR_REDIRECT] [Fatal Error] :1:1: Premature end of file.
2025-07-22 21:32:22,822 [ERROR] LogOutputStream:75 - [STDERR_REDIRECT] 
2025-07-22 21:32:22,846 [ERROR] LogOutputStream:75 - [STDERR_REDIRECT] [Fatal Error] :1:1: Premature end of file.
2025-07-22 21:32:22,846 [ERROR] LogOutputStream:75 - [STDERR_REDIRECT] 
2025-07-22 21:32:22,867 [ERROR] LogOutputStream:75 - [STDERR_REDIRECT] [Fatal Error] :1:1: Premature end of file.
2025-07-22 21:32:22,867 [ERROR] LogOutputStream:75 - [STDERR_REDIRECT] 
2025-07-22 21:32:22,889 [ERROR] LogOutputStream:75 - [STDERR_REDIRECT] [Fatal Error] :1:1: Premature end of file.
2025-07-22 21:32:22,889 [ERROR] LogOutputStream:75 - [STDERR_REDIRECT] 
2025-07-22 21:32:22,910 [ERROR] LogOutputStream:75 - [STDERR_REDIRECT] [Fatal Error] :1:1: Premature end of file.
2025-07-22 21:32:22,911 [ERROR] LogOutputStream:75 - [STDERR_REDIRECT] 
2025-07-22 21:32:22,932 [ERROR] LogOutputStream:75 - [STDERR_REDIRECT] [Fatal Error] :1:1: Premature end of file.
2025-07-22 21:32:22,932 [ERROR] LogOutputStream:75 - [STDERR_REDIRECT] 
2025-07-22 21:32:22,956 [ERROR] LogOutputStream:75 - [STDERR_REDIRECT] [Fatal Error] :1:1: Premature end of file.
2025-07-22 21:32:22,956 [ERROR] LogOutputStream:75 - [STDERR_REDIRECT] 
2025-07-22 21:32:22,976 [ERROR] LogOutputStream:75 - [STDERR_REDIRECT] [Fatal Error] :1:1: Premature end of file.
2025-07-22 21:32:22,976 [ERROR] LogOutputStream:75 - [STDERR_REDIRECT] 
2025-07-22 21:32:22,997 [ERROR] LogOutputStream:75 - [STDERR_REDIRECT] [Fatal Error] :1:1: Premature end of file.
2025-07-22 21:32:22,997 [ERROR] LogOutputStream:75 - [STDERR_REDIRECT] 
2025-07-22 21:32:23,018 [ERROR] LogOutputStream:75 - [STDERR_REDIRECT] [Fatal Error] :1:1: Premature end of file.
2025-07-22 21:32:23,018 [ERROR] LogOutputStream:75 - [STDERR_REDIRECT] 
2025-07-22 21:32:23,042 [ERROR] LogOutputStream:75 - [STDERR_REDIRECT] [Fatal Error] :1:1: Premature end of file.
2025-07-22 21:32:23,042 [ERROR] LogOutputStream:75 - [STDERR_REDIRECT] 
2025-07-22 21:32:23,067 [ERROR] LogOutputStream:75 - [STDERR_REDIRECT] [Fatal Error] :1:1: Premature end of file.
2025-07-22 21:32:23,067 [ERROR] LogOutputStream:75 - [STDERR_REDIRECT] 
2025-07-22 21:32:23,091 [ERROR] LogOutputStream:75 - [STDERR_REDIRECT] [Fatal Error] :1:1: Premature end of file.
2025-07-22 21:32:23,091 [ERROR] LogOutputStream:75 - [STDERR_REDIRECT] 
2025-07-22 21:32:23,128 [ERROR] LogOutputStream:75 - [STDERR_REDIRECT] [Fatal Error] :1:1: Premature end of file.
2025-07-22 21:32:23,128 [ERROR] LogOutputStream:75 - [STDERR_REDIRECT] 
2025-07-22 21:32:24,142 [ERROR] LogOutputStream:75 - [STDERR_REDIRECT] [Fatal Error] :1:1: Premature end of file.
2025-07-22 21:32:24,142 [ERROR] LogOutputStream:75 - [STDERR_REDIRECT] 
2025-07-22 21:32:25,129 [ERROR] LogOutputStream:75 - [STDERR_REDIRECT] [Fatal Error] :1:1: Premature end of file.
2025-07-22 21:32:25,129 [ERROR] LogOutputStream:75 - [STDERR_REDIRECT] 
2025-07-22 21:32:26,138 [ERROR] LogOutputStream:75 - [STDERR_REDIRECT] [Fatal Error] :1:1: Premature end of file.
2025-07-22 21:32:26,138 [ERROR] LogOutputStream:75 - [STDERR_REDIRECT] 
2025-07-22 21:32:27,133 [ERROR] LogOutputStream:75 - [STDERR_REDIRECT] [Fatal Error] :1:1: Premature end of file.
2025-07-22 21:32:27,133 [ERROR] LogOutputStream:75 - [STDERR_REDIRECT] 
2025-07-22 21:32:28,133 [ERROR] LogOutputStream:75 - [STDERR_REDIRECT] [Fatal Error] :1:1: Premature end of file.
2025-07-22 21:32:28,133 [ERROR] LogOutputStream:75 - [STDERR_REDIRECT] 
2025-07-22 21:32:29,154 [ERROR] LogOutputStream:75 - [STDERR_REDIRECT] [Fatal Error] :1:1: Premature end of file.
2025-07-22 21:32:29,154 [ERROR] LogOutputStream:75 - [STDERR_REDIRECT] 
2025-07-22 21:32:30,144 [ERROR] LogOutputStream:75 - [STDERR_REDIRECT] [Fatal Error] :1:1: Premature end of file.
2025-07-22 21:32:30,144 [ERROR] LogOutputStream:75 - [STDERR_REDIRECT] 
2025-07-22 21:32:31,146 [ERROR] LogOutputStream:75 - [STDERR_REDIRECT] [Fatal Error] :1:1: Premature end of file.
2025-07-22 21:32:31,146 [ERROR] LogOutputStream:75 - [STDERR_REDIRECT] 
2025-07-22 21:32:32,144 [ERROR] LogOutputStream:75 - [STDERR_REDIRECT] [Fatal Error] :1:1: Premature end of file.
2025-07-22 21:32:32,145 [ERROR] LogOutputStream:75 - [STDERR_REDIRECT] 
2025-07-22 21:32:33,145 [ERROR] LogOutputStream:75 - [STDERR_REDIRECT] [Fatal Error] :1:1: Premature end of file.
2025-07-22 21:32:33,145 [ERROR] LogOutputStream:75 - [STDERR_REDIRECT] 
2025-07-22 21:32:34,146 [ERROR] LogOutputStream:75 - [STDERR_REDIRECT] [Fatal Error] :1:1: Premature end of file.
2025-07-22 21:32:34,146 [ERROR] LogOutputStream:75 - [STDERR_REDIRECT] 
2025-07-22 21:32:35,143 [ERROR] LogOutputStream:75 - [STDERR_REDIRECT] [Fatal Error] :1:1: Premature end of file.
2025-07-22 21:32:35,143 [ERROR] LogOutputStream:75 - [STDERR_REDIRECT] 
2025-07-22 21:32:36,149 [ERROR] LogOutputStream:75 - [STDERR_REDIRECT] [Fatal Error] :1:1: Premature end of file.
2025-07-22 21:32:36,149 [ERROR] LogOutputStream:75 - [STDERR_REDIRECT] 
2025-07-22 21:32:37,145 [ERROR] LogOutputStream:75 - [STDERR_REDIRECT] [Fatal Error] :1:1: Premature end of file.
2025-07-22 21:32:37,145 [ERROR] LogOutputStream:75 - [STDERR_REDIRECT] 
2025-07-22 21:32:38,149 [ERROR] LogOutputStream:75 - [STDERR_REDIRECT] [Fatal Error] :1:1: Premature end of file.
2025-07-22 21:32:38,149 [ERROR] LogOutputStream:75 - [STDERR_REDIRECT] 
2025-07-22 21:32:39,151 [ERROR] LogOutputStream:75 - [STDERR_REDIRECT] [Fatal Error] :1:1: Premature end of file.
2025-07-22 21:32:39,151 [ERROR] LogOutputStream:75 - [STDERR_REDIRECT] 
2025-07-22 21:32:40,145 [ERROR] LogOutputStream:75 - [STDERR_REDIRECT] [Fatal Error] :1:1: Premature end of file.
2025-07-22 21:32:40,145 [ERROR] LogOutputStream:75 - [STDERR_REDIRECT] 
2025-07-22 21:32:41,198 [ERROR] LogOutputStream:75 - [STDERR_REDIRECT] [Fatal Error] :1:1: Premature end of file.
2025-07-22 21:32:41,198 [ERROR] LogOutputStream:75 - [STDERR_REDIRECT] 
2025-07-22 21:32:42,152 [ERROR] LogOutputStream:75 - [STDERR_REDIRECT] [Fatal Error] :1:1: Premature end of file.
2025-07-22 21:32:42,152 [ERROR] LogOutputStream:75 - [STDERR_REDIRECT] 
2025-07-22 21:32:43,149 [ERROR] LogOutputStream:75 - [STDERR_REDIRECT] [Fatal Error] :1:1: Premature end of file.
2025-07-22 21:32:43,149 [ERROR] LogOutputStream:75 - [STDERR_REDIRECT] 
2025-07-22 21:32:44,149 [ERROR] LogOutputStream:75 - [STDERR_REDIRECT] [Fatal Error] :1:1: Premature end of file.
2025-07-22 21:32:44,149 [ERROR] LogOutputStream:75 - [STDERR_REDIRECT] 
2025-07-22 21:32:45,155 [ERROR] LogOutputStream:75 - [STDERR_REDIRECT] [Fatal Error] :1:1: Premature end of file.
2025-07-22 21:32:45,155 [ERROR] LogOutputStream:75 - [STDERR_REDIRECT] 
2025-07-22 21:32:46,148 [ERROR] LogOutputStream:75 - [STDERR_REDIRECT] [Fatal Error] :1:1: Premature end of file.
2025-07-22 21:32:46,148 [ERROR] LogOutputStream:75 - [STDERR_REDIRECT] 
2025-07-22 21:32:47,151 [ERROR] LogOutputStream:75 - [STDERR_REDIRECT] [Fatal Error] :1:1: Premature end of file.
2025-07-22 21:32:47,151 [ERROR] LogOutputStream:75 - [STDERR_REDIRECT] 
2025-07-22 21:32:48,146 [ERROR] LogOutputStream:75 - [STDERR_REDIRECT] [Fatal Error] :1:1: Premature end of file.
2025-07-22 21:32:48,146 [ERROR] LogOutputStream:75 - [STDERR_REDIRECT] 
2025-07-22 21:32:49,137 [ERROR] LogOutputStream:75 - [STDERR_REDIRECT] [Fatal Error] :1:1: Premature end of file.
2025-07-22 21:32:49,137 [ERROR] LogOutputStream:75 - [STDERR_REDIRECT] 
2025-07-22 21:32:50,138 [ERROR] LogOutputStream:75 - [STDERR_REDIRECT] [Fatal Error] :1:1: Premature end of file.
2025-07-22 21:32:50,138 [ERROR] LogOutputStream:75 - [STDERR_REDIRECT] 
2025-07-22 21:32:51,132 [ERROR] LogOutputStream:75 - [STDERR_REDIRECT] [Fatal Error] :1:1: Premature end of file.
2025-07-22 21:32:51,132 [ERROR] LogOutputStream:75 - [STDERR_REDIRECT] 
2025-07-22 21:32:52,177 [ERROR] LogOutputStream:75 - [STDERR_REDIRECT] [Fatal Error] :1:1: Premature end of file.
2025-07-22 21:32:52,177 [ERROR] LogOutputStream:75 - [STDERR_REDIRECT] 
2025-07-22 21:32:53,156 [ERROR] LogOutputStream:75 - [STDERR_REDIRECT] [Fatal Error] :1:1: Premature end of file.
2025-07-22 21:32:53,156 [ERROR] LogOutputStream:75 - [STDERR_REDIRECT] 
2025-07-22 21:32:54,146 [ERROR] LogOutputStream:75 - [STDERR_REDIRECT] [Fatal Error] :1:1: Premature end of file.
2025-07-22 21:32:54,147 [ERROR] LogOutputStream:75 - [STDERR_REDIRECT] 
2025-07-22 21:32:55,147 [ERROR] LogOutputStream:75 - [STDERR_REDIRECT] [Fatal Error] :1:1: Premature end of file.
2025-07-22 21:32:55,147 [ERROR] LogOutputStream:75 - [STDERR_REDIRECT] 
2025-07-22 21:32:56,147 [ERROR] LogOutputStream:75 - [STDERR_REDIRECT] [Fatal Error] :1:1: Premature end of file.
2025-07-22 21:32:56,147 [ERROR] LogOutputStream:75 - [STDERR_REDIRECT] 
2025-07-22 21:32:57,146 [ERROR] LogOutputStream:75 - [STDERR_REDIRECT] [Fatal Error] :1:1: Premature end of file.
2025-07-22 21:32:57,146 [ERROR] LogOutputStream:75 - [STDERR_REDIRECT] 
2025-07-22 21:32:58,148 [ERROR] LogOutputStream:75 - [STDERR_REDIRECT] [Fatal Error] :1:1: Premature end of file.
2025-07-22 21:32:58,148 [ERROR] LogOutputStream:75 - [STDERR_REDIRECT] 
2025-07-22 21:32:59,152 [ERROR] LogOutputStream:75 - [STDERR_REDIRECT] [Fatal Error] :1:1: Premature end of file.
2025-07-22 21:32:59,152 [ERROR] LogOutputStream:75 - [STDERR_REDIRECT] 
2025-07-22 21:33:00,149 [ERROR] LogOutputStream:75 - [STDERR_REDIRECT] [Fatal Error] :1:1: Premature end of file.
2025-07-22 21:33:00,149 [ERROR] LogOutputStream:75 - [STDERR_REDIRECT] 
2025-07-22 21:33:01,146 [ERROR] LogOutputStream:75 - [STDERR_REDIRECT] [Fatal Error] :1:1: Premature end of file.
2025-07-22 21:33:01,146 [ERROR] LogOutputStream:75 - [STDERR_REDIRECT] 
2025-07-22 21:33:02,148 [ERROR] LogOutputStream:75 - [STDERR_REDIRECT] [Fatal Error] :1:1: Premature end of file.
2025-07-22 21:33:02,149 [ERROR] LogOutputStream:75 - [STDERR_REDIRECT] 
2025-07-22 21:33:03,151 [ERROR] LogOutputStream:75 - [STDERR_REDIRECT] [Fatal Error] :1:1: Premature end of file.
2025-07-22 21:33:03,151 [ERROR] LogOutputStream:75 - [STDERR_REDIRECT] 
2025-07-22 21:33:04,143 [ERROR] LogOutputStream:75 - [STDERR_REDIRECT] [Fatal Error] :1:1: Premature end of file.
2025-07-22 21:33:04,143 [ERROR] LogOutputStream:75 - [STDERR_REDIRECT] 
2025-07-22 21:33:05,150 [ERROR] LogOutputStream:75 - [STDERR_REDIRECT] [Fatal Error] :1:1: Premature end of file.
2025-07-22 21:33:05,150 [ERROR] LogOutputStream:75 - [STDERR_REDIRECT] 
2025-07-22 21:33:06,150 [ERROR] LogOutputStream:75 - [STDERR_REDIRECT] [Fatal Error] :1:1: Premature end of file.
2025-07-22 21:33:06,150 [ERROR] LogOutputStream:75 - [STDERR_REDIRECT] 
2025-07-22 21:33:07,148 [ERROR] LogOutputStream:75 - [STDERR_REDIRECT] [Fatal Error] :1:1: Premature end of file.
2025-07-22 21:33:07,148 [ERROR] LogOutputStream:75 - [STDERR_REDIRECT] 
2025-07-22 21:33:08,150 [ERROR] LogOutputStream:75 - [STDERR_REDIRECT] [Fatal Error] :1:1: Premature end of file.
2025-07-22 21:33:08,150 [ERROR] LogOutputStream:75 - [STDERR_REDIRECT] 
2025-07-22 21:33:09,150 [ERROR] LogOutputStream:75 - [STDERR_REDIRECT] [Fatal Error] :1:1: Premature end of file.
2025-07-22 21:33:09,150 [ERROR] LogOutputStream:75 - [STDERR_REDIRECT] 
2025-07-22 21:33:10,147 [ERROR] LogOutputStream:75 - [STDERR_REDIRECT] [Fatal Error] :1:1: Premature end of file.
2025-07-22 21:33:10,147 [ERROR] LogOutputStream:75 - [STDERR_REDIRECT] 
2025-07-22 21:33:11,150 [ERROR] LogOutputStream:75 - [STDERR_REDIRECT] [Fatal Error] :1:1: Premature end of file.
2025-07-22 21:33:11,150 [ERROR] LogOutputStream:75 - [STDERR_REDIRECT] 
2025-07-22 21:33:12,150 [ERROR] LogOutputStream:75 - [STDERR_REDIRECT] [Fatal Error] :1:1: Premature end of file.
2025-07-22 21:33:12,150 [ERROR] LogOutputStream:75 - [STDERR_REDIRECT] 
2025-07-22 21:33:13,147 [ERROR] LogOutputStream:75 - [STDERR_REDIRECT] [Fatal Error] :1:1: Premature end of file.
2025-07-22 21:33:13,147 [ERROR] LogOutputStream:75 - [STDERR_REDIRECT] 
2025-07-22 21:33:14,150 [ERROR] LogOutputStream:75 - [STDERR_REDIRECT] [Fatal Error] :1:1: Premature end of file.
2025-07-22 21:33:14,150 [ERROR] LogOutputStream:75 - [STDERR_REDIRECT] 
2025-07-22 21:33:15,151 [ERROR] LogOutputStream:75 - [STDERR_REDIRECT] [Fatal Error] :1:1: Premature end of file.
2025-07-22 21:33:15,151 [ERROR] LogOutputStream:75 - [STDERR_REDIRECT] 
2025-07-22 21:33:16,139 [ERROR] LogOutputStream:75 - [STDERR_REDIRECT] [Fatal Error] :1:1: Premature end of file.
2025-07-22 21:33:16,139 [ERROR] LogOutputStream:75 - [STDERR_REDIRECT] 
2025-07-22 21:33:17,152 [ERROR] LogOutputStream:75 - [STDERR_REDIRECT] [Fatal Error] :1:1: Premature end of file.
2025-07-22 21:33:17,153 [ERROR] LogOutputStream:75 - [STDERR_REDIRECT] 
2025-07-22 21:33:18,148 [ERROR] LogOutputStream:75 - [STDERR_REDIRECT] [Fatal Error] :1:1: Premature end of file.
2025-07-22 21:33:18,148 [ERROR] LogOutputStream:75 - [STDERR_REDIRECT] 
2025-07-22 21:33:19,149 [ERROR] LogOutputStream:75 - [STDERR_REDIRECT] [Fatal Error] :1:1: Premature end of file.
2025-07-22 21:33:19,149 [ERROR] LogOutputStream:75 - [STDERR_REDIRECT] 
2025-07-22 21:33:20,148 [ERROR] LogOutputStream:75 - [STDERR_REDIRECT] [Fatal Error] :1:1: Premature end of file.
2025-07-22 21:33:20,148 [ERROR] LogOutputStream:75 - [STDERR_REDIRECT] 
2025-07-22 21:33:21,144 [ERROR] LogOutputStream:75 - [STDERR_REDIRECT] [Fatal Error] :1:1: Premature end of file.
2025-07-22 21:33:21,144 [ERROR] LogOutputStream:75 - [STDERR_REDIRECT] 
2025-07-22 21:33:22,147 [ERROR] LogOutputStream:75 - [STDERR_REDIRECT] [Fatal Error] :1:1: Premature end of file.
2025-07-22 21:33:22,147 [ERROR] LogOutputStream:75 - [STDERR_REDIRECT] 
2025-07-22 21:33:23,150 [ERROR] LogOutputStream:75 - [STDERR_REDIRECT] [Fatal Error] :1:1: Premature end of file.
2025-07-22 21:33:23,151 [ERROR] LogOutputStream:75 - [STDERR_REDIRECT] 
2025-07-22 21:33:24,140 [ERROR] LogOutputStream:75 - [STDERR_REDIRECT] [Fatal Error] :1:1: Premature end of file.
2025-07-22 21:33:24,140 [ERROR] LogOutputStream:75 - [STDERR_REDIRECT] 
2025-07-22 21:33:25,144 [ERROR] LogOutputStream:75 - [STDERR_REDIRECT] [Fatal Error] :1:1: Premature end of file.
2025-07-22 21:33:25,144 [ERROR] LogOutputStream:75 - [STDERR_REDIRECT] 
2025-07-22 21:33:26,132 [ERROR] LogOutputStream:75 - [STDERR_REDIRECT] [Fatal Error] :1:1: Premature end of file.
2025-07-22 21:33:26,132 [ERROR] LogOutputStream:75 - [STDERR_REDIRECT] 
2025-07-22 21:33:27,133 [ERROR] LogOutputStream:75 - [STDERR_REDIRECT] [Fatal Error] :1:1: Premature end of file.
2025-07-22 21:33:27,133 [ERROR] LogOutputStream:75 - [STDERR_REDIRECT] 
2025-07-22 21:33:28,126 [ERROR] LogOutputStream:75 - [STDERR_REDIRECT] [Fatal Error] :1:1: Premature end of file.
2025-07-22 21:33:28,126 [ERROR] LogOutputStream:75 - [STDERR_REDIRECT] 
2025-07-22 21:33:29,133 [ERROR] LogOutputStream:75 - [STDERR_REDIRECT] [Fatal Error] :1:1: Premature end of file.
2025-07-22 21:33:29,133 [ERROR] LogOutputStream:75 - [STDERR_REDIRECT] 
2025-07-22 21:33:30,133 [ERROR] LogOutputStream:75 - [STDERR_REDIRECT] [Fatal Error] :1:1: Premature end of file.
2025-07-22 21:33:30,133 [ERROR] LogOutputStream:75 - [STDERR_REDIRECT] 
2025-07-22 21:33:31,147 [ERROR] LogOutputStream:75 - [STDERR_REDIRECT] [Fatal Error] :1:1: Premature end of file.
2025-07-22 21:33:31,147 [ERROR] LogOutputStream:75 - [STDERR_REDIRECT] 
2025-07-22 21:33:32,145 [ERROR] LogOutputStream:75 - [STDERR_REDIRECT] [Fatal Error] :1:1: Premature end of file.
2025-07-22 21:33:32,145 [ERROR] LogOutputStream:75 - [STDERR_REDIRECT] 
2025-07-22 21:33:33,148 [ERROR] LogOutputStream:75 - [STDERR_REDIRECT] [Fatal Error] :1:1: Premature end of file.
2025-07-22 21:33:33,148 [ERROR] LogOutputStream:75 - [STDERR_REDIRECT] 
2025-07-22 21:33:34,149 [ERROR] LogOutputStream:75 - [STDERR_REDIRECT] [Fatal Error] :1:1: Premature end of file.
2025-07-22 21:33:34,149 [ERROR] LogOutputStream:75 - [STDERR_REDIRECT] 
2025-07-22 21:33:35,147 [ERROR] LogOutputStream:75 - [STDERR_REDIRECT] [Fatal Error] :1:1: Premature end of file.
2025-07-22 21:33:35,147 [ERROR] LogOutputStream:75 - [STDERR_REDIRECT] 
2025-07-22 21:33:36,134 [ERROR] LogOutputStream:75 - [STDERR_REDIRECT] [Fatal Error] :1:1: Premature end of file.
2025-07-22 21:33:36,134 [ERROR] LogOutputStream:75 - [STDERR_REDIRECT] 
2025-07-22 21:33:37,148 [ERROR] LogOutputStream:75 - [STDERR_REDIRECT] [Fatal Error] :1:1: Premature end of file.
2025-07-22 21:33:37,148 [ERROR] LogOutputStream:75 - [STDERR_REDIRECT] 
2025-07-22 21:33:38,149 [ERROR] LogOutputStream:75 - [STDERR_REDIRECT] [Fatal Error] :1:1: Premature end of file.
2025-07-22 21:33:38,149 [ERROR] LogOutputStream:75 - [STDERR_REDIRECT] 
2025-07-22 21:33:39,144 [ERROR] LogOutputStream:75 - [STDERR_REDIRECT] [Fatal Error] :1:1: Premature end of file.
2025-07-22 21:33:39,144 [ERROR] LogOutputStream:75 - [STDERR_REDIRECT] 
2025-07-22 21:33:40,145 [ERROR] LogOutputStream:75 - [STDERR_REDIRECT] [Fatal Error] :1:1: Premature end of file.
2025-07-22 21:33:40,145 [ERROR] LogOutputStream:75 - [STDERR_REDIRECT] 
2025-07-22 21:33:41,149 [ERROR] LogOutputStream:75 - [STDERR_REDIRECT] [Fatal Error] :1:1: Premature end of file.
2025-07-22 21:33:41,149 [ERROR] LogOutputStream:75 - [STDERR_REDIRECT] 
2025-07-22 21:33:42,149 [ERROR] LogOutputStream:75 - [STDERR_REDIRECT] [Fatal Error] :1:1: Premature end of file.
2025-07-22 21:33:42,149 [ERROR] LogOutputStream:75 - [STDERR_REDIRECT] 
2025-07-22 21:33:43,149 [ERROR] LogOutputStream:75 - [STDERR_REDIRECT] [Fatal Error] :1:1: Premature end of file.
2025-07-22 21:33:43,150 [ERROR] LogOutputStream:75 - [STDERR_REDIRECT] 
2025-07-22 21:33:44,152 [ERROR] LogOutputStream:75 - [STDERR_REDIRECT] [Fatal Error] :1:1: Premature end of file.
2025-07-22 21:33:44,152 [ERROR] LogOutputStream:75 - [STDERR_REDIRECT] 
2025-07-22 21:33:45,151 [ERROR] LogOutputStream:75 - [STDERR_REDIRECT] [Fatal Error] :1:1: Premature end of file.
2025-07-22 21:33:45,151 [ERROR] LogOutputStream:75 - [STDERR_REDIRECT] 
2025-07-22 21:33:46,149 [ERROR] LogOutputStream:75 - [STDERR_REDIRECT] [Fatal Error] :1:1: Premature end of file.
2025-07-22 21:33:46,149 [ERROR] LogOutputStream:75 - [STDERR_REDIRECT] 
2025-07-22 21:33:47,149 [ERROR] LogOutputStream:75 - [STDERR_REDIRECT] [Fatal Error] :1:1: Premature end of file.
2025-07-22 21:33:47,149 [ERROR] LogOutputStream:75 - [STDERR_REDIRECT] 
2025-07-22 21:33:48,148 [ERROR] LogOutputStream:75 - [STDERR_REDIRECT] [Fatal Error] :1:1: Premature end of file.
2025-07-22 21:33:48,148 [ERROR] LogOutputStream:75 - [STDERR_REDIRECT] 
2025-07-22 21:33:49,146 [ERROR] LogOutputStream:75 - [STDERR_REDIRECT] [Fatal Error] :1:1: Premature end of file.
2025-07-22 21:33:49,146 [ERROR] LogOutputStream:75 - [STDERR_REDIRECT] 
2025-07-22 21:33:50,148 [ERROR] LogOutputStream:75 - [STDERR_REDIRECT] [Fatal Error] :1:1: Premature end of file.
2025-07-22 21:33:50,148 [ERROR] LogOutputStream:75 - [STDERR_REDIRECT] 
2025-07-22 21:33:51,149 [ERROR] LogOutputStream:75 - [STDERR_REDIRECT] [Fatal Error] :1:1: Premature end of file.
2025-07-22 21:33:51,149 [ERROR] LogOutputStream:75 - [STDERR_REDIRECT] 
2025-07-22 21:33:52,141 [ERROR] LogOutputStream:75 - [STDERR_REDIRECT] [Fatal Error] :1:1: Premature end of file.
2025-07-22 21:33:52,141 [ERROR] LogOutputStream:75 - [STDERR_REDIRECT] 
2025-07-22 21:33:53,149 [ERROR] LogOutputStream:75 - [STDERR_REDIRECT] [Fatal Error] :1:1: Premature end of file.
2025-07-22 21:33:53,149 [ERROR] LogOutputStream:75 - [STDERR_REDIRECT] 
2025-07-22 21:33:54,147 [ERROR] LogOutputStream:75 - [STDERR_REDIRECT] [Fatal Error] :1:1: Premature end of file.
2025-07-22 21:33:54,147 [ERROR] LogOutputStream:75 - [STDERR_REDIRECT] 
2025-07-22 21:33:55,150 [ERROR] LogOutputStream:75 - [STDERR_REDIRECT] [Fatal Error] :1:1: Premature end of file.
2025-07-22 21:33:55,150 [ERROR] LogOutputStream:75 - [STDERR_REDIRECT] 
2025-07-22 21:33:56,149 [ERROR] LogOutputStream:75 - [STDERR_REDIRECT] [Fatal Error] :1:1: Premature end of file.
2025-07-22 21:33:56,149 [ERROR] LogOutputStream:75 - [STDERR_REDIRECT] 
2025-07-22 21:33:57,147 [ERROR] LogOutputStream:75 - [STDERR_REDIRECT] [Fatal Error] :1:1: Premature end of file.
2025-07-22 21:33:57,147 [ERROR] LogOutputStream:75 - [STDERR_REDIRECT] 
2025-07-22 21:33:58,168 [ERROR] LogOutputStream:75 - [STDERR_REDIRECT] [Fatal Error] :1:1: Premature end of file.
2025-07-22 21:33:58,168 [ERROR] LogOutputStream:75 - [STDERR_REDIRECT] 
2025-07-22 21:33:59,150 [ERROR] LogOutputStream:75 - [STDERR_REDIRECT] [Fatal Error] :1:1: Premature end of file.
2025-07-22 21:33:59,151 [ERROR] LogOutputStream:75 - [STDERR_REDIRECT] 
2025-07-22 21:34:00,147 [ERROR] LogOutputStream:75 - [STDERR_REDIRECT] [Fatal Error] :1:1: Premature end of file.
2025-07-22 21:34:00,147 [ERROR] LogOutputStream:75 - [STDERR_REDIRECT] 
2025-07-22 21:34:01,147 [ERROR] LogOutputStream:75 - [STDERR_REDIRECT] [Fatal Error] :1:1: Premature end of file.
2025-07-22 21:34:01,147 [ERROR] LogOutputStream:75 - [STDERR_REDIRECT] 
2025-07-22 21:34:02,149 [ERROR] LogOutputStream:75 - [STDERR_REDIRECT] [Fatal Error] :1:1: Premature end of file.
2025-07-22 21:34:02,149 [ERROR] LogOutputStream:75 - [STDERR_REDIRECT] 
2025-07-22 21:34:03,133 [ERROR] LogOutputStream:75 - [STDERR_REDIRECT] [Fatal Error] :1:1: Premature end of file.
2025-07-22 21:34:03,133 [ERROR] LogOutputStream:75 - [STDERR_REDIRECT] 
2025-07-22 21:34:04,158 [ERROR] LogOutputStream:75 - [STDERR_REDIRECT] [Fatal Error] :1:1: Premature end of file.
2025-07-22 21:34:04,159 [ERROR] LogOutputStream:75 - [STDERR_REDIRECT] 
2025-07-22 21:34:05,149 [ERROR] LogOutputStream:75 - [STDERR_REDIRECT] [Fatal Error] :1:1: Premature end of file.
2025-07-22 21:34:05,150 [ERROR] LogOutputStream:75 - [STDERR_REDIRECT] 
2025-07-22 21:34:06,149 [ERROR] LogOutputStream:75 - [STDERR_REDIRECT] [Fatal Error] :1:1: Premature end of file.
2025-07-22 21:34:06,149 [ERROR] LogOutputStream:75 - [STDERR_REDIRECT] 
2025-07-22 21:34:07,151 [ERROR] LogOutputStream:75 - [STDERR_REDIRECT] [Fatal Error] :1:1: Premature end of file.
2025-07-22 21:34:07,151 [ERROR] LogOutputStream:75 - [STDERR_REDIRECT] 
2025-07-22 21:34:08,150 [ERROR] LogOutputStream:75 - [STDERR_REDIRECT] [Fatal Error] :1:1: Premature end of file.
2025-07-22 21:34:08,150 [ERROR] LogOutputStream:75 - [STDERR_REDIRECT] 
2025-07-22 21:34:09,151 [ERROR] LogOutputStream:75 - [STDERR_REDIRECT] [Fatal Error] :1:1: Premature end of file.
2025-07-22 21:34:09,151 [ERROR] LogOutputStream:75 - [STDERR_REDIRECT] 
2025-07-22 21:34:10,147 [ERROR] LogOutputStream:75 - [STDERR_REDIRECT] [Fatal Error] :1:1: Premature end of file.
2025-07-22 21:34:10,147 [ERROR] LogOutputStream:75 - [STDERR_REDIRECT] 
2025-07-22 21:34:11,151 [ERROR] LogOutputStream:75 - [STDERR_REDIRECT] [Fatal Error] :1:1: Premature end of file.
2025-07-22 21:34:11,151 [ERROR] LogOutputStream:75 - [STDERR_REDIRECT] 
2025-07-22 21:34:12,149 [ERROR] LogOutputStream:75 - [STDERR_REDIRECT] [Fatal Error] :1:1: Premature end of file.
2025-07-22 21:34:12,150 [ERROR] LogOutputStream:75 - [STDERR_REDIRECT] 
2025-07-22 21:34:13,189 [ERROR] LogOutputStream:75 - [STDERR_REDIRECT] [Fatal Error] :1:1: Premature end of file.
2025-07-22 21:34:13,189 [ERROR] LogOutputStream:75 - [STDERR_REDIRECT] 
2025-07-22 21:34:14,149 [ERROR] LogOutputStream:75 - [STDERR_REDIRECT] [Fatal Error] :1:1: Premature end of file.
2025-07-22 21:34:14,149 [ERROR] LogOutputStream:75 - [STDERR_REDIRECT] 
2025-07-22 21:34:15,152 [ERROR] LogOutputStream:75 - [STDERR_REDIRECT] [Fatal Error] :1:1: Premature end of file.
2025-07-22 21:34:15,152 [ERROR] LogOutputStream:75 - [STDERR_REDIRECT] 
2025-07-22 21:34:16,155 [ERROR] LogOutputStream:75 - [STDERR_REDIRECT] [Fatal Error] :1:1: Premature end of file.
2025-07-22 21:34:16,155 [ERROR] LogOutputStream:75 - [STDERR_REDIRECT] 
2025-07-22 21:34:17,147 [ERROR] LogOutputStream:75 - [STDERR_REDIRECT] [Fatal Error] :1:1: Premature end of file.
2025-07-22 21:34:17,147 [ERROR] LogOutputStream:75 - [STDERR_REDIRECT] 
2025-07-22 21:34:18,148 [ERROR] LogOutputStream:75 - [STDERR_REDIRECT] [Fatal Error] :1:1: Premature end of file.
2025-07-22 21:34:18,149 [ERROR] LogOutputStream:75 - [STDERR_REDIRECT] 
2025-07-22 21:34:19,146 [ERROR] LogOutputStream:75 - [STDERR_REDIRECT] [Fatal Error] :1:1: Premature end of file.
2025-07-22 21:34:19,146 [ERROR] LogOutputStream:75 - [STDERR_REDIRECT] 
2025-07-22 21:34:20,148 [ERROR] LogOutputStream:75 - [STDERR_REDIRECT] [Fatal Error] :1:1: Premature end of file.
2025-07-22 21:34:20,148 [ERROR] LogOutputStream:75 - [STDERR_REDIRECT] 
2025-07-22 21:34:21,149 [ERROR] LogOutputStream:75 - [STDERR_REDIRECT] [Fatal Error] :1:1: Premature end of file.
2025-07-22 21:34:21,149 [ERROR] LogOutputStream:75 - [STDERR_REDIRECT] 
2025-07-22 21:34:22,149 [ERROR] LogOutputStream:75 - [STDERR_REDIRECT] [Fatal Error] :1:1: Premature end of file.
2025-07-22 21:34:22,149 [ERROR] LogOutputStream:75 - [STDERR_REDIRECT] 
2025-07-22 21:34:23,149 [ERROR] LogOutputStream:75 - [STDERR_REDIRECT] [Fatal Error] :1:1: Premature end of file.
2025-07-22 21:34:23,149 [ERROR] LogOutputStream:75 - [STDERR_REDIRECT] 
2025-07-22 21:34:24,149 [ERROR] LogOutputStream:75 - [STDERR_REDIRECT] [Fatal Error] :1:1: Premature end of file.
2025-07-22 21:34:24,149 [ERROR] LogOutputStream:75 - [STDERR_REDIRECT] 
2025-07-22 21:34:25,147 [ERROR] LogOutputStream:75 - [STDERR_REDIRECT] [Fatal Error] :1:1: Premature end of file.
2025-07-22 21:34:25,147 [ERROR] LogOutputStream:75 - [STDERR_REDIRECT] 
2025-07-22 21:34:26,150 [ERROR] LogOutputStream:75 - [STDERR_REDIRECT] [Fatal Error] :1:1: Premature end of file.
2025-07-22 21:34:26,150 [ERROR] LogOutputStream:75 - [STDERR_REDIRECT] 
2025-07-22 21:34:27,149 [ERROR] LogOutputStream:75 - [STDERR_REDIRECT] [Fatal Error] :1:1: Premature end of file.
2025-07-22 21:34:27,150 [ERROR] LogOutputStream:75 - [STDERR_REDIRECT] 
2025-07-22 21:34:28,156 [ERROR] LogOutputStream:75 - [STDERR_REDIRECT] [Fatal Error] :1:1: Premature end of file.
2025-07-22 21:34:28,156 [ERROR] LogOutputStream:75 - [STDERR_REDIRECT] 
2025-07-22 21:34:29,152 [ERROR] LogOutputStream:75 - [STDERR_REDIRECT] [Fatal Error] :1:1: Premature end of file.
2025-07-22 21:34:29,152 [ERROR] LogOutputStream:75 - [STDERR_REDIRECT] 
2025-07-22 21:34:30,147 [ERROR] LogOutputStream:75 - [STDERR_REDIRECT] [Fatal Error] :1:1: Premature end of file.
2025-07-22 21:34:30,147 [ERROR] LogOutputStream:75 - [STDERR_REDIRECT] 
2025-07-22 21:34:31,150 [ERROR] LogOutputStream:75 - [STDERR_REDIRECT] [Fatal Error] :1:1: Premature end of file.
2025-07-22 21:34:31,150 [ERROR] LogOutputStream:75 - [STDERR_REDIRECT] 
2025-07-22 21:34:32,131 [ERROR] LogOutputStream:75 - [STDERR_REDIRECT] [Fatal Error] :1:1: Premature end of file.
2025-07-22 21:34:32,131 [ERROR] LogOutputStream:75 - [STDERR_REDIRECT] 
2025-07-22 21:34:33,148 [ERROR] LogOutputStream:75 - [STDERR_REDIRECT] [Fatal Error] :1:1: Premature end of file.
2025-07-22 21:34:33,148 [ERROR] LogOutputStream:75 - [STDERR_REDIRECT] 
2025-07-22 21:34:34,128 [ERROR] LogOutputStream:75 - [STDERR_REDIRECT] [Fatal Error] :1:1: Premature end of file.
2025-07-22 21:34:34,128 [ERROR] LogOutputStream:75 - [STDERR_REDIRECT] 
2025-07-22 21:34:35,147 [ERROR] LogOutputStream:75 - [STDERR_REDIRECT] [Fatal Error] :1:1: Premature end of file.
2025-07-22 21:34:35,147 [ERROR] LogOutputStream:75 - [STDERR_REDIRECT] 
2025-07-22 21:34:36,130 [ERROR] LogOutputStream:75 - [STDERR_REDIRECT] [Fatal Error] :1:1: Premature end of file.
2025-07-22 21:34:36,130 [ERROR] LogOutputStream:75 - [STDERR_REDIRECT] 
2025-07-22 21:34:37,148 [ERROR] LogOutputStream:75 - [STDERR_REDIRECT] [Fatal Error] :1:1: Premature end of file.
2025-07-22 21:34:37,148 [ERROR] LogOutputStream:75 - [STDERR_REDIRECT] 
2025-07-22 21:34:38,145 [ERROR] LogOutputStream:75 - [STDERR_REDIRECT] [Fatal Error] :1:1: Premature end of file.
2025-07-22 21:34:38,145 [ERROR] LogOutputStream:75 - [STDERR_REDIRECT] 
2025-07-22 21:34:39,147 [ERROR] LogOutputStream:75 - [STDERR_REDIRECT] [Fatal Error] :1:1: Premature end of file.
2025-07-22 21:34:39,147 [ERROR] LogOutputStream:75 - [STDERR_REDIRECT] 
2025-07-22 21:34:40,156 [ERROR] LogOutputStream:75 - [STDERR_REDIRECT] [Fatal Error] :1:1: Premature end of file.
2025-07-22 21:34:40,156 [ERROR] LogOutputStream:75 - [STDERR_REDIRECT] 
2025-07-22 21:34:41,148 [ERROR] LogOutputStream:75 - [STDERR_REDIRECT] [Fatal Error] :1:1: Premature end of file.
2025-07-22 21:34:41,148 [ERROR] LogOutputStream:75 - [STDERR_REDIRECT] 
2025-07-22 21:34:42,151 [ERROR] LogOutputStream:75 - [STDERR_REDIRECT] [Fatal Error] :1:1: Premature end of file.
2025-07-22 21:34:42,151 [ERROR] LogOutputStream:75 - [STDERR_REDIRECT] 
2025-07-22 21:34:43,149 [ERROR] LogOutputStream:75 - [STDERR_REDIRECT] [Fatal Error] :1:1: Premature end of file.
2025-07-22 21:34:43,149 [ERROR] LogOutputStream:75 - [STDERR_REDIRECT] 
2025-07-22 21:34:44,151 [ERROR] LogOutputStream:75 - [STDERR_REDIRECT] [Fatal Error] :1:1: Premature end of file.
2025-07-22 21:34:44,151 [ERROR] LogOutputStream:75 - [STDERR_REDIRECT] 
2025-07-22 21:34:45,145 [ERROR] LogOutputStream:75 - [STDERR_REDIRECT] [Fatal Error] :1:1: Premature end of file.
2025-07-22 21:34:45,145 [ERROR] LogOutputStream:75 - [STDERR_REDIRECT] 
2025-07-22 21:34:46,149 [ERROR] LogOutputStream:75 - [STDERR_REDIRECT] [Fatal Error] :1:1: Premature end of file.
2025-07-22 21:34:46,149 [ERROR] LogOutputStream:75 - [STDERR_REDIRECT] 
2025-07-22 21:34:47,150 [ERROR] LogOutputStream:75 - [STDERR_REDIRECT] [Fatal Error] :1:1: Premature end of file.
2025-07-22 21:34:47,150 [ERROR] LogOutputStream:75 - [STDERR_REDIRECT] 
2025-07-22 21:34:48,147 [ERROR] LogOutputStream:75 - [STDERR_REDIRECT] [Fatal Error] :1:1: Premature end of file.
2025-07-22 21:34:48,147 [ERROR] LogOutputStream:75 - [STDERR_REDIRECT] 
2025-07-22 21:34:49,147 [ERROR] LogOutputStream:75 - [STDERR_REDIRECT] [Fatal Error] :1:1: Premature end of file.
2025-07-22 21:34:49,147 [ERROR] LogOutputStream:75 - [STDERR_REDIRECT] 
2025-07-22 21:34:50,149 [ERROR] LogOutputStream:75 - [STDERR_REDIRECT] [Fatal Error] :1:1: Premature end of file.
2025-07-22 21:34:50,149 [ERROR] LogOutputStream:75 - [STDERR_REDIRECT] 
2025-07-22 21:34:51,141 [ERROR] LogOutputStream:75 - [STDERR_REDIRECT] [Fatal Error] :1:1: Premature end of file.
2025-07-22 21:34:51,141 [ERROR] LogOutputStream:75 - [STDERR_REDIRECT] 
2025-07-22 21:34:52,147 [ERROR] LogOutputStream:75 - [STDERR_REDIRECT] [Fatal Error] :1:1: Premature end of file.
2025-07-22 21:34:52,147 [ERROR] LogOutputStream:75 - [STDERR_REDIRECT] 
2025-07-22 21:34:53,149 [ERROR] LogOutputStream:75 - [STDERR_REDIRECT] [Fatal Error] :1:1: Premature end of file.
2025-07-22 21:34:53,149 [ERROR] LogOutputStream:75 - [STDERR_REDIRECT] 
2025-07-22 21:34:54,148 [ERROR] LogOutputStream:75 - [STDERR_REDIRECT] [Fatal Error] :1:1: Premature end of file.
2025-07-22 21:34:54,157 [ERROR] LogOutputStream:75 - [STDERR_REDIRECT] 
2025-07-22 21:34:55,150 [ERROR] LogOutputStream:75 - [STDERR_REDIRECT] [Fatal Error] :1:1: Premature end of file.
2025-07-22 21:34:55,150 [ERROR] LogOutputStream:75 - [STDERR_REDIRECT] 
2025-07-22 21:34:56,140 [ERROR] LogOutputStream:75 - [STDERR_REDIRECT] [Fatal Error] :1:1: Premature end of file.
2025-07-22 21:34:56,140 [ERROR] LogOutputStream:75 - [STDERR_REDIRECT] 
2025-07-22 21:34:57,149 [ERROR] LogOutputStream:75 - [STDERR_REDIRECT] [Fatal Error] :1:1: Premature end of file.
2025-07-22 21:34:57,149 [ERROR] LogOutputStream:75 - [STDERR_REDIRECT] 
2025-07-22 21:34:58,148 [ERROR] LogOutputStream:75 - [STDERR_REDIRECT] [Fatal Error] :1:1: Premature end of file.
2025-07-22 21:34:58,148 [ERROR] LogOutputStream:75 - [STDERR_REDIRECT] 
2025-07-22 21:34:59,148 [ERROR] LogOutputStream:75 - [STDERR_REDIRECT] [Fatal Error] :1:1: Premature end of file.
2025-07-22 21:34:59,148 [ERROR] LogOutputStream:75 - [STDERR_REDIRECT] 
2025-07-22 21:35:00,146 [ERROR] LogOutputStream:75 - [STDERR_REDIRECT] [Fatal Error] :1:1: Premature end of file.
2025-07-22 21:35:00,146 [ERROR] LogOutputStream:75 - [STDERR_REDIRECT] 
2025-07-22 21:35:01,151 [ERROR] LogOutputStream:75 - [STDERR_REDIRECT] [Fatal Error] :1:1: Premature end of file.
2025-07-22 21:35:01,151 [ERROR] LogOutputStream:75 - [STDERR_REDIRECT] 
2025-07-22 21:35:02,151 [ERROR] LogOutputStream:75 - [STDERR_REDIRECT] [Fatal Error] :1:1: Premature end of file.
2025-07-22 21:35:02,151 [ERROR] LogOutputStream:75 - [STDERR_REDIRECT] 
2025-07-22 21:35:03,133 [ERROR] LogOutputStream:75 - [STDERR_REDIRECT] [Fatal Error] :1:1: Premature end of file.
2025-07-22 21:35:03,133 [ERROR] LogOutputStream:75 - [STDERR_REDIRECT] 
2025-07-22 21:35:04,150 [ERROR] LogOutputStream:75 - [STDERR_REDIRECT] [Fatal Error] :1:1: Premature end of file.
2025-07-22 21:35:04,150 [ERROR] LogOutputStream:75 - [STDERR_REDIRECT] 
2025-07-22 21:35:05,150 [ERROR] LogOutputStream:75 - [STDERR_REDIRECT] [Fatal Error] :1:1: Premature end of file.
2025-07-22 21:35:05,150 [ERROR] LogOutputStream:75 - [STDERR_REDIRECT] 
2025-07-22 21:35:06,151 [ERROR] LogOutputStream:75 - [STDERR_REDIRECT] [Fatal Error] :1:1: Premature end of file.
2025-07-22 21:35:06,151 [ERROR] LogOutputStream:75 - [STDERR_REDIRECT] 
2025-07-22 21:35:07,147 [ERROR] LogOutputStream:75 - [STDERR_REDIRECT] [Fatal Error] :1:1: Premature end of file.
2025-07-22 21:35:07,147 [ERROR] LogOutputStream:75 - [STDERR_REDIRECT] 
2025-07-22 21:35:08,152 [ERROR] LogOutputStream:75 - [STDERR_REDIRECT] [Fatal Error] :1:1: Premature end of file.
2025-07-22 21:35:08,152 [ERROR] LogOutputStream:75 - [STDERR_REDIRECT] 
2025-07-22 21:35:09,151 [ERROR] LogOutputStream:75 - [STDERR_REDIRECT] [Fatal Error] :1:1: Premature end of file.
2025-07-22 21:35:09,151 [ERROR] LogOutputStream:75 - [STDERR_REDIRECT] 
2025-07-22 21:35:10,149 [ERROR] LogOutputStream:75 - [STDERR_REDIRECT] [Fatal Error] :1:1: Premature end of file.
2025-07-22 21:35:10,149 [ERROR] LogOutputStream:75 - [STDERR_REDIRECT] 
2025-07-22 21:35:11,151 [ERROR] LogOutputStream:75 - [STDERR_REDIRECT] [Fatal Error] :1:1: Premature end of file.
2025-07-22 21:35:11,151 [ERROR] LogOutputStream:75 - [STDERR_REDIRECT] 
2025-07-22 21:35:12,149 [ERROR] LogOutputStream:75 - [STDERR_REDIRECT] [Fatal Error] :1:1: Premature end of file.
2025-07-22 21:35:12,150 [ERROR] LogOutputStream:75 - [STDERR_REDIRECT] 
2025-07-22 21:35:13,150 [ERROR] LogOutputStream:75 - [STDERR_REDIRECT] [Fatal Error] :1:1: Premature end of file.
2025-07-22 21:35:13,150 [ERROR] LogOutputStream:75 - [STDERR_REDIRECT] 
2025-07-22 21:35:14,135 [ERROR] LogOutputStream:75 - [STDERR_REDIRECT] [Fatal Error] :1:1: Premature end of file.
2025-07-22 21:35:14,135 [ERROR] LogOutputStream:75 - [STDERR_REDIRECT] 
2025-07-22 21:35:15,142 [ERROR] LogOutputStream:75 - [STDERR_REDIRECT] [Fatal Error] :1:1: Premature end of file.
2025-07-22 21:35:15,143 [ERROR] LogOutputStream:75 - [STDERR_REDIRECT] 
2025-07-22 21:35:16,142 [ERROR] LogOutputStream:75 - [STDERR_REDIRECT] [Fatal Error] :1:1: Premature end of file.
2025-07-22 21:35:16,142 [ERROR] LogOutputStream:75 - [STDERR_REDIRECT] 
2025-07-22 21:35:17,147 [ERROR] LogOutputStream:75 - [STDERR_REDIRECT] [Fatal Error] :1:1: Premature end of file.
2025-07-22 21:35:17,147 [ERROR] LogOutputStream:75 - [STDERR_REDIRECT] 
2025-07-22 21:35:18,142 [ERROR] LogOutputStream:75 - [STDERR_REDIRECT] [Fatal Error] :1:1: Premature end of file.
2025-07-22 21:35:18,142 [ERROR] LogOutputStream:75 - [STDERR_REDIRECT] 
2025-07-22 21:35:19,150 [ERROR] LogOutputStream:75 - [STDERR_REDIRECT] [Fatal Error] :1:1: Premature end of file.
2025-07-22 21:35:19,150 [ERROR] LogOutputStream:75 - [STDERR_REDIRECT] 
2025-07-22 21:35:20,146 [ERROR] LogOutputStream:75 - [STDERR_REDIRECT] [Fatal Error] :1:1: Premature end of file.
2025-07-22 21:35:20,146 [ERROR] LogOutputStream:75 - [STDERR_REDIRECT] 
2025-07-22 21:35:21,148 [ERROR] LogOutputStream:75 - [STDERR_REDIRECT] [Fatal Error] :1:1: Premature end of file.
2025-07-22 21:35:21,148 [ERROR] LogOutputStream:75 - [STDERR_REDIRECT] 
2025-07-22 21:35:22,142 [ERROR] LogOutputStream:75 - [STDERR_REDIRECT] [Fatal Error] :1:1: Premature end of file.
2025-07-22 21:35:22,142 [ERROR] LogOutputStream:75 - [STDERR_REDIRECT] 
2025-07-22 21:35:23,147 [ERROR] LogOutputStream:75 - [STDERR_REDIRECT] [Fatal Error] :1:1: Premature end of file.
2025-07-22 21:35:23,147 [ERROR] LogOutputStream:75 - [STDERR_REDIRECT] 
2025-07-22 21:35:24,147 [ERROR] LogOutputStream:75 - [STDERR_REDIRECT] [Fatal Error] :1:1: Premature end of file.
2025-07-22 21:35:24,148 [ERROR] LogOutputStream:75 - [STDERR_REDIRECT] 
2025-07-22 21:35:25,146 [ERROR] LogOutputStream:75 - [STDERR_REDIRECT] [Fatal Error] :1:1: Premature end of file.
2025-07-22 21:35:25,146 [ERROR] LogOutputStream:75 - [STDERR_REDIRECT] 
2025-07-22 21:35:26,150 [ERROR] LogOutputStream:75 - [STDERR_REDIRECT] [Fatal Error] :1:1: Premature end of file.
2025-07-22 21:35:26,150 [ERROR] LogOutputStream:75 - [STDERR_REDIRECT] 
2025-07-22 21:35:27,150 [ERROR] LogOutputStream:75 - [STDERR_REDIRECT] [Fatal Error] :1:1: Premature end of file.
2025-07-22 21:35:27,150 [ERROR] LogOutputStream:75 - [STDERR_REDIRECT] 
2025-07-22 21:35:28,150 [ERROR] LogOutputStream:75 - [STDERR_REDIRECT] [Fatal Error] :1:1: Premature end of file.
2025-07-22 21:35:28,150 [ERROR] LogOutputStream:75 - [STDERR_REDIRECT] 
2025-07-22 21:35:29,152 [ERROR] LogOutputStream:75 - [STDERR_REDIRECT] [Fatal Error] :1:1: Premature end of file.
2025-07-22 21:35:29,152 [ERROR] LogOutputStream:75 - [STDERR_REDIRECT] 
2025-07-22 21:35:30,150 [ERROR] LogOutputStream:75 - [STDERR_REDIRECT] [Fatal Error] :1:1: Premature end of file.
2025-07-22 21:35:30,150 [ERROR] LogOutputStream:75 - [STDERR_REDIRECT] 
2025-07-22 21:35:31,146 [ERROR] LogOutputStream:75 - [STDERR_REDIRECT] [Fatal Error] :1:1: Premature end of file.
2025-07-22 21:35:31,146 [ERROR] LogOutputStream:75 - [STDERR_REDIRECT] 
2025-07-22 21:35:32,148 [ERROR] LogOutputStream:75 - [STDERR_REDIRECT] [Fatal Error] :1:1: Premature end of file.
2025-07-22 21:35:32,148 [ERROR] LogOutputStream:75 - [STDERR_REDIRECT] 
2025-07-22 21:35:33,149 [ERROR] LogOutputStream:75 - [STDERR_REDIRECT] [Fatal Error] :1:1: Premature end of file.
2025-07-22 21:35:33,150 [ERROR] LogOutputStream:75 - [STDERR_REDIRECT] 
2025-07-22 21:35:34,148 [ERROR] LogOutputStream:75 - [STDERR_REDIRECT] [Fatal Error] :1:1: Premature end of file.
2025-07-22 21:35:34,148 [ERROR] LogOutputStream:75 - [STDERR_REDIRECT] 
2025-07-22 21:35:35,148 [ERROR] LogOutputStream:75 - [STDERR_REDIRECT] [Fatal Error] :1:1: Premature end of file.
2025-07-22 21:35:35,148 [ERROR] LogOutputStream:75 - [STDERR_REDIRECT] 
2025-07-22 21:35:36,149 [ERROR] LogOutputStream:75 - [STDERR_REDIRECT] [Fatal Error] :1:1: Premature end of file.
2025-07-22 21:35:36,149 [ERROR] LogOutputStream:75 - [STDERR_REDIRECT] 
2025-07-22 21:35:37,143 [ERROR] LogOutputStream:75 - [STDERR_REDIRECT] [Fatal Error] :1:1: Premature end of file.
2025-07-22 21:35:37,143 [ERROR] LogOutputStream:75 - [STDERR_REDIRECT] 
2025-07-22 21:35:38,131 [ERROR] LogOutputStream:75 - [STDERR_REDIRECT] [Fatal Error] :1:1: Premature end of file.
2025-07-22 21:35:38,131 [ERROR] LogOutputStream:75 - [STDERR_REDIRECT] 
2025-07-22 21:35:39,147 [ERROR] LogOutputStream:75 - [STDERR_REDIRECT] [Fatal Error] :1:1: Premature end of file.
2025-07-22 21:35:39,147 [ERROR] LogOutputStream:75 - [STDERR_REDIRECT] 
2025-07-22 21:35:40,144 [ERROR] LogOutputStream:75 - [STDERR_REDIRECT] [Fatal Error] :1:1: Premature end of file.
2025-07-22 21:35:40,144 [ERROR] LogOutputStream:75 - [STDERR_REDIRECT] 
2025-07-22 21:35:41,149 [ERROR] LogOutputStream:75 - [STDERR_REDIRECT] [Fatal Error] :1:1: Premature end of file.
2025-07-22 21:35:41,149 [ERROR] LogOutputStream:75 - [STDERR_REDIRECT] 
2025-07-22 21:35:42,135 [ERROR] LogOutputStream:75 - [STDERR_REDIRECT] [Fatal Error] :1:1: Premature end of file.
2025-07-22 21:35:42,135 [ERROR] LogOutputStream:75 - [STDERR_REDIRECT] 
2025-07-22 21:35:43,148 [ERROR] LogOutputStream:75 - [STDERR_REDIRECT] [Fatal Error] :1:1: Premature end of file.
2025-07-22 21:35:43,148 [ERROR] LogOutputStream:75 - [STDERR_REDIRECT] 
2025-07-22 21:35:44,142 [ERROR] LogOutputStream:75 - [STDERR_REDIRECT] [Fatal Error] :1:1: Premature end of file.
2025-07-22 21:35:44,142 [ERROR] LogOutputStream:75 - [STDERR_REDIRECT] 
2025-07-22 21:35:45,143 [ERROR] LogOutputStream:75 - [STDERR_REDIRECT] [Fatal Error] :1:1: Premature end of file.
2025-07-22 21:35:45,143 [ERROR] LogOutputStream:75 - [STDERR_REDIRECT] 
2025-07-22 21:35:46,144 [ERROR] LogOutputStream:75 - [STDERR_REDIRECT] [Fatal Error] :1:1: Premature end of file.
2025-07-22 21:35:46,144 [ERROR] LogOutputStream:75 - [STDERR_REDIRECT] 
2025-07-22 21:35:47,146 [ERROR] LogOutputStream:75 - [STDERR_REDIRECT] [Fatal Error] :1:1: Premature end of file.
2025-07-22 21:35:47,147 [ERROR] LogOutputStream:75 - [STDERR_REDIRECT] 
2025-07-22 21:35:48,136 [ERROR] LogOutputStream:75 - [STDERR_REDIRECT] [Fatal Error] :1:1: Premature end of file.
2025-07-22 21:35:48,136 [ERROR] LogOutputStream:75 - [STDERR_REDIRECT] 
2025-07-22 21:35:49,146 [ERROR] LogOutputStream:75 - [STDERR_REDIRECT] [Fatal Error] :1:1: Premature end of file.
2025-07-22 21:35:49,146 [ERROR] LogOutputStream:75 - [STDERR_REDIRECT] 
2025-07-22 21:35:50,146 [ERROR] LogOutputStream:75 - [STDERR_REDIRECT] [Fatal Error] :1:1: Premature end of file.
2025-07-22 21:35:50,146 [ERROR] LogOutputStream:75 - [STDERR_REDIRECT] 
2025-07-22 21:35:51,157 [ERROR] LogOutputStream:75 - [STDERR_REDIRECT] [Fatal Error] :1:1: Premature end of file.
2025-07-22 21:35:51,157 [ERROR] LogOutputStream:75 - [STDERR_REDIRECT] 
2025-07-22 21:35:52,146 [ERROR] LogOutputStream:75 - [STDERR_REDIRECT] [Fatal Error] :1:1: Premature end of file.
2025-07-22 21:35:52,146 [ERROR] LogOutputStream:75 - [STDERR_REDIRECT] 
2025-07-22 21:35:53,145 [ERROR] LogOutputStream:75 - [STDERR_REDIRECT] [Fatal Error] :1:1: Premature end of file.
2025-07-22 21:35:53,145 [ERROR] LogOutputStream:75 - [STDERR_REDIRECT] 
2025-07-22 21:35:54,147 [ERROR] LogOutputStream:75 - [STDERR_REDIRECT] [Fatal Error] :1:1: Premature end of file.
2025-07-22 21:35:54,147 [ERROR] LogOutputStream:75 - [STDERR_REDIRECT] 
2025-07-22 21:35:55,144 [ERROR] LogOutputStream:75 - [STDERR_REDIRECT] [Fatal Error] :1:1: Premature end of file.
2025-07-22 21:35:55,144 [ERROR] LogOutputStream:75 - [STDERR_REDIRECT] 
2025-07-22 21:35:56,150 [ERROR] LogOutputStream:75 - [STDERR_REDIRECT] [Fatal Error] :1:1: Premature end of file.
2025-07-22 21:35:56,150 [ERROR] LogOutputStream:75 - [STDERR_REDIRECT] 
2025-07-22 21:35:57,149 [ERROR] LogOutputStream:75 - [STDERR_REDIRECT] [Fatal Error] :1:1: Premature end of file.
2025-07-22 21:35:57,149 [ERROR] LogOutputStream:75 - [STDERR_REDIRECT] 
2025-07-22 21:35:58,145 [ERROR] LogOutputStream:75 - [STDERR_REDIRECT] [Fatal Error] :1:1: Premature end of file.
2025-07-22 21:35:58,145 [ERROR] LogOutputStream:75 - [STDERR_REDIRECT] 
2025-07-22 21:35:59,147 [ERROR] LogOutputStream:75 - [STDERR_REDIRECT] [Fatal Error] :1:1: Premature end of file.
2025-07-22 21:35:59,147 [ERROR] LogOutputStream:75 - [STDERR_REDIRECT] 
2025-07-22 21:36:00,143 [ERROR] LogOutputStream:75 - [STDERR_REDIRECT] [Fatal Error] :1:1: Premature end of file.
2025-07-22 21:36:00,143 [ERROR] LogOutputStream:75 - [STDERR_REDIRECT] 
2025-07-22 21:36:01,144 [ERROR] LogOutputStream:75 - [STDERR_REDIRECT] [Fatal Error] :1:1: Premature end of file.
2025-07-22 21:36:01,144 [ERROR] LogOutputStream:75 - [STDERR_REDIRECT] 
2025-07-22 21:36:02,146 [ERROR] LogOutputStream:75 - [STDERR_REDIRECT] [Fatal Error] :1:1: Premature end of file.
2025-07-22 21:36:02,146 [ERROR] LogOutputStream:75 - [STDERR_REDIRECT] 
2025-07-22 21:36:03,150 [ERROR] LogOutputStream:75 - [STDERR_REDIRECT] [Fatal Error] :1:1: Premature end of file.
2025-07-22 21:36:03,150 [ERROR] LogOutputStream:75 - [STDERR_REDIRECT] 
2025-07-22 21:36:04,143 [ERROR] LogOutputStream:75 - [STDERR_REDIRECT] [Fatal Error] :1:1: Premature end of file.
2025-07-22 21:36:04,143 [ERROR] LogOutputStream:75 - [STDERR_REDIRECT] 
2025-07-22 21:36:05,146 [ERROR] LogOutputStream:75 - [STDERR_REDIRECT] [Fatal Error] :1:1: Premature end of file.
2025-07-22 21:36:05,147 [ERROR] LogOutputStream:75 - [STDERR_REDIRECT] 
2025-07-22 21:36:06,145 [ERROR] LogOutputStream:75 - [STDERR_REDIRECT] [Fatal Error] :1:1: Premature end of file.
2025-07-22 21:36:06,145 [ERROR] LogOutputStream:75 - [STDERR_REDIRECT] 
2025-07-22 21:36:07,146 [ERROR] LogOutputStream:75 - [STDERR_REDIRECT] [Fatal Error] :1:1: Premature end of file.
2025-07-22 21:36:07,146 [ERROR] LogOutputStream:75 - [STDERR_REDIRECT] 
2025-07-22 21:36:08,145 [ERROR] LogOutputStream:75 - [STDERR_REDIRECT] [Fatal Error] :1:1: Premature end of file.
2025-07-22 21:36:08,145 [ERROR] LogOutputStream:75 - [STDERR_REDIRECT] 
2025-07-22 21:36:09,132 [ERROR] LogOutputStream:75 - [STDERR_REDIRECT] [Fatal Error] :1:1: Premature end of file.
2025-07-22 21:36:09,138 [ERROR] LogOutputStream:75 - [STDERR_REDIRECT] 
2025-07-22 21:36:10,147 [ERROR] LogOutputStream:75 - [STDERR_REDIRECT] [Fatal Error] :1:1: Premature end of file.
2025-07-22 21:36:10,147 [ERROR] LogOutputStream:75 - [STDERR_REDIRECT] 
2025-07-22 21:36:11,146 [ERROR] LogOutputStream:75 - [STDERR_REDIRECT] [Fatal Error] :1:1: Premature end of file.
2025-07-22 21:36:11,146 [ERROR] LogOutputStream:75 - [STDERR_REDIRECT] 
2025-07-22 21:36:12,148 [ERROR] LogOutputStream:75 - [STDERR_REDIRECT] [Fatal Error] :1:1: Premature end of file.
2025-07-22 21:36:12,148 [ERROR] LogOutputStream:75 - [STDERR_REDIRECT] 
2025-07-22 21:36:13,151 [ERROR] LogOutputStream:75 - [STDERR_REDIRECT] [Fatal Error] :1:1: Premature end of file.
2025-07-22 21:36:13,151 [ERROR] LogOutputStream:75 - [STDERR_REDIRECT] 
2025-07-22 21:36:14,149 [ERROR] LogOutputStream:75 - [STDERR_REDIRECT] [Fatal Error] :1:1: Premature end of file.
2025-07-22 21:36:14,149 [ERROR] LogOutputStream:75 - [STDERR_REDIRECT] 
2025-07-22 21:36:15,136 [ERROR] LogOutputStream:75 - [STDERR_REDIRECT] [Fatal Error] :1:1: Premature end of file.
2025-07-22 21:36:15,136 [ERROR] LogOutputStream:75 - [STDERR_REDIRECT] 
2025-07-22 21:36:16,145 [ERROR] LogOutputStream:75 - [STDERR_REDIRECT] [Fatal Error] :1:1: Premature end of file.
2025-07-22 21:36:16,146 [ERROR] LogOutputStream:75 - [STDERR_REDIRECT] 
2025-07-22 21:36:17,145 [ERROR] LogOutputStream:75 - [STDERR_REDIRECT] [Fatal Error] :1:1: Premature end of file.
2025-07-22 21:36:17,146 [ERROR] LogOutputStream:75 - [STDERR_REDIRECT] 
2025-07-22 21:36:18,144 [ERROR] LogOutputStream:75 - [STDERR_REDIRECT] [Fatal Error] :1:1: Premature end of file.
2025-07-22 21:36:18,144 [ERROR] LogOutputStream:75 - [STDERR_REDIRECT] 
2025-07-22 21:36:19,145 [ERROR] LogOutputStream:75 - [STDERR_REDIRECT] [Fatal Error] :1:1: Premature end of file.
2025-07-22 21:36:19,145 [ERROR] LogOutputStream:75 - [STDERR_REDIRECT] 
2025-07-22 21:36:20,148 [ERROR] LogOutputStream:75 - [STDERR_REDIRECT] [Fatal Error] :1:1: Premature end of file.
2025-07-22 21:36:20,148 [ERROR] LogOutputStream:75 - [STDERR_REDIRECT] 
2025-07-22 21:36:21,150 [ERROR] LogOutputStream:75 - [STDERR_REDIRECT] [Fatal Error] :1:1: Premature end of file.
2025-07-22 21:36:21,150 [ERROR] LogOutputStream:75 - [STDERR_REDIRECT] 
2025-07-22 21:36:22,149 [ERROR] LogOutputStream:75 - [STDERR_REDIRECT] [Fatal Error] :1:1: Premature end of file.
2025-07-22 21:36:22,149 [ERROR] LogOutputStream:75 - [STDERR_REDIRECT] 
2025-07-22 21:36:23,150 [ERROR] LogOutputStream:75 - [STDERR_REDIRECT] [Fatal Error] :1:1: Premature end of file.
2025-07-22 21:36:23,150 [ERROR] LogOutputStream:75 - [STDERR_REDIRECT] 
2025-07-22 21:36:24,149 [ERROR] LogOutputStream:75 - [STDERR_REDIRECT] [Fatal Error] :1:1: Premature end of file.
2025-07-22 21:36:24,149 [ERROR] LogOutputStream:75 - [STDERR_REDIRECT] 
2025-07-22 21:36:25,149 [ERROR] LogOutputStream:75 - [STDERR_REDIRECT] [Fatal Error] :1:1: Premature end of file.
2025-07-22 21:36:25,149 [ERROR] LogOutputStream:75 - [STDERR_REDIRECT] 
2025-07-22 21:36:26,149 [ERROR] LogOutputStream:75 - [STDERR_REDIRECT] [Fatal Error] :1:1: Premature end of file.
2025-07-22 21:36:26,149 [ERROR] LogOutputStream:75 - [STDERR_REDIRECT] 
2025-07-22 21:36:27,150 [ERROR] LogOutputStream:75 - [STDERR_REDIRECT] [Fatal Error] :1:1: Premature end of file.
2025-07-22 21:36:27,151 [ERROR] LogOutputStream:75 - [STDERR_REDIRECT] 
2025-07-22 21:36:28,149 [ERROR] LogOutputStream:75 - [STDERR_REDIRECT] [Fatal Error] :1:1: Premature end of file.
2025-07-22 21:36:28,149 [ERROR] LogOutputStream:75 - [STDERR_REDIRECT] 
2025-07-22 21:36:29,150 [ERROR] LogOutputStream:75 - [STDERR_REDIRECT] [Fatal Error] :1:1: Premature end of file.
2025-07-22 21:36:29,150 [ERROR] LogOutputStream:75 - [STDERR_REDIRECT] 
2025-07-22 21:36:30,147 [ERROR] LogOutputStream:75 - [STDERR_REDIRECT] [Fatal Error] :1:1: Premature end of file.
2025-07-22 21:36:30,147 [ERROR] LogOutputStream:75 - [STDERR_REDIRECT] 
2025-07-22 21:36:31,147 [ERROR] LogOutputStream:75 - [STDERR_REDIRECT] [Fatal Error] :1:1: Premature end of file.
2025-07-22 21:36:31,147 [ERROR] LogOutputStream:75 - [STDERR_REDIRECT] 
2025-07-22 21:36:32,144 [ERROR] LogOutputStream:75 - [STDERR_REDIRECT] [Fatal Error] :1:1: Premature end of file.
2025-07-22 21:36:32,144 [ERROR] LogOutputStream:75 - [STDERR_REDIRECT] 
2025-07-22 21:36:33,149 [ERROR] LogOutputStream:75 - [STDERR_REDIRECT] [Fatal Error] :1:1: Premature end of file.
2025-07-22 21:36:33,150 [ERROR] LogOutputStream:75 - [STDERR_REDIRECT] 
2025-07-22 21:36:34,149 [ERROR] LogOutputStream:75 - [STDERR_REDIRECT] [Fatal Error] :1:1: Premature end of file.
2025-07-22 21:36:34,149 [ERROR] LogOutputStream:75 - [STDERR_REDIRECT] 
2025-07-22 21:36:35,148 [ERROR] LogOutputStream:75 - [STDERR_REDIRECT] [Fatal Error] :1:1: Premature end of file.
2025-07-22 21:36:35,148 [ERROR] LogOutputStream:75 - [STDERR_REDIRECT] 
2025-07-22 21:36:36,148 [ERROR] LogOutputStream:75 - [STDERR_REDIRECT] [Fatal Error] :1:1: Premature end of file.
2025-07-22 21:36:36,148 [ERROR] LogOutputStream:75 - [STDERR_REDIRECT] 
2025-07-22 21:36:37,150 [ERROR] LogOutputStream:75 - [STDERR_REDIRECT] [Fatal Error] :1:1: Premature end of file.
2025-07-22 21:36:37,150 [ERROR] LogOutputStream:75 - [STDERR_REDIRECT] 
2025-07-22 21:36:38,154 [ERROR] LogOutputStream:75 - [STDERR_REDIRECT] [Fatal Error] :1:1: Premature end of file.
2025-07-22 21:36:38,155 [ERROR] LogOutputStream:75 - [STDERR_REDIRECT] 
2025-07-22 21:36:39,146 [ERROR] LogOutputStream:75 - [STDERR_REDIRECT] [Fatal Error] :1:1: Premature end of file.
2025-07-22 21:36:39,146 [ERROR] LogOutputStream:75 - [STDERR_REDIRECT] 
2025-07-22 21:36:40,149 [ERROR] LogOutputStream:75 - [STDERR_REDIRECT] [Fatal Error] :1:1: Premature end of file.
2025-07-22 21:36:40,149 [ERROR] LogOutputStream:75 - [STDERR_REDIRECT] 
2025-07-22 21:36:41,150 [ERROR] LogOutputStream:75 - [STDERR_REDIRECT] [Fatal Error] :1:1: Premature end of file.
2025-07-22 21:36:41,150 [ERROR] LogOutputStream:75 - [STDERR_REDIRECT] 
2025-07-22 21:36:42,149 [ERROR] LogOutputStream:75 - [STDERR_REDIRECT] [Fatal Error] :1:1: Premature end of file.
2025-07-22 21:36:42,149 [ERROR] LogOutputStream:75 - [STDERR_REDIRECT] 
2025-07-22 21:36:43,149 [ERROR] LogOutputStream:75 - [STDERR_REDIRECT] [Fatal Error] :1:1: Premature end of file.
2025-07-22 21:36:43,149 [ERROR] LogOutputStream:75 - [STDERR_REDIRECT] 
2025-07-22 21:36:44,152 [ERROR] LogOutputStream:75 - [STDERR_REDIRECT] [Fatal Error] :1:1: Premature end of file.
2025-07-22 21:36:44,152 [ERROR] LogOutputStream:75 - [STDERR_REDIRECT] 
2025-07-22 21:36:45,145 [ERROR] LogOutputStream:75 - [STDERR_REDIRECT] [Fatal Error] :1:1: Premature end of file.
2025-07-22 21:36:45,145 [ERROR] LogOutputStream:75 - [STDERR_REDIRECT] 
2025-07-22 21:36:46,144 [ERROR] LogOutputStream:75 - [STDERR_REDIRECT] [Fatal Error] :1:1: Premature end of file.
2025-07-22 21:36:46,144 [ERROR] LogOutputStream:75 - [STDERR_REDIRECT] 
2025-07-22 21:36:47,132 [ERROR] LogOutputStream:75 - [STDERR_REDIRECT] [Fatal Error] :1:1: Premature end of file.
2025-07-22 21:36:47,132 [ERROR] LogOutputStream:75 - [STDERR_REDIRECT] 
2025-07-22 21:36:48,144 [ERROR] LogOutputStream:75 - [STDERR_REDIRECT] [Fatal Error] :1:1: Premature end of file.
2025-07-22 21:36:48,144 [ERROR] LogOutputStream:75 - [STDERR_REDIRECT] 
2025-07-22 21:36:49,146 [ERROR] LogOutputStream:75 - [STDERR_REDIRECT] [Fatal Error] :1:1: Premature end of file.
2025-07-22 21:36:49,146 [ERROR] LogOutputStream:75 - [STDERR_REDIRECT] 
2025-07-22 21:36:50,151 [ERROR] LogOutputStream:75 - [STDERR_REDIRECT] [Fatal Error] :1:1: Premature end of file.
2025-07-22 21:36:50,151 [ERROR] LogOutputStream:75 - [STDERR_REDIRECT] 
2025-07-22 21:36:51,150 [ERROR] LogOutputStream:75 - [STDERR_REDIRECT] [Fatal Error] :1:1: Premature end of file.
2025-07-22 21:36:51,150 [ERROR] LogOutputStream:75 - [STDERR_REDIRECT] 
2025-07-22 21:36:52,149 [ERROR] LogOutputStream:75 - [STDERR_REDIRECT] [Fatal Error] :1:1: Premature end of file.
2025-07-22 21:36:52,149 [ERROR] LogOutputStream:75 - [STDERR_REDIRECT] 
2025-07-22 21:36:53,149 [ERROR] LogOutputStream:75 - [STDERR_REDIRECT] [Fatal Error] :1:1: Premature end of file.
2025-07-22 21:36:53,149 [ERROR] LogOutputStream:75 - [STDERR_REDIRECT] 
2025-07-22 21:36:54,146 [ERROR] LogOutputStream:75 - [STDERR_REDIRECT] [Fatal Error] :1:1: Premature end of file.
2025-07-22 21:36:54,147 [ERROR] LogOutputStream:75 - [STDERR_REDIRECT] 
2025-07-22 21:36:55,148 [ERROR] LogOutputStream:75 - [STDERR_REDIRECT] [Fatal Error] :1:1: Premature end of file.
2025-07-22 21:36:55,148 [ERROR] LogOutputStream:75 - [STDERR_REDIRECT] 
2025-07-22 21:36:56,152 [ERROR] LogOutputStream:75 - [STDERR_REDIRECT] [Fatal Error] :1:1: Premature end of file.
2025-07-22 21:36:56,152 [ERROR] LogOutputStream:75 - [STDERR_REDIRECT] 
2025-07-22 21:36:57,149 [ERROR] LogOutputStream:75 - [STDERR_REDIRECT] [Fatal Error] :1:1: Premature end of file.
2025-07-22 21:36:57,149 [ERROR] LogOutputStream:75 - [STDERR_REDIRECT] 
2025-07-22 21:36:58,150 [ERROR] LogOutputStream:75 - [STDERR_REDIRECT] [Fatal Error] :1:1: Premature end of file.
2025-07-22 21:36:58,150 [ERROR] LogOutputStream:75 - [STDERR_REDIRECT] 
2025-07-22 21:36:59,151 [ERROR] LogOutputStream:75 - [STDERR_REDIRECT] [Fatal Error] :1:1: Premature end of file.
2025-07-22 21:36:59,152 [ERROR] LogOutputStream:75 - [STDERR_REDIRECT] 
2025-07-22 21:37:00,149 [ERROR] LogOutputStream:75 - [STDERR_REDIRECT] [Fatal Error] :1:1: Premature end of file.
2025-07-22 21:37:00,149 [ERROR] LogOutputStream:75 - [STDERR_REDIRECT] 
2025-07-22 21:37:01,149 [ERROR] LogOutputStream:75 - [STDERR_REDIRECT] [Fatal Error] :1:1: Premature end of file.
2025-07-22 21:37:01,149 [ERROR] LogOutputStream:75 - [STDERR_REDIRECT] 
2025-07-22 21:37:02,156 [ERROR] LogOutputStream:75 - [STDERR_REDIRECT] [Fatal Error] :1:1: Premature end of file.
2025-07-22 21:37:02,156 [ERROR] LogOutputStream:75 - [STDERR_REDIRECT] 
2025-07-22 21:37:03,151 [ERROR] LogOutputStream:75 - [STDERR_REDIRECT] [Fatal Error] :1:1: Premature end of file.
2025-07-22 21:37:03,152 [ERROR] LogOutputStream:75 - [STDERR_REDIRECT] 
2025-07-22 21:37:04,151 [ERROR] LogOutputStream:75 - [STDERR_REDIRECT] [Fatal Error] :1:1: Premature end of file.
2025-07-22 21:37:04,152 [ERROR] LogOutputStream:75 - [STDERR_REDIRECT] 
2025-07-22 21:37:05,150 [ERROR] LogOutputStream:75 - [STDERR_REDIRECT] [Fatal Error] :1:1: Premature end of file.
2025-07-22 21:37:05,150 [ERROR] LogOutputStream:75 - [STDERR_REDIRECT] 
2025-07-22 21:37:06,149 [ERROR] LogOutputStream:75 - [STDERR_REDIRECT] [Fatal Error] :1:1: Premature end of file.
2025-07-22 21:37:06,149 [ERROR] LogOutputStream:75 - [STDERR_REDIRECT] 
2025-07-22 21:37:07,147 [ERROR] LogOutputStream:75 - [STDERR_REDIRECT] [Fatal Error] :1:1: Premature end of file.
2025-07-22 21:37:07,147 [ERROR] LogOutputStream:75 - [STDERR_REDIRECT] 
2025-07-22 21:37:08,156 [ERROR] LogOutputStream:75 - [STDERR_REDIRECT] [Fatal Error] :1:1: Premature end of file.
2025-07-22 21:37:08,156 [ERROR] LogOutputStream:75 - [STDERR_REDIRECT] 
2025-07-22 21:37:09,152 [ERROR] LogOutputStream:75 - [STDERR_REDIRECT] [Fatal Error] :1:1: Premature end of file.
2025-07-22 21:37:09,152 [ERROR] LogOutputStream:75 - [STDERR_REDIRECT] 
2025-07-22 21:37:10,150 [ERROR] LogOutputStream:75 - [STDERR_REDIRECT] [Fatal Error] :1:1: Premature end of file.
2025-07-22 21:37:10,150 [ERROR] LogOutputStream:75 - [STDERR_REDIRECT] 
2025-07-22 21:37:11,149 [ERROR] LogOutputStream:75 - [STDERR_REDIRECT] [Fatal Error] :1:1: Premature end of file.
2025-07-22 21:37:11,149 [ERROR] LogOutputStream:75 - [STDERR_REDIRECT] 
2025-07-22 21:37:12,145 [ERROR] LogOutputStream:75 - [STDERR_REDIRECT] [Fatal Error] :1:1: Premature end of file.
2025-07-22 21:37:12,145 [ERROR] LogOutputStream:75 - [STDERR_REDIRECT] 
2025-07-22 21:37:13,148 [ERROR] LogOutputStream:75 - [STDERR_REDIRECT] [Fatal Error] :1:1: Premature end of file.
2025-07-22 21:37:13,148 [ERROR] LogOutputStream:75 - [STDERR_REDIRECT] 
2025-07-22 21:37:14,149 [ERROR] LogOutputStream:75 - [STDERR_REDIRECT] [Fatal Error] :1:1: Premature end of file.
2025-07-22 21:37:14,149 [ERROR] LogOutputStream:75 - [STDERR_REDIRECT] 
2025-07-22 21:37:15,148 [ERROR] LogOutputStream:75 - [STDERR_REDIRECT] [Fatal Error] :1:1: Premature end of file.
2025-07-22 21:37:15,148 [ERROR] LogOutputStream:75 - [STDERR_REDIRECT] 
2025-07-22 21:37:16,149 [ERROR] LogOutputStream:75 - [STDERR_REDIRECT] [Fatal Error] :1:1: Premature end of file.
2025-07-22 21:37:16,149 [ERROR] LogOutputStream:75 - [STDERR_REDIRECT] 
2025-07-22 21:37:17,149 [ERROR] LogOutputStream:75 - [STDERR_REDIRECT] [Fatal Error] :1:1: Premature end of file.
2025-07-22 21:37:17,149 [ERROR] LogOutputStream:75 - [STDERR_REDIRECT] 
2025-07-22 21:37:18,141 [ERROR] LogOutputStream:75 - [STDERR_REDIRECT] [Fatal Error] :1:1: Premature end of file.
2025-07-22 21:37:18,142 [ERROR] LogOutputStream:75 - [STDERR_REDIRECT] 
2025-07-22 21:37:19,148 [ERROR] LogOutputStream:75 - [STDERR_REDIRECT] [Fatal Error] :1:1: Premature end of file.
2025-07-22 21:37:19,148 [ERROR] LogOutputStream:75 - [STDERR_REDIRECT] 
2025-07-22 21:37:20,152 [ERROR] LogOutputStream:75 - [STDERR_REDIRECT] [Fatal Error] :1:1: Premature end of file.
2025-07-22 21:37:20,152 [ERROR] LogOutputStream:75 - [STDERR_REDIRECT] 
2025-07-22 21:37:21,148 [ERROR] LogOutputStream:75 - [STDERR_REDIRECT] [Fatal Error] :1:1: Premature end of file.
2025-07-22 21:37:21,148 [ERROR] LogOutputStream:75 - [STDERR_REDIRECT] 
2025-07-22 21:37:22,145 [ERROR] LogOutputStream:75 - [STDERR_REDIRECT] [Fatal Error] :1:1: Premature end of file.
2025-07-22 21:37:22,145 [ERROR] LogOutputStream:75 - [STDERR_REDIRECT] 
2025-07-22 21:37:23,147 [ERROR] LogOutputStream:75 - [STDERR_REDIRECT] [Fatal Error] :1:1: Premature end of file.
2025-07-22 21:37:23,148 [ERROR] LogOutputStream:75 - [STDERR_REDIRECT] 
2025-07-22 21:37:24,150 [ERROR] LogOutputStream:75 - [STDERR_REDIRECT] [Fatal Error] :1:1: Premature end of file.
2025-07-22 21:37:24,150 [ERROR] LogOutputStream:75 - [STDERR_REDIRECT] 
2025-07-22 21:37:25,149 [ERROR] LogOutputStream:75 - [STDERR_REDIRECT] [Fatal Error] :1:1: Premature end of file.
2025-07-22 21:37:25,150 [ERROR] LogOutputStream:75 - [STDERR_REDIRECT] 
2025-07-22 21:37:26,149 [ERROR] LogOutputStream:75 - [STDERR_REDIRECT] [Fatal Error] :1:1: Premature end of file.
2025-07-22 21:37:26,149 [ERROR] LogOutputStream:75 - [STDERR_REDIRECT] 
2025-07-22 21:37:27,148 [ERROR] LogOutputStream:75 - [STDERR_REDIRECT] [Fatal Error] :1:1: Premature end of file.
2025-07-22 21:37:27,148 [ERROR] LogOutputStream:75 - [STDERR_REDIRECT] 
2025-07-22 21:37:28,147 [ERROR] LogOutputStream:75 - [STDERR_REDIRECT] [Fatal Error] :1:1: Premature end of file.
2025-07-22 21:37:28,147 [ERROR] LogOutputStream:75 - [STDERR_REDIRECT] 
2025-07-22 21:37:29,144 [ERROR] LogOutputStream:75 - [STDERR_REDIRECT] [Fatal Error] :1:1: Premature end of file.
2025-07-22 21:37:29,144 [ERROR] LogOutputStream:75 - [STDERR_REDIRECT] 
2025-07-22 21:37:30,150 [ERROR] LogOutputStream:75 - [STDERR_REDIRECT] [Fatal Error] :1:1: Premature end of file.
2025-07-22 21:37:30,150 [ERROR] LogOutputStream:75 - [STDERR_REDIRECT] 
2025-07-22 21:37:31,144 [ERROR] LogOutputStream:75 - [STDERR_REDIRECT] [Fatal Error] :1:1: Premature end of file.
2025-07-22 21:37:31,144 [ERROR] LogOutputStream:75 - [STDERR_REDIRECT] 
2025-07-22 21:37:32,151 [ERROR] LogOutputStream:75 - [STDERR_REDIRECT] [Fatal Error] :1:1: Premature end of file.
2025-07-22 21:37:32,151 [ERROR] LogOutputStream:75 - [STDERR_REDIRECT] 
2025-07-22 21:37:33,149 [ERROR] LogOutputStream:75 - [STDERR_REDIRECT] [Fatal Error] :1:1: Premature end of file.
2025-07-22 21:37:33,149 [ERROR] LogOutputStream:75 - [STDERR_REDIRECT] 
2025-07-22 21:37:34,151 [ERROR] LogOutputStream:75 - [STDERR_REDIRECT] [Fatal Error] :1:1: Premature end of file.
2025-07-22 21:37:34,151 [ERROR] LogOutputStream:75 - [STDERR_REDIRECT] 
2025-07-22 21:37:35,151 [ERROR] LogOutputStream:75 - [STDERR_REDIRECT] [Fatal Error] :1:1: Premature end of file.
2025-07-22 21:37:35,151 [ERROR] LogOutputStream:75 - [STDERR_REDIRECT] 
2025-07-22 21:37:36,149 [ERROR] LogOutputStream:75 - [STDERR_REDIRECT] [Fatal Error] :1:1: Premature end of file.
2025-07-22 21:37:36,149 [ERROR] LogOutputStream:75 - [STDERR_REDIRECT] 
2025-07-22 21:37:37,151 [ERROR] LogOutputStream:75 - [STDERR_REDIRECT] [Fatal Error] :1:1: Premature end of file.
2025-07-22 21:37:37,151 [ERROR] LogOutputStream:75 - [STDERR_REDIRECT] 
2025-07-22 21:37:38,145 [ERROR] LogOutputStream:75 - [STDERR_REDIRECT] [Fatal Error] :1:1: Premature end of file.
2025-07-22 21:37:38,145 [ERROR] LogOutputStream:75 - [STDERR_REDIRECT] 
2025-07-22 21:37:39,150 [ERROR] LogOutputStream:75 - [STDERR_REDIRECT] [Fatal Error] :1:1: Premature end of file.
2025-07-22 21:37:39,150 [ERROR] LogOutputStream:75 - [STDERR_REDIRECT] 
2025-07-22 21:37:40,137 [ERROR] LogOutputStream:75 - [STDERR_REDIRECT] [Fatal Error] :1:1: Premature end of file.
2025-07-22 21:37:40,137 [ERROR] LogOutputStream:75 - [STDERR_REDIRECT] 
2025-07-22 21:37:41,146 [ERROR] LogOutputStream:75 - [STDERR_REDIRECT] [Fatal Error] :1:1: Premature end of file.
2025-07-22 21:37:41,146 [ERROR] LogOutputStream:75 - [STDERR_REDIRECT] 
2025-07-22 21:37:42,134 [ERROR] LogOutputStream:75 - [STDERR_REDIRECT] [Fatal Error] :1:1: Premature end of file.
2025-07-22 21:37:42,134 [ERROR] LogOutputStream:75 - [STDERR_REDIRECT] 
2025-07-22 21:37:43,149 [ERROR] LogOutputStream:75 - [STDERR_REDIRECT] [Fatal Error] :1:1: Premature end of file.
2025-07-22 21:37:43,149 [ERROR] LogOutputStream:75 - [STDERR_REDIRECT] 
2025-07-22 21:37:44,159 [ERROR] LogOutputStream:75 - [STDERR_REDIRECT] [Fatal Error] :1:1: Premature end of file.
2025-07-22 21:37:44,159 [ERROR] LogOutputStream:75 - [STDERR_REDIRECT] 
2025-07-22 21:37:45,147 [ERROR] LogOutputStream:75 - [STDERR_REDIRECT] [Fatal Error] :1:1: Premature end of file.
2025-07-22 21:37:45,147 [ERROR] LogOutputStream:75 - [STDERR_REDIRECT] 
2025-07-22 21:37:46,147 [ERROR] LogOutputStream:75 - [STDERR_REDIRECT] [Fatal Error] :1:1: Premature end of file.
2025-07-22 21:37:46,147 [ERROR] LogOutputStream:75 - [STDERR_REDIRECT] 
2025-07-22 21:37:47,150 [ERROR] LogOutputStream:75 - [STDERR_REDIRECT] [Fatal Error] :1:1: Premature end of file.
2025-07-22 21:37:47,150 [ERROR] LogOutputStream:75 - [STDERR_REDIRECT] 
2025-07-22 21:37:48,132 [ERROR] LogOutputStream:75 - [STDERR_REDIRECT] [Fatal Error] :1:1: Premature end of file.
2025-07-22 21:37:48,132 [ERROR] LogOutputStream:75 - [STDERR_REDIRECT] 
2025-07-22 21:37:49,131 [ERROR] LogOutputStream:75 - [STDERR_REDIRECT] [Fatal Error] :1:1: Premature end of file.
2025-07-22 21:37:49,131 [ERROR] LogOutputStream:75 - [STDERR_REDIRECT] 
2025-07-22 21:37:50,130 [ERROR] LogOutputStream:75 - [STDERR_REDIRECT] [Fatal Error] :1:1: Premature end of file.
2025-07-22 21:37:50,130 [ERROR] LogOutputStream:75 - [STDERR_REDIRECT] 
2025-07-22 21:37:51,132 [ERROR] LogOutputStream:75 - [STDERR_REDIRECT] [Fatal Error] :1:1: Premature end of file.
2025-07-22 21:37:51,132 [ERROR] LogOutputStream:75 - [STDERR_REDIRECT] 
2025-07-22 21:37:52,132 [ERROR] LogOutputStream:75 - [STDERR_REDIRECT] [Fatal Error] :1:1: Premature end of file.
2025-07-22 21:37:52,132 [ERROR] LogOutputStream:75 - [STDERR_REDIRECT] 
2025-07-22 21:37:53,129 [ERROR] LogOutputStream:75 - [STDERR_REDIRECT] [Fatal Error] :1:1: Premature end of file.
2025-07-22 21:37:53,129 [ERROR] LogOutputStream:75 - [STDERR_REDIRECT] 
2025-07-22 21:37:54,144 [ERROR] LogOutputStream:75 - [STDERR_REDIRECT] [Fatal Error] :1:1: Premature end of file.
2025-07-22 21:37:54,144 [ERROR] LogOutputStream:75 - [STDERR_REDIRECT] 
2025-07-22 21:37:55,151 [ERROR] LogOutputStream:75 - [STDERR_REDIRECT] [Fatal Error] :1:1: Premature end of file.
2025-07-22 21:37:55,151 [ERROR] LogOutputStream:75 - [STDERR_REDIRECT] 
2025-07-22 21:37:56,147 [ERROR] LogOutputStream:75 - [STDERR_REDIRECT] [Fatal Error] :1:1: Premature end of file.
2025-07-22 21:37:56,147 [ERROR] LogOutputStream:75 - [STDERR_REDIRECT] 
2025-07-22 21:37:57,160 [ERROR] LogOutputStream:75 - [STDERR_REDIRECT] [Fatal Error] :1:1: Premature end of file.
2025-07-22 21:37:57,160 [ERROR] LogOutputStream:75 - [STDERR_REDIRECT] 
2025-07-22 21:37:58,145 [ERROR] LogOutputStream:75 - [STDERR_REDIRECT] [Fatal Error] :1:1: Premature end of file.
2025-07-22 21:37:58,146 [ERROR] LogOutputStream:75 - [STDERR_REDIRECT] 
2025-07-22 21:37:59,151 [ERROR] LogOutputStream:75 - [STDERR_REDIRECT] [Fatal Error] :1:1: Premature end of file.
2025-07-22 21:37:59,151 [ERROR] LogOutputStream:75 - [STDERR_REDIRECT] 
2025-07-22 21:38:00,140 [ERROR] LogOutputStream:75 - [STDERR_REDIRECT] [Fatal Error] :1:1: Premature end of file.
2025-07-22 21:38:00,140 [ERROR] LogOutputStream:75 - [STDERR_REDIRECT] 
2025-07-22 21:38:01,134 [ERROR] LogOutputStream:75 - [STDERR_REDIRECT] [Fatal Error] :1:1: Premature end of file.
2025-07-22 21:38:01,134 [ERROR] LogOutputStream:75 - [STDERR_REDIRECT] 
2025-07-22 21:38:02,133 [ERROR] LogOutputStream:75 - [STDERR_REDIRECT] [Fatal Error] :1:1: Premature end of file.
2025-07-22 21:38:02,133 [ERROR] LogOutputStream:75 - [STDERR_REDIRECT] 
2025-07-22 21:38:03,142 [ERROR] LogOutputStream:75 - [STDERR_REDIRECT] [Fatal Error] :1:1: Premature end of file.
2025-07-22 21:38:03,142 [ERROR] LogOutputStream:75 - [STDERR_REDIRECT] 
2025-07-22 21:38:04,146 [ERROR] LogOutputStream:75 - [STDERR_REDIRECT] [Fatal Error] :1:1: Premature end of file.
2025-07-22 21:38:04,146 [ERROR] LogOutputStream:75 - [STDERR_REDIRECT] 
2025-07-22 21:38:05,147 [ERROR] LogOutputStream:75 - [STDERR_REDIRECT] [Fatal Error] :1:1: Premature end of file.
2025-07-22 21:38:05,147 [ERROR] LogOutputStream:75 - [STDERR_REDIRECT] 
2025-07-22 21:38:06,148 [ERROR] LogOutputStream:75 - [STDERR_REDIRECT] [Fatal Error] :1:1: Premature end of file.
2025-07-22 21:38:06,149 [ERROR] LogOutputStream:75 - [STDERR_REDIRECT] 
2025-07-22 21:38:07,147 [ERROR] LogOutputStream:75 - [STDERR_REDIRECT] [Fatal Error] :1:1: Premature end of file.
2025-07-22 21:38:07,147 [ERROR] LogOutputStream:75 - [STDERR_REDIRECT] 
2025-07-22 21:38:08,151 [ERROR] LogOutputStream:75 - [STDERR_REDIRECT] [Fatal Error] :1:1: Premature end of file.
2025-07-22 21:38:08,151 [ERROR] LogOutputStream:75 - [STDERR_REDIRECT] 
2025-07-22 21:38:09,147 [ERROR] LogOutputStream:75 - [STDERR_REDIRECT] [Fatal Error] :1:1: Premature end of file.
2025-07-22 21:38:09,147 [ERROR] LogOutputStream:75 - [STDERR_REDIRECT] 
2025-07-22 21:38:10,135 [ERROR] LogOutputStream:75 - [STDERR_REDIRECT] [Fatal Error] :1:1: Premature end of file.
2025-07-22 21:38:10,135 [ERROR] LogOutputStream:75 - [STDERR_REDIRECT] 
2025-07-22 21:38:11,148 [ERROR] LogOutputStream:75 - [STDERR_REDIRECT] [Fatal Error] :1:1: Premature end of file.
2025-07-22 21:38:11,148 [ERROR] LogOutputStream:75 - [STDERR_REDIRECT] 
2025-07-22 21:38:12,145 [ERROR] LogOutputStream:75 - [STDERR_REDIRECT] [Fatal Error] :1:1: Premature end of file.
2025-07-22 21:38:12,145 [ERROR] LogOutputStream:75 - [STDERR_REDIRECT] 
2025-07-22 21:38:13,148 [ERROR] LogOutputStream:75 - [STDERR_REDIRECT] [Fatal Error] :1:1: Premature end of file.
2025-07-22 21:38:13,148 [ERROR] LogOutputStream:75 - [STDERR_REDIRECT] 
2025-07-22 21:38:14,138 [ERROR] LogOutputStream:75 - [STDERR_REDIRECT] [Fatal Error] :1:1: Premature end of file.
2025-07-22 21:38:14,138 [ERROR] LogOutputStream:75 - [STDERR_REDIRECT] 
2025-07-22 21:38:15,146 [ERROR] LogOutputStream:75 - [STDERR_REDIRECT] [Fatal Error] :1:1: Premature end of file.
2025-07-22 21:38:15,146 [ERROR] LogOutputStream:75 - [STDERR_REDIRECT] 
2025-07-22 21:38:16,148 [ERROR] LogOutputStream:75 - [STDERR_REDIRECT] [Fatal Error] :1:1: Premature end of file.
2025-07-22 21:38:16,148 [ERROR] LogOutputStream:75 - [STDERR_REDIRECT] 
2025-07-22 21:38:17,148 [ERROR] LogOutputStream:75 - [STDERR_REDIRECT] [Fatal Error] :1:1: Premature end of file.
2025-07-22 21:38:17,148 [ERROR] LogOutputStream:75 - [STDERR_REDIRECT] 
2025-07-22 21:38:18,148 [ERROR] LogOutputStream:75 - [STDERR_REDIRECT] [Fatal Error] :1:1: Premature end of file.
2025-07-22 21:38:18,148 [ERROR] LogOutputStream:75 - [STDERR_REDIRECT] 
2025-07-22 21:38:19,153 [ERROR] LogOutputStream:75 - [STDERR_REDIRECT] [Fatal Error] :1:1: Premature end of file.
2025-07-22 21:38:19,153 [ERROR] LogOutputStream:75 - [STDERR_REDIRECT] 
2025-07-22 21:38:20,146 [ERROR] LogOutputStream:75 - [STDERR_REDIRECT] [Fatal Error] :1:1: Premature end of file.
2025-07-22 21:38:20,147 [ERROR] LogOutputStream:75 - [STDERR_REDIRECT] 
2025-07-22 21:38:21,134 [ERROR] LogOutputStream:75 - [STDERR_REDIRECT] [Fatal Error] :1:1: Premature end of file.
2025-07-22 21:38:21,134 [ERROR] LogOutputStream:75 - [STDERR_REDIRECT] 
2025-07-22 21:38:22,149 [ERROR] LogOutputStream:75 - [STDERR_REDIRECT] [Fatal Error] :1:1: Premature end of file.
2025-07-22 21:38:22,149 [ERROR] LogOutputStream:75 - [STDERR_REDIRECT] 
2025-07-22 21:38:23,152 [ERROR] LogOutputStream:75 - [STDERR_REDIRECT] [Fatal Error] :1:1: Premature end of file.
2025-07-22 21:38:23,152 [ERROR] LogOutputStream:75 - [STDERR_REDIRECT] 
2025-07-22 21:38:24,150 [ERROR] LogOutputStream:75 - [STDERR_REDIRECT] [Fatal Error] :1:1: Premature end of file.
2025-07-22 21:38:24,150 [ERROR] LogOutputStream:75 - [STDERR_REDIRECT] 
2025-07-22 21:38:25,150 [ERROR] LogOutputStream:75 - [STDERR_REDIRECT] [Fatal Error] :1:1: Premature end of file.
2025-07-22 21:38:25,150 [ERROR] LogOutputStream:75 - [STDERR_REDIRECT] 
2025-07-22 21:38:26,148 [ERROR] LogOutputStream:75 - [STDERR_REDIRECT] [Fatal Error] :1:1: Premature end of file.
2025-07-22 21:38:26,148 [ERROR] LogOutputStream:75 - [STDERR_REDIRECT] 
2025-07-22 21:38:27,148 [ERROR] LogOutputStream:75 - [STDERR_REDIRECT] [Fatal Error] :1:1: Premature end of file.
2025-07-22 21:38:27,148 [ERROR] LogOutputStream:75 - [STDERR_REDIRECT] 
2025-07-22 21:38:28,151 [ERROR] LogOutputStream:75 - [STDERR_REDIRECT] [Fatal Error] :1:1: Premature end of file.
2025-07-22 21:38:28,151 [ERROR] LogOutputStream:75 - [STDERR_REDIRECT] 
2025-07-22 21:38:29,150 [ERROR] LogOutputStream:75 - [STDERR_REDIRECT] [Fatal Error] :1:1: Premature end of file.
2025-07-22 21:38:29,150 [ERROR] LogOutputStream:75 - [STDERR_REDIRECT] 
2025-07-22 21:38:30,150 [ERROR] LogOutputStream:75 - [STDERR_REDIRECT] [Fatal Error] :1:1: Premature end of file.
2025-07-22 21:38:30,150 [ERROR] LogOutputStream:75 - [STDERR_REDIRECT] 
2025-07-22 21:38:31,156 [ERROR] LogOutputStream:75 - [STDERR_REDIRECT] [Fatal Error] :1:1: Premature end of file.
2025-07-22 21:38:31,156 [ERROR] LogOutputStream:75 - [STDERR_REDIRECT] 
2025-07-22 21:38:32,152 [ERROR] LogOutputStream:75 - [STDERR_REDIRECT] [Fatal Error] :1:1: Premature end of file.
2025-07-22 21:38:32,152 [ERROR] LogOutputStream:75 - [STDERR_REDIRECT] 
2025-07-22 21:38:33,149 [ERROR] LogOutputStream:75 - [STDERR_REDIRECT] [Fatal Error] :1:1: Premature end of file.
2025-07-22 21:38:33,149 [ERROR] LogOutputStream:75 - [STDERR_REDIRECT] 
2025-07-22 21:38:34,150 [ERROR] LogOutputStream:75 - [STDERR_REDIRECT] [Fatal Error] :1:1: Premature end of file.
2025-07-22 21:38:34,150 [ERROR] LogOutputStream:75 - [STDERR_REDIRECT] 
2025-07-22 21:38:35,152 [ERROR] LogOutputStream:75 - [STDERR_REDIRECT] [Fatal Error] :1:1: Premature end of file.
2025-07-22 21:38:35,152 [ERROR] LogOutputStream:75 - [STDERR_REDIRECT] 
2025-07-22 21:38:36,146 [ERROR] LogOutputStream:75 - [STDERR_REDIRECT] [Fatal Error] :1:1: Premature end of file.
2025-07-22 21:38:36,146 [ERROR] LogOutputStream:75 - [STDERR_REDIRECT] 
2025-07-22 21:38:37,156 [ERROR] LogOutputStream:75 - [STDERR_REDIRECT] [Fatal Error] :1:1: Premature end of file.
2025-07-22 21:38:37,161 [ERROR] LogOutputStream:75 - [STDERR_REDIRECT] 
2025-07-22 21:38:38,150 [ERROR] LogOutputStream:75 - [STDERR_REDIRECT] [Fatal Error] :1:1: Premature end of file.
2025-07-22 21:38:38,150 [ERROR] LogOutputStream:75 - [STDERR_REDIRECT] 
2025-07-22 21:38:39,151 [ERROR] LogOutputStream:75 - [STDERR_REDIRECT] [Fatal Error] :1:1: Premature end of file.
2025-07-22 21:38:39,151 [ERROR] LogOutputStream:75 - [STDERR_REDIRECT] 
2025-07-22 21:38:40,143 [ERROR] LogOutputStream:75 - [STDERR_REDIRECT] [Fatal Error] :1:1: Premature end of file.
2025-07-22 21:38:40,143 [ERROR] LogOutputStream:75 - [STDERR_REDIRECT] 
2025-07-22 21:38:41,146 [ERROR] LogOutputStream:75 - [STDERR_REDIRECT] [Fatal Error] :1:1: Premature end of file.
2025-07-22 21:38:41,146 [ERROR] LogOutputStream:75 - [STDERR_REDIRECT] 
2025-07-22 21:38:42,144 [ERROR] LogOutputStream:75 - [STDERR_REDIRECT] [Fatal Error] :1:1: Premature end of file.
2025-07-22 21:38:42,144 [ERROR] LogOutputStream:75 - [STDERR_REDIRECT] 
2025-07-22 21:38:43,156 [ERROR] LogOutputStream:75 - [STDERR_REDIRECT] [Fatal Error] :1:1: Premature end of file.
2025-07-22 21:38:43,156 [ERROR] LogOutputStream:75 - [STDERR_REDIRECT] 
2025-07-22 21:38:44,149 [ERROR] LogOutputStream:75 - [STDERR_REDIRECT] [Fatal Error] :1:1: Premature end of file.
2025-07-22 21:38:44,149 [ERROR] LogOutputStream:75 - [STDERR_REDIRECT] 
2025-07-22 21:38:45,147 [ERROR] LogOutputStream:75 - [STDERR_REDIRECT] [Fatal Error] :1:1: Premature end of file.
2025-07-22 21:38:45,147 [ERROR] LogOutputStream:75 - [STDERR_REDIRECT] 
2025-07-22 21:38:46,150 [ERROR] LogOutputStream:75 - [STDERR_REDIRECT] [Fatal Error] :1:1: Premature end of file.
2025-07-22 21:38:46,150 [ERROR] LogOutputStream:75 - [STDERR_REDIRECT] 
2025-07-22 21:38:47,151 [ERROR] LogOutputStream:75 - [STDERR_REDIRECT] [Fatal Error] :1:1: Premature end of file.
2025-07-22 21:38:47,151 [ERROR] LogOutputStream:75 - [STDERR_REDIRECT] 
2025-07-22 21:38:48,149 [ERROR] LogOutputStream:75 - [STDERR_REDIRECT] [Fatal Error] :1:1: Premature end of file.
2025-07-22 21:38:48,149 [ERROR] LogOutputStream:75 - [STDERR_REDIRECT] 
2025-07-22 21:38:49,150 [ERROR] LogOutputStream:75 - [STDERR_REDIRECT] [Fatal Error] :1:1: Premature end of file.
2025-07-22 21:38:49,150 [ERROR] LogOutputStream:75 - [STDERR_REDIRECT] 
2025-07-22 21:38:50,152 [ERROR] LogOutputStream:75 - [STDERR_REDIRECT] [Fatal Error] :1:1: Premature end of file.
2025-07-22 21:38:50,152 [ERROR] LogOutputStream:75 - [STDERR_REDIRECT] 
2025-07-22 21:38:51,150 [ERROR] LogOutputStream:75 - [STDERR_REDIRECT] [Fatal Error] :1:1: Premature end of file.
2025-07-22 21:38:51,150 [ERROR] LogOutputStream:75 - [STDERR_REDIRECT] 
2025-07-22 21:38:52,155 [ERROR] LogOutputStream:75 - [STDERR_REDIRECT] [Fatal Error] :1:1: Premature end of file.
2025-07-22 21:38:52,156 [ERROR] LogOutputStream:75 - [STDERR_REDIRECT] 
2025-07-22 21:38:53,149 [ERROR] LogOutputStream:75 - [STDERR_REDIRECT] [Fatal Error] :1:1: Premature end of file.
2025-07-22 21:38:53,149 [ERROR] LogOutputStream:75 - [STDERR_REDIRECT] 
2025-07-22 21:38:54,147 [ERROR] LogOutputStream:75 - [STDERR_REDIRECT] [Fatal Error] :1:1: Premature end of file.
2025-07-22 21:38:54,148 [ERROR] LogOutputStream:75 - [STDERR_REDIRECT] 
2025-07-22 21:38:55,132 [ERROR] LogOutputStream:75 - [STDERR_REDIRECT] [Fatal Error] :1:1: Premature end of file.
2025-07-22 21:38:55,132 [ERROR] LogOutputStream:75 - [STDERR_REDIRECT] 
2025-07-22 21:38:56,128 [ERROR] LogOutputStream:75 - [STDERR_REDIRECT] [Fatal Error] :1:1: Premature end of file.
2025-07-22 21:38:56,128 [ERROR] LogOutputStream:75 - [STDERR_REDIRECT] 
2025-07-22 21:38:57,147 [ERROR] LogOutputStream:75 - [STDERR_REDIRECT] [Fatal Error] :1:1: Premature end of file.
2025-07-22 21:38:57,148 [ERROR] LogOutputStream:75 - [STDERR_REDIRECT] 
2025-07-22 21:38:58,146 [ERROR] LogOutputStream:75 - [STDERR_REDIRECT] [Fatal Error] :1:1: Premature end of file.
2025-07-22 21:38:58,146 [ERROR] LogOutputStream:75 - [STDERR_REDIRECT] 
2025-07-22 21:38:59,143 [ERROR] LogOutputStream:75 - [STDERR_REDIRECT] [Fatal Error] :1:1: Premature end of file.
2025-07-22 21:38:59,143 [ERROR] LogOutputStream:75 - [STDERR_REDIRECT] 
2025-07-22 21:39:00,143 [ERROR] LogOutputStream:75 - [STDERR_REDIRECT] [Fatal Error] :1:1: Premature end of file.
2025-07-22 21:39:00,143 [ERROR] LogOutputStream:75 - [STDERR_REDIRECT] 
2025-07-22 21:39:01,146 [ERROR] LogOutputStream:75 - [STDERR_REDIRECT] [Fatal Error] :1:1: Premature end of file.
2025-07-22 21:39:01,146 [ERROR] LogOutputStream:75 - [STDERR_REDIRECT] 
2025-07-22 21:39:02,149 [ERROR] LogOutputStream:75 - [STDERR_REDIRECT] [Fatal Error] :1:1: Premature end of file.
2025-07-22 21:39:02,149 [ERROR] LogOutputStream:75 - [STDERR_REDIRECT] 
2025-07-22 21:39:03,131 [ERROR] LogOutputStream:75 - [STDERR_REDIRECT] [Fatal Error] :1:1: Premature end of file.
2025-07-22 21:39:03,131 [ERROR] LogOutputStream:75 - [STDERR_REDIRECT] 
2025-07-22 21:39:04,140 [ERROR] LogOutputStream:75 - [STDERR_REDIRECT] [Fatal Error] :1:1: Premature end of file.
2025-07-22 21:39:04,140 [ERROR] LogOutputStream:75 - [STDERR_REDIRECT] 
2025-07-22 21:39:05,133 [ERROR] LogOutputStream:75 - [STDERR_REDIRECT] [Fatal Error] :1:1: Premature end of file.
2025-07-22 21:39:05,133 [ERROR] LogOutputStream:75 - [STDERR_REDIRECT] 
2025-07-22 21:39:06,138 [ERROR] LogOutputStream:75 - [STDERR_REDIRECT] [Fatal Error] :1:1: Premature end of file.
2025-07-22 21:39:06,138 [ERROR] LogOutputStream:75 - [STDERR_REDIRECT] 
2025-07-22 21:39:07,166 [ERROR] LogOutputStream:75 - [STDERR_REDIRECT] [Fatal Error] :1:1: Premature end of file.
2025-07-22 21:39:07,166 [ERROR] LogOutputStream:75 - [STDERR_REDIRECT] 
2025-07-22 21:39:08,153 [ERROR] LogOutputStream:75 - [STDERR_REDIRECT] [Fatal Error] :1:1: Premature end of file.
2025-07-22 21:39:08,153 [ERROR] LogOutputStream:75 - [STDERR_REDIRECT] 
2025-07-22 21:39:09,136 [ERROR] LogOutputStream:75 - [STDERR_REDIRECT] [Fatal Error] :1:1: Premature end of file.
2025-07-22 21:39:09,136 [ERROR] LogOutputStream:75 - [STDERR_REDIRECT] 
2025-07-22 21:39:10,130 [ERROR] LogOutputStream:75 - [STDERR_REDIRECT] [Fatal Error] :1:1: Premature end of file.
2025-07-22 21:39:10,130 [ERROR] LogOutputStream:75 - [STDERR_REDIRECT] 
2025-07-22 21:39:11,138 [ERROR] LogOutputStream:75 - [STDERR_REDIRECT] [Fatal Error] :1:1: Premature end of file.
2025-07-22 21:39:11,138 [ERROR] LogOutputStream:75 - [STDERR_REDIRECT] 
2025-07-22 21:39:12,133 [ERROR] LogOutputStream:75 - [STDERR_REDIRECT] [Fatal Error] :1:1: Premature end of file.
2025-07-22 21:39:12,133 [ERROR] LogOutputStream:75 - [STDERR_REDIRECT] 
2025-07-22 21:39:13,132 [ERROR] LogOutputStream:75 - [STDERR_REDIRECT] [Fatal Error] :1:1: Premature end of file.
2025-07-22 21:39:13,132 [ERROR] LogOutputStream:75 - [STDERR_REDIRECT] 
2025-07-22 21:39:14,131 [ERROR] LogOutputStream:75 - [STDERR_REDIRECT] [Fatal Error] :1:1: Premature end of file.
2025-07-22 21:39:14,131 [ERROR] LogOutputStream:75 - [STDERR_REDIRECT] 
2025-07-22 21:39:15,218 [ERROR] LogOutputStream:75 - [STDERR_REDIRECT] [Fatal Error] :1:1: Premature end of file.
2025-07-22 21:39:15,218 [ERROR] LogOutputStream:75 - [STDERR_REDIRECT] 
2025-07-22 21:39:16,140 [ERROR] LogOutputStream:75 - [STDERR_REDIRECT] [Fatal Error] :1:1: Premature end of file.
2025-07-22 21:39:16,141 [ERROR] LogOutputStream:75 - [STDERR_REDIRECT] 
2025-07-22 21:39:17,457 [ERROR] LogOutputStream:75 - [STDERR_REDIRECT] [Fatal Error] :1:1: Premature end of file.
2025-07-22 21:39:17,457 [ERROR] LogOutputStream:75 - [STDERR_REDIRECT] 
2025-07-22 21:39:18,138 [ERROR] LogOutputStream:75 - [STDERR_REDIRECT] [Fatal Error] :1:1: Premature end of file.
2025-07-22 21:39:18,138 [ERROR] LogOutputStream:75 - [STDERR_REDIRECT] 
2025-07-22 21:39:19,131 [ERROR] LogOutputStream:75 - [STDERR_REDIRECT] [Fatal Error] :1:1: Premature end of file.
2025-07-22 21:39:19,131 [ERROR] LogOutputStream:75 - [STDERR_REDIRECT] 
2025-07-22 21:39:20,132 [ERROR] LogOutputStream:75 - [STDERR_REDIRECT] [Fatal Error] :1:1: Premature end of file.
2025-07-22 21:39:20,132 [ERROR] LogOutputStream:75 - [STDERR_REDIRECT] 
2025-07-22 21:39:21,132 [ERROR] LogOutputStream:75 - [STDERR_REDIRECT] [Fatal Error] :1:1: Premature end of file.
2025-07-22 21:39:21,132 [ERROR] LogOutputStream:75 - [STDERR_REDIRECT] 
2025-07-22 21:39:22,133 [ERROR] LogOutputStream:75 - [STDERR_REDIRECT] [Fatal Error] :1:1: Premature end of file.
2025-07-22 21:39:22,133 [ERROR] LogOutputStream:75 - [STDERR_REDIRECT] 
2025-07-22 21:39:23,146 [ERROR] LogOutputStream:75 - [STDERR_REDIRECT] [Fatal Error] :1:1: Premature end of file.
2025-07-22 21:39:23,146 [ERROR] LogOutputStream:75 - [STDERR_REDIRECT] 
2025-07-22 21:39:24,146 [ERROR] LogOutputStream:75 - [STDERR_REDIRECT] [Fatal Error] :1:1: Premature end of file.
2025-07-22 21:39:24,146 [ERROR] LogOutputStream:75 - [STDERR_REDIRECT] 
2025-07-22 21:39:25,133 [ERROR] LogOutputStream:75 - [STDERR_REDIRECT] [Fatal Error] :1:1: Premature end of file.
2025-07-22 21:39:25,133 [ERROR] LogOutputStream:75 - [STDERR_REDIRECT] 
2025-07-22 21:39:26,146 [ERROR] LogOutputStream:75 - [STDERR_REDIRECT] [Fatal Error] :1:1: Premature end of file.
2025-07-22 21:39:26,146 [ERROR] LogOutputStream:75 - [STDERR_REDIRECT] 
2025-07-22 21:39:27,145 [ERROR] LogOutputStream:75 - [STDERR_REDIRECT] [Fatal Error] :1:1: Premature end of file.
2025-07-22 21:39:27,145 [ERROR] LogOutputStream:75 - [STDERR_REDIRECT] 
2025-07-22 21:39:28,145 [ERROR] LogOutputStream:75 - [STDERR_REDIRECT] [Fatal Error] :1:1: Premature end of file.
2025-07-22 21:39:28,146 [ERROR] LogOutputStream:75 - [STDERR_REDIRECT] 
2025-07-22 21:39:29,144 [ERROR] LogOutputStream:75 - [STDERR_REDIRECT] [Fatal Error] :1:1: Premature end of file.
2025-07-22 21:39:29,145 [ERROR] LogOutputStream:75 - [STDERR_REDIRECT] 
2025-07-22 21:39:30,147 [ERROR] LogOutputStream:75 - [STDERR_REDIRECT] [Fatal Error] :1:1: Premature end of file.
2025-07-22 21:39:30,147 [ERROR] LogOutputStream:75 - [STDERR_REDIRECT] 
2025-07-22 21:39:31,148 [ERROR] LogOutputStream:75 - [STDERR_REDIRECT] [Fatal Error] :1:1: Premature end of file.
2025-07-22 21:39:31,148 [ERROR] LogOutputStream:75 - [STDERR_REDIRECT] 
2025-07-22 21:39:32,149 [ERROR] LogOutputStream:75 - [STDERR_REDIRECT] [Fatal Error] :1:1: Premature end of file.
2025-07-22 21:39:32,149 [ERROR] LogOutputStream:75 - [STDERR_REDIRECT] 
2025-07-22 21:39:33,147 [ERROR] LogOutputStream:75 - [STDERR_REDIRECT] [Fatal Error] :1:1: Premature end of file.
2025-07-22 21:39:33,147 [ERROR] LogOutputStream:75 - [STDERR_REDIRECT] 
2025-07-22 21:39:34,151 [ERROR] LogOutputStream:75 - [STDERR_REDIRECT] [Fatal Error] :1:1: Premature end of file.
2025-07-22 21:39:34,151 [ERROR] LogOutputStream:75 - [STDERR_REDIRECT] 
2025-07-22 21:39:35,146 [ERROR] LogOutputStream:75 - [STDERR_REDIRECT] [Fatal Error] :1:1: Premature end of file.
2025-07-22 21:39:35,146 [ERROR] LogOutputStream:75 - [STDERR_REDIRECT] 
2025-07-22 21:39:36,149 [ERROR] LogOutputStream:75 - [STDERR_REDIRECT] [Fatal Error] :1:1: Premature end of file.
2025-07-22 21:39:36,149 [ERROR] LogOutputStream:75 - [STDERR_REDIRECT] 
2025-07-22 21:39:37,144 [ERROR] LogOutputStream:75 - [STDERR_REDIRECT] [Fatal Error] :1:1: Premature end of file.
2025-07-22 21:39:37,146 [ERROR] LogOutputStream:75 - [STDERR_REDIRECT] 
2025-07-22 21:39:38,147 [ERROR] LogOutputStream:75 - [STDERR_REDIRECT] [Fatal Error] :1:1: Premature end of file.
2025-07-22 21:39:38,147 [ERROR] LogOutputStream:75 - [STDERR_REDIRECT] 
2025-07-22 21:39:39,150 [ERROR] LogOutputStream:75 - [STDERR_REDIRECT] [Fatal Error] :1:1: Premature end of file.
2025-07-22 21:39:39,150 [ERROR] LogOutputStream:75 - [STDERR_REDIRECT] 
2025-07-22 21:39:40,130 [ERROR] LogOutputStream:75 - [STDERR_REDIRECT] [Fatal Error] :1:1: Premature end of file.
2025-07-22 21:39:40,130 [ERROR] LogOutputStream:75 - [STDERR_REDIRECT] 
2025-07-22 21:39:41,147 [ERROR] LogOutputStream:75 - [STDERR_REDIRECT] [Fatal Error] :1:1: Premature end of file.
2025-07-22 21:39:41,147 [ERROR] LogOutputStream:75 - [STDERR_REDIRECT] 
2025-07-22 21:39:42,156 [ERROR] LogOutputStream:75 - [STDERR_REDIRECT] [Fatal Error] :1:1: Premature end of file.
2025-07-22 21:39:42,156 [ERROR] LogOutputStream:75 - [STDERR_REDIRECT] 
2025-07-22 21:39:43,148 [ERROR] LogOutputStream:75 - [STDERR_REDIRECT] [Fatal Error] :1:1: Premature end of file.
2025-07-22 21:39:43,148 [ERROR] LogOutputStream:75 - [STDERR_REDIRECT] 
2025-07-22 21:39:44,147 [ERROR] LogOutputStream:75 - [STDERR_REDIRECT] [Fatal Error] :1:1: Premature end of file.
2025-07-22 21:39:44,147 [ERROR] LogOutputStream:75 - [STDERR_REDIRECT] 
2025-07-22 21:39:45,149 [ERROR] LogOutputStream:75 - [STDERR_REDIRECT] [Fatal Error] :1:1: Premature end of file.
2025-07-22 21:39:45,149 [ERROR] LogOutputStream:75 - [STDERR_REDIRECT] 
2025-07-22 21:39:46,149 [ERROR] LogOutputStream:75 - [STDERR_REDIRECT] [Fatal Error] :1:1: Premature end of file.
2025-07-22 21:39:46,149 [ERROR] LogOutputStream:75 - [STDERR_REDIRECT] 
2025-07-22 21:39:47,149 [ERROR] LogOutputStream:75 - [STDERR_REDIRECT] [Fatal Error] :1:1: Premature end of file.
2025-07-22 21:39:47,149 [ERROR] LogOutputStream:75 - [STDERR_REDIRECT] 
2025-07-22 21:39:48,151 [ERROR] LogOutputStream:75 - [STDERR_REDIRECT] [Fatal Error] :1:1: Premature end of file.
2025-07-22 21:39:48,151 [ERROR] LogOutputStream:75 - [STDERR_REDIRECT] 
2025-07-22 21:39:49,145 [ERROR] LogOutputStream:75 - [STDERR_REDIRECT] [Fatal Error] :1:1: Premature end of file.
2025-07-22 21:39:49,145 [ERROR] LogOutputStream:75 - [STDERR_REDIRECT] 
2025-07-22 21:39:50,145 [ERROR] LogOutputStream:75 - [STDERR_REDIRECT] [Fatal Error] :1:1: Premature end of file.
2025-07-22 21:39:50,145 [ERROR] LogOutputStream:75 - [STDERR_REDIRECT] 
2025-07-22 21:39:51,148 [ERROR] LogOutputStream:75 - [STDERR_REDIRECT] [Fatal Error] :1:1: Premature end of file.
2025-07-22 21:39:51,148 [ERROR] LogOutputStream:75 - [STDERR_REDIRECT] 
2025-07-22 21:39:52,146 [ERROR] LogOutputStream:75 - [STDERR_REDIRECT] [Fatal Error] :1:1: Premature end of file.
2025-07-22 21:39:52,147 [ERROR] LogOutputStream:75 - [STDERR_REDIRECT] 
2025-07-22 21:39:53,146 [ERROR] LogOutputStream:75 - [STDERR_REDIRECT] [Fatal Error] :1:1: Premature end of file.
2025-07-22 21:39:53,146 [ERROR] LogOutputStream:75 - [STDERR_REDIRECT] 
2025-07-22 21:39:54,147 [ERROR] LogOutputStream:75 - [STDERR_REDIRECT] [Fatal Error] :1:1: Premature end of file.
2025-07-22 21:39:54,147 [ERROR] LogOutputStream:75 - [STDERR_REDIRECT] 
2025-07-22 21:39:55,148 [ERROR] LogOutputStream:75 - [STDERR_REDIRECT] [Fatal Error] :1:1: Premature end of file.
2025-07-22 21:39:55,148 [ERROR] LogOutputStream:75 - [STDERR_REDIRECT] 
2025-07-22 21:39:56,151 [ERROR] LogOutputStream:75 - [STDERR_REDIRECT] [Fatal Error] :1:1: Premature end of file.
2025-07-22 21:39:56,152 [ERROR] LogOutputStream:75 - [STDERR_REDIRECT] 
2025-07-22 21:39:57,149 [ERROR] LogOutputStream:75 - [STDERR_REDIRECT] [Fatal Error] :1:1: Premature end of file.
2025-07-22 21:39:57,149 [ERROR] LogOutputStream:75 - [STDERR_REDIRECT] 
2025-07-22 21:39:58,148 [ERROR] LogOutputStream:75 - [STDERR_REDIRECT] [Fatal Error] :1:1: Premature end of file.
2025-07-22 21:39:58,148 [ERROR] LogOutputStream:75 - [STDERR_REDIRECT] 
2025-07-22 21:39:59,150 [ERROR] LogOutputStream:75 - [STDERR_REDIRECT] [Fatal Error] :1:1: Premature end of file.
2025-07-22 21:39:59,151 [ERROR] LogOutputStream:75 - [STDERR_REDIRECT] 
2025-07-22 21:40:00,148 [ERROR] LogOutputStream:75 - [STDERR_REDIRECT] [Fatal Error] :1:1: Premature end of file.
2025-07-22 21:40:00,148 [ERROR] LogOutputStream:75 - [STDERR_REDIRECT] 
2025-07-22 21:40:01,132 [ERROR] LogOutputStream:75 - [STDERR_REDIRECT] [Fatal Error] :1:1: Premature end of file.
2025-07-22 21:40:01,132 [ERROR] LogOutputStream:75 - [STDERR_REDIRECT] 
2025-07-22 21:40:02,148 [ERROR] LogOutputStream:75 - [STDERR_REDIRECT] [Fatal Error] :1:1: Premature end of file.
2025-07-22 21:40:02,148 [ERROR] LogOutputStream:75 - [STDERR_REDIRECT] 
2025-07-22 21:40:03,145 [ERROR] LogOutputStream:75 - [STDERR_REDIRECT] [Fatal Error] :1:1: Premature end of file.
2025-07-22 21:40:03,145 [ERROR] LogOutputStream:75 - [STDERR_REDIRECT] 
2025-07-22 21:40:04,133 [ERROR] LogOutputStream:75 - [STDERR_REDIRECT] [Fatal Error] :1:1: Premature end of file.
2025-07-22 21:40:04,133 [ERROR] LogOutputStream:75 - [STDERR_REDIRECT] 
2025-07-22 21:40:05,135 [ERROR] LogOutputStream:75 - [STDERR_REDIRECT] [Fatal Error] :1:1: Premature end of file.
2025-07-22 21:40:05,135 [ERROR] LogOutputStream:75 - [STDERR_REDIRECT] 
2025-07-22 21:40:06,146 [ERROR] LogOutputStream:75 - [STDERR_REDIRECT] [Fatal Error] :1:1: Premature end of file.
2025-07-22 21:40:06,146 [ERROR] LogOutputStream:75 - [STDERR_REDIRECT] 
2025-07-22 21:40:07,147 [ERROR] LogOutputStream:75 - [STDERR_REDIRECT] [Fatal Error] :1:1: Premature end of file.
2025-07-22 21:40:07,147 [ERROR] LogOutputStream:75 - [STDERR_REDIRECT] 
2025-07-22 21:40:08,149 [ERROR] LogOutputStream:75 - [STDERR_REDIRECT] [Fatal Error] :1:1: Premature end of file.
2025-07-22 21:40:08,149 [ERROR] LogOutputStream:75 - [STDERR_REDIRECT] 
2025-07-22 21:40:09,146 [ERROR] LogOutputStream:75 - [STDERR_REDIRECT] [Fatal Error] :1:1: Premature end of file.
2025-07-22 21:40:09,146 [ERROR] LogOutputStream:75 - [STDERR_REDIRECT] 
2025-07-22 21:40:10,152 [ERROR] LogOutputStream:75 - [STDERR_REDIRECT] [Fatal Error] :1:1: Premature end of file.
2025-07-22 21:40:10,152 [ERROR] LogOutputStream:75 - [STDERR_REDIRECT] 
2025-07-22 21:40:11,149 [ERROR] LogOutputStream:75 - [STDERR_REDIRECT] [Fatal Error] :1:1: Premature end of file.
2025-07-22 21:40:11,149 [ERROR] LogOutputStream:75 - [STDERR_REDIRECT] 
2025-07-22 21:40:12,146 [ERROR] LogOutputStream:75 - [STDERR_REDIRECT] [Fatal Error] :1:1: Premature end of file.
2025-07-22 21:40:12,146 [ERROR] LogOutputStream:75 - [STDERR_REDIRECT] 
2025-07-22 21:40:13,148 [ERROR] LogOutputStream:75 - [STDERR_REDIRECT] [Fatal Error] :1:1: Premature end of file.
2025-07-22 21:40:13,148 [ERROR] LogOutputStream:75 - [STDERR_REDIRECT] 
2025-07-22 21:40:14,150 [ERROR] LogOutputStream:75 - [STDERR_REDIRECT] [Fatal Error] :1:1: Premature end of file.
2025-07-22 21:40:14,150 [ERROR] LogOutputStream:75 - [STDERR_REDIRECT] 
2025-07-22 21:40:15,148 [ERROR] LogOutputStream:75 - [STDERR_REDIRECT] [Fatal Error] :1:1: Premature end of file.
2025-07-22 21:40:15,149 [ERROR] LogOutputStream:75 - [STDERR_REDIRECT] 
2025-07-22 21:40:16,146 [ERROR] LogOutputStream:75 - [STDERR_REDIRECT] [Fatal Error] :1:1: Premature end of file.
2025-07-22 21:40:16,146 [ERROR] LogOutputStream:75 - [STDERR_REDIRECT] 
2025-07-22 21:40:17,139 [ERROR] LogOutputStream:75 - [STDERR_REDIRECT] [Fatal Error] :1:1: Premature end of file.
2025-07-22 21:40:17,140 [ERROR] LogOutputStream:75 - [STDERR_REDIRECT] 
2025-07-22 21:40:18,147 [ERROR] LogOutputStream:75 - [STDERR_REDIRECT] [Fatal Error] :1:1: Premature end of file.
2025-07-22 21:40:18,147 [ERROR] LogOutputStream:75 - [STDERR_REDIRECT] 
2025-07-22 21:40:19,147 [ERROR] LogOutputStream:75 - [STDERR_REDIRECT] [Fatal Error] :1:1: Premature end of file.
2025-07-22 21:40:19,147 [ERROR] LogOutputStream:75 - [STDERR_REDIRECT] 
2025-07-22 21:40:20,151 [ERROR] LogOutputStream:75 - [STDERR_REDIRECT] [Fatal Error] :1:1: Premature end of file.
2025-07-22 21:40:20,151 [ERROR] LogOutputStream:75 - [STDERR_REDIRECT] 
2025-07-22 21:40:21,147 [ERROR] LogOutputStream:75 - [STDERR_REDIRECT] [Fatal Error] :1:1: Premature end of file.
2025-07-22 21:40:21,147 [ERROR] LogOutputStream:75 - [STDERR_REDIRECT] 
2025-07-22 21:40:22,146 [ERROR] LogOutputStream:75 - [STDERR_REDIRECT] [Fatal Error] :1:1: Premature end of file.
2025-07-22 21:40:22,146 [ERROR] LogOutputStream:75 - [STDERR_REDIRECT] 
2025-07-22 21:40:23,149 [ERROR] LogOutputStream:75 - [STDERR_REDIRECT] [Fatal Error] :1:1: Premature end of file.
2025-07-22 21:40:23,149 [ERROR] LogOutputStream:75 - [STDERR_REDIRECT] 
2025-07-22 21:40:24,149 [ERROR] LogOutputStream:75 - [STDERR_REDIRECT] [Fatal Error] :1:1: Premature end of file.
2025-07-22 21:40:24,149 [ERROR] LogOutputStream:75 - [STDERR_REDIRECT] 
2025-07-22 21:40:25,149 [ERROR] LogOutputStream:75 - [STDERR_REDIRECT] [Fatal Error] :1:1: Premature end of file.
2025-07-22 21:40:25,149 [ERROR] LogOutputStream:75 - [STDERR_REDIRECT] 
2025-07-22 21:40:26,150 [ERROR] LogOutputStream:75 - [STDERR_REDIRECT] [Fatal Error] :1:1: Premature end of file.
2025-07-22 21:40:26,150 [ERROR] LogOutputStream:75 - [STDERR_REDIRECT] 
2025-07-22 21:40:27,149 [ERROR] LogOutputStream:75 - [STDERR_REDIRECT] [Fatal Error] :1:1: Premature end of file.
2025-07-22 21:40:27,149 [ERROR] LogOutputStream:75 - [STDERR_REDIRECT] 
2025-07-22 21:40:28,143 [ERROR] LogOutputStream:75 - [STDERR_REDIRECT] [Fatal Error] :1:1: Premature end of file.
2025-07-22 21:40:28,144 [ERROR] LogOutputStream:75 - [STDERR_REDIRECT] 
2025-07-22 21:40:29,143 [ERROR] LogOutputStream:75 - [STDERR_REDIRECT] [Fatal Error] :1:1: Premature end of file.
2025-07-22 21:40:29,143 [ERROR] LogOutputStream:75 - [STDERR_REDIRECT] 
2025-07-22 21:40:30,145 [ERROR] LogOutputStream:75 - [STDERR_REDIRECT] [Fatal Error] :1:1: Premature end of file.
2025-07-22 21:40:30,145 [ERROR] LogOutputStream:75 - [STDERR_REDIRECT] 
2025-07-22 21:40:31,148 [ERROR] LogOutputStream:75 - [STDERR_REDIRECT] [Fatal Error] :1:1: Premature end of file.
2025-07-22 21:40:31,148 [ERROR] LogOutputStream:75 - [STDERR_REDIRECT] 
2025-07-22 21:40:32,149 [ERROR] LogOutputStream:75 - [STDERR_REDIRECT] [Fatal Error] :1:1: Premature end of file.
2025-07-22 21:40:32,149 [ERROR] LogOutputStream:75 - [STDERR_REDIRECT] 
2025-07-22 21:40:33,148 [ERROR] LogOutputStream:75 - [STDERR_REDIRECT] [Fatal Error] :1:1: Premature end of file.
2025-07-22 21:40:33,148 [ERROR] LogOutputStream:75 - [STDERR_REDIRECT] 
2025-07-22 21:40:34,151 [ERROR] LogOutputStream:75 - [STDERR_REDIRECT] [Fatal Error] :1:1: Premature end of file.
2025-07-22 21:40:34,152 [ERROR] LogOutputStream:75 - [STDERR_REDIRECT] 
2025-07-22 21:40:35,147 [ERROR] LogOutputStream:75 - [STDERR_REDIRECT] [Fatal Error] :1:1: Premature end of file.
2025-07-22 21:40:35,147 [ERROR] LogOutputStream:75 - [STDERR_REDIRECT] 
2025-07-22 21:40:36,149 [ERROR] LogOutputStream:75 - [STDERR_REDIRECT] [Fatal Error] :1:1: Premature end of file.
2025-07-22 21:40:36,149 [ERROR] LogOutputStream:75 - [STDERR_REDIRECT] 
2025-07-22 21:40:37,149 [ERROR] LogOutputStream:75 - [STDERR_REDIRECT] [Fatal Error] :1:1: Premature end of file.
2025-07-22 21:40:37,149 [ERROR] LogOutputStream:75 - [STDERR_REDIRECT] 
2025-07-22 21:40:38,149 [ERROR] LogOutputStream:75 - [STDERR_REDIRECT] [Fatal Error] :1:1: Premature end of file.
2025-07-22 21:40:38,149 [ERROR] LogOutputStream:75 - [STDERR_REDIRECT] 
2025-07-22 21:40:39,150 [ERROR] LogOutputStream:75 - [STDERR_REDIRECT] [Fatal Error] :1:1: Premature end of file.
2025-07-22 21:40:39,150 [ERROR] LogOutputStream:75 - [STDERR_REDIRECT] 
2025-07-22 21:40:40,136 [ERROR] LogOutputStream:75 - [STDERR_REDIRECT] [Fatal Error] :1:1: Premature end of file.
2025-07-22 21:40:40,136 [ERROR] LogOutputStream:75 - [STDERR_REDIRECT] 
2025-07-22 21:40:41,150 [ERROR] LogOutputStream:75 - [STDERR_REDIRECT] [Fatal Error] :1:1: Premature end of file.
2025-07-22 21:40:41,150 [ERROR] LogOutputStream:75 - [STDERR_REDIRECT] 
2025-07-22 21:40:42,147 [ERROR] LogOutputStream:75 - [STDERR_REDIRECT] [Fatal Error] :1:1: Premature end of file.
2025-07-22 21:40:42,147 [ERROR] LogOutputStream:75 - [STDERR_REDIRECT] 
2025-07-22 21:40:43,148 [ERROR] LogOutputStream:75 - [STDERR_REDIRECT] [Fatal Error] :1:1: Premature end of file.
2025-07-22 21:40:43,148 [ERROR] LogOutputStream:75 - [STDERR_REDIRECT] 
2025-07-22 21:40:44,150 [ERROR] LogOutputStream:75 - [STDERR_REDIRECT] [Fatal Error] :1:1: Premature end of file.
2025-07-22 21:40:44,150 [ERROR] LogOutputStream:75 - [STDERR_REDIRECT] 
2025-07-22 21:40:45,149 [ERROR] LogOutputStream:75 - [STDERR_REDIRECT] [Fatal Error] :1:1: Premature end of file.
2025-07-22 21:40:45,149 [ERROR] LogOutputStream:75 - [STDERR_REDIRECT] 
2025-07-22 21:40:46,151 [ERROR] LogOutputStream:75 - [STDERR_REDIRECT] [Fatal Error] :1:1: Premature end of file.
2025-07-22 21:40:46,151 [ERROR] LogOutputStream:75 - [STDERR_REDIRECT] 
2025-07-22 21:40:47,151 [ERROR] LogOutputStream:75 - [STDERR_REDIRECT] [Fatal Error] :1:1: Premature end of file.
2025-07-22 21:40:47,151 [ERROR] LogOutputStream:75 - [STDERR_REDIRECT] 
2025-07-22 21:40:48,151 [ERROR] LogOutputStream:75 - [STDERR_REDIRECT] [Fatal Error] :1:1: Premature end of file.
2025-07-22 21:40:48,151 [ERROR] LogOutputStream:75 - [STDERR_REDIRECT] 
2025-07-22 21:40:49,150 [ERROR] LogOutputStream:75 - [STDERR_REDIRECT] [Fatal Error] :1:1: Premature end of file.
2025-07-22 21:40:49,150 [ERROR] LogOutputStream:75 - [STDERR_REDIRECT] 
2025-07-22 21:40:50,152 [ERROR] LogOutputStream:75 - [STDERR_REDIRECT] [Fatal Error] :1:1: Premature end of file.
2025-07-22 21:40:50,152 [ERROR] LogOutputStream:75 - [STDERR_REDIRECT] 
2025-07-22 21:40:51,148 [ERROR] LogOutputStream:75 - [STDERR_REDIRECT] [Fatal Error] :1:1: Premature end of file.
2025-07-22 21:40:51,149 [ERROR] LogOutputStream:75 - [STDERR_REDIRECT] 
2025-07-22 21:40:52,150 [ERROR] LogOutputStream:75 - [STDERR_REDIRECT] [Fatal Error] :1:1: Premature end of file.
2025-07-22 21:40:52,150 [ERROR] LogOutputStream:75 - [STDERR_REDIRECT] 
2025-07-22 21:40:53,156 [ERROR] LogOutputStream:75 - [STDERR_REDIRECT] [Fatal Error] :1:1: Premature end of file.
2025-07-22 21:40:53,156 [ERROR] LogOutputStream:75 - [STDERR_REDIRECT] 
2025-07-22 21:40:54,149 [ERROR] LogOutputStream:75 - [STDERR_REDIRECT] [Fatal Error] :1:1: Premature end of file.
2025-07-22 21:40:54,149 [ERROR] LogOutputStream:75 - [STDERR_REDIRECT] 
2025-07-22 21:40:55,148 [ERROR] LogOutputStream:75 - [STDERR_REDIRECT] [Fatal Error] :1:1: Premature end of file.
2025-07-22 21:40:55,148 [ERROR] LogOutputStream:75 - [STDERR_REDIRECT] 
2025-07-22 21:40:56,150 [ERROR] LogOutputStream:75 - [STDERR_REDIRECT] [Fatal Error] :1:1: Premature end of file.
2025-07-22 21:40:56,150 [ERROR] LogOutputStream:75 - [STDERR_REDIRECT] 
2025-07-22 21:40:57,149 [ERROR] LogOutputStream:75 - [STDERR_REDIRECT] [Fatal Error] :1:1: Premature end of file.
2025-07-22 21:40:57,149 [ERROR] LogOutputStream:75 - [STDERR_REDIRECT] 
2025-07-22 21:40:58,149 [ERROR] LogOutputStream:75 - [STDERR_REDIRECT] [Fatal Error] :1:1: Premature end of file.
2025-07-22 21:40:58,149 [ERROR] LogOutputStream:75 - [STDERR_REDIRECT] 
2025-07-22 21:40:59,151 [ERROR] LogOutputStream:75 - [STDERR_REDIRECT] [Fatal Error] :1:1: Premature end of file.
2025-07-22 21:40:59,151 [ERROR] LogOutputStream:75 - [STDERR_REDIRECT] 
2025-07-22 21:41:00,146 [ERROR] LogOutputStream:75 - [STDERR_REDIRECT] [Fatal Error] :1:1: Premature end of file.
2025-07-22 21:41:00,146 [ERROR] LogOutputStream:75 - [STDERR_REDIRECT] 
2025-07-22 21:41:01,145 [ERROR] LogOutputStream:75 - [STDERR_REDIRECT] [Fatal Error] :1:1: Premature end of file.
2025-07-22 21:41:01,145 [ERROR] LogOutputStream:75 - [STDERR_REDIRECT] 
2025-07-22 21:41:02,150 [ERROR] LogOutputStream:75 - [STDERR_REDIRECT] [Fatal Error] :1:1: Premature end of file.
2025-07-22 21:41:02,150 [ERROR] LogOutputStream:75 - [STDERR_REDIRECT] 
2025-07-22 21:41:03,150 [ERROR] LogOutputStream:75 - [STDERR_REDIRECT] [Fatal Error] :1:1: Premature end of file.
2025-07-22 21:41:03,150 [ERROR] LogOutputStream:75 - [STDERR_REDIRECT] 
2025-07-22 21:41:04,149 [ERROR] LogOutputStream:75 - [STDERR_REDIRECT] [Fatal Error] :1:1: Premature end of file.
2025-07-22 21:41:04,149 [ERROR] LogOutputStream:75 - [STDERR_REDIRECT] 
2025-07-22 21:41:05,154 [ERROR] LogOutputStream:75 - [STDERR_REDIRECT] [Fatal Error] :1:1: Premature end of file.
2025-07-22 21:41:05,154 [ERROR] LogOutputStream:75 - [STDERR_REDIRECT] 
2025-07-22 21:41:06,150 [ERROR] LogOutputStream:75 - [STDERR_REDIRECT] [Fatal Error] :1:1: Premature end of file.
2025-07-22 21:41:06,150 [ERROR] LogOutputStream:75 - [STDERR_REDIRECT] 
2025-07-22 21:41:07,139 [ERROR] LogOutputStream:75 - [STDERR_REDIRECT] [Fatal Error] :1:1: Premature end of file.
2025-07-22 21:41:07,139 [ERROR] LogOutputStream:75 - [STDERR_REDIRECT] 
2025-07-22 21:41:08,138 [ERROR] LogOutputStream:75 - [STDERR_REDIRECT] [Fatal Error] :1:1: Premature end of file.
2025-07-22 21:41:08,138 [ERROR] LogOutputStream:75 - [STDERR_REDIRECT] 
2025-07-22 21:41:09,133 [ERROR] LogOutputStream:75 - [STDERR_REDIRECT] [Fatal Error] :1:1: Premature end of file.
2025-07-22 21:41:09,133 [ERROR] LogOutputStream:75 - [STDERR_REDIRECT] 
2025-07-22 21:41:10,147 [ERROR] LogOutputStream:75 - [STDERR_REDIRECT] [Fatal Error] :1:1: Premature end of file.
2025-07-22 21:41:10,147 [ERROR] LogOutputStream:75 - [STDERR_REDIRECT] 
2025-07-22 21:41:11,147 [ERROR] LogOutputStream:75 - [STDERR_REDIRECT] [Fatal Error] :1:1: Premature end of file.
2025-07-22 21:41:11,147 [ERROR] LogOutputStream:75 - [STDERR_REDIRECT] 
2025-07-22 21:41:12,149 [ERROR] LogOutputStream:75 - [STDERR_REDIRECT] [Fatal Error] :1:1: Premature end of file.
2025-07-22 21:41:12,149 [ERROR] LogOutputStream:75 - [STDERR_REDIRECT] 
2025-07-22 21:41:13,145 [ERROR] LogOutputStream:75 - [STDERR_REDIRECT] [Fatal Error] :1:1: Premature end of file.
2025-07-22 21:41:13,145 [ERROR] LogOutputStream:75 - [STDERR_REDIRECT] 
2025-07-22 21:41:14,148 [ERROR] LogOutputStream:75 - [STDERR_REDIRECT] [Fatal Error] :1:1: Premature end of file.
2025-07-22 21:41:14,148 [ERROR] LogOutputStream:75 - [STDERR_REDIRECT] 
2025-07-22 21:41:15,149 [ERROR] LogOutputStream:75 - [STDERR_REDIRECT] [Fatal Error] :1:1: Premature end of file.
2025-07-22 21:41:15,150 [ERROR] LogOutputStream:75 - [STDERR_REDIRECT] 
2025-07-22 21:41:16,146 [ERROR] LogOutputStream:75 - [STDERR_REDIRECT] [Fatal Error] :1:1: Premature end of file.
2025-07-22 21:41:16,146 [ERROR] LogOutputStream:75 - [STDERR_REDIRECT] 
2025-07-22 21:41:17,149 [ERROR] LogOutputStream:75 - [STDERR_REDIRECT] [Fatal Error] :1:1: Premature end of file.
2025-07-22 21:41:17,150 [ERROR] LogOutputStream:75 - [STDERR_REDIRECT] 
2025-07-22 21:41:18,145 [ERROR] LogOutputStream:75 - [STDERR_REDIRECT] [Fatal Error] :1:1: Premature end of file.
2025-07-22 21:41:18,145 [ERROR] LogOutputStream:75 - [STDERR_REDIRECT] 
2025-07-22 21:41:19,151 [ERROR] LogOutputStream:75 - [STDERR_REDIRECT] [Fatal Error] :1:1: Premature end of file.
2025-07-22 21:41:19,151 [ERROR] LogOutputStream:75 - [STDERR_REDIRECT] 
2025-07-22 21:41:20,147 [ERROR] LogOutputStream:75 - [STDERR_REDIRECT] [Fatal Error] :1:1: Premature end of file.
2025-07-22 21:41:20,147 [ERROR] LogOutputStream:75 - [STDERR_REDIRECT] 
2025-07-22 21:41:21,150 [ERROR] LogOutputStream:75 - [STDERR_REDIRECT] [Fatal Error] :1:1: Premature end of file.
2025-07-22 21:41:21,150 [ERROR] LogOutputStream:75 - [STDERR_REDIRECT] 
2025-07-22 21:41:22,148 [ERROR] LogOutputStream:75 - [STDERR_REDIRECT] [Fatal Error] :1:1: Premature end of file.
2025-07-22 21:41:22,148 [ERROR] LogOutputStream:75 - [STDERR_REDIRECT] 
2025-07-22 21:41:23,150 [ERROR] LogOutputStream:75 - [STDERR_REDIRECT] [Fatal Error] :1:1: Premature end of file.
2025-07-22 21:41:23,150 [ERROR] LogOutputStream:75 - [STDERR_REDIRECT] 
2025-07-22 21:41:24,150 [ERROR] LogOutputStream:75 - [STDERR_REDIRECT] [Fatal Error] :1:1: Premature end of file.
2025-07-22 21:41:24,151 [ERROR] LogOutputStream:75 - [STDERR_REDIRECT] 
2025-07-22 21:41:25,148 [ERROR] LogOutputStream:75 - [STDERR_REDIRECT] [Fatal Error] :1:1: Premature end of file.
2025-07-22 21:41:25,149 [ERROR] LogOutputStream:75 - [STDERR_REDIRECT] 
2025-07-22 21:41:26,148 [ERROR] LogOutputStream:75 - [STDERR_REDIRECT] [Fatal Error] :1:1: Premature end of file.
2025-07-22 21:41:26,148 [ERROR] LogOutputStream:75 - [STDERR_REDIRECT] 
2025-07-22 21:41:27,149 [ERROR] LogOutputStream:75 - [STDERR_REDIRECT] [Fatal Error] :1:1: Premature end of file.
2025-07-22 21:41:27,149 [ERROR] LogOutputStream:75 - [STDERR_REDIRECT] 
2025-07-22 21:41:28,145 [ERROR] LogOutputStream:75 - [STDERR_REDIRECT] [Fatal Error] :1:1: Premature end of file.
2025-07-22 21:41:28,145 [ERROR] LogOutputStream:75 - [STDERR_REDIRECT] 
2025-07-22 21:41:29,157 [ERROR] LogOutputStream:75 - [STDERR_REDIRECT] [Fatal Error] :1:1: Premature end of file.
2025-07-22 21:41:29,157 [ERROR] LogOutputStream:75 - [STDERR_REDIRECT] 
2025-07-22 21:41:30,148 [ERROR] LogOutputStream:75 - [STDERR_REDIRECT] [Fatal Error] :1:1: Premature end of file.
2025-07-22 21:41:30,148 [ERROR] LogOutputStream:75 - [STDERR_REDIRECT] 
2025-07-22 21:41:31,143 [ERROR] LogOutputStream:75 - [STDERR_REDIRECT] [Fatal Error] :1:1: Premature end of file.
2025-07-22 21:41:31,143 [ERROR] LogOutputStream:75 - [STDERR_REDIRECT] 
2025-07-22 21:41:32,148 [ERROR] LogOutputStream:75 - [STDERR_REDIRECT] [Fatal Error] :1:1: Premature end of file.
2025-07-22 21:41:32,148 [ERROR] LogOutputStream:75 - [STDERR_REDIRECT] 
2025-07-22 21:41:33,148 [ERROR] LogOutputStream:75 - [STDERR_REDIRECT] [Fatal Error] :1:1: Premature end of file.
2025-07-22 21:41:33,148 [ERROR] LogOutputStream:75 - [STDERR_REDIRECT] 
2025-07-22 21:41:34,147 [ERROR] LogOutputStream:75 - [STDERR_REDIRECT] [Fatal Error] :1:1: Premature end of file.
2025-07-22 21:41:34,148 [ERROR] LogOutputStream:75 - [STDERR_REDIRECT] 
2025-07-22 21:41:35,146 [ERROR] LogOutputStream:75 - [STDERR_REDIRECT] [Fatal Error] :1:1: Premature end of file.
2025-07-22 21:41:35,146 [ERROR] LogOutputStream:75 - [STDERR_REDIRECT] 
2025-07-22 21:41:36,148 [ERROR] LogOutputStream:75 - [STDERR_REDIRECT] [Fatal Error] :1:1: Premature end of file.
2025-07-22 21:41:36,148 [ERROR] LogOutputStream:75 - [STDERR_REDIRECT] 
2025-07-22 21:41:37,149 [ERROR] LogOutputStream:75 - [STDERR_REDIRECT] [Fatal Error] :1:1: Premature end of file.
2025-07-22 21:41:37,149 [ERROR] LogOutputStream:75 - [STDERR_REDIRECT] 
2025-07-22 21:41:38,147 [ERROR] LogOutputStream:75 - [STDERR_REDIRECT] [Fatal Error] :1:1: Premature end of file.
2025-07-22 21:41:38,147 [ERROR] LogOutputStream:75 - [STDERR_REDIRECT] 
2025-07-22 21:41:39,148 [ERROR] LogOutputStream:75 - [STDERR_REDIRECT] [Fatal Error] :1:1: Premature end of file.
2025-07-22 21:41:39,148 [ERROR] LogOutputStream:75 - [STDERR_REDIRECT] 
2025-07-22 21:41:40,146 [ERROR] LogOutputStream:75 - [STDERR_REDIRECT] [Fatal Error] :1:1: Premature end of file.
2025-07-22 21:41:40,146 [ERROR] LogOutputStream:75 - [STDERR_REDIRECT] 
2025-07-22 21:41:41,143 [ERROR] LogOutputStream:75 - [STDERR_REDIRECT] [Fatal Error] :1:1: Premature end of file.
2025-07-22 21:41:41,143 [ERROR] LogOutputStream:75 - [STDERR_REDIRECT] 
2025-07-22 21:41:42,148 [ERROR] LogOutputStream:75 - [STDERR_REDIRECT] [Fatal Error] :1:1: Premature end of file.
2025-07-22 21:41:42,148 [ERROR] LogOutputStream:75 - [STDERR_REDIRECT] 
2025-07-22 21:41:43,150 [ERROR] LogOutputStream:75 - [STDERR_REDIRECT] [Fatal Error] :1:1: Premature end of file.
2025-07-22 21:41:43,150 [ERROR] LogOutputStream:75 - [STDERR_REDIRECT] 
2025-07-22 21:41:44,149 [ERROR] LogOutputStream:75 - [STDERR_REDIRECT] [Fatal Error] :1:1: Premature end of file.
2025-07-22 21:41:44,149 [ERROR] LogOutputStream:75 - [STDERR_REDIRECT] 
2025-07-22 21:41:45,147 [ERROR] LogOutputStream:75 - [STDERR_REDIRECT] [Fatal Error] :1:1: Premature end of file.
2025-07-22 21:41:45,148 [ERROR] LogOutputStream:75 - [STDERR_REDIRECT] 
2025-07-22 21:41:46,150 [ERROR] LogOutputStream:75 - [STDERR_REDIRECT] [Fatal Error] :1:1: Premature end of file.
2025-07-22 21:41:46,150 [ERROR] LogOutputStream:75 - [STDERR_REDIRECT] 
2025-07-22 21:41:47,147 [ERROR] LogOutputStream:75 - [STDERR_REDIRECT] [Fatal Error] :1:1: Premature end of file.
2025-07-22 21:41:47,148 [ERROR] LogOutputStream:75 - [STDERR_REDIRECT] 
2025-07-22 21:41:48,148 [ERROR] LogOutputStream:75 - [STDERR_REDIRECT] [Fatal Error] :1:1: Premature end of file.
2025-07-22 21:41:48,148 [ERROR] LogOutputStream:75 - [STDERR_REDIRECT] 
2025-07-22 21:41:49,149 [ERROR] LogOutputStream:75 - [STDERR_REDIRECT] [Fatal Error] :1:1: Premature end of file.
2025-07-22 21:41:49,149 [ERROR] LogOutputStream:75 - [STDERR_REDIRECT] 
2025-07-22 21:41:50,151 [ERROR] LogOutputStream:75 - [STDERR_REDIRECT] [Fatal Error] :1:1: Premature end of file.
2025-07-22 21:41:50,151 [ERROR] LogOutputStream:75 - [STDERR_REDIRECT] 
2025-07-22 21:41:51,145 [ERROR] LogOutputStream:75 - [STDERR_REDIRECT] [Fatal Error] :1:1: Premature end of file.
2025-07-22 21:41:51,145 [ERROR] LogOutputStream:75 - [STDERR_REDIRECT] 
2025-07-22 21:41:52,146 [ERROR] LogOutputStream:75 - [STDERR_REDIRECT] [Fatal Error] :1:1: Premature end of file.
2025-07-22 21:41:52,146 [ERROR] LogOutputStream:75 - [STDERR_REDIRECT] 
2025-07-22 21:41:53,145 [ERROR] LogOutputStream:75 - [STDERR_REDIRECT] [Fatal Error] :1:1: Premature end of file.
2025-07-22 21:41:53,145 [ERROR] LogOutputStream:75 - [STDERR_REDIRECT] 
2025-07-22 21:41:54,149 [ERROR] LogOutputStream:75 - [STDERR_REDIRECT] [Fatal Error] :1:1: Premature end of file.
2025-07-22 21:41:54,149 [ERROR] LogOutputStream:75 - [STDERR_REDIRECT] 
2025-07-22 21:41:55,147 [ERROR] LogOutputStream:75 - [STDERR_REDIRECT] [Fatal Error] :1:1: Premature end of file.
2025-07-22 21:41:55,147 [ERROR] LogOutputStream:75 - [STDERR_REDIRECT] 
2025-07-22 21:41:56,148 [ERROR] LogOutputStream:75 - [STDERR_REDIRECT] [Fatal Error] :1:1: Premature end of file.
2025-07-22 21:41:56,148 [ERROR] LogOutputStream:75 - [STDERR_REDIRECT] 
2025-07-22 21:41:57,147 [ERROR] LogOutputStream:75 - [STDERR_REDIRECT] [Fatal Error] :1:1: Premature end of file.
2025-07-22 21:41:57,147 [ERROR] LogOutputStream:75 - [STDERR_REDIRECT] 
2025-07-22 21:41:58,149 [ERROR] LogOutputStream:75 - [STDERR_REDIRECT] [Fatal Error] :1:1: Premature end of file.
2025-07-22 21:41:58,149 [ERROR] LogOutputStream:75 - [STDERR_REDIRECT] 
2025-07-22 21:41:59,150 [ERROR] LogOutputStream:75 - [STDERR_REDIRECT] [Fatal Error] :1:1: Premature end of file.
2025-07-22 21:41:59,150 [ERROR] LogOutputStream:75 - [STDERR_REDIRECT] 
2025-07-22 21:42:00,147 [ERROR] LogOutputStream:75 - [STDERR_REDIRECT] [Fatal Error] :1:1: Premature end of file.
2025-07-22 21:42:00,147 [ERROR] LogOutputStream:75 - [STDERR_REDIRECT] 
2025-07-22 21:42:01,145 [ERROR] LogOutputStream:75 - [STDERR_REDIRECT] [Fatal Error] :1:1: Premature end of file.
2025-07-22 21:42:01,145 [ERROR] LogOutputStream:75 - [STDERR_REDIRECT] 
2025-07-22 21:42:02,151 [ERROR] LogOutputStream:75 - [STDERR_REDIRECT] [Fatal Error] :1:1: Premature end of file.
2025-07-22 21:42:02,151 [ERROR] LogOutputStream:75 - [STDERR_REDIRECT] 
2025-07-22 21:42:03,153 [ERROR] LogOutputStream:75 - [STDERR_REDIRECT] [Fatal Error] :1:1: Premature end of file.
2025-07-22 21:42:03,153 [ERROR] LogOutputStream:75 - [STDERR_REDIRECT] 
2025-07-22 21:42:04,147 [ERROR] LogOutputStream:75 - [STDERR_REDIRECT] [Fatal Error] :1:1: Premature end of file.
2025-07-22 21:42:04,147 [ERROR] LogOutputStream:75 - [STDERR_REDIRECT] 
2025-07-22 21:42:05,141 [ERROR] LogOutputStream:75 - [STDERR_REDIRECT] [Fatal Error] :1:1: Premature end of file.
2025-07-22 21:42:05,142 [ERROR] LogOutputStream:75 - [STDERR_REDIRECT] 
2025-07-22 21:42:06,150 [ERROR] LogOutputStream:75 - [STDERR_REDIRECT] [Fatal Error] :1:1: Premature end of file.
2025-07-22 21:42:06,150 [ERROR] LogOutputStream:75 - [STDERR_REDIRECT] 
2025-07-22 21:42:07,150 [ERROR] LogOutputStream:75 - [STDERR_REDIRECT] [Fatal Error] :1:1: Premature end of file.
2025-07-22 21:42:07,150 [ERROR] LogOutputStream:75 - [STDERR_REDIRECT] 
2025-07-22 21:42:08,151 [ERROR] LogOutputStream:75 - [STDERR_REDIRECT] [Fatal Error] :1:1: Premature end of file.
2025-07-22 21:42:08,151 [ERROR] LogOutputStream:75 - [STDERR_REDIRECT] 
2025-07-22 21:42:09,149 [ERROR] LogOutputStream:75 - [STDERR_REDIRECT] [Fatal Error] :1:1: Premature end of file.
2025-07-22 21:42:09,149 [ERROR] LogOutputStream:75 - [STDERR_REDIRECT] 
2025-07-22 21:42:10,147 [ERROR] LogOutputStream:75 - [STDERR_REDIRECT] [Fatal Error] :1:1: Premature end of file.
2025-07-22 21:42:10,147 [ERROR] LogOutputStream:75 - [STDERR_REDIRECT] 
2025-07-22 21:42:11,150 [ERROR] LogOutputStream:75 - [STDERR_REDIRECT] [Fatal Error] :1:1: Premature end of file.
2025-07-22 21:42:11,150 [ERROR] LogOutputStream:75 - [STDERR_REDIRECT] 
2025-07-22 21:42:12,150 [ERROR] LogOutputStream:75 - [STDERR_REDIRECT] [Fatal Error] :1:1: Premature end of file.
2025-07-22 21:42:12,150 [ERROR] LogOutputStream:75 - [STDERR_REDIRECT] 
2025-07-22 21:42:13,143 [ERROR] LogOutputStream:75 - [STDERR_REDIRECT] [Fatal Error] :1:1: Premature end of file.
2025-07-22 21:42:13,143 [ERROR] LogOutputStream:75 - [STDERR_REDIRECT] 
2025-07-22 21:42:14,147 [ERROR] LogOutputStream:75 - [STDERR_REDIRECT] [Fatal Error] :1:1: Premature end of file.
2025-07-22 21:42:14,147 [ERROR] LogOutputStream:75 - [STDERR_REDIRECT] 
2025-07-22 21:42:15,148 [ERROR] LogOutputStream:75 - [STDERR_REDIRECT] [Fatal Error] :1:1: Premature end of file.
2025-07-22 21:42:15,148 [ERROR] LogOutputStream:75 - [STDERR_REDIRECT] 
2025-07-22 21:42:16,145 [ERROR] LogOutputStream:75 - [STDERR_REDIRECT] [Fatal Error] :1:1: Premature end of file.
2025-07-22 21:42:16,145 [ERROR] LogOutputStream:75 - [STDERR_REDIRECT] 
2025-07-22 21:42:17,143 [ERROR] LogOutputStream:75 - [STDERR_REDIRECT] [Fatal Error] :1:1: Premature end of file.
2025-07-22 21:42:17,143 [ERROR] LogOutputStream:75 - [STDERR_REDIRECT] 
2025-07-22 21:42:18,144 [ERROR] LogOutputStream:75 - [STDERR_REDIRECT] [Fatal Error] :1:1: Premature end of file.
2025-07-22 21:42:18,144 [ERROR] LogOutputStream:75 - [STDERR_REDIRECT] 
2025-07-22 21:42:19,148 [ERROR] LogOutputStream:75 - [STDERR_REDIRECT] [Fatal Error] :1:1: Premature end of file.
2025-07-22 21:42:19,148 [ERROR] LogOutputStream:75 - [STDERR_REDIRECT] 
2025-07-22 21:42:20,145 [ERROR] LogOutputStream:75 - [STDERR_REDIRECT] [Fatal Error] :1:1: Premature end of file.
2025-07-22 21:42:20,145 [ERROR] LogOutputStream:75 - [STDERR_REDIRECT] 
2025-07-22 21:42:21,148 [ERROR] LogOutputStream:75 - [STDERR_REDIRECT] [Fatal Error] :1:1: Premature end of file.
2025-07-22 21:42:21,148 [ERROR] LogOutputStream:75 - [STDERR_REDIRECT] 
2025-07-22 21:42:22,146 [ERROR] LogOutputStream:75 - [STDERR_REDIRECT] [Fatal Error] :1:1: Premature end of file.
2025-07-22 21:42:22,146 [ERROR] LogOutputStream:75 - [STDERR_REDIRECT] 
2025-07-22 21:42:23,150 [ERROR] LogOutputStream:75 - [STDERR_REDIRECT] [Fatal Error] :1:1: Premature end of file.
2025-07-22 21:42:23,150 [ERROR] LogOutputStream:75 - [STDERR_REDIRECT] 
2025-07-22 21:42:24,149 [ERROR] LogOutputStream:75 - [STDERR_REDIRECT] [Fatal Error] :1:1: Premature end of file.
2025-07-22 21:42:24,149 [ERROR] LogOutputStream:75 - [STDERR_REDIRECT] 
2025-07-22 21:42:25,149 [ERROR] LogOutputStream:75 - [STDERR_REDIRECT] [Fatal Error] :1:1: Premature end of file.
2025-07-22 21:42:25,149 [ERROR] LogOutputStream:75 - [STDERR_REDIRECT] 
2025-07-22 21:42:26,142 [ERROR] LogOutputStream:75 - [STDERR_REDIRECT] [Fatal Error] :1:1: Premature end of file.
2025-07-22 21:42:26,142 [ERROR] LogOutputStream:75 - [STDERR_REDIRECT] 
2025-07-22 21:42:27,150 [ERROR] LogOutputStream:75 - [STDERR_REDIRECT] [Fatal Error] :1:1: Premature end of file.
2025-07-22 21:42:27,150 [ERROR] LogOutputStream:75 - [STDERR_REDIRECT] 
2025-07-22 21:42:28,148 [ERROR] LogOutputStream:75 - [STDERR_REDIRECT] [Fatal Error] :1:1: Premature end of file.
2025-07-22 21:42:28,148 [ERROR] LogOutputStream:75 - [STDERR_REDIRECT] 
2025-07-22 21:42:29,139 [ERROR] LogOutputStream:75 - [STDERR_REDIRECT] [Fatal Error] :1:1: Premature end of file.
2025-07-22 21:42:29,139 [ERROR] LogOutputStream:75 - [STDERR_REDIRECT] 
2025-07-22 21:42:30,133 [ERROR] LogOutputStream:75 - [STDERR_REDIRECT] [Fatal Error] :1:1: Premature end of file.
2025-07-22 21:42:30,133 [ERROR] LogOutputStream:75 - [STDERR_REDIRECT] 
2025-07-22 21:42:31,149 [ERROR] LogOutputStream:75 - [STDERR_REDIRECT] [Fatal Error] :1:1: Premature end of file.
2025-07-22 21:42:31,149 [ERROR] LogOutputStream:75 - [STDERR_REDIRECT] 
2025-07-22 21:42:32,149 [ERROR] LogOutputStream:75 - [STDERR_REDIRECT] [Fatal Error] :1:1: Premature end of file.
2025-07-22 21:42:32,149 [ERROR] LogOutputStream:75 - [STDERR_REDIRECT] 
2025-07-22 21:42:33,149 [ERROR] LogOutputStream:75 - [STDERR_REDIRECT] [Fatal Error] :1:1: Premature end of file.
2025-07-22 21:42:33,149 [ERROR] LogOutputStream:75 - [STDERR_REDIRECT] 
2025-07-22 21:42:34,149 [ERROR] LogOutputStream:75 - [STDERR_REDIRECT] [Fatal Error] :1:1: Premature end of file.
2025-07-22 21:42:34,149 [ERROR] LogOutputStream:75 - [STDERR_REDIRECT] 
2025-07-22 21:42:35,151 [ERROR] LogOutputStream:75 - [STDERR_REDIRECT] [Fatal Error] :1:1: Premature end of file.
2025-07-22 21:42:35,151 [ERROR] LogOutputStream:75 - [STDERR_REDIRECT] 
2025-07-22 21:42:36,149 [ERROR] LogOutputStream:75 - [STDERR_REDIRECT] [Fatal Error] :1:1: Premature end of file.
2025-07-22 21:42:36,149 [ERROR] LogOutputStream:75 - [STDERR_REDIRECT] 
2025-07-22 21:42:37,148 [ERROR] LogOutputStream:75 - [STDERR_REDIRECT] [Fatal Error] :1:1: Premature end of file.
2025-07-22 21:42:37,148 [ERROR] LogOutputStream:75 - [STDERR_REDIRECT] 
2025-07-22 21:42:38,149 [ERROR] LogOutputStream:75 - [STDERR_REDIRECT] [Fatal Error] :1:1: Premature end of file.
2025-07-22 21:42:38,149 [ERROR] LogOutputStream:75 - [STDERR_REDIRECT] 
2025-07-22 21:42:39,148 [ERROR] LogOutputStream:75 - [STDERR_REDIRECT] [Fatal Error] :1:1: Premature end of file.
2025-07-22 21:42:39,148 [ERROR] LogOutputStream:75 - [STDERR_REDIRECT] 
2025-07-22 21:42:40,140 [ERROR] LogOutputStream:75 - [STDERR_REDIRECT] [Fatal Error] :1:1: Premature end of file.
2025-07-22 21:42:40,140 [ERROR] LogOutputStream:75 - [STDERR_REDIRECT] 
2025-07-22 21:42:41,140 [ERROR] LogOutputStream:75 - [STDERR_REDIRECT] [Fatal Error] :1:1: Premature end of file.
2025-07-22 21:42:41,140 [ERROR] LogOutputStream:75 - [STDERR_REDIRECT] 
2025-07-22 21:42:42,148 [ERROR] LogOutputStream:75 - [STDERR_REDIRECT] [Fatal Error] :1:1: Premature end of file.
2025-07-22 21:42:42,148 [ERROR] LogOutputStream:75 - [STDERR_REDIRECT] 
2025-07-22 21:42:43,150 [ERROR] LogOutputStream:75 - [STDERR_REDIRECT] [Fatal Error] :1:1: Premature end of file.
2025-07-22 21:42:43,150 [ERROR] LogOutputStream:75 - [STDERR_REDIRECT] 
2025-07-22 21:42:44,152 [ERROR] LogOutputStream:75 - [STDERR_REDIRECT] [Fatal Error] :1:1: Premature end of file.
2025-07-22 21:42:44,152 [ERROR] LogOutputStream:75 - [STDERR_REDIRECT] 
2025-07-22 21:42:45,146 [ERROR] LogOutputStream:75 - [STDERR_REDIRECT] [Fatal Error] :1:1: Premature end of file.
2025-07-22 21:42:45,146 [ERROR] LogOutputStream:75 - [STDERR_REDIRECT] 
2025-07-22 21:42:46,146 [ERROR] LogOutputStream:75 - [STDERR_REDIRECT] [Fatal Error] :1:1: Premature end of file.
2025-07-22 21:42:46,147 [ERROR] LogOutputStream:75 - [STDERR_REDIRECT] 
2025-07-22 21:42:47,150 [ERROR] LogOutputStream:75 - [STDERR_REDIRECT] [Fatal Error] :1:1: Premature end of file.
2025-07-22 21:42:47,150 [ERROR] LogOutputStream:75 - [STDERR_REDIRECT] 
2025-07-22 21:42:48,143 [ERROR] LogOutputStream:75 - [STDERR_REDIRECT] [Fatal Error] :1:1: Premature end of file.
2025-07-22 21:42:48,143 [ERROR] LogOutputStream:75 - [STDERR_REDIRECT] 
2025-07-22 21:42:49,144 [ERROR] LogOutputStream:75 - [STDERR_REDIRECT] [Fatal Error] :1:1: Premature end of file.
2025-07-22 21:42:49,144 [ERROR] LogOutputStream:75 - [STDERR_REDIRECT] 
2025-07-22 21:42:50,133 [ERROR] LogOutputStream:75 - [STDERR_REDIRECT] [Fatal Error] :1:1: Premature end of file.
2025-07-22 21:42:50,133 [ERROR] LogOutputStream:75 - [STDERR_REDIRECT] 
2025-07-22 21:42:51,148 [ERROR] LogOutputStream:75 - [STDERR_REDIRECT] [Fatal Error] :1:1: Premature end of file.
2025-07-22 21:42:51,149 [ERROR] LogOutputStream:75 - [STDERR_REDIRECT] 
2025-07-22 21:42:52,145 [ERROR] LogOutputStream:75 - [STDERR_REDIRECT] [Fatal Error] :1:1: Premature end of file.
2025-07-22 21:42:52,145 [ERROR] LogOutputStream:75 - [STDERR_REDIRECT] 
2025-07-22 21:42:53,160 [ERROR] LogOutputStream:75 - [STDERR_REDIRECT] [Fatal Error] :1:1: Premature end of file.
2025-07-22 21:42:53,160 [ERROR] LogOutputStream:75 - [STDERR_REDIRECT] 
2025-07-22 21:42:54,149 [ERROR] LogOutputStream:75 - [STDERR_REDIRECT] [Fatal Error] :1:1: Premature end of file.
2025-07-22 21:42:54,149 [ERROR] LogOutputStream:75 - [STDERR_REDIRECT] 
2025-07-22 21:42:55,145 [ERROR] LogOutputStream:75 - [STDERR_REDIRECT] [Fatal Error] :1:1: Premature end of file.
2025-07-22 21:42:55,145 [ERROR] LogOutputStream:75 - [STDERR_REDIRECT] 
2025-07-22 21:42:56,147 [ERROR] LogOutputStream:75 - [STDERR_REDIRECT] [Fatal Error] :1:1: Premature end of file.
2025-07-22 21:42:56,147 [ERROR] LogOutputStream:75 - [STDERR_REDIRECT] 
2025-07-22 21:42:57,148 [ERROR] LogOutputStream:75 - [STDERR_REDIRECT] [Fatal Error] :1:1: Premature end of file.
2025-07-22 21:42:57,148 [ERROR] LogOutputStream:75 - [STDERR_REDIRECT] 
2025-07-22 21:42:58,150 [ERROR] LogOutputStream:75 - [STDERR_REDIRECT] [Fatal Error] :1:1: Premature end of file.
2025-07-22 21:42:58,150 [ERROR] LogOutputStream:75 - [STDERR_REDIRECT] 
2025-07-22 21:42:59,146 [ERROR] LogOutputStream:75 - [STDERR_REDIRECT] [Fatal Error] :1:1: Premature end of file.
2025-07-22 21:42:59,146 [ERROR] LogOutputStream:75 - [STDERR_REDIRECT] 
2025-07-22 21:43:00,149 [ERROR] LogOutputStream:75 - [STDERR_REDIRECT] [Fatal Error] :1:1: Premature end of file.
2025-07-22 21:43:00,149 [ERROR] LogOutputStream:75 - [STDERR_REDIRECT] 
2025-07-22 21:43:01,150 [ERROR] LogOutputStream:75 - [STDERR_REDIRECT] [Fatal Error] :1:1: Premature end of file.
2025-07-22 21:43:01,150 [ERROR] LogOutputStream:75 - [STDERR_REDIRECT] 
2025-07-22 21:43:02,150 [ERROR] LogOutputStream:75 - [STDERR_REDIRECT] [Fatal Error] :1:1: Premature end of file.
2025-07-22 21:43:02,150 [ERROR] LogOutputStream:75 - [STDERR_REDIRECT] 
2025-07-22 21:43:03,148 [ERROR] LogOutputStream:75 - [STDERR_REDIRECT] [Fatal Error] :1:1: Premature end of file.
2025-07-22 21:43:03,148 [ERROR] LogOutputStream:75 - [STDERR_REDIRECT] 
2025-07-22 21:43:04,150 [ERROR] LogOutputStream:75 - [STDERR_REDIRECT] [Fatal Error] :1:1: Premature end of file.
2025-07-22 21:43:04,150 [ERROR] LogOutputStream:75 - [STDERR_REDIRECT] 
2025-07-22 21:43:05,155 [ERROR] LogOutputStream:75 - [STDERR_REDIRECT] [Fatal Error] :1:1: Premature end of file.
2025-07-22 21:43:05,156 [ERROR] LogOutputStream:75 - [STDERR_REDIRECT] 
2025-07-22 21:43:06,149 [ERROR] LogOutputStream:75 - [STDERR_REDIRECT] [Fatal Error] :1:1: Premature end of file.
2025-07-22 21:43:06,149 [ERROR] LogOutputStream:75 - [STDERR_REDIRECT] 
2025-07-22 21:43:07,144 [ERROR] LogOutputStream:75 - [STDERR_REDIRECT] [Fatal Error] :1:1: Premature end of file.
2025-07-22 21:43:07,144 [ERROR] LogOutputStream:75 - [STDERR_REDIRECT] 
2025-07-22 21:43:08,148 [ERROR] LogOutputStream:75 - [STDERR_REDIRECT] [Fatal Error] :1:1: Premature end of file.
2025-07-22 21:43:08,148 [ERROR] LogOutputStream:75 - [STDERR_REDIRECT] 
2025-07-22 21:43:09,148 [ERROR] LogOutputStream:75 - [STDERR_REDIRECT] [Fatal Error] :1:1: Premature end of file.
2025-07-22 21:43:09,148 [ERROR] LogOutputStream:75 - [STDERR_REDIRECT] 
2025-07-22 21:43:10,147 [ERROR] LogOutputStream:75 - [STDERR_REDIRECT] [Fatal Error] :1:1: Premature end of file.
2025-07-22 21:43:10,147 [ERROR] LogOutputStream:75 - [STDERR_REDIRECT] 
2025-07-22 21:43:11,151 [ERROR] LogOutputStream:75 - [STDERR_REDIRECT] [Fatal Error] :1:1: Premature end of file.
2025-07-22 21:43:11,151 [ERROR] LogOutputStream:75 - [STDERR_REDIRECT] 
2025-07-22 21:43:12,149 [ERROR] LogOutputStream:75 - [STDERR_REDIRECT] [Fatal Error] :1:1: Premature end of file.
2025-07-22 21:43:12,149 [ERROR] LogOutputStream:75 - [STDERR_REDIRECT] 
2025-07-22 21:43:13,148 [ERROR] LogOutputStream:75 - [STDERR_REDIRECT] [Fatal Error] :1:1: Premature end of file.
2025-07-22 21:43:13,148 [ERROR] LogOutputStream:75 - [STDERR_REDIRECT] 
2025-07-22 21:43:14,151 [ERROR] LogOutputStream:75 - [STDERR_REDIRECT] [Fatal Error] :1:1: Premature end of file.
2025-07-22 21:43:14,151 [ERROR] LogOutputStream:75 - [STDERR_REDIRECT] 
2025-07-22 21:43:15,151 [ERROR] LogOutputStream:75 - [STDERR_REDIRECT] [Fatal Error] :1:1: Premature end of file.
2025-07-22 21:43:15,151 [ERROR] LogOutputStream:75 - [STDERR_REDIRECT] 
2025-07-22 21:43:16,141 [ERROR] LogOutputStream:75 - [STDERR_REDIRECT] [Fatal Error] :1:1: Premature end of file.
2025-07-22 21:43:16,141 [ERROR] LogOutputStream:75 - [STDERR_REDIRECT] 
2025-07-22 21:43:17,152 [ERROR] LogOutputStream:75 - [STDERR_REDIRECT] [Fatal Error] :1:1: Premature end of file.
2025-07-22 21:43:17,152 [ERROR] LogOutputStream:75 - [STDERR_REDIRECT] 
2025-07-22 21:43:18,148 [ERROR] LogOutputStream:75 - [STDERR_REDIRECT] [Fatal Error] :1:1: Premature end of file.
2025-07-22 21:43:18,148 [ERROR] LogOutputStream:75 - [STDERR_REDIRECT] 
2025-07-22 21:43:19,562 [ERROR] LogOutputStream:75 - [STDERR_REDIRECT] [Fatal Error] :1:1: Premature end of file.
2025-07-22 21:43:19,562 [ERROR] LogOutputStream:75 - [STDERR_REDIRECT] 
2025-07-22 21:43:20,152 [ERROR] LogOutputStream:75 - [STDERR_REDIRECT] [Fatal Error] :1:1: Premature end of file.
2025-07-22 21:43:20,152 [ERROR] LogOutputStream:75 - [STDERR_REDIRECT] 
2025-07-22 21:43:21,140 [ERROR] LogOutputStream:75 - [STDERR_REDIRECT] [Fatal Error] :1:1: Premature end of file.
2025-07-22 21:43:21,140 [ERROR] LogOutputStream:75 - [STDERR_REDIRECT] 
2025-07-22 21:43:22,132 [ERROR] LogOutputStream:75 - [STDERR_REDIRECT] [Fatal Error] :1:1: Premature end of file.
2025-07-22 21:43:22,132 [ERROR] LogOutputStream:75 - [STDERR_REDIRECT] 
2025-07-22 21:43:23,146 [ERROR] LogOutputStream:75 - [STDERR_REDIRECT] [Fatal Error] :1:1: Premature end of file.
2025-07-22 21:43:23,146 [ERROR] LogOutputStream:75 - [STDERR_REDIRECT] 
2025-07-22 21:43:24,151 [ERROR] LogOutputStream:75 - [STDERR_REDIRECT] [Fatal Error] :1:1: Premature end of file.
2025-07-22 21:43:24,151 [ERROR] LogOutputStream:75 - [STDERR_REDIRECT] 
2025-07-22 21:43:25,146 [ERROR] LogOutputStream:75 - [STDERR_REDIRECT] [Fatal Error] :1:1: Premature end of file.
2025-07-22 21:43:25,147 [ERROR] LogOutputStream:75 - [STDERR_REDIRECT] 
2025-07-22 21:43:26,148 [ERROR] LogOutputStream:75 - [STDERR_REDIRECT] [Fatal Error] :1:1: Premature end of file.
2025-07-22 21:43:26,148 [ERROR] LogOutputStream:75 - [STDERR_REDIRECT] 
2025-07-22 21:43:27,151 [ERROR] LogOutputStream:75 - [STDERR_REDIRECT] [Fatal Error] :1:1: Premature end of file.
2025-07-22 21:43:27,151 [ERROR] LogOutputStream:75 - [STDERR_REDIRECT] 
2025-07-22 21:43:28,134 [ERROR] LogOutputStream:75 - [STDERR_REDIRECT] [Fatal Error] :1:1: Premature end of file.
2025-07-22 21:43:28,134 [ERROR] LogOutputStream:75 - [STDERR_REDIRECT] 
2025-07-22 21:43:29,151 [ERROR] LogOutputStream:75 - [STDERR_REDIRECT] [Fatal Error] :1:1: Premature end of file.
2025-07-22 21:43:29,151 [ERROR] LogOutputStream:75 - [STDERR_REDIRECT] 
2025-07-22 21:43:30,150 [ERROR] LogOutputStream:75 - [STDERR_REDIRECT] [Fatal Error] :1:1: Premature end of file.
2025-07-22 21:43:30,150 [ERROR] LogOutputStream:75 - [STDERR_REDIRECT] 
2025-07-22 21:43:31,145 [ERROR] LogOutputStream:75 - [STDERR_REDIRECT] [Fatal Error] :1:1: Premature end of file.
2025-07-22 21:43:31,145 [ERROR] LogOutputStream:75 - [STDERR_REDIRECT] 
2025-07-22 21:43:32,149 [ERROR] LogOutputStream:75 - [STDERR_REDIRECT] [Fatal Error] :1:1: Premature end of file.
2025-07-22 21:43:32,149 [ERROR] LogOutputStream:75 - [STDERR_REDIRECT] 
2025-07-22 21:43:33,150 [ERROR] LogOutputStream:75 - [STDERR_REDIRECT] [Fatal Error] :1:1: Premature end of file.
2025-07-22 21:43:33,150 [ERROR] LogOutputStream:75 - [STDERR_REDIRECT] 
2025-07-22 21:43:34,150 [ERROR] LogOutputStream:75 - [STDERR_REDIRECT] [Fatal Error] :1:1: Premature end of file.
2025-07-22 21:43:34,150 [ERROR] LogOutputStream:75 - [STDERR_REDIRECT] 
2025-07-22 21:43:35,151 [ERROR] LogOutputStream:75 - [STDERR_REDIRECT] [Fatal Error] :1:1: Premature end of file.
2025-07-22 21:43:35,151 [ERROR] LogOutputStream:75 - [STDERR_REDIRECT] 
2025-07-22 21:43:36,149 [ERROR] LogOutputStream:75 - [STDERR_REDIRECT] [Fatal Error] :1:1: Premature end of file.
2025-07-22 21:43:36,149 [ERROR] LogOutputStream:75 - [STDERR_REDIRECT] 
2025-07-22 21:43:37,149 [ERROR] LogOutputStream:75 - [STDERR_REDIRECT] [Fatal Error] :1:1: Premature end of file.
2025-07-22 21:43:37,150 [ERROR] LogOutputStream:75 - [STDERR_REDIRECT] 
2025-07-22 21:43:38,150 [ERROR] LogOutputStream:75 - [STDERR_REDIRECT] [Fatal Error] :1:1: Premature end of file.
2025-07-22 21:43:38,150 [ERROR] LogOutputStream:75 - [STDERR_REDIRECT] 
2025-07-22 21:43:39,149 [ERROR] LogOutputStream:75 - [STDERR_REDIRECT] [Fatal Error] :1:1: Premature end of file.
2025-07-22 21:43:39,149 [ERROR] LogOutputStream:75 - [STDERR_REDIRECT] 
2025-07-22 21:43:40,151 [ERROR] LogOutputStream:75 - [STDERR_REDIRECT] [Fatal Error] :1:1: Premature end of file.
2025-07-22 21:43:40,151 [ERROR] LogOutputStream:75 - [STDERR_REDIRECT] 
2025-07-22 21:43:41,154 [ERROR] LogOutputStream:75 - [STDERR_REDIRECT] [Fatal Error] :1:1: Premature end of file.
2025-07-22 21:43:41,154 [ERROR] LogOutputStream:75 - [STDERR_REDIRECT] 
2025-07-22 21:43:42,149 [ERROR] LogOutputStream:75 - [STDERR_REDIRECT] [Fatal Error] :1:1: Premature end of file.
2025-07-22 21:43:42,149 [ERROR] LogOutputStream:75 - [STDERR_REDIRECT] 
2025-07-22 21:43:43,151 [ERROR] LogOutputStream:75 - [STDERR_REDIRECT] [Fatal Error] :1:1: Premature end of file.
2025-07-22 21:43:43,152 [ERROR] LogOutputStream:75 - [STDERR_REDIRECT] 
2025-07-22 21:43:44,150 [ERROR] LogOutputStream:75 - [STDERR_REDIRECT] [Fatal Error] :1:1: Premature end of file.
2025-07-22 21:43:44,150 [ERROR] LogOutputStream:75 - [STDERR_REDIRECT] 
2025-07-22 21:43:45,151 [ERROR] LogOutputStream:75 - [STDERR_REDIRECT] [Fatal Error] :1:1: Premature end of file.
2025-07-22 21:43:45,151 [ERROR] LogOutputStream:75 - [STDERR_REDIRECT] 
2025-07-22 21:43:46,145 [ERROR] LogOutputStream:75 - [STDERR_REDIRECT] [Fatal Error] :1:1: Premature end of file.
2025-07-22 21:43:46,145 [ERROR] LogOutputStream:75 - [STDERR_REDIRECT] 
2025-07-22 21:43:47,152 [ERROR] LogOutputStream:75 - [STDERR_REDIRECT] [Fatal Error] :1:1: Premature end of file.
2025-07-22 21:43:47,152 [ERROR] LogOutputStream:75 - [STDERR_REDIRECT] 
2025-07-22 21:43:48,149 [ERROR] LogOutputStream:75 - [STDERR_REDIRECT] [Fatal Error] :1:1: Premature end of file.
2025-07-22 21:43:48,149 [ERROR] LogOutputStream:75 - [STDERR_REDIRECT] 
2025-07-22 21:43:49,148 [ERROR] LogOutputStream:75 - [STDERR_REDIRECT] [Fatal Error] :1:1: Premature end of file.
2025-07-22 21:43:49,148 [ERROR] LogOutputStream:75 - [STDERR_REDIRECT] 
2025-07-22 21:43:50,151 [ERROR] LogOutputStream:75 - [STDERR_REDIRECT] [Fatal Error] :1:1: Premature end of file.
2025-07-22 21:43:50,151 [ERROR] LogOutputStream:75 - [STDERR_REDIRECT] 
2025-07-22 21:43:51,152 [ERROR] LogOutputStream:75 - [STDERR_REDIRECT] [Fatal Error] :1:1: Premature end of file.
2025-07-22 21:43:51,152 [ERROR] LogOutputStream:75 - [STDERR_REDIRECT] 
2025-07-22 21:43:52,146 [ERROR] LogOutputStream:75 - [STDERR_REDIRECT] [Fatal Error] :1:1: Premature end of file.
2025-07-22 21:43:52,146 [ERROR] LogOutputStream:75 - [STDERR_REDIRECT] 
2025-07-22 21:43:53,152 [ERROR] LogOutputStream:75 - [STDERR_REDIRECT] [Fatal Error] :1:1: Premature end of file.
2025-07-22 21:43:53,152 [ERROR] LogOutputStream:75 - [STDERR_REDIRECT] 
2025-07-22 21:43:54,148 [ERROR] LogOutputStream:75 - [STDERR_REDIRECT] [Fatal Error] :1:1: Premature end of file.
2025-07-22 21:43:54,148 [ERROR] LogOutputStream:75 - [STDERR_REDIRECT] 
2025-07-22 21:43:55,150 [ERROR] LogOutputStream:75 - [STDERR_REDIRECT] [Fatal Error] :1:1: Premature end of file.
2025-07-22 21:43:55,150 [ERROR] LogOutputStream:75 - [STDERR_REDIRECT] 
2025-07-22 21:43:56,150 [ERROR] LogOutputStream:75 - [STDERR_REDIRECT] [Fatal Error] :1:1: Premature end of file.
2025-07-22 21:43:56,150 [ERROR] LogOutputStream:75 - [STDERR_REDIRECT] 
2025-07-22 21:43:57,150 [ERROR] LogOutputStream:75 - [STDERR_REDIRECT] [Fatal Error] :1:1: Premature end of file.
2025-07-22 21:43:57,150 [ERROR] LogOutputStream:75 - [STDERR_REDIRECT] 
2025-07-22 21:43:58,149 [ERROR] LogOutputStream:75 - [STDERR_REDIRECT] [Fatal Error] :1:1: Premature end of file.
2025-07-22 21:43:58,149 [ERROR] LogOutputStream:75 - [STDERR_REDIRECT] 
2025-07-22 21:43:59,150 [ERROR] LogOutputStream:75 - [STDERR_REDIRECT] [Fatal Error] :1:1: Premature end of file.
2025-07-22 21:43:59,150 [ERROR] LogOutputStream:75 - [STDERR_REDIRECT] 
2025-07-22 21:44:00,149 [ERROR] LogOutputStream:75 - [STDERR_REDIRECT] [Fatal Error] :1:1: Premature end of file.
2025-07-22 21:44:00,149 [ERROR] LogOutputStream:75 - [STDERR_REDIRECT] 
2025-07-22 21:44:01,153 [ERROR] LogOutputStream:75 - [STDERR_REDIRECT] [Fatal Error] :1:1: Premature end of file.
2025-07-22 21:44:01,153 [ERROR] LogOutputStream:75 - [STDERR_REDIRECT] 
2025-07-22 21:44:02,151 [ERROR] LogOutputStream:75 - [STDERR_REDIRECT] [Fatal Error] :1:1: Premature end of file.
2025-07-22 21:44:02,151 [ERROR] LogOutputStream:75 - [STDERR_REDIRECT] 
2025-07-22 21:44:03,133 [ERROR] LogOutputStream:75 - [STDERR_REDIRECT] [Fatal Error] :1:1: Premature end of file.
2025-07-22 21:44:03,134 [ERROR] LogOutputStream:75 - [STDERR_REDIRECT] 
2025-07-22 21:44:04,146 [ERROR] LogOutputStream:75 - [STDERR_REDIRECT] [Fatal Error] :1:1: Premature end of file.
2025-07-22 21:44:04,146 [ERROR] LogOutputStream:75 - [STDERR_REDIRECT] 
2025-07-22 21:44:05,151 [ERROR] LogOutputStream:75 - [STDERR_REDIRECT] [Fatal Error] :1:1: Premature end of file.
2025-07-22 21:44:05,151 [ERROR] LogOutputStream:75 - [STDERR_REDIRECT] 
2025-07-22 21:44:06,151 [ERROR] LogOutputStream:75 - [STDERR_REDIRECT] [Fatal Error] :1:1: Premature end of file.
2025-07-22 21:44:06,152 [ERROR] LogOutputStream:75 - [STDERR_REDIRECT] 
2025-07-22 21:44:07,149 [ERROR] LogOutputStream:75 - [STDERR_REDIRECT] [Fatal Error] :1:1: Premature end of file.
2025-07-22 21:44:07,149 [ERROR] LogOutputStream:75 - [STDERR_REDIRECT] 
2025-07-22 21:44:08,151 [ERROR] LogOutputStream:75 - [STDERR_REDIRECT] [Fatal Error] :1:1: Premature end of file.
2025-07-22 21:44:08,151 [ERROR] LogOutputStream:75 - [STDERR_REDIRECT] 
2025-07-22 21:44:09,149 [ERROR] LogOutputStream:75 - [STDERR_REDIRECT] [Fatal Error] :1:1: Premature end of file.
2025-07-22 21:44:09,149 [ERROR] LogOutputStream:75 - [STDERR_REDIRECT] 
2025-07-22 21:44:10,152 [ERROR] LogOutputStream:75 - [STDERR_REDIRECT] [Fatal Error] :1:1: Premature end of file.
2025-07-22 21:44:10,152 [ERROR] LogOutputStream:75 - [STDERR_REDIRECT] 
2025-07-22 21:44:11,148 [ERROR] LogOutputStream:75 - [STDERR_REDIRECT] [Fatal Error] :1:1: Premature end of file.
2025-07-22 21:44:11,148 [ERROR] LogOutputStream:75 - [STDERR_REDIRECT] 
2025-07-22 21:44:12,149 [ERROR] LogOutputStream:75 - [STDERR_REDIRECT] [Fatal Error] :1:1: Premature end of file.
2025-07-22 21:44:12,149 [ERROR] LogOutputStream:75 - [STDERR_REDIRECT] 
2025-07-22 21:44:13,151 [ERROR] LogOutputStream:75 - [STDERR_REDIRECT] [Fatal Error] :1:1: Premature end of file.
2025-07-22 21:44:13,151 [ERROR] LogOutputStream:75 - [STDERR_REDIRECT] 
2025-07-22 21:44:14,150 [ERROR] LogOutputStream:75 - [STDERR_REDIRECT] [Fatal Error] :1:1: Premature end of file.
2025-07-22 21:44:14,150 [ERROR] LogOutputStream:75 - [STDERR_REDIRECT] 
2025-07-22 21:44:15,148 [ERROR] LogOutputStream:75 - [STDERR_REDIRECT] [Fatal Error] :1:1: Premature end of file.
2025-07-22 21:44:15,148 [ERROR] LogOutputStream:75 - [STDERR_REDIRECT] 
2025-07-22 21:44:16,141 [ERROR] LogOutputStream:75 - [STDERR_REDIRECT] [Fatal Error] :1:1: Premature end of file.
2025-07-22 21:44:16,141 [ERROR] LogOutputStream:75 - [STDERR_REDIRECT] 
2025-07-22 21:44:17,148 [ERROR] LogOutputStream:75 - [STDERR_REDIRECT] [Fatal Error] :1:1: Premature end of file.
2025-07-22 21:44:17,148 [ERROR] LogOutputStream:75 - [STDERR_REDIRECT] 
2025-07-22 21:44:18,163 [ERROR] LogOutputStream:75 - [STDERR_REDIRECT] [Fatal Error] :1:1: Premature end of file.
2025-07-22 21:44:18,163 [ERROR] LogOutputStream:75 - [STDERR_REDIRECT] 
2025-07-22 21:44:19,132 [ERROR] LogOutputStream:75 - [STDERR_REDIRECT] [Fatal Error] :1:1: Premature end of file.
2025-07-22 21:44:19,132 [ERROR] LogOutputStream:75 - [STDERR_REDIRECT] 
2025-07-22 21:44:20,147 [ERROR] LogOutputStream:75 - [STDERR_REDIRECT] [Fatal Error] :1:1: Premature end of file.
2025-07-22 21:44:20,147 [ERROR] LogOutputStream:75 - [STDERR_REDIRECT] 
2025-07-22 21:44:21,143 [ERROR] LogOutputStream:75 - [STDERR_REDIRECT] [Fatal Error] :1:1: Premature end of file.
2025-07-22 21:44:21,143 [ERROR] LogOutputStream:75 - [STDERR_REDIRECT] 
2025-07-22 21:44:22,144 [ERROR] LogOutputStream:75 - [STDERR_REDIRECT] [Fatal Error] :1:1: Premature end of file.
2025-07-22 21:44:22,144 [ERROR] LogOutputStream:75 - [STDERR_REDIRECT] 
2025-07-22 21:44:23,138 [ERROR] LogOutputStream:75 - [STDERR_REDIRECT] [Fatal Error] :1:1: Premature end of file.
2025-07-22 21:44:23,138 [ERROR] LogOutputStream:75 - [STDERR_REDIRECT] 
2025-07-22 21:44:24,135 [ERROR] LogOutputStream:75 - [STDERR_REDIRECT] [Fatal Error] :1:1: Premature end of file.
2025-07-22 21:44:24,135 [ERROR] LogOutputStream:75 - [STDERR_REDIRECT] 
2025-07-22 21:44:25,136 [ERROR] LogOutputStream:75 - [STDERR_REDIRECT] [Fatal Error] :1:1: Premature end of file.
2025-07-22 21:44:25,136 [ERROR] LogOutputStream:75 - [STDERR_REDIRECT] 
2025-07-22 21:44:26,145 [ERROR] LogOutputStream:75 - [STDERR_REDIRECT] [Fatal Error] :1:1: Premature end of file.
2025-07-22 21:44:26,145 [ERROR] LogOutputStream:75 - [STDERR_REDIRECT] 
2025-07-22 21:44:27,150 [ERROR] LogOutputStream:75 - [STDERR_REDIRECT] [Fatal Error] :1:1: Premature end of file.
2025-07-22 21:44:27,151 [ERROR] LogOutputStream:75 - [STDERR_REDIRECT] 
2025-07-22 21:44:28,135 [ERROR] LogOutputStream:75 - [STDERR_REDIRECT] [Fatal Error] :1:1: Premature end of file.
2025-07-22 21:44:28,135 [ERROR] LogOutputStream:75 - [STDERR_REDIRECT] 
2025-07-22 21:44:29,143 [ERROR] LogOutputStream:75 - [STDERR_REDIRECT] [Fatal Error] :1:1: Premature end of file.
2025-07-22 21:44:29,144 [ERROR] LogOutputStream:75 - [STDERR_REDIRECT] 
2025-07-22 21:44:30,137 [ERROR] LogOutputStream:75 - [STDERR_REDIRECT] [Fatal Error] :1:1: Premature end of file.
2025-07-22 21:44:30,137 [ERROR] LogOutputStream:75 - [STDERR_REDIRECT] 
2025-07-22 21:44:31,145 [ERROR] LogOutputStream:75 - [STDERR_REDIRECT] [Fatal Error] :1:1: Premature end of file.
2025-07-22 21:44:31,145 [ERROR] LogOutputStream:75 - [STDERR_REDIRECT] 
2025-07-22 21:44:32,144 [ERROR] LogOutputStream:75 - [STDERR_REDIRECT] [Fatal Error] :1:1: Premature end of file.
2025-07-22 21:44:32,144 [ERROR] LogOutputStream:75 - [STDERR_REDIRECT] 
2025-07-22 21:44:33,149 [ERROR] LogOutputStream:75 - [STDERR_REDIRECT] [Fatal Error] :1:1: Premature end of file.
2025-07-22 21:44:33,149 [ERROR] LogOutputStream:75 - [STDERR_REDIRECT] 
2025-07-22 21:44:34,151 [ERROR] LogOutputStream:75 - [STDERR_REDIRECT] [Fatal Error] :1:1: Premature end of file.
2025-07-22 21:44:34,151 [ERROR] LogOutputStream:75 - [STDERR_REDIRECT] 
2025-07-22 21:44:35,137 [ERROR] LogOutputStream:75 - [STDERR_REDIRECT] [Fatal Error] :1:1: Premature end of file.
2025-07-22 21:44:35,137 [ERROR] LogOutputStream:75 - [STDERR_REDIRECT] 
2025-07-22 21:44:36,137 [ERROR] LogOutputStream:75 - [STDERR_REDIRECT] [Fatal Error] :1:1: Premature end of file.
2025-07-22 21:44:36,137 [ERROR] LogOutputStream:75 - [STDERR_REDIRECT] 
2025-07-22 21:44:37,150 [ERROR] LogOutputStream:75 - [STDERR_REDIRECT] [Fatal Error] :1:1: Premature end of file.
2025-07-22 21:44:37,150 [ERROR] LogOutputStream:75 - [STDERR_REDIRECT] 
2025-07-22 21:44:38,148 [ERROR] LogOutputStream:75 - [STDERR_REDIRECT] [Fatal Error] :1:1: Premature end of file.
2025-07-22 21:44:38,148 [ERROR] LogOutputStream:75 - [STDERR_REDIRECT] 
2025-07-22 21:44:39,143 [ERROR] LogOutputStream:75 - [STDERR_REDIRECT] [Fatal Error] :1:1: Premature end of file.
2025-07-22 21:44:39,143 [ERROR] LogOutputStream:75 - [STDERR_REDIRECT] 
2025-07-22 21:44:40,134 [ERROR] LogOutputStream:75 - [STDERR_REDIRECT] [Fatal Error] :1:1: Premature end of file.
2025-07-22 21:44:40,134 [ERROR] LogOutputStream:75 - [STDERR_REDIRECT] 
2025-07-22 21:44:41,150 [ERROR] LogOutputStream:75 - [STDERR_REDIRECT] [Fatal Error] :1:1: Premature end of file.
2025-07-22 21:44:41,150 [ERROR] LogOutputStream:75 - [STDERR_REDIRECT] 
2025-07-22 21:44:42,141 [ERROR] LogOutputStream:75 - [STDERR_REDIRECT] [Fatal Error] :1:1: Premature end of file.
2025-07-22 21:44:42,141 [ERROR] LogOutputStream:75 - [STDERR_REDIRECT] 
2025-07-22 21:44:43,148 [ERROR] LogOutputStream:75 - [STDERR_REDIRECT] [Fatal Error] :1:1: Premature end of file.
2025-07-22 21:44:43,148 [ERROR] LogOutputStream:75 - [STDERR_REDIRECT] 
2025-07-22 21:44:44,132 [ERROR] LogOutputStream:75 - [STDERR_REDIRECT] [Fatal Error] :1:1: Premature end of file.
2025-07-22 21:44:44,133 [ERROR] LogOutputStream:75 - [STDERR_REDIRECT] 
2025-07-22 21:44:45,143 [ERROR] LogOutputStream:75 - [STDERR_REDIRECT] [Fatal Error] :1:1: Premature end of file.
2025-07-22 21:44:45,143 [ERROR] LogOutputStream:75 - [STDERR_REDIRECT] 
2025-07-22 21:44:46,151 [ERROR] LogOutputStream:75 - [STDERR_REDIRECT] [Fatal Error] :1:1: Premature end of file.
2025-07-22 21:44:46,151 [ERROR] LogOutputStream:75 - [STDERR_REDIRECT] 
2025-07-22 21:44:47,150 [ERROR] LogOutputStream:75 - [STDERR_REDIRECT] [Fatal Error] :1:1: Premature end of file.
2025-07-22 21:44:47,150 [ERROR] LogOutputStream:75 - [STDERR_REDIRECT] 
2025-07-22 21:44:48,133 [ERROR] LogOutputStream:75 - [STDERR_REDIRECT] [Fatal Error] :1:1: Premature end of file.
2025-07-22 21:44:48,133 [ERROR] LogOutputStream:75 - [STDERR_REDIRECT] 
2025-07-22 21:44:49,152 [ERROR] LogOutputStream:75 - [STDERR_REDIRECT] [Fatal Error] :1:1: Premature end of file.
2025-07-22 21:44:49,152 [ERROR] LogOutputStream:75 - [STDERR_REDIRECT] 
2025-07-22 21:44:50,134 [ERROR] LogOutputStream:75 - [STDERR_REDIRECT] [Fatal Error] :1:1: Premature end of file.
2025-07-22 21:44:50,134 [ERROR] LogOutputStream:75 - [STDERR_REDIRECT] 
2025-07-22 21:44:51,145 [ERROR] LogOutputStream:75 - [STDERR_REDIRECT] [Fatal Error] :1:1: Premature end of file.
2025-07-22 21:44:51,145 [ERROR] LogOutputStream:75 - [STDERR_REDIRECT] 
2025-07-22 21:44:52,147 [ERROR] LogOutputStream:75 - [STDERR_REDIRECT] [Fatal Error] :1:1: Premature end of file.
2025-07-22 21:44:52,147 [ERROR] LogOutputStream:75 - [STDERR_REDIRECT] 
2025-07-22 21:44:53,158 [ERROR] LogOutputStream:75 - [STDERR_REDIRECT] [Fatal Error] :1:1: Premature end of file.
2025-07-22 21:44:53,158 [ERROR] LogOutputStream:75 - [STDERR_REDIRECT] 
2025-07-22 21:44:54,156 [ERROR] LogOutputStream:75 - [STDERR_REDIRECT] [Fatal Error] :1:1: Premature end of file.
2025-07-22 21:44:54,156 [ERROR] LogOutputStream:75 - [STDERR_REDIRECT] 
2025-07-22 21:44:55,157 [ERROR] LogOutputStream:75 - [STDERR_REDIRECT] [Fatal Error] :1:1: Premature end of file.
2025-07-22 21:44:55,157 [ERROR] LogOutputStream:75 - [STDERR_REDIRECT] 
2025-07-22 21:44:56,156 [ERROR] LogOutputStream:75 - [STDERR_REDIRECT] [Fatal Error] :1:1: Premature end of file.
2025-07-22 21:44:56,157 [ERROR] LogOutputStream:75 - [STDERR_REDIRECT] 
2025-07-22 21:44:57,167 [ERROR] LogOutputStream:75 - [STDERR_REDIRECT] [Fatal Error] :1:1: Premature end of file.
2025-07-22 21:44:57,167 [ERROR] LogOutputStream:75 - [STDERR_REDIRECT] 
2025-07-22 21:44:58,146 [ERROR] LogOutputStream:75 - [STDERR_REDIRECT] [Fatal Error] :1:1: Premature end of file.
2025-07-22 21:44:58,146 [ERROR] LogOutputStream:75 - [STDERR_REDIRECT] 
2025-07-22 21:44:59,156 [ERROR] LogOutputStream:75 - [STDERR_REDIRECT] [Fatal Error] :1:1: Premature end of file.
2025-07-22 21:44:59,156 [ERROR] LogOutputStream:75 - [STDERR_REDIRECT] 
2025-07-22 21:45:00,141 [ERROR] LogOutputStream:75 - [STDERR_REDIRECT] [Fatal Error] :1:1: Premature end of file.
2025-07-22 21:45:00,148 [ERROR] LogOutputStream:75 - [STDERR_REDIRECT] 
2025-07-22 21:45:01,141 [ERROR] LogOutputStream:75 - [STDERR_REDIRECT] [Fatal Error] :1:1: Premature end of file.
2025-07-22 21:45:01,141 [ERROR] LogOutputStream:75 - [STDERR_REDIRECT] 
2025-07-22 21:45:02,136 [ERROR] LogOutputStream:75 - [STDERR_REDIRECT] [Fatal Error] :1:1: Premature end of file.
2025-07-22 21:45:02,136 [ERROR] LogOutputStream:75 - [STDERR_REDIRECT] 
2025-07-22 21:45:03,164 [ERROR] LogOutputStream:75 - [STDERR_REDIRECT] [Fatal Error] :1:1: Premature end of file.
2025-07-22 21:45:03,164 [ERROR] LogOutputStream:75 - [STDERR_REDIRECT] 
2025-07-22 21:45:04,152 [ERROR] LogOutputStream:75 - [STDERR_REDIRECT] [Fatal Error] :1:1: Premature end of file.
2025-07-22 21:45:04,152 [ERROR] LogOutputStream:75 - [STDERR_REDIRECT] 
2025-07-22 21:45:05,154 [ERROR] LogOutputStream:75 - [STDERR_REDIRECT] [Fatal Error] :1:1: Premature end of file.
2025-07-22 21:45:05,154 [ERROR] LogOutputStream:75 - [STDERR_REDIRECT] 
2025-07-22 21:45:06,161 [ERROR] LogOutputStream:75 - [STDERR_REDIRECT] [Fatal Error] :1:1: Premature end of file.
2025-07-22 21:45:06,161 [ERROR] LogOutputStream:75 - [STDERR_REDIRECT] 
2025-07-22 21:45:07,158 [ERROR] LogOutputStream:75 - [STDERR_REDIRECT] [Fatal Error] :1:1: Premature end of file.
2025-07-22 21:45:07,158 [ERROR] LogOutputStream:75 - [STDERR_REDIRECT] 
2025-07-22 21:45:08,158 [ERROR] LogOutputStream:75 - [STDERR_REDIRECT] [Fatal Error] :1:1: Premature end of file.
2025-07-22 21:45:08,158 [ERROR] LogOutputStream:75 - [STDERR_REDIRECT] 
2025-07-22 21:45:09,167 [ERROR] LogOutputStream:75 - [STDERR_REDIRECT] [Fatal Error] :1:1: Premature end of file.
2025-07-22 21:45:09,167 [ERROR] LogOutputStream:75 - [STDERR_REDIRECT] 
2025-07-22 21:45:10,162 [ERROR] LogOutputStream:75 - [STDERR_REDIRECT] [Fatal Error] :1:1: Premature end of file.
2025-07-22 21:45:10,164 [ERROR] LogOutputStream:75 - [STDERR_REDIRECT] 
2025-07-22 21:45:11,159 [ERROR] LogOutputStream:75 - [STDERR_REDIRECT] [Fatal Error] :1:1: Premature end of file.
2025-07-22 21:45:11,159 [ERROR] LogOutputStream:75 - [STDERR_REDIRECT] 
2025-07-22 21:45:12,157 [ERROR] LogOutputStream:75 - [STDERR_REDIRECT] [Fatal Error] :1:1: Premature end of file.
2025-07-22 21:45:12,157 [ERROR] LogOutputStream:75 - [STDERR_REDIRECT] 
2025-07-22 21:45:13,163 [ERROR] LogOutputStream:75 - [STDERR_REDIRECT] [Fatal Error] :1:1: Premature end of file.
2025-07-22 21:45:13,163 [ERROR] LogOutputStream:75 - [STDERR_REDIRECT] 
2025-07-22 21:45:14,124 [ERROR] LogOutputStream:75 - [STDERR_REDIRECT] [Fatal Error] :1:1: Premature end of file.
2025-07-22 21:45:14,124 [ERROR] LogOutputStream:75 - [STDERR_REDIRECT] 
2025-07-22 21:45:15,148 [ERROR] LogOutputStream:75 - [STDERR_REDIRECT] [Fatal Error] :1:1: Premature end of file.
2025-07-22 21:45:15,148 [ERROR] LogOutputStream:75 - [STDERR_REDIRECT] 
2025-07-22 21:45:16,157 [ERROR] LogOutputStream:75 - [STDERR_REDIRECT] [Fatal Error] :1:1: Premature end of file.
2025-07-22 21:45:16,157 [ERROR] LogOutputStream:75 - [STDERR_REDIRECT] 
2025-07-22 21:45:17,152 [ERROR] LogOutputStream:75 - [STDERR_REDIRECT] [Fatal Error] :1:1: Premature end of file.
2025-07-22 21:45:17,152 [ERROR] LogOutputStream:75 - [STDERR_REDIRECT] 
2025-07-22 21:45:18,141 [ERROR] LogOutputStream:75 - [STDERR_REDIRECT] [Fatal Error] :1:1: Premature end of file.
2025-07-22 21:45:18,141 [ERROR] LogOutputStream:75 - [STDERR_REDIRECT] 
2025-07-22 21:45:19,145 [ERROR] LogOutputStream:75 - [STDERR_REDIRECT] [Fatal Error] :1:1: Premature end of file.
2025-07-22 21:45:19,145 [ERROR] LogOutputStream:75 - [STDERR_REDIRECT] 
2025-07-22 21:45:20,157 [ERROR] LogOutputStream:75 - [STDERR_REDIRECT] [Fatal Error] :1:1: Premature end of file.
2025-07-22 21:45:20,157 [ERROR] LogOutputStream:75 - [STDERR_REDIRECT] 
2025-07-22 21:45:21,146 [ERROR] LogOutputStream:75 - [STDERR_REDIRECT] [Fatal Error] :1:1: Premature end of file.
2025-07-22 21:45:21,146 [ERROR] LogOutputStream:75 - [STDERR_REDIRECT] 
2025-07-22 21:45:22,146 [ERROR] LogOutputStream:75 - [STDERR_REDIRECT] [Fatal Error] :1:1: Premature end of file.
2025-07-22 21:45:22,146 [ERROR] LogOutputStream:75 - [STDERR_REDIRECT] 
